datasheet_id|name|line|line_in_wargear|dice|name|description|range|type|A|BS_WS|S|AP|D
2480|Aestred Thurga|1|1||Bolt pistol|Pistol|12|Ranged|1|3|4|0|1
2480|Aestred Thurga|2|1||Blade of Vigil||Melee|Melee|4|2|5|-2|2
2480|Aestred Thurga|3|1||Scribe's staff||Melee|Melee|3|4|4|0|1
896|Arco-Flagellants|1|1||Arco-flails|Sustained Hits 1|Melee|Melee|4|4|5|0|1
903|Battle Sister|1|1||Artificer-crafted storm bolter|Rapid Fire 2|24|Ranged|2|3|4|0|2
903|Battle Sister|2|1||Bolt pistol|Pistol|12|Ranged|1|3|4|0|1
903|Battle Sister|3|1||Boltgun|Rapid Fire 1|24|Ranged|1|3|4|0|1
903|Battle Sister|4|1||Combi-weapon|Anti-Infantry 4+, Devastating Wounds, Rapid Fire 1|24|Ranged|1|4|4|0|1
903|Battle Sister|5|1||Condemnor boltgun|Anti-Psyker 2+, Devastating Wounds, Precision, Rapid Fire 1|24|Ranged|1|3|4|0|1
903|Battle Sister|6|1||Heavy bolter|Heavy, Sustained Hits 1|36|Ranged|3|4|5|-1|2
903|Battle Sister|7|1||Inferno pistol|Melta 2, Pistol|6|Ranged|1|3|8|-4|D3
903|Battle Sister|8|1||Meltagun|Melta 2|12|Ranged|1|3|9|-4|D6
903|Battle Sister|9|1||Ministorum flamer|Ignores Cover, Torrent|12|Ranged|D6|-|5|0|1
903|Battle Sister|10|1||Ministorum hand flamer|Ignores Cover, Pistol, Torrent|12|Ranged|D6|-|4|0|1
903|Battle Sister|11|1||Ministorum heavy flamer|Ignores Cover, Torrent|12|Ranged|D6|-|6|-1|1
903|Battle Sister|12|1||Multi-melta|Heavy, Melta 2|18|Ranged|2|4|9|-4|D6
903|Battle Sister|13|1||Plasma pistol - standard|Pistol|12|Ranged|1|3|7|-2|1
903|Battle Sister|14|2||Plasma pistol - supercharge|Hazardous, Pistol|12|Ranged|1|3|8|-3|2
903|Battle Sister|15|1||Chainsword||Melee|Melee|3|4|3|0|1
903|Battle Sister|16|1||Close combat weapon||Melee|Melee|1|4|3|0|1
903|Battle Sister|17|1||Power weapon||Melee|Melee|2|4|4|-2|1
3714|Canoness|1|1||Bolt Pistol|Pistol|12|Ranged|1|2|4|0|1
3714|Canoness|2|1||Brazier of Holy Fire|Ignores Cover, One Shot, Torrent|12|Ranged|D6|-|6|-1|2
3714|Canoness|3|1||Condemnor boltgun|Anti-Psyker 2+, Devastating Wounds, Precision, Rapid Fire 1|24|Ranged|1|2|4|0|1
3714|Canoness|4|1||Inferno Pistol|Melta 2, Pistol|6|Ranged|1|2|8|-4|D3
3714|Canoness|5|1||Plasma pistol - standard|Pistol|12|Ranged|1|2|7|-2|1
3714|Canoness|6|2||Plasma pistol - supercharge|Hazardous, Pistol|12|Ranged|1|2|8|-3|2
3714|Canoness|7|1||Blessed blade|Lethal Hits|Melee|Melee|4|2|6|-2|2
3714|Canoness|8|1||Hallowed Chainsword||Melee|Melee|5|2|3|-1|1
3714|Canoness|9|1||Power weapon||Melee|Melee|4|2|4|-2|2
189375|Canoness with Jump Pack|1|1||Ministorum hand flamer|Ignores Cover, Pistol, Torrent|12|Ranged|D6|-|4|0|1
189375|Canoness with Jump Pack|2|1||Blessed Halberd||Melee|Melee|5|2|5|-2|2
189375|Canoness with Jump Pack|3|1||Holy Eviscerator|Sustained Hits 1|Melee|Melee|3|2|6|-2|2
189375|Canoness with Jump Pack|4|1||Power weapon||Melee|Melee|4|2|4|-2|2
2484|Castigator|1|1||Castigator autocannons|Twin-Linked, Rapid Fire 4|48|Ranged|4|3|9|-1|3
2484|Castigator|2|1||Castigator battle cannon|Blast, Ignores Cover|48|Ranged|D6+3|3|10|-1|3
2484|Castigator|3|1||Heavy bolter|Sustained Hits 1|36|Ranged|3|3|5|-1|2
2484|Castigator|4|1||Hunter-killer missile|One Shot|48|Ranged|1|2|14|-3|D6
2484|Castigator|5|1||Storm bolter|Rapid Fire 2|24|Ranged|2|3|4|0|1
2484|Castigator|6|1||Armoured tracks||Melee|Melee|3|4|6|0|1
4189|Celestian Insidiants|1|1||Condemnor bolt pistol|Anti-PSYKER 4+, Devastating Wounds, Pistol|12|Ranged|1|3|4|0|1
4189|Celestian Insidiants|2|1||Inferno pistol|Melta 2, Pistol|6|Ranged|1|3|8|-4|D3
4189|Celestian Insidiants|3|1||Ministorum hand flamer|Ignores Cover, Pistol, Torrent|12|Ranged|D6|-|4|0|1
4189|Celestian Insidiants|4|1||Blessed sword|Lethal Hits|Melee|Melee|3|3|4|-2|2
4189|Celestian Insidiants|5|1||Null mace|Anti-PSYKER 4+, Devastating Wounds|Melee|Melee|3|3|4|-1|1
4189|Celestian Insidiants|6|1||Virge of Admonition|Anti-PSYKER 4+, Devastating Wounds|Melee|Melee|3|4|6|-2|3
3811|Celestian Sacresant Aveline|1|1||Ministorum hand flamer|Ignores Cover, Pistol, Torrent|12|Ranged|D6|-|4|0|1
3811|Celestian Sacresant Aveline|2|1||The Thorn of the White Rose||Melee|Melee|4|3|5|-2|2
2481|Celestian Sacresant|1|1||Bolt pistol|Pistol|12|Ranged|1|3|4|0|1
2481|Celestian Sacresant|2|1||Inferno pistol|Melta 2, Pistol|6|Ranged|1|3|8|-4|D3
2481|Celestian Sacresant|3|1||Ministorum hand flamer|Ignores Cover, Pistol, Torrent|12|Ranged|D6|-|4|0|1
2481|Celestian Sacresant|4|1||Plasma pistol - standard|Pistol|12|Ranged|1|3|7|-2|1
2481|Celestian Sacresant|5|2||Plasma pistol - supercharge|Hazardous, Pistol|12|Ranged|1|3|8|-3|2
2481|Celestian Sacresant|6|1||Anointed Halberd|Sustained Hits 1|Melee|Melee|3|3|5|-2|1
2481|Celestian Sacresant|7|1||Hallowed Mace|Lethal Hits|Melee|Melee|3|3|4|-1|2
2481|Celestian Sacresant|8|1||Spear of the Faithful||Melee|Melee|3|3|5|-2|2
894|Crusader|1|1||Power Weapon||Melee|Melee|3|3|4|-2|2
2771|Ephrael Stern|1|1||Bolt pistol|Pistol|12|Ranged|1|3|4|0|1
2771|Ephrael Stern|2|1||Sanctity|Anti-Chaos 2+, Precision|Melee|Melee|4|2|6|-2|2
2771|Ephrael Stern|3|1||The Outcast's Blades|Precision|Melee|Melee|6|2|4|-2|1
895|Death Cult Assassin|1|1||Death Cult power blades|Precision|Melee|Melee|4|2|4|-2|1
902|Dialogus|1|1||Bolt pistol|Pistol|12|Ranged|1|3|4|0|1
902|Dialogus|2|1||Dialogus staff||Melee|Melee|3|4|4|0|1
2482|Dogmata|1|1||Bolt pistol|Pistol|12|Ranged|1|3|4|0|1
2482|Dogmata|2|1||Mace of the Righteous||Melee|Melee|4|3|5|-2|2
909|Dominion Superior|1|1||Artificer-crafted storm bolter|Rapid Fire 2, Assault|24|Ranged|2|3|4|0|2
909|Dominion Superior|2|1||Bolt pistol|Pistol|12|Ranged|1|3|4|0|1
909|Dominion Superior|3|1||Boltgun|Rapid Fire 1|24|Ranged|1|3|4|0|1
909|Dominion Superior|4|1||Combi-weapon|Anti-Infantry 4+, Devastating Wounds, Rapid Fire 1|24|Ranged|1|4|4|0|1
909|Dominion Superior|5|1||Condemnor boltgun|Anti-Psyker 2+, Devastating Wounds, Precision, Rapid Fire 1|24|Ranged|1|3|4|0|1
909|Dominion Superior|6|1||Inferno pistol|Melta 2, Pistol|6|Ranged|1|3|8|-4|D3
909|Dominion Superior|7|1||Meltagun|Melta 2, Assault|12|Ranged|1|3|9|-4|D6
909|Dominion Superior|8|1||Ministorum flamer|Assault, Ignores Cover, Torrent|12|Ranged|D6|-|5|0|1
909|Dominion Superior|9|1||Ministorum hand flamer|Ignores Cover, Pistol, Torrent|12|Ranged|D6|-|4|0|1
909|Dominion Superior|10|1||Plasma pistol - standard|Pistol|12|Ranged|1|3|7|-2|1
909|Dominion Superior|11|2||Plasma pistol - supercharge|Hazardous, Pistol|12|Ranged|1|3|8|-3|2
909|Dominion Superior|12|1||Chainsword||Melee|Melee|3|4|3|0|1
909|Dominion Superior|13|1||Close combat weapon||Melee|Melee|1|4|3|0|1
909|Dominion Superior|14|1||Power weapon||Melee|Melee|2|4|4|-2|1
912|Exorcist|1|1||Exorcist Conflagration Rockets|Blast, Ignores Cover, Indirect Fire|36|Ranged|3D6|3|6|-1|1
912|Exorcist|2|1||Exorcist Missile Launcher|Indirect Fire|36|Ranged|D6+2|3|10|-3|D6
912|Exorcist|3|1||Heavy Bolter|Sustained Hits 1|36|Ranged|3|3|5|-1|2
912|Exorcist|4|1||Hunter-killer missile|One Shot|48|Ranged|1|2|14|-3|D6
912|Exorcist|5|1||Armoured tracks||Melee|Melee|3|4|6|0|1
901|Hospitaller|1|1||Bolt pistol|Pistol|12|Ranged|1|3|4|0|1
901|Hospitaller|2|1||Chirugeon's tools||Melee|Melee|3|4|3|0|1
900|Imagifier|1|1||Bolt pistol|Pistol|12|Ranged|1|3|4|0|1
900|Imagifier|2|1||Boltgun|Rapid Fire 1|24|Ranged|1|3|4|0|1
900|Imagifier|3|1||Close combat weapon||Melee|Melee|3|4|3|0|1
911|Immolator|1|1||Heavy Bolter|Sustained Hits 1|36|Ranged|3|3|5|-1|2
911|Immolator|2|1||Hunter-killer missile|One Shot|48|Ranged|1|2|14|-3|D6
911|Immolator|3|1||Immolation Flamers|Ignores Cover, Torrent|18|Ranged|2D6|-|6|-1|1
911|Immolator|4|1||Twin Heavy Bolter|Sustained Hits 2, Twin-Linked|36|Ranged|3|3|5|-1|2
911|Immolator|5|1||Twin Multi-melta|Melta 2, Twin-Linked|18|Ranged|2|3|9|-4|D6
911|Immolator|6|1||Armoured tracks||Melee|Melee|3|4|6|0|1
4215|Intranzia Fraye|1|1||Heavy bolter|Sustained Hits 1|36|Ranged|3|2|5|-1|2
4215|Intranzia Fraye|2|1||Melta missile array|Melta 2|24|Ranged|2|2|9|-2|D3
4215|Intranzia Fraye|3|1||Ministorum heavy flamer|Ignores Cover, Torrent|12|Ranged|D6|-|6|-1|1
4215|Intranzia Fraye|4|1||Mace of Saint Praxedes|Sustained Hits 1|Melee|Melee|4|2|6|-2|2
4215|Intranzia Fraye|5|1||Throne of Blame|Extra Attacks|Melee|Melee|4|4|6|0|1
2064|Junith Eruita|1|1||Twin Ministorum Heavy Flamer|Ignores Cover, Torrent, Twin-Linked|12|Ranged|D6|-|6|-1|1
2064|Junith Eruita|2|1||Mace of Castigation||Melee|Melee|4|2|6|-2|2
908795|Ministorum Priest|1|1||Holy Pistol|Pistol|12|Ranged|3|4|4|0|1
908795|Ministorum Priest|2|1||Zealot's vindictor|Ignores Cover, Torrent|12|Ranged|D6|-|5|0|1
908795|Ministorum Priest|3|1||Power weapon||Melee|Melee|3|3|4|-2|1
908795|Ministorum Priest|4|2||Zealot's vindictor||Melee|Melee|3|4|5|-1|2
2067|Mortifier|1|1||Heavy Bolter|Sustained Hits 1|36|Ranged|3|3|5|-1|2
2067|Mortifier|2|1||Mortifier flamer|Ignores Cover, Torrent, Twin-Linked|12|Ranged|D6|n/a|5|0|1
2067|Mortifier|3|1||Penitent Buzz-Blade|Sustained Hits 1|Melee|Melee|4|3|10|-3|2
2067|Mortifier|4|1||Penitent Flail|Sustained Hits 1|Melee|Melee|8|3|5|-1|1
2067|Mortifier|5|1||Twin Penitent Buzz-Blades|Sustained Hits 1,Twin-Linked|Melee|Melee|4|3|10|-3|2
2067|Mortifier|6|1||Twin Penitent Flails|Sustained Hits 1, Twin-Linked|Melee|Melee|8|3|5|-1|1
2479|Morvenn Vahl|1|1||Fidelis|Sustained Hits 1|36|Ranged|3|2|6|-1|2
2479|Morvenn Vahl|2|1||Paragon missile launcher - prioris||36|Ranged|2|2|9|-2|D6
2479|Morvenn Vahl|3|2||Paragon missile launcher - sanctorum|Blast|36|Ranged|2D6|2|4|0|1
2479|Morvenn Vahl|4|1||Lance of Illumination - strike|Devastating Wounds|Melee|Melee|5|2|8|-2|3
2479|Morvenn Vahl|5|2||Lance of Illumination - sweep|Devastating Wounds|Melee|Melee|10|2|5|-1|1
2472|Palatine|1|1||Bolt pistol|Pistol|12|Ranged|1|3|4|0|1
2472|Palatine|2|1||Plasma pistol - standard|Pistol|12|Ranged|1|2|7|-2|1
2472|Palatine|3|2||Plasma pistol - supercharge|Hazardous, Pistol|12|Ranged|1|2|8|-3|2
2472|Palatine|4|1||Palatine blade||Melee|Melee|4|2|4|-2|2
2483|Paragon Warsuit|1|1||Bolt pistol|Pistol|12|Ranged|1|3|4|0|1
2483|Paragon Warsuit|2|1||Heavy Bolter|Sustained Hits 1|36|Ranged|3|3|5|-1|2
2483|Paragon Warsuit|3|1||Ministorum heavy flamer|Ignores Cover, Torrent|12|Ranged|D6|-|6|-1|1
2483|Paragon Warsuit|4|1||Multi-melta|Melta 2|18|Ranged|2|3|9|-4|D6
2483|Paragon Warsuit|5|1||Paragon Grenade Launchers|Twin-Linked|24|Ranged|1|3|9|-2|D3
2483|Paragon Warsuit|6|1||Paragon Storm Bolters|Rapid Fire 2, Twin-Linked|24|Ranged|2|3|4|0|1
2483|Paragon Warsuit|7|1||Paragon War Blade||Melee|Melee|4|3|8|-2|2
2483|Paragon Warsuit|8|1||Paragon War Mace||Melee|Melee|3|3|12|-1|3
897|Penitent Engine|1|1||Penitent Flamers|Assault, Ignores Cover, Torrent, Twin-Linked|12|Ranged|2D6|-|5|0|1
897|Penitent Engine|2|1||Penitent Buzz-Blade|Sustained Hits 1|Melee|Melee|4|4|10|-3|2
897|Penitent Engine|3|1||Penitent Flail|Sustained Hits 1|Melee|Melee|8|4|5|-1|1
897|Penitent Engine|4|1||Twin Penitent Buzz-Blades|Sustained Hits 1, Twin-Linked|Melee|Melee|4|4|10|-3|2
897|Penitent Engine|5|1||Twin Penitent Flails|Sustained Hits 1, Twin-Linked|Melee|Melee|8|4|5|-1|1
907|Sister Repentia|1|1||Bolt pistol|Pistol|12|Ranged|1|3|4|0|1
907|Sister Repentia|2|1||Neural Whips|Anti-Infantry 4+|Melee|Melee|4|3|3|-1|1
907|Sister Repentia|3|1||Penitent Eviscerator|Sustained Hits 1|Melee|Melee|2|4|6|-2|2
1199|Repressor|1|1||Heavy flamer|Ignores Cover, Torrent|12|Ranged|D6|-|6|-1|1
1199|Repressor|2|1||Hunter-killer missile|One Shot|48|Ranged|1|2|14|-3|D6
1199|Repressor|3|1||Repressor twin heavy flamer|Ignores Cover, Torrent, Twin-Linked|12|Ranged|D6|-|6|-1|1
1199|Repressor|4|1||Storm bolter|Rapid Fire 2|24|Ranged|2|3|4|0|1
1199|Repressor|5|1||Dozer Ram||Melee|Melee|3|4|7|0|1
908|Retributor Superior|1|1||Bolt pistol|Pistol|12|Ranged|1|3|4|0|1
908|Retributor Superior|2|1||Boltgun|Rapid Fire 1|24|Ranged|1|3|4|0|1
908|Retributor Superior|3|1||Combi-weapon|Anti-Infantry 4+, Devastating Wounds, Rapid Fire 1|24|Ranged|1|4|4|0|1
908|Retributor Superior|4|1||Condemnor boltgun|Anti-Psyker 2+, Devastating Wounds, Precision, Rapid Fire 1|24|Ranged|1|3|4|0|1
908|Retributor Superior|5|1||Heavy bolter|Heavy, Sustained Hits 1|36|Ranged|3|4|5|-1|2
908|Retributor Superior|6|1||Inferno pistol|Melta 2, Pistol|6|Ranged|1|3|8|-4|D3
908|Retributor Superior|7|1||Ministorum hand flamer|Ignores Cover, Pistol, Torrent|12|Ranged|D6|-|4|0|1
908|Retributor Superior|8|1||Ministorum heavy flamer|Ignores Cover, Torrent|12|Ranged|D6|-|6|-1|1
908|Retributor Superior|9|1||Multi-melta|Heavy, Melta 2|18|Ranged|2|4|9|-4|D6
908|Retributor Superior|10|1||Plasma pistol - standard|Pistol|12|Ranged|1|3|7|-2|1
908|Retributor Superior|11|2||Plasma pistol - supercharge|Hazardous, Pistol|12|Ranged|1|3|8|-3|2
908|Retributor Superior|12|1||Chainsword||Melee|Melee|3|4|3|0|1
908|Retributor Superior|13|1||Close combat weapon||Melee|Melee|1|4|3|0|1
908|Retributor Superior|14|1||Power weapon||Melee|Melee|2|4|4|-2|1
898|Saint Celestine|1|1||Bolt Pistol|Pistol|12|Ranged|1|3|4|0|1
898|Saint Celestine|2|1||The Ardent Blade|Ignores Cover, Torrent|12|Ranged|D6|-|6|-2|1
898|Saint Celestine|3|1||Power Weapon||Melee|Melee|4|3|4|-2|1
898|Saint Celestine|4|2||The Ardent Blade|Devastating Wounds|Melee|Melee|5|2|6|-3|2
4075|Sanctifiers|1|1||Holy fire|Ignores Cover, One Shot, Torrent|12|Ranged|D6|-|6|-1|2
4075|Sanctifiers|2|1||Meltagun|Melta 2|12|Ranged|1|4|9|-4|D6
4075|Sanctifiers|3|1||Ministorum flamer|Ignores Cover, Torrent|12|Ranged|D6|-|5|0|1
4075|Sanctifiers|4|1||Ministorum hand flamer|Ignores Cover, Pistol, Torrent|12|Ranged|D6|-|4|0|1
4075|Sanctifiers|5|1||Plasma gun - standard|Rapid Fire 1|24|Ranged|1|3|7|-2|1
4075|Sanctifiers|6|2||Plasma gun - supercharge|Hazardous, Rapid Fire 1|24|Ranged|1|3|8|-3|2
4075|Sanctifiers|7|1||Burning hands|Devastating Wounds|Melee|Melee|1|2|6|-2|3
4075|Sanctifiers|8|1||Close combat weapon||Melee|Melee|2|3|3|0|1
4075|Sanctifiers|9|1||Death Cult blades|Precision|Melee|Melee|4|2|4|-2|1
4075|Sanctifiers|10|1||Sanctifier melee weapon||Melee|Melee|3|3|3|0|1
904|Seraphim|1|1||Bolt pistol|Pistol|12|Ranged|1|3|4|0|1
904|Seraphim|2|1||Inferno Pistol|Melta 2, Pistol|6|Ranged|1|3|8|-4|D3
904|Seraphim|3|1||Ministorum hand flamer|Ignores Cover, Pistol, Torrent|12|Ranged|D6|-|4|0|1
904|Seraphim|4|1||Close combat weapon||Melee|Melee|2|3|3|0|1
2507|Novitiate Superior|1|1||Ministorum flamer|Ignores Cover, Torrent|12|Ranged|D6|-|5|0|1
2507|Novitiate Superior|2|1||Novitiate autogun|Rapid Fire 1|24|Ranged|1|3|3|0|1
2507|Novitiate Superior|3|1||Novitiate autopistol|Pistol|12|Ranged|1|3|3|0|1
2507|Novitiate Superior|4|1||Close combat weapon||Melee|Melee|1|4|3|0|1
2507|Novitiate Superior|5|1||Novitiate melee weapon||Melee|Melee|2|4|4|0|1
910|Sororitas Rhino|1|1||Hunter-killer missile|One Shot|48|Ranged|1|2|14|-3|D6
910|Sororitas Rhino|2|1||Storm bolter|Rapid Fire 2|24|Ranged|2|3|4|0|1
910|Sororitas Rhino|3|1||Armoured tracks||Melee|Melee|3|4|6|0|1
2063|Triumph of Saint Katherine|1|1||Bolt Pistols|Pistol|12|Ranged|6|2|4|0|1
2063|Triumph of Saint Katherine|2|1||Relic Weapons||Melee|Melee|18|2|5|-2|1
2066|Zephyrim|1|1||Bolt pistol|Pistol|12|Ranged|1|3|4|0|1
2066|Zephyrim|2|1||Plasma pistol - standard|Pistol|12|Ranged|1|3|7|-2|1
2066|Zephyrim|3|2||Plasma pistol - supercharge|Hazardous, Pistol|12|Ranged|1|3|8|-3|2
2066|Zephyrim|4|1||Power weapon||Melee|Melee|3|3|4|-2|1
1560|Agamatus Custodians|1|1||Adrathic devastator||18|Ranged|1|2|7|-2|3
1560|Agamatus Custodians|2|1||Lastrum bolt cannon|Sustained Hits 1|36|Ranged|3|2|6|-1|1
1560|Agamatus Custodians|3|1||Twin las-pulsar|Twin-linked|24|Ranged|2|2|9|-1|2
1560|Agamatus Custodians|4|1||Interceptor Lance|Lance|Melee|Melee|5|2|7|-2|2
2088|Aleya|1|1||Somnus|Anti-Psyker 5+, Devastating Wounds|Melee|Melee|4|2|6|-3|3
1453|Allarus Custodian|1|1||Balistus grenade launcher|Blast|18|Ranged|D6|2|4|-1|1
1453|Allarus Custodian|2|1||Castellan axe|Assault|24|Ranged|2|2|5|-1|2
1453|Allarus Custodian|3|1||Guardian Spear|Assault|24|Ranged|2|2|5|-1|2
1453|Allarus Custodian|4|2||Castellan axe||Melee|Melee|4|2|9|-1|3
1453|Allarus Custodian|5|2||Guardian Spear||Melee|Melee|5|2|7|-2|2
1453|Allarus Custodian|6|1||Misericordia||Melee|Melee|5|2|5|-2|1
2524|Anathema Psykana Rhino|1|1||Hunter-killer missile|One Shot|48|Ranged|1|2|14|-3|D6
2524|Anathema Psykana Rhino|2|1||Storm Bolter|Rapid Fire 2|24|Ranged|2|3|5|-1|1
2524|Anathema Psykana Rhino|3|1||Armoured tracks||Melee|Melee|3|4|6|0|1
1558|Aquilon Custodian|1|1||Infernus firepike|Ignores Cover, Torrent|12|Ranged|D6|-|6|-1|1
1558|Aquilon Custodian|2|1||Lastrum storm bolter|Rapid Fire 2|24|Ranged|2|2|5|-1|1
1558|Aquilon Custodian|3|1||Twin adrathic destructor|Twin-linked|18|Ranged|1|2|6|-2|3
1558|Aquilon Custodian|4|1||Solerite power gauntlet||Melee|Melee|5|2|8|-2|2
1558|Aquilon Custodian|5|1||Solerite power talon||Melee|Melee|7|2|7|-2|1
1680|Ares Gunship|1|1||Arachnus heavy blaze cannon||36|Ranged|4|2|12|-3|D6+1
1680|Ares Gunship|2|1||Arachnus magna-blaze cannon||48|Ranged|3|2|18|-4|D6+6
1680|Ares Gunship|3|1||Armoured hull||Melee|Melee|9|4|9|0|1
2518|Blade Champion|1|1||Vaultswords - Behemor|Precision|Melee|Melee|6|2|7|-2|2
2518|Blade Champion|2|2||Vaultswords - Hurricanis|Sustained Hits 1|Melee|Melee|9|2|5|-1|1
2518|Blade Champion|3|3||Vaultswords - Victus|Devastating Wounds|Melee|Melee|5|2|6|-3|3
1460|Caladius Grav-tank|1|1||Twin arachnus heavy blaze cannon|Twin-linked|48|Ranged|4|2|12|-3|D6+2
1460|Caladius Grav-tank|2|1||Twin iliastus accelerator cannon|Rapid Fire 4, Twin-linked|48|Ranged|4|2|10|-1|3
1460|Caladius Grav-tank|3|1||Twin lastrum bolt cannon|Sustained Hits 1|36|Ranged|3|2|6|-1|1
1460|Caladius Grav-tank|4|1||Armoured hull||Melee|Melee|4|4|6|0|1
1458|Contemptor-Achillus Dreadnought|1|1||Achillus dreadspear||12|Ranged|1|2|9|-2|3
1458|Contemptor-Achillus Dreadnought|2|1||Infernus incinerator|Ignores Cover, Torrent|12|Ranged|D6|-|6|-1|1
1458|Contemptor-Achillus Dreadnought|3|1||Lastrum storm bolter|Rapid Fire 2|24|Ranged|2|2|5|-1|1
1458|Contemptor-Achillus Dreadnought|4|1||Twin adrathic destructor|Twin-linked|18|Ranged|1|2|6|-2|3
1458|Contemptor-Achillus Dreadnought|5|2||Achillus dreadspear|Lance|Melee|Melee|5|2|12|-2|D6+1
1557|Contemptor-Galatus Dreadnought|1|1||Galatus warblade|Ignores Cover, Torrent, Twin-linked|12|Ranged|D6|-|6|-1|1
1557|Contemptor-Galatus Dreadnought|2|2||Galatus warblade||Melee|Melee|8|2|8|-2|3
1461|Coronus Grav-carrier|1|1||Twin arachnus blaze cannon|Devastating Wounds, Twin-linked|24|Ranged|8|2|5|-1|1
1461|Coronus Grav-carrier|2|1||Twin lastrum bolt cannon|Sustained Hits 1|36|Ranged|3|2|6|-1|1
1461|Coronus Grav-carrier|3|1||Armoured hull||Melee|Melee|6|4|8|0|1
882|Custodian Guard|1|1||Guardian Spear|Assault|24|Ranged|2|2|5|-1|2
882|Custodian Guard|2|1||Sentinel Blade|Assault, Pistol|12|Ranged|2|2|5|-1|2
882|Custodian Guard|3|2||Guardian Spear||Melee|Melee|5|2|7|-2|2
882|Custodian Guard|4|1||Misericordia||Melee|Melee|5|2|5|-2|1
882|Custodian Guard|5|2||Sentinel Blade||Melee|Melee|5|2|6|-2|1
1559|Custodian Guard|1|1||Adrasite spear||18|Ranged|1|2|5|-2|3
1559|Custodian Guard|2|1||Pyrithite spear|Melta 2|12|Ranged|1|2|9|-4|D6
1559|Custodian Guard|3|2||Adrasite spear||Melee|Melee|5|2|7|-2|2
1559|Custodian Guard|4|2||Pyrithite spear||Melee|Melee|5|2|7|-2|2
1450|Custodian Warden|1|1||Castellan axe|Assault|24|Ranged|2|2|5|-1|2
1450|Custodian Warden|2|1||Guardian Spear|Assault|24|Ranged|2|2|5|-1|2
1450|Custodian Warden|3|2||Castellan axe||Melee|Melee|4|2|9|-1|3
1450|Custodian Warden|4|2||Guardian Spear||Melee|Melee|5|2|7|-2|2
2520|Knight-Centura|1|1||Master-crafted boltgun|Rapid Fire 1|24|Ranged|1|2|5|-1|2
2520|Knight-Centura|2|1||Witchseeker flamer|Ignores Cover, Torrent|12|Ranged|D6|-|4|0|1
2520|Knight-Centura|3|1||Close combat weapon||Melee|Melee|3|2|3|0|1
2520|Knight-Centura|4|1||Executioner Greatblade|Anti-Psyker 5+, Devastating Wounds|Melee|Melee|3|2|5|-2|2
1564|Orion Assault Dropship|1|1||Arachnus heavy blaze cannon||36|Ranged|4|2|12|-3|D6+1
1564|Orion Assault Dropship|2|1||Spiculus heavy bolt launcher|Blast|36|Ranged|D6+6|2|7|-1|2
1564|Orion Assault Dropship|3|1||Twin lastrum bolt cannon|Sustained Hits 1|36|Ranged|3|2|6|-1|1
1564|Orion Assault Dropship|4|1||Armoured hull||Melee|Melee|9|4|9|0|1
1562|Palas Grav-attack|1|1||Twin arachnus blaze cannon|Devastating Wounds, Twin-linked|24|Ranged|8|2|5|-1|1
1562|Palas Grav-attack|2|1||Armoured hull||Melee|Melee|3|4|6|0|1
2521|Prosecutor Sister Superior|1|1||Boltgun|Rapid Fire 1|24|Ranged|1|3|5|-1|1
2521|Prosecutor Sister Superior|2|1||Close combat weapon||Melee|Melee|2|3|3|0|1
1563|Sagittarum Custodian|1|1||Adrastus bolt caliver|Sustained Hits 1|36|Ranged|3|2|5|-1|2
1563|Sagittarum Custodian|2|1||Misericordia||Melee|Melee|4|2|5|-2|1
1447|Shield-Captain|1|1||Castellan axe|Assault|24|Ranged|2|2|5|-1|2
1447|Shield-Captain|2|1||Guardian Spear|Assault|24|Ranged|2|2|5|-1|2
1447|Shield-Captain|3|1||Pyrithite Spear|Melta 2|12|Ranged|1|2|9|-4|D6
1447|Shield-Captain|4|1||Sentinel Blade|Assault, Pistol|12|Ranged|2|2|5|-1|2
1447|Shield-Captain|5|2||Castellan axe||Melee|Melee|6|2|9|-1|3
1447|Shield-Captain|6|2||Guardian Spear||Melee|Melee|7|2|7|-2|2
1447|Shield-Captain|7|2||Pyrithite Spear||Melee|Melee|7|2|7|-2|2
1447|Shield-Captain|8|2||Sentinel Blade||Melee|Melee|7|2|6|-2|1
1448|Shield-Captain in Allarus Terminator Armour|1|1||Balistus grenade launcher|Blast|18|Ranged|D6|2|4|-1|1
1448|Shield-Captain in Allarus Terminator Armour|2|1||Castellan axe|Assault|24|Ranged|2|2|5|-1|2
1448|Shield-Captain in Allarus Terminator Armour|3|1||Guardian Spear|Assault|24|Ranged|2|2|5|-1|2
1448|Shield-Captain in Allarus Terminator Armour|4|2||Castellan axe||Melee|Melee|6|2|9|-1|3
1448|Shield-Captain in Allarus Terminator Armour|5|2||Guardian Spear||Melee|Melee|7|2|7|-2|2
1449|Shield-Captain on Dawneagle Jetbike|1|1||Salvo launcher|Twin-linked|24|Ranged|1|2|10|-3|D6+1
1449|Shield-Captain on Dawneagle Jetbike|2|1||Vertus hurricane bolter|Rapid Fire 3, Twin-linked|18|Ranged|3|2|5|-1|2
1449|Shield-Captain on Dawneagle Jetbike|3|1||Interceptor lance|Lance|Melee|Melee|6|2|7|-2|2
1479|Telemon Heavy Dreadnought|1|1||Arachnus storm cannon|Devastating Wounds|24|Ranged|12|2|6|-1|1
1479|Telemon Heavy Dreadnought|2|1||Iliastus accelerator culverin||48|Ranged|4|2|9|-1|3
1479|Telemon Heavy Dreadnought|3|1||Spiculus bolt launcher|Blast|36|Ranged|D6+3|2|5|0|1
1479|Telemon Heavy Dreadnought|4|1||Twin plasma projector|Torrent, Twin-linked|12|Ranged|D3|-|7|-2|1
1479|Telemon Heavy Dreadnought|5|1||Armoured feet||Melee|Melee|5|2|7|0|1
1479|Telemon Heavy Dreadnought|6|1||Telemon Caestus||Melee|Melee|5|2|12|-2|3
1446|Trajann Valoris|1|1||Eagle's Scream|Assault|24|Ranged|2|2|5|-2|3
1446|Trajann Valoris|2|1||Watcher's Axe||Melee|Melee|6|2|10|-2|3
2519|Valerian|1|1||Gnosis|Assault|24|Ranged|3|2|5|-1|2
2519|Valerian|2|2||Gnosis||Melee|Melee|7|2|8|-3|2
1561|Venatari Custodian|1|1||Kinetic destroyer|Pistol, Sustained Hits 1|12|Ranged|2|2|6|-1|1
1561|Venatari Custodian|2|1||Venatari lance|Assault|24|Ranged|2|2|4|-1|2
1561|Venatari Custodian|3|1||Tarsis buckler||Melee|Melee|5|2|5|-2|1
1561|Venatari Custodian|4|2||Venatari lance|Lance|Melee|Melee|5|2|7|-2|2
883|Venerable Contemptor Dreadnought|1|1||Combi-bolter|Rapid Fire 2|24|Ranged|2|2|5|-1|1
883|Venerable Contemptor Dreadnought|2|1||Kheres-pattern assault cannon|Devastating Wounds|24|Ranged|6|2|7|-1|1
883|Venerable Contemptor Dreadnought|3|1||Multi-melta|Melta 2|18|Ranged|2|2|9|-4|D6
883|Venerable Contemptor Dreadnought|4|1||Contemptor combat weapon||Melee|Melee|5|2|12|-2|3
884|Venerable Land Raider|1|1||Godhammer lascannon||48|Ranged|2|2|12|-3|D6+1
884|Venerable Land Raider|2|1||Hunter-killer missile|One Shot|48|Ranged|1|2|14|-3|D6
884|Venerable Land Raider|3|1||Storm bolter|Rapid fire 2|24|Ranged|2|2|5|-1|1
884|Venerable Land Raider|4|1||Twin heavy bolter|Sustained Hits 1, Twin-linked|36|Ranged|3|2|5|-1|2
884|Venerable Land Raider|5|1||Armoured tracks||Melee|Melee|6|4|8|0|1
1454|Vertus Praetors|1|1||Salvo launcher|Twin-linked|24|Ranged|1|2|10|-3|D6+1
1454|Vertus Praetors|2|1||Vertus hurricane bolter|Rapid Fire 3, Twin-linked|18|Ranged|3|2|5|-1|2
1454|Vertus Praetors|3|1||Interceptor lance|Lance|Melee|Melee|5|2|7|-2|2
2522|Vigilator Sister Superior|1|1||Executioner greatblade|Anti-Psyker 5+, Devastating Wounds|Melee|Melee|2|3|5|-2|2
2523|Witchseeker Sister Superior|1|1||Witchseeker flamer|Ignores Cover, Torrent|12|Ranged|D6|-|4|0|1
2523|Witchseeker Sister Superior|2|1||Close combat weapon||Melee|Melee|2|3|3|0|1
2087|Archaeopter Fusilave|1|1||Cognis heavy stubber array|Rapid Fire 9, Sustained Hits 1, Twin-linked|36|Ranged|9|4|4|0|1
2087|Archaeopter Fusilave|2|1||Armoured hull||Melee|Melee|3|4|6|0|1
2086|Archaeopter Stratoraptor|1|1||Cognis heavy stubber|Rapid Fire 3, Sustained Hits 1|36|Ranged|3|4|4|0|1
2086|Archaeopter Stratoraptor|2|1||Heavy phosphor blaster|Ignores Cover|36|Ranged|3|4|6|-1|2
2086|Archaeopter Stratoraptor|3|1||Twin cognis lascannon|Sustained hits 1, Twin-linked|48|Ranged|1|4|12|-3|D6+1
2086|Archaeopter Stratoraptor|4|1||Armoured hull||Melee|Melee|3|4|6|0|1
2085|Archaeopter Transvector|1|1||Cognis heavy stubber array|Rapid Fire 9, Sustained Hits 1, Twin-linked|36|Ranged|9|4|4|0|1
2085|Archaeopter Transvector|2|1||Armoured hull||Melee|Melee|3|4|6|0|1
838|Belisarius Cawl|1|1||Solar atomiser|Melta 3|18|Ranged|3|2|14|-4|D6
838|Belisarius Cawl|2|1||Arc Scourge|Anti-Vehicle 4+, Devastating Wounds, Extra Attacks|Melee|Melee|4|2|5|-1|1
838|Belisarius Cawl|3|1||Cawl's Omnissian axe||Melee|Melee|4|2|8|-2|2
838|Belisarius Cawl|4|1||Mechadendrite hive|Extra Attacks|Melee|Melee|2D6|3|4|0|1
844|Corpuscarii Electro-Priests|1|1||Electrostatic gauntlets|Pistol, Sustained Hits 2|12|Ranged|3|3|5|0|1
844|Corpuscarii Electro-Priests|2|2||Electrostatic gauntlets|Sustained Hits 2|Melee|Melee|3|4|5|0|1
846|Cybernetica Datasmith|1|1||Mechanicus pistol|Devastating Wounds, Pistol|12|Ranged|1|4|6|-1|1
846|Cybernetica Datasmith|2|1||Power fist||Melee|Melee|2|3|8|-2|2
843|Fulgurite Electro-Priests|1|1||Electroleech stave|Devastating Wounds|Melee|Melee|2|3|6|-1|2
4211|Hastarii Exterminator Alpha|1|1||Eradication caster - dissipated|Anti-Infantry 4+|30|Ranged|2|4|5|-1|2
4211|Hastarii Exterminator Alpha|2|2||Eradication caster - focused|Anti-Infantry 4+|15|Ranged|2|4|5|-2|2
4211|Hastarii Exterminator Alpha|3|1||Hastarii arc blaster|Anti-Vehicle 4+, Devastating Wounds|18|Ranged|1|4|6|-1|2
4211|Hastarii Exterminator Alpha|4|1||Close combat weapon||Melee|Melee|1|4|4|0|1
4211|Hastarii Exterminator Alpha|5|1||Power weapon||Melee|Melee|2|4|5|-2|1
4212|Hastarii Fusilier Alpha|1|1||Hastarii phosphor blaster|Ignores Cover|18|Ranged|2|4|5|0|1
4212|Hastarii Fusilier Alpha|2|1||Neutron fusil||24|Ranged|1|4|12|-3|D6+1
4212|Hastarii Fusilier Alpha|3|1||Close combat weapon||Melee|Melee|1|4|4|0|1
4212|Hastarii Fusilier Alpha|4|1||Power weapon||Melee|Melee|2|4|5|-2|1
852|Ironstrider Ballistarii|1|1||Twin cognis autocannon|Sustained Hits 1, Twin-linked|48|Ranged|4|4|9|-1|3
852|Ironstrider Ballistarii|2|1||Twin cognis lascannon|Sustained Hits 1, Twin-linked|48|Ranged|2|4|12|-3|D6+1
852|Ironstrider Ballistarii|3|1||Ironstrider feet||Melee|Melee|3|4|5|0|1
845|Kastelan Robot|1|1||Heavy phosphor blaster|Ignores Cover|36|Ranged|3|4|6|-1|2
845|Kastelan Robot|2|1||Incendine combustor|Ignores Cover, Torrent|12|Ranged|D6|-|6|-1|1
845|Kastelan Robot|3|1||Kastelan phosphor blaster|Ignores Cover|24|Ranged|3|4|6|-1|1
845|Kastelan Robot|4|1||Twin Kastelan phosphor blaster|Ignores Cover, Twin-linked|24|Ranged|3|4|6|-1|1
845|Kastelan Robot|5|1||Close combat weapon|-|Melee|Melee|3|4|6|0|1
845|Kastelan Robot|6|1||Kastelan fist|-|Melee|Melee|4|4|12|-2|3
845|Kastelan Robot|7|1||Twin Kastelan fist|Twin-linked|Melee|Melee|4|4|12|-2|3
841|Kataphron Breachers|1|1||Heavy arc rifle|Anti-Vehicle 4+, Rapid Fire 2|30|Ranged|2|4|8|-2|3
841|Kataphron Breachers|2|1||Torsion cannon|Anti-Infantry 2+, Blast|36|Ranged|D3|4|6|-2|2
841|Kataphron Breachers|3|1||Arc claw|Anti-Vehicle 4+|Melee|Melee|4|4|5|-1|1
841|Kataphron Breachers|4|1||Hydraulic claw||Melee|Melee|2|4|8|-2|3
842|Kataphron Destroyers|1|1||Cognis flamer|Ignores Cover, Torrent|12|Ranged|D6|-|4|0|1
842|Kataphron Destroyers|2|1||Heavy grav-cannon|Anti-Vehicle 2+|30|Ranged|4|4|6|-1|2
842|Kataphron Destroyers|3|1||Kataphron plasma culverin - standard||36|Ranged|4|4|7|-2|1
842|Kataphron Destroyers|4|2||Kataphron plasma culverin - supercharge|Hazardous|36|Ranged|4|4|8|-3|2
842|Kataphron Destroyers|5|1||Phosphor blaster|Ignores Cover, Rapid Fire 1|24|Ranged|1|4|5|0|1
842|Kataphron Destroyers|6|1||Close combat weapon||Melee|Melee|2|4|5|0|1
854|Onager Dunecrawler|1|1||Cognis heavy stubber|Rapid Fire 3, Sustained Hits 1|36|Ranged|3|4|4|0|1
854|Onager Dunecrawler|2|1||Daedalus missile launcher|Anti-Fly 2+|48|Ranged|2|4|10|-2|D6+1
854|Onager Dunecrawler|3|1||Eradication beamer - dissipated|Blast, Sustained Hits 1|36|Ranged|3D3|4|9|-2|2
854|Onager Dunecrawler|4|2||Eradication beamer - focused|Blast, Sustained Hits 1|18|Ranged|3D3|4|10|-3|3
854|Onager Dunecrawler|5|1||Icarus array|Anti-Fly 4+, Twin-linked|48|Ranged|6|4|8|-1|2
854|Onager Dunecrawler|6|1||Neutron laser|Heavy|48|Ranged|3|4|16|-4|D6+2
854|Onager Dunecrawler|7|1||Twin Onager heavy phosphor blaster|Ignores Cover, Twin-linked|36|Ranged|12|4|6|-1|2
854|Onager Dunecrawler|8|1||Dunecrawler legs||Melee|Melee|3|4|6|0|1
2084|Pteraxii Skystalkers|1|1||Flechette blaster|Pistol|12|Ranged|5|4|3|0|1
2084|Pteraxii Skystalkers|2|1||Flechette carbine||18|Ranged|6|4|3|0|1
2084|Pteraxii Skystalkers|3|1||Close combat weapon||Melee|Melee|2|4|3|0|1
2084|Pteraxii Skystalkers|4|1||Taser goad|Sustained Hits 2|Melee|Melee|3|4|6|0|1
2083|Pteraxii Sterylizors|1|1||Flechette blaster|Pistol|12|Ranged|5|4|3|0|1
2083|Pteraxii Sterylizors|2|1||Phosphor torch|Ignores Cover, Torrent|12|Ranged|D6|-|4|0|1
2083|Pteraxii Sterylizors|3|1||Pteraxii talons||Melee|Melee|2|4|4|0|1
2083|Pteraxii Sterylizors|4|1||Taser goad|Sustained Hits 2|Melee|Melee|3|4|6|0|1
1525|Secutarii Hoplites|1|1||Arc lance|Anti-Vehicle 4+, Devastating Wounds|12|Ranged|1|4|5|-1|1
1525|Secutarii Hoplites|2|1||Archeotech pistol|Devastating Wounds, Pistol|12|Ranged|1|4|6|-1|1
1525|Secutarii Hoplites|3|1||Alpha close combat weapon||Melee|Melee|4|4|5|-1|1
1525|Secutarii Hoplites|4|2||Arc lance|Anti-Vehicle 4+, Devastating Wounds, Lance|Melee|Melee|2|4|5|-1|1
1526|Secutarii Peltasts|1|1||Archeotech pistol|Devastating Wounds, Pistol|12|Ranged|1|4|6|-1|1
1526|Secutarii Peltasts|2|1||Galvanic caster - flechette|Assault|18|Ranged|5|4|4|0|1
1526|Secutarii Peltasts|3|2||Galvanic caster - hammershot|Heavy|24|Ranged|2|4|5|-1|1
1526|Secutarii Peltasts|4|1||Alpha close combat weapon||Melee|Melee|2|4|5|-1|1
1526|Secutarii Peltasts|5|1||Close combat weapon||Melee|Melee|1|4|3|0|1
2082|Serberys Raiders|1|1||Galvanic carbine|Devastating Wounds|18|Ranged|3|4|4|0|1
2082|Serberys Raiders|2|1||Mechanicus pistol|Devastating Wounds, Pistol|12|Ranged|1|4|6|-1|1
2082|Serberys Raiders|3|1||Cavalry sabre & clawed limbs||Melee|Melee|4|4|4|-1|1
2081|Serberys Sulphurhounds|1|1||Mechanicus pistol|Devastating Wounds, Pistol|12|Ranged|1|4|6|-1|1
2081|Serberys Sulphurhounds|2|1||Phosphor blast carbine|Blast, Ignores cover|18|Ranged|D6|4|6|0|1
2081|Serberys Sulphurhounds|3|1||Phosphor pistol|Ignores Cover, Pistol|12|Ranged|1|4|4|0|1
2081|Serberys Sulphurhounds|4|1||Sulphur breath|Ignores Cover, Pistol, Torrent|9|Ranged|D6|-|3|-1|1
2081|Serberys Sulphurhounds|5|1||Cavalry arc maul|Anti-Vehicle 4+, Devastating Wounds, Extra Attacks|Melee|Melee|1|4|5|-1|1
2081|Serberys Sulphurhounds|6|1||Clawed limbs||Melee|Melee|4|4|4|0|1
4119|Combat Servitor|1|1||Heavy arc rifle|Anti-VEHICLE 4+, Rapid Fire 1|30|Ranged|1|4|8|-2|3
4119|Combat Servitor|2|1||Heavy bolter|Heavy, Sustained Hits 1|36|Ranged|3|4|5|-1|2
4119|Combat Servitor|3|1||Incendine igniter|Ignores Cover, Torrent|12|Ranged|D6|-|3|0|1
4119|Combat Servitor|4|1||Mechanicus pistol|Devastating Wounds, Pistol|12|Ranged|1|4|6|-1|1
4119|Combat Servitor|5|1||Meltagun|Melta 2|12|Ranged|1|4|9|-4|D6
4119|Combat Servitor|6|1||Phosphor blaster|Ignores Cover, Rapid Fire 1|24|Ranged|1|4|4|0|1
4119|Combat Servitor|7|1||Dataspikes||Melee|Melee|4|4|4|0|1
4119|Combat Servitor|8|1||Servo-claw||Melee|Melee|2|4|4|0|1
119177|Servitors|1|1||Heavy bolter|Heavy, Sustained Hits 1|36|Ranged|3|6|5|-1|2
119177|Servitors|2|1||Multi-melta|Heavy, Melta 2|18|Ranged|2|6|9|-4|D6
119177|Servitors|3|1||Plasma cannon - Standard|Heavy, Blast|36|Ranged|D3|6|7|-2|1
119177|Servitors|4|2||Plasma cannon - supercharge|Hazardous, Heavy, Blast|36|Ranged|D3|6|8|-3|2
119177|Servitors|5|1||Servitor's servo arm||Melee|Melee|1|5|8|-2|3
119177|Servitors|6|1||Servitor's tools||Melee|Melee|1|5|3|0|1
850|Sicarian Infiltrators|1|1||Flechette blaster|Pistol|12|Ranged|5|4|3|0|1
850|Sicarian Infiltrators|2|1||Stubcarbine|Pistol|12|Ranged|3|4|4|0|1
850|Sicarian Infiltrators|3|1||Power weapon||Melee|Melee|4|4|4|-2|1
850|Sicarian Infiltrators|4|1||Taser goad|Sustained Hits 2|Melee|Melee|3|4|6|-1|1
851|Sicarian Ruststalkers|1|1||Transonic blades|Devastating Wounds, Precision|Melee|Melee|5|4|5|-1|1
851|Sicarian Ruststalkers|2|1||Transonic blades & chordclaw|Anti-Infantry 3+, Devastating Wounds, Precision|Melee|Melee|5|4|5|-2|1
851|Sicarian Ruststalkers|3|1||Transonic razor & chordclaw|Anti-Infantry 3+, Precision|Melee|Melee|3|4|5|-2|2
2478|Skitarii Marshal|1|1||Mechanicus pistol|Devastating Wounds, Pistol|12|Ranged|1|4|6|-1|1
2478|Skitarii Marshal|2|1||Control stave||Melee|Melee|4|3|6|-1|1
848|Skitarii Rangers|1|1||Arc rifle|Anti-Vehicle 4+, Devastating Wounds, Rapid Fire 1|30|Ranged|1|4|8|-1|D3
848|Skitarii Rangers|2|1||Galvanic rifle||30|Ranged|2|4|4|0|1
848|Skitarii Rangers|3|1||Mechanicus pistol|Devastating Wounds, Pistol|12|Ranged|1|4|6|-1|1
848|Skitarii Rangers|4|1||Plasma caliver -  supercharge|Hazardous|30|Ranged|2|4|8|-3|2
848|Skitarii Rangers|5|2||Plasma caliver - standard||30|Ranged|2|4|7|-2|1
848|Skitarii Rangers|6|1||Transuranic arquebus|Heavy, Precision|36|Ranged|1|4|7|-2|D3
848|Skitarii Rangers|7|1||Alpha combat weapon||Melee|Melee|2|4|5|-1|1
848|Skitarii Rangers|8|1||Close combat weapon||Melee|Melee|1|4|3|0|1
849|Skitarii Vanguard|1|1||Arc rifle|Anti-Vehicle 4+, Devastating Wounds, Rapid Fire 1|30|Ranged|1|4|8|-1|D3
849|Skitarii Vanguard|2|1||Mechanicus pistol|Devastating Wounds, Pistol|12|Ranged|1|4|6|-1|1
849|Skitarii Vanguard|3|1||Plasma caliver -  supercharge|Hazardous|30|Ranged|2|4|8|-3|2
849|Skitarii Vanguard|4|2||Plasma caliver - standard||30|Ranged|2|4|7|-2|1
849|Skitarii Vanguard|5|1||Radium carbine|Anti-Infantry 4+|18|Ranged|3|4|3|0|1
849|Skitarii Vanguard|6|1||Transuranic arquebus|Heavy, Precision|36|Ranged|1|4|7|-2|D3
849|Skitarii Vanguard|7|1||Alpha combat weapon||Melee|Melee|2|4|5|-1|1
849|Skitarii Vanguard|8|1||Close combat weapon||Melee|Melee|1|4|3|0|1
1651|Skorpius Disintegrator|1|1||Belleros energy cannon|Blast, Indirect Fire|36|Ranged|2D6|4|7|-2|1
1651|Skorpius Disintegrator|2|1||Cognis heavy stubber|Rapid Fire 3, Sustained Hits 1|36|Ranged|3|4|4|0|1
1651|Skorpius Disintegrator|3|1||Disruptor missile launcher|Twin-linked|36|Ranged|3|4|9|-2|D6
1651|Skorpius Disintegrator|4|1||Ferrumite cannon||48|Ranged|3|4|12|-3|D6+1
1651|Skorpius Disintegrator|5|1||Armoured hull||Melee|Melee|3|4|6|0|1
1650|Skorpius Dunerider|1|1||Cognis heavy stubber array|Rapid Fire 9, Sustained Hits 1, Twin-linked|36|Ranged|9|4|4|0|1
1650|Skorpius Dunerider|2|1||Armoured hull||Melee|Melee|3|4|6|0|1
3694|Sydonian Dragoons|1|1||Phosphor serpenta|Ignores Cover, Pistol|18|Ranged|1|4|5|-1|2
3694|Sydonian Dragoons|2|1||Radium jezzail|Anti-Infantry 3+, Heavy, Precision|36|Ranged|1|4|5|-2|3
3694|Sydonian Dragoons|3|1||Ironstrider feet||Melee|Melee|3|4|5|0|1
191400|Sydonian Dragoons (Radium Jezzail)|1|1||Phosphor serpenta|Ignores Cover, Pistol|18|Ranged|1|4|5|-1|2
191400|Sydonian Dragoons (Radium Jezzail)|2|1||Taser lance|Anti-Walker 2+, Lance, Sustained Hits 2|Melee|Melee|4|4|7|-2|2
3695|Sydonian Skatros|1|1||Mechanicus pistol|Devastating Wounds, Pistol|12|Ranged|1|4|6|-1|1
3695|Sydonian Skatros|2|1||Radium Jezzail|Heavy, Precision, Anti-Infantry 3+|36|Ranged|1|3|5|-2|3
3695|Sydonian Skatros|3|1||Skatros transuranic arquebus|Heavy, Precision, Anti-Monster 4+, Anti-Vehicle 4+|36|Ranged|1|3|7|-2|D3
3695|Sydonian Skatros|4|1||Sydonian Feet||Melee|Melee|3|4|3|0|1
839|Tech-Priest Dominus|1|1||Eradication ray - dissipated||24|Ranged|D3|3|6|-1|1
839|Tech-Priest Dominus|2|2||Eradication ray - focused||12|Ranged|D3|3|6|-2|2
839|Tech-Priest Dominus|3|1||Macrostubber|Pistol|12|Ranged|5|3|4|0|1
839|Tech-Priest Dominus|4|1||Phosphor serpenta|Ignores Cover, Pistol|18|Ranged|1|3|5|-1|2
839|Tech-Priest Dominus|5|1||Volkite blaster|Devastating Wounds|24|Ranged|3|3|5|0|2
839|Tech-Priest Dominus|6|1||Omnissian axe||Melee|Melee|4|3|6|-2|2
840|Tech-Priest Enginseer|1|1||Mechanicus pistol|Devastating Wounds, Pistol|12|Ranged|1|4|6|-1|1
840|Tech-Priest Enginseer|2|1||Omnissian axe||Melee|Melee|3|4|6|-2|2
840|Tech-Priest Enginseer|3|1||Servo arm|Extra Attacks|Melee|Melee|1|4|6|-2|2
1580|Tech-Priest Manipulus|1|1||Magnarail lance|Heavy|36|Ranged|1|3|7|-2|3
1580|Tech-Priest Manipulus|2|1||Transonic cannon|Devastating Wounds, Torrent|12|Ranged|D6|-|4|0|2
1580|Tech-Priest Manipulus|3|1||Omnissian staff||Melee|Melee|4|3|6|-1|2
2477|Technoarcheologist|1|1||Mechanicus pistol|Devastating Wounds, Pistol|12|Ranged|1|4|6|-1|1
2477|Technoarcheologist|2|1||Servo-arc claw|Anti-Vehicle 4+, Devastating Wounds|Melee|Melee|3|4|8|-2|2
1533|Terrax-pattern Termite|1|1||Combi bolter|Rapid Fire 2|24|Ranged|2|4|4|0|1
1533|Terrax-pattern Termite|2|1||Heavy flamer|Ignores Cover, Torrent|12|Ranged|D6|-|5|-1|1
1533|Terrax-pattern Termite|3|1||Terrax melta cutter|Melta 2|12|Ranged|5|4|9|-4|D6
1533|Terrax-pattern Termite|4|1||Twin volkite charger|Devastating Wounds, Twin-linked|18|Ranged|2|4|5|0|2
1533|Terrax-pattern Termite|5|1||Termite drill|Anti-Vehicle 3+|Melee|Melee|6|4|14|-2|D3+3
4210|Thulia Ghuld|1|1||Jericho-class conversion resonator - shockwave|Blast, Sustained Hits 1|24|Ranged|D6+2|2|6|-2|1
4210|Thulia Ghuld|2|2||Jericho-class conversion resonator - titanic impact|Devastating Wounds|24|Ranged|2|2|12|-3|D6+2
4210|Thulia Ghuld|3|1||Rod of the War Forge - strike||Melee|Melee|6|2|10|-2|3
4210|Thulia Ghuld|4|2||Rod of the War Forge - sweep||Melee|Melee|12|2|6|-1|1
868|Reaver Titan|1|1||Reaver apocalypse launcher|Blast, Indirect Fire|200|Ranged|3D6|3|7|-1|2
868|Reaver Titan|2|1||Reaver feet||Melee|Melee|8|4|12|-2|4
2077|Warbringer Nemesis Titan|1|1||Anvillus defence battery|Anti-FLY 4+|72|Ranged|8|3|8|-1|2
2077|Warbringer Nemesis Titan|2|1||Ardex-defensor mauler||36|Ranged|6|3|6|-2|2
2077|Warbringer Nemesis Titan|3|1||Nemesis quake cannon|Blast, Indirect Fire|480|Ranged|D6+6|3|16|-4|4
2077|Warbringer Nemesis Titan|4|1||Nemesis volcano cannon|Blast|120|Ranged|D3+3|3|24|-5|14
2077|Warbringer Nemesis Titan|5|1||Nemesis feet||Melee|Melee|6|4|12|-2|4
867|Warhound Titan|1|1||Warhound feet||Melee|Melee|8|4|10|-1|2
869|Warlord Titan|1|1||Apocalypse launcher|Blast, Indirect Fire|200|Ranged|20|3|8|-2|2
869|Warlord Titan|2|1||Ardex-defensor lascannon||48|Ranged|1|3|12|-3|D6+1
869|Warlord Titan|3|1||Ardex-defensor mauler||36|Ranged|6|3|6|-2|2
869|Warlord Titan|4|1||Arioch power claw|Sustained Hits 1|48|Ranged|20|3|6|-1|2
869|Warlord Titan|5|1||Belicosa volcano cannon|Blast|120|Ranged|D3+3|3|32|-5|18
869|Warlord Titan|6|1||Laser blaster|Blast|72|Ranged|6|3|16|-4|D6+3
869|Warlord Titan|7|1||Macro gatling blaster|Sustained Hits 1|100|Ranged|30|3|9|-2|3
869|Warlord Titan|8|1||Mori quake cannon|Blast, Ignores Cover|280|Ranged|3D6|3|16|-4|6
869|Warlord Titan|9|1||Sunfury plasma annihilator - standard|Blast|72|Ranged|2D6+6|3|10|-3|5
869|Warlord Titan|10|2||Sunfury plasma annihilator - supercharge|Blast, Hazardous|72|Ranged|2D6+6|3|12|-3|8
869|Warlord Titan|11|2||Arioch power claw - strike||Melee|Melee|6|4|20|-4|24
869|Warlord Titan|12|3||Arioch power claw - sweep||Melee|Melee|12|4|12|-3|8
869|Warlord Titan|13|1||Warlord feet||Melee|Melee|6|4|12|-2|4
1598|Amallyn Shadowguide|1|1||Ranger long rifle|Heavy, Precision|36|Ranged|1|3|4|-1|2
1598|Amallyn Shadowguide|2|1||Power blade||Melee|Melee|4|3|4|-2|1
571|Asurmen|1|1||The Bloody Twins|Assault, Pistol|24|Ranged|6|2|5|-1|2
571|Asurmen|2|1||The Sword of Asur|Devastating Wounds|Melee|Melee|6|2|6|-3|3
577|Autarch|1|1||Death Spinner|Ignores Cover, Torrent|12|Ranged|D6|-|4|-1|1
577|Autarch|2|1||Dragon Fusion Gun|Assault, Melta 3|12|Ranged|1|2|9|-4|D6
577|Autarch|3|1||Dragon Fusion Pistol|Assault, Melta 3, Pistol|6|Ranged|1|2|9|-4|D6
577|Autarch|4|1||Reaper Launcher - Starshot|Heavy, Ignores Cover|48|Ranged|1|3|10|-2|3
577|Autarch|5|2||Reaper Launcher - Starswarm|Heavy, Ignores Cover|48|Ranged|2|3|4|-2|1
577|Autarch|6|1||Shuriken Pistol|Assault, Pistol|12|Ranged|1|2|4|-1|1
577|Autarch|7|1||Banshee Blade|Anti-Infantry 3+|Melee|Melee|5|2|4|-2|2
577|Autarch|8|1||Scorpion Chainsword|Sustained Hits 1|Melee|Melee|7|2|4|-1|1
577|Autarch|9|1||Star Glaive||Melee|Melee|4|2|6|-3|3
580|Autarch Skyrunner|1|1||Dragon Fusion Gun|Assault, Melta 3|12|Ranged|1|2|9|-4|D6
580|Autarch Skyrunner|2|1||Laser Lance|Assault|6|Ranged|1|2|6|-3|2
580|Autarch Skyrunner|3|1||Twin Shuriken Catapult|Assault, Twin Linked|18|Ranged|2|2|4|-1|1
580|Autarch Skyrunner|4|1||Banshee Blade||Melee|Melee|5|2|4|-3|1
580|Autarch Skyrunner|5|1||Close Combat Weapon||Melee|Melee|3|2|3|0|1
580|Autarch Skyrunner|6|2||Laser Lance|Lance|Melee|Melee|4|2|4|-3|2
2759|Autarch Wayleaper|1|1||Death Spinner|Ignores Cover, Torrent|12|Ranged|D6|-|4|-1|1
2759|Autarch Wayleaper|2|1||Dragon Fusion Gun|Assault, Melta 3|12|Ranged|1|2|9|-4|D6
2759|Autarch Wayleaper|3|1||Dragon Fusion Pistol|Assault, Melta 3, Pistol|6|Ranged|1|2|9|-4|D6
2759|Autarch Wayleaper|4|1||Reaper Launcher - Starshot|Heavy, Ignores Cover|48|Ranged|1|3|10|-2|3
2759|Autarch Wayleaper|5|2||Reaper Launcher - Starswarm|Heavy, Ignores Cover|48|Ranged|2|3|4|-2|1
2759|Autarch Wayleaper|6|1||Shuriken Pistol|Assault, Pistol|12|Ranged|1|2|4|-1|1
2759|Autarch Wayleaper|7|1||Banshee Blade|Anti-Infantry 3+|Melee|Melee|5|2|4|-2|2
2759|Autarch Wayleaper|8|1||Scorpion Chainsword|Sustained Hits 1|Melee|Melee|7|2|4|-1|1
2759|Autarch Wayleaper|9|1||Star Glaive||Melee|Melee|4|2|6|-3|3
581|Avatar of Khaine|1|1||The Wailing Doom|Sustained Hits D3|12|Ranged|1|2|16|-4|D6+2
581|Avatar of Khaine|2|2||The Wailing Doom - Strike||Melee|Melee|6|2|16|-4|D6+2
581|Avatar of Khaine|3|3||The Wailing Doom - Sweep||Melee|Melee|12|2|8|-2|2
575|Baharroth|1|1||Fury of the Tempest|Assault, Lethal Hits|24|Ranged|4|2|6|-1|2
575|Baharroth|2|1||The Shining Blade|Sustained Hits 1|Melee|Melee|6|2|5|-2|2
1400|Bonesinger|1|1||Psytronome Shaper|Psychic|Melee|Melee|2|2|3|0|D3
4238|Clanblade|1|1||Solar Carbine|Rapid Fire 2|18|Ranged|2|3|4|0|1
4238|Clanblade|2|1||Drakesteed Fangs and Talons|Extra Attacks|Melee|Melee|3|3|5|-1|1
4238|Clanblade|3|1||Moonblades|Lethal Hits, Twin-linked|Melee|Melee|5|2|4|-2|2
622|Cobra|1|1||Aeldari missile launcher - starshot||48|Ranged|1|3|10|-2|D6
622|Cobra|2|2||Aeldari missile launcher - sunburst|Blast|48|Ranged|D6|3|4|-1|1
622|Cobra|3|1||Bright Lance||36|Ranged|1|3|12|-3|D6+2
622|Cobra|4|1||D-Impaler|Blast, Devastating Wounds|36|Ranged|D6+3|3|16|-4|4
622|Cobra|5|1||Scatter Laser||36|Ranged|6|3|5|0|1
622|Cobra|6|1||Shuriken Cannon|Sustained Hits 1|24|Ranged|3|3|6|-1|2
622|Cobra|7|1||Starcannon||36|Ranged|2|3|8|-3|2
622|Cobra|8|1||Wraithbone Hull||Melee|Melee|6|4|6|0|1
629|Corsair Cloud Dancer|1|1||Brace of pistols|Assault, Pistol|12|Ranged|2|3|3|0|1
629|Corsair Cloud Dancer|2|1||Dark lance||36|Ranged|1|3|12|-3|D6+2
629|Corsair Cloud Dancer|3|1||Dissonance cannon|Devastating Wounds|24|Ranged|3|3|6|-1|2
629|Corsair Cloud Dancer|4|1||Dissonance pistol|Devastating Wounds, Pistol|12|Ranged|1|3|6|-1|1
629|Corsair Cloud Dancer|5|1||Shuriken cannon|Sustained Hits 1|24|Ranged|3|3|6|-1|2
629|Corsair Cloud Dancer|6|1||Splinter cannon|Anti-Infantry 3+, Sustained Hits 1|36|Ranged|3|3|3|-1|2
629|Corsair Cloud Dancer|7|1||Twin shuriken catapult|Assault, Twin-linked|18|Ranged|2|3|4|-1|1
629|Corsair Cloud Dancer|8|1||Close combat weapon||Melee|Melee|2|3|3|0|1
629|Corsair Cloud Dancer|9|1||Void sabre||Melee|Melee|3|3|4|-2|1
632|Corsair Reaver Band|1|1||Aeldari missile launcher - starshot||48|Ranged|1|3|10|-2|D6
632|Corsair Reaver Band|2|2||Aeldari missile launcher - sunburst|Blast|48|Ranged|D6|3|4|-1|1
632|Corsair Reaver Band|3|1||Blaster|Assault|18|Ranged|1|3|8|-4|D6+1
632|Corsair Reaver Band|4|1||Brace of pistols|Assault, Pistol|12|Ranged|2|3|3|0|1
632|Corsair Reaver Band|5|1||Corsair firearm|Assault, Lethal Hits|24|Ranged|4|3|4|0|1
632|Corsair Reaver Band|6|1||Dark lance|Heavy|48|Ranged|1|4|12|-3|D6+2
632|Corsair Reaver Band|7|1||Dissonance pistol|Devastating Wounds, Pistol|12|Ranged|1|3|6|-1|1
632|Corsair Reaver Band|8|1||Flamer|Assault, Ignores Cover, Torrent|12|Ranged|D6|-|4|0|1
632|Corsair Reaver Band|9|1||Fusion gun|Assault, Melta 2|12|Ranged|1|3|8|-4|D6+1
632|Corsair Reaver Band|10|1||Shredder|Assault, Torrent|18|Ranged|D6|-|6|0|1
632|Corsair Reaver Band|11|1||Shuriken cannon|Sustained Hits 1|24|Ranged|3|3|6|-1|2
632|Corsair Reaver Band|12|1||Splinter cannon|Anti-Infantry 3+, Heavy, Sustained Hits 1|36|Ranged|3|3|3|-1|2
632|Corsair Reaver Band|13|1||Close combat weapon||Melee|Melee|2|3|3|0|1
632|Corsair Reaver Band|14|1||Spar glaive||Melee|Melee|4|3|3|0|1
632|Corsair Reaver Band|15|1||Void sabre||Melee|Melee|3|3|4|-2|1
4196|Corsair Skyreaver|1|1||Blast Pistol|Assault, Pistol|6|Ranged|1|3|8|-3|D3
4196|Corsair Skyreaver|2|1||Corsair blaster|Assault|18|Ranged|1|3|8|-4|D6+1
4196|Corsair Skyreaver|3|1||Flamer|Assault, Ignores Cover, Torrent|12|Ranged|D6|-|4|0|1
4196|Corsair Skyreaver|4|1||Fusion gun|Assault, Melta 2|12|Ranged|1|3|8|-4|D6
4196|Corsair Skyreaver|5|1||Neuro disruptor|Anti-Infantry 2+, Assault, Pistol|12|Ranged|1|3|4|-2|1
4196|Corsair Skyreaver|6|1||Shredder|Assault, Torrent|18|Ranged|D6|-|6|0|1
4196|Corsair Skyreaver|7|1||Shuriken pistol|Assault, Pistol|12|Ranged|1|3|4|-1|1
4196|Corsair Skyreaver|8|1||Shuriken Pistol|Assault, Pistol|12|Ranged|1|3|4|-1|1
4196|Corsair Skyreaver|9|1||Close combat weapon||Melee|Melee|3|3|3|0|1
4196|Corsair Skyreaver|10|1||Corsair Blade||Melee|Melee|3|3|4|-2|1
2531|Corsair Voidreaver|1|1||Blaster|Assault|18|Ranged|1|3|8|-4|D6+1
2531|Corsair Voidreaver|2|1||Corsair shredder|Assault, Torrent|18|Ranged|D6|-|6|0|1
2531|Corsair Voidreaver|3|1||Neuro disruptor|Anti-Infantry 2+, Assault, Pistol|12|Ranged|1|3|4|-2|1
2531|Corsair Voidreaver|4|1||Shuriken cannon|Lethal Hits|24|Ranged|3|3|6|-1|2
2531|Corsair Voidreaver|5|1||Shuriken pistol|Assault, Pistol|12|Ranged|1|3|4|-1|1
2531|Corsair Voidreaver|6|1||Shuriken Pistol|Assault, Pistol|12|Ranged|1|3|4|-1|1
2531|Corsair Voidreaver|7|1||Shuriken rifle|Assault, Rapid Fire 1|24|Ranged|1|3|4|-1|1
2531|Corsair Voidreaver|8|1||Wraithcannon||18|Ranged|1|3|14|-4|D6+1
2531|Corsair Voidreaver|9|1||Close Combat Weapon||Melee|Melee|2|3|3|0|1
2531|Corsair Voidreaver|10|1||Power sword||Melee|Melee|2|3|4|-2|1
2532|Corsair Voidscarred|1|1||Corsair blaster|Assault|18|Ranged|1|3|8|-4|D6+1
2532|Corsair Voidscarred|2|1||Corsair shredder|Assault, Torrent|18|Ranged|D6|-|6|0|1
2532|Corsair Voidscarred|3|1||Executioner|Anti-Infantry 2+, Psychic|18|Ranged|3|3|6|-2|D3
2532|Corsair Voidscarred|4|1||Fusion pistol|Assault, Melta 2, Pistol|6|Ranged|1|3|8|-4|D6
2532|Corsair Voidscarred|5|1||Long rifle|Heavy, Precision|36|Ranged|1|3|4|-1|2
2532|Corsair Voidscarred|6|1||Neuro disruptor|Anti-Infantry 2+, Assault, Pistol|12|Ranged|1|3|4|-2|1
2532|Corsair Voidscarred|7|1||Shuriken cannon|Lethal Hits|24|Ranged|3|3|6|-1|2
2532|Corsair Voidscarred|8|1||Shuriken pistol|Assault, Pistol|12|Ranged|1|3|4|-1|1
2532|Corsair Voidscarred|9|1||Shuriken Pistol|Assault, Pistol|12|Ranged|1|3|4|-1|1
2532|Corsair Voidscarred|10|1||Shuriken rifle|Assault, Rapid Fire 1|24|Ranged|1|3|4|-1|1
2532|Corsair Voidscarred|11|1||Wraithcannon||18|Ranged|1|3|14|-4|D6+1
2532|Corsair Voidscarred|12|1||Close combat weapon||Melee|Melee|3|3|3|0|1
2532|Corsair Voidscarred|13|1||Paired Hekatarii blades|Twin-Linked|Melee|Melee|4|2|3|-2|1
2532|Corsair Voidscarred|14|1||Power sword||Melee|Melee|3|3|4|-2|1
2532|Corsair Voidscarred|15|1||Witch staff|Anti-Infantry 2+, Psychic|Melee|Melee|2|2|3|0|D3
603|Crimson Hunter|1|1||Bright Lance||36|Ranged|1|3|12|-3|D6+2
603|Crimson Hunter|2|1||Pulse Laser||48|Ranged|3|3|9|-2|D6
603|Crimson Hunter|3|1||Starcannon||36|Ranged|2|3|8|-3|2
603|Crimson Hunter|4|1||Wraithbone Hull||Melee|Melee|3|4|6|0|1
3910|D-Cannon Platform|1|1||D-cannon|Blast, Devastating Wounds, Indirect Fire|24|Ranged|D3|3|16|-4|D6+2
3910|D-Cannon Platform|2|1||Shuriken Catapult|Assault|18|Ranged|2|3|4|-1|1
3910|D-Cannon Platform|3|1||Close Combat Weapon||Melee|Melee|2|3|3|0|1
607|Dark Reaper|1|1||Missile Launcher - Starshot|Ignores Cover|48|Ranged|1|2|10|-2|D6
607|Dark Reaper|2|2||Missile Launcher - Sunburst|Blast, Ignores Cover|48|Ranged|D6|2|4|-1|1
607|Dark Reaper|3|1||Reaper Launcher - Starshot|Ignores Cover|48|Ranged|1|3|10|-2|3
607|Dark Reaper|4|2||Reaper Launcher - Starswarm|Ignores Cover|48|Ranged|2|3|5|-2|1
607|Dark Reaper|5|1||Shuriken Cannon|Ignores Cover, Lethal Hits|24|Ranged|3|3|6|-1|2
607|Dark Reaper|6|1||Tempest Launcher|Blast, Indirect Fire|36|Ranged|2D6|3|4|-1|1
607|Dark Reaper|7|1||Close combat weapon||Melee|Melee|2|3|3|0|1
2537|Death Jester|1|1||Shrieker Cannon||24|Ranged|3|2|6|-2|2
2537|Death Jester|2|1||Jester's Blade||Melee|Melee|4|2|4|0|1
593|Dire Avenger|1|1||Avenger shuriken catapult|Assault|18|Ranged|4|3|4|-1|1
593|Dire Avenger|2|1||Shuriken Pistol|Assault, Pistol|12|Ranged|1|3|4|-1|1
593|Dire Avenger|3|1||Close Combat Weapon||Melee|Melee|2|3|3|0|1
593|Dire Avenger|4|1||Diresword||Melee|Melee|4|3|4|-2|1
593|Dire Avenger|5|1||Power Glaive||Melee|Melee|3|3|5|-3|1
4235|Dragon Knight|1|1||Laser Lance|Assault|6|Ranged|1|3|6|-2|3
4235|Dragon Knight|2|1||Solar Carbine|Rapid Fire 2|18|Ranged|2|3|4|0|1
4235|Dragon Knight|3|1||Drakesteed Fangs and Talons|Extra Attacks|Melee|Melee|3|3|5|-1|1
4235|Dragon Knight|4|2||Laser Lance|Lance|Melee|Melee|3|3|6|-2|3
568|Eldrad Ulthran|1|1||Mind War|Anti-character 4+, Precision, Psychic|18|Ranged|1|2|5|-2|D6
568|Eldrad Ulthran|2|1||Shuriken Pistol|Assault, Pistol|12|Ranged|1|2|4|-1|1
568|Eldrad Ulthran|3|1||Staff of Ulthamar and witchblade|Anti-Infantry 2+, Psychic|Melee|Melee|3|2|5|-1|2
609|Falcon|1|1||Bright Lance||36|Ranged|1|3|12|-3|D6+2
609|Falcon|2|1||Missile Launcher - Starshot||48|Ranged|1|3|10|-2|D6
609|Falcon|3|2||Missile Launcher - Sunburst|Blast|48|Ranged|D6|3|4|-1|1
609|Falcon|4|1||Pulse Laser||48|Ranged|3|3|9|-2|D6
609|Falcon|5|1||Scatter Laser|Sustained Hits 1|36|Ranged|6|3|5|0|1
609|Falcon|6|1||Shuriken Cannon|Lethal Hits|24|Ranged|3|3|6|-1|2
609|Falcon|7|1||Starcannon||36|Ranged|2|3|8|-3|2
609|Falcon|8|1||Twin Shuriken Catapult|Assault, Twin Linked|18|Ranged|2|3|4|-1|1
609|Falcon|9|1||Wraithbone hull||Melee|Melee|3|4|6|0|1
582|Farseer|1|1||Eldritch Storm|Blast, Psychic|24|Ranged|D6|3|6|-2|D3
582|Farseer|2|1||Shuriken Pistol|Assault, Pistol|12|Ranged|1|3|4|-1|1
582|Farseer|3|1||Singing Spear|Assault, Psychic|12|Ranged|1|2|9|0|3
582|Farseer|4|2||Singing Spear|Psychic|Melee|Melee|2|2|3|0|3
582|Farseer|5|1||Witchblade|Anti-Infantry 2+, Psychic|Melee|Melee|2|2|3|0|2
583|Farseer Skyrunner|1|1||Eldritch Storm|Blast, Psychic|24|Ranged|D6|3|6|-2|D3
583|Farseer Skyrunner|2|1||Shuriken Pistol|Assault, Pistol|12|Ranged|1|3|4|-1|1
583|Farseer Skyrunner|3|1||Singing Spear|Assault, Psychic|12|Ranged|1|3|9|0|3
583|Farseer Skyrunner|4|1||Twin Shuriken Catapult|Assault, Twin Linked|18|Ranged|2|3|4|-1|1
583|Farseer Skyrunner|5|2||Singing Spear|Psychic|Melee|Melee|2|2|3|0|3
583|Farseer Skyrunner|6|1||Witchblade|Anti-Infantry 2+, Psychic|Melee|Melee|2|2|3|0|2
596|Fire Dragon|1|1||Dragon Fusion Gun|Assault, Melta 3|12|Ranged|1|3|9|-4|D6
596|Fire Dragon|2|1||Dragon Fusion Pistol|Assault, Melta 3, Pistol|6|Ranged|1|3|9|-4|D6
596|Fire Dragon|3|1||Dragon's Breath Flamer|Assault, Ignores cover, Torrent|12|Ranged|D6+2|-|6|-2|1
596|Fire Dragon|4|1||Exarch's Dragon Fusion Gun|Assault, Melta 6|12|Ranged|1|3|9|-4|D6
596|Fire Dragon|5|1||Firepike|Assault, Melta 3|18|Ranged|1|3|12|-4|D6
596|Fire Dragon|6|1||Close combat weapon||Melee|Melee|2|3|3|0|1
596|Fire Dragon|7|1||Dragon Axe||Melee|Melee|3|3|6|-4|D6
610|Fire Prism|1|1||Prism Cannon - dispersed pulse|Blast|60|Ranged|2D6|3|6|-2|2
610|Fire Prism|2|2||Prism Cannon - focused lances|Linked Fire|60|Ranged|2|3|18|-4|6
610|Fire Prism|3|1||Shuriken Cannon|Lethal Hits|24|Ranged|3|3|6|-1|2
610|Fire Prism|4|1||Twin Shuriken Catapult|Assault, Twin Linked|18|Ranged|2|3|4|-1|1
610|Fire Prism|5|1||Wraithbone Hull||Melee|Melee|3|4|6|0|1
1393|Firestorm|1|1||Firestorm Scatter Laser|Anti-Fly 2+|36|Ranged|16|3|5|0|1
1393|Firestorm|2|1||Shuriken Cannon|Sustained Hits 1|24|Ranged|3|3|6|-1|2
1393|Firestorm|3|1||Twin Shuriken Catapult|Assault, Twin Linked|18|Ranged|2|3|4|-1|1
1393|Firestorm|4|1||Wraithbone Hull||Melee|Melee|3|4|6|0|1
574|Fuegan|1|1||Searsong - Beam|Assault, Melta 1, Sustained hits 2|12|Ranged|3|2|8|-3|2
574|Fuegan|2|2||Searsong - Lance|Assault, Melta 6|18|Ranged|1|2|14|-4|D6
574|Fuegan|3|1||The Fire Axe||Melee|Melee|6|2|5|-4|3
589|Guardian Defender|1|1||Bright Lance||36|Ranged|1|3|12|-3|D6+2
589|Guardian Defender|2|1||Missile Launcher - Starshot||48|Ranged|1|3|10|-2|D6
589|Guardian Defender|3|2||Missile Launcher - Sunburst|Blast|48|Ranged|D6|3|4|-1|1
589|Guardian Defender|4|1||Scatter Laser|Sustained Hits 1|36|Ranged|6|3|5|0|1
589|Guardian Defender|5|1||Shuriken Cannon|Lethal Hits|24|Ranged|3|3|6|-1|2
589|Guardian Defender|6|1||Shuriken Catapult|Assault|18|Ranged|2|3|4|-1|1
589|Guardian Defender|7|1||Starcannon||36|Ranged|2|3|8|-3|2
589|Guardian Defender|8|1||Close Combat Weapon||Melee|Melee|1|3|3|0|1
606|Hemlock Wraithfighter|1|1||Heavy D-Scythe|Blast|18|Ranged|D6|4|12|-4|2
606|Hemlock Wraithfighter|2|1||Wraithbone Hull||Melee|Melee|3|4|6|0|1
618|Hornet|1|1||Aeldari Missile Launcher - Starshot||48|Ranged|1|3|10|-2|D6
618|Hornet|2|2||Aeldari Missile Launcher - Sunburst|Blast|48|Ranged|D6|3|4|-1|1
618|Hornet|3|1||Bright Lance||36|Ranged|1|3|12|-3|D6+2
618|Hornet|4|1||Hornet Pulse Laser||36|Ranged|2|3|9|-2|D3
618|Hornet|5|1||Scatter Laser||36|Ranged|6|3|5|0|1
618|Hornet|6|1||Shuriken Cannon|Sustained Hits 1|24|Ranged|3|3|6|-1|2
618|Hornet|7|1||Starcannon||36|Ranged|2|3|8|-3|2
618|Hornet|8|1||Wraithbone Hull||Melee|Melee|3|4|6|0|1
594|Howling Banshee|1|1||Shuriken Pistol|Assault, Pistol|12|Ranged|1|3|4|-1|1
594|Howling Banshee|2|1||Banshee Blade|Anti-Infantry 3+|Melee|Melee|2|2|4|-2|2
570|Illic Nightspear|1|1||Shuriken Pistol|Assault, Pistol|12|Ranged|1|2|4|-1|1
570|Illic Nightspear|2|1||Voidbringer|Devastating Wounds, Heavy, Precision|48|Ranged|1|2|6|-3|3
570|Illic Nightspear|3|1||Aeldari power sword||Melee|Melee|4|2|4|-2|1
630|Irillyth|1|1||Spear of Starlight||24|Ranged|3|3|8|-2|4
630|Irillyth|2|2||Spear of Starlight||Melee|Melee|4|3|5|-2|1
572|Jain Zar|1|1||Silent Death|Assault|12|Ranged|6|2|6|-2|1
572|Jain Zar|2|1||Blade of Destruction|Anti-Infantry 3+|Melee|Melee|8|2|6|-3|2
573|Karandras|1|1||Arhra's Bane|Assault, Pistol|12|Ranged|2|2|5|-1|2
573|Karandras|2|2||Arhra's Bane|Sustained Hits 1|Melee|Melee|5|2|8|-3|2
573|Karandras|3|1||Isirmathil|Sustained Hits 1|Melee|Melee|8|2|6|-1|1
116300|Kharseth|1|1||Dread of the Deep Void|Anti-Infantry 2+, Blast, Hazardous, Ignores Cover, Psychic|24|Ranged|D6+2|3|3|-2|1
116300|Kharseth|2|1||Waystave|Anti-Infantry 2+, Psychic|Melee|Melee|3|2|3|0|3
4236|Leystalker|1|1||Long Rifle|Devastating Wounds: non-Monster/Vehicle, Precision|36|Ranged|2|2|6|-2|3
4236|Leystalker|2|1||Drakesteed Fangs and Talons|Extra Attacks|Melee|Melee|3|3|5|-1|1
4236|Leystalker|3|1||Hunting Blades||Melee|Melee|2|3|3|-1|1
3909|Lhykhis|1|1||Brood Twain|Ignores Cover, Torrent, Twin-Linked|12|Ranged|D6+3|-|6|-2|1
3909|Lhykhis|2|1||Spider's Fangs|Extra Attacks, Lethal Hits|Melee|Melee|5|2|4|-2|1
3909|Lhykhis|3|1||Weaverender|Lethal Hits|Melee|Melee|5|2|6|-2|2
620|Lynx|1|1||Aeldari missile launcher - starshot||48|Ranged|1|3|10|-2|D6
620|Lynx|2|2||Aeldari missile launcher - sunburst|Blast|48|Ranged|D6|3|4|-1|1
620|Lynx|3|1||Bright Lance||36|Ranged|1|3|12|-3|D6+2
620|Lynx|4|1||Lynx Pulsar|Assault|48|Ranged|4|3|16|-3|D6
620|Lynx|5|1||Scatter Laser||36|Ranged|6|3|5|0|1
620|Lynx|6|1||Shuriken Cannon|Sustained Hits 1|24|Ranged|3|3|6|-1|2
620|Lynx|7|1||Starcannon||36|Ranged|2|3|8|-3|2
620|Lynx|8|1||Wraithbone Hull||Melee|Melee|3|4|6|0|1
576|Maugan Ra|1|1||Maugetar|Devastating wounds, Ignores cover|36|Ranged|6|2|7|-2|2
576|Maugan Ra|2|2||Maugetar||Melee|Melee|5|2|6|-2|2
611|Night Spinner|1|1||Doomweaver|Blast, Indirect Fire, Twin Linked|48|Ranged|D6+3|3|7|-1|2
611|Night Spinner|2|1||Shuriken Cannon|Lethal Hits|24|Ranged|3|3|6|-1|2
611|Night Spinner|3|1||Twin Shuriken Catapult|Assault, Twin Linked|18|Ranged|2|3|4|-1|1
611|Night Spinner|4|1||Wraithbone Hull||Melee|Melee|3|4|6|0|1
623|Nightwing|1|1||Twin Bright Lance|Twin-Linked|36|Ranged|1|3|12|-3|D6+2
623|Nightwing|2|1||Twin Shuriken Cannon|Sustained Hits 1, Twin-Linked|24|Ranged|3|3|6|-1|2
623|Nightwing|3|1||Wraithbone Hull||Melee|Melee|3|4|6|0|1
631|Phantom Titan|1|1||D-bombard|Blast, Devastating Wounds|72|Ranged|D6|3|20|-4|2D6
631|Phantom Titan|2|1||Phantom pulsar||120|Ranged|8|3|18|-4|6
631|Phantom Titan|3|1||Phantom starcannon||36|Ranged|4|3|8|-3|2
631|Phantom Titan|4|1||Pulse laser||48|Ranged|3|3|9|-2|D6
631|Phantom Titan|5|1||Voidstorm missile launcher||48|Ranged|2D6|3|8|-3|2
631|Phantom Titan|6|1||Phantom feet||Melee|Melee|4|3|12|-2|4
631|Phantom Titan|7|1||Wraith glaive - strike||Melee|Melee|6|3|18|-4|12
631|Phantom Titan|8|2||Wraith glaive - sweep||Melee|Melee|12|3|8|-3|4
624|Phoenix|1|1||Phoenix missile array|Blast|48|Ranged|D6|3|6|-1|2
624|Phoenix|2|1||Phoenix pulse laser||48|Ranged|4|3|10|-2|D6
624|Phoenix|3|1||Twin shuriken cannon|Sustained Hits 1, Twin-linked|24|Ranged|3|3|6|-1|2
624|Phoenix|4|1||Wraithbone Hull||Melee|Melee|3|4|6|0|1
4194|Prince Yriel|1|1||Shuriken Pistol|Assault, Pistol|12|Ranged|1|2|4|-1|1
4194|Prince Yriel|2|1||The Eye of Wrath|Assault, Pistol|6|Ranged|3|2|6|-2|2
4194|Prince Yriel|3|1||The Spear of Twilight|Lance|Melee|Melee|5|2|7|-3|3
592|Rangers|1|1||Long rifle|Heavy, Precision|36|Ranged|1|3|4|-1|2
592|Rangers|2|1||Shuriken Pistol|Assault, Pistol|12|Ranged|1|2|4|-1|1
592|Rangers|3|1||Close Combat Weapon||Melee|Melee|1|3|3|0|1
628|Revenant Titan|1|1||Cloudburst missile launcher|Blast|36|Ranged|2D6|3|8|-2|2
628|Revenant Titan|2|1||Revenant Pulsar|Assault|60|Ranged|6|3|14|-3|4
628|Revenant Titan|3|1||Sonic Lance|Anti-Monster 4+, Anti-Vehicle 4+, Assault, Torrent|18|Ranged|D6+6|-|8|-3|2
628|Revenant Titan|4|1||Revenant feet||Melee|Melee|8|3|10|-1|3
621|Scorpion|1|1||Aeldari missile launcher - starshot||48|Ranged|1|3|10|-2|D6
621|Scorpion|2|2||Aeldari missile launcher - sunburst|Blast|48|Ranged|D6|3|4|-1|1
621|Scorpion|3|1||Bright Lance||36|Ranged|1|3|12|-3|D6+2
621|Scorpion|4|1||Scatter Laser||36|Ranged|6|3|5|0|1
621|Scorpion|5|1||Shuriken Cannon|Sustained Hits 1|24|Ranged|3|3|6|-1|2
621|Scorpion|6|1||Starcannon||36|Ranged|2|3|8|-3|2
621|Scorpion|7|1||Twin Scorpion Pulsar|Twin-Linked|60|Ranged|6|3|18|-3|5
621|Scorpion|8|1||Wraithbone Hull||Melee|Melee|6|4|6|0|1
615|Shadow Spectre Exarch|1|1||Prism Rifle - dispersed|Blast|18|Ranged|D6|3|4|-1|1
615|Shadow Spectre Exarch|2|2||Prism Rifle - focused||24|Ranged|1|3|6|-2|3
615|Shadow Spectre Exarch|3|1||Close Combat Weapon||Melee|Melee|2|3|3|0|1
3911|Shadow Weaver Platform|1|1||Shadow weaver|Blast, Indirect Fire|48|Ranged|D6+2|3|6|-1|1
3911|Shadow Weaver Platform|2|1||Shuriken Catapult|Assault|18|Ranged|2|3|4|-1|1
3911|Shadow Weaver Platform|3|1||Close Combat Weapon||Melee|Melee|2|3|3|0|1
2535|Shadowseer|1|1||Neuro Disruptor|Anti-infantry 2+, Assault, Pistol|12|Ranged|1|2|4|-2|1
2535|Shadowseer|2|1||Shuriken Pistol|Assault, Pistol|12|Ranged|1|2|4|-1|1
2535|Shadowseer|3|1||Miststave|Psychic|Melee|Melee|4|2|5|-1|D3
602|Shining Spear|1|1||Laser Lance|Assault|6|Ranged|1|3|6|-2|3
602|Shining Spear|2|1||Shuriken Cannon|Lethal Hits|24|Ranged|3|3|6|-1|2
602|Shining Spear|3|1||Star Lance|Assault|6|Ranged|1|3|9|-3|3
602|Shining Spear|4|1||Twin Shuriken Catapult|Assault, Twin Linked|18|Ranged|2|3|4|-1|1
602|Shining Spear|5|2||Laser Lance|Anti-Monster 3+, Anti-Vehicle 3+, Lance|Melee|Melee|3|3|5|-2|3
602|Shining Spear|6|1||Paragon Sabre||Melee|Melee|6|3|5|-2|2
602|Shining Spear|7|2||Star Lance|Anti-Monster 3+, Anti-Vehicle 3+, Lance|Melee|Melee|4|3|5|-3|3
2533|Shroud Runner|1|1||Long rifle|Precision|36|Ranged|1|2|4|-1|2
2533|Shroud Runner|2|1||Scatter Laser|Sustained Hits 1|36|Ranged|6|3|5|0|1
2533|Shroud Runner|3|1||Shuriken Pistol|Assault, Pistol|12|Ranged|1|2|4|-1|1
2533|Shroud Runner|4|1||Close Combat Weapon||Melee|Melee|1|3|3|0|1
627|Skathach Wraithknight|1|1||Deathshroud Cannon - Dispersed|Blast, Devastating Wounds|12|Ranged|3D6|3|6|-1|1
627|Skathach Wraithknight|2|2||Deathshroud Cannon - Focused|Blast, Devastating Wounds|48|Ranged|D6|3|10|-3|2
627|Skathach Wraithknight|3|1||Inferno Lance|Melta 2|24|Ranged|4|3|12|-4|D6
627|Skathach Wraithknight|4|1||Scatter Laser||36|Ranged|6|3|5|0|1
627|Skathach Wraithknight|5|1||Shuriken Cannon|Sustained Hits 1|24|Ranged|3|3|6|-1|2
627|Skathach Wraithknight|6|1||Starcannon||36|Ranged|2|3|8|-3|2
627|Skathach Wraithknight|7|1||Titanic Feet||Melee|Melee|5|3|8|-1|2
2539|Skyweaver|1|1||Shuriken Cannon|Lethal Hits|24|Ranged|3|3|6|-1|2
2539|Skyweaver|2|1||Skyweaver Haywire Cannon|Anti-Vehicle 4+, Devastating Wounds|24|Ranged|2|3|3|-1|3
2539|Skyweaver|3|1||Star Bolas||12|Ranged|D3|3|7|-2|2
2539|Skyweaver|4|1||Close Combat Weapon||Melee|Melee|4|3|3|0|1
2539|Skyweaver|5|1||Zephyrglaive||Melee|Melee|4|3|6|-2|2
2538|Solitaire|1|1||Solitaire Weapons|Precision|Melee|Melee|9|2|6|-2|2
588|Spiritseer|1|1||Shuriken Pistol|Assault, Pistol|12|Ranged|1|2|4|-1|1
588|Spiritseer|2|1||Witch Staff|Anti-infantry 2+, Psychic|Melee|Melee|2|2|3|0|D3
4195|Starfang|1|1||Disintegrator Cannon|Assault|36|Ranged|3|3|6|-3|2
4195|Starfang|2|1||Starfang Grenade Launcher|Assault, Blast|36|Ranged|D3|3|6|-3|2
4195|Starfang|3|1||Wraithbone Hull||Melee|Melee|3|4|6|0|1
2541|Starweaver|1|1||Shuriken Cannon|Lethal Hits|24|Ranged|3|3|6|-1|2
2541|Starweaver|2|1||Close Combat Weapon||Melee|Melee|4|3|3|0|1
4237|Stonesinger|1|1||Solar Carbine|Rapid Fire 2|18|Ranged|2|3|4|0|1
4237|Stonesinger|2|1||Song of Waning|Anti-Monster/Vehicle 3+, Psychic|24|Ranged|3|3|4|-2|3
4237|Stonesinger|3|1||Venomcrest Spit|Anti-non-Monster/Vehicle 3+, Blast 1, Torrent|12|Ranged|3|-|3|-2|2
4237|Stonesinger|4|1||Drakesteed Fangs and Talons|Extra Attacks|Melee|Melee|3|3|5|-1|1
4237|Stonesinger|5|1||Stone Stave|ANTI-non‑MONSTER/VEHICLE 2+, PSYCHIC|Melee|Melee|3|3|3|-1|2
590|Serpent's Scale Platform|1|1||Flamer|Assault, Ignores Cover, Torrent|12|Ranged|D6|-|4|0|1
590|Serpent's Scale Platform|2|1||Fusion gun|Assault, Melta 2|12|Ranged|1|3|8|-4|D6
590|Serpent's Scale Platform|3|1||Shuriken Pistol|Assault, Pistol|12|Ranged|1|3|4|-1|1
590|Serpent's Scale Platform|4|1||Close Combat Weapon||Melee|Melee|2|3|3|0|1
590|Serpent's Scale Platform|5|1||Power sword||Melee|Melee|2|3|4|-2|1
595|Striking Scorpion|1|1||Shuriken pistol|Assault, Pistol|12|Ranged|1|3|4|-1|1
595|Striking Scorpion|2|1||Scorpion chainsword|Sustained Hits 1|Melee|Melee|4|3|4|-1|1
600|Swooping Hawk|1|1||Exarch's Lasblaster|Assault, Lethal Hits|24|Ranged|4|3|5|-1|1
600|Swooping Hawk|2|1||Hawk's Talon|Lethal Hits|24|Ranged|2|3|6|-2|2
600|Swooping Hawk|3|1||Lasblaster|Assault, Lethal Hits|24|Ranged|4|3|4|0|1
600|Swooping Hawk|4|1||Scatter Laser|Sustained Hits 1|36|Ranged|6|3|5|0|1
600|Swooping Hawk|5|1||Sunpistol|Assault, Lethal Hits, Pistol|12|Ranged|2|3|4|0|1
600|Swooping Hawk|6|1||Close Combat Weapon||Melee|Melee|2|3|3|0|1
600|Swooping Hawk|7|1||Power Sword||Melee|Melee|5|3|4|-2|1
2543|The Visarch|1|1||Asu-var - duellist stance|Devastating Wounds, Precision|Melee|Melee|6|2|5|-2|2
2543|The Visarch|2|2||Asu-var - mythic stance|Anti-Epic Hero 2+, Precision|Melee|Melee|4|2|3|-4|3
2543|The Visarch|3|3||Asu-var - quicksilver stance|Sustained Hits 2|Melee|Melee|8|2|4|-1|1
2544|The Yncarne|1|1||Swirling soul energy|Ignores Cover, Psychic, Torrent|12|Ranged|D6+3|-|7|-1|D3
2544|The Yncarne|2|1||Vilith-zhar - Strike||Melee|Melee|5|2|12|-4|D6+1
2544|The Yncarne|3|2||Vilith-zhar - Sweep||Melee|Melee|10|2|6|-4|1
2536|Troupe|1|1||Fusion Pistol|Assault, Melta 2, Pistol|6|Ranged|1|3|8|-4|D6
2536|Troupe|2|1||Neuro Disruptor|Anti-infantry 2+, Assault, Pistol|12|Ranged|1|3|4|-2|1
2536|Troupe|3|1||Shuriken Pistol|Assault, Pistol|12|Ranged|1|3|4|-1|1
2536|Troupe|4|1||Harlequin's Blade|Devastating Wounds|Melee|Melee|5|3|3|-1|1
2536|Troupe|5|1||Harlequin's Special Weapon|Devastating Wounds|Melee|Melee|4|3|4|-1|1
2536|Troupe|6|1||Power sword|Devastating Wounds|Melee|Melee|5|3|4|-2|1
2534|Troupe Master|1|1||Fusion Pistol|Assault, Melta 2, Pistol|6|Ranged|1|2|8|-4|D6
2534|Troupe Master|2|1||Neuro Disruptor|Anti-infantry 2+, Assault, Pistol|12|Ranged|1|2|4|-2|1
2534|Troupe Master|3|1||Shuriken Pistol|Assault, Pistol|12|Ranged|1|2|4|-1|1
2534|Troupe Master|4|1||Harlequin's Special Weapon|Devastating Wounds|Melee|Melee|6|2|4|-1|2
2534|Troupe Master|5|1||Troupe Master's Blade|Devastating Wounds|Melee|Melee|5|2|5|-2|2
626|Vampire Hunter|1|1||Scatter Laser||36|Ranged|6|3|5|0|1
626|Vampire Hunter|2|1||Twin Pulse Laser|Twin-Linked|48|Ranged|3|3|9|-2|D6
626|Vampire Hunter|3|1||Twin Vampire Pulsar|Twin-Linked|60|Ranged|3|3|12|-3|4
626|Vampire Hunter|4|1||Wraithbone Hull||Melee|Melee|6|4|6|0|1
625|Vampire Raider|1|1||Scatter Laser||36|Ranged|6|3|5|0|1
625|Vampire Raider|2|1||Twin Pulse Laser|Twin-Linked|48|Ranged|3|3|9|-2|D6
625|Vampire Raider|3|1||Wraithbone Hull||Melee|Melee|6|4|6|0|1
3912|Vibro Cannon Platform|1|1||Shuriken Catapult|Assault|18|Ranged|2|3|4|-1|1
3912|Vibro Cannon Platform|2|1||Vibro Cannon||48|Ranged|D6|3|9|-1|2
3912|Vibro Cannon Platform|3|1||Close Combat Weapon||Melee|Melee|2|3|3|0|1
2540|Voidweaver|1|1||Prismatic Cannon - dispersed pulse|Blast|24|Ranged|2D6|3|4|0|1
2540|Voidweaver|2|2||Prismatic Cannon - focused lances||24|Ranged|2|3|12|-3|4
2540|Voidweaver|3|1||Shuriken Cannon|Lethal Hits|24|Ranged|3|3|6|-1|2
2540|Voidweaver|4|1||Voidweaver Haywire Cannon|Anti-vehicle 4+, Devastating Wounds|24|Ranged|3|3|4|-1|3
2540|Voidweaver|5|1||Close Combat Weapon||Melee|Melee|4|3|3|0|1
605|Vyper|1|1||Bright Lance||48|Ranged|1|3|12|-3|D6+2
605|Vyper|2|1||Missile Launcher - Starshot||48|Ranged|1|3|10|-2|D6
605|Vyper|3|2||Missile Launcher - Sunburst|Blast|48|Ranged|D6|3|4|-1|1
605|Vyper|4|1||Scatter Laser|Sustained Hits 2|36|Ranged|6|3|5|0|1
605|Vyper|5|1||Shuriken Cannon|Lethal Hits|24|Ranged|3|3|6|-1|2
605|Vyper|6|1||Starcannon||36|Ranged|2|2|8|-3|2
605|Vyper|7|1||Wraithbone Hull||Melee|Melee|3|4|6|0|1
612|War Walker|1|1||Bright Lance||36|Ranged|1|3|12|-3|D6+2
612|War Walker|2|1||Missile Launcher - Starshot||48|Ranged|1|3|10|-2|D6
612|War Walker|3|2||Missile Launcher - Sunburst|Blast|48|Ranged|D6|3|4|-1|1
612|War Walker|4|1||Scatter Laser|Sustained Hits 1|36|Ranged|6|3|5|0|1
612|War Walker|5|1||Shuriken Cannon|Lethal Hits|24|Ranged|3|3|6|-1|2
612|War Walker|6|1||Starcannon||36|Ranged|2|3|8|-3|2
612|War Walker|7|1||War Walker feet||Melee|Melee|3|3|5|0|1
585|Warlock|1|1||Destructor|Psychic, Torrent|12|Ranged|D6|-|5|-1|1
585|Warlock|2|1||Shuriken Pistol|Assault, Pistol|12|Ranged|1|3|4|-1|1
585|Warlock|3|1||Singing Spear|Assault, Psychic|12|Ranged|1|3|9|0|3
585|Warlock|4|2||Singing Spear|Psychic|Melee|Melee|2|3|3|0|3
585|Warlock|5|1||Witchblade|Anti-Infantry 2+, Psychic|Melee|Melee|2|3|3|0|2
584|Warlock|1|1||Destructor|Psychic, Torrent|12|Ranged|D6|-|5|-1|1
584|Warlock|2|1||Shuriken Pistol|Assault, Pistol|12|Ranged|1|3|4|-1|1
584|Warlock|3|1||Singing Spear|Assault, Psychic|12|Ranged|1|3|9|0|3
584|Warlock|4|2||Singing Spear|Psychic|Melee|Melee|2|3|3|0|3
584|Warlock|5|1||Witchblade|Anti-Infantry 2+, Psychic|Melee|Melee|2|3|3|0|2
587|Warlock Skyrunner|1|1||Destructor|Psychic, Torrent|12|Ranged|D6|-|5|-1|1
587|Warlock Skyrunner|2|1||Shuriken Pistol|Assault, Pistol|12|Ranged|1|3|4|-1|1
587|Warlock Skyrunner|3|1||Singing Spear|Assault, Psychic|12|Ranged|1|3|9|0|3
587|Warlock Skyrunner|4|1||Twin Shuriken Catapult|Assault, Twin Linked|18|Ranged|2|3|4|-1|1
587|Warlock Skyrunner|5|2||Singing Spear|Psychic|Melee|Melee|2|3|3|0|3
587|Warlock Skyrunner|6|1||Witchblade|Anti-Infantry 2+, Psychic|Melee|Melee|2|3|3|0|2
619|Warp Hunter|1|1||D-Flail - blast|Blast, Devastating Wounds|24|Ranged|D3|3|12|-4|3
619|Warp Hunter|2|2||D-Flail - rift|Devastating Wounds, Torrent|12|Ranged|D3|-|12|-4|3
619|Warp Hunter|3|1||Shuriken Cannon|Sustained Hits 1|24|Ranged|3|3|6|-1|2
619|Warp Hunter|4|1||Twin Shuriken Catapult|Assault, Twin Linked|18|Ranged|2|3|4|-1|1
619|Warp Hunter|5|1||Wraithbone Hull||Melee|Melee|3|4|6|0|1
601|Warp Spider|1|1||Death spinner|Ignores Cover, Torrent|12|Ranged|D6|-|4|-1|1
601|Warp Spider|2|1||Death Weavers|Ignores Cover, Torrent, Twin-Linked|6|Ranged|D6|-|4|-1|1
601|Warp Spider|3|1||Exarch's Deathspinner|Ignores Cover, Torrent|12|Ranged|D6|-|6|-2|1
601|Warp Spider|4|1||Spinneret Rifle|Ignores Cover, Torrent|18|Ranged|D6|-|5|-1|1
601|Warp Spider|5|1||Close Combat Weapon||Melee|Melee|2|3|3|0|1
601|Warp Spider|6|1||Powerblade Array|Lethal Hits, Twin-Linked|Melee|Melee|10|3|4|-2|1
601|Warp Spider|7|1||Powerblades|Lethal Hits, Twin-Linked|Melee|Melee|5|3|4|-2|1
616|Wasp Assault Walker|1|1||Aeldari missile launcher - starshot||48|Ranged|1|3|10|-2|D6
616|Wasp Assault Walker|2|2||Aeldari missile launcher - sunburst|Blast|48|Ranged|D6|3|4|-1|1
616|Wasp Assault Walker|3|1||Bright Lance||36|Ranged|1|3|12|-3|D6+2
616|Wasp Assault Walker|4|1||Scatter Laser||36|Ranged|6|3|5|0|1
616|Wasp Assault Walker|5|1||Shuriken Cannon|Sustained Hits 1|24|Ranged|3|3|6|-1|2
616|Wasp Assault Walker|6|1||Starcannon||36|Ranged|2|3|8|-3|2
616|Wasp Assault Walker|7|1||Wasp feet||Melee|Melee|3|3|5|0|1
599|Wave Serpent|1|1||Shuriken Cannon|Lethal Hits|24|Ranged|3|3|6|-1|2
599|Wave Serpent|2|1||Twin Aeldari Missile Launcher - Starshot|Twin-Linked|48|Ranged|1|3|10|-2|D6
599|Wave Serpent|3|2||Twin Aeldari Missile Launcher - Sunburst|Blast, Twin-Linked|48|Ranged|D6|3|4|-1|1
599|Wave Serpent|4|1||Twin Bright Lance|Twin-Linked|36|Ranged|1|3|12|-3|D6+2
599|Wave Serpent|5|1||Twin Scatter Laser|Sustained Hits 1, Twin-Linked|36|Ranged|6|3|5|0|1
599|Wave Serpent|6|1||Twin Shuriken Cannon|Lethal Hits, Twin-Linked|24|Ranged|3|3|6|-1|2
599|Wave Serpent|7|1||Twin Shuriken Catapult|Assault, Twin Linked|18|Ranged|2|3|4|-1|1
599|Wave Serpent|8|1||Twin Starcannon|Twin-Linked|36|Ranged|2|3|8|-3|2
599|Wave Serpent|9|1||Wraithbone Hull||Melee|Melee|3|4|6|0|1
591|Windriders|1|1||Scatter laser|Sustained Hits 1|36|Ranged|6|3|5|0|1
591|Windriders|2|1||Shuriken cannon|Lethal Hits|24|Ranged|3|3|6|-1|2
591|Windriders|3|1||Twin shuriken catapult|Assault, Twin-linked|18|Ranged|2|3|4|-1|1
591|Windriders|4|1||Close combat weapon||Melee|Melee|3|3|3|0|1
598|Wraithblade|1|1||Ghostaxe||Melee|Melee|3|4|7|-2|2
598|Wraithblade|2|1||Ghostswords||Melee|Melee|5|4|5|-2|2
597|Wraithguard|1|1||D-Scythe|Torrent|12|Ranged|D6|-|7|-3|1
597|Wraithguard|2|1||Wraithcannon||18|Ranged|1|4|14|-4|D6+1
597|Wraithguard|3|1||Close Combat Weapon||Melee|Melee|3|4|5|0|1
3913|Wraithknight|1|1||Heavy Wraithcannon|Devastating Wounds|36|Ranged|D3|3|20|-4|2D6
3913|Wraithknight|2|1||Scatter Laser|Sustained Hits 1|36|Ranged|6|3|5|0|1
3913|Wraithknight|3|1||Shuriken Cannon|Lethal Hits|24|Ranged|3|3|6|-1|2
3913|Wraithknight|4|1||Starcannon||36|Ranged|2|3|8|-3|2
3913|Wraithknight|5|1||Suncannon|Blast|48|Ranged|D6+4|3|10|-3|3
3913|Wraithknight|6|1||Titanic Feet||Melee|Melee|5|3|8|-1|2
146913|Wraithknight|1|1||Heavy Wraithcannon|Devastating Wounds|36|Ranged|D3|3|20|-4|2D6
146913|Wraithknight|2|1||Scatter Laser|Sustained Hits 1|36|Ranged|6|3|5|0|1
146913|Wraithknight|3|1||Shuriken Cannon|Lethal Hits|24|Ranged|3|3|6|-1|2
146913|Wraithknight|4|1||Starcannon||36|Ranged|2|3|8|-3|2
146913|Wraithknight|5|1||Titanic Ghostglaive - Strike||Melee|Melee|5|3|16|-3|6
146913|Wraithknight|6|2||Titanic Ghostglaive - Sweep||Melee|Melee|15|3|8|-2|2
613|Wraithlord|1|1||Aeldari Missile Launcher - Starshot||48|Ranged|1|4|10|-2|D6
613|Wraithlord|2|2||Aeldari Missile Launcher - Sunburst|Blast|48|Ranged|D6|4|4|-1|1
613|Wraithlord|3|1||Bright Lance||36|Ranged|1|4|12|-3|D6+2
613|Wraithlord|4|1||Flamer|Assault, Ignores cover, Torrent|12|Ranged|D6|-|4|0|1
613|Wraithlord|5|1||Scatter Laser|Sustained Hits 1|36|Ranged|6|4|5|0|1
613|Wraithlord|6|1||Shuriken Cannon|Lethal Hits|24|Ranged|3|4|6|-1|2
613|Wraithlord|7|1||Shuriken Catapult|Assault|18|Ranged|2|4|4|-1|1
613|Wraithlord|8|1||Starcannon||36|Ranged|2|4|8|-3|2
613|Wraithlord|9|1||Ghostglaive - Strike||Melee|Melee|4|4|10|-3|D6+1
613|Wraithlord|10|2||Ghostglaive - Sweep||Melee|Melee|8|4|7|-2|2
613|Wraithlord|11|1||Wraithbone Fists||Melee|Melee|4|4|7|-2|2
617|Wraithseer|1|1||Aeldari Missile Launcher - Starshot||48|Ranged|1|4|10|-2|D6
617|Wraithseer|2|2||Aeldari Missile Launcher - Sunburst|Blast|48|Ranged|D6|4|4|-1|1
617|Wraithseer|3|1||Bright Lance||36|Ranged|1|4|12|-3|D6+2
617|Wraithseer|4|1||Destructor|Psychic, Torrent|12|Ranged|D6|-|5|-1|1
617|Wraithseer|5|1||Scatter Laser||36|Ranged|6|4|5|0|1
617|Wraithseer|6|1||Shuriken Cannon|Sustained Hits 1|24|Ranged|3|4|6|-1|2
617|Wraithseer|7|1||Starcannon||36|Ranged|2|4|8|-3|2
617|Wraithseer|8|1||Wraithseer D-Cannon|Devastating Wounds|24|Ranged|1|4|14|-4|D6
617|Wraithseer|9|1||Ghostspear - Strike|Anti-Infantry 2+, Precision, Psychic|Melee|Melee|4|4|10|-2|3
617|Wraithseer|10|2||Ghostspear - Sweep|Anti-Infantry 2+, Psychic|Melee|Melee|12|4|7|-1|1
3914|Archon|1|1||Blast Pistol|Pistol|6|Ranged|1|2|8|-3|D3
3914|Archon|2|1||Splinter Pistol|Anti-Infantry 3+, Assault, Pistol|12|Ranged|1|2|2|0|1
3914|Archon|3|1||Huskblade|Anti-Infantry 3+|Melee|Melee|5|2|3|-2|2
3918|Incubi|1|1||Demiklaives - Dual Blades|Twin-Linked|Melee|Melee|6|3|4|-1|1
3918|Incubi|2|2||Demiklaives - Single Blade||Melee|Melee|3|3|4|-2|2
3918|Incubi|3|1||Klaive||Melee|Melee|3|3|4|-2|2
3916|Kabalite Warriors|1|1||Blast Pistol|Pistol|6|Ranged|1|3|8|-3|D3
3916|Kabalite Warriors|2|1||Blaster|Assault|18|Ranged|1|3|8|-4|D6+1
3916|Kabalite Warriors|3|1||Dark Lance|Heavy|36|Ranged|1|4|12|-3|D6+2
3916|Kabalite Warriors|4|1||Shredder|Assault, Torrent|18|Ranged|D6|-|6|0|1
3916|Kabalite Warriors|5|1||Splinter Cannon|Anti-Infantry 3+, Heavy, Sustained Hits 1|36|Ranged|3|4|3|-1|2
3916|Kabalite Warriors|6|1||Splinter Pistol|Anti-Infantry 3+, Assault, Pistol|12|Ranged|1|2|2|0|1
3916|Kabalite Warriors|7|1||Splinter Rifle|Anti-Infantry 3+, Assault|24|Ranged|2|3|2|0|1
3916|Kabalite Warriors|8|1||Close Combat Weapon||Melee|Melee|2|3|3|0|1
3916|Kabalite Warriors|9|1||Sybarite Weapon|Anti-Infantry 3+|Melee|Melee|3|3|3|-1|1
3920|Raider|1|1||Dark Lance||36|Ranged|1|3|12|-3|D6+2
3920|Raider|2|1||Disintegrator Cannon||36|Ranged|3|3|5|-2|2
3920|Raider|3|1||Bladevanes||Melee|Melee|3|4|6|0|1
3919|Reavers|1|1||Blaster|Assault|18|Ranged|1|3|8|-4|D6+1
3919|Reavers|2|1||Heat Lance|Assault, Melta 3|18|Ranged|1|3|14|-4|D6
3919|Reavers|3|1||Splinter Pistol|Anti-Infantry 3+, Assault, Pistol|12|Ranged|1|3|2|0|1
3919|Reavers|4|1||Splinter Rifle|Anti-Infantry 3+, Assault|24|Ranged|2|3|2|0|1
3919|Reavers|5|1||Agonizer|Anti-Infantry 3+|Melee|Melee|4|3|3|-1|1
3919|Reavers|6|1||Bladevanes||Melee|Melee|3|3|4|0|1
3915|Succubus|1|1||Blast Pistol|Pistol|6|Ranged|1|2|8|-3|D3
3915|Succubus|2|1||Splinter Pistol|Anti-Infantry 3+, Assault, Pistol|12|Ranged|1|2|2|0|1
3915|Succubus|3|1||Succubus Weapons|Anti-Infantry 3+|Melee|Melee|6|2|3|-2|1
3921|Venom|1|1||Splinter Cannon|Anti-Infantry 3+, Sustained hits 1|36|Ranged|3|3|3|-1|2
3921|Venom|2|1||Twin Splinter Rifle|Anti-Infantry 3+, Assault, Rapid Fire 1, Twin Linked|24|Ranged|2|3|2|0|1
3921|Venom|3|1||Bladevanes||Melee|Melee|3|4|5|0|1
3917|Wyches|1|1||Blast Pistol|Pistol|6|Ranged|1|3|8|-3|D3
3917|Wyches|2|1||Splinter Pistol|Anti-Infantry 3+, Assault, Pistol|12|Ranged|1|3|2|0|1
3917|Wyches|3|1||Hekatarii Blade||Melee|Melee|3|3|3|-1|1
2542|Yvraine|1|1||Storm of Whispers|Anti-Infantry 2+, Devastating Wounds, Psychic|12|Ranged|D6+3|2|2|-2|1
2542|Yvraine|2|1||Kha-vir|Devastating Wounds|Melee|Melee|5|2|4|-3|2
713|‘Iron Hand’ Straken|1|1||Auto Shotgun|Assault|12|Ranged|3|3|4|0|2
713|‘Iron Hand’ Straken|2|1||Plasma pistol - standard|Pistol|12|Ranged|1|3|7|-2|1
713|‘Iron Hand’ Straken|3|2||Plasma pistol - supercharge|Hazardous, Pistol|12|Ranged|1|3|8|-3|2
713|‘Iron Hand’ Straken|4|1||Bionic Arm with Devil's Claw|Anti-Monster 4+|Melee|Melee|6|2|6|-2|2
778|Aquila Lander|1|1||Autocannon||48|Ranged|2|4|9|-1|3
778|Aquila Lander|2|1||Heavy bolter|Sustained Hits 1|36|Ranged|3|4|5|-1|2
778|Aquila Lander|3|1||Multi-laser||36|Ranged|4|4|6|0|1
778|Aquila Lander|4|1||Armoured hull||Melee|Melee|3|4|6|0|1
764|Arkurian Stormhammer|1|1||Heavy bolter|Sustained Hits 1|36|Ranged|3|4|5|-1|2
764|Arkurian Stormhammer|2|1||Heavy flamer|Ignores Cover, Torrent|12|Ranged|D6|-|5|-1|1
764|Arkurian Stormhammer|3|1||Heavy stubber|Rapid Fire 3|36|Ranged|3|4|4|0|1
764|Arkurian Stormhammer|4|1||Hunter-killer missile|One Shot|48|Ranged|1|4|14|-3|D6
764|Arkurian Stormhammer|5|1||Lascannon||48|Ranged|1|4|12|-3|D6+1
764|Arkurian Stormhammer|6|1||Multi-laser||48|Ranged|4|4|6|0|1
764|Arkurian Stormhammer|7|1||Storm bolter|Rapid Fire 2|24|Ranged|2|4|4|0|1
764|Arkurian Stormhammer|8|1||Stormhammer cannon|Blast|72|Ranged|3D6|4|12|-2|3
764|Arkurian Stormhammer|9|1||Twin battle cannon|Blast, Twin-linked|48|Ranged|D6+3|4|9|-1|3
764|Arkurian Stormhammer|10|1||Armoured tracks||Melee|Melee|6|4|8|0|1
739|Armageddon-pattern Medusa|1|1||Heavy bolter|Sustained Hits 1|36|Ranged|3|4|5|-1|2
739|Armageddon-pattern Medusa|2|1||Heavy flamer|Ignores Cover, Torrent|12|Ranged|D6|-|5|-1|1
739|Armageddon-pattern Medusa|3|1||Heavy stubber|Rapid Fire 3|36|Ranged|3|4|4|0|1
739|Armageddon-pattern Medusa|4|1||Hunter-killer missile|One Shot|48|Ranged|1|4|14|-3|D6
739|Armageddon-pattern Medusa|5|1||Medusa siege cannon|Blast, Indirect Fire|36|Ranged|D6|4|12|-2|4
739|Armageddon-pattern Medusa|6|1||Storm bolter|Rapid Fire 2|24|Ranged|2|4|4|0|1
739|Armageddon-pattern Medusa|7|1||Armoured tracks||Melee|Melee|3|4|6|0|1
691|Armoured Sentinel|1|1||Autocannon||48|Ranged|2|4|9|-1|3
691|Armoured Sentinel|2|1||Heavy flamer|Ignores Cover, Torrent|12|Ranged|D6|-|5|-1|1
691|Armoured Sentinel|3|1||Hunter-killer missile|One Shot|48|Ranged|1|4|14|-3|D6
691|Armoured Sentinel|4|1||Lascannon||48|Ranged|1|4|12|-3|D6+1
691|Armoured Sentinel|5|1||Missile launcher - frag|Blast, Heavy|48|Ranged|D6|4|4|0|1
691|Armoured Sentinel|6|2||Missile launcher - krak|Heavy|48|Ranged|1|4|9|-2|D6
691|Armoured Sentinel|7|1||Multi-laser||36|Ranged|4|4|6|0|1
691|Armoured Sentinel|8|1||Plasma cannon - standard|Blast|36|Ranged|D3|4|7|-2|1
691|Armoured Sentinel|9|2||Plasma cannon - supercharge|Blast, Hazardous|36|Ranged|D3|4|8|-3|2
691|Armoured Sentinel|10|1||Close combat weapon||Melee|Melee|2|4|6|0|1
691|Armoured Sentinel|11|1||Sentinel chainsaw||Melee|Melee|3|4|6|-1|1
3897|Artillery Team|1|1||Heavy mortar|Blast, Heavy, Indirect Fire|48|Ranged|D6+3|5|8|-1|2
3897|Artillery Team|2|1||Heavy quad launcher|Blast, Heavy, Indirect Fire, Twin-linked|48|Ranged|2D6|5|5|0|1
3897|Artillery Team|3|1||Lasgun|Rapid Fire 1|24|Ranged|1|4|3|0|1
3897|Artillery Team|4|1||Multiple rocket launcher|Anti-Infantry 3+, Blast, Heavy, Indirect Fire|48|Ranged|D6+3|5|2|-1|1
3897|Artillery Team|5|1||Siege cannon|Blast, Heavy, Indirect Fire|48|Ranged|D6|5|12|-2|3
3897|Artillery Team|6|1||Crew close combat weapons||Melee|Melee|3|4|3|0|1
779|Arvus Lighter|1|1||Armoured Hull||Melee|Melee|2|4|5|0|1
728|Atlas Recovery Vehicle|1|1||Heavy bolter|Sustained Hits 1|36|Ranged|3|4|5|-1|2
728|Atlas Recovery Vehicle|2|1||Heavy stubber|Rapid Fire 3|36|Ranged|3|4|4|0|1
728|Atlas Recovery Vehicle|3|1||Hunter-killer missile|One Shot|48|Ranged|1|4|14|-3|D6
728|Atlas Recovery Vehicle|4|1||Storm bolter|Rapid Fire 2|24|Ranged|2|4|4|0|1
728|Atlas Recovery Vehicle|5|1||Armoured tracks||Melee|Melee|3|4|6|0|1
2616|Attilan Rough Rider|1|1||Lasgun|Rapid Fire 1|24|Ranged|1|4|3|0|1
2616|Attilan Rough Rider|2|1||Laspistol|Pistol|12|Ranged|1|4|3|0|1
2616|Attilan Rough Rider|3|1||Goad lance|Lance|Melee|Melee|2|3|6|-2|2
2616|Attilan Rough Rider|4|1||Hunting lance - frag tip|Lance|Melee|Melee|D6|3|4|0|1
2616|Attilan Rough Rider|5|2||Hunting lance - melta tip|Lance|Melee|Melee|1|3|9|-4|D6
2616|Attilan Rough Rider|6|1||Power sabre||Melee|Melee|4|3|4|-2|1
2616|Attilan Rough Rider|7|1||Steed's hooves|Extra Attacks|Melee|Melee|2|4|4|0|1
780|Avenger Strike Fighter|1|1||Avenger bolt cannon|Sustained Hits 1|36|Ranged|10|4|6|-1|2
780|Avenger Strike Fighter|2|1||Heavy stubber|Rapid Fire 3|36|Ranged|3|4|4|0|1
780|Avenger Strike Fighter|3|1||Lascannon||48|Ranged|1|4|12|-3|D6+1
780|Avenger Strike Fighter|4|1||Armoured hull||Melee|Melee|6|4|8|0|1
702|Baneblade|1|1||Baneblade cannon|Blast|72|Ranged|3D6|4|12|-2|3
702|Baneblade|2|1||Coaxial autocannon||48|Ranged|2|4|9|-1|3
702|Baneblade|3|1||Demolisher cannon|Blast|24|Ranged|D6+3|4|14|-3|D6
702|Baneblade|4|1||Heavy stubber|Rapid Fire 3|36|Ranged|3|4|4|0|1
702|Baneblade|5|1||Lascannon||48|Ranged|1|4|12|-3|D6+1
702|Baneblade|6|1||Twin heavy bolter|Sustained Hits 1, Twin-linked|36|Ranged|3|4|5|-1|2
702|Baneblade|7|1||Twin heavy flamer|Ignores Cover, Torrent, Twin-linked|12|Ranged|D6|-|5|-1|1
702|Baneblade|8|1||Armoured tracks||Melee|Melee|6|4|8|0|1
703|Banehammer|1|1||Lascannon||48|Ranged|1|4|12|-3|D6+1
703|Banehammer|2|1||Tremor cannon|Blast|36|Ranged|2D6+3|4|12|-2|3
703|Banehammer|3|1||Twin heavy bolter|Sustained Hits 1, Twin-linked|36|Ranged|3|4|5|-1|2
703|Banehammer|4|1||Twin heavy flamer|Ignores Cover, Torrent, Twin-linked|12|Ranged|D6|-|5|-1|1
703|Banehammer|5|1||Armoured tracks||Melee|Melee|6|4|8|0|1
704|Banesword|1|1||Lascannon||48|Ranged|1|4|12|-3|D6+1
704|Banesword|2|1||Quake cannon|Blast, Ignores Cover|72|Ranged|D6+6|4|16|-4|4
704|Banesword|3|1||Twin heavy bolter|Sustained Hits 1, Twin-linked|36|Ranged|3|4|5|-1|2
704|Banesword|4|1||Twin heavy flamer|Ignores Cover, Torrent, Twin-linked|12|Ranged|D6|-|5|-1|1
704|Banesword|5|1||Armoured tracks||Melee|Melee|6|4|8|0|1
695|Basilisk|1|1||Earthshaker cannon|Blast, Indirect Fire,|240|Ranged|D6+3|4|8|-2|2
695|Basilisk|2|1||Heavy bolter|Sustained Hits 1|36|Ranged|3|4|5|-1|2
695|Basilisk|3|1||Heavy flamer|Ignores Cover, Torrent|12|Ranged|D6|-|5|-1|1
695|Basilisk|4|1||Hunter-killer missile|One Shot|48|Ranged|1|4|14|-3|D6
695|Basilisk|5|1||Armoured tracks||Melee|Melee|3|4|6|0|1
723|Bullgryn|1|1||Grenadier gauntlet|Blast|18|Ranged|D6|4|4|0|1
723|Bullgryn|2|1||Bullgryn maul||Melee|Melee|4|3|7|-1|2
723|Bullgryn|3|1||Close combat weapon||Melee|Melee|4|3|6|0|1
2607|Cadian Castellan|1|1||Bolt pistol|Pistol|12|Ranged|1|3|4|0|1
2607|Cadian Castellan|2|1||Boltgun|Rapid Fire 1|24|Ranged|1|3|4|0|1
2607|Cadian Castellan|3|1||Laspistol|Pistol|12|Ranged|1|3|3|0|1
2607|Cadian Castellan|4|1||Plasma pistol - standard|Pistol|12|Ranged|1|3|7|-2|1
2607|Cadian Castellan|5|2||Plasma pistol - supercharge|Hazardous, Pistol|12|Ranged|1|3|8|-3|2
2607|Cadian Castellan|6|1||Chainsword||Melee|Melee|5|3|3|0|1
2607|Cadian Castellan|7|1||Close combat weapon||Melee|Melee|3|3|3|0|1
2607|Cadian Castellan|8|1||Power fist||Melee|Melee|3|3|6|-2|2
2607|Cadian Castellan|9|1||Power weapon||Melee|Melee|4|3|4|-2|1
2609|Cadian Commander|1|1||Bolt pistol|Pistol|12|Ranged|1|4|4|0|1
2609|Cadian Commander|2|1||Flamer|Ignores Cover, Torrent|12|Ranged|D6|-|4|0|1
2609|Cadian Commander|3|1||Grenade launcher - frag|Blast|24|Ranged|D3|4|4|0|1
2609|Cadian Commander|4|2||Grenade launcher - krak||24|Ranged|1|4|9|-2|D3
2609|Cadian Commander|5|1||Lasgun|Rapid Fire 1|24|Ranged|1|4|3|0|1
2609|Cadian Commander|6|1||Laspistol|Pistol|12|Ranged|1|4|3|0|1
2609|Cadian Commander|7|1||Meltagun|Melta 2|12|Ranged|1|4|9|-4|D6
2609|Cadian Commander|8|1||Plasma gun - standard|Rapid Fire 1|24|Ranged|1|4|7|-2|1
2609|Cadian Commander|9|2||Plasma gun - supercharge|Hazardous, Rapid Fire 1|24|Ranged|1|4|8|-3|2
2609|Cadian Commander|10|1||Plasma pistol - standard|Pistol|12|Ranged|1|4|7|-2|1
2609|Cadian Commander|11|2||Plasma pistol - supercharge|Hazardous, Pistol|12|Ranged|1|4|8|-3|2
2609|Cadian Commander|12|1||Chainsword||Melee|Melee|4|4|3|0|1
2609|Cadian Commander|13|1||Close combat weapon||Melee|Melee|2|4|3|0|1
2609|Cadian Commander|14|1||Power fist||Melee|Melee|3|4|6|-2|2
2609|Cadian Commander|15|1||Power weapon||Melee|Melee|3|4|4|-2|1
2374|Heavy Weapons Team|1|1||Autocannon|Heavy|48|Ranged|2|5|9|-1|3
2374|Heavy Weapons Team|2|1||Heavy bolter|Heavy, Sustained Hits 1|36|Ranged|3|5|5|-1|2
2374|Heavy Weapons Team|3|1||Lascannon|Heavy|48|Ranged|1|5|12|-3|D6+1
2374|Heavy Weapons Team|4|1||Laspistol|Pistol|12|Ranged|2|4|3|0|1
2374|Heavy Weapons Team|5|1||Missile launcher - frag|Blast, Heavy|48|Ranged|D6|5|4|0|1
2374|Heavy Weapons Team|6|2||Missile launcher - krak|Heavy|48|Ranged|1|5|9|-2|D6
2374|Heavy Weapons Team|7|1||Mortar|Blast, Heavy, Indirect Fire|48|Ranged|D6|5|5|0|1
2374|Heavy Weapons Team|8|1||Close combat weapon||Melee|Melee|2|4|3|0|1
4224|Cadian Recon Squad|1|1||Autostubber|Rapid Fire 3|24|Ranged|3|4|4|0|1
4224|Cadian Recon Squad|2|1||Lasgun|Assault, Rapid Fire 1|24|Ranged|1|4|3|0|1
4224|Cadian Recon Squad|3|1||Laspistol|Pistol|12|Ranged|1|4|3|0|1
4224|Cadian Recon Squad|4|1||Long-las|Heavy, Precision|36|Ranged|1|4|4|-2|2
4224|Cadian Recon Squad|5|1||Meltagun|Melta 2|12|Ranged|1|4|9|-4|D6
4224|Cadian Recon Squad|6|1||Missile launcher - frag|Blast, Heavy|48|Ranged|D6|5|4|0|1
4224|Cadian Recon Squad|7|2||Missile launcher - krak|Heavy|48|Ranged|1|5|9|-2|D6
4224|Cadian Recon Squad|8|1||Plasma gun - standard|Rapid Fire 1|24|Ranged|1|4|7|-2|1
4224|Cadian Recon Squad|9|2||Plasma gun - supercharge|Hazardous, Rapid Fire 1|24|Ranged|1|4|8|-3|2
4224|Cadian Recon Squad|10|1||Close combat weapon||Melee|Melee|1|4|3|0|1
2612|Shock Trooper|1|1||Bolt pistol|Pistol|12|Ranged|1|4|4|0|1
2612|Shock Trooper|2|1||Flamer|Ignores Cover, Torrent|12|Ranged|D6|-|4|0|1
2612|Shock Trooper|3|1||Grenade launcher - frag|Blast|24|Ranged|D3|4|4|0|1
2612|Shock Trooper|4|2||Grenade launcher - krak||24|Ranged|1|4|9|-2|D3
2612|Shock Trooper|5|1||Lasgun|Rapid Fire 1|24|Ranged|1|4|3|0|1
2612|Shock Trooper|6|1||Laspistol|Pistol|12|Ranged|1|4|3|0|1
2612|Shock Trooper|7|1||Meltagun|Melta 2|12|Ranged|1|4|9|-4|D6
2612|Shock Trooper|8|1||Plasma gun - standard|Rapid Fire 1|24|Ranged|1|4|7|-2|1
2612|Shock Trooper|9|2||Plasma gun - supercharge|Rapid Fire 1, Hazardous|24|Ranged|1|4|8|-3|2
2612|Shock Trooper|10|1||Sergeant's autogun||24|Ranged|2|4|3|0|1
2612|Shock Trooper|11|1||Chainsword||Melee|Melee|3|4|3|0|1
2612|Shock Trooper|12|1||Close combat weapon||Melee|Melee|1|4|3|0|1
1994|Carnodon|1|1||Autocannon||48|Ranged|2|4|9|-1|3
1994|Carnodon|2|1||Carnodon twin autocannon|Twin-linked|48|Ranged|2|4|9|-1|3
1994|Carnodon|3|1||Carnodon twin lascannon|Twin-linked|48|Ranged|1|4|14|-3|D6+1
1994|Carnodon|4|1||Carnodon twin multi-laser|Twin-linked|36|Ranged|6|4|6|0|1
1994|Carnodon|5|1||Heavy bolter|Sustained Hits 1|36|Ranged|3|4|5|-1|2
1994|Carnodon|6|1||Heavy flamer|Ignores Cover, Torrent|12|Ranged|D6|-|5|-1|1
1994|Carnodon|7|1||Hunter-killer missile|One Shot|48|Ranged|1|4|14|-3|D6
1994|Carnodon|8|1||Lascannon||48|Ranged|1|4|12|-3|D6+1
1994|Carnodon|9|1||Multi-laser||36|Ranged|4|4|6|0|1
1994|Carnodon|10|1||Volkite caliver|Devastating Wounds|24|Ranged|2|4|5|0|1
1994|Carnodon|11|1||Volkite culverin|Devastating Wounds|36|Ranged|4|4|6|0|2
1994|Carnodon|12|1||Armoured tracks||Melee|Melee|6|4|7|0|1
3891|Veteran Guardsman|1|1||Bolt pistol|Pistol|12|Ranged|1|4|4|0|1
3891|Veteran Guardsman|2|1||Boltgun|Rapid Fire 1|24|Ranged|1|4|4|0|1
3891|Veteran Guardsman|3|1||Flamer|Ignores Cover, Torrent|12|Ranged|D6|-|4|0|1
3891|Veteran Guardsman|4|1||Grenade launcher - frag|Blast|24|Ranged|D3|4|4|0|1
3891|Veteran Guardsman|5|2||Grenade launcher - krak||24|Ranged|1|4|9|-2|D3
3891|Veteran Guardsman|6|1||Heavy flamer|Ignores Cover, Torrent|12|Ranged|D6|-|5|-1|1
3891|Veteran Guardsman|7|1||Lasgun|Rapid Fire 1|24|Ranged|1|4|3|0|1
3891|Veteran Guardsman|8|1||Laspistol|Pistol|12|Ranged|1|4|3|0|1
3891|Veteran Guardsman|9|1||Meltagun|Melta 2|12|Ranged|1|4|9|-4|D6
3891|Veteran Guardsman|10|1||Plasma gun - standard|Rapid Fire 1|24|Ranged|1|4|7|-2|1
3891|Veteran Guardsman|11|2||Plasma gun - supercharge|Hazardous, Rapid Fire 1|24|Ranged|1|4|8|-3|2
3891|Veteran Guardsman|12|1||Plasma pistol - standard|Pistol|12|Ranged|1|4|7|-2|1
3891|Veteran Guardsman|13|2||Plasma pistol - supercharge|Hazardous, Pistol|12|Ranged|1|4|8|-3|2
3891|Veteran Guardsman|14|1||Sniper rifle|Heavy, Precision|36|Ranged|1|4|4|-2|2
3891|Veteran Guardsman|15|1||Chainsword||Melee|Melee|4|4|3|0|1
3891|Veteran Guardsman|16|1||Close combat weapon||Melee|Melee|2|4|3|0|1
3891|Veteran Guardsman|17|1||Power fist||Melee|Melee|3|4|6|-2|2
3891|Veteran Guardsman|18|1||Power weapon||Melee|Melee|3|4|4|-2|1
3894|Heavy Weapons Team|1|1||Autocannon|Heavy|48|Ranged|2|5|9|-1|3
3894|Heavy Weapons Team|2|1||Heavy bolter|Heavy, Sustained Hits 1|36|Ranged|3|5|5|-1|2
3894|Heavy Weapons Team|3|1||Lascannon|Heavy|48|Ranged|1|5|12|-3|D6+1
3894|Heavy Weapons Team|4|1||Lasgun|Rapid Fire 1|24|Ranged|1|4|3|0|1
3894|Heavy Weapons Team|5|1||Missile launcher - frag|Blast, Heavy|48|Ranged|D6|5|4|0|1
3894|Heavy Weapons Team|6|2||Missile launcher - krak|Heavy|48|Ranged|1|5|9|-2|D6
3894|Heavy Weapons Team|7|1||Mortar|Blast, Heavy, Indirect Fire|48|Ranged|D6|5|5|0|1
3894|Heavy Weapons Team|8|1||Close combat weapon||Melee|Melee|2|4|3|0|1
2614|Catachan Jungle Fighter|1|1||Flamer|Ignores Cover, Torrent|12|Ranged|D6|-|4|0|1
2614|Catachan Jungle Fighter|2|1||Lasgun|Rapid Fire 1|24|Ranged|1|4|3|0|1
2614|Catachan Jungle Fighter|3|1||Laspistol|Pistol|12|Ranged|1|4|3|0|1
2614|Catachan Jungle Fighter|4|1||Close combat weapon||Melee|Melee|1|4|3|0|1
731|Centaur Light Carrier|1|1||Heavy stubber|Rapid Fire 3|36|Ranged|3|4|4|0|1
731|Centaur Light Carrier|2|1||Hunter-killer missile|One Shot|48|Ranged|1|4|14|-3|D6
731|Centaur Light Carrier|3|1||Armoured tracks||Melee|Melee|3|4|6|0|1
4220|Centaur RSV|1|1||Pintle-mounted heavy stubber|Rapid Fire 3|36|Ranged|3|4|4|0|1
4220|Centaur RSV|2|1||Armoured hull||Melee|Melee|3|4|6|0|1
692|Chimera|1|1||Heavy bolter|Sustained Hits 1|36|Ranged|3|4|5|-1|2
692|Chimera|2|1||Heavy flamer|Ignores Cover, Torrent|12|Ranged|D6|-|5|-1|1
692|Chimera|3|1||Heavy stubber|Rapid Fire 3|36|Ranged|3|4|4|0|1
692|Chimera|4|1||Hunter-killer missile|One Shot|48|Ranged|1|4|14|-3|D6
692|Chimera|5|1||Lasgun array|Rapid Fire 6|24|Ranged|6|4|3|0|1
692|Chimera|6|1||Multi-laser||36|Ranged|4|4|6|0|1
692|Chimera|7|1||Storm bolter|Rapid Fire 2|24|Ranged|2|4|4|0|1
692|Chimera|8|1||Armoured tracks||Melee|Melee|3|4|6|0|1
443848|Ciaphas Cain|1|1||Laspistols|Precision|12|Ranged|2|2|3|-1|1
443848|Ciaphas Cain|2|1||Meltagun|Melta 2|12|Ranged|1|2|9|-4|D6
443848|Ciaphas Cain|3|1||Chainsword and gun butt||Melee|Melee|6|2|3|-1|1
740|Colossus|1|1||Colossus siege mortar|Blast, Devastating Wounds|120|Ranged|D6|4|6|-1|D6+2
740|Colossus|2|1||Heavy stubber|Rapid Fire 3|36|Ranged|3|4|4|0|1
740|Colossus|3|1||Hunter-killer missile|One Shot|48|Ranged|1|4|14|-3|D6
740|Colossus|4|1||Storm bolter|Rapid Fire 2|24|Ranged|2|4|4|0|1
740|Colossus|5|1||Armoured tracks||Melee|Melee|6|4|7|0|1
4244|Commissar|1|1||Bolt pistol|Pistol|12|Ranged|1|3|4|0|1
4244|Commissar|2|1||Plasma pistol - standard|Pistol|12|Ranged|1|3|7|-2|1
4244|Commissar|3|2||Plasma pistol - supercharge|Hazardous, Pistol|12|Ranged|1|3|8|-3|2
4244|Commissar|4|1||Chainsword||Melee|Melee|4|3|3|0|1
4244|Commissar|5|1||Power weapon||Melee|Melee|3|3|4|-2|1
4217|Commissar Graves|1|1||Chiron gatling cannon||24|Ranged|12|3|5|0|1
4217|Commissar Graves|2|1||Prefectus heavy stubber|Rapid Fire 3|36|Ranged|3|3|5|0|1
4217|Commissar Graves|3|1||Armoured hull|Extra Attacks|Melee|Melee|3|4|6|0|1
4217|Commissar Graves|4|1||Enforcer crew|Extra Attacks|Melee|Melee|10|4|3|0|1
4217|Commissar Graves|5|1||Power sword and Manus Mortis|Lance|Melee|Melee|5|2|6|-2|2
4218|Commissar Graves on Foot|1|1||Bolt pistol|Pistol|12|Ranged|1|2|4|0|1
4218|Commissar Graves on Foot|2|1||Power sword and Manus Mortis||Melee|Melee|5|2|6|-2|2
4216|Commissar Yarrick|1|1||Bale Eye|Precision|12|Ranged|2|2|6|-2|D3+1
4216|Commissar Yarrick|2|1||Laspistol|Pistol|12|Ranged|1|2|3|0|1
4216|Commissar Yarrick|3|1||Storm bolter|Rapid Fire 2|24|Ranged|2|2|4|0|1
4216|Commissar Yarrick|4|1||Power klaw||Melee|Melee|4|2|8|-2|2
4216|Commissar Yarrick|5|1||Power sword||Melee|Melee|6|2|4|-2|1
766|Crassus|1|1||Heavy bolter|Sustained Hits 1|36|Ranged|3|4|5|-1|2
766|Crassus|2|1||Heavy stubber|Rapid Fire 3|36|Ranged|3|4|4|0|1
766|Crassus|3|1||Storm bolter|Rapid Fire 2|24|Ranged|2|4|4|0|1
766|Crassus|4|1||Armoured tracks||Melee|Melee|6|4|7|0|1
928225|Grenadier|1|1||Flamer|Ignores Cover, Torrent|12|Ranged|D6|-|4|0|1
928225|Grenadier|2|1||Grenade launcher - frag|Blast|24|Ranged|D3|3|4|0|1
928225|Grenadier|3|2||Grenade launcher - krak||24|Ranged|1|3|9|-2|D3
928225|Grenadier|4|1||Heavy flamer|Ignores Cover, Torrent|12|Ranged|D6|-|5|-1|1
928225|Grenadier|5|1||Heavy stubber|Heavy, Rapid Fire 3|36|Ranged|3|4|4|0|1
928225|Grenadier|6|1||Hot-shot lasgun|Rapid Fire 1|24|Ranged|1|3|3|-1|1
928225|Grenadier|7|1||Meltagun|Melta 2|12|Ranged|1|3|9|-4|D6
928225|Grenadier|8|1||Plasma gun - standard|Rapid Fire 1|24|Ranged|1|3|7|-2|1
928225|Grenadier|9|2||Plasma gun - supercharge|Rapid Fire 1, Hazardous|24|Ranged|1|3|8|-3|2
928225|Grenadier|10|1||Sergeant's pistol|Pistol|12|Ranged|1|3|4|-1|1
928225|Grenadier|11|1||Sniper rifle|Heavy, Precision|36|Ranged|1|4|4|-2|2
928225|Grenadier|12|1||Close combat weapon||Melee|Melee|2|4|3|0|1
928225|Grenadier|13|1||Sergeant's close combat weapon||Melee|Melee|2|4|4|-2|1
2613|Death Korps of Krieg|1|1||Bolt pistol|Pistol|12|Ranged|1|4|4|0|1
2613|Death Korps of Krieg|2|1||Boltgun|Rapid Fire 1|24|Ranged|1|4|4|0|1
2613|Death Korps of Krieg|3|1||Flamer|Ignores Cover, Torrent|12|Ranged|D6|-|4|0|1
2613|Death Korps of Krieg|4|1||Grenade launcher - frag|Blast|24|Ranged|D3|4|4|0|1
2613|Death Korps of Krieg|5|2||Grenade launcher - krak||24|Ranged|1|4|9|-2|D3
2613|Death Korps of Krieg|6|1||Lasgun|Rapid Fire 1|24|Ranged|1|4|3|0|1
2613|Death Korps of Krieg|7|1||Laspistol|Pistol|12|Ranged|1|4|3|0|1
2613|Death Korps of Krieg|8|1||Long-las|Heavy, Precision|36|Ranged|1|4|4|-2|2
2613|Death Korps of Krieg|9|1||Meltagun|Melta 2|12|Ranged|1|4|9|-4|D6
2613|Death Korps of Krieg|10|1||Plasma gun - standard|Rapid Fire 1|24|Ranged|1|4|7|-2|1
2613|Death Korps of Krieg|11|2||Plasma gun - supercharge|Rapid Fire 1, Hazardous|24|Ranged|1|4|8|-3|2
2613|Death Korps of Krieg|12|1||Plasma pistol - standard|Pistol|12|Ranged|1|4|7|-2|1
2613|Death Korps of Krieg|13|2||Plasma pistol - supercharge|Hazardous, Pistol|12|Ranged|1|4|8|-3|2
2613|Death Korps of Krieg|14|1||Chainsword||Melee|Melee|3|4|3|0|1
2613|Death Korps of Krieg|15|1||Close combat weapon||Melee|Melee|1|4|3|0|1
2613|Death Korps of Krieg|16|1||Power weapon||Melee|Melee|2|4|4|-2|1
2378|Death Rider Commissar|1|1||Commisar's pistol|Pistol|12|Ranged|1|3|3|-1|1
2378|Death Rider Commissar|2|1||Commissar’s close combat weapon||Melee|Melee|3|3|4|-2|1
2378|Death Rider Commissar|3|1||Savage claws|Extra Attacks|Melee|Melee|2|4|4|-1|1
3898|Death Rider|1|1||Death Rider lascarbine|Assault|18|Ranged|2|4|3|0|1
3898|Death Rider|2|1||Frag lance|Lance|Melee|Melee|D6|3|4|0|1
3898|Death Rider|3|1||Power sabre||Melee|Melee|3|3|4|-2|1
3898|Death Rider|4|1||Steed's savage claws|Extra Attacks|Melee|Melee|2|4|4|-1|1
699|Deathstrike|1|1||Deathstrike Missile|Blast, One Shot, Plasma Warhead|N/A|Ranged|2D6|2|16|-4|1
699|Deathstrike|2|1||Heavy bolter|Sustained Hits 1|36|Ranged|3|4|5|-1|2
699|Deathstrike|3|1||Heavy flamer|Ignores Cover, Torrent|12|Ranged|D6|-|5|-1|1
699|Deathstrike|4|1||Hunter-killer missile|One Shot|48|Ranged|1|4|14|-3|D6
699|Deathstrike|5|1||Armoured tracks||Melee|Melee|3|4|6|0|1
767|Dominus Armoured Siege Bombard|1|1||Autocannon||48|Ranged|2|4|9|-1|3
767|Dominus Armoured Siege Bombard|2|1||Dominus triple bombard|Blast, Indirect Fire|48|Ranged|2D6|4|12|-2|3
767|Dominus Armoured Siege Bombard|3|1||Heavy bolter|Sustained Hits 1|36|Ranged|3|4|5|-1|2
767|Dominus Armoured Siege Bombard|4|1||Heavy flamer|Ignores Cover, Torrent|12|Ranged|D6|-|5|-1|1
767|Dominus Armoured Siege Bombard|5|1||Heavy stubber|Rapid Fire 3|36|Ranged|3|4|4|0|1
767|Dominus Armoured Siege Bombard|6|1||Hunter-killer missile|One Shot|48|Ranged|1|4|14|-3|D6
767|Dominus Armoured Siege Bombard|7|1||Lascannon||48|Ranged|1|4|12|-3|D6+1
767|Dominus Armoured Siege Bombard|8|1||Storm bolter|Rapid Fire 2|24|Ranged|2|4|4|0|1
767|Dominus Armoured Siege Bombard|9|1||Armoured tracks||Melee|Melee|3|4|6|0|1
705|Doomhammer|1|1||Lascannon||48|Ranged|1|4|12|-3|D6+1
705|Doomhammer|2|1||Magma cannon|Blast, Melta 6|24|Ranged|D6+3|4|12|-4|D6
705|Doomhammer|3|1||Twin heavy bolter|Sustained Hits 1, Twin-linked|36|Ranged|3|4|5|-1|2
705|Doomhammer|4|1||Twin heavy flamer|Ignores Cover, Torrent, Twin-linked|12|Ranged|D6|-|5|-1|1
705|Doomhammer|5|1||Armoured tracks||Melee|Melee|6|4|8|0|1
743|Earthshaker Carriage Battery|1|1||Earthshaker cannon|Blast, Heavy, Indirect Fire|240|Ranged|D6+3|5|8|-2|2
743|Earthshaker Carriage Battery|2|1||Battery close combat weapons||Melee|Melee|5|4|3|0|1
2739|Earthshaker Platform|1|1||Earthshaker Cannon|Blast, Indirect Fire|240|Ranged|D6+3|4|8|-2|2
2739|Earthshaker Platform|2|1||Close combat weapons||Melee|Melee|3|4|3|0|1
2740|Elysian Drop Sentinel|1|1||Heavy bolter|Sustained Hits 1|36|Ranged|3|4|5|-1|2
2740|Elysian Drop Sentinel|2|1||Heavy flamer|Ignores Cover, Torrent|12|Ranged|D6|-|5|-1|1
2740|Elysian Drop Sentinel|3|1||Hunter-killer missile|One Shot|48|Ranged|1|4|14|-3|D6
2740|Elysian Drop Sentinel|4|1||Multi-melta|Melta 2|18|Ranged|2|4|9|-4|D6
2740|Elysian Drop Sentinel|5|1||Close Combat Weapons||Melee|Melee|2|4|6|0|1
2377|Elysian Sniper Team|1|1||Lasgun|Rapid Fire 1|24|Ranged|1|4|3|0|1
2377|Elysian Sniper Team|2|1||Sniper rifle|Heavy, Precision|36|Ranged|1|3|4|-2|2
2377|Elysian Sniper Team|3|1||Close combat weapon||Melee|Melee|2|4|3|0|1
623381|Field Ordnance Battery|1|1||Bombast field gun|Blast, Heavy, Indirect Fire|48|Ranged|D6|5|7|-1|2
623381|Field Ordnance Battery|2|1||Heavy lascannon|Heavy|48|Ranged|2|5|14|-3|D6+1
623381|Field Ordnance Battery|3|1||Lasgun|Rapid Fire 1|24|Ranged|1|4|3|0|1
623381|Field Ordnance Battery|4|1||Laspistol|Pistol|12|Ranged|1|4|3|0|1
623381|Field Ordnance Battery|5|1||Malleus rocket launcher|Blast, Heavy|48|Ranged|D6+6|5|6|-1|1
623381|Field Ordnance Battery|6|1||Battery close combat weapons||Melee|Melee|3|4|3|0|1
2485|Ibram Gaunt|1|1||Bolt pistol|Pistol|12|Ranged|1|2|4|0|1
2485|Ibram Gaunt|2|1||Bragg's autocannon|Heavy|48|Ranged|4|5|9|-1|3
2485|Ibram Gaunt|3|1||Corbec's hot-shot lascarbine|Assault|24|Ranged|3|3|3|-1|1
2485|Ibram Gaunt|4|1||Larkin's long-las|Heavy, Precision|36|Ranged|1|2|5|-2|4
2485|Ibram Gaunt|5|1||Lascarbine|Assault|24|Ranged|3|3|3|0|1
2485|Ibram Gaunt|6|1||Rawne's lascarbine|Assault, Sustained Hits 1|24|Ranged|3|3|3|0|1
2485|Ibram Gaunt|7|1||Gaunt's chainsword||Melee|Melee|5|2|3|-1|1
2485|Ibram Gaunt|8|1||Mkoll's straight silver knife|Devastating Wounds, Precision|Melee|Melee|5|2|3|-1|1
2485|Ibram Gaunt|9|1||Straight silver knife||Melee|Melee|3|3|3|0|1
768|Gorgon Heavy Transport|1|1||Gorgon mortar|Blast, Indirect Fire|48|Ranged|D6|4|5|0|1
768|Gorgon Heavy Transport|2|1||Heavy bolter|Sustained Hits 1|36|Ranged|3|4|5|-1|2
768|Gorgon Heavy Transport|3|1||Heavy flamer|Ignores Cover, Torrent|12|Ranged|D6|-|5|-1|1
768|Gorgon Heavy Transport|4|1||Heavy stubber|Rapid Fire 3|36|Ranged|3|4|4|0|1
768|Gorgon Heavy Transport|5|1||Hunter-killer missile|One Shot|48|Ranged|1|4|14|-3|D6
768|Gorgon Heavy Transport|6|1||Twin heavy stubber|Rapid Fire 3, Twin-linked|36|Ranged|3|4|4|0|1
768|Gorgon Heavy Transport|7|1||Landing ramp||Melee|Melee|6|4|8|0|1
744|Griffon Mortar Carrier|1|1||Griffon heavy mortar|Blast, Indirect Fire|48|Ranged|D6|4|7|-1|2
744|Griffon Mortar Carrier|2|1||Heavy bolter|Sustained Hits 1|36|Ranged|3|4|5|-1|2
744|Griffon Mortar Carrier|3|1||Heavy flamer|Ignores Cover, Torrent|12|Ranged|D6|-|5|-1|1
744|Griffon Mortar Carrier|4|1||Heavy stubber|Rapid Fire 3|36|Ranged|3|4|4|0|1
744|Griffon Mortar Carrier|5|1||Storm bolter|Rapid Fire 2|24|Ranged|2|4|4|0|1
744|Griffon Mortar Carrier|6|1||Armoured tracks||Melee|Melee|3|4|6|0|1
730|Hades Breaching Drill|1|1||Melta-cutter drill||Melee|Melee|6|4|9|-4|D6+2
745|Heavy Mortar Team|1|1||Heavy mortar|Heavy, Blast, Indirect Fire|48|Ranged|D6|5|6|-1|2
745|Heavy Mortar Team|2|1||Close combat weapons||Melee|Melee|3|4|3|0|1
746|Heavy Quad Launcher Team|1|1||Heavy quad launcher|Blast, Indirect Fire|48|Ranged|2D6|4|5|0|1
746|Heavy Quad Launcher Team|2|1||Close combat weapons||Melee|Melee|3|4|3|0|1
3922|Minka Lesk|1|1||Bolt pistol|Pistol|12|Ranged|1|3|4|0|1
3922|Minka Lesk|2|1||Demolitions|Blast, One Shot|6|Ranged|D6|4|9|-2|2
3922|Minka Lesk|3|1||Hot-shot laspistol|Pistol|12|Ranged|1|3|3|-1|1
3922|Minka Lesk|4|1||Meltagun|Melta 2|12|Ranged|1|3|9|-4|D6
3922|Minka Lesk|5|1||Close combat weapon||Melee|Melee|2|4|3|0|1
3922|Minka Lesk|6|1||Dirk|Precision|Melee|Melee|3|3|3|-1|1
3922|Minka Lesk|7|1||Power weapon||Melee|Melee|4|3|4|-2|1
706|Hellhammer|1|1||Coaxial autocannon||48|Ranged|2|4|9|-1|3
706|Hellhammer|2|1||Demolisher cannon|Blast|24|Ranged|D6+3|4|14|-3|D6
706|Hellhammer|3|1||Heavy stubber|Rapid Fire 3|36|Ranged|3|4|4|0|1
706|Hellhammer|4|1||Hellhammer cannon|Blast, Ignores Cover|30|Ranged|4D6|4|7|-1|2
706|Hellhammer|5|1||Lascannon||48|Ranged|1|4|12|-3|D6+1
706|Hellhammer|6|1||Twin heavy bolter|Sustained Hits 1, Twin-linked|36|Ranged|3|4|5|-1|2
706|Hellhammer|7|1||Twin heavy flamer|Ignores Cover, Torrent, Twin-linked|12|Ranged|D6|-|5|-1|1
706|Hellhammer|8|1||Armoured tracks||Melee|Melee|6|4|8|0|1
694|Hellhound|1|1||Chem cannon|Anti-Infantry 2+, Torrent|12|Ranged|D6+1|-|2|-2|2
694|Hellhound|2|1||Heavy bolter|Sustained Hits 1|36|Ranged|3|4|5|-1|2
694|Hellhound|3|1||Heavy flamer|Ignores Cover, Torrent|12|Ranged|D6|-|5|-1|1
694|Hellhound|4|1||Hunter-killer missile|One Shot|48|Ranged|1|4|14|-3|D6
694|Hellhound|5|1||Inferno cannon|Ignores Cover, Torrent|18|Ranged|2D6|-|6|-2|1
694|Hellhound|6|1||Melta cannon|Blast, Melta 4|18|Ranged|D3|4|9|-4|D6
694|Hellhound|7|1||Multi-melta|Melta 2|18|Ranged|2|4|9|-4|D6
694|Hellhound|8|1||Armoured tracks||Melee|Melee|3|4|6|0|1
4219|Hippogriff AFV|1|1||Chiron gatling cannon|Assault|24|Ranged|12|4|5|0|1
4219|Hippogriff AFV|2|1||Heavy stubber|Assault, Rapid Fire 3|36|Ranged|3|4|4|0|1
4219|Hippogriff AFV|3|1||Lascannon|Assault|48|Ranged|1|4|12|-3|D6+1
4219|Hippogriff AFV|4|1||Melta cannon|Assault, Melta 2|18|Ranged|2|4|9|-4|D6
4219|Hippogriff AFV|5|1||Meltagun|Assault, Melta 2|12|Ranged|1|4|9|-4|D6
4219|Hippogriff AFV|6|1||Vigilator cannon|Assault, Blast|36|Ranged|D6|4|8|-1|2
4219|Hippogriff AFV|7|1||Armoured hull||Melee|Melee|3|4|5|0|1
696|Hydra|1|1||Heavy bolter|Sustained Hits 1|36|Ranged|3|4|5|-1|2
696|Hydra|2|1||Heavy flamer|Ignores Cover, Torrent|12|Ranged|D6|-|5|-1|1
696|Hydra|3|1||Hunter-killer missile|One Shot|48|Ranged|1|4|14|-3|D6
696|Hydra|4|1||Hydra autocannon|Anti-Fly 2+, Twin-linked|72|Ranged|4|4|9|-1|3
696|Hydra|5|1||Armoured tracks||Melee|Melee|3|4|6|0|1
747|Hydra Platform|1|1||Hydra Quad Autocannon|Anti-fly 2+, Twin-linked|72|Ranged|4|4|9|-1|3
747|Hydra Platform|2|1||Close combat weapons||Melee|Melee|3|4|3|0|1
2615|Kasrkin|1|1||Bolt pistol|Pistol|12|Ranged|1|3|4|0|1
2615|Kasrkin|2|1||Flamer|Ignores Cover, Torrent|12|Ranged|D6|-|4|0|1
2615|Kasrkin|3|1||Grenade launcher - frag|Blast|24|Ranged|D3|3|4|0|1
2615|Kasrkin|4|2||Grenade launcher - krak||24|Ranged|1|3|9|-2|D3
2615|Kasrkin|5|1||Hot-shot lasgun|Rapid Fire 1|24|Ranged|1|3|3|-1|1
2615|Kasrkin|6|1||Hot-shot laspistol|Pistol|12|Ranged|1|3|3|-1|1
2615|Kasrkin|7|1||Hot-shot marksman rifle|Heavy, Precision|36|Ranged|1|3|4|-2|3
2615|Kasrkin|8|1||Hot-shot volley gun|Rapid Fire 2|30|Ranged|2|3|4|-1|1
2615|Kasrkin|9|1||Meltagun|Melta 2|12|Ranged|1|3|9|-4|D6
2615|Kasrkin|10|1||Plasma gun - standard|Rapid Fire 1|24|Ranged|1|3|7|-2|1
2615|Kasrkin|11|2||Plasma gun - supercharge|Rapid Fire 1, Hazardous|24|Ranged|1|3|8|-3|2
2615|Kasrkin|12|1||Plasma pistol - standard|Pistol|12|Ranged|1|3|7|-2|1
2615|Kasrkin|13|2||Plasma pistol - supercharge|Hazardous, Pistol|12|Ranged|1|3|8|-3|2
2615|Kasrkin|14|1||Chainsword||Melee|Melee|4|4|3|0|1
2615|Kasrkin|15|1||Close combat weapon||Melee|Melee|2|4|3|0|1
2615|Kasrkin|16|1||Power weapon||Melee|Melee|3|4|4|-2|1
3893|Krieg Combat Engineers|1|1||Autopistol|Pistol|12|Ranged|1|4|3|0|1
3893|Krieg Combat Engineers|2|1||Bolt pistol|Pistol|12|Ranged|1|4|4|0|1
3893|Krieg Combat Engineers|3|1||Combat shotgun|Assault|12|Ranged|2|4|4|0|1
3893|Krieg Combat Engineers|4|1||Flamer|Ignores Cover, Torrent|12|Ranged|D6|-|4|0|1
3893|Krieg Combat Engineers|5|1||Hand flamer|Ignores Cover, Pistol, Torrent|12|Ranged|D6|-|3|0|1
3893|Krieg Combat Engineers|6|1||Plasma pistol - standard|Pistol|12|Ranged|1|4|7|-2|1
3893|Krieg Combat Engineers|7|2||Plasma pistol - supercharge|Hazardous, Pistol|12|Ranged|1|4|8|-3|2
3893|Krieg Combat Engineers|8|1||Chainsword||Melee|Melee|4|4|3|0|1
3893|Krieg Combat Engineers|9|1||Close combat weapon||Melee|Melee|2|4|3|0|1
3893|Krieg Combat Engineers|10|1||Power weapon||Melee|Melee|3|4|4|-2|1
3893|Krieg Combat Engineers|11|1||Trench club||Melee|Melee|2|4|4|0|1
3889|Lord Commissar|1|1||Bolt pistol|Pistol|12|Ranged|1|4|4|0|1
3889|Lord Commissar|2|1||Boltgun|Rapid Fire 1|24|Ranged|1|4|4|0|1
3889|Lord Commissar|3|1||Flamer|Ignores Cover, Torrent|12|Ranged|D6|-|4|0|1
3889|Lord Commissar|4|1||Grenade launcher - frag|Blast|24|Ranged|D3|4|4|0|1
3889|Lord Commissar|5|2||Grenade launcher - krak||24|Ranged|1|4|9|-2|D3
3889|Lord Commissar|6|1||Lasgun|Rapid Fire 1|24|Ranged|1|4|3|0|1
3889|Lord Commissar|7|1||Laspistol|Pistol|12|Ranged|1|4|3|0|1
3889|Lord Commissar|8|1||Meltagun|Melta 2|12|Ranged|1|4|9|-4|D6
3889|Lord Commissar|9|1||Plasma gun - standard|Rapid Fire 1|24|Ranged|1|4|7|-2|1
3889|Lord Commissar|10|2||Plasma gun - supercharge|Hazardous, Rapid Fire 1|24|Ranged|1|4|8|-3|2
3889|Lord Commissar|11|1||Plasma pistol - standard|Pistol|12|Ranged|1|4|7|-2|1
3889|Lord Commissar|12|2||Plasma pistol - supercharge|Hazardous, Pistol|12|Ranged|1|4|8|-3|2
3889|Lord Commissar|13|1||Chainsword||Melee|Melee|3|4|3|0|1
3889|Lord Commissar|14|1||Close combat weapon||Melee|Melee|2|4|3|0|1
3889|Lord Commissar|15|1||Power fist||Melee|Melee|3|4|6|-2|2
3889|Lord Commissar|16|1||Power weapon||Melee|Melee|3|4|4|-2|1
3889|Lord Commissar|17|1||Trench club||Melee|Melee|3|4|4|0|1
3895|Heavy Weapons Gunner|1|1||Krieg heavy flamer|Ignores Cover, Torrent|18|Ranged|D6|-|5|-1|2
3895|Heavy Weapons Gunner|2|1||Lascannon|Heavy|48|Ranged|1|5|12|-3|D6+1
3895|Heavy Weapons Gunner|3|1||Laspistol|Pistol|12|Ranged|1|4|3|0|1
3895|Heavy Weapons Gunner|4|1||Twin Krieg heavy stubber|Heavy, Rapid Fire 3, Twin-linked|48|Ranged|3|5|6|-1|1
3895|Heavy Weapons Gunner|5|1||Close combat weapon||Melee|Melee|1|4|3|0|1
700|Leman Russ Battle Tank|1|1||Heavy bolter|Sustained Hits 1|36|Ranged|3|4|5|-1|2
700|Leman Russ Battle Tank|2|1||Heavy flamer|Ignores Cover, Torrent|12|Ranged|D6|-|5|-1|1
700|Leman Russ Battle Tank|3|1||Heavy stubber|Rapid Fire 3|36|Ranged|3|4|4|0|1
700|Leman Russ Battle Tank|4|1||Hunter-killer missile|One Shot|48|Ranged|1|4|14|-3|D6
700|Leman Russ Battle Tank|5|1||Lascannon||48|Ranged|1|4|12|-3|D6+1
700|Leman Russ Battle Tank|6|1||Leman Russ battle cannon|Blast|48|Ranged|D6+3|4|10|-1|3
700|Leman Russ Battle Tank|7|1||Multi-melta|Melta 2|18|Ranged|2|4|9|-4|D6
700|Leman Russ Battle Tank|8|1||Plasma cannon - standard|Blast|36|Ranged|D3|4|7|-2|1
700|Leman Russ Battle Tank|9|2||Plasma cannon - supercharge|Blast, Hazardous|36|Ranged|D3|4|8|-3|2
700|Leman Russ Battle Tank|10|1||Storm bolter|Rapid Fire 2|24|Ranged|2|4|4|0|1
700|Leman Russ Battle Tank|11|1||Armoured tracks||Melee|Melee|6|4|7|0|1
680|Leman Russ Commander|1|1||Demolisher battle cannon|Blast|24|Ranged|D6+1|4|14|-3|D6
680|Leman Russ Commander|2|1||Eradicator nova cannon|Blast, Ignores Cover|36|Ranged|D3+6|4|7|-1|2
680|Leman Russ Commander|3|1||Executioner plasma cannon - standard|Blast|36|Ranged|D6+3|4|7|-2|2
680|Leman Russ Commander|4|2||Executioner plasma cannon - supercharge|Blast, Hazardous|36|Ranged|D6+3|4|8|-3|3
680|Leman Russ Commander|5|1||Exterminator autocannon|Rapid Fire 4, Twin-linked|48|Ranged|4|4|9|-1|3
680|Leman Russ Commander|6|1||Heavy bolter|Sustained Hits 1|36|Ranged|3|4|5|-1|2
680|Leman Russ Commander|7|1||Heavy flamer|Ignores Cover, Torrent|12|Ranged|D6|-|5|-1|1
680|Leman Russ Commander|8|1||Heavy stubber|Rapid Fire 3|36|Ranged|3|4|4|0|1
680|Leman Russ Commander|9|1||Hunter-killer missile|One Shot|48|Ranged|1|4|14|-3|D6
680|Leman Russ Commander|10|1||Lascannon||48|Ranged|1|4|12|-3|D6+1
680|Leman Russ Commander|11|1||Leman Russ battle cannon|Blast|48|Ranged|D6+3|4|10|-1|3
680|Leman Russ Commander|12|1||Multi-melta|Melta 2|18|Ranged|2|4|9|-4|D6
680|Leman Russ Commander|13|1||Plasma cannon - standard|Blast|36|Ranged|D3|4|7|-2|1
680|Leman Russ Commander|14|2||Plasma cannon - supercharge|Blast, Hazardous|36|Ranged|D3|4|8|-3|2
680|Leman Russ Commander|15|1||Punisher gatling cannon||24|Ranged|20|4|6|0|1
680|Leman Russ Commander|16|1||Storm bolter|Rapid Fire 2|24|Ranged|2|4|4|0|1
680|Leman Russ Commander|17|1||Vanquisher battle cannon|Heavy|72|Ranged|1|4|18|-4|D6+6
680|Leman Russ Commander|18|1||Armoured tracks||Melee|Melee|6|4|7|0|1
701|Leman Russ Battle Tank|1|1||Demolisher battle cannon|Blast|24|Ranged|D6+1|4|14|-3|D6
701|Leman Russ Battle Tank|2|1||Heavy bolter|Sustained Hits 1|36|Ranged|3|4|5|-1|2
701|Leman Russ Battle Tank|3|1||Heavy flamer|Ignores Cover, Torrent|12|Ranged|D6|-|5|-1|1
701|Leman Russ Battle Tank|4|1||Heavy stubber|Rapid Fire 3|36|Ranged|3|4|4|0|1
701|Leman Russ Battle Tank|5|1||Hunter-killer missile|One Shot|48|Ranged|1|4|14|-3|D6
701|Leman Russ Battle Tank|6|1||Lascannon||48|Ranged|1|4|12|-3|D6+1
701|Leman Russ Battle Tank|7|1||Multi-melta|Melta 2|18|Ranged|2|4|9|-4|D6
701|Leman Russ Battle Tank|8|1||Plasma cannon - standard|Blast|36|Ranged|D3|4|7|-2|1
701|Leman Russ Battle Tank|9|2||Plasma cannon - supercharge|Blast, Hazardous|36|Ranged|D3|4|8|-3|2
701|Leman Russ Battle Tank|10|1||Storm bolter|Rapid Fire 2|24|Ranged|2|4|4|0|1
701|Leman Russ Battle Tank|11|1||Armoured tracks||Melee|Melee|6|4|7|0|1
2741|Leman Russ Battle Tank|1|1||Eradicator nova cannon|Blast, Ignores Cover|36|Ranged|D3+6|4|7|-1|2
2741|Leman Russ Battle Tank|2|1||Heavy bolter|Sustained Hits 1|36|Ranged|3|4|5|-1|2
2741|Leman Russ Battle Tank|3|1||Heavy flamer|Ignores Cover, Torrent|12|Ranged|D6|-|5|-1|1
2741|Leman Russ Battle Tank|4|1||Heavy stubber|Rapid Fire 3|36|Ranged|3|4|4|0|1
2741|Leman Russ Battle Tank|5|1||Hunter-killer missile|One Shot|48|Ranged|1|4|14|-3|D6
2741|Leman Russ Battle Tank|6|1||Lascannon||48|Ranged|1|4|12|-3|D6+1
2741|Leman Russ Battle Tank|7|1||Multi-melta|Melta 2|18|Ranged|2|4|9|-4|D6
2741|Leman Russ Battle Tank|8|1||Plasma cannon - standard|Blast|36|Ranged|D3|4|7|-2|1
2741|Leman Russ Battle Tank|9|2||Plasma cannon - supercharge|Blast, Hazardous|36|Ranged|D3|4|8|-3|2
2741|Leman Russ Battle Tank|10|1||Storm bolter|Rapid Fire 2|24|Ranged|2|4|4|0|1
2741|Leman Russ Battle Tank|11|1||Armoured tracks||Melee|Melee|6|4|7|0|1
2742|Leman Russ Battle Tank|1|1||Executioner plasma cannon - standard|Blast|36|Ranged|D6+3|4|7|-2|2
2742|Leman Russ Battle Tank|2|2||Executioner plasma cannon - supercharge|Blast, Hazardous|36|Ranged|D6+3|4|8|-3|3
2742|Leman Russ Battle Tank|3|1||Heavy bolter|Sustained Hits 1|36|Ranged|3|4|5|-1|2
2742|Leman Russ Battle Tank|4|1||Heavy flamer|Ignores Cover, Torrent|12|Ranged|D6|-|5|-1|1
2742|Leman Russ Battle Tank|5|1||Heavy stubber|Rapid Fire 3|36|Ranged|3|4|4|0|1
2742|Leman Russ Battle Tank|6|1||Hunter-killer missile|One Shot|48|Ranged|1|4|14|-3|D6
2742|Leman Russ Battle Tank|7|1||Lascannon||48|Ranged|1|4|12|-3|D6+1
2742|Leman Russ Battle Tank|8|1||Multi-melta|Melta 2|18|Ranged|2|4|9|-4|D6
2742|Leman Russ Battle Tank|9|1||Plasma cannon - standard|Blast|36|Ranged|D3|4|7|-2|1
2742|Leman Russ Battle Tank|10|2||Plasma cannon - supercharge|Blast, Hazardous|36|Ranged|D3|4|8|-3|2
2742|Leman Russ Battle Tank|11|1||Storm bolter|Rapid Fire 2|24|Ranged|2|4|4|0|1
2742|Leman Russ Battle Tank|12|1||Armoured tracks||Melee|Melee|6|4|7|0|1
2743|Leman Russ Battle Tank|1|1||Exterminator autocannon|Rapid Fire 4, Twin-linked|48|Ranged|4|4|9|-1|3
2743|Leman Russ Battle Tank|2|1||Heavy bolter|Sustained Hits 1|36|Ranged|3|4|5|-1|2
2743|Leman Russ Battle Tank|3|1||Heavy flamer|Ignores Cover, Torrent|12|Ranged|D6|-|5|-1|1
2743|Leman Russ Battle Tank|4|1||Heavy stubber|Rapid Fire 3|36|Ranged|3|4|4|0|1
2743|Leman Russ Battle Tank|5|1||Hunter-killer missile|One Shot|48|Ranged|1|4|14|-3|D6
2743|Leman Russ Battle Tank|6|1||Lascannon||48|Ranged|1|4|12|-3|D6+1
2743|Leman Russ Battle Tank|7|1||Multi-melta|Melta 2|18|Ranged|2|4|9|-4|D6
2743|Leman Russ Battle Tank|8|1||Plasma cannon - standard|Blast|36|Ranged|D3|4|7|-2|1
2743|Leman Russ Battle Tank|9|2||Plasma cannon - supercharge|Blast, Hazardous|36|Ranged|D3|4|8|-3|2
2743|Leman Russ Battle Tank|10|1||Storm bolter|Rapid Fire 2|24|Ranged|2|4|4|0|1
2743|Leman Russ Battle Tank|11|1||Armoured tracks||Melee|Melee|6|4|7|0|1
2744|Leman Russ Battle Tank|1|1||Heavy bolter|Sustained Hits 1|36|Ranged|3|4|5|-1|2
2744|Leman Russ Battle Tank|2|1||Heavy flamer|Ignores Cover, Torrent|12|Ranged|D6|-|5|-1|1
2744|Leman Russ Battle Tank|3|1||Heavy stubber|Rapid Fire 3|36|Ranged|3|4|4|0|1
2744|Leman Russ Battle Tank|4|1||Hunter-killer missile|One Shot|48|Ranged|1|4|14|-3|D6
2744|Leman Russ Battle Tank|5|1||Lascannon||48|Ranged|1|4|12|-3|D6+1
2744|Leman Russ Battle Tank|6|1||Multi-melta|Melta 2|18|Ranged|2|4|9|-4|D6
2744|Leman Russ Battle Tank|7|1||Plasma cannon - standard|Blast|36|Ranged|D3|4|7|-2|1
2744|Leman Russ Battle Tank|8|2||Plasma cannon - supercharge|Blast, Hazardous|36|Ranged|D3|4|8|-3|2
2744|Leman Russ Battle Tank|9|1||Punisher gatling cannon||24|Ranged|20|4|6|0|1
2744|Leman Russ Battle Tank|10|1||Storm bolter|Rapid Fire 2|24|Ranged|2|4|4|0|1
2744|Leman Russ Battle Tank|11|1||Armoured tracks||Melee|Melee|6|4|7|0|1
2745|Leman Russ Battle Tank|1|1||Heavy bolter|Sustained Hits 1|36|Ranged|3|4|5|-1|2
2745|Leman Russ Battle Tank|2|1||Heavy flamer|Ignores Cover, Torrent|12|Ranged|D6|-|5|-1|1
2745|Leman Russ Battle Tank|3|1||Heavy stubber|Rapid Fire 3|36|Ranged|3|4|4|0|1
2745|Leman Russ Battle Tank|4|1||Hunter-killer missile|One Shot|48|Ranged|1|4|14|-3|D6
2745|Leman Russ Battle Tank|5|1||Lascannon||48|Ranged|1|4|12|-3|D6+1
2745|Leman Russ Battle Tank|6|1||Multi-melta|Melta 2|18|Ranged|2|4|9|-4|D6
2745|Leman Russ Battle Tank|7|1||Plasma cannon - standard|Blast|36|Ranged|D3|4|7|-2|1
2745|Leman Russ Battle Tank|8|2||Plasma cannon - supercharge|Blast, Hazardous|36|Ranged|D3|4|8|-3|2
2745|Leman Russ Battle Tank|9|1||Storm bolter|Rapid Fire 2|24|Ranged|2|4|4|0|1
2745|Leman Russ Battle Tank|10|1||Vanquisher battle cannon|Heavy|72|Ranged|1|4|18|-4|D6+6
2745|Leman Russ Battle Tank|11|1||Armoured tracks||Melee|Melee|6|4|7|0|1
3890|Lord Marshal Dreir|1|1||Laspistol|Pistol|12|Ranged|1|3|3|0|1
3890|Lord Marshal Dreir|2|1||Sabre of Sacrifice|Anti-Infantry 4+|Melee|Melee|6|2|6|-2|1
3890|Lord Marshal Dreir|3|1||Savage claws|Extra Attacks|Melee|Melee|2|4|4|-1|1
2605|Lord Solar Leontus|1|1||Sol's Righteous Gaze|Pistol|12|Ranged|2|2|8|-2|2
2605|Lord Solar Leontus|2|1||Conquest||Melee|Melee|6|2|6|-2|2
2605|Lord Solar Leontus|3|1||Konstantin's hooves|Extra Attacks|Melee|Melee|2|4|4|0|1
769|Macharius|1|1||Heavy bolter|Sustained Hits 1|36|Ranged|3|4|5|-1|2
769|Macharius|2|1||Heavy flamer|Ignores Cover, Torrent|12|Ranged|D6|-|5|-1|1
769|Macharius|3|1||Heavy stubber|Rapid Fire 3|36|Ranged|3|4|4|0|1
769|Macharius|4|1||Hunter-killer missile|One Shot|48|Ranged|1|4|14|-3|D6
769|Macharius|5|1||Macharius twin battlecannon|Blast, Twin-linked|48|Ranged|D6+3|4|10|-1|3
769|Macharius|6|1||Storm bolter|Rapid Fire 2|24|Ranged|2|4|4|0|1
769|Macharius|7|1||Twin heavy stubber|Rapid Fire 3, Twin-linked|36|Ranged|3|4|4|0|1
769|Macharius|8|1||Armoured tracks||Melee|Melee|6|4|8|0|1
770|Macharius Omega|1|1||Autocannon||48|Ranged|2|4|9|-1|3
770|Macharius Omega|2|1||Heavy bolter|Sustained Hits 1|36|Ranged|3|4|5|-1|2
770|Macharius Omega|3|1||Heavy flamer|Ignores Cover, Torrent|12|Ranged|D6|-|5|-1|1
770|Macharius Omega|4|1||Heavy stubber|Rapid Fire 3|36|Ranged|3|4|4|0|1
770|Macharius Omega|5|1||Omega-pattern plasma blastgun - standard|Blast|60|Ranged|2D6|4|8|-2|2
770|Macharius Omega|6|2||Omega-pattern plasma blastgun - supercharged|Blast, Hazardous|60|Ranged|2D6|4|9|-3|3
770|Macharius Omega|7|1||Storm bolter|Rapid Fire 2|24|Ranged|2|4|4|0|1
770|Macharius Omega|8|1||Armoured tracks||Melee|Melee|3|4|6|0|1
771|Macharius Vanquisher|1|1||Heavy bolter|Sustained Hits 1|36|Ranged|3|4|5|-1|2
771|Macharius Vanquisher|2|1||Heavy flamer|Ignores Cover, Torrent|12|Ranged|D6|-|5|-1|1
771|Macharius Vanquisher|3|1||Heavy stubber|Rapid Fire 3|36|Ranged|3|4|4|0|1
771|Macharius Vanquisher|4|1||Hunter-killer missile|One Shot|48|Ranged|1|4|14|-3|D6
771|Macharius Vanquisher|5|1||Macharius twin vanquisher cannon|Heavy, Twin-linked|72|Ranged|1|4|18|-4|D6+6
771|Macharius Vanquisher|6|1||Storm bolter|Rapid Fire 2|24|Ranged|2|4|4|0|1
771|Macharius Vanquisher|7|1||Twin heavy stubber|Rapid Fire 3, Twin-linked|36|Ranged|3|4|4|0|1
771|Macharius Vanquisher|8|1||Armoured tracks||Melee|Melee|6|4|8|0|1
772|Macharius Vulcan|1|1||Heavy bolter|Sustained Hits 1|36|Ranged|3|4|5|-1|2
772|Macharius Vulcan|2|1||Heavy flamer|Ignores Cover, Torrent|12|Ranged|D6|-|5|-1|1
772|Macharius Vulcan|3|1||Heavy stubber|Rapid Fire 3|36|Ranged|3|4|4|0|1
772|Macharius Vulcan|4|1||Hunter-killer missile|One Shot|48|Ranged|1|4|14|-3|D6
772|Macharius Vulcan|5|1||Macharius vulcan mega-bolter|Sustained Hits 1|48|Ranged|16|4|6|-1|2
772|Macharius Vulcan|6|1||Storm bolter|Rapid Fire 2|24|Ranged|2|4|4|0|1
772|Macharius Vulcan|7|1||Twin heavy stubber|Rapid Fire 3, Twin-linked|36|Ranged|3|4|4|0|1
772|Macharius Vulcan|8|1||Armoured tracks||Melee|Melee|6|4|8|0|1
753|Malcador|1|1||Autocannon||48|Ranged|2|4|9|-1|3
753|Malcador|2|1||Heavy bolter|Sustained Hits 1|36|Ranged|3|4|5|-1|2
753|Malcador|3|1||Heavy stubber|Rapid Fire 3|36|Ranged|3|4|4|0|1
753|Malcador|4|1||Hunter-killer missile|One Shot|48|Ranged|1|4|14|-3|D6
753|Malcador|5|1||Lascannon||48|Ranged|1|4|12|-3|D6+1
753|Malcador|6|1||Malcador battle cannon|Blast|48|Ranged|D6+3|4|9|-1|3
753|Malcador|7|1||Storm bolter|Rapid Fire 2|24|Ranged|2|4|4|0|1
753|Malcador|8|1||Armoured tracks||Melee|Melee|6|4|7|0|1
751|Malcador Annihilator|1|1||Autocannon||48|Ranged|2|4|9|-1|3
751|Malcador Annihilator|2|1||Demolisher cannon|Blast|24|Ranged|D6+3|4|14|-3|D6
751|Malcador Annihilator|3|1||Heavy bolter|Sustained Hits 1|36|Ranged|3|4|5|-1|2
751|Malcador Annihilator|4|1||Heavy stubber|Rapid Fire 3|36|Ranged|3|4|4|0|1
751|Malcador Annihilator|5|1||Hunter-killer missile|One Shot|48|Ranged|1|4|14|-3|D6
751|Malcador Annihilator|6|1||Lascannon||48|Ranged|1|4|12|-3|D6+1
751|Malcador Annihilator|7|1||Malcador twin lascannon|Twin-linked|48|Ranged|1|4|12|-3|D6+1
751|Malcador Annihilator|8|1||Storm bolter|Rapid Fire 2|24|Ranged|2|4|4|0|1
751|Malcador Annihilator|9|1||Armoured tracks||Melee|Melee|6|4|7|0|1
752|Malcador Defender|1|1||Autocannon||48|Ranged|2|4|9|-1|3
752|Malcador Defender|2|1||Demolisher cannon|Blast|24|Ranged|D6+3|4|14|-3|D6
752|Malcador Defender|3|1||Heavy bolter|Sustained Hits 1|36|Ranged|3|4|5|-1|2
752|Malcador Defender|4|1||Heavy stubber|Rapid Fire 3|36|Ranged|3|4|4|0|1
752|Malcador Defender|5|1||Hunter-killer missile|One Shot|48|Ranged|1|4|14|-3|D6
752|Malcador Defender|6|1||Lascannon||48|Ranged|1|4|12|-3|D6+1
752|Malcador Defender|7|1||Storm bolter|Rapid Fire 2|24|Ranged|2|4|4|0|1
752|Malcador Defender|8|1||Armoured tracks||Melee|Melee|6|4|7|0|1
754|Malcador Infernus|1|1||Autocannon||48|Ranged|2|4|9|-1|3
754|Malcador Infernus|2|1||Heavy bolter|Sustained Hits 1|36|Ranged|3|4|5|-1|2
754|Malcador Infernus|3|1||Heavy flamer|Ignores Cover, Torrent|12|Ranged|D6|-|5|-1|1
754|Malcador Infernus|4|1||Heavy stubber|Rapid Fire 3|36|Ranged|3|4|4|0|1
754|Malcador Infernus|5|1||Hunter-killer missile|One Shot|48|Ranged|1|4|14|-3|D6
754|Malcador Infernus|6|1||Inferno gun|Ignores Cover, Torrent|18|Ranged|D6+3|-|5|-2|2
754|Malcador Infernus|7|1||Lascannon||48|Ranged|1|4|12|-3|D6+1
754|Malcador Infernus|8|1||Storm bolter|Rapid Fire 2|24|Ranged|2|4|4|0|1
754|Malcador Infernus|9|1||Armoured tracks||Melee|Melee|6|4|7|0|1
698|Manticore|1|1||Heavy bolter|Sustained Hits 1|36|Ranged|3|4|5|-1|2
698|Manticore|2|1||Heavy flamer|Ignores Cover, Torrent|12|Ranged|D6|-|5|-1|1
698|Manticore|3|1||Hunter-killer missile|One Shot|48|Ranged|1|4|14|-3|D6
698|Manticore|4|1||Storm eagle rockets|Anti-Infantry 2+, Blast, Indirect Fire|120|Ranged|D6|4|7|-2|3
698|Manticore|5|1||Armoured tracks||Melee|Melee|3|4|6|0|1
755|Manticore Platform|1|1||Storm Eagle Rockets|Blast, Indirect Fire|120|Ranged|D6+1|4|10|-2|3
755|Manticore Platform|2|1||Close combat weapons||Melee|Melee|3|4|3|0|1
773|Marauder Bomber|1|1||Heavy bolter|Sustained Hits 1|36|Ranged|3|4|5|-1|2
773|Marauder Bomber|2|1||Lascannon||48|Ranged|1|4|12|-3|D6+1
773|Marauder Bomber|3|1||Armoured hull||Melee|Melee|6|4|8|0|1
774|Marauder Destroyer|1|1||Assault cannon|Devastating Wounds|24|Ranged|6|4|6|0|1
774|Marauder Destroyer|2|1||Heavy bolter|Sustained Hits 1|36|Ranged|3|4|5|-1|2
774|Marauder Destroyer|3|1||Hellstrike missile rack|Anti-Fly 2+|48|Ranged|2|4|10|-3|D6
774|Marauder Destroyer|4|1||Marauder nose autocannons|Twin-linked|48|Ranged|4|4|10|-2|3
774|Marauder Destroyer|5|1||Armoured hull||Melee|Melee|6|4|8|0|1
756|Medusa Carriage Battery|1|1||Medusa siege cannon|Blast, Heavy, Indirect Fire|36|Ranged|D6|5|10|-3|3
756|Medusa Carriage Battery|2|1||Battery close combat weapons||Melee|Melee|5|4|3|0|1
719|Tempestus Scion|1|1||Bolt pistol|Pistol|12|Ranged|1|3|4|0|1
719|Tempestus Scion|2|1||Flamer|Ignores Cover, Torrent|12|Ranged|D6|-|4|0|1
719|Tempestus Scion|3|1||Grenade launcher - frag|Blast|24|Ranged|D3|3|4|0|1
719|Tempestus Scion|4|2||Grenade launcher - krak||24|Ranged|1|3|9|-2|D3
719|Tempestus Scion|5|1||Hot-shot lasgun|Rapid Fire 1|24|Ranged|1|3|3|-1|1
719|Tempestus Scion|6|1||Hot-shot laspistol|Pistol|12|Ranged|1|3|3|-1|1
719|Tempestus Scion|7|1||Hot-shot volley gun|Rapid Fire 2|30|Ranged|2|3|4|-1|1
719|Tempestus Scion|8|1||Meltagun|Melta 2|12|Ranged|1|3|9|-4|D6
719|Tempestus Scion|9|1||Plasma gun - standard|Rapid Fire 1|24|Ranged|1|3|7|-2|1
719|Tempestus Scion|10|2||Plasma gun - supercharge|Rapid Fire 1, Hazardous|24|Ranged|1|3|8|-3|2
719|Tempestus Scion|11|1||Plasma pistol - standard|Pistol|12|Ranged|1|3|7|-2|1
719|Tempestus Scion|12|2||Plasma pistol - supercharge|Hazardous, Pistol|12|Ranged|1|3|8|-3|2
719|Tempestus Scion|13|1||Close combat weapon||Melee|Melee|2|4|3|0|1
719|Tempestus Scion|14|1||Tempestus dagger||Melee|Melee|4|3|3|0|1
1394|Ministorum Priest|1|1||Holy pistol|Pistol|12|Ranged|3|4|4|0|1
1394|Ministorum Priest|2|1||Zealot's vindicator|Ignores Cover, Torrent|12|Ranged|D6|-|5|0|1
1394|Ministorum Priest|3|1||Power weapon||Melee|Melee|3|3|4|-2|1
1394|Ministorum Priest|4|2||Zealot's vindicator||Melee|Melee|3|4|5|-1|2
775|Minotaur|1|1||Minotaur twin earthshaker cannon|Blast, Indirect Fire, Twin-Linked|240|Ranged|D6+3|4|8|-2|2
775|Minotaur|2|1||Armoured tracks||Melee|Melee|3|4|6|0|1
1383|Mukaali Rider|1|1||Flamer|Ignores Cover, Torrent|12|Ranged|D6|-|4|0|1
1383|Mukaali Rider|2|1||Grenade launcher - frag|Blast|24|Ranged|D3|4|4|0|1
1383|Mukaali Rider|3|2||Grenade launcher - krak||24|Ranged|1|4|9|-2|D3
1383|Mukaali Rider|4|1||Laspistol|Pistol|12|Ranged|1|4|3|0|1
1383|Mukaali Rider|5|1||Meltagun|Melta 2|12|Ranged|1|4|9|-4|D6
1383|Mukaali Rider|6|1||Plasma gun - standard|Rapid Fire 1|24|Ranged|1|4|7|-2|1
1383|Mukaali Rider|7|2||Plasma gun - supercharge|Hazardous, Rapid Fire 1|24|Ranged|1|4|8|-3|2
1383|Mukaali Rider|8|1||Plasma pistol - standard|Rapid Fire 1|24|Ranged|1|4|7|-2|1
1383|Mukaali Rider|9|2||Plasma pistol - supercharged|Hazardous, Rapid Fire 1|24|Ranged|1|4|8|-3|2
1383|Mukaali Rider|10|1||Chainsword||Melee|Melee|3|4|3|0|1
1383|Mukaali Rider|11|1||Hunting lance|Lance|Melee|Melee|3|4|4|0|1
1383|Mukaali Rider|12|1||Power weapon||Melee|Melee|3|4|4|-2|1
1383|Mukaali Rider|13|1||Stomping Feet|Extra Attacks|Melee|Melee|2|4|4|0|1
1397|Munitorum Servitor|1|1||Heavy bolter|Heavy, Sustained Hits 1|36|Ranged|3|6|5|-1|2
1397|Munitorum Servitor|2|1||Multi-melta|Heavy, Melta 2|18|Ranged|2|6|9|-4|D6
1397|Munitorum Servitor|3|1||Plasma cannon - standard|Blast, Heavy|36|Ranged|D3|6|7|-2|1
1397|Munitorum Servitor|4|2||Plasma cannon - supercharge|Blast, Hazardous, Heavy|36|Ranged|D3|6|8|-3|2
1397|Munitorum Servitor|5|1||Servitor's servo arm||Melee|Melee|1|5|6|-2|3
725|Nork Deddog|1|1||Ripper gun|Rapid Fire 3|18|Ranged|3|3|5|-1|2
725|Nork Deddog|2|1||Huge knife|Devastating Wounds|Melee|Melee|6|2|8|-1|2
1398|Ogryn Bodyguard|1|1||Grenadier gauntlet|Blast|18|Ranged|D6|4|4|0|1
1398|Ogryn Bodyguard|2|1||Ripper gun|Rapid Fire 3|18|Ranged|3|4|5|-1|2
1398|Ogryn Bodyguard|3|1||Bullgryn maul||Melee|Melee|5|3|7|-1|2
1398|Ogryn Bodyguard|4|1||Close combat weapon||Melee|Melee|4|3|6|0|1
1398|Ogryn Bodyguard|5|1||Huge knife||Melee|Melee|6|3|8|-1|2
1398|Ogryn Bodyguard|6|2||Ripper gun||Melee|Melee|4|3|6|-1|1
722|Ogryns|1|1||Ripper gun|Rapid Fire 3|18|Ranged|3|4|5|-1|2
722|Ogryns|2|2||Ripper gun||Melee|Melee|4|3|6|-1|1
776|Praetor|1|1||Heavy bolter|Sustained Hits 1|36|Ranged|3|4|5|-1|2
776|Praetor|2|1||Heavy stubber|Rapid Fire 3|36|Ranged|3|4|4|0|1
776|Praetor|3|1||Praetor launcher - firestorm|Blast, Heavy, Ignores Cover, Indirect Fire|120|Ranged|2D6|4|6|-1|2
776|Praetor|4|2||Praetor launcher - foehammer|Anti-MONSTER 4+, Anti-VEHICLE 4+, Blast, Heavy, Indirect Fire|120|Ranged|D6+1|4|4|-2|3
776|Praetor|5|1||Storm bolter|Rapid Fire 2|24|Ranged|2|4|4|0|1
776|Praetor|6|1||Armoured tracks||Melee|Melee|6|4|7|0|1
889|Primaris Psyker|1|1||Laspistol|Pistol|12|Ranged|1|3|3|0|1
889|Primaris Psyker|2|1||Psychic maelstrom - focused witchfire|Blast, Devastating Wounds, Hazardous, Psychic|18|Ranged|D6+1|3|6|-2|2
889|Primaris Psyker|3|2||Psychic maelstrom - witchfire|Blast, Devastating Wounds, Psychic|18|Ranged|D6|3|5|-2|1
889|Primaris Psyker|4|1||Force weapon|Psychic|Melee|Melee|3|4|6|-1|D3
448857|Provisionally Prepared|1|1||Sniper rifle|Heavy, Precision|36|Ranged|1|3|4|-2|2
448857|Provisionally Prepared|2|1||Close combat weapons||Melee|Melee|2|5|2|0|1
2375|Quartermaster Revenant|1|1||Quartermaster's pistol|Pistol|12|Ranged|1|3|3|-1|1
2375|Quartermaster Revenant|2|1||Medical scalpels||Melee|Melee|1|4|3|0|1
2375|Quartermaster Revenant|3|1||Quartermaster's close combat weapon||Melee|Melee|2|3|4|-2|1
757|Rapier Laser Destroyer Battery|1|1||Laser destroyer|Heavy, Twin-linked|36|Ranged|2|5|12|-2|D6+1
757|Rapier Laser Destroyer Battery|2|1||Close combat weapon||Melee|Melee|2|4|3|0|1
3937|Ratlings|1|1||Sniper rifle|Heavy, Precision|36|Ranged|1|3|4|-2|2
3937|Ratlings|2|1||Tankstopper rifle|Heavy|36|Ranged|1|3|9|-3|D6
3937|Ratlings|3|1||Close combat weapon||Melee|Melee|1|5|2|0|1
2610|Regimental Attachés|1|1||Laspistol|Pistol|12|Ranged|1|4|3|0|1
2610|Regimental Attachés|2|1||Astropath's stave|Psychic|Melee|Melee|1|4|6|-1|D3
2610|Regimental Attachés|3|1||Close combat weapon||Melee|Melee|1|4|3|0|1
1596|Rein|1|1||Demolition Charge|Blast, Hazardous, One Shot|6|Ranged|D6+3|4|12|-2|2
1596|Rein|2|1||Sniper rifle|Heavy, Precision|36|Ranged|1|3|4|-2|2
1596|Rein|3|1||Stub Pistol|Pistol|12|Ranged|1|3|4|0|1
1596|Rein|4|1||Close Combat Weapon||Melee|Melee|1|5|2|0|1
2617|Rogal Dorn Battle Tank|1|1||Castigator gatling cannon||24|Ranged|12|4|5|0|1
2617|Rogal Dorn Battle Tank|2|1||Coaxial autocannon||48|Ranged|2|4|9|-1|3
2617|Rogal Dorn Battle Tank|3|1||Heavy bolter|Sustained Hits 1|36|Ranged|3|4|5|-1|2
2617|Rogal Dorn Battle Tank|4|1||Heavy stubber|Rapid Fire 3|36|Ranged|3|4|4|0|1
2617|Rogal Dorn Battle Tank|5|1||Meltagun|Melta 2|12|Ranged|1|4|9|-4|D6
2617|Rogal Dorn Battle Tank|6|1||Multi-melta|Melta 2|18|Ranged|2|4|9|-4|D6
2617|Rogal Dorn Battle Tank|7|1||Oppressor cannon|Blast|72|Ranged|D6+3|4|12|-2|3
2617|Rogal Dorn Battle Tank|8|1||Pulveriser cannon|Blast|24|Ranged|D6|4|9|-3|3
2617|Rogal Dorn Battle Tank|9|1||Twin battle cannon|Blast, Twin-linked|48|Ranged|D6+3|4|10|-1|3
2617|Rogal Dorn Battle Tank|10|1||Armoured tracks||Melee|Melee|6|4|7|0|1
702692|Rogal Dorn Commander|1|1||Castigator gatling cannon||24|Ranged|12|4|5|0|1
702692|Rogal Dorn Commander|2|1||Coaxial autocannon||48|Ranged|2|4|9|-1|3
702692|Rogal Dorn Commander|3|1||Heavy bolter|Sustained Hits 1|36|Ranged|3|4|5|-1|2
702692|Rogal Dorn Commander|4|1||Heavy stubber|Rapid Fire 3|36|Ranged|3|4|4|0|1
702692|Rogal Dorn Commander|5|1||Meltagun|Melta 2|12|Ranged|1|4|9|-4|D6
702692|Rogal Dorn Commander|6|1||Multi-melta|Melta 2|18|Ranged|2|4|9|-4|D6
702692|Rogal Dorn Commander|7|1||Oppressor cannon|Blast|72|Ranged|D6+3|4|12|-2|3
702692|Rogal Dorn Commander|8|1||Pulveriser cannon|Blast|24|Ranged|D6|4|9|-3|3
702692|Rogal Dorn Commander|9|1||Twin battle cannon|Blast, Twin-linked|48|Ranged|D6+3|4|10|-1|3
702692|Rogal Dorn Commander|10|1||Armoured tracks||Melee|Melee|6|4|7|0|1
758|Sabre Weapons Battery|1|1||Twin autocannon|Twin-linked|48|Ranged|2|4|9|-1|3
758|Sabre Weapons Battery|2|1||Twin heavy bolter|Sustained Hits 1, Twin-linked|36|Ranged|3|4|5|-1|2
758|Sabre Weapons Battery|3|1||Twin heavy stubber|Rapid Fire 3, Twin-linked|36|Ranged|3|4|4|0|1
758|Sabre Weapons Battery|4|1||Twin lascannon|Twin-linked|48|Ranged|1|4|12|-3|D6+1
758|Sabre Weapons Battery|5|1||Close combat weapon||Melee|Melee|2|4|3|0|1
729|Salamander Command Vehicle|1|1||Heavy bolter|Sustained Hits 1|36|Ranged|3|4|5|-1|2
729|Salamander Command Vehicle|2|1||Heavy flamer|Ignores Cover, Torrent|12|Ranged|D6|-|5|-1|1
729|Salamander Command Vehicle|3|1||Heavy stubber|Rapid Fire 3|36|Ranged|3|4|4|0|1
729|Salamander Command Vehicle|4|1||Hunter-killer missile|One Shot|48|Ranged|1|4|14|-3|D6
729|Salamander Command Vehicle|5|1||Storm bolter|Rapid Fire 2|24|Ranged|2|4|4|0|1
729|Salamander Command Vehicle|6|1||Armoured tracks||Melee|Melee|3|4|6|0|1
735|Salamander Scout Vehicle|1|1||Autocannon||48|Ranged|2|4|9|-1|3
735|Salamander Scout Vehicle|2|1||Heavy bolter|Sustained Hits 1|36|Ranged|3|4|5|-1|2
735|Salamander Scout Vehicle|3|1||Heavy stubber|Rapid Fire 3|36|Ranged|3|4|4|0|1
735|Salamander Scout Vehicle|4|1||Hunter-killer missile|One Shot|48|Ranged|1|4|14|-3|D6
735|Salamander Scout Vehicle|5|1||Storm bolter|Rapid Fire 2|24|Ranged|2|4|4|0|1
735|Salamander Scout Vehicle|6|1||Armoured tracks||Melee|Melee|3|4|6|0|1
690|Scout Sentinel|1|1||Autocannon||48|Ranged|2|4|9|-1|3
690|Scout Sentinel|2|1||Heavy flamer|Ignores Cover, Torrent|12|Ranged|D6|-|5|-1|1
690|Scout Sentinel|3|1||Hunter-killer missile|One Shot|48|Ranged|1|4|14|-3|D6
690|Scout Sentinel|4|1||Lascannon||48|Ranged|1|4|12|-3|D6+1
690|Scout Sentinel|5|1||Missile launcher - frag|Blast, Heavy|48|Ranged|D6|4|4|0|1
690|Scout Sentinel|6|2||Missile launcher - krak|Heavy|48|Ranged|1|4|9|-2|D6
690|Scout Sentinel|7|1||Multi-laser||36|Ranged|4|4|6|0|1
690|Scout Sentinel|8|1||Plasma cannon - standard|Blast|36|Ranged|D3|4|7|-2|1
690|Scout Sentinel|9|2||Plasma cannon - supercharge|Blast, Hazardous|36|Ranged|D3|4|8|-3|2
690|Scout Sentinel|10|1||Close combat weapon||Melee|Melee|3|4|6|0|1
690|Scout Sentinel|11|1||Sentinel chainsaw||Melee|Melee|3|4|6|-1|1
759|Sentinel Powerlifter|1|1||Powerlifter||Melee|Melee|3|4|10|-2|D3
714|Sergeant Harker|1|1||Payback|Sustained Hits 1|36|Ranged|3|3|5|-1|2
714|Sergeant Harker|2|1||Close combat weapon||Melee|Melee|2|4|3|0|1
707|Shadowsword|1|1||Lascannon||48|Ranged|1|4|12|-3|D6+1
707|Shadowsword|2|1||Twin heavy bolter|Sustained Hits 1, Twin-linked|36|Ranged|3|4|5|-1|2
707|Shadowsword|3|1||Twin heavy flamer|Ignores Cover, Torrent, Twin-linked|12|Ranged|D6|-|5|-1|1
707|Shadowsword|4|1||Volcano cannon|Blast, Heavy|96|Ranged|D3+1|4|24|-5|12
707|Shadowsword|5|1||Armoured tracks||Melee|Melee|6|4|8|0|1
1406|Sly Marbo|1|1||Ripper pistol|Anti-Infantry 2+, Pistol, Precision|12|Ranged|3|2|5|-1|2
1406|Sly Marbo|2|1||Envenomed blade|Anti-Infantry 2+, Precision|Melee|Melee|5|2|5|-1|2
2379|Storm Chimera|1|1||Autocannon||48|Ranged|2|4|9|-1|3
2379|Storm Chimera|2|1||Heavy bolter|Sustained Hits 1|36|Ranged|3|4|5|-1|2
2379|Storm Chimera|3|1||Heavy flamer|Ignores Cover, Torrent|12|Ranged|D6|-|5|-1|1
2379|Storm Chimera|4|1||Heavy stubber|Rapid Fire 3|36|Ranged|3|4|4|0|1
2379|Storm Chimera|5|1||Hunter-killer missile|One Shot|48|Ranged|1|4|14|-3|D6
2379|Storm Chimera|6|1||Storm bolter|Rapid Fire 2|24|Ranged|2|4|4|0|1
2379|Storm Chimera|7|1||Armoured tracks||Melee|Melee|3|4|6|0|1
763|Stormblade|1|1||Heavy stubber|Rapid Fire 3|36|Ranged|3|4|4|0|1
763|Stormblade|2|1||Hunter-killer missile|One Shot|48|Ranged|1|4|14|-3|D6
763|Stormblade|3|1||Lascannon||48|Ranged|1|4|12|-3|D6+1
763|Stormblade|4|1||Storm bolter|Rapid Fire 2|24|Ranged|2|4|4|0|1
763|Stormblade|5|1||Stormblade plasma blastgun - standard|Blast|48|Ranged|D6+3|4|9|-2|3
763|Stormblade|6|2||Stormblade plasma blastgun - supercharge|Blast, Hazardous|48|Ranged|D6+3|4|10|-3|4
763|Stormblade|7|1||Twin heavy bolter|Sustained Hits 1, Twin-linked|36|Ranged|3|4|5|-1|2
763|Stormblade|8|1||Twin heavy flamer|Ignores Cover, Torrent, Twin-linked|12|Ranged|D6|-|5|-1|1
763|Stormblade|9|1||Armoured tracks||Melee|Melee|6|4|8|0|1
708|Stormlord|1|1||Heavy stubber|Rapid Fire 3|36|Ranged|3|4|4|0|1
708|Stormlord|2|1||Lascannon||48|Ranged|1|4|12|-3|D6+1
708|Stormlord|3|1||Twin heavy bolter|Sustained Hits 1, Twin-linked|36|Ranged|3|4|5|-1|2
708|Stormlord|4|1||Twin heavy flamer|Ignores Cover, Torrent, Twin-linked|12|Ranged|D6|-|5|-1|1
708|Stormlord|5|1||Vulcan mega-bolter|Sustained Hits 1|48|Ranged|20|4|6|-1|2
708|Stormlord|6|1||Armoured tracks||Melee|Melee|6|4|8|0|1
709|Stormsword|1|1||Lascannon||48|Ranged|1|4|12|-3|D6+1
709|Stormsword|2|1||Stormsword siege cannon|Blast, Ignores Cover|48|Ranged|D6+6|4|16|-4|D6+2
709|Stormsword|3|1||Twin heavy bolter|Sustained Hits 1, Twin-linked|36|Ranged|3|4|5|-1|2
709|Stormsword|4|1||Twin heavy flamer|Ignores Cover, Torrent, Twin-linked|12|Ranged|D6|-|6|-1|1
709|Stormsword|5|1||Armoured tracks||Melee|Melee|6|4|8|0|1
760|Stygies Destroyer Tank Hunter|1|1||Heavy stubber|Rapid Fire 3|36|Ranged|3|4|4|0|1
760|Stygies Destroyer Tank Hunter|2|1||Hunter-killer missile|One Shot|48|Ranged|1|4|14|-3|D6
760|Stygies Destroyer Tank Hunter|3|1||Storm bolter|Rapid Fire 2|24|Ranged|2|4|4|0|1
760|Stygies Destroyer Tank Hunter|4|1||Stygies laser destroyer|Heavy|72|Ranged|2|4|14|-4|D6+3
760|Stygies Destroyer Tank Hunter|5|1||Armoured tracks||Melee|Melee|3|4|6|0|1
762|Tarantula Battery|1|1||Twin heavy bolter|Sustained Hits 1, Twin-linked|36|Ranged|3|4|5|-1|2
762|Tarantula Battery|2|1||Twin lascannon|Twin-linked|48|Ranged|1|4|12|-3|D6+1
762|Tarantula Battery|3|1||Close combat weapon||Melee|Melee|2|4|3|0|1
736|Tauros Assault Vehicle|1|1||Heavy flamer|Ignores Cover, Torrent|12|Ranged|D6|-|5|-1|1
736|Tauros Assault Vehicle|2|1||Hunter-killer missile|One Shot|48|Ranged|1|4|14|-3|D6
736|Tauros Assault Vehicle|3|1||Tauros grenade launcher - frag|Blast|24|Ranged|D6|4|4|0|1
736|Tauros Assault Vehicle|4|2||Tauros grenade launcher - krak||24|Ranged|2|4|9|-2|D3
736|Tauros Assault Vehicle|5|1||Armoured frame||Melee|Melee|2|4|5|0|1
737|Tauros Venator|1|1||Hunter-killer missile|One Shot|48|Ranged|1|4|14|-3|D6
737|Tauros Venator|2|1||Twin lascannon|Twin-linked|48|Ranged|1|4|12|-3|D6+1
737|Tauros Venator|3|1||Twin multi-laser|Twin-linked|36|Ranged|4|4|6|0|1
737|Tauros Venator|4|1||Armoured frame||Melee|Melee|2|4|5|0|1
693|Taurox|1|1||Storm bolter|Rapid Fire 2|24|Ranged|2|4|4|0|1
693|Taurox|2|1||Twin autocannon|Twin-linked|48|Ranged|2|4|9|-1|3
693|Taurox|3|1||Armoured tracks||Melee|Melee|3|4|6|0|1
721|Taurox Prime|1|1||Storm bolter|Rapid Fire 2|24|Ranged|2|3|4|0|1
721|Taurox Prime|2|1||Taurox battle cannon|Blast|48|Ranged|D6|3|8|-1|2
721|Taurox Prime|3|1||Taurox gatling cannon|Devastating Wounds, Twin-linked|24|Ranged|8|3|4|0|1
721|Taurox Prime|4|1||Taurox missile launcher - frag|Blast, Twin-linked|48|Ranged|D6|3|4|0|1
721|Taurox Prime|5|2||Taurox missile launcher - krak|Twin-linked|48|Ranged|1|3|9|-2|D6
721|Taurox Prime|6|1||Twin autocannon|Twin-linked|48|Ranged|2|3|9|-1|3
721|Taurox Prime|7|1||Twin Taurox hot-shot volley gun|Rapid Fire 3, Twin-linked|30|Ranged|3|3|4|-1|1
721|Taurox Prime|8|1||Armoured tracks||Melee|Melee|3|4|6|0|1
1396|Tech-Priest Enginseer|1|1||Mechanicus pistol|Devastating Wounds, Pistol|12|Ranged|1|3|6|0|1
1396|Tech-Priest Enginseer|2|1||Enginseer Axe||Melee|Melee|3|4|6|-2|2
1396|Tech-Priest Enginseer|3|1||Servo-arm|Extra Attacks|Melee|Melee|1|4|6|-2|2
3834|Tempestus Aquilons|1|1||Bolt pistol|Pistol|12|Ranged|1|3|4|0|1
3834|Tempestus Aquilons|2|1||Hot-shot lascarbine|Assault|18|Ranged|2|3|3|-1|1
3834|Tempestus Aquilons|3|1||Hot-shot laspistol|Pistol|12|Ranged|1|3|3|-1|1
3834|Tempestus Aquilons|4|1||Hot-shot long las|Heavy, Precision|36|Ranged|1|3|4|-2|3
3834|Tempestus Aquilons|5|1||Melta carbine|Assault, Melta 2|10|Ranged|1|3|9|-4|D6
3834|Tempestus Aquilons|6|1||Plasma carbine - standard|Assault|18|Ranged|2|3|7|-2|1
3834|Tempestus Aquilons|7|2||Plasma carbine - supercharge|Assault, Hazardous|18|Ranged|2|3|8|-3|2
3834|Tempestus Aquilons|8|1||Sentry flamer|Ignores Cover, Torrent|12|Ranged|D6+3|-|4|0|1
3834|Tempestus Aquilons|9|1||Sentry grenade launcher - frag|Blast|24|Ranged|D3+3|4|4|0|1
3834|Tempestus Aquilons|10|2||Sentry grenade launcher - krak||24|Ranged|2|4|9|-2|D3
3834|Tempestus Aquilons|11|1||Sentry hot-shot volley gun|Rapid Fire 4|30|Ranged|4|4|4|-1|1
3834|Tempestus Aquilons|12|1||Chainsword||Melee|Melee|4|4|3|0|1
3834|Tempestus Aquilons|13|1||Close combat weapon||Melee|Melee|2|4|3|0|1
3834|Tempestus Aquilons|14|1||Power weapon||Melee|Melee|3|4|4|-2|1
2746|Tempestus Scions|1|1||Bolt pistol|Pistol|12|Ranged|1|3|4|0|1
2746|Tempestus Scions|2|1||Flamer|Ignores Cover, Torrent|12|Ranged|D6|-|4|0|1
2746|Tempestus Scions|3|1||Grenade launcher - frag|Blast|24|Ranged|D3|3|4|0|1
2746|Tempestus Scions|4|2||Grenade launcher - krak||24|Ranged|1|3|9|-2|D3
2746|Tempestus Scions|5|1||Hot-shot lasgun|Rapid Fire 1|24|Ranged|1|3|3|-1|1
2746|Tempestus Scions|6|1||Hot-shot laspistol|Pistol|12|Ranged|1|3|3|-1|1
2746|Tempestus Scions|7|1||Hot-shot volley gun|Rapid Fire 2|30|Ranged|2|3|4|-1|1
2746|Tempestus Scions|8|1||Meltagun|Melta 2|12|Ranged|1|3|9|-4|D6
2746|Tempestus Scions|9|1||Plasma gun - standard|Rapid Fire 1|24|Ranged|1|3|7|-2|1
2746|Tempestus Scions|10|2||Plasma gun - supercharge|Rapid Fire 1, Hazardous|24|Ranged|1|3|8|-3|2
2746|Tempestus Scions|11|1||Plasma pistol - standard|Pistol|12|Ranged|1|3|7|-2|1
2746|Tempestus Scions|12|2||Plasma pistol - supercharge|Hazardous, Pistol|12|Ranged|1|3|8|-3|2
2746|Tempestus Scions|13|1||Chainsword||Melee|Melee|4|4|3|0|1
2746|Tempestus Scions|14|1||Close combat weapon||Melee|Melee|2|4|3|0|1
2746|Tempestus Scions|15|1||Power fist||Melee|Melee|3|4|6|-2|2
2746|Tempestus Scions|16|1||Power weapon||Melee|Melee|3|4|4|-2|1
733|Trojan Support Vehicle|1|1||Heavy bolter|Sustained Hits 1|36|Ranged|3|4|5|-1|2
733|Trojan Support Vehicle|2|1||Heavy flamer|Ignores Cover, Torrent|12|Ranged|D6|-|5|-1|1
733|Trojan Support Vehicle|3|1||Hunter-killer missile|One Shot|48|Ranged|1|4|14|-3|D6
733|Trojan Support Vehicle|4|1||Armoured tracks||Melee|Melee|3|4|6|0|1
2606|Ursula Creed|1|1||Duty and Vengeance|Pistol|12|Ranged|4|3|5|-2|1
2606|Ursula Creed|2|1||Power weapon||Melee|Melee|4|3|4|-2|1
777|Valdor|1|1||Autocannon||48|Ranged|2|4|9|-1|3
777|Valdor|2|1||Heavy bolter|Sustained Hits 1|36|Ranged|3|4|5|-1|2
777|Valdor|3|1||Heavy flamer|Ignores Cover, Torrent|12|Ranged|D6|-|5|-1|1
777|Valdor|4|1||Heavy stubber|Rapid Fire 3|36|Ranged|3|4|4|0|1
777|Valdor|5|1||Hunter-killer missile|One Shot|48|Ranged|1|4|14|-3|D6
777|Valdor|6|1||Lascannon||48|Ranged|1|4|12|-3|D6+1
777|Valdor|7|1||Storm bolter|Rapid Fire 2|24|Ranged|2|4|4|0|1
777|Valdor|8|1||Valdor neutron laser|Heavy|48|Ranged|2|4|16|-4|D6+1
777|Valdor|9|1||Armoured tracks||Melee|Melee|6|4|8|0|1
727|Valkyrie|1|1||Heavy bolter|Sustained Hits 1|36|Ranged|3|4|5|-1|2
727|Valkyrie|2|1||Hellstrike missiles|Anti-fly 2|48|Ranged|1|4|10|-3|D6
727|Valkyrie|3|1||Lascannon||48|Ranged|1|4|12|-3|D6+1
727|Valkyrie|4|1||Multi-laser||36|Ranged|4|4|6|0|1
727|Valkyrie|5|1||Multiple rocket pod|Blast|36|Ranged|D6|4|6|0|1
727|Valkyrie|6|1||Armoured hull||Melee|Melee|3|4|6|0|1
1237|Valkyrie Sky Talon|1|1||Heavy bolter|Sustained Hits 1|36|Ranged|3|4|5|-1|2
1237|Valkyrie Sky Talon|2|1||Hellstrike missiles|Anti-fly 2|48|Ranged|1|4|10|-3|D6
1237|Valkyrie Sky Talon|3|1||Multiple rocket pod|Blast|36|Ranged|D6|4|6|0|1
1237|Valkyrie Sky Talon|4|1||Armoured hull||Melee|Melee|3|4|6|0|1
783|Vendetta Gunship|1|1||Heavy bolter|Sustained Hits 1|36|Ranged|3|4|5|-1|2
783|Vendetta Gunship|2|1||Vendetta hellstrike rack|Anti-fly 2+|48|Ranged|2|4|10|-3|D6
783|Vendetta Gunship|3|1||Vendetta twin lascannon|Twin-linked|48|Ranged|1|4|12|-3|D6+1
783|Vendetta Gunship|4|1||Armoured hull||Melee|Melee|3|4|6|0|1
781|Voss-pattern Lightning|1|1||Lascannon||48|Ranged|1|4|12|-3|D6+1
781|Voss-pattern Lightning|2|1||Lightning hellstrike rack|Anti-Fly 2+|48|Ranged|2|4|10|-3|D6
781|Voss-pattern Lightning|3|1||Armoured hull||Melee|Melee|6|4|8|0|1
784|Vulture Gunship|1|1||Heavy bolter|Sustained Hits 1|36|Ranged|3|4|5|-1|2
784|Vulture Gunship|2|1||Multiple rocket pods|Blast|36|Ranged|D6|4|6|0|1
784|Vulture Gunship|3|1||Vulture gatling cannon|Sustained Hits 1|24|Ranged|18|4|5|0|1
784|Vulture Gunship|4|1||Vulture hellstrike rack|Anti-Fly 2+|48|Ranged|2|4|10|-3|D6
784|Vulture Gunship|5|1||Armoured hull||Melee|Melee|6|4|4|0|1
697|Wyvern|1|1||Heavy bolter|Sustained Hits 1|36|Ranged|3|4|5|-1|2
697|Wyvern|2|1||Heavy flamer|Ignores Cover, Torrent|12|Ranged|D6|-|5|-1|1
697|Wyvern|3|1||Hunter-killer missile|One Shot|48|Ranged|1|4|14|-3|D6
697|Wyvern|4|1||Wyvern quad stormshard mortar|Blast, Indirect Fire, Twin-linked|48|Ranged|2D6|4|5|0|1
697|Wyvern|5|1||Armoured tracks||Melee|Melee|3|4|6|0|1
4052|Torment|1|1||Blasphemous appendages||Melee|Melee|2|4|4|0|1
4052|Torment|2|1||Hideous mutations||Melee|Melee|D6+2|4|5|-1|2
1333|Aetaos'rau'keres|1|1||Bolt of Tzeentch - focused witchfire|Psychic|24|Ranged|9|2|10|-2|D3
1333|Aetaos'rau'keres|2|2||Bolt of Tzeentch - witchfire|Psychic|24|Ranged|9|2|10|-1|1
1333|Aetaos'rau'keres|3|1||Staff of cataclysm|Psychic|Melee|Melee|6|3|8|-2|3
1333|Aetaos'rau'keres|4|1||Warpfire talons|Psychic|Melee|Melee|12|3|4|-1|1
1329|An'ggrath the Unbound|1|1||Bloodlash||12|Ranged|9|2|8|0|2
1329|An'ggrath the Unbound|2|1||Axe of Khorne - strike||Melee|Melee|8|2|16|-4|D6+2
1329|An'ggrath the Unbound|3|2||Axe of Khorne - sweep||Melee|Melee|16|2|10|-2|2
1148|Be'lakor|1|1||Betraying Shades - focused witchfire|Devastating Wounds, Hazardous, Ignores Cover, Psychic|18|Ranged|12|2|6|-3|1
1148|Be'lakor|2|2||Betraying Shades - witchfire|Devastating Wounds, Ignores Cover, Psychic|18|Ranged|9|2|5|-2|1
1148|Be'lakor|3|1||The Blade of Shadows - strike|Devastating Wounds|Melee|Melee|7|2|14|-4|D6+1
1148|Be'lakor|4|2||The Blade of Shadows - sweep|Sustained Hits 1|Melee|Melee|14|2|8|-3|1
1134|Beast of Nurgle|1|1||Putrid appendages|Devastating Wounds|Melee|Melee|6|4|6|-1|2
1115|Bloodcrushers|1|1||Hellblade||Melee|Melee|2|3|5|-2|2
1115|Bloodcrushers|2|1||Juggernaut's bladed horn|Extra Attacks, Lance|Melee|Melee|4|4|6|-1|1
1114|Bloodletters|1|1||Hellblade||Melee|Melee|2|3|5|-2|2
1455|Bloodmaster|1|1||Blade of blood||Melee|Melee|5|2|6|-2|3
2582|Bloodthirster|1|1||Bloodflail|Devastating Wounds|12|Ranged|1|2|16|-3|D6+1
2582|Bloodthirster|2|1||Hellfire breath|Ignores Cover, Torrent|12|Ranged|D6|-|5|-1|1
2582|Bloodthirster|3|1||Lash of Khorne||12|Ranged|6|2|8|-1|2
2582|Bloodthirster|4|1||Axe of Khorne - strike||Melee|Melee|8|2|14|-4|D3+1
2582|Bloodthirster|5|2||Axe of Khorne - sweep||Melee|Melee|16|2|8|-2|1
2582|Bloodthirster|6|1||Great axe of Khorne - strike||Melee|Melee|7|2|16|-4|D6+2
2582|Bloodthirster|7|2||Great axe of Khorne - sweep||Melee|Melee|14|2|10|-2|2
2583|Blue Horror|1|1||Coruscating Blue flames|Pistol, Psychic|18|Ranged|2|4|3|-1|1
2583|Blue Horror|2|1||Coruscating Yellow flames (ref. only)|Pistol, Psychic|18|Ranged|2|5|2|-1|1
2583|Blue Horror|3|1||Blue claws||Melee|Melee|1|5|3|0|1
2583|Blue Horror|4|1||Yellow claws (ref. only)||Melee|Melee|2|5|2|0|1
1128|Burning Chariot|1|1||Fires of Tzeentch - blue fire|Ignores Cover, Psychic|18|Ranged|3|3|9|-3|3
1128|Burning Chariot|2|2||Fires of Tzeentch - pink fire|Ignores Cover, Psychic, Torrent|12|Ranged|2D6|-|5|-1|1
1128|Burning Chariot|3|1||Flamer mouths||Melee|Melee|6|4|5|0|1
1128|Burning Chariot|4|1||Screamer bites|Anti-MONSTER 4+, Anti-VEHICLE 4+, Extra Attacks|Melee|Melee|6|3|6|-2|2
1462|Changecaster|1|1||Arcane Fireball - focused witchfire|Devastating Wounds, Hazardous, Psychic|18|Ranged|3|3|6|-2|D3
1462|Changecaster|2|2||Arcane Fireball - witchfire|Psychic|18|Ranged|3|3|5|-1|D3
1462|Changecaster|3|1||Herald combat weapon|Psychic|Melee|Melee|3|4|4|-1|1
4038|Chaos Lord|1|1||Plasma pistol - standard|Pistol|12|Ranged|1|2|7|-2|1
4038|Chaos Lord|2|2||Plasma pistol - supercharge|Hazardous, Pistol|12|Ranged|1|2|8|-3|2
4038|Chaos Lord|3|1||Accursed weapon||Melee|Melee|6|2|5|-2|1
4038|Chaos Lord|4|1||Astartes chainblade||Melee|Melee|7|2|4|-1|1
4038|Chaos Lord|5|1||Daemon hammer|Devastating Wounds|Melee|Melee|5|3|8|-2|2
4038|Chaos Lord|6|1||Power fist||Melee|Melee|5|2|8|-2|2
4037|Chaos Lord in Terminator Armour|1|1||Combi-bolter|Rapid Fire 2|24|Ranged|2|2|5|-1|1
4037|Chaos Lord in Terminator Armour|2|1||Combi-weapon|Anti-INFANTRY 4+, Devastating Wounds, Rapid Fire 1|24|Ranged|1|3|5|-1|1
4037|Chaos Lord in Terminator Armour|3|1||Chainfist|Anti-VEHICLE 3+|Melee|Melee|5|3|8|-2|2
4037|Chaos Lord in Terminator Armour|4|1||Exalted weapon||Melee|Melee|6|2|5|-2|2
4037|Chaos Lord in Terminator Armour|5|1||Paired accursed weapons|Twin-linked|Melee|Melee|7|2|5|-2|1
4037|Chaos Lord in Terminator Armour|6|1||Power fist||Melee|Melee|5|2|8|-2|2
590638|Chaos Lord with Jump Pack|1|1||Bolt pistol|Pistol|12|Ranged|1|2|5|-1|1
590638|Chaos Lord with Jump Pack|2|1||Plasma pistol - standard|Pistol|12|Ranged|1|2|7|-2|1
590638|Chaos Lord with Jump Pack|3|2||Plasma pistol - supercharge|Hazardous, Pistol|12|Ranged|1|2|8|-3|2
590638|Chaos Lord with Jump Pack|4|1||Accursed weapon||Melee|Melee|6|2|5|-2|1
590638|Chaos Lord with Jump Pack|5|1||Power fist||Melee|Melee|5|2|8|-2|2
590638|Chaos Lord with Jump Pack|6|1||Twin lightning claws|Twin-linked|Melee|Melee|6|2|5|-2|1
4043|Chaos Terminator|1|1||Combi-bolter|Rapid Fire 2|24|Ranged|2|3|5|-1|1
4043|Chaos Terminator|2|1||Combi-weapon|Anti-INFANTRY 4+, Devastating Wounds, Rapid Fire 1|24|Ranged|1|4|5|-1|1
4043|Chaos Terminator|3|1||Heavy flamer|Ignores Cover, Torrent|12|Ranged|D6|-|5|-1|1
4043|Chaos Terminator|4|1||Reaper autocannon|Devastating Wounds, Sustained Hits 1|36|Ranged|4|3|7|-1|1
4043|Chaos Terminator|5|1||Accursed weapon||Melee|Melee|4|3|5|-2|1
4043|Chaos Terminator|6|1||Chainfist|Anti-VEHICLE 3+|Melee|Melee|3|4|8|-2|2
4043|Chaos Terminator|7|1||Paired accursed weapons|Twin-linked|Melee|Melee|5|3|5|-2|1
4043|Chaos Terminator|8|1||Power fist||Melee|Melee|3|3|8|-2|2
4044|Chosen|1|1||Bolt pistol|Pistol|12|Ranged|1|3|5|-1|1
4044|Chosen|2|1||Boltgun||24|Ranged|2|3|5|-1|1
4044|Chosen|3|1||Combi-weapon|Anti-INFANTRY 4+, Devastating Wounds, Rapid Fire 1|24|Ranged|1|4|5|-1|1
4044|Chosen|4|1||Plasma pistol - standard|Pistol|12|Ranged|1|3|7|-2|1
4044|Chosen|5|2||Plasma pistol - supercharge|Hazardous, Pistol|12|Ranged|1|3|8|-3|2
4044|Chosen|6|1||Accursed weapon||Melee|Melee|4|3|5|-2|1
4044|Chosen|7|1||Paired accursed weapons|Twin-linked|Melee|Melee|5|3|5|-2|1
4044|Chosen|8|1||Power fist||Melee|Melee|4|3|8|-2|2
1647|Contorted Epitome|1|1||Coiled tentacles|Extra Attacks|Melee|Melee|D6|4|5|-1|2
1647|Contorted Epitome|2|1||Ravaging claws|Devastating Wounds|Melee|Melee|8|2|4|-1|1
4045|Cultist Firebrand|1|1||Balefire pike|Ignores Cover, Torrent|12|Ranged|D6+3|-|5|-1|1
4045|Cultist Firebrand|2|1||Close combat weapon||Melee|Melee|4|4|4|0|1
4050|Cultist Mob|1|1||Autopistol|Pistol|12|Ranged|1|4|3|0|1
4050|Cultist Mob|2|1||Bolt pistol|Pistol|12|Ranged|1|4|4|0|1
4050|Cultist Mob|3|1||Brutal assault weapon||Melee|Melee|2|4|3|0|1
4051|Cultist Mob|1|1||Autogun|Rapid Fire 1|24|Ranged|1|4|3|0|1
4051|Cultist Mob|2|1||Autopistol|Pistol|12|Ranged|1|4|3|0|1
4051|Cultist Mob|3|1||Bolt pistol|Pistol|12|Ranged|1|4|4|0|1
4051|Cultist Mob|4|1||Cultist grenade launcher - frag|Blast|24|Ranged|D3|4|4|0|1
4051|Cultist Mob|5|2||Cultist grenade launcher - krak||24|Ranged|1|4|9|-2|D3
4051|Cultist Mob|6|1||Flamer|Ignores Cover, Torrent|12|Ranged|D6|-|4|0|1
4051|Cultist Mob|7|1||Heavy stubber|Heavy, Rapid Fire 3|36|Ranged|4|5|4|0|1
4051|Cultist Mob|8|1||Brutal assault weapon||Melee|Melee|2|4|3|0|1
4051|Cultist Mob|9|1||Close combat weapon||Melee|Melee|1|4|3|0|1
1149|Daemon Prince of Chaos|1|1||Infernal cannon||24|Ranged|3|2|5|-1|2
1149|Daemon Prince of Chaos|2|1||Hellforged weapons - strike||Melee|Melee|6|2|8|-2|3
1149|Daemon Prince of Chaos|3|2||Hellforged weapons - sweep||Melee|Melee|14|2|6|0|1
2758|Daemon Prince of Chaos with wings|1|1||Infernal cannon||24|Ranged|3|2|5|-1|2
2758|Daemon Prince of Chaos with wings|2|1||Hellforged weapons - strike||Melee|Melee|6|2|8|-2|3
2758|Daemon Prince of Chaos with wings|3|2||Hellforged weapons - sweep||Melee|Melee|14|2|6|0|1
1142|Daemonettes|1|1||Slashing claws|Devastating Wounds|Melee|Melee|3|3|4|-1|1
4062|Dark Apostle|1|1||Bolt pistol|Pistol|12|Ranged|1|3|5|-1|1
4062|Dark Apostle|2|1||Accursed crozius||Melee|Melee|5|2|6|-1|2
4062|Dark Apostle|3|1||Close combat weapon||Melee|Melee|1|4|3|0|1
4046|Blessed Blade|1|1||Autopistol|Pistol|12|Ranged|1|4|3|0|1
4046|Blessed Blade|2|1||Warp Curse - focused witchfire|Hazardous, Psychic, Sustained Hits 2|18|Ranged|3|3|5|-1|2
4046|Blessed Blade|3|2||Warp Curse - witchfire|Psychic|18|Ranged|3|3|4|-1|2
4046|Blessed Blade|4|1||Close combat weapon||Melee|Melee|1|4|3|0|1
4046|Blessed Blade|5|1||Commune blade||Melee|Melee|2|4|4|-2|1
4046|Blessed Blade|6|1||Commune stave|Devastating Wounds|Melee|Melee|2|4|3|0|D3
1129|Epidemius|1|1||Balesword and nurgling attendants|Lethal Hits|Melee|Melee|D6+3|3|5|-2|2
1126|Exalted Flamer|1|1||Fires of Tzeentch - blue fire|Ignores Cover, Psychic|18|Ranged|3|3|9|-3|3
1126|Exalted Flamer|2|2||Fires of Tzeentch - pink fire|Ignores Cover, Psychic, Torrent|12|Ranged|2D6|-|5|-1|1
1126|Exalted Flamer|3|1||Flamer mouths||Melee|Melee|4|4|5|0|1
218182|Exalted Seeker Chariot|1|1||Lashes of torment|Anti-INFANTRY 3+, Assault, Pistol|6|Ranged|6|3|4|0|1
218182|Exalted Seeker Chariot|2|1||Seeker tongues|Extra Attacks, Lethal Hits|Melee|Melee|8|4|4|0|1
218182|Exalted Seeker Chariot|3|1||Slashing claws|Devastating Wounds|Melee|Melee|14|3|4|-1|1
1463|Fateskimmer|1|1||Arcane Fireball - focused witchfire|Devastating Wounds, Hazardous, Psychic|18|Ranged|3|3|6|-2|D3
1463|Fateskimmer|2|2||Arcane Fireball - witchfire|Psychic|18|Ranged|3|3|5|-1|D3
1463|Fateskimmer|3|1||Herald combat weapon|Psychic|Melee|Melee|3|4|4|-1|1
1463|Fateskimmer|4|1||Screamer bites|Anti-MONSTER 4+, Anti-VEHICLE 4+, Extra Attacks|Melee|Melee|6|3|6|-2|2
4053|Fellgor Beastmen|1|1||Autopistol|Pistol|12|Ranged|1|4|3|0|1
4053|Fellgor Beastmen|2|1||Bolt pistol|Pistol|12|Ranged|1|4|4|0|1
4053|Fellgor Beastmen|3|1||Corrupted stave|Devastating Wounds, Psychic|18|Ranged|D3|4|5|-1|1
4053|Fellgor Beastmen|4|1||Plasma pistol - standard|Pistol|12|Ranged|1|4|7|-2|1
4053|Fellgor Beastmen|5|1||Plasma pistol- supercharge|Hazardous, Pistol|12|Ranged|1|4|8|-3|2
4053|Fellgor Beastmen|6|1||Chainsword||Melee|Melee|3|4|4|0|1
4053|Fellgor Beastmen|7|1||Close combat weapon||Melee|Melee|2|4|4|0|1
4053|Fellgor Beastmen|8|2||Corrupted stave|Devastating Wounds, Psychic|Melee|Melee|2|4|4|-1|D3
4053|Fellgor Beastmen|9|1||Great weapon||Melee|Melee|2|5|8|-1|2
1143|Fiends|1|1||Barbed tail and dissecting claws|Devastating Wounds|Melee|Melee|5|3|5|-2|2
1125|Flamers|1|1||Flickering Flames|Ignores Cover, Psychic, Torrent|12|Ranged|D6|-|4|-1|1
1125|Flamers|2|1||Flamer mouths||Melee|Melee|3|4|4|0|1
1112|Flesh Hounds|1|1||Burning roar|Ignores Cover, Torrent|12|Ranged|D6|-|4|0|1
1112|Flesh Hounds|2|1||Gore-drenched fangs||Melee|Melee|3|3|5|-1|1
1464|Fluxmaster|1|1||Arcane Fireball - focused witchfire|Devastating Wounds, Hazardous, Psychic|18|Ranged|3|3|6|-2|D3
1464|Fluxmaster|2|2||Arcane Fireball - witchfire|Psychic|18|Ranged|3|3|5|-1|D3
1464|Fluxmaster|3|1||Herald combat weapon|Psychic|Melee|Melee|3|4|4|-1|1
1150|Furies|1|1||Daemonic claws||Melee|Melee|2|4|4|0|1
4055|Gellerpox Mutant|1|1||Belly flamer|Ignores Cover, Torrent|12|Ranged|D6|-|5|0|1
4055|Gellerpox Mutant|2|1||Brutal weapons||Melee|Melee|2|4|4|0|1
4055|Gellerpox Mutant|3|1||Hideous mutations||Melee|Melee|4|4|6|-1|2
1339|Giant Chaos Spawn|1|1||Churning fangs and claws||Melee|Melee|D6+6|3|10|-1|2
1130|Great Unclean One|1|1||Plague flail||6|Ranged|D6+1|3|7|-2|2
1130|Great Unclean One|2|1||Putrid vomit|Ignores Cover, Torrent|12|Ranged|D6+3|-|5|-2|1
1130|Great Unclean One|3|1||Bileblade|Extra Attacks, Lethal Hits|Melee|Melee|3|2|6|-2|2
1130|Great Unclean One|4|1||Bilesword - strike|Lethal Hits|Melee|Melee|6|2|10|-2|D6+1
1130|Great Unclean One|5|2||Bilesword - sweep|Lethal Hits|Melee|Melee|12|2|6|-1|1
1130|Great Unclean One|6|1||Doomsday bell|Lethal Hits, Reverberating Summons|Melee|Melee|6|2|7|-1|2
4063|Havoc Champion|1|1||Boltgun||24|Ranged|2|3|5|-1|1
4063|Havoc Champion|2|1||Flamer|Ignores Cover, Torrent|12|Ranged|D6|-|4|0|1
4063|Havoc Champion|3|1||Havoc autocannon||48|Ranged|2|3|9|-1|3
4063|Havoc Champion|4|1||Havoc heavy bolter|Sustained Hits 1|36|Ranged|3|3|5|-1|2
4063|Havoc Champion|5|1||Havoc lascannon||48|Ranged|1|3|12|-3|D6+1
4063|Havoc Champion|6|1||Havoc missile launcher - frag|Blast|48|Ranged|D6|3|4|0|1
4063|Havoc Champion|7|2||Havoc missile launcher - krak||48|Ranged|1|3|9|-2|D6
4063|Havoc Champion|8|1||Havoc reaper chaincannon||24|Ranged|8|3|5|0|1
4063|Havoc Champion|9|1||Meltagun|Melta 2|12|Ranged|1|3|9|-4|D6
4063|Havoc Champion|10|1||Plasma gun - standard|Rapid Fire 1|24|Ranged|1|3|7|-2|1
4063|Havoc Champion|11|2||Plasma gun - supercharge|Hazardous, Rapid Fire 1|24|Ranged|1|3|8|-3|2
4063|Havoc Champion|12|1||Plasma pistol - standard|Pistol|12|Ranged|1|3|7|-2|1
4063|Havoc Champion|13|2||Plasma pistol - supercharge|Hazardous, Pistol|12|Ranged|1|3|8|-3|2
4063|Havoc Champion|14|1||Accursed weapon||Melee|Melee|4|3|5|-2|1
4063|Havoc Champion|15|1||Astartes chainsword||Melee|Melee|4|3|5|-1|1
4063|Havoc Champion|16|1||Close combat weapon||Melee|Melee|3|3|5|0|1
4063|Havoc Champion|17|1||Power fist||Melee|Melee|3|3|8|-2|2
1144|Hellflayer|1|1||Lashes of torment|Anti-INFANTRY 3+, Assault, Pistol|12|Ranged|3|3|4|-1|2
1144|Hellflayer|2|2||Lashes of torment|Anti-INFANTRY 3+, Extra Attacks|Melee|Melee|3|3|4|-1|2
1144|Hellflayer|3|1||Seeker tongues|Extra Attacks, Lethal Hits|Melee|Melee|4|4|4|0|1
1144|Hellflayer|4|1||Slashing claws|Devastating Wounds|Melee|Melee|8|3|4|-1|1
1139|Herald of Slaanesh on Steed of Slaanesh|1|1||Lashing tongue|Extra Attacks, Lethal Hits|Melee|Melee|2|4|4|0|1
1139|Herald of Slaanesh on Steed of Slaanesh|2|1||Ravaging claws|Devastating Wounds|Melee|Melee|6|2|4|-1|1
1466|Horticulous Slimux|1|1||Acidic maw|Devastating Wounds, Extra Attacks|Melee|Melee|2|4|7|-4|3
1466|Horticulous Slimux|2|1||Lopping shears|Lethal Hits|Melee|Melee|4|3|6|-2|3
1589|Infernal Enrapturess|1|1||Heartstring lyre - cacophonous melody|Assault|18|Ranged|6|3|6|0|1
1589|Infernal Enrapturess|2|2||Heartstring lyre - euphonic blast|Assault|24|Ranged|1|3|12|-3|D6+1
1589|Infernal Enrapturess|3|1||Ravaging claws|Devastating Wounds|Melee|Melee|5|2|4|-1|1
1117|Kairos Fateweaver|1|1||Infernal Gateway - focused witchfire|Blast, Indirect Fire, Hazardous, Psychic|24|Ranged|D3+6|2|9|-2|3
1117|Kairos Fateweaver|2|2||Infernal Gateway - witchfire|Blast, Indirect Fire, Psychic|24|Ranged|D6+3|2|9|-2|D3
1117|Kairos Fateweaver|3|1||Staff of Tomorrow|Psychic|Melee|Melee|5|3|8|-2|2D3
1104|Karanak|1|1||Scalding Roar|Ignores Cover, Torrent|12|Ranged|D6+3|-|5|-1|1
1104|Karanak|2|1||Soul-rending fangs|Anti-Character 3+, Precision|Melee|Melee|6|2|6|-2|2
1137|Keeper of Secrets|1|1||Living whip|Assault|12|Ranged|6|2|6|-1|2
1137|Keeper of Secrets|2|1||Phantasmagoria - focused witchfire|Devastating Wounds, Hazardous, Psychic|18|Ranged|9|2|6|-2|1
1137|Keeper of Secrets|3|2||Phantasmagoria - witchfire|Devastating Wounds, Psychic|18|Ranged|6|2|6|-2|1
1137|Keeper of Secrets|4|1||Ritual knife|Extra Attacks|Melee|Melee|3|2|6|-2|2
1137|Keeper of Secrets|5|1||Snapping claws|Devastating Wounds, Extra Attacks|Melee|Melee|4|2|6|-2|3
1137|Keeper of Secrets|6|1||Witstealer sword||Melee|Melee|6|2|8|-2|3
1151|Soul Grinder|1|1||Harvester cannon||36|Ranged|3|3|10|-1|3
1151|Soul Grinder|2|1||Torrent of burning blood|Ignores Cover, Torrent|12|Ranged|2D6|-|5|-1|1
1151|Soul Grinder|3|1||Iron claw||Melee|Melee|5|3|16|-3|D6+2
1151|Soul Grinder|4|1||Warpclaw|Extra Attacks|Melee|Melee|6|3|8|-1|2
1151|Soul Grinder|5|1||Warpsword|Extra Attacks|Melee|Melee|3|3|8|-2|D6
4064|Aspiring Champion|1|1||Balefire tome|Psychic|18|Ranged|2|3|5|-1|1
4064|Aspiring Champion|2|1||Bolt pistol|Pistol|12|Ranged|1|3|5|-1|1
4064|Aspiring Champion|3|1||Boltgun||24|Ranged|2|3|5|-1|1
4064|Aspiring Champion|4|1||Flamer|Ignores Cover, Torrent|12|Ranged|D6|-|4|0|1
4064|Aspiring Champion|5|1||Havoc autocannon||48|Ranged|2|4|9|-1|3
4064|Aspiring Champion|6|1||Heavy bolter|Heavy, Sustained Hits 1|36|Ranged|3|4|5|-1|2
4064|Aspiring Champion|7|1||Lascannon|Heavy|48|Ranged|1|4|12|-3|D6+1
4064|Aspiring Champion|8|1||Meltagun|Melta 2|12|Ranged|1|3|9|-4|D6
4064|Aspiring Champion|9|1||Missile launcher - frag|Blast, Heavy|48|Ranged|D6|4|4|0|1
4064|Aspiring Champion|10|2||Missile launcher - krak|Heavy|48|Ranged|1|4|9|-2|D6
4064|Aspiring Champion|11|1||Plasma gun - standard|Rapid Fire 1|24|Ranged|1|3|7|-2|1
4064|Aspiring Champion|12|2||Plasma gun - supercharge|Hazardous, Rapid Fire 1|24|Ranged|1|3|8|-3|2
4064|Aspiring Champion|13|1||Plasma pistol - standard|Pistol|12|Ranged|1|3|7|-2|1
4064|Aspiring Champion|14|2||Plasma pistol - supercharge|Hazardous, Pistol|12|Ranged|1|3|8|-3|2
4064|Aspiring Champion|15|1||Reaper chaincannon|Heavy|24|Ranged|8|4|5|0|1
4064|Aspiring Champion|16|1||Accursed weapon||Melee|Melee|4|3|5|-2|1
4064|Aspiring Champion|17|1||Astartes chainsword||Melee|Melee|4|3|5|-1|1
4064|Aspiring Champion|18|1||Close combat weapon||Melee|Melee|3|3|5|0|1
4064|Aspiring Champion|19|1||Heavy melee weapon||Melee|Melee|3|3|8|-2|2
1120|Lord of Change|1|1||Bolt of Change - focused witchfire|Hazardous, Psychic|18|Ranged|9|2|9|-2|3
1120|Lord of Change|2|2||Bolt of Change - witchfire|Psychic|18|Ranged|9|2|9|-1|1
1120|Lord of Change|3|1||Rod of sorcery|Psychic|18|Ranged|6|2|8|-1|2
1120|Lord of Change|4|1||Baleful sword|Extra Attacks|Melee|Melee|3|3|7|-2|3
1120|Lord of Change|5|1||Staff of Tzeentch|Psychic|Melee|Melee|5|3|6|-1|3
4065|Master of Possession|1|1||Bolt pistol|Pistol|12|Ranged|1|3|5|-1|1
4065|Master of Possession|2|1||Rite of Possession - focused witchfire|Anti-PSYKER 2+, Hazardous, Pistol, Precision, Psychic|18|Ranged|2|3|6|-3|3
4065|Master of Possession|3|2||Rite of Possession - witchfire|Anti-PSYKER 2+, Pistol, Precision, Psychic|18|Ranged|2|3|4|-3|2
4065|Master of Possession|4|1||Staff of possession|Anti-PSYKER 2+, Psychic|Melee|Melee|4|3|6|-1|D3
4056|Mutoid Vermin|1|1||Diseased claws and fangs|Lethal Hits|Melee|Melee|2|4|2|0|1
4057|Negavolt Cultists|1|1||Electro-goads|Sustained Hits 2|Melee|Melee|3|3|4|0|1
699173|Soul Grinder|1|1||Harvester cannon||36|Ranged|3|3|10|-1|3
699173|Soul Grinder|2|1||Phlegm bombardment|Blast, Indirect Fire, Lethal Hits|36|Ranged|D6+1|3|7|-1|2
699173|Soul Grinder|3|1||Iron claw||Melee|Melee|5|3|16|-3|D6+2
699173|Soul Grinder|4|1||Warpclaw|Extra Attacks|Melee|Melee|6|3|8|-1|2
699173|Soul Grinder|5|1||Warpsword|Extra Attacks|Melee|Melee|3|3|8|-2|D6
1133|Nurglings|1|1||Diseased claws and teeth|Lethal Hits|Melee|Melee|4|5|2|0|1
2584|Blue/Brimstone Horror (ref. only)|1|1||Coruscating Blue flames (ref. only)|Pistol, Psychic|18|Ranged|2|4|3|-1|1
2584|Blue/Brimstone Horror (ref. only)|2|1||Coruscating Pink flames|Pistol, Psychic|18|Ranged|2|3|4|-1|1
2584|Blue/Brimstone Horror (ref. only)|3|1||Coruscating Yellow flames (ref. only)|Pistol, Psychic|18|Ranged|2|5|2|-1|1
2584|Blue/Brimstone Horror (ref. only)|4|1||Blue claws (ref. only)||Melee|Melee|1|5|3|0|1
2584|Blue/Brimstone Horror (ref. only)|5|1||Pink claws||Melee|Melee|1|4|3|0|1
2584|Blue/Brimstone Horror (ref. only)|6|1||Yellow claws (ref. only)||Melee|Melee|2|5|2|0|1
1135|Plague Drones|1|1||Death's heads|Blast, Lethal Hits|12|Ranged|D3|4|4|0|1
1135|Plague Drones|2|1||Foul mouthparts|Extra Attacks, Lethal Hits|Melee|Melee|2|4|5|-1|2
1135|Plague Drones|3|1||Plaguesword|Lethal Hits|Melee|Melee|2|3|4|-1|1
1336|Plague Toads|1|1||Grasping tongue|Lethal Hits|9|Ranged|D3|4|5|0|1
1336|Plague Toads|2|1||Yawning maw|Lethal Hits|Melee|Melee|3|3|6|-1|2
1132|Plaguebearers|1|1||Plaguesword|Lethal Hits|Melee|Melee|2|3|4|-1|1
4066|Possessed|1|1||Hideous mutations||Melee|Melee|4|3|6|-1|2
1337|Pox Riders|1|1||Grasping tongue|Lethal Hits|9|Ranged|D3|4|5|0|1
1337|Pox Riders|2|1||Pox rider plaguesword|Extra Attacks, Lethal Hits|Melee|Melee|2|3|4|-1|1
1337|Pox Riders|3|1||Yawning maw|Lethal Hits|Melee|Melee|3|3|6|-1|2
1467|Poxbringer|1|1||Foul balesword|Lethal Hits|Melee|Melee|4|3|5|-2|2
4067|Raptors|1|1||Bolt pistol|Pistol|12|Ranged|1|3|5|-1|1
4067|Raptors|2|1||Flamer|Ignores Cover, Torrent|12|Ranged|D6|-|4|0|1
4067|Raptors|3|1||Meltagun|Melta 2|12|Ranged|1|3|9|-4|D6
4067|Raptors|4|1||Plasma gun - standard|Rapid Fire 1|24|Ranged|1|3|7|-2|1
4067|Raptors|5|2||Plasma gun - supercharge|Hazardous, Rapid Fire 1|24|Ranged|1|3|8|-3|2
4067|Raptors|6|1||Plasma pistol - standard|Pistol|12|Ranged|1|3|7|-2|1
4067|Raptors|7|2||Plasma pistol - supercharge|Hazardous, Pistol|12|Ranged|1|3|8|-3|2
4067|Raptors|8|1||Accursed weapon||Melee|Melee|4|3|5|-2|1
4067|Raptors|9|1||Astartes chainsword||Melee|Melee|4|3|5|-1|1
4067|Raptors|10|1||Close combat weapon||Melee|Melee|3|3|5|0|1
4067|Raptors|11|1||Heavy melee weapon||Melee|Melee|3|3|8|-2|2
4067|Raptors|12|1||Mutations||Melee|Melee|4|3|5|-2|1
1111|Rendmaster on Blood Throne|1|1||Attendant's hellblades|Extra Attacks|Melee|Melee|4|3|5|-2|2
1111|Rendmaster on Blood Throne|2|1||Blade of blood||Melee|Melee|5|2|6|-2|3
4048|Renegade Enforcer|1|1||Autogun|Rapid Fire 1|24|Ranged|1|3|3|0|1
4048|Renegade Enforcer|2|1||Enforcer pistol|Pistol|12|Ranged|1|3|4|0|1
4048|Renegade Enforcer|3|1||Lasgun|Rapid Fire 1|24|Ranged|1|3|3|0|1
4048|Renegade Enforcer|4|1||Shotgun|Assault|18|Ranged|2|3|4|0|1
4048|Renegade Enforcer|5|1||Enforcer melee weapon||Melee|Melee|4|3|4|0|1
4048|Renegade Enforcer|6|1||Power fist||Melee|Melee|3|3|6|-2|2
4048|Renegade Enforcer|7|1||Power weapon||Melee|Melee|3|3|4|-2|1
4058|Renegade Heavy Weapons Squad|1|1||Autocannon|Heavy|48|Ranged|2|5|9|-1|3
4058|Renegade Heavy Weapons Squad|2|1||Heavy bolter|Heavy, Sustained Hits 1|36|Ranged|3|5|5|-1|2
4058|Renegade Heavy Weapons Squad|3|1||Heavy stubber|Heavy, Rapid Fire 3|36|Ranged|4|5|4|0|1
4058|Renegade Heavy Weapons Squad|4|1||Lascannon|Heavy|48|Ranged|1|5|12|-3|D6+1
4058|Renegade Heavy Weapons Squad|5|1||Missile launcher - frag|Blast, Heavy|48|Ranged|D6|5|4|0|1
4058|Renegade Heavy Weapons Squad|6|2||Missile launcher - krak|Blast|48|Ranged|1|5|9|-2|D6
4058|Renegade Heavy Weapons Squad|7|1||Mortar|Blast, Heavy, Indirect Fire|48|Ranged|D6|5|5|0|1
4058|Renegade Heavy Weapons Squad|8|1||Renegade firearm|Rapid Fire 1|24|Ranged|1|4|3|0|1
4058|Renegade Heavy Weapons Squad|9|1||Close combat weapons||Melee|Melee|2|4|3|0|1
4059|Ogryn Pack Master|1|1||Befouled fangs and claws||Melee|Melee|2|3|5|0|1
4059|Ogryn Pack Master|2|1||Mauler goad and ripper claw||Melee|Melee|4|3|6|-1|2
4060|Renegade Ogryn Brutes|1|1||Ogryn power drill||Melee|Melee|3|3|10|-2|2
4060|Renegade Ogryn Brutes|2|1||Ogryn weapon||Melee|Melee|3|3|6|-1|2
4061|Renegade Plague Ogryns|1|1||Ogryn plague claws|Lethal Hits|Melee|Melee|3|3|6|-1|2
4049|Rogue Psyker|1|1||Laspistol|Pistol|12|Ranged|1|4|3|0|1
4049|Rogue Psyker|2|1||Psychic Strike - focused witchfire|Blast, Devastating Wounds, Hazardous, Psychic|12|Ranged|D6+3|3|6|-2|2
4049|Rogue Psyker|3|2||Psychic Strike - witchfire|Blast, Devastating Wounds, Psychic|12|Ranged|D6|3|6|-2|1
4049|Rogue Psyker|4|1||Chaos stave|Psychic|Melee|Melee|1|4|6|-1|D3
1465|Rotigus|1|1||Streams of brackish filth|Devastating Wounds, Ignores Cover, Torrent|12|Ranged|2D6|-|8|-2|1
1465|Rotigus|2|1||Gnarlrod - strike|Lethal Hits, Psychic|Melee|Melee|7|2|10|-3|3
1465|Rotigus|3|2||Gnarlrod - sweep|Lethal Hits, Psychic|Melee|Melee|14|2|8|-1|1
1340|Scabeiathrax the Bloated|1|1||Putrid vomit|Ignores Cover, Torrent|6|Ranged|D6+3|-|5|-2|1
1340|Scabeiathrax the Bloated|2|1||Blade of decay - strike|Lethal Hits|Melee|Melee|7|2|9|-2|D6
1340|Scabeiathrax the Bloated|3|2||Blade of decay - sweep|Lethal Hits|Melee|Melee|14|2|7|-1|1
1127|Screamer|1|1||Lamprey bite|Anti-MONSTER 4+, Anti-VEHICLE 4+|Melee|Melee|3|3|6|-2|2
605578|Seeker Chariot|1|1||Lashes of torment|Anti-INFANTRY 3+, Assault, Pistol|6|Ranged|6|3|4|0|1
605578|Seeker Chariot|2|1||Seeker tongues|Extra Attacks, Lethal Hits|Melee|Melee|4|4|4|0|1
605578|Seeker Chariot|3|1||Slashing claws|Devastating Wounds|Melee|Melee|9|3|4|-1|1
1145|Seeker|1|1||Lashing tongues|Extra Attacks, Lethal Hits|Melee|Melee|2|4|4|0|1
1145|Seeker|2|1||Slashing claws|Devastating Wounds|Melee|Melee|3|3|4|-1|1
1648|Shalaxi Helbane|1|1||Lash of Slaanesh|Assault|12|Ranged|6|2|6|-1|2
1648|Shalaxi Helbane|2|1||Pavane of Slaanesh - focused witchfire|Hazardous, Devastating Wounds, Psychic, Sustained Hits 3|18|Ranged|D6|2|9|-2|D3
1648|Shalaxi Helbane|3|2||Pavane of Slaanesh - witchfire|Devastating Wounds, Psychic|18|Ranged|D6|2|9|-1|D3
1648|Shalaxi Helbane|4|1||Snapping claws|Devastating Wounds, Extra Attacks|Melee|Melee|4|2|6|-2|3
1648|Shalaxi Helbane|5|1||Soulpiercer|Precision|Melee|Melee|6|2|12|-3|D6+2
1105|Skarbrand|1|1||Bellow of endless fury|Ignores Cover, Torrent|12|Ranged|2D6|-|8|-1|1
1105|Skarbrand|2|1||Slaughter and Carnage - strike||Melee|Melee|8|2|16|-4|6
1105|Skarbrand|3|2||Slaughter and Carnage - sweep||Melee|Melee|16|2|8|-2|2
1116|Skull Cannon|1|1||Skull cannon|Blast|48|Ranged|D6+2|3|9|-1|2
1116|Skull Cannon|2|1||Attendant's hellblades|Extra Attacks|Melee|Melee|4|3|5|-2|2
1116|Skull Cannon|3|1||Biting maw||Melee|Melee|2|4|6|0|2
1456|Skullmaster|1|1||Blade of blood||Melee|Melee|5|2|6|-2|3
1456|Skullmaster|2|1||Juggernaut's bladed horn|Extra Attacks, Lance|Melee|Melee|4|4|6|-1|1
1106|Skulltaker|1|1||The Slayer Sword|Devastating Wounds, Precision|Melee|Melee|6|2|6|-2|3
108116|Soul Grinder|1|1||Harvester cannon||36|Ranged|3|3|10|-1|3
108116|Soul Grinder|2|1||Scream of despair|Devastating Wounds, Sustained Hits 1|24|Ranged|6|3|9|-2|2
108116|Soul Grinder|3|1||Iron claw||Melee|Melee|5|3|16|-3|D6+2
108116|Soul Grinder|4|1||Warpclaw|Extra Attacks|Melee|Melee|6|3|8|-1|2
108116|Soul Grinder|5|1||Warpsword|Extra Attacks|Melee|Melee|3|3|8|-2|D6
1468|Sloppity Bilepiper|1|1||Marotter|Lethal Hits|Melee|Melee|4|3|5|0|1
4068|Sorcerer|1|1||Bolt pistol|Pistol|12|Ranged|1|3|5|-1|1
4068|Sorcerer|2|1||Infernal Gaze - focused witchfire|Devastating Wounds, Hazardous, Psychic|24|Ranged|D6|3|6|-2|D3
4068|Sorcerer|3|2||Infernal Gaze - witchfire|Psychic|24|Ranged|D6|3|5|-1|D3
4068|Sorcerer|4|1||Force weapon|Psychic|Melee|Melee|4|3|6|-1|D3
4072|Sorcerer in Terminator Armour|1|1||Combi-bolter|Rapid Fire 2|24|Ranged|2|3|5|-1|1
4072|Sorcerer in Terminator Armour|2|1||Combi-weapon|Anti-INFANTRY 4+, Devastating Wounds, Rapid Fire 1|24|Ranged|1|4|5|-1|1
4072|Sorcerer in Terminator Armour|3|1||Infernal Gaze - focused witchfire|Devastating Wounds, Hazardous, Psychic|24|Ranged|D6|3|6|-2|D3
4072|Sorcerer in Terminator Armour|4|2||Infernal Gaze - witchfire|Psychic|24|Ranged|D6|3|5|-1|D3
4072|Sorcerer in Terminator Armour|5|1||Force weapon|Psychic|Melee|Melee|4|3|6|-1|D3
1338|Spined Chaos Beast|1|1||Jagged claws and tusked maw||Melee|Melee|6|3|12|-2|3
1469|Spoilpox Scrivener|1|1||Disgusting Sneezes|Pistol, Torrent|6|Ranged|D6|-|3|0|1
1469|Spoilpox Scrivener|2|1||Plaguesword and distended maw|Lethal Hits|Melee|Melee|6|3|5|-1|1
1649|Syll'esske|1|1||Cacophonic choir - focused witchfire|Devastating Wounds, Hazardous, Ignores Cover, Psychic, Torrent|12|Ranged|2D6|-|6|-1|1
1649|Syll'esske|2|2||Cacophonic choir - witchfire|Devastating Wounds, Ignores Cover, Psychic, Torrent|12|Ranged|D6|-|6|-1|1
1649|Syll'esske|3|1||Scourging whip|Assault|9|Ranged|6|3|4|-1|1
1649|Syll'esske|4|1||Axe of Dominion||Melee|Melee|6|3|7|-2|3
1649|Syll'esske|5|2||Scourging whip|Extra Attacks|Melee|Melee|6|2|4|-1|1
1119|The Blue Scribes|1|1||Sharp quills|Anti-PSYKER 2+|Melee|Melee|4|5|2|0|1
1118|The Changeling|1|1||Infernal Flames - focused witchfire|Hazardous, Ignores Cover, Psychic, Torrent|12|Ranged|D6+3|-|6|-1|D3
1118|The Changeling|2|2||Infernal Flames - witchfire|Ignores Cover, Psychic, Torrent|12|Ranged|D6|-|6|-1|1
1118|The Changeling|3|1||The Trickster's Staff|Psychic|Melee|Melee|3|4|4|-1|D3
1136|The Masque of Slaanesh|1|1||Serrated claws|Devastating Wounds|Melee|Melee|6|2|4|-1|2
4100|Tormentbringer|1|1||Lashes of torment|Anti-INFANTRY 3+, Assault, Pistol|12|Ranged|6|2|4|-1|2
4100|Tormentbringer|2|2||Lashes of torment|Anti-INFANTRY 3+, Extra Attacks|Melee|Melee|6|2|4|-1|2
4100|Tormentbringer|3|1||Seeker tongues|Extra Attacks, Lethal Hits|Melee|Melee|4|4|4|0|1
4100|Tormentbringer|4|1||Slashing claws|Devastating Wounds|Melee|Melee|8|3|4|-1|1
4047|Traitor Enforcer|1|1||Bolt pistol|Pistol|12|Ranged|1|3|5|-1|1
4047|Traitor Enforcer|2|1||Ogryn weapons||Melee|Melee|5|3|7|-1|2
4047|Traitor Enforcer|3|1||Power fist||Melee|Melee|3|3|6|-2|2
4054|Traitor Guardsmen Squad|1|1||Boltgun|Rapid Fire 1|24|Ranged|1|4|4|0|1
4054|Traitor Guardsmen Squad|2|1||Corrupted pistol|Pistol|12|Ranged|1|4|4|-1|1
4054|Traitor Guardsmen Squad|3|1||Cultist grenade launcher - frag|Blast|24|Ranged|D3|4|4|0|1
4054|Traitor Guardsmen Squad|4|2||Cultist grenade launcher - krak||24|Ranged|1|4|9|-2|D3
4054|Traitor Guardsmen Squad|5|1||Cultist sniper rifle|Heavy, Precision|36|Ranged|1|4|4|-2|2
4054|Traitor Guardsmen Squad|6|1||Flamer|Ignores Cover, Torrent|12|Ranged|D6|-|4|0|1
4054|Traitor Guardsmen Squad|7|1||Lasgun|Rapid Fire 1|24|Ranged|1|4|3|0|1
4054|Traitor Guardsmen Squad|8|1||Meltagun|Melta 2|12|Ranged|1|4|9|-4|D6
4054|Traitor Guardsmen Squad|9|1||Plasma gun - standard|Rapid Fire 1|24|Ranged|1|4|7|-2|1
4054|Traitor Guardsmen Squad|10|2||Plasma gun - supercharge|Hazardous, Rapid Fire 1|24|Ranged|1|4|8|-3|2
4054|Traitor Guardsmen Squad|11|1||Chainsword||Melee|Melee|3|4|3|0|1
4054|Traitor Guardsmen Squad|12|1||Close combat weapon||Melee|Melee|1|4|3|0|1
4054|Traitor Guardsmen Squad|13|1||Power weapon||Melee|Melee|2|4|4|-2|1
1138|Tranceweaver|1|1||Ravaging claws|Devastating Wounds|Melee|Melee|6|2|4|-1|1
980067|Soul Grinder|1|1||Harvester cannon||36|Ranged|3|3|10|-1|3
980067|Soul Grinder|2|1||Warp gaze|Blast|48|Ranged|D3|3|12|-2|D6+2
980067|Soul Grinder|3|1||Iron claw||Melee|Melee|5|3|16|-3|D6+2
980067|Soul Grinder|4|1||Warpclaw|Extra Attacks|Melee|Melee|6|3|8|-1|2
980067|Soul Grinder|5|1||Warpsword|Extra Attacks|Melee|Melee|3|3|8|-2|D6
4073|Warp Talon Champion|1|1||Warp claws|Twin-linked|Melee|Melee|4|3|5|-2|1
1332|Zarakynel|1|1||Phantasmagoria - focused witchfire|Devastating Wounds, Hazardous, Psychic|18|Ranged|9|2|6|-2|1
1332|Zarakynel|2|2||Phantasmagoria - witchfire|Devastating Wounds, Psychic|18|Ranged|6|2|6|-2|1
1332|Zarakynel|3|1||Snapping claws|Devastating Wounds, Extra Attacks|Melee|Melee|4|2|6|-2|3
1332|Zarakynel|4|1||Souleater blade||Melee|Melee|6|2|9|-2|3
3851|Torment|1|1||Blasphemous appendages||Melee|Melee|2|4|4|0|1
3851|Torment|2|1||Hideous mutations||Melee|Melee|D6+2|4|5|-1|2
1662|Chaos Acastus Knight Asterius|1|1||Asterius volkite culverin|Devastating Wounds|24|Ranged|6|3|6|0|2
1662|Chaos Acastus Knight Asterius|2|1||Karacnos mortar battery|Anti-INFANTRY 2+, Blast, Ignores Cover, Indirect Fire|48|Ranged|D6+3|3|6|-1|1
1662|Chaos Acastus Knight Asterius|3|1||Twin conversion beam cannon|Conversion, Twin-linked, Sustained Hits D3|48|Ranged|3|3|16|-2|6
1662|Chaos Acastus Knight Asterius|4|1||Titanic feet||Melee|Melee|6|4|10|-1|2
1099|Chaos Acastus Knight Porphyrion|1|1||Acastus autocannon||48|Ranged|2|3|9|-1|3
1099|Chaos Acastus Knight Porphyrion|2|1||Acastus ironstorm missile pod|Blast, Heavy, Indirect Fire|48|Ranged|D6+6|3|5|0|1
1099|Chaos Acastus Knight Porphyrion|3|1||Helios defence missiles|Anti-FLY 2+, Heavy|48|Ranged|3|3|10|-2|D6
1099|Chaos Acastus Knight Porphyrion|4|1||Lascannon||48|Ranged|1|3|12|-3|D6+1
1099|Chaos Acastus Knight Porphyrion|5|1||Twin magna lascannon|Blast, Twin-linked|72|Ranged|D6|3|18|-4|D6+6
1099|Chaos Acastus Knight Porphyrion|6|1||Titanic feet||Melee|Melee|6|4|10|-1|2
1094|Chaos Cerastus Knight Acheron|1|1||Acheron flame cannon|Ignores Cover, Torrent|18|Ranged|2D6|-|8|-1|2
1094|Chaos Cerastus Knight Acheron|2|1||Twin heavy bolter|Sustained Hits 1, Twin-linked|36|Ranged|3|3|5|-1|2
1094|Chaos Cerastus Knight Acheron|3|1||Reaper chainfist - strike||Melee|Melee|4|3|14|-4|6
1094|Chaos Cerastus Knight Acheron|4|2||Reaper chainfist - sweep||Melee|Melee|12|3|9|-3|2
1097|Chaos Cerastus Knight Atrapos|1|1||Atrapos lascutter - high intensity|Sustained Hits 1|24|Ranged|D6|3|14|-3|4
1097|Chaos Cerastus Knight Atrapos|2|2||Atrapos lascutter - low intensity|Sustained Hits 1|36|Ranged|2D6|3|7|-1|2
1097|Chaos Cerastus Knight Atrapos|3|1||Graviton singularity cannon - contained|Blast|24|Ranged|D3|3|16|-4|D6+1
1097|Chaos Cerastus Knight Atrapos|4|2||Graviton singularity cannon - singularity|Blast, Devastating Wounds, Hazardous|24|Ranged|D3|3|16|-4|D6+1
1097|Chaos Cerastus Knight Atrapos|5|3||Atrapos lascutter - high intensity|Sustained Hits 1|Melee|Melee|6|3|14|-3|4
1097|Chaos Cerastus Knight Atrapos|6|4||Atrapos lascutter - low intensity|Sustained Hits 1|Melee|Melee|12|3|7|-1|2
1096|Chaos Cerastus Knight Castigator|1|1||Castigator bolt cannon|Twin-linked|36|Ranged|18|3|6|-2|2
1096|Chaos Cerastus Knight Castigator|2|1||Tempest warblade - strike||Melee|Melee|4|3|14|-4|6
1096|Chaos Cerastus Knight Castigator|3|2||Tempest warblade - sweep||Melee|Melee|12|3|9|-3|2
1095|Chaos Cerastus Knight Lancer|1|1||Cerastus shock lance|Assault, Sustained Hits 2|12|Ranged|6|3|6|0|2
1095|Chaos Cerastus Knight Lancer|2|2||Cerastus shock lance - strike|Lance|Melee|Melee|5|2|20|-3|8
1095|Chaos Cerastus Knight Lancer|3|3||Cerastus shock lance - sweep||Melee|Melee|10|2|10|-2|3
1098|Chaos Questoris Knight Magaera|1|1||Lightning cannon|Sustained Hits 2|48|Ranged|12|3|9|0|2
1098|Chaos Questoris Knight Magaera|2|1||Phased plasma-fusil|Rapid Fire 2|24|Ranged|2|3|8|-3|2
1098|Chaos Questoris Knight Magaera|3|1||Twin rad cleanser|Anti-INFANTRY 2+, Ignores Cover, Torrent, Twin-linked|12|Ranged|D6|-|2|0|1
1098|Chaos Questoris Knight Magaera|4|1||Hekaton siege claw - strike||Melee|Melee|4|3|20|-3|8
1098|Chaos Questoris Knight Magaera|5|2||Hekaton siege claw - sweep||Melee|Melee|8|3|10|-2|3
1098|Chaos Questoris Knight Magaera|6|1||Reaper chainsword - strike||Melee|Melee|4|3|14|-4|6
1098|Chaos Questoris Knight Magaera|7|2||Reaper chainsword - sweep||Melee|Melee|12|3|9|-3|2
1100|Chaos Questoris Knight Styrix|1|1||Graviton crusher|Anti-VEHICLE 2+, Blast|18|Ranged|3|3|6|-1|2
1100|Chaos Questoris Knight Styrix|2|1||Twin rad cleanser|Anti-INFANTRY 2+, Ignores Cover, Torrent, Twin-linked|12|Ranged|D6|-|2|0|1
1100|Chaos Questoris Knight Styrix|3|1||Volkite chierovile|Devastating Wounds|30|Ranged|12|3|12|0|3
1100|Chaos Questoris Knight Styrix|4|1||Hekaton siege claw - strike||Melee|Melee|4|3|20|-3|8
1100|Chaos Questoris Knight Styrix|5|2||Hekaton siege claw - sweep||Melee|Melee|8|3|10|-2|3
1100|Chaos Questoris Knight Styrix|6|1||Reaper chainsword - strike||Melee|Melee|4|3|14|-4|6
1100|Chaos Questoris Knight Styrix|7|2||Reaper chainsword - sweep||Melee|Melee|12|3|9|-3|2
3844|Cultist Firebrand|1|1||Balefire pike|Ignores Cover, Torrent|12|Ranged|D6+3|-|5|-1|1
3844|Cultist Firebrand|2|1||Close combat weapon||Melee|Melee|4|4|4|0|1
3849|Cultist Mob|1|1||Autopistol|Pistol|12|Ranged|1|4|3|0|1
3849|Cultist Mob|2|1||Bolt pistol|Pistol|12|Ranged|1|4|4|0|1
3849|Cultist Mob|3|1||Brutal assault weapon||Melee|Melee|2|4|3|0|1
3850|Cultist Mob|1|1||Autogun|Rapid Fire 1|24|Ranged|1|4|3|0|1
3850|Cultist Mob|2|1||Autopistol|Pistol|12|Ranged|1|4|3|0|1
3850|Cultist Mob|3|1||Bolt pistol|Pistol|12|Ranged|1|4|4|0|1
3850|Cultist Mob|4|1||Cultist grenade launcher - frag|Blast|24|Ranged|D3|4|4|0|1
3850|Cultist Mob|5|2||Cultist grenade launcher - krak||24|Ranged|1|4|9|-2|D3
3850|Cultist Mob|6|1||Flamer|Ignores Cover, Torrent|12|Ranged|D6|-|4|0|1
3850|Cultist Mob|7|1||Heavy stubber|Heavy, Rapid Fire 3|36|Ranged|4|5|4|0|1
3850|Cultist Mob|8|1||Brutal assault weapon||Melee|Melee|2|4|3|0|1
3850|Cultist Mob|9|1||Close combat weapon||Melee|Melee|1|4|3|0|1
3845|Blessed Blade|1|1||Autopistol|Pistol|12|Ranged|1|4|3|0|1
3845|Blessed Blade|2|1||Warp Curse - focused witchfire|Hazardous, Psychic, Sustained Hits 2|18|Ranged|3|3|5|-1|2
3845|Blessed Blade|3|2||Warp Curse - witchfire|Psychic|18|Ranged|3|3|4|-1|2
3845|Blessed Blade|4|1||Close combat weapon||Melee|Melee|1|4|3|0|1
3845|Blessed Blade|5|1||Commune blade||Melee|Melee|2|4|4|-2|1
3845|Blessed Blade|6|1||Commune stave|Devastating Wounds|Melee|Melee|2|4|3|0|D3
3852|Fellgor Beastmen|1|1||Autopistol|Pistol|12|Ranged|1|4|3|0|1
3852|Fellgor Beastmen|2|1||Bolt pistol|Pistol|12|Ranged|1|4|4|0|1
3852|Fellgor Beastmen|3|1||Corrupted stave|Devastating Wounds, Psychic|18|Ranged|D3|4|5|-1|1
3852|Fellgor Beastmen|4|1||Plasma pistol - standard|Pistol|12|Ranged|1|4|7|-2|1
3852|Fellgor Beastmen|5|1||Plasma pistol- supercharge|Hazardous, Pistol|12|Ranged|1|4|8|-3|2
3852|Fellgor Beastmen|6|1||Chainsword||Melee|Melee|3|4|4|0|1
3852|Fellgor Beastmen|7|1||Close combat weapon||Melee|Melee|2|4|4|0|1
3852|Fellgor Beastmen|8|2||Corrupted stave|Devastating Wounds, Psychic|Melee|Melee|2|4|4|-1|D3
3852|Fellgor Beastmen|9|1||Great weapon||Melee|Melee|2|5|8|-1|2
3854|Gellerpox Mutant|1|1||Belly flamer|Ignores Cover, Torrent|12|Ranged|D6|-|5|0|1
3854|Gellerpox Mutant|2|1||Brutal weapons||Melee|Melee|2|4|4|0|1
3854|Gellerpox Mutant|3|1||Hideous mutations||Melee|Melee|4|4|6|-1|2
2567|Knight Abominant|1|1||Diabolus heavy stubber|Rapid Fire 3|36|Ranged|3|3|5|0|1
2567|Knight Abominant|2|1||Volkite combustor|Devastating Wounds, Ignores Cover|30|Ranged|12|3|12|0|3
2567|Knight Abominant|3|1||Balemace|Extra Attacks|Melee|Melee|3|3|8|-1|2
2567|Knight Abominant|4|1||Electroscourge|Sustained Hits 1|Melee|Melee|9|3|10|-2|3
1660|Knight Desecrator|1|1||Desecrator laser destructor|Devastating Wounds: Monster/Vehicle|72|Ranged|3|2|18|-4|D6+3
1660|Knight Desecrator|2|1||Diabolus heavy stubber|Rapid Fire 3|36|Ranged|3|2|5|0|1
1660|Knight Desecrator|3|1||Reaper chainsword - strike||Melee|Melee|4|3|14|-4|6
1660|Knight Desecrator|4|2||Reaper chainsword - sweep||Melee|Melee|12|3|9|-3|2
1660|Knight Desecrator|5|1||Warpstrike claw - strike||Melee|Melee|4|3|20|-3|8
1660|Knight Desecrator|6|2||Warpstrike claw - sweep||Melee|Melee|8|3|10|-2|3
1658|Knight Despoiler|1|1||Daemonbreath meltagun|Melta 2|12|Ranged|1|3|9|-4|D6
1658|Knight Despoiler|2|1||Daemonbreath thermal cannon|Blast, Melta 6|24|Ranged|2D3|3|12|-4|D6
1658|Knight Despoiler|3|1||Despoiler battle cannon|Blast, Rapid Fire D6+3|72|Ranged|D6+3|3|10|-1|3
1658|Knight Despoiler|4|1||Despoiler gatling cannon||36|Ranged|18|3|6|-2|2
1658|Knight Despoiler|5|1||Diabolus heavy stubber|Rapid Fire 3|36|Ranged|3|3|5|0|1
1658|Knight Despoiler|6|1||Havoc missile pod|Blast, Indirect Fire|48|Ranged|D6+1|3|5|0|1
1658|Knight Despoiler|7|1||Heavy darkflamer|Torrent, Ignores Cover|12|Ranged|D6|-|5|-1|1
1658|Knight Despoiler|8|1||Hellstorm autocannons|Anti-FLY 2, Twin-linked|48|Ranged|3|3|7|-1|2
1658|Knight Despoiler|9|1||Ruinspear rocket pod||48|Ranged|3|3|8|-2|D6
1658|Knight Despoiler|10|1||Reaper chainsword - strike||Melee|Melee|4|3|14|-4|6
1658|Knight Despoiler|11|2||Reaper chainsword - sweep||Melee|Melee|12|3|9|-3|2
1658|Knight Despoiler|12|1||Titanic feet||Melee|Melee|4|4|8|-1|2
1658|Knight Despoiler|13|1||Warpstrike claw - strike||Melee|Melee|4|3|20|-3|8
1658|Knight Despoiler|14|2||Warpstrike claw - sweep||Melee|Melee|8|3|10|-2|3
1661|Knight Rampager|1|1||Diabolus heavy stubber|Rapid Fire 3|36|Ranged|3|3|5|0|1
1661|Knight Rampager|2|1||Reaper chainsword - strike|Sustained Hits 1|Melee|Melee|6|2|14|-4|6
1661|Knight Rampager|3|2||Reaper chainsword - sweep|Sustained Hits 1|Melee|Melee|18|2|9|-3|2
1661|Knight Rampager|4|1||Warpstrike claw - strike|Sustained Hits 1|Melee|Melee|6|2|20|-3|8
1661|Knight Rampager|5|2||Warpstrike claw - sweep|Sustained Hits 1|Melee|Melee|12|2|10|-2|3
4134|Knight Ruinator|1|1||Darkflame lance|Ignores Cover, Torrent|18|Ranged|D6+6|-|8|-1|2
4134|Knight Ruinator|2|1||Terrorpulse missiles|Blast|36|Ranged|D6+6|3|8|-2|2
4134|Knight Ruinator|3|1||Fellbore - strike|Anti-Monster 2+, Anti-Vehicle 2+|Melee|Melee|4|3|14|-3|6
4134|Knight Ruinator|4|2||Fellbore - sweep||Melee|Melee|10|3|9|-2|2
1659|Knight Tyrant|1|1||Brimstone volcano lance|Blast|60|Ranged|D3|3|20|-5|D6+8
1659|Knight Tyrant|2|1||Darkflame cannon|Ignores Cover, Torrent|18|Ranged|3D6|-|8|-1|2
1659|Knight Tyrant|3|1||Ectoplasma decimator - standard|Blast|36|Ranged|D6+3|3|8|-3|2
1659|Knight Tyrant|4|2||Ectoplasma decimator - supercharge|Blast, Hazardous|36|Ranged|D6+3|3|9|-4|3
1659|Knight Tyrant|5|1||Gheiststrike missile launcher|Anti-TITANIC 4+, Devastating Wounds|72|Ranged|1|3|12|-6|D6+1
1659|Knight Tyrant|6|1||Twin daemonbreath meltagun|Melta 2, Twin-linked|12|Ranged|1|3|9|-4|D6
1659|Knight Tyrant|7|1||Twin desecrator cannon|Blast, Twin-linked|36|Ranged|D6|3|6|0|1
1659|Knight Tyrant|8|1||Warpshock harpoon|Blast, Devastating Wounds|12|Ranged|D3|3|24|-6|12
1659|Knight Tyrant|9|1||Titanic feet||Melee|Melee|4|4|8|-1|2
3855|Mutoid Vermin|1|1||Diseased claws and fangs|Lethal Hits|Melee|Melee|2|4|2|0|1
3856|Negavolt Cultists|1|1||Electro-goads|Sustained Hits 2|Melee|Melee|3|3|4|0|1
3847|Renegade Enforcer|1|1||Autogun|Rapid Fire 1|24|Ranged|1|3|3|0|1
3847|Renegade Enforcer|2|1||Enforcer pistol|Pistol|12|Ranged|1|3|4|0|1
3847|Renegade Enforcer|3|1||Lasgun|Rapid Fire 1|24|Ranged|1|3|3|0|1
3847|Renegade Enforcer|4|1||Shotgun|Assault|18|Ranged|2|3|4|0|1
3847|Renegade Enforcer|5|1||Enforcer melee weapon||Melee|Melee|4|3|4|0|1
3847|Renegade Enforcer|6|1||Power fist||Melee|Melee|3|3|6|-2|2
3847|Renegade Enforcer|7|1||Power weapon||Melee|Melee|3|3|4|-2|1
3857|Renegade Heavy Weapons Squad|1|1||Autocannon|Heavy|48|Ranged|2|5|9|-1|3
3857|Renegade Heavy Weapons Squad|2|1||Heavy bolter|Heavy, Sustained Hits 1|36|Ranged|3|5|5|-1|2
3857|Renegade Heavy Weapons Squad|3|1||Heavy stubber|Heavy, Rapid Fire 3|36|Ranged|4|5|4|0|1
3857|Renegade Heavy Weapons Squad|4|1||Lascannon|Heavy|48|Ranged|1|5|12|-3|D6+1
3857|Renegade Heavy Weapons Squad|5|1||Missile launcher - frag|Blast, Heavy|48|Ranged|D6|5|4|0|1
3857|Renegade Heavy Weapons Squad|6|2||Missile launcher - krak|Blast|48|Ranged|1|5|9|-2|D6
3857|Renegade Heavy Weapons Squad|7|1||Mortar|Blast, Heavy, Indirect Fire|48|Ranged|D6|5|5|0|1
3857|Renegade Heavy Weapons Squad|8|1||Renegade firearm|Rapid Fire 1|24|Ranged|1|4|3|0|1
3857|Renegade Heavy Weapons Squad|9|1||Close combat weapons||Melee|Melee|2|4|3|0|1
3858|Ogryn Pack Master|1|1||Befouled fangs and claws||Melee|Melee|2|3|5|0|1
3858|Ogryn Pack Master|2|1||Mauler goad and ripper claw||Melee|Melee|4|3|6|-1|2
3859|Renegade Ogryn Brutes|1|1||Ogryn power drill||Melee|Melee|3|3|10|-2|2
3859|Renegade Ogryn Brutes|2|1||Ogryn weapon||Melee|Melee|3|3|6|-1|2
3860|Renegade Plague Ogryns|1|1||Ogryn plague claws|Lethal Hits|Melee|Melee|3|3|6|-1|2
3848|Rogue Psyker|1|1||Laspistol|Pistol|12|Ranged|1|4|3|0|1
3848|Rogue Psyker|2|1||Psychic Strike - focused witchfire|Blast, Devastating Wounds, Hazardous, Psychic|12|Ranged|D6+3|3|6|-2|2
3848|Rogue Psyker|3|2||Psychic Strike - witchfire|Blast, Devastating Wounds, Psychic|12|Ranged|D6|3|6|-2|1
3848|Rogue Psyker|4|1||Chaos stave|Psychic|Melee|Melee|1|4|6|-1|D3
3846|Traitor Enforcer|1|1||Bolt pistol|Pistol|12|Ranged|1|3|5|-1|1
3846|Traitor Enforcer|2|1||Ogryn weapons||Melee|Melee|5|3|7|-1|2
3846|Traitor Enforcer|3|1||Power fist||Melee|Melee|3|3|6|-2|2
3853|Traitor Guardsmen Squad|1|1||Boltgun|Rapid Fire 1|24|Ranged|1|4|4|0|1
3853|Traitor Guardsmen Squad|2|1||Corrupted pistol|Pistol|12|Ranged|1|4|4|-1|1
3853|Traitor Guardsmen Squad|3|1||Cultist grenade launcher - frag|Blast|24|Ranged|D3|4|4|0|1
3853|Traitor Guardsmen Squad|4|2||Cultist grenade launcher - krak||24|Ranged|1|4|9|-2|D3
3853|Traitor Guardsmen Squad|5|1||Cultist sniper rifle|Heavy, Precision|36|Ranged|1|4|4|-2|2
3853|Traitor Guardsmen Squad|6|1||Flamer|Ignores Cover, Torrent|12|Ranged|D6|-|4|0|1
3853|Traitor Guardsmen Squad|7|1||Lasgun|Rapid Fire 1|24|Ranged|1|4|3|0|1
3853|Traitor Guardsmen Squad|8|1||Meltagun|Melta 2|12|Ranged|1|4|9|-4|D6
3853|Traitor Guardsmen Squad|9|1||Plasma gun - standard|Rapid Fire 1|24|Ranged|1|4|7|-2|1
3853|Traitor Guardsmen Squad|10|2||Plasma gun - supercharge|Hazardous, Rapid Fire 1|24|Ranged|1|4|8|-3|2
3853|Traitor Guardsmen Squad|11|1||Chainsword||Melee|Melee|3|4|3|0|1
3853|Traitor Guardsmen Squad|12|1||Close combat weapon||Melee|Melee|1|4|3|0|1
3853|Traitor Guardsmen Squad|13|1||Power weapon||Melee|Melee|2|4|4|-2|1
2565|War Dog Brigand|1|1||Avenger chaincannon||24|Ranged|12|3|6|-1|1
2565|War Dog Brigand|2|1||Daemonbreath spear|Melta 4|18|Ranged|2|3|12|-4|D6
2565|War Dog Brigand|3|1||Diabolus heavy stubber|Rapid Fire 3|36|Ranged|3|3|5|0|1
2565|War Dog Brigand|4|1||Havoc multi-launcher|Blast, Indirect Fire|48|Ranged|D6|3|5|0|1
2565|War Dog Brigand|5|1||Armoured feet||Melee|Melee|4|3|6|0|1
2562|War Dog Executioner|1|1||Daemonbreath meltagun|Melta 2|12|Ranged|1|3|9|-4|D6
2562|War Dog Executioner|2|1||Diabolus heavy stubber|Rapid Fire 3|36|Ranged|3|3|5|0|1
2562|War Dog Executioner|3|1||War Dog autocannon||48|Ranged|4|3|9|-1|3
2562|War Dog Executioner|4|1||Armoured feet||Melee|Melee|4|3|6|0|1
2566|War Dog Huntsman|1|1||Daemonbreath meltagun|Melta 2|12|Ranged|1|3|9|-4|D6
2566|War Dog Huntsman|2|1||Daemonbreath spear|Melta 4|18|Ranged|2|3|12|-4|D6
2566|War Dog Huntsman|3|1||Diabolus heavy stubber|Rapid Fire 3|36|Ranged|3|3|5|0|1
2566|War Dog Huntsman|4|1||Reaper chaintalon - strike||Melee|Melee|4|3|10|-3|3
2566|War Dog Huntsman|5|2||Reaper chaintalon - sweep||Melee|Melee|8|3|8|-2|1
2564|War Dog Karnivore|1|1||Diabolus heavy stubber|Rapid Fire 3|36|Ranged|3|3|5|0|1
2564|War Dog Karnivore|2|1||Havoc multi-launcher|Blast, Indirect Fire|48|Ranged|D6|3|5|0|1
2564|War Dog Karnivore|3|1||Reaper chaintalon|Sustained Hits 1|Melee|Melee|12|3|8|-2|1
2564|War Dog Karnivore|4|1||Slaughterclaw|Sustained Hits 1|Melee|Melee|6|3|12|-3|D6+2
1663|War Dog Moirax|1|1||Armoured feet||Melee|Melee|4|3|6|0|1
2563|War Dog Stalker|1|1||Avenger chaincannon||24|Ranged|12|3|6|-1|1
2563|War Dog Stalker|2|1||Daemonbreath spear|Melta 4|18|Ranged|2|3|12|-4|D6
2563|War Dog Stalker|3|1||Diabolus heavy stubber|Rapid Fire 3|36|Ranged|3|3|5|0|1
2563|War Dog Stalker|4|1||Havoc multi-launcher|Blast, Indirect Fire|48|Ranged|D6|3|5|0|1
2563|War Dog Stalker|5|1||Reaper chaintalon - strike||Melee|Melee|4|3|10|-3|3
2563|War Dog Stalker|6|2||Reaper chaintalon - sweep||Melee|Melee|8|3|8|-2|1
2563|War Dog Stalker|7|1||Slaughterclaw||Melee|Melee|4|3|12|-3|D6+2
924|Abaddon the Despoiler|1|1||Talon of Horus|Sustained Hits 1|24|Ranged|4|2|5|-1|2
924|Abaddon the Despoiler|2|1||Drach'nyen|Devastating Wounds|Melee|Melee|8|2|14|-4|3
924|Abaddon the Despoiler|3|2||Talon of Horus|Devastating Wounds|Melee|Melee|14|2|7|-3|1
2571|Torment|1|1||Blasphemous appendages||Melee|Melee|2|4|4|0|1
2571|Torment|2|1||Hideous mutations||Melee|Melee|D6+2|4|5|-1|2
1293|Blood Slaughterer|1|1||Impaler harpoon|Anti-MONSTER 2+, Anti-VEHICLE 2+, Impaled|12|Ranged|1|3|12|-2|3
1293|Blood Slaughterer|2|1||Slaughter blade||Melee|Melee|5|3|12|-3|3
1293|Blood Slaughterer|3|1||Twin slaughter blade|Twin-linked|Melee|Melee|5|3|12|-3|3
3630|Cerberus|1|1||Cerberus neutron pulse array|Twin-linked|48|Ranged|3|3|16|-4|D6+3
3630|Cerberus|2|1||Heavy bolter|Sustained Hits 1|36|Ranged|3|3|5|-1|2
3630|Cerberus|3|1||Heavy flamer|Ignores Cover, Torrent|12|Ranged|D6|-|5|-1|1
3630|Cerberus|4|1||Lascannon||48|Ranged|1|3|12|-3|D6+1
3630|Cerberus|5|1||Multi-melta|Melta 2|18|Ranged|2|3|9|-4|D6
3630|Cerberus|6|1||Storm bolter|Rapid Fire 2|24|Ranged|2|3|4|0|1
3630|Cerberus|7|1||Armoured tracks||Melee|Melee|6|4|8|0|1
957|Chaos Bikers|1|1||Bolt pistol|Pistol|12|Ranged|1|3|5|-1|1
957|Chaos Bikers|2|1||Combi-bolter|Rapid Fire 2|24|Ranged|2|3|5|-1|1
957|Chaos Bikers|3|1||Combi-weapon|Anti-INFANTRY 4+, Devastating Wounds, Rapid Fire 1|24|Ranged|1|4|4|0|1
957|Chaos Bikers|4|1||Flamer|Ignores Cover, Torrent|12|Ranged|D6|-|4|0|1
957|Chaos Bikers|5|1||Meltagun|Melta 2|12|Ranged|1|3|9|-4|D6
957|Chaos Bikers|6|1||Plasma gun - standard|Rapid Fire 1|24|Ranged|1|3|7|-2|1
957|Chaos Bikers|7|2||Plasma gun - supercharge|Hazardous, Rapid Fire 1|24|Ranged|1|3|8|-3|2
957|Chaos Bikers|8|1||Plasma pistol - standard|Pistol|12|Ranged|1|3|7|-2|1
957|Chaos Bikers|9|2||Plasma pistol - supercharge|Hazardous, Pistol|12|Ranged|1|3|8|-3|2
957|Chaos Bikers|10|1||Accursed weapon||Melee|Melee|4|3|5|-2|1
957|Chaos Bikers|11|1||Astartes chainsword||Melee|Melee|4|3|5|-1|1
957|Chaos Bikers|12|1||Close combat weapon||Melee|Melee|3|3|5|0|1
957|Chaos Bikers|13|1||Power fist||Melee|Melee|3|3|8|-2|2
1302|Chaos Deimos Predator|1|1||Combi-bolter|Rapid Fire 2|24|Ranged|2|3|4|0|1
1302|Chaos Deimos Predator|2|1||Conversion beam cannon|Conversion, Sustained Hits D3|24|Ranged|1|3|7|-1|3
1302|Chaos Deimos Predator|3|1||Heavy bolter|Sustained Hits 1|36|Ranged|3|3|5|-1|2
1302|Chaos Deimos Predator|4|1||Heavy flamer|Ignores Cover, Torrent|12|Ranged|D6|-|5|-1|1
1302|Chaos Deimos Predator|5|1||Hunter-killer missile|One Shot|48|Ranged|1|2|14|-3|D6
1302|Chaos Deimos Predator|6|1||Infernus cannon|Ignores Cover, Torrent|12|Ranged|2D6|-|6|-1|1
1302|Chaos Deimos Predator|7|1||Lascannon||48|Ranged|1|3|12|-3|D6+1
1302|Chaos Deimos Predator|8|1||Magna-melta cannon|Melta 4|18|Ranged|2|3|12|-4|D6
1302|Chaos Deimos Predator|9|1||Plasma destroyer - standard|Blast|36|Ranged|D3|3|8|-2|2
1302|Chaos Deimos Predator|10|2||Plasma destroyer - supercharge|Blast, Hazardous|36|Ranged|D3|3|9|-3|3
1302|Chaos Deimos Predator|11|1||Armoured tracks||Melee|Melee|3|4|6|0|1
962|Chaos Land Raider|1|1||Combi-bolter|Rapid Fire 2|24|Ranged|2|3|5|-1|1
962|Chaos Land Raider|2|1||Combi-weapon|Anti-INFANTRY 4+, Devastating Wounds, Rapid Fire 1|24|Ranged|1|4|5|-1|1
962|Chaos Land Raider|3|1||Havoc launcher|Blast|48|Ranged|D6|3|5|0|1
962|Chaos Land Raider|4|1||Soulshatter lascannon||48|Ranged|2|3|12|-3|D6+1
962|Chaos Land Raider|5|1||Twin heavy bolter|Sustained Hits 1, Twin-linked|36|Ranged|3|3|5|-1|2
962|Chaos Land Raider|6|1||Armoured tracks||Melee|Melee|6|4|8|0|1
3711|Chaos Lord|1|1||Plasma pistol - standard|Pistol|12|Ranged|1|2|7|-2|1
3711|Chaos Lord|2|2||Plasma pistol - supercharge|Hazardous, Pistol|12|Ranged|1|2|8|-3|2
3711|Chaos Lord|3|1||Accursed weapon||Melee|Melee|6|2|5|-2|1
3711|Chaos Lord|4|1||Astartes chainblade||Melee|Melee|7|2|4|-1|1
3711|Chaos Lord|5|1||Daemon hammer|Devastating Wounds|Melee|Melee|5|3|8|-2|2
3711|Chaos Lord|6|1||Power fist||Melee|Melee|5|2|8|-2|2
930|Chaos Lord in Terminator Armour|1|1||Combi-bolter|Rapid Fire 2|24|Ranged|2|2|5|-1|1
930|Chaos Lord in Terminator Armour|2|1||Combi-weapon|Anti-INFANTRY 4+, Devastating Wounds, Rapid Fire 1|24|Ranged|1|3|5|-1|1
930|Chaos Lord in Terminator Armour|3|1||Chainfist|Anti-VEHICLE 3+|Melee|Melee|5|3|8|-2|2
930|Chaos Lord in Terminator Armour|4|1||Exalted weapon||Melee|Melee|6|2|5|-2|2
930|Chaos Lord in Terminator Armour|5|1||Paired accursed weapons|Twin-linked|Melee|Melee|7|2|5|-2|1
930|Chaos Lord in Terminator Armour|6|1||Power fist||Melee|Melee|5|2|8|-2|2
931|Chaos Lord on Bike|1|1||Bolt pistol|Pistol|12|Ranged|1|2|4|0|1
931|Chaos Lord on Bike|2|1||Combi-bolter|Rapid Fire 2|24|Ranged|2|2|4|0|1
931|Chaos Lord on Bike|3|1||Combi-weapon|Anti-INFANTRY 4+, Devastating Wounds, Rapid Fire 1|24|Ranged|1|4|4|0|1
931|Chaos Lord on Bike|4|1||Plasma pistol - standard|Pistol|12|Ranged|1|2|7|-2|1
931|Chaos Lord on Bike|5|2||Plasma pistol - supercharge|Hazardous, Pistol|12|Ranged|1|2|8|-3|2
931|Chaos Lord on Bike|6|1||Accursed weapon||Melee|Melee|6|2|5|-2|1
931|Chaos Lord on Bike|7|1||Astartes chainsword||Melee|Melee|7|2|4|-1|1
931|Chaos Lord on Bike|8|1||Close combat weapon||Melee|Melee|6|2|4|0|1
931|Chaos Lord on Bike|9|1||Paired accursed weapons|Twin-linked|Melee|Melee|7|2|4|-1|1
931|Chaos Lord on Bike|10|1||Power fist||Melee|Melee|5|2|8|-2|2
933|Chaos Lord on Disc of Tzeentch|1|1||Bolt pistol|Pistol|12|Ranged|1|2|4|0|1
933|Chaos Lord on Disc of Tzeentch|2|1||Combi-bolter|Rapid Fire 2|24|Ranged|2|2|4|0|1
933|Chaos Lord on Disc of Tzeentch|3|1||Combi-weapon|Anti-INFANTRY 4+, Devastating Wounds, Rapid Fire 1|24|Ranged|1|4|4|0|1
933|Chaos Lord on Disc of Tzeentch|4|1||Plasma pistol - standard|Pistol|12|Ranged|1|2|7|-2|1
933|Chaos Lord on Disc of Tzeentch|5|2||Plasma pistol - supercharge|Hazardous, Pistol|12|Ranged|1|2|8|-3|2
933|Chaos Lord on Disc of Tzeentch|6|1||Accursed weapon||Melee|Melee|6|2|5|-2|1
933|Chaos Lord on Disc of Tzeentch|7|1||Astartes chainsword||Melee|Melee|7|2|4|-1|1
933|Chaos Lord on Disc of Tzeentch|8|1||Close combat weapon||Melee|Melee|6|2|4|0|1
933|Chaos Lord on Disc of Tzeentch|9|1||Paired accursed weapons|Twin-linked|Melee|Melee|7|2|4|-1|1
933|Chaos Lord on Disc of Tzeentch|10|1||Power fist||Melee|Melee|5|2|8|-2|2
932|Chaos Lord on Juggernaut|1|1||Bolt pistol|Pistol|12|Ranged|1|2|4|0|1
932|Chaos Lord on Juggernaut|2|1||Combi-bolter|Rapid Fire 2|24|Ranged|2|2|4|0|1
932|Chaos Lord on Juggernaut|3|1||Combi-weapon|Anti-INFANTRY 4+, Devastating Wounds, Rapid Fire 1|24|Ranged|1|4|4|0|1
932|Chaos Lord on Juggernaut|4|1||Plasma pistol - standard|Pistol|12|Ranged|1|2|7|-2|1
932|Chaos Lord on Juggernaut|5|2||Plasma pistol - supercharge|Hazardous, Pistol|12|Ranged|1|2|8|-3|2
932|Chaos Lord on Juggernaut|6|1||Accursed weapon||Melee|Melee|6|2|5|-2|1
932|Chaos Lord on Juggernaut|7|1||Astartes chainsword||Melee|Melee|7|2|4|-1|1
932|Chaos Lord on Juggernaut|8|1||Bladed horn|Extra Attacks, Lance|Melee|Melee|4|4|6|-1|1
932|Chaos Lord on Juggernaut|9|1||Close combat weapon||Melee|Melee|6|2|4|0|1
932|Chaos Lord on Juggernaut|10|1||Paired accursed weapons|Twin-linked|Melee|Melee|7|2|4|-1|1
932|Chaos Lord on Juggernaut|11|1||Power fist||Melee|Melee|5|2|8|-2|2
934|Chaos Lord on Palanquin of Nurgle|1|1||Bolt pistol|Pistol|12|Ranged|1|2|4|0|1
934|Chaos Lord on Palanquin of Nurgle|2|1||Combi-bolter|Rapid Fire 2|24|Ranged|2|2|4|0|1
934|Chaos Lord on Palanquin of Nurgle|3|1||Combi-weapon|Anti-INFANTRY 4+, Devastating Wounds, Rapid Fire 1|24|Ranged|1|4|4|0|1
934|Chaos Lord on Palanquin of Nurgle|4|1||Plasma pistol - standard|Pistol|12|Ranged|1|2|7|-2|1
934|Chaos Lord on Palanquin of Nurgle|5|2||Plasma pistol - supercharge|Hazardous, Pistol|12|Ranged|1|2|8|-3|2
934|Chaos Lord on Palanquin of Nurgle|6|1||Accursed weapon||Melee|Melee|6|2|5|-2|1
934|Chaos Lord on Palanquin of Nurgle|7|1||Astartes chainsword||Melee|Melee|7|2|4|-1|1
934|Chaos Lord on Palanquin of Nurgle|8|1||Close combat weapon||Melee|Melee|6|2|4|0|1
934|Chaos Lord on Palanquin of Nurgle|9|1||Nurgling's claws and teeth|Extra Attacks|Melee|Melee|4|5|2|0|1
934|Chaos Lord on Palanquin of Nurgle|10|1||Paired accursed weapons|Twin-linked|Melee|Melee|7|2|4|-1|1
934|Chaos Lord on Palanquin of Nurgle|11|1||Power fist||Melee|Melee|5|2|8|-2|2
935|Chaos Lord on Steed of Slaanesh|1|1||Bolt pistol|Pistol|12|Ranged|1|2|4|0|1
935|Chaos Lord on Steed of Slaanesh|2|1||Combi-bolter|Rapid Fire 2|24|Ranged|2|2|4|0|1
935|Chaos Lord on Steed of Slaanesh|3|1||Combi-weapon|Anti-INFANTRY 4+, Devastating Wounds, Rapid Fire 1|24|Ranged|1|4|4|0|1
935|Chaos Lord on Steed of Slaanesh|4|1||Plasma pistol - standard|Pistol|12|Ranged|1|2|7|-2|1
935|Chaos Lord on Steed of Slaanesh|5|2||Plasma pistol - supercharge|Hazardous, Pistol|12|Ranged|1|2|8|-3|2
935|Chaos Lord on Steed of Slaanesh|6|1||Accursed weapon||Melee|Melee|6|2|5|-2|1
935|Chaos Lord on Steed of Slaanesh|7|1||Astartes chainsword||Melee|Melee|7|2|4|-1|1
935|Chaos Lord on Steed of Slaanesh|8|1||Close combat weapon||Melee|Melee|6|2|4|0|1
935|Chaos Lord on Steed of Slaanesh|9|1||Lashing tongue|Extra Attacks, Lethal Hits|Melee|Melee|3|4|4|0|1
935|Chaos Lord on Steed of Slaanesh|10|1||Paired accursed weapons|Twin-linked|Melee|Melee|7|2|4|-1|1
935|Chaos Lord on Steed of Slaanesh|11|1||Power fist||Melee|Melee|5|2|8|-2|2
601802|Chaos Lord with Jump Pack|1|1||Bolt pistol|Pistol|12|Ranged|1|2|5|-1|1
601802|Chaos Lord with Jump Pack|2|1||Plasma pistol - standard|Pistol|12|Ranged|1|2|7|-2|1
601802|Chaos Lord with Jump Pack|3|2||Plasma pistol - supercharge|Hazardous, Pistol|12|Ranged|1|2|8|-3|2
601802|Chaos Lord with Jump Pack|4|1||Accursed weapon||Melee|Melee|6|2|5|-2|1
601802|Chaos Lord with Jump Pack|5|1||Power fist||Melee|Melee|5|2|8|-2|2
601802|Chaos Lord with Jump Pack|6|1||Twin lightning claws|Twin-linked|Melee|Melee|6|2|5|-2|1
2572|Chaos Predator Annihilator|1|1||Combi-bolter|Rapid Fire 2|24|Ranged|2|3|5|-1|1
2572|Chaos Predator Annihilator|2|1||Combi-weapon|Anti-INFANTRY 4+, Devastating Wounds, Rapid Fire 1|24|Ranged|1|4|5|-1|1
2572|Chaos Predator Annihilator|3|1||Havoc launcher|Blast|48|Ranged|D6|3|5|0|1
2572|Chaos Predator Annihilator|4|1||Heavy bolter|Sustained Hits 1|36|Ranged|3|3|5|-1|2
2572|Chaos Predator Annihilator|5|1||Lascannon||48|Ranged|1|3|12|-3|D6+1
2572|Chaos Predator Annihilator|6|1||Predator twin lascannon|Twin-linked|48|Ranged|1|3|14|-3|D6+1
2572|Chaos Predator Annihilator|7|1||Armoured tracks||Melee|Melee|3|4|6|0|1
963|Chaos Predator Destructor|1|1||Combi-bolter|Rapid Fire 2|24|Ranged|2|3|5|-1|1
963|Chaos Predator Destructor|2|1||Combi-weapon|Anti-INFANTRY 4+, Devastating Wounds, Rapid Fire 1|24|Ranged|1|4|5|-1|1
963|Chaos Predator Destructor|3|1||Havoc launcher|Blast|48|Ranged|D6|3|5|0|1
963|Chaos Predator Destructor|4|1||Heavy bolter|Sustained Hits 1|36|Ranged|3|3|5|-1|2
963|Chaos Predator Destructor|5|1||Lascannon||48|Ranged|1|3|12|-3|D6+1
963|Chaos Predator Destructor|6|1||Predator autocannon|Rapid Fire 2|48|Ranged|4|3|9|-1|3
963|Chaos Predator Destructor|7|1||Armoured tracks||Melee|Melee|3|4|6|0|1
956|Chaos Rhino|1|1||Combi-bolter|Rapid Fire 2|24|Ranged|2|3|5|-1|1
956|Chaos Rhino|2|1||Combi-weapon|Anti-INFANTRY 4+, Devastating Wounds, Rapid Fire 1|24|Ranged|1|4|5|-1|1
956|Chaos Rhino|3|1||Havoc launcher|Blast|48|Ranged|D6|3|5|0|1
956|Chaos Rhino|4|1||Armoured tracks||Melee|Melee|3|4|6|0|1
960|Chaos Spawn|1|1||Hideous Mutations||Melee|Melee|D6+2|4|5|-1|2
947|Chaos Terminator|1|1||Combi-bolter|Rapid Fire 2|24|Ranged|2|3|5|-1|1
947|Chaos Terminator|2|1||Combi-weapon|Anti-INFANTRY 4+, Devastating Wounds, Rapid Fire 1|24|Ranged|1|4|5|-1|1
947|Chaos Terminator|3|1||Heavy flamer|Ignores Cover, Torrent|12|Ranged|D6|-|5|-1|1
947|Chaos Terminator|4|1||Reaper autocannon|Devastating Wounds, Sustained Hits 1|36|Ranged|4|3|7|-1|1
947|Chaos Terminator|5|1||Accursed weapon||Melee|Melee|4|3|5|-2|1
947|Chaos Terminator|6|1||Chainfist|Anti-VEHICLE 3+|Melee|Melee|3|4|8|-2|2
947|Chaos Terminator|7|1||Paired accursed weapons|Twin-linked|Melee|Melee|5|3|5|-2|1
947|Chaos Terminator|8|1||Power fist||Melee|Melee|3|3|8|-2|2
1321|Chaos Thunderhawk|1|1||Hellstrike missile array|Anti-Fly 3+|72|Ranged|4|3|8|-2|3
1321|Chaos Thunderhawk|2|1||Lascannon||48|Ranged|1|3|12|-3|D6+1
1321|Chaos Thunderhawk|3|1||Thunderhawk heavy cannon|Blast|48|Ranged|D6+6|3|10|-2|3
1321|Chaos Thunderhawk|4|1||Turbo-laser destructor|Blast|96|Ranged|D3+1|3|20|-4|D6+6
1321|Chaos Thunderhawk|5|1||Twin heavy bolter|Sustained Hits 1, Twin-linked|36|Ranged|3|3|5|-1|2
1321|Chaos Thunderhawk|6|1||Armoured hull||Melee|Melee|6|4|8|0|1
964|Chaos Vindicator|1|1||Combi-bolter|Rapid Fire 2|24|Ranged|2|3|5|-1|1
964|Chaos Vindicator|2|1||Combi-weapon|Anti-INFANTRY 4+, Devastating Wounds, Rapid Fire 1|24|Ranged|1|4|5|-1|1
964|Chaos Vindicator|3|1||Demolisher cannon|Blast|24|Ranged|D6+3|3|14|-3|D6
964|Chaos Vindicator|4|1||Havoc launcher|Blast|48|Ranged|D6|3|5|0|1
964|Chaos Vindicator|5|1||Armoured tracks||Melee|Melee|3|4|6|0|1
952|Chosen|1|1||Bolt pistol|Pistol|12|Ranged|1|3|5|-1|1
952|Chosen|2|1||Boltgun||24|Ranged|2|3|5|-1|1
952|Chosen|3|1||Combi-weapon|Anti-INFANTRY 4+, Devastating Wounds, Rapid Fire 1|24|Ranged|1|4|5|-1|1
952|Chosen|4|1||Plasma pistol - standard|Pistol|12|Ranged|1|3|7|-2|1
952|Chosen|5|2||Plasma pistol - supercharge|Hazardous, Pistol|12|Ranged|1|3|8|-3|2
952|Chosen|6|1||Accursed weapon||Melee|Melee|4|3|5|-2|1
952|Chosen|7|1||Paired accursed weapons|Twin-linked|Melee|Melee|5|3|5|-2|1
952|Chosen|8|1||Power fist||Melee|Melee|4|3|8|-2|2
3712|Cultist Firebrand|1|1||Balefire pike|Ignores Cover, Torrent|12|Ranged|D6+3|-|5|-1|1
3712|Cultist Firebrand|2|1||Close combat weapon||Melee|Melee|4|4|4|0|1
946|Cultist Mob|1|1||Autopistol|Pistol|12|Ranged|1|4|3|0|1
946|Cultist Mob|2|1||Bolt pistol|Pistol|12|Ranged|1|4|4|0|1
946|Cultist Mob|3|1||Brutal assault weapon||Melee|Melee|2|4|3|0|1
3713|Cultist Mob|1|1||Autogun|Rapid Fire 1|24|Ranged|1|4|3|0|1
3713|Cultist Mob|2|1||Autopistol|Pistol|12|Ranged|1|4|3|0|1
3713|Cultist Mob|3|1||Bolt pistol|Pistol|12|Ranged|1|4|4|0|1
3713|Cultist Mob|4|1||Cultist grenade launcher - frag|Blast|24|Ranged|D3|4|4|0|1
3713|Cultist Mob|5|2||Cultist grenade launcher - krak||24|Ranged|1|4|9|-2|D3
3713|Cultist Mob|6|1||Flamer|Ignores Cover, Torrent|12|Ranged|D6|-|4|0|1
3713|Cultist Mob|7|1||Heavy stubber|Heavy, Rapid Fire 3|36|Ranged|4|5|4|0|1
3713|Cultist Mob|8|1||Brutal assault weapon||Melee|Melee|2|4|3|0|1
3713|Cultist Mob|9|1||Close combat weapon||Melee|Melee|1|4|3|0|1
926|Cypher|1|1||Cypher's bolt pistol|Assault, Pistol, Sustained Hits 1|12|Ranged|6|2|5|-1|1
926|Cypher|2|1||Cypher's plasma pistol|Assault, Pistol, Sustained Hits 1|12|Ranged|3|2|8|-3|2
926|Cypher|3|2||Cypher's bolt pistol|Sustained Hits 1|Melee|Melee|6|2|5|-1|1
926|Cypher|4|2||Cypher's plasma pistol|Extra Attacks|Melee|Melee|3|2|8|-3|2
936|Dark Apostle|1|1||Bolt pistol|Pistol|12|Ranged|1|3|5|-1|1
936|Dark Apostle|2|1||Accursed crozius||Melee|Melee|5|2|6|-1|2
936|Dark Apostle|3|1||Close combat weapon||Melee|Melee|1|4|3|0|1
2569|Blessed Blade|1|1||Autopistol|Pistol|12|Ranged|1|4|3|0|1
2569|Blessed Blade|2|1||Warp Curse - focused witchfire|Hazardous, Psychic, Sustained Hits 2|18|Ranged|3|3|5|-1|2
2569|Blessed Blade|3|2||Warp Curse - witchfire|Psychic|18|Ranged|3|3|4|-1|2
2569|Blessed Blade|4|1||Close combat weapon||Melee|Melee|1|4|3|0|1
2569|Blessed Blade|5|1||Commune blade||Melee|Melee|2|4|4|-2|1
2569|Blessed Blade|6|1||Commune stave|Devastating Wounds|Melee|Melee|2|4|3|0|D3
1295|Decimator|1|1||Decimator butcher cannon||36|Ranged|4|3|9|-1|2
1295|Decimator|2|1||Decimator conversion beamer|Conversion, Sustained Hits D3|24|Ranged|1|3|7|-1|3
1295|Decimator|3|1||Hellflamer|Anti-INFANTRY 4+, Ignores Cover, Torrent|12|Ranged|D6|-|5|-1|1
1295|Decimator|4|1||Soulburner petard|Anti-INFANTRY 3+, Devastating Wounds, Hazardous|24|Ranged|4|3|2|0|1
1295|Decimator|5|1||Storm laser|Sustained Hits 1|36|Ranged|8|3|6|-1|1
1295|Decimator|6|1||Decimator claw||Melee|Melee|5|3|14|-3|3
1295|Decimator|7|1||Twin decimator claw|Twin-linked|Melee|Melee|5|3|14|-3|3
969|Defiler|1|1||Ectoplasma destructor|Blast|36|Ranged|D6|3|12|-3|3
969|Defiler|2|1||Excruciator cannon||36|Ranged|6|3|6|-1|2
969|Defiler|3|1||Hades battle cannon|Blast|48|Ranged|D6+3|3|10|-1|3
969|Defiler|4|1||Hades lascannon||48|Ranged|2|3|12|-3|D6+1
969|Defiler|5|1||Heavy baleflamer|Ignores Cover, Torrent|12|Ranged|D6+3|-|7|-2|2
969|Defiler|6|1||Heavy missile launcher - frag|Blast|48|Ranged|2D6|3|5|-1|1
969|Defiler|7|2||Heavy missile launcher - krak||48|Ranged|2|3|10|-2|D6+1
969|Defiler|8|1||Heavy reaper autocannon|Devastating Wounds, Sustained Hits 1|48|Ranged|4|3|9|-1|3
969|Defiler|9|1||Magma cutter|Melta 2|12|Ranged|2|3|9|-4|D6
969|Defiler|10|1||Electroscourge|Extra Attacks, Sustained Hits 2|Melee|Melee|5|3|12|-2|2
969|Defiler|11|1||Shearing claws - strike||Melee|Melee|5|3|16|-3|D6+1
969|Defiler|12|2||Shearing claws - sweep||Melee|Melee|10|3|6|-2|1
3626|Deredeo Dreadnought|1|1||Aiolos missile launcher|Blast|48|Ranged|D6+3|3|5|0|1
3626|Deredeo Dreadnought|2|1||Anvilus autocannon battery|Twin-linked|48|Ranged|4|3|9|-1|3
3626|Deredeo Dreadnought|3|1||Arachnus heavy lascannon battery||48|Ranged|2|3|12|-3|D6+1
3626|Deredeo Dreadnought|4|1||Boreas air defence missiles|Anti-FLY 2+|48|Ranged|1|3|12|-3|D6+1
3626|Deredeo Dreadnought|5|1||Hellfire plasma carronade - standard||36|Ranged|6|3|7|-2|2
3626|Deredeo Dreadnought|6|2||Hellfire plasma carronade - supercharge|Hazardous|36|Ranged|6|3|8|-3|3
3626|Deredeo Dreadnought|7|1||Twin heavy bolter|Sustained Hits 1, Twin-linked|36|Ranged|3|3|5|-1|2
3626|Deredeo Dreadnought|8|1||Twin heavy flamer|Ignores Cover, Torrent, Twin-linked|12|Ranged|D6|-|5|-1|1
3626|Deredeo Dreadnought|9|1||Volkite falconet battery|Devastating Wounds|30|Ranged|6|3|9|0|2
3626|Deredeo Dreadnought|10|1||Armoured feet||Melee|Melee|6|3|6|0|1
1310|Dreadclaw Drop Pod|1|1||Blade struts||Melee|Melee|8|4|6|-2|1
103635|Exalted Champion|1|1||Bolt pistol|Pistol|12|Ranged|1|3|5|-1|1
103635|Exalted Champion|2|1||Combi-weapon|Anti-INFANTRY 4+, Devastating Wounds, Rapid Fire 1|24|Ranged|1|4|4|0|1
103635|Exalted Champion|3|1||Exalted weapon||Melee|Melee|5|2|5|-2|2
928|Fabius Bile|1|1||Xyclos needler|Anti-INFANTRY 2+, Pistol|18|Ranged|3|2|2|-1|2
928|Fabius Bile|2|1||Rod of Torment||Melee|Melee|6|2|5|-1|3
928|Fabius Bile|3|1||Surgeon Acolyte's tools||Melee|Melee|1|5|3|0|1
928|Fabius Bile|4|1||The Chirurgeon|Extra Attacks|Melee|Melee|2|2|4|0|1
3690|Falchion|1|1||Heavy bolter|Sustained Hits 1|36|Ranged|3|3|5|-1|2
3690|Falchion|2|1||Heavy flamer|Ignores Cover, Torrent|12|Ranged|D6|-|5|-1|1
3690|Falchion|3|1||Laser destroyer|Heavy|36|Ranged|3|3|14|-4|D6+1
3690|Falchion|4|1||Multi-melta|Melta 2|18|Ranged|2|3|9|-4|D6
3690|Falchion|5|1||Quad lascannon||48|Ranged|4|3|12|-3|D6+1
3690|Falchion|6|1||Storm bolter|Rapid Fire 2|24|Ranged|2|3|4|0|1
3690|Falchion|7|1||Twin Falchion volcano cannon|Blast, Twin-linked|120|Ranged|D3+1|3|24|-5|12
3690|Falchion|8|1||Twin heavy bolter|Sustained Hits 1, Twin-linked|36|Ranged|3|3|5|-1|2
3690|Falchion|9|1||Twin heavy flamer|Ignores Cover, Torrent, Twin-linked|12|Ranged|D6|-|5|-1|1
3690|Falchion|10|1||Armoured tracks||Melee|Melee|6|4|8|0|1
3654|Fellblade|1|1||Combi-weapon|Anti-INFANTRY 3+, Devastating Wounds, Rapid Fire 1|24|Ranged|1|3|4|0|1
3654|Fellblade|2|1||Demolisher cannon|Blast|24|Ranged|D6+3|3|14|-3|D6
3654|Fellblade|3|1||Fellblade accelerator cannon - AP shells||72|Ranged|2|3|14|-3|6
3654|Fellblade|4|2||Fellblade accelerator cannon - HE shells|Blast|72|Ranged|2D6|3|8|-1|2
3654|Fellblade|5|1||Havoc launcher|Blast|48|Ranged|D6|3|5|0|1
3654|Fellblade|6|1||Heavy bolter|Sustained Hits 1|36|Ranged|3|3|5|-1|2
3654|Fellblade|7|1||Heavy flamer|Ignores Cover, Torrent|12|Ranged|D6|-|5|-1|1
3654|Fellblade|8|1||Laser destroyer|Heavy|36|Ranged|3|3|14|-4|D6+1
3654|Fellblade|9|1||Multi-melta|Melta 2|18|Ranged|2|3|9|-4|D6
3654|Fellblade|10|1||Quad heavy bolter|Sustained Hits 1, Twin-linked|36|Ranged|6|3|5|-1|2
3654|Fellblade|11|1||Quad lascannon||48|Ranged|4|3|12|-3|D6+1
3654|Fellblade|12|1||Storm bolter|Rapid Fire 2|24|Ranged|2|3|4|0|1
3654|Fellblade|13|1||Twin heavy bolter|Sustained Hits 1, Twin-linked|36|Ranged|3|3|5|-1|2
3654|Fellblade|14|1||Twin heavy flamer|Ignores Cover, Torrent, Twin-linked|12|Ranged|D6|-|5|-1|1
3654|Fellblade|15|1||Armoured tracks||Melee|Melee|6|4|8|0|1
1604|Fellgor Beastmen|1|1||Autopistol|Pistol|12|Ranged|1|4|3|0|1
1604|Fellgor Beastmen|2|1||Bolt pistol|Pistol|12|Ranged|1|4|4|0|1
1604|Fellgor Beastmen|3|1||Corrupted stave|Devastating Wounds, Psychic|18|Ranged|D3|4|5|-1|1
1604|Fellgor Beastmen|4|1||Plasma pistol - standard|Pistol|12|Ranged|1|4|7|-2|1
1604|Fellgor Beastmen|5|1||Plasma pistol- supercharge|Hazardous, Pistol|12|Ranged|1|4|8|-3|2
1604|Fellgor Beastmen|6|1||Chainsword||Melee|Melee|3|4|4|0|1
1604|Fellgor Beastmen|7|1||Close combat weapon||Melee|Melee|2|4|4|0|1
1604|Fellgor Beastmen|8|2||Corrupted stave|Devastating Wounds, Psychic|Melee|Melee|2|4|4|-1|D3
1604|Fellgor Beastmen|9|1||Great weapon||Melee|Melee|2|5|8|-1|2
3618|Fire Raptor Gunship|1|1||Quad heavy bolter|Twin-linked, Sustained Hits 1|36|Ranged|6|3|5|-1|2
3618|Fire Raptor Gunship|2|1||Twin autocannon|Twin-linked|48|Ranged|2|3|9|-1|3
3618|Fire Raptor Gunship|3|1||Twin avenger bolt cannon|Twin-linked|36|Ranged|10|3|6|-1|2
3618|Fire Raptor Gunship|4|1||Twin hellstrike launcher|Anti-Fly 2+, Twin-linked|72|Ranged|2|3|10|-3|D6
3618|Fire Raptor Gunship|5|1||Twin lascannon|Twin-linked|48|Ranged|1|3|12|-3|D6+1
3618|Fire Raptor Gunship|6|1||Armoured hull||Melee|Melee|6|4|8|0|1
967|Forgefiend|1|1||Ectoplasma cannon|Blast|36|Ranged|D3|3|10|-3|3
967|Forgefiend|2|1||Hades autocannon||36|Ranged|6|3|8|-1|2
967|Forgefiend|3|1||Armoured limbs||Melee|Melee|2|3|6|0|2
967|Forgefiend|4|1||Forgefiend jaws||Melee|Melee|5|3|7|0|2
2592|Gellerpox Mutant|1|1||Belly flamer|Ignores Cover, Torrent|12|Ranged|D6|-|5|0|1
2592|Gellerpox Mutant|2|1||Brutal weapons||Melee|Melee|2|4|4|0|1
2592|Gellerpox Mutant|3|1||Hideous mutations||Melee|Melee|4|4|6|-1|2
1294|Greater Blight Drone|1|1||Bile maw|Lethal Hits|12|Ranged|3|3|5|0|1
1294|Greater Blight Drone|2|1||Blightreaper cannon|Lethal Hits|36|Ranged|6|3|8|-2|2
1294|Greater Blight Drone|3|1||Greater plague probe|Lethal Hits|Melee|Ranged|4|3|6|-1|1
1298|Greater Brass Scorpion|1|1||Demolisher cannon|Blast|24|Ranged|D6+3|3|14|-3|D6
1298|Greater Brass Scorpion|2|1||Hellmaw flame cannons|Ignores Cover, Torrent|12|Ranged|2D6|-|8|-1|1
1298|Greater Brass Scorpion|3|1||Scorpion cannon|Sustained Hits 1|36|Ranged|15|3|5|-1|2
1298|Greater Brass Scorpion|4|1||Hellcrusher claws - strike||Melee|Melee|6|3|14|-3|6
1298|Greater Brass Scorpion|5|2||Hellcrusher claws - sweep||Melee|Melee|18|3|8|-2|2
1556|Haarken Worldclaimer|1|1||Hellspear|Assault, Sustained Hits D3|12|Ranged|1|2|8|-3|3
1556|Haarken Worldclaimer|2|2||Hellspear|Extra Attacks, Lance, Sustained Hits D3|Melee|Melee|1|2|8|-3|3
1556|Haarken Worldclaimer|3|1||Herald's Talon|Precision|Melee|Melee|6|2|5|-2|2
966|Havoc Champion|1|1||Boltgun||24|Ranged|2|3|5|-1|1
966|Havoc Champion|2|1||Flamer|Ignores Cover, Torrent|12|Ranged|D6|-|4|0|1
966|Havoc Champion|3|1||Havoc autocannon||48|Ranged|2|3|9|-1|3
966|Havoc Champion|4|1||Havoc heavy bolter|Sustained Hits 1|36|Ranged|3|3|5|-1|2
966|Havoc Champion|5|1||Havoc lascannon||48|Ranged|1|3|12|-3|D6+1
966|Havoc Champion|6|1||Havoc missile launcher - frag|Blast|48|Ranged|D6|3|4|0|1
966|Havoc Champion|7|2||Havoc missile launcher - krak||48|Ranged|1|3|9|-2|D6
966|Havoc Champion|8|1||Havoc reaper chaincannon||24|Ranged|8|3|5|0|1
966|Havoc Champion|9|1||Meltagun|Melta 2|12|Ranged|1|3|9|-4|D6
966|Havoc Champion|10|1||Plasma gun - standard|Rapid Fire 1|24|Ranged|1|3|7|-2|1
966|Havoc Champion|11|2||Plasma gun - supercharge|Hazardous, Rapid Fire 1|24|Ranged|1|3|8|-3|2
966|Havoc Champion|12|1||Plasma pistol - standard|Pistol|12|Ranged|1|3|7|-2|1
966|Havoc Champion|13|2||Plasma pistol - supercharge|Hazardous, Pistol|12|Ranged|1|3|8|-3|2
966|Havoc Champion|14|1||Accursed weapon||Melee|Melee|4|3|5|-2|1
966|Havoc Champion|15|1||Astartes chainsword||Melee|Melee|4|3|5|-1|1
966|Havoc Champion|16|1||Close combat weapon||Melee|Melee|3|3|5|0|1
966|Havoc Champion|17|1||Power fist||Melee|Melee|3|3|8|-2|2
954|Helbrute|1|1||Combi-bolter|Rapid Fire 2|24|Ranged|2|3|5|-1|1
954|Helbrute|2|1||Heavy flamer|Ignores Cover, Torrent|12|Ranged|D6|-|5|-1|1
954|Helbrute|3|1||Helbrute plasma cannon|Blast, Hazardous|36|Ranged|D3|3|8|-3|3
954|Helbrute|4|1||Missile launcher - frag|Blast|48|Ranged|D6|3|4|0|1
954|Helbrute|5|2||Missile launcher - krak||48|Ranged|1|3|9|-2|D6
954|Helbrute|6|1||Multi-melta|Melta 2|18|Ranged|2|3|9|-4|D6
954|Helbrute|7|1||Twin autocannon|Twin-linked|48|Ranged|2|3|9|-1|3
954|Helbrute|8|1||Twin heavy bolter|Sustained Hits 1, Twin-linked|36|Ranged|3|3|5|-1|2
954|Helbrute|9|1||Twin lascannon|Twin-linked|48|Ranged|1|3|12|-3|D6+1
954|Helbrute|10|1||Close combat weapon||Melee|Melee|5|3|6|0|1
954|Helbrute|11|1||Helbrute fist||Melee|Melee|5|3|12|-2|3
954|Helbrute|12|1||Helbrute hammer||Melee|Melee|5|4|14|-3|D6+1
954|Helbrute|13|1||Power scourge||Melee|Melee|8|3|7|-1|2
961|Heldrake|1|1||Baleflamer|Ignores Cover, Torrent|12|Ranged|D6+3|-|6|-1|2
961|Heldrake|2|1||Hades autocannon||36|Ranged|6|3|8|-1|2
961|Heldrake|3|1||Heldrake claws|Anti-FLY 2+, Devastating Wounds|Melee|Melee|5|3|7|-1|2
1317|Hell Blade|1|1||Armoured hull||Melee|Melee|3|4|6|0|1
1318|Hell Talon|1|1||Autocannon||48|Ranged|2|3|9|-1|3
1318|Hell Talon|2|1||Havoc launcher|Blast|48|Ranged|D6|3|5|0|1
1318|Hell Talon|3|1||Twin lascannon|Twin-linked|48|Ranged|1|3|12|-3|D6+1
1318|Hell Talon|4|1||Armoured hull||Melee|Melee|6|4|6|0|1
937|Heretic Astartes Daemon Prince|1|1||Infernal cannon||24|Ranged|3|2|5|-1|2
937|Heretic Astartes Daemon Prince|2|1||Hellforged weapons - strike||Melee|Melee|6|2|8|-2|3
937|Heretic Astartes Daemon Prince|3|2||Hellforged weapons - sweep||Melee|Melee|14|2|6|0|1
2730|Heretic Astartes Daemon Prince|1|1||Infernal cannon||24|Ranged|3|2|5|-1|2
2730|Heretic Astartes Daemon Prince|2|1||Hellforged weapons - strike||Melee|Melee|6|2|8|-2|3
2730|Heretic Astartes Daemon Prince|3|2||Hellforged weapons - sweep||Melee|Melee|14|2|6|0|1
925|Huron Blackheart|1|1||Tyrant's Claw heavy flamer|Ignores Cover, Pistol, Torrent|12|Ranged|D6+2|-|6|-1|1
925|Huron Blackheart|2|1||Tyrant's Claw and exalted power weapon||Melee|Melee|6|2|8|-3|3
1311|Kharybdis Assault Claw|1|1||Kharybdis storm launcher - frag|Blast|36|Ranged|2D6|3|4|0|1
1311|Kharybdis Assault Claw|2|2||Kharybdis storm launcher - krak||36|Ranged|2|3|9|-2|D6
1311|Kharybdis Assault Claw|3|1||Blade struts||Melee|Melee|12|4|8|-2|1
1311|Kharybdis Assault Claw|4|1||Melta array|Extra Attacks|Melee|Melee|1|4|12|-4|D6+2
3582|Khorne Berzerker Champion|1|1||Bolt pistol|Pistol|12|Ranged|1|3|5|-1|1
3582|Khorne Berzerker Champion|2|1||Plasma pistol - standard|Pistol|12|Ranged|1|3|7|-2|1
3582|Khorne Berzerker Champion|3|2||Plasma pistol - supercharge|Hazardous, Pistol|12|Ranged|1|3|8|-3|2
3582|Khorne Berzerker Champion|4|1||Chainblade||Melee|Melee|4|3|5|-1|1
3582|Khorne Berzerker Champion|5|1||Khornate eviscerator||Melee|Melee|3|3|8|-2|2
970|Khorne Lord of Skulls|1|1||Daemongore cannon|Blast|18|Ranged|D6|3|14|-4|D6+2
970|Khorne Lord of Skulls|2|1||Gorestorm cannon|Blast|24|Ranged|D6+3|3|10|-2|3
970|Khorne Lord of Skulls|3|1||Hades gatling cannon|Sustained Hits 1|48|Ranged|12|3|8|-2|2
970|Khorne Lord of Skulls|4|1||Ichor cannon|Blast|48|Ranged|2D6|3|7|-2|2
970|Khorne Lord of Skulls|5|1||Skullhurler||60|Ranged|2D6|3|14|-3|3
970|Khorne Lord of Skulls|6|1||Great cleaver of Khorne - strike||Melee|Melee|5|3|16|-4|8
970|Khorne Lord of Skulls|7|2||Great cleaver of Khorne - sweep||Melee|Melee|15|3|8|-2|2
3634|Kratos|1|1||Autocannon||48|Ranged|2|3|9|-1|3
3634|Kratos|2|1||Combi-weapon|Anti-INFANTRY 3+, Devastating Wounds, Rapid Fire 1|24|Ranged|1|3|4|0|1
3634|Kratos|3|1||Havoc launcher|Blast|48|Ranged|D6|3|5|0|1
3634|Kratos|4|1||Heavy bolter|Sustained Hits 1|36|Ranged|3|3|5|-1|2
3634|Kratos|5|1||Heavy flamer|Ignores Cover, Torrent|12|Ranged|D6|-|5|-1|1
3634|Kratos|6|1||Hunter-killer missile|One Shot|48|Ranged|1|2|14|-3|D6
3634|Kratos|7|1||Kratos battlecannon - AP|Heavy|36|Ranged|1|3|18|-4|D6+3
3634|Kratos|8|2||Kratos battlecannon - HE|Blast|36|Ranged|D6+3|3|10|-1|3
3634|Kratos|9|1||Lascannon||48|Ranged|1|3|12|-3|D6+1
3634|Kratos|10|1||Melta blast-gun|Melta 2|24|Ranged|4|3|12|-4|D6
3634|Kratos|11|1||Multi-melta|Melta 2|18|Ranged|2|3|9|-4|D6
3634|Kratos|12|1||Twin boltgun|Twin-linked|24|Ranged|2|3|4|0|1
3634|Kratos|13|1||Volkite caliver|Devastating Wounds|24|Ranged|2|3|5|0|2
3634|Kratos|14|1||Volkite cardanelle|Devastating Wounds|36|Ranged|9|3|9|0|3
3634|Kratos|15|1||Volkite culverin|Devastating Wounds|36|Ranged|4|3|6|0|2
3634|Kratos|16|1||Armoured tracks||Melee|Melee|6|4|8|0|1
4205|Kravek Morne|1|1||Baleflamer|Ignores Cover, Torrent|12|Ranged|D6+3|-|6|-1|2
4205|Kravek Morne|2|1||Combi-bolter|Rapid Fire 2|24|Ranged|2|2|5|-1|1
4205|Kravek Morne|3|1||Last Argument and power fist|Devastating Wounds|Melee|Melee|7|2|10|-2|2
4205|Kravek Morne|4|1||Servo-harness|Anti-Vehicle 2+, Extra Attacks|Melee|Melee|3|2|6|-2|2
1297|Kytan Ravager|1|1||Kytan gatling cannon||36|Ranged|18|3|6|-2|2
1297|Kytan Ravager|2|1||Kytan cleaver - strike||Melee|Melee|4|3|14|-4|6
1297|Kytan Ravager|3|2||Kytan cleaver - sweep||Melee|Melee|12|3|9|-3|2
3610|Land Raider Achilles|1|1||Heavy bolter|Sustained Hits 1|36|Ranged|3|3|5|-1|2
3610|Land Raider Achilles|2|1||Hunter-killer missile|One Shot|48|Ranged|1|2|14|-3|D6
3610|Land Raider Achilles|3|1||Multi-melta|Melta 2|18|Ranged|2|3|9|-4|D6
3610|Land Raider Achilles|4|1||Quad launcher - shatter shells||24|Ranged|4|3|9|-2|3
3610|Land Raider Achilles|5|2||Quad launcher - thunderfire shells|Blast, Indirect Fire|60|Ranged|D6+4|3|5|0|1
3610|Land Raider Achilles|6|1||Storm bolter|Rapid Fire 2|24|Ranged|2|3|4|0|1
3610|Land Raider Achilles|7|1||Twin heavy bolter|Sustained Hits 1, Twin-linked|36|Ranged|3|3|5|-1|2
3610|Land Raider Achilles|8|1||Twin heavy flamer|Ignores Cover, Torrent, Twin-linked|12|Ranged|D6|-|5|-1|1
3610|Land Raider Achilles|9|1||Twin multi-melta|Melta 2, Twin-linked|18|Ranged|2|3|9|-4|D6
3610|Land Raider Achilles|10|1||Twin volkite culverin|Devastating Wounds, Twin-linked|36|Ranged|4|3|6|0|2
3610|Land Raider Achilles|11|1||Armoured tracks||Melee|Melee|6|4|8|0|1
3614|Land Raider Proteus|1|1||Heavy bolter|Sustained Hits 1|36|Ranged|3|3|5|-1|2
3614|Land Raider Proteus|2|1||Hunter-killer missile|One Shot|48|Ranged|1|2|14|-3|D6
3614|Land Raider Proteus|3|1||Multi-melta|Melta 2|18|Ranged|2|3|9|-4|D6
3614|Land Raider Proteus|4|1||Storm bolter|Rapid Fire 2|24|Ranged|2|3|4|0|1
3614|Land Raider Proteus|5|1||Twin heavy bolter|Sustained Hits 1, Twin-linked|36|Ranged|3|3|5|-1|2
3614|Land Raider Proteus|6|1||Twin heavy flamer|Ignores Cover, Torrent, Twin-linked|12|Ranged|D6|-|5|-1|1
3614|Land Raider Proteus|7|1||Twin lascannon|Twin-linked|48|Ranged|1|3|12|-3|D6+1
3614|Land Raider Proteus|8|1||Armoured tracks||Melee|Melee|6|4|8|0|1
3876|Aspiring Champion|1|1||Balefire tome|Psychic|18|Ranged|2|3|5|-1|1
3876|Aspiring Champion|2|1||Bolt pistol|Pistol|12|Ranged|1|3|5|-1|1
3876|Aspiring Champion|3|1||Boltgun||24|Ranged|2|3|5|-1|1
3876|Aspiring Champion|4|1||Flamer|Ignores Cover, Torrent|12|Ranged|D6|-|4|0|1
3876|Aspiring Champion|5|1||Havoc autocannon||48|Ranged|2|4|9|-1|3
3876|Aspiring Champion|6|1||Heavy bolter|Heavy, Sustained Hits 1|36|Ranged|3|4|5|-1|2
3876|Aspiring Champion|7|1||Lascannon|Heavy|48|Ranged|1|4|12|-3|D6+1
3876|Aspiring Champion|8|1||Meltagun|Melta 2|12|Ranged|1|3|9|-4|D6
3876|Aspiring Champion|9|1||Missile launcher - frag|Blast, Heavy|48|Ranged|D6|4|4|0|1
3876|Aspiring Champion|10|2||Missile launcher - krak|Heavy|48|Ranged|1|4|9|-2|D6
3876|Aspiring Champion|11|1||Plasma gun - standard|Rapid Fire 1|24|Ranged|1|3|7|-2|1
3876|Aspiring Champion|12|2||Plasma gun - supercharge|Hazardous, Rapid Fire 1|24|Ranged|1|3|8|-3|2
3876|Aspiring Champion|13|1||Plasma pistol - standard|Pistol|12|Ranged|1|3|7|-2|1
3876|Aspiring Champion|14|2||Plasma pistol - supercharge|Hazardous, Pistol|12|Ranged|1|3|8|-3|2
3876|Aspiring Champion|15|1||Reaper chaincannon|Heavy|24|Ranged|8|4|5|0|1
3876|Aspiring Champion|16|1||Accursed weapon||Melee|Melee|4|3|5|-2|1
3876|Aspiring Champion|17|1||Astartes chainsword||Melee|Melee|4|3|5|-1|1
3876|Aspiring Champion|18|1||Close combat weapon||Melee|Melee|3|3|5|0|1
3876|Aspiring Champion|19|1||Heavy melee weapon||Melee|Melee|3|3|8|-2|2
3650|Leviathan Dreadnought|1|1||Cyclonic melta-lance|Melta 2|18|Ranged|D6|3|9|-4|D6
3650|Leviathan Dreadnought|2|1||Grav-flux bombard|Anti-Vehicle 2+, Blast|24|Ranged|2D3|3|8|-1|2
3650|Leviathan Dreadnought|3|1||Heavy flamer|Ignores Cover, Torrent|12|Ranged|D6|-|5|-1|1
3650|Leviathan Dreadnought|4|1||Hunter-killer missile|One Shot|48|Ranged|1|2|14|-3|D6
3650|Leviathan Dreadnought|5|1||Meltagun|Melta 2|12|Ranged|1|3|9|-4|D6
3650|Leviathan Dreadnought|6|1||Storm cannon|Twin-linked|36|Ranged|4|3|9|-1|3
3650|Leviathan Dreadnought|7|1||Twin volkite caliver|Devastating Wounds, Twin-linked|24|Ranged|2|3|5|0|2
3650|Leviathan Dreadnought|8|1||Armoured feet||Melee|Melee|6|3|6|0|1
3650|Leviathan Dreadnought|9|1||Leviathan siege claw||Melee|Melee|5|3|12|-2|3
3650|Leviathan Dreadnought|10|1||Leviathan siege drill|Anti-VEHICLE 3+|Melee|Melee|4|3|12|-2|3
1583|Lord Discordant on Helstalker|1|1||Baleflamer|Ignores Cover, Torrent|12|Ranged|D6+3|-|6|-1|2
1583|Lord Discordant on Helstalker|2|1||Bolt pistol|Pistol|12|Ranged|1|2|5|-1|1
1583|Lord Discordant on Helstalker|3|1||Helstalker autocannon||48|Ranged|3|2|9|-1|3
1583|Lord Discordant on Helstalker|4|1||Magma cutter|Melta 2|6|Ranged|2|3|9|-4|D6
1583|Lord Discordant on Helstalker|5|1||Bladed limbs|Extra Attacks|Melee|Melee|4|3|6|-1|2
1583|Lord Discordant on Helstalker|6|1||Impaler chainglaive|Lance|Melee|Melee|5|2|8|-3|3
1583|Lord Discordant on Helstalker|7|1||Techno-virus injector|Anti-VEHICLE 2+, Extra Attacks|Melee|Melee|1|3|3|-3|2
1584|Master of Executions|1|1||Bolt pistol|Pistol|12|Ranged|1|3|5|-1|1
1584|Master of Executions|2|1||Axe of dismemberment|Devastating Wounds, Precision|Melee|Melee|5|2|7|-2|2
1581|Master of Possession|1|1||Bolt pistol|Pistol|12|Ranged|1|3|5|-1|1
1581|Master of Possession|2|1||Rite of Possession - focused witchfire|Anti-PSYKER 2+, Hazardous, Pistol, Precision, Psychic|18|Ranged|2|3|6|-3|3
1581|Master of Possession|3|2||Rite of Possession - witchfire|Anti-PSYKER 2+, Pistol, Precision, Psychic|18|Ranged|2|3|4|-3|2
1581|Master of Possession|4|1||Staff of possession|Anti-PSYKER 2+, Psychic|Melee|Melee|4|3|6|-1|D3
217319|Garreon the Corpsemaster|1|1||Absolver bolt pistol|Pistol|18|Ranged|1|3|5|-1|2
217319|Garreon the Corpsemaster|2|1||Bolt pistol|Pistol|12|Ranged|1|3|4|-1|1
217319|Garreon the Corpsemaster|3|1||Laspistol|Pistol|12|Ranged|1|3|4|-1|1
217319|Garreon the Corpsemaster|4|1||Londaxi maimer|Assault|18|Ranged|3|3|4|-1|1
217319|Garreon the Corpsemaster|5|1||Mind Wrench|Precision, Psychic|12|Ranged|1|2|6|-2|D6+1
217319|Garreon the Corpsemaster|6|1||Axe of Ending|Anti-CHARACTER 2+, Precision|Melee|Melee|6|2|6|-2|2
217319|Garreon the Corpsemaster|7|1||Bionic gauntlet||Melee|Melee|1|2|6|-2|2
217319|Garreon the Corpsemaster|8|1||Force stave|Psychic|Melee|Melee|4|2|6|-2|2
217319|Garreon the Corpsemaster|9|1||Power sabre||Melee|Melee|4|3|4|-2|1
217319|Garreon the Corpsemaster|10|1||Reductor array||Melee|Melee|6|3|4|-2|1
3646|Mastodon|1|1||Heavy bolter|Sustained Hits 1|36|Ranged|3|3|5|-1|2
3646|Mastodon|2|1||Heavy flamer|Ignores Cover, Torrent|12|Ranged|D6|-|5|-1|1
3646|Mastodon|3|1||Lascannon||48|Ranged|1|3|12|-3|D6+1
3646|Mastodon|4|1||Siege melta array|Melta 2|24|Ranged|6|3|9|-4|D6
3646|Mastodon|5|1||Skyreaper battery|Anti-FLY 4+|48|Ranged|8|3|7|-1|2
3646|Mastodon|6|1||Volkite culverin|Devastating Wounds|36|Ranged|4|3|6|0|2
3646|Mastodon|7|1||Armoured tracks||Melee|Melee|6|4|8|0|1
968|Maulerfiend|1|1||Magma cutter|Melta 2|6|Ranged|2|3|9|-4|D6
968|Maulerfiend|2|1||Lasher tendrils|Extra Attacks|Melee|Melee|6|3|7|-1|1
968|Maulerfiend|3|1||Maulerfiend fists||Melee|Melee|6|3|14|-2|D6+1
4206|Mutilator|1|1||Fleshmetal weapons - clawed sweeps||Melee|Melee|6|3|6|-2|1
4206|Mutilator|2|2||Fleshmetal weapons - rending strikes||Melee|Melee|4|3|9|-3|3
4206|Mutilator|3|3||Fleshmetal weapons - thunderous blows||Melee|Melee|2|3|12|-4|D6+2
2591|Mutoid Vermin|1|1||Diseased claws and fangs|Lethal Hits|Melee|Melee|2|4|2|0|1
1601|Negavolt Cultists|1|1||Electro-goads|Sustained Hits 2|Melee|Melee|3|3|4|0|1
969742|Nemesis Claw|1|1||Bolt pistol|Pistol|12|Ranged|1|3|5|-1|1
969742|Nemesis Claw|2|1||Boltgun||24|Ranged|2|3|5|-1|1
969742|Nemesis Claw|3|1||Flamer|Ignores Cover, Torrent|12|Ranged|D6|-|4|0|1
969742|Nemesis Claw|4|1||Heavy bolter|Heavy, Sustained Hits 1|36|Ranged|3|4|5|-1|2
969742|Nemesis Claw|5|1||Meltagun|Melta 2|12|Ranged|1|3|9|-4|D6
969742|Nemesis Claw|6|1||Missile launcher - frag|Blast, Heavy|48|Ranged|D6|4|4|0|1
969742|Nemesis Claw|7|2||Missile launcher - krak|Heavy|48|Ranged|1|4|9|-2|D6
969742|Nemesis Claw|8|1||Plasma gun - standard|Rapid Fire 1|24|Ranged|1|3|7|-2|1
969742|Nemesis Claw|9|2||Plasma gun - supercharge|Hazardous, Rapid Fire 1|24|Ranged|1|3|8|-3|2
969742|Nemesis Claw|10|1||Plasma pistol - standard|Pistol|12|Ranged|1|3|7|-2|1
969742|Nemesis Claw|11|2||Plasma pistol - supercharge|Hazardous, Pistol|12|Ranged|1|3|8|-3|2
969742|Nemesis Claw|12|1||Accursed weapon||Melee|Melee|4|3|5|-2|1
969742|Nemesis Claw|13|1||Astartes chainsword||Melee|Melee|4|3|5|-1|1
969742|Nemesis Claw|14|1||Close combat weapon||Melee|Melee|3|3|4|0|1
969742|Nemesis Claw|15|1||Nostraman chainblade|Sustained Hits 1|Melee|Melee|5|3|5|-1|1
969742|Nemesis Claw|16|1||Nostraman chainglaive|Sustained Hits 1|Melee|Melee|4|3|8|-2|1
969742|Nemesis Claw|17|1||Paired accursed weapons|Twin-linked|Melee|Melee|5|3|5|-2|1
969742|Nemesis Claw|18|1||Power fist||Melee|Melee|3|3|8|-2|2
1587|Noctilith Crown|1|1||Lashing warp energies||6|Ranged|8|4|8|-1|2
4099|Disharmonist|1|1||Blastmaster - single frequency|Ignores Cover|18|Ranged|3|3|10|-2|3
4099|Disharmonist|2|2||Blastmaster - varied frequency|Ignores Cover|18|Ranged|6|3|6|-2|1
4099|Disharmonist|3|1||Screamer pistol|Ignores Cover, Pistol|12|Ranged|3|3|5|-1|2
4099|Disharmonist|4|1||Sonic blaster|Ignores Cover|18|Ranged|3|3|5|-1|2
4099|Disharmonist|5|1||Close combat weapon||Melee|Melee|3|3|5|0|1
4099|Disharmonist|6|1||Power sword||Melee|Melee|4|3|5|-2|1
965|Obliterators|1|1||Fleshmetal guns - focused malice|Melta 2|18|Ranged|D3|3|12|-3|4
965|Obliterators|2|2||Fleshmetal guns - ruinous salvo|Blast|24|Ranged|D6|3|8|-2|2
965|Obliterators|3|3||Fleshmetal guns - warp hail|Sustained Hits 1|24|Ranged|D6+3|3|5|-1|1
965|Obliterators|4|1||Crushing fists||Melee|Melee|4|3|9|-2|2
3584|Plague Marine|1|1||Blight launcher|Blast, Lethal Hits|24|Ranged|D3|3|6|-1|2
3584|Plague Marine|2|1||Bolt pistol|Lethal Hits|12|Ranged|1|3|5|-1|1
3584|Plague Marine|3|1||Boltgun|Lethal Hits|24|Ranged|2|3|5|-1|1
3584|Plague Marine|4|1||Meltagun|Melta 2|12|Ranged|1|3|9|-4|D6
3584|Plague Marine|5|1||Plague belcher|Anti-INFANTRY 4+, Ignores Cover, Torrent|12|Ranged|D6|-|4|0|1
3584|Plague Marine|6|1||Plague spewer|Anti-INFANTRY 2+, Ignores Cover, Torrent|12|Ranged|D6|-|5|-1|1
3584|Plague Marine|7|1||Plasma gun - standard|Rapid Fire 1|24|Ranged|1|3|7|-2|1
3584|Plague Marine|8|2||Plasma gun - supercharge|Hazardous, Rapid Fire 1|24|Ranged|1|3|8|-3|2
3584|Plague Marine|9|1||Plasma pistol - standard|Pistol|12|Ranged|1|3|7|-2|1
3584|Plague Marine|10|2||Plasma pistol - supercharge|Hazardous, Pistol|12|Ranged|1|3|8|-3|2
3584|Plague Marine|11|1||Bubotic weapons|Lethal Hits|Melee|Melee|4|3|5|-2|1
3584|Plague Marine|12|1||Heavy plague weapon|Lethal Hits|Melee|Melee|3|4|8|-2|2
3584|Plague Marine|13|1||Plague knives|Lethal Hits|Melee|Melee|3|3|5|-1|1
3584|Plague Marine|14|1||Power fist|Lethal Hits|Melee|Melee|3|3|8|-2|2
953|Possessed|1|1||Hideous mutations||Melee|Melee|4|3|6|-1|2
3670|Rapier Carrier|1|1||Boltgun||24|Ranged|2|3|4|0|1
3670|Rapier Carrier|2|1||Graviton cannon|Anti-Vehicle 2+, Blast, Heavy|36|Ranged|D6|3|6|-2|2
3670|Rapier Carrier|3|1||Laser destroyer|Heavy|36|Ranged|3|3|14|-4|D6+1
3670|Rapier Carrier|4|1||Quad heavy bolter|Heavy, Twin-linked, Sustained Hits 1|36|Ranged|6|3|5|-1|2
3670|Rapier Carrier|5|1||Quad launcher - shatter shells|Heavy|24|Ranged|4|3|9|-2|3
3670|Rapier Carrier|6|2||Quad launcher - thunderfire shells|Blast, Heavy, Indirect Fire|60|Ranged|D6+4|3|5|0|1
3670|Rapier Carrier|7|1||Close combat weapon||Melee|Melee|2|3|4|0|1
958|Raptors|1|1||Bolt pistol|Pistol|12|Ranged|1|3|5|-1|1
958|Raptors|2|1||Flamer|Ignores Cover, Torrent|12|Ranged|D6|-|4|0|1
958|Raptors|3|1||Meltagun|Melta 2|12|Ranged|1|3|9|-4|D6
958|Raptors|4|1||Plasma gun - standard|Rapid Fire 1|24|Ranged|1|3|7|-2|1
958|Raptors|5|2||Plasma gun - supercharge|Hazardous, Rapid Fire 1|24|Ranged|1|3|8|-3|2
958|Raptors|6|1||Plasma pistol - standard|Pistol|12|Ranged|1|3|7|-2|1
958|Raptors|7|2||Plasma pistol - supercharge|Hazardous, Pistol|12|Ranged|1|3|8|-3|2
958|Raptors|8|1||Accursed weapon||Melee|Melee|4|3|5|-2|1
958|Raptors|9|1||Astartes chainsword||Melee|Melee|4|3|5|-1|1
958|Raptors|10|1||Close combat weapon||Melee|Melee|3|3|5|0|1
958|Raptors|11|1||Heavy melee weapon||Melee|Melee|3|3|8|-2|2
958|Raptors|12|1||Mutations||Melee|Melee|4|3|5|-2|1
4191|Red Corsairs Raider Champion|1|1||Bolt pistol|Pistol|12|Ranged|1|3|5|-1|1
4191|Red Corsairs Raider Champion|2|1||Boltgun||24|Ranged|2|3|5|-1|1
4191|Red Corsairs Raider Champion|3|1||Hand flamer|Ignores Cover, Pistol, Torrent|12|Ranged|D6|-|3|0|1
4191|Red Corsairs Raider Champion|4|1||Meltagun|Melta 2|12|Ranged|1|3|9|-4|D6
4191|Red Corsairs Raider Champion|5|1||Power fist||Melee|Melee|3|3|8|-2|2
4191|Red Corsairs Raider Champion|6|1||Reaver's blade||Melee|Melee|4|3|5|-1|1
4192|Red Corsairs Reave-Captain|1|1||Bolt pistol|Pistol|12|Ranged|1|2|5|-1|1
4192|Red Corsairs Reave-Captain|2|1||Plasma pistol - standard|Pistol|12|Ranged|1|2|7|-2|1
4192|Red Corsairs Reave-Captain|3|2||Plasma pistol - supercharge|Hazardous, Pistol|12|Ranged|1|2|8|-3|2
4192|Red Corsairs Reave-Captain|4|1||Power maul||Melee|Melee|5|2|5|-2|2
4192|Red Corsairs Reave-Captain|5|1||Power sword|Sustained Hits 1|Melee|Melee|7|2|5|-2|1
3658|Relic Contemptor Dreadnought|1|1||Combi-bolter|Rapid Fire 2|24|Ranged|2|3|4|0|1
3658|Relic Contemptor Dreadnought|2|1||Conversion beam cannon|Conversion, Sustained Hits D3|24|Ranged|1|3|7|-1|3
3658|Relic Contemptor Dreadnought|3|1||Cyclone missile launcher - frag|Blast|36|Ranged|2D6|3|4|0|1
3658|Relic Contemptor Dreadnought|4|2||Cyclone missile launcher - krak||36|Ranged|2|3|9|-2|D6
3658|Relic Contemptor Dreadnought|5|1||Graviton blaster|Anti-Vehicle 2+|18|Ranged|2|3|5|-1|1
3658|Relic Contemptor Dreadnought|6|1||Heavy flamer|Ignores Cover, Torrent|12|Ranged|D6|-|5|-1|1
3658|Relic Contemptor Dreadnought|7|1||Heavy plasma cannon - standard|Blast|36|Ranged|D3|3|7|-2|2
3658|Relic Contemptor Dreadnought|8|2||Heavy plasma cannon - supercharge|Blast, Hazardous|36|Ranged|D3|3|8|-3|3
3658|Relic Contemptor Dreadnought|9|1||Kheres assault cannon|Devastating Wounds|24|Ranged|6|3|7|-1|1
3658|Relic Contemptor Dreadnought|10|1||Multi-melta|Melta 2|18|Ranged|2|3|9|-4|D6
3658|Relic Contemptor Dreadnought|11|1||Plasma blaster - standard||18|Ranged|2|3|7|-2|1
3658|Relic Contemptor Dreadnought|12|2||Plasma blaster - supercharge|Hazardous|18|Ranged|2|3|8|-3|2
3658|Relic Contemptor Dreadnought|13|1||Twin autocannon|Twin-linked|48|Ranged|2|3|9|-1|3
3658|Relic Contemptor Dreadnought|14|1||Twin heavy bolter|Sustained Hits 1, Twin-linked|36|Ranged|3|3|5|-1|2
3658|Relic Contemptor Dreadnought|15|1||Twin lascannon|Twin-linked|48|Ranged|1|3|12|-3|D6+1
3658|Relic Contemptor Dreadnought|16|1||Twin volkite culverin|Devastating Wounds, Twin-linked|36|Ranged|4|3|6|0|2
3658|Relic Contemptor Dreadnought|17|1||Armoured feet||Melee|Melee|6|3|6|0|1
3658|Relic Contemptor Dreadnought|18|1||Dreadnought chainfist|Anti-VEHICLE 3+|Melee|Melee|4|3|12|-2|3
3658|Relic Contemptor Dreadnought|19|1||Dreadnought combat weapon||Melee|Melee|5|3|12|-2|3
2731|Renegade Enforcer|1|1||Autogun|Rapid Fire 1|24|Ranged|1|3|3|0|1
2731|Renegade Enforcer|2|1||Enforcer pistol|Pistol|12|Ranged|1|3|4|0|1
2731|Renegade Enforcer|3|1||Lasgun|Rapid Fire 1|24|Ranged|1|3|3|0|1
2731|Renegade Enforcer|4|1||Shotgun|Assault|18|Ranged|2|3|4|0|1
2731|Renegade Enforcer|5|1||Enforcer melee weapon||Melee|Melee|4|3|4|0|1
2731|Renegade Enforcer|6|1||Power fist||Melee|Melee|3|3|6|-2|2
2731|Renegade Enforcer|7|1||Power weapon||Melee|Melee|3|3|4|-2|1
2732|Renegade Heavy Weapons Squad|1|1||Autocannon|Heavy|48|Ranged|2|5|9|-1|3
2732|Renegade Heavy Weapons Squad|2|1||Heavy bolter|Heavy, Sustained Hits 1|36|Ranged|3|5|5|-1|2
2732|Renegade Heavy Weapons Squad|3|1||Heavy stubber|Heavy, Rapid Fire 3|36|Ranged|4|5|4|0|1
2732|Renegade Heavy Weapons Squad|4|1||Lascannon|Heavy|48|Ranged|1|5|12|-3|D6+1
2732|Renegade Heavy Weapons Squad|5|1||Missile launcher - frag|Blast, Heavy|48|Ranged|D6|5|4|0|1
2732|Renegade Heavy Weapons Squad|6|2||Missile launcher - krak|Blast|48|Ranged|1|5|9|-2|D6
2732|Renegade Heavy Weapons Squad|7|1||Mortar|Blast, Heavy, Indirect Fire|48|Ranged|D6|5|5|0|1
2732|Renegade Heavy Weapons Squad|8|1||Renegade firearm|Rapid Fire 1|24|Ranged|1|4|3|0|1
2732|Renegade Heavy Weapons Squad|9|1||Close combat weapons||Melee|Melee|2|4|3|0|1
2733|Ogryn Pack Master|1|1||Befouled fangs and claws||Melee|Melee|2|3|5|0|1
2733|Ogryn Pack Master|2|1||Mauler goad and ripper claw||Melee|Melee|4|3|6|-1|2
2734|Renegade Ogryn Brutes|1|1||Ogryn power drill||Melee|Melee|3|3|10|-2|2
2734|Renegade Ogryn Brutes|2|1||Ogryn weapon||Melee|Melee|3|3|6|-1|2
2735|Renegade Plague Ogryns|1|1||Ogryn plague claws|Lethal Hits|Melee|Melee|3|3|6|-1|2
1600|Rogue Psyker|1|1||Laspistol|Pistol|12|Ranged|1|4|3|0|1
1600|Rogue Psyker|2|1||Psychic Strike - focused witchfire|Blast, Devastating Wounds, Hazardous, Psychic|12|Ranged|D6+3|3|6|-2|2
1600|Rogue Psyker|3|2||Psychic Strike - witchfire|Blast, Devastating Wounds, Psychic|12|Ranged|D6|3|6|-2|1
1600|Rogue Psyker|4|1||Chaos stave|Psychic|Melee|Melee|1|4|6|-1|D3
3583|Rubric Marine|1|1||Inferno bolt pistol|Pistol|12|Ranged|1|3|5|-2|1
3583|Rubric Marine|2|1||Inferno boltgun||24|Ranged|2|3|5|-2|1
3583|Rubric Marine|3|1||Malefic Curse|Anti-INFANTRY 4+, Devastating Wounds, Psychic|24|Ranged|3|3|4|-3|1
3583|Rubric Marine|4|1||Soulreaper cannon|Devastating Wounds|24|Ranged|6|3|6|-2|1
3583|Rubric Marine|5|1||Warpflame pistol|Ignores Cover, Pistol, Torrent|12|Ranged|D6|-|3|-1|1
3583|Rubric Marine|6|1||Warpflamer|Ignores Cover, Torrent|12|Ranged|D6|-|4|-1|1
3583|Rubric Marine|7|1||Close combat weapon||Melee|Melee|2|3|5|0|1
3583|Rubric Marine|8|1||Force weapon|Psychic|Melee|Melee|3|3|6|-1|D3
3642|Sicaran Battle Tank|1|1||Heavy bolter|Sustained Hits 1|36|Ranged|3|3|5|-1|2
3642|Sicaran Battle Tank|2|1||Herakles-pattern autocannon|Rapid Fire 2|48|Ranged|6|3|9|-1|3
3642|Sicaran Battle Tank|3|1||Hunter-killer missile|One Shot|48|Ranged|1|2|14|-3|D6
3642|Sicaran Battle Tank|4|1||Lascannon||48|Ranged|1|3|12|-3|D6+1
3642|Sicaran Battle Tank|5|1||Storm bolter|Rapid Fire 2|24|Ranged|2|3|4|0|1
3642|Sicaran Battle Tank|6|1||Armoured tracks||Melee|Melee|6|4|8|0|1
3686|Sicaran Punisher|1|1||Heavy bolter|Sustained Hits 1|36|Ranged|3|3|5|-1|2
3686|Sicaran Punisher|2|1||Hunter-killer missile|One Shot|48|Ranged|1|2|14|-3|D6
3686|Sicaran Punisher|3|1||Lascannon||48|Ranged|1|3|12|-3|D6+1
3686|Sicaran Punisher|4|1||Punisher rotary cannon|Devastating Wounds|36|Ranged|18|4|6|0|1
3686|Sicaran Punisher|5|1||Storm bolter|Rapid Fire 2|24|Ranged|2|3|4|0|1
3686|Sicaran Punisher|6|1||Armoured tracks||Melee|Melee|6|4|8|0|1
3678|Sicaran Venator|1|1||Heavy bolter|Sustained Hits 1|36|Ranged|3|3|5|-1|2
3678|Sicaran Venator|2|1||Hunter-killer missile|One Shot|48|Ranged|1|2|14|-3|D6
3678|Sicaran Venator|3|1||Lascannon||48|Ranged|1|3|12|-3|D6+1
3678|Sicaran Venator|4|1||Storm bolter|Rapid Fire 2|24|Ranged|2|3|4|0|1
3678|Sicaran Venator|5|1||Venator neutron laser|Heavy|48|Ranged|3|3|16|-4|D3+3
3678|Sicaran Venator|6|1||Armoured tracks||Melee|Melee|6|4|8|0|1
3638|Sokar-pattern Stormbird|1|1||Hellstrike missile battery|Anti-Fly 3+|48|Ranged|4|3|10|-3|D6
3638|Sokar-pattern Stormbird|2|1||Twin heavy bolter|Sustained Hits 1, Twin-linked|36|Ranged|3|3|5|-1|2
3638|Sokar-pattern Stormbird|3|1||Twin lascannon|Twin-linked|48|Ranged|1|3|12|-3|D6+1
3638|Sokar-pattern Stormbird|4|1||Armoured hull||Melee|Melee|9|4|9|0|1
938|Sorcerer|1|1||Bolt pistol|Pistol|12|Ranged|1|3|5|-1|1
938|Sorcerer|2|1||Infernal Gaze - focused witchfire|Devastating Wounds, Hazardous, Psychic|24|Ranged|D6|3|6|-2|D3
938|Sorcerer|3|2||Infernal Gaze - witchfire|Psychic|24|Ranged|D6|3|5|-1|D3
938|Sorcerer|4|1||Force weapon|Psychic|Melee|Melee|4|3|6|-1|D3
939|Sorcerer in Terminator Armour|1|1||Combi-bolter|Rapid Fire 2|24|Ranged|2|3|5|-1|1
939|Sorcerer in Terminator Armour|2|1||Combi-weapon|Anti-INFANTRY 4+, Devastating Wounds, Rapid Fire 1|24|Ranged|1|4|5|-1|1
939|Sorcerer in Terminator Armour|3|1||Infernal Gaze - focused witchfire|Devastating Wounds, Hazardous, Psychic|24|Ranged|D6|3|6|-2|D3
939|Sorcerer in Terminator Armour|4|2||Infernal Gaze - witchfire|Psychic|24|Ranged|D6|3|5|-1|D3
939|Sorcerer in Terminator Armour|5|1||Force weapon|Psychic|Melee|Melee|4|3|6|-1|D3
940|Sorcerer on Bike|1|1||Bolt pistol|Pistol|12|Ranged|1|2|4|0|1
940|Sorcerer on Bike|2|1||Combi-bolter|Rapid Fire 2|24|Ranged|2|2|4|0|1
940|Sorcerer on Bike|3|1||Combi-weapon|Anti-INFANTRY 4+, Devastating Wounds, Rapid Fire 1|24|Ranged|1|2|4|0|1
940|Sorcerer on Bike|4|1||Infernal Gaze - focused witchfire|Devastating Wounds, Hazardous, Psychic|24|Ranged|D6|3|6|-2|D3
940|Sorcerer on Bike|5|2||Infernal Gaze - witchfire|Psychic|24|Ranged|D6|3|5|-1|D3
940|Sorcerer on Bike|6|1||Plasma pistol - standard|Pistol|12|Ranged|1|2|7|-2|1
940|Sorcerer on Bike|7|2||Plasma pistol - supercharge|Hazardous, Pistol|12|Ranged|1|2|8|-3|2
940|Sorcerer on Bike|8|1||Accursed weapon||Melee|Melee|6|2|5|-2|1
940|Sorcerer on Bike|9|1||Astartes chainsword||Melee|Melee|5|3|4|-1|1
940|Sorcerer on Bike|10|1||Force weapon|Psychic|Melee|Melee|4|3|6|-1|D3
940|Sorcerer on Bike|11|1||Power fist||Melee|Melee|5|2|8|-2|2
941|Sorcerer on Disc of Tzeentch|1|1||Bolt pistol|Pistol|12|Ranged|1|2|4|0|1
941|Sorcerer on Disc of Tzeentch|2|1||Combi-bolter|Rapid Fire 2|24|Ranged|2|2|4|0|1
941|Sorcerer on Disc of Tzeentch|3|1||Combi-weapon|Anti-INFANTRY 4+, Devastating Wounds, Rapid Fire 1|24|Ranged|1|2|4|0|1
941|Sorcerer on Disc of Tzeentch|4|1||Infernal Gaze - focused witchfire|Devastating Wounds, Hazardous, Psychic|24|Ranged|D6|3|6|-2|D3
941|Sorcerer on Disc of Tzeentch|5|2||Infernal Gaze - witchfire|Psychic|24|Ranged|D6|3|5|-1|D3
941|Sorcerer on Disc of Tzeentch|6|1||Plasma pistol - standard|Pistol|12|Ranged|1|2|7|-2|1
941|Sorcerer on Disc of Tzeentch|7|2||Plasma pistol - supercharge|Hazardous, Pistol|12|Ranged|1|2|8|-3|2
941|Sorcerer on Disc of Tzeentch|8|1||Accursed weapon||Melee|Melee|6|2|5|-2|1
941|Sorcerer on Disc of Tzeentch|9|1||Astartes chainsword||Melee|Melee|5|3|4|-1|1
941|Sorcerer on Disc of Tzeentch|10|1||Force weapon|Psychic|Melee|Melee|4|3|6|-1|D3
941|Sorcerer on Disc of Tzeentch|11|1||Power fist||Melee|Melee|5|2|8|-2|2
942|Sorcerer on Palanquin of Nurgle|1|1||Bolt pistol|Pistol|12|Ranged|1|2|4|0|1
942|Sorcerer on Palanquin of Nurgle|2|1||Combi-bolter|Rapid Fire 2|24|Ranged|2|2|4|0|1
942|Sorcerer on Palanquin of Nurgle|3|1||Combi-weapon|Anti-INFANTRY 4+, Devastating Wounds, Rapid Fire 1|24|Ranged|1|4|4|0|1
942|Sorcerer on Palanquin of Nurgle|4|1||Infernal Gaze - focused witchfire|Devastating Wounds, Hazardous, Psychic|24|Ranged|D6|3|6|-2|D3
942|Sorcerer on Palanquin of Nurgle|5|2||Infernal Gaze - witchfire|Psychic|24|Ranged|D6|3|5|-1|D3
942|Sorcerer on Palanquin of Nurgle|6|1||Plasma pistol - standard|Pistol|12|Ranged|1|2|7|-2|1
942|Sorcerer on Palanquin of Nurgle|7|2||Plasma pistol - supercharge|Hazardous, Pistol|12|Ranged|1|2|8|-3|2
942|Sorcerer on Palanquin of Nurgle|8|1||Accursed weapon||Melee|Melee|6|2|5|-2|1
942|Sorcerer on Palanquin of Nurgle|9|1||Astartes chainsword||Melee|Melee|5|3|4|-1|1
942|Sorcerer on Palanquin of Nurgle|10|1||Force weapon|Psychic|Melee|Melee|4|3|6|-1|D3
942|Sorcerer on Palanquin of Nurgle|11|1||Nurgling's claws and teeth|Extra Attacks, Lethal Hits|Melee|Melee|4|5|2|0|1
942|Sorcerer on Palanquin of Nurgle|12|1||Power fist||Melee|Melee|5|2|8|-2|2
943|Sorcerer on Steed of Slaanesh|1|1||Bolt pistol|Pistol|12|Ranged|1|2|4|0|1
943|Sorcerer on Steed of Slaanesh|2|1||Combi-bolter|Rapid Fire 2|24|Ranged|2|2|4|0|1
943|Sorcerer on Steed of Slaanesh|3|1||Combi-weapon|Anti-INFANTRY 4+, Devastating Wounds, Rapid Fire 1|24|Ranged|1|2|4|0|1
943|Sorcerer on Steed of Slaanesh|4|1||Infernal Gaze - focused witchfire|Devastating Wounds, Hazardous, Psychic|24|Ranged|D6|3|6|-2|D3
943|Sorcerer on Steed of Slaanesh|5|2||Infernal Gaze - witchfire|Psychic|24|Ranged|D6|3|5|-1|D3
943|Sorcerer on Steed of Slaanesh|6|1||Plasma pistol - standard|Pistol|12|Ranged|1|2|7|-2|1
943|Sorcerer on Steed of Slaanesh|7|2||Plasma pistol - supercharge|Hazardous, Pistol|12|Ranged|1|2|8|-3|2
943|Sorcerer on Steed of Slaanesh|8|1||Accursed weapon||Melee|Melee|6|2|5|-2|1
943|Sorcerer on Steed of Slaanesh|9|1||Astartes chainsword||Melee|Melee|5|3|4|-1|1
943|Sorcerer on Steed of Slaanesh|10|1||Force weapon|Psychic|Melee|Melee|4|3|6|-1|D3
943|Sorcerer on Steed of Slaanesh|11|1||Lashing tongue|Extra Attacks, Lethal Hits|Melee|Melee|3|4|4|0|1
943|Sorcerer on Steed of Slaanesh|12|1||Power fist||Melee|Melee|5|2|8|-2|2
3622|Spartan|1|1||Heavy bolter|Sustained Hits 1|36|Ranged|3|3|5|-1|2
3622|Spartan|2|1||Heavy flamer|Ignores Cover, Torrent|12|Ranged|D6|-|5|-1|1
3622|Spartan|3|1||Laser destroyer|Heavy|36|Ranged|3|3|14|-4|D6+1
3622|Spartan|4|1||Multi-melta|Melta 2|18|Ranged|2|3|9|-4|D6
3622|Spartan|5|1||Quad lascannon||48|Ranged|4|3|12|-3|D6+1
3622|Spartan|6|1||Storm bolter|Rapid Fire 2|24|Ranged|2|3|4|0|1
3622|Spartan|7|1||Twin heavy bolter|Sustained Hits 1, Twin-linked|36|Ranged|3|3|5|-1|2
3622|Spartan|8|1||Twin heavy flamer|Ignores Cover, Torrent, Twin-linked|12|Ranged|D6|-|5|-1|1
3622|Spartan|9|1||Armoured tracks||Melee|Melee|6|4|8|0|1
3674|Storm Eagle Gunship|1|1||Twin heavy bolter|Sustained Hits 1, Twin-linked|36|Ranged|3|3|5|-1|2
3674|Storm Eagle Gunship|2|1||Twin hellstrike launcher|Anti-Fly 2+, Twin-linked|72|Ranged|2|3|10|-3|D6
3674|Storm Eagle Gunship|3|1||Twin lascannon|Twin-linked|48|Ranged|1|3|12|-3|D6+1
3674|Storm Eagle Gunship|4|1||Twin multi-melta|Melta 2, Twin-linked|18|Ranged|2|3|9|-4|D6
3674|Storm Eagle Gunship|5|1||Typhoon missile launcher - frag|Blast|48|Ranged|2D6|3|4|0|1
3674|Storm Eagle Gunship|6|2||Typhoon missile launcher - krak||48|Ranged|2|3|9|-2|D6
3674|Storm Eagle Gunship|7|1||Vengeance launcher|Blast|48|Ranged|2D6|3|6|0|1
3674|Storm Eagle Gunship|8|1||Armoured hull||Melee|Melee|6|4|8|0|1
3606|Terrax-pattern Termite|1|1||Terrax melta cutter|Melta 2|12|Ranged|5|3|9|-4|D6
3606|Terrax-pattern Termite|2|1||Termite drill|Anti-VEHICLE 3+|Melee|Melee|6|4|14|-2|D3+3
2589|Traitor Enforcer|1|1||Bolt pistol|Pistol|12|Ranged|1|3|5|-1|1
2589|Traitor Enforcer|2|1||Ogryn weapons||Melee|Melee|5|3|7|-1|2
2589|Traitor Enforcer|3|1||Power fist||Melee|Melee|3|3|6|-2|2
2590|Traitor Guardsmen Squad|1|1||Boltgun|Rapid Fire 1|24|Ranged|1|4|4|0|1
2590|Traitor Guardsmen Squad|2|1||Corrupted pistol|Pistol|12|Ranged|1|4|4|-1|1
2590|Traitor Guardsmen Squad|3|1||Cultist grenade launcher - frag|Blast|24|Ranged|D3|4|4|0|1
2590|Traitor Guardsmen Squad|4|2||Cultist grenade launcher - krak||24|Ranged|1|4|9|-2|D3
2590|Traitor Guardsmen Squad|5|1||Cultist sniper rifle|Heavy, Precision|36|Ranged|1|4|4|-2|2
2590|Traitor Guardsmen Squad|6|1||Flamer|Ignores Cover, Torrent|12|Ranged|D6|-|4|0|1
2590|Traitor Guardsmen Squad|7|1||Lasgun|Rapid Fire 1|24|Ranged|1|4|3|0|1
2590|Traitor Guardsmen Squad|8|1||Meltagun|Melta 2|12|Ranged|1|4|9|-4|D6
2590|Traitor Guardsmen Squad|9|1||Plasma gun - standard|Rapid Fire 1|24|Ranged|1|4|7|-2|1
2590|Traitor Guardsmen Squad|10|2||Plasma gun - supercharge|Hazardous, Rapid Fire 1|24|Ranged|1|4|8|-3|2
2590|Traitor Guardsmen Squad|11|1||Chainsword||Melee|Melee|3|4|3|0|1
2590|Traitor Guardsmen Squad|12|1||Close combat weapon||Melee|Melee|1|4|3|0|1
2590|Traitor Guardsmen Squad|13|1||Power weapon||Melee|Melee|2|4|4|-2|1
3682|Typhon|1|1||Dreadhammer siege cannon|Blast|24|Ranged|D6+6|3|14|-3|D6
3682|Typhon|2|1||Heavy bolter|Sustained Hits 1|36|Ranged|3|3|5|-1|2
3682|Typhon|3|1||Heavy flamer|Ignores Cover, Torrent|12|Ranged|D6|-|5|-1|1
3682|Typhon|4|1||Lascannon||48|Ranged|1|3|12|-3|D6+1
3682|Typhon|5|1||Multi-melta|Melta 2|18|Ranged|2|3|9|-4|D6
3682|Typhon|6|1||Storm bolter|Rapid Fire 2|24|Ranged|2|3|4|0|1
3682|Typhon|7|1||Armoured tracks||Melee|Melee|6|4|8|0|1
2679|Vashtorr the Arkifane|1|1||Vashtorr's claw|Anti-VEHICLE 4+, Torrent|12|Ranged|D6|-|5|-2|1
2679|Vashtorr the Arkifane|2|1||Vashtorr's hammer - strike|Anti-VEHICLE 4+, Devastating Wounds|Melee|Melee|6|2|14|-3|3
2679|Vashtorr the Arkifane|3|2||Vashtorr's hammer - sweep|Anti-VEHICLE 4+, Devastating Wounds|Melee|Melee|12|2|8|-1|2
1586|Venomcrawler|1|1||Excruciator cannon||36|Ranged|6|3|6|-1|2
1586|Venomcrawler|2|1||Soulflayer tendrils and claws||Melee|Melee|6|3|6|-1|2
959|Warp Talon Champion|1|1||Warp claws|Twin-linked|Melee|Melee|4|3|5|-2|1
944|Warpsmith|1|1||Flamer tendril|Ignores Cover, Pistol, Torrent|12|Ranged|D6|-|3|0|1
944|Warpsmith|2|1||Melta tendril|Melta 1, Pistol|6|Ranged|1|2|8|-4|D3
944|Warpsmith|3|1||Plasma pistol - standard|Pistol|12|Ranged|1|2|7|-2|1
944|Warpsmith|4|2||Plasma pistol - supercharge|Hazardous, Pistol|12|Ranged|1|2|8|-3|2
944|Warpsmith|5|1||Forge weapon|Anti-VEHICLE 4+|Melee|Melee|4|3|6|-2|2
3662|Whirlwind Scorpius|1|1||Hunter-killer missile|One Shot|48|Ranged|1|2|14|-3|D6
3662|Whirlwind Scorpius|2|1||Scorpius multi-launcher|Blast, Indirect Fire|48|Ranged|2D3+3|3|6|-1|2
3662|Whirlwind Scorpius|3|1||Storm bolter|Rapid Fire 2|24|Ranged|2|3|4|0|1
3662|Whirlwind Scorpius|4|1||Armoured tracks||Melee|Melee|3|4|6|0|1
3666|Xiphon Interceptor|1|1||Twin lascannon|Twin-linked|48|Ranged|1|3|12|-3|D6+1
3666|Xiphon Interceptor|2|1||Xiphon missile battery|Anti-FLY 2+|60|Ranged|3|3|7|-1|3
3666|Xiphon Interceptor|3|1||Armoured hull||Melee|Melee|3|4|6|0|1
4115|Beasts of Nurgle|1|1||Putrid appendages|Devastating Wounds|Melee|Melee|6|4|6|-1|2
1368|Biologus Putrifier|1|1||Hyper blight grenades|Assault, Blast, Lethal Hits|12|Ranged|D6|3|7|-1|2
1368|Biologus Putrifier|2|1||Injector pistol|Anti-INFANTRY 2+, Pistol, Precision|3|Ranged|1|3|4|-1|3
1368|Biologus Putrifier|3|1||Plague knives|Lethal Hits|Melee|Melee|4|3|5|-1|1
1372|Blightlord Terminators|1|1||Blight launcher|Blast, Lethal Hits|24|Ranged|D3|3|6|-1|2
1372|Blightlord Terminators|2|1||Combi-bolter|Lethal Hits, Rapid Fire 2|24|Ranged|2|3|5|-1|1
1372|Blightlord Terminators|3|1||Combi-weapon|Anti-INFANTRY 4+, Devastating Wounds, Rapid Fire 1|24|Ranged|1|4|5|-1|1
1372|Blightlord Terminators|4|1||Plague spewer|Anti-INFANTRY 2+, Ignores Cover, Torrent|12|Ranged|D6|-|5|-1|1
1372|Blightlord Terminators|5|1||Reaper autocannon|Devastating Wounds, Sustained Hits 1|36|Ranged|4|3|7|-1|1
1372|Blightlord Terminators|6|1||Bubotic blade|Lethal Hits|Melee|Melee|3|3|5|-2|2
1372|Blightlord Terminators|7|1||Close combat weapon||Melee|Melee|3|3|5|0|1
1372|Blightlord Terminators|8|1||Flail of corruption|Lethal Hits|Melee|Melee|6|3|5|-1|2
3628|Cerberus|1|1||Cerberus neutron pulse array|Twin-linked|48|Ranged|3|3|16|-4|D6+3
3628|Cerberus|2|1||Heavy bolter|Sustained Hits 1|36|Ranged|3|3|5|-1|2
3628|Cerberus|3|1||Heavy flamer|Ignores Cover, Torrent|12|Ranged|D6|-|5|-1|1
3628|Cerberus|4|1||Lascannon||48|Ranged|1|3|12|-3|D6+1
3628|Cerberus|5|1||Multi-melta|Melta 2|18|Ranged|2|3|9|-4|D6
3628|Cerberus|6|1||Storm bolter|Rapid Fire 2|24|Ranged|2|3|4|0|1
3628|Cerberus|7|1||Armoured tracks||Melee|Melee|6|4|8|0|1
1049|Chaos Land Raider|1|1||Combi-bolter|Lethal Hits, Rapid Fire 2|24|Ranged|2|3|5|-1|1
1049|Chaos Land Raider|2|1||Combi-weapon|Anti-INFANTRY 4+, Devastating Wounds, Rapid Fire 1|24|Ranged|1|4|5|-1|1
1049|Chaos Land Raider|3|1||Havoc launcher|Blast|48|Ranged|D6|3|5|0|1
1049|Chaos Land Raider|4|1||Soulshatter lascannon||48|Ranged|2|3|12|-3|D6+1
1049|Chaos Land Raider|5|1||Twin heavy bolter|Lethal Hits, Sustained Hits 1, Twin-linked|36|Ranged|3|3|5|-1|2
1049|Chaos Land Raider|6|1||Armoured tracks||Melee|Melee|6|4|8|0|1
3592|Chaos Lord on Palanquin of Nurgle|1|1||Bolt pistol|Pistol|12|Ranged|1|2|4|0|1
3592|Chaos Lord on Palanquin of Nurgle|2|1||Combi-bolter|Rapid Fire 2|24|Ranged|2|2|4|0|1
3592|Chaos Lord on Palanquin of Nurgle|3|1||Combi-weapon|Anti-INFANTRY 4+, Devastating Wounds, Rapid Fire 1|24|Ranged|1|4|4|0|1
3592|Chaos Lord on Palanquin of Nurgle|4|1||Plasma pistol - standard|Pistol|12|Ranged|1|2|7|-2|1
3592|Chaos Lord on Palanquin of Nurgle|5|2||Plasma pistol - supercharge|Hazardous, Pistol|12|Ranged|1|2|8|-3|2
3592|Chaos Lord on Palanquin of Nurgle|6|1||Accursed weapon||Melee|Melee|6|2|5|-2|1
3592|Chaos Lord on Palanquin of Nurgle|7|1||Astartes chainsword||Melee|Melee|7|2|4|-1|1
3592|Chaos Lord on Palanquin of Nurgle|8|1||Close combat weapon||Melee|Melee|6|2|4|0|1
3592|Chaos Lord on Palanquin of Nurgle|9|1||Nurgling's claws and teeth|Extra Attacks|Melee|Melee|4|5|2|0|1
3592|Chaos Lord on Palanquin of Nurgle|10|1||Paired accursed weapons|Twin-linked|Melee|Melee|7|2|4|-1|1
3592|Chaos Lord on Palanquin of Nurgle|11|1||Power fist||Melee|Melee|5|2|8|-2|2
1050|Chaos Predator Annihilator|1|1||Combi-bolter|Lethal Hits, Rapid Fire 2|24|Ranged|2|3|5|-1|1
1050|Chaos Predator Annihilator|2|1||Combi-weapon|Anti-INFANTRY 4+, Devastating Wounds, Rapid Fire 1|24|Ranged|1|4|5|-1|1
1050|Chaos Predator Annihilator|3|1||Havoc launcher|Blast|48|Ranged|D6|3|5|0|1
1050|Chaos Predator Annihilator|4|1||Heavy bolter|Lethal Hits, Sustained Hits 1|36|Ranged|3|3|5|-1|2
1050|Chaos Predator Annihilator|5|1||Lascannon||48|Ranged|1|3|12|-3|D6+1
1050|Chaos Predator Annihilator|6|1||Predator twin lascannon|Twin-linked|48|Ranged|1|3|14|-3|D6+1
1050|Chaos Predator Annihilator|7|1||Armoured tracks||Melee|Melee|3|4|6|0|1
2461|Chaos Predator Destructor|1|1||Combi-bolter|Lethal Hits, Rapid Fire 2|24|Ranged|2|3|5|-1|1
2461|Chaos Predator Destructor|2|1||Combi-weapon|Anti-INFANTRY 4+, Devastating Wounds, Rapid Fire 1|24|Ranged|1|4|5|-1|1
2461|Chaos Predator Destructor|3|1||Havoc launcher|Blast|48|Ranged|D6|3|5|0|1
2461|Chaos Predator Destructor|4|1||Heavy bolter|Lethal Hits, Sustained Hits 1|36|Ranged|3|3|5|-1|2
2461|Chaos Predator Destructor|5|1||Lascannon||48|Ranged|1|3|12|-3|D6+1
2461|Chaos Predator Destructor|6|1||Predator autocannon|Lethal Hits, Rapid Fire 2|48|Ranged|4|3|9|-1|3
2461|Chaos Predator Destructor|7|1||Armoured tracks||Melee|Melee|3|4|6|0|1
1047|Chaos Rhino|1|1||Combi-bolter|Lethal Hits, Rapid Fire 2|24|Ranged|2|3|5|-1|1
1047|Chaos Rhino|2|1||Combi-weapon|Anti-INFANTRY 4+, Devastating Wounds, Rapid Fire 1|24|Ranged|1|4|5|-1|1
1047|Chaos Rhino|3|1||Havoc launcher|Blast|48|Ranged|D6|3|5|0|1
1047|Chaos Rhino|4|1||Armoured tracks||Melee|Melee|3|4|6|0|1
1048|Chaos Spawn|1|1||Hideous Mutations||Melee|Melee|D6+2|4|5|-1|2
3585|Chaos Thunderhawk|1|1||Hellstrike missile array|Anti-Fly 3+|72|Ranged|4|3|8|-2|3
3585|Chaos Thunderhawk|2|1||Lascannon||48|Ranged|1|3|12|-3|D6+1
3585|Chaos Thunderhawk|3|1||Thunderhawk heavy cannon|Blast|48|Ranged|D6+6|3|10|-2|3
3585|Chaos Thunderhawk|4|1||Turbo-laser destructor|Blast|96|Ranged|D3+1|3|20|-4|D6+6
3585|Chaos Thunderhawk|5|1||Twin heavy bolter|Sustained Hits 1, Twin-linked|36|Ranged|3|3|5|-1|2
3585|Chaos Thunderhawk|6|1||Armoured hull||Melee|Melee|6|4|8|0|1
1052|Daemon Prince of Nurgle|1|1||Infernal cannon|Lethal Hits|24|Ranged|3|2|5|-1|2
1052|Daemon Prince of Nurgle|2|1||Hellforged weapons - strike|Lethal Hits|Melee|Melee|7|2|8|-2|3
1052|Daemon Prince of Nurgle|3|2||Hellforged weapons - sweep|Lethal Hits|Melee|Melee|14|2|6|-1|1
2749|Death Guard Daemon Prince with wings|1|1||Infernal cannon|Lethal Hits|24|Ranged|3|2|7|-1|2
2749|Death Guard Daemon Prince with wings|2|1||Hellforged weapons - strike|Lethal Hits|Melee|Melee|7|2|8|-2|3
2749|Death Guard Daemon Prince with wings|3|2||Hellforged weapons - sweep|Lethal Hits|Melee|Melee|14|2|6|-1|1
1037|Death Guard Chaos Lord|1|1||Combi-bolter|Lethal Hits, Rapid Fire 2|24|Ranged|2|3|4|0|1
1037|Death Guard Chaos Lord|2|1||Combi-weapon|Anti-INFANTRY 4+, Devastating Wounds, Rapid Fire 1|24|Ranged|1|2|4|0|1
1037|Death Guard Chaos Lord|3|1||Plague bolt pistol|Lethal Hits, Pistol|12|Ranged|1|2|4|0|1
1037|Death Guard Chaos Lord|4|1||Plasma pistol - standard|Pistol|12|Ranged|1|2|7|-2|1
1037|Death Guard Chaos Lord|5|2||Plasma pistol - supercharge|Hazardous, Pistol|12|Ranged|1|2|8|-3|2
1037|Death Guard Chaos Lord|6|1||Astartes chainsword||Melee|Melee|7|2|4|-1|1
1037|Death Guard Chaos Lord|7|1||Plague fist|Lethal Hits|Melee|Melee|5|3|8|-2|2
1037|Death Guard Chaos Lord|8|1||Plague-encrusted exalted weapon|Lethal Hits|Melee|Melee|6|2|5|-2|1
1037|Death Guard Chaos Lord|9|1||Twin lightning claws|Twin-linked|Melee|Melee|7|2|5|-2|1
1038|Death Guard Chaos Lord in Terminator Armour|1|1||Combi-bolter|Lethal Hits, Rapid Fire 2|24|Ranged|2|3|4|0|1
1038|Death Guard Chaos Lord in Terminator Armour|2|1||Combi-weapon|Anti-INFANTRY 4+, Devastating Wounds, Rapid Fire 1|24|Ranged|1|3|4|0|1
1038|Death Guard Chaos Lord in Terminator Armour|3|1||Chainfist|Anti-VEHICLE 3+|Melee|Melee|5|3|8|-2|2
1038|Death Guard Chaos Lord in Terminator Armour|4|1||Plague fist|Lethal Hits|Melee|Melee|5|2|8|-2|2
1038|Death Guard Chaos Lord in Terminator Armour|5|1||Plague-encrusted exalted weapon|Lethal Hits|Melee|Melee|6|2|5|-2|1
1038|Death Guard Chaos Lord in Terminator Armour|6|1||Twin lightning claws|Twin-linked|Melee|Melee|7|2|5|-2|1
1043|Death Guard Cultists|1|1||Cultist firearm||24|Ranged|1|4|3|0|1
1043|Death Guard Cultists|2|1||Flamer|Ignores Cover, Torrent|12|Ranged|D6|-|4|0|1
1043|Death Guard Cultists|3|1||Grenade launcher - frag|Blast|24|Ranged|D3|4|4|0|1
1043|Death Guard Cultists|4|2||Grenade launcher - krak||24|Ranged|1|4|9|-2|D3
1043|Death Guard Cultists|5|1||Heavy stubber|Rapid Fire 3|36|Ranged|3|5|4|0|1
1043|Death Guard Cultists|6|1||Brutal assault weapon||Melee|Melee|2|4|3|0|1
1045|Death Guard Possessed|1|1||Hideous mutations||Melee|Melee|4|3|5|-1|2
1041|Death Guard Sorcerer in Terminator Armour|1|1||Combi-bolter|Lethal Hits, Rapid Fire 2|24|Ranged|2|3|4|0|1
1041|Death Guard Sorcerer in Terminator Armour|2|1||Combi-weapon|Anti-INFANTRY 4+, Devastating Wounds, Rapid Fire 1|24|Ranged|1|4|4|0|1
1041|Death Guard Sorcerer in Terminator Armour|3|1||Curse of the Leper - focused witchfire|Hazardous, Psychic|24|Ranged|2D6|3|6|-2|1
1041|Death Guard Sorcerer in Terminator Armour|4|2||Curse of the Leper - witchfire|Psychic|24|Ranged|D6|3|6|-1|1
1041|Death Guard Sorcerer in Terminator Armour|5|1||Chainfist|Anti-VEHICLE 3+|Melee|Melee|3|4|8|-2|2
1041|Death Guard Sorcerer in Terminator Armour|6|1||Force weapon|Psychic|Melee|Melee|4|3|6|-1|D3
1041|Death Guard Sorcerer in Terminator Armour|7|1||Plague fist|Lethal Hits|Melee|Melee|3|3|8|-2|2
1041|Death Guard Sorcerer in Terminator Armour|8|1||Plague-encrusted exalted weapon|Lethal Hits|Melee|Melee|6|2|5|-2|1
1041|Death Guard Sorcerer in Terminator Armour|9|1||Twin lightning claws|Twin-linked|Melee|Melee|5|3|5|-2|1
1371|Deathshroud Terminators|1|1||Plaguespurt gauntlet|Anti-INFANTRY 4+, Ignores Cover, Pistol, Torrent|12|Ranged|D6|-|3|0|1
1371|Deathshroud Terminators|2|1||Manreaper - strike|Lethal Hits|Melee|Melee|4|2|8|-2|2
1371|Deathshroud Terminators|3|2||Manreaper - sweep|Lethal Hits|Melee|Melee|8|3|4|-1|1
4209|Defiler|1|1||Ectoplasma destructor|Blast, Lethal Hits|36|Ranged|D6|3|12|-3|3
4209|Defiler|2|1||Excruciator cannon|Lethal Hits|36|Ranged|6|3|6|-1|2
4209|Defiler|3|1||Hades battle cannon|Blast, Lethal Hits|48|Ranged|D6+3|3|10|-1|3
4209|Defiler|4|1||Hades lascannon|Lethal Hits|48|Ranged|2|3|12|-3|D6+1
4209|Defiler|5|1||Heavy baleflamer|Ignores Cover, Torrent|12|Ranged|D6+3|-|7|-2|2
4209|Defiler|6|1||Heavy missile launcher - frag|Blast, Lethal Hits|48|Ranged|2D6|3|5|-1|1
4209|Defiler|7|2||Heavy missile launcher - krak|Lethal Hits|48|Ranged|2|3|10|-2|D6+1
4209|Defiler|8|1||Heavy reaper autocannon|Devastating Wounds, Lethal Hits, Sustained Hits 1|48|Ranged|4|3|9|-1|3
4209|Defiler|9|1||Magma cutter|Lethal Hits, Melta 2|12|Ranged|2|3|9|-4|D6
4209|Defiler|10|1||Electroscourge|Extra Attacks, Sustained Hits 2|Melee|Melee|5|3|12|-2|2
4209|Defiler|11|1||Shearing claws - strike|Lethal Hits|Melee|Melee|5|3|16|-3|D6+1
4209|Defiler|12|2||Shearing claws - sweep|Lethal Hits|Melee|Melee|10|3|6|-2|1
3624|Deredeo Dreadnought|1|1||Aiolos missile launcher|Blast|48|Ranged|D6+3|3|5|0|1
3624|Deredeo Dreadnought|2|1||Anvilus autocannon battery|Twin-linked|48|Ranged|4|3|9|-1|3
3624|Deredeo Dreadnought|3|1||Arachnus heavy lascannon battery||48|Ranged|2|3|12|-3|D6+1
3624|Deredeo Dreadnought|4|1||Boreas air defence missiles|Anti-FLY 2+|48|Ranged|1|3|12|-3|D6+1
3624|Deredeo Dreadnought|5|1||Hellfire plasma carronade - standard||36|Ranged|6|3|7|-2|2
3624|Deredeo Dreadnought|6|2||Hellfire plasma carronade - supercharge|Hazardous|36|Ranged|6|3|8|-3|3
3624|Deredeo Dreadnought|7|1||Twin heavy bolter|Sustained Hits 1, Twin-linked|36|Ranged|3|3|5|-1|2
3624|Deredeo Dreadnought|8|1||Twin heavy flamer|Ignores Cover, Torrent, Twin-linked|12|Ranged|D6|-|5|-1|1
3624|Deredeo Dreadnought|9|1||Volkite falconet battery|Devastating Wounds|30|Ranged|6|3|9|0|2
3624|Deredeo Dreadnought|10|1||Armoured feet||Melee|Melee|6|3|6|0|1
3688|Falchion|1|1||Heavy bolter|Sustained Hits 1|36|Ranged|3|3|5|-1|2
3688|Falchion|2|1||Heavy flamer|Ignores Cover, Torrent|12|Ranged|D6|-|5|-1|1
3688|Falchion|3|1||Laser destroyer|Heavy|36|Ranged|3|3|14|-4|D6+1
3688|Falchion|4|1||Multi-melta|Melta 2|18|Ranged|2|3|9|-4|D6
3688|Falchion|5|1||Quad lascannon||48|Ranged|4|3|12|-3|D6+1
3688|Falchion|6|1||Storm bolter|Rapid Fire 2|24|Ranged|2|3|4|0|1
3688|Falchion|7|1||Twin Falchion volcano cannon|Blast, Twin-linked|120|Ranged|D3+1|3|24|-5|12
3688|Falchion|8|1||Twin heavy bolter|Sustained Hits 1, Twin-linked|36|Ranged|3|3|5|-1|2
3688|Falchion|9|1||Twin heavy flamer|Ignores Cover, Torrent, Twin-linked|12|Ranged|D6|-|5|-1|1
3688|Falchion|10|1||Armoured tracks||Melee|Melee|6|4|8|0|1
3652|Fellblade|1|1||Combi-weapon|Anti-INFANTRY 3+, Devastating Wounds, Rapid Fire 1|24|Ranged|1|3|4|0|1
3652|Fellblade|2|1||Demolisher cannon|Blast|24|Ranged|D6+3|3|14|-3|D6
3652|Fellblade|3|1||Fellblade accelerator cannon - AP shells||72|Ranged|2|3|14|-3|6
3652|Fellblade|4|2||Fellblade accelerator cannon - HE shells|Blast|72|Ranged|2D6|3|8|-1|2
3652|Fellblade|5|1||Havoc launcher|Blast|48|Ranged|D6|3|5|0|1
3652|Fellblade|6|1||Heavy bolter|Sustained Hits 1|36|Ranged|3|3|5|-1|2
3652|Fellblade|7|1||Heavy flamer|Ignores Cover, Torrent|12|Ranged|D6|-|5|-1|1
3652|Fellblade|8|1||Laser destroyer|Heavy|36|Ranged|3|3|14|-4|D6+1
3652|Fellblade|9|1||Multi-melta|Melta 2|18|Ranged|2|3|9|-4|D6
3652|Fellblade|10|1||Quad heavy bolter|Sustained Hits 1, Twin-linked|36|Ranged|6|3|5|-1|2
3652|Fellblade|11|1||Quad lascannon||48|Ranged|4|3|12|-3|D6+1
3652|Fellblade|12|1||Storm bolter|Rapid Fire 2|24|Ranged|2|3|4|0|1
3652|Fellblade|13|1||Twin heavy bolter|Sustained Hits 1, Twin-linked|36|Ranged|3|3|5|-1|2
3652|Fellblade|14|1||Twin heavy flamer|Ignores Cover, Torrent, Twin-linked|12|Ranged|D6|-|5|-1|1
3652|Fellblade|15|1||Armoured tracks||Melee|Melee|6|4|8|0|1
3616|Fire Raptor Gunship|1|1||Quad heavy bolter|Twin-linked, Sustained Hits 1|36|Ranged|6|3|5|-1|2
3616|Fire Raptor Gunship|2|1||Twin autocannon|Twin-linked|48|Ranged|2|3|9|-1|3
3616|Fire Raptor Gunship|3|1||Twin avenger bolt cannon|Twin-linked|36|Ranged|10|3|6|-1|2
3616|Fire Raptor Gunship|4|1||Twin hellstrike launcher|Anti-Fly 2+, Twin-linked|72|Ranged|2|3|10|-3|D6
3616|Fire Raptor Gunship|5|1||Twin lascannon|Twin-linked|48|Ranged|1|3|12|-3|D6+1
3616|Fire Raptor Gunship|6|1||Armoured hull||Melee|Melee|6|4|8|0|1
4110|Foetid Bloat-drone|1|1||Plaguespitter|Anti-INFANTRY 2+, Ignores Cover, Torrent|12|Ranged|D6|-|6|-1|1
4110|Foetid Bloat-drone|2|1||Fleshmower|Lethal Hits|Melee|Melee|10|3|7|-1|2
4110|Foetid Bloat-drone|3|1||Plague probe|Lethal Hits|Melee|Melee|3|3|6|-1|1
270584|Foetid Bloat-drone with heavy blight launcher|1|1||Heavy blight launcher|Blast, Lethal Hits|36|Ranged|D6+2|3|10|-2|3
270584|Foetid Bloat-drone with heavy blight launcher|2|1||Plague probe|Lethal Hits|Melee|Melee|3|3|6|-1|1
1367|Foul Blightspawn|1|1||Plague sprayer|Anti-INFANTRY 2+, Ignores Cover, Torrent|12|Ranged|D6|-|7|-2|2
1367|Foul Blightspawn|2|1||Close combat weapon||Melee|Melee|4|3|5|0|1
3593|Gellerpox Mutant|1|1||Belly flamer|Ignores Cover, Torrent|12|Ranged|D6|-|5|0|1
3593|Gellerpox Mutant|2|1||Brutal weapons||Melee|Melee|2|4|4|0|1
3593|Gellerpox Mutant|3|1||Hideous mutations||Melee|Melee|4|4|6|-1|2
4112|Great Unclean One|1|1||Plague flail||6|Ranged|D6+1|3|7|-2|2
4112|Great Unclean One|2|1||Putrid vomit|Ignores Cover, Torrent|12|Ranged|D6+3|-|5|-2|1
4112|Great Unclean One|3|1||Bileblade|Extra Attacks, Lethal Hits|Melee|Melee|3|2|6|-2|2
4112|Great Unclean One|4|1||Bilesword - strike|Lethal Hits|Melee|Melee|6|2|10|-2|D6+1
4112|Great Unclean One|5|2||Bilesword - sweep|Lethal Hits|Melee|Melee|12|2|7|-1|1
4112|Great Unclean One|6|1||Doomsday bell|Lethal Hits, Reverberating Summons|Melee|Melee|6|2|7|-1|2
3586|Greater Blight Drone|1|1||Bile maw|Lethal Hits|12|Ranged|3|3|5|0|1
3586|Greater Blight Drone|2|1||Blightreaper cannon|Lethal Hits|36|Ranged|6|3|8|-2|2
3586|Greater Blight Drone|3|1||Greater plague probe|Lethal Hits|Melee|Ranged|4|3|6|-1|1
1046|Helbrute|1|1||Combi-bolter|Lethal Hits, Rapid Fire 2|24|Ranged|2|3|5|-1|1
1046|Helbrute|2|1||Heavy flamer|Ignores Cover, Torrent|12|Ranged|D6|-|5|-1|1
1046|Helbrute|3|1||Missile launcher - frag|Blast|48|Ranged|D6|3|4|0|1
1046|Helbrute|4|2||Missile launcher - krak||48|Ranged|1|3|9|-2|D6
1046|Helbrute|5|1||Multi-melta|Lethal Hits, Melta 2|18|Ranged|2|3|9|-4|D6
1046|Helbrute|6|1||Plasma cannon|Blast, Hazardous, Lethal Hits|36|Ranged|D3|3|8|-3|3
1046|Helbrute|7|1||Twin autocannon|Twin-linked, Lethal Hits|48|Ranged|2|3|10|-1|3
1046|Helbrute|8|1||Twin heavy bolter|Lethal Hits, Sustained Hits 1, Twin-linked|36|Ranged|3|3|5|-1|2
1046|Helbrute|9|1||Twin lascannon|Twin-linked|48|Ranged|1|3|12|-3|D6+1
1046|Helbrute|10|1||Close combat weapon||Melee|Melee|5|3|6|0|1
1046|Helbrute|11|1||Helbrute fist||Melee|Melee|5|3|12|-2|3
1046|Helbrute|12|1||Helbrute hammer||Melee|Melee|4|3|14|-3|D6+1
1046|Helbrute|13|1||Power scourge||Melee|Melee|8|3|7|-1|2
3595|Hell Talon|1|1||Autocannon||48|Ranged|2|3|9|-1|3
3595|Hell Talon|2|1||Havoc launcher|Blast|48|Ranged|D6|3|5|0|1
3595|Hell Talon|3|1||Twin lascannon|Twin-linked|48|Ranged|1|3|12|-3|D6+1
3595|Hell Talon|4|1||Armoured hull||Melee|Melee|6|4|6|0|1
3594|Hellblade|1|1||Armoured hull||Melee|Melee|3|4|6|0|1
2750|Icon Bearer|1|1||Boltgun|Lethal Hits|24|Ranged|2|3|5|-1|1
2750|Icon Bearer|2|1||Plague knife|Lethal Hits|Melee|Melee|4|3|5|-1|1
3632|Kratos|1|1||Autocannon||48|Ranged|2|3|9|-1|3
3632|Kratos|2|1||Combi-weapon|Anti-INFANTRY 3+, Devastating Wounds, Rapid Fire 1|24|Ranged|1|3|4|0|1
3632|Kratos|3|1||Havoc launcher|Blast|48|Ranged|D6|3|5|0|1
3632|Kratos|4|1||Heavy bolter|Sustained Hits 1|36|Ranged|3|3|5|-1|2
3632|Kratos|5|1||Heavy flamer|Ignores Cover, Torrent|12|Ranged|D6|-|5|-1|1
3632|Kratos|6|1||Hunter-killer missile|One Shot|48|Ranged|1|2|14|-3|D6
3632|Kratos|7|1||Kratos battlecannon - AP|Heavy|36|Ranged|1|3|18|-4|D6+3
3632|Kratos|8|2||Kratos battlecannon - HE|Blast|36|Ranged|D6+3|3|10|-1|3
3632|Kratos|9|1||Lascannon||48|Ranged|1|3|12|-3|D6+1
3632|Kratos|10|1||Melta blast-gun|Melta 2|24|Ranged|4|3|12|-4|D6
3632|Kratos|11|1||Multi-melta|Melta 2|18|Ranged|2|3|9|-4|D6
3632|Kratos|12|1||Twin boltgun|Twin-linked|24|Ranged|2|3|4|0|1
3632|Kratos|13|1||Volkite caliver|Devastating Wounds|24|Ranged|2|3|5|0|2
3632|Kratos|14|1||Volkite cardanelle|Devastating Wounds|36|Ranged|9|3|9|0|3
3632|Kratos|15|1||Volkite culverin|Devastating Wounds|36|Ranged|4|3|6|0|2
3632|Kratos|16|1||Armoured tracks||Melee|Melee|6|4|8|0|1
3608|Land Raider Achilles|1|1||Heavy bolter|Sustained Hits 1|36|Ranged|3|3|5|-1|2
3608|Land Raider Achilles|2|1||Hunter-killer missile|One Shot|48|Ranged|1|2|14|-3|D6
3608|Land Raider Achilles|3|1||Multi-melta|Melta 2|18|Ranged|2|3|9|-4|D6
3608|Land Raider Achilles|4|1||Quad launcher - shatter shells||24|Ranged|4|3|9|-2|3
3608|Land Raider Achilles|5|2||Quad launcher - thunderfire shells|Blast, Indirect Fire|60|Ranged|D6+4|3|5|0|1
3608|Land Raider Achilles|6|1||Storm bolter|Rapid Fire 2|24|Ranged|2|3|4|0|1
3608|Land Raider Achilles|7|1||Twin heavy bolter|Sustained Hits 1, Twin-linked|36|Ranged|3|3|5|-1|2
3608|Land Raider Achilles|8|1||Twin heavy flamer|Ignores Cover, Torrent, Twin-linked|12|Ranged|D6|-|5|-1|1
3608|Land Raider Achilles|9|1||Twin multi-melta|Melta 2, Twin-linked|18|Ranged|2|3|9|-4|D6
3608|Land Raider Achilles|10|1||Twin volkite culverin|Devastating Wounds, Twin-linked|36|Ranged|4|3|6|0|2
3608|Land Raider Achilles|11|1||Armoured tracks||Melee|Melee|6|4|8|0|1
3612|Land Raider Proteus|1|1||Heavy bolter|Sustained Hits 1|36|Ranged|3|3|5|-1|2
3612|Land Raider Proteus|2|1||Hunter-killer missile|One Shot|48|Ranged|1|2|14|-3|D6
3612|Land Raider Proteus|3|1||Multi-melta|Melta 2|18|Ranged|2|3|9|-4|D6
3612|Land Raider Proteus|4|1||Storm bolter|Rapid Fire 2|24|Ranged|2|3|4|0|1
3612|Land Raider Proteus|5|1||Twin heavy bolter|Sustained Hits 1, Twin-linked|36|Ranged|3|3|5|-1|2
3612|Land Raider Proteus|6|1||Twin heavy flamer|Ignores Cover, Torrent, Twin-linked|12|Ranged|D6|-|5|-1|1
3612|Land Raider Proteus|7|1||Twin lascannon|Twin-linked|48|Ranged|1|3|12|-3|D6+1
3612|Land Raider Proteus|8|1||Armoured tracks||Melee|Melee|6|4|8|0|1
3648|Leviathan Dreadnought|1|1||Cyclonic melta-lance|Melta 2|18|Ranged|D6|3|9|-4|D6
3648|Leviathan Dreadnought|2|1||Grav-flux bombard|Anti-Vehicle 2+, Blast|24|Ranged|2D3|3|8|-1|2
3648|Leviathan Dreadnought|3|1||Heavy flamer|Ignores Cover, Torrent|12|Ranged|D6|-|5|-1|1
3648|Leviathan Dreadnought|4|1||Hunter-killer missile|One Shot|48|Ranged|1|2|14|-3|D6
3648|Leviathan Dreadnought|5|1||Meltagun|Melta 2|12|Ranged|1|3|9|-4|D6
3648|Leviathan Dreadnought|6|1||Storm cannon|Twin-linked|36|Ranged|4|3|9|-1|3
3648|Leviathan Dreadnought|7|1||Twin volkite caliver|Devastating Wounds, Twin-linked|24|Ranged|2|3|5|0|2
3648|Leviathan Dreadnought|8|1||Armoured feet||Melee|Melee|6|3|6|0|1
3648|Leviathan Dreadnought|9|1||Leviathan siege claw||Melee|Melee|5|3|12|-2|3
3648|Leviathan Dreadnought|10|1||Leviathan siege drill|Anti-VEHICLE 3+|Melee|Melee|4|3|12|-2|3
1054|Lord of Contagion|1|1||Manreaper - strike|Lethal Hits|Melee|Melee|5|2|9|-2|3
1054|Lord of Contagion|2|2||Manreaper - sweep|Lethal Hits|Melee|Melee|10|2|6|-1|1
4109|Lord of Poxes|1|1||Plasma pistol - standard|Pistol|12|Ranged|1|3|7|-2|1
4109|Lord of Poxes|2|2||Plasma pistol - supercharge|Hazardous, Pistol|12|Ranged|1|3|8|-3|2
4109|Lord of Poxes|3|1||Great plague blade|Devastating Wounds, Lethal Hits|Melee|Melee|6|2|8|-2|2
2460|Lord of Virulence|1|1||Twin plague spewer|Anti-INFANTRY 2+, Ignores Cover, Torrent, Twin-linked|12|Ranged|D6|-|5|-1|1
2460|Lord of Virulence|2|1||Power fist|Lethal Hits|Melee|Melee|5|2|8|-2|2
1055|Malignant Plaguecaster|1|1||Bolt pistol|Lethal Hits, Pistol|12|Ranged|1|3|5|-1|1
1055|Malignant Plaguecaster|2|1||Plague Wind - focused witchfire|Hazardous, Psychic, Torrent|12|Ranged|D6+3|-|6|-2|D3
1055|Malignant Plaguecaster|3|2||Plague Wind - witchfire|Psychic, Torrent|12|Ranged|D6|-|4|-1|D3
1055|Malignant Plaguecaster|4|1||Corrupted staff|Lethal Hits, Psychic|Melee|Melee|4|3|6|-1|D3
3644|Mastodon|1|1||Heavy bolter|Sustained Hits 1|36|Ranged|3|3|5|-1|2
3644|Mastodon|2|1||Heavy flamer|Ignores Cover, Torrent|12|Ranged|D6|-|5|-1|1
3644|Mastodon|3|1||Lascannon||48|Ranged|1|3|12|-3|D6+1
3644|Mastodon|4|1||Siege melta array|Melta 2|24|Ranged|6|3|9|-4|D6
3644|Mastodon|5|1||Skyreaper battery|Anti-FLY 4+|48|Ranged|8|3|7|-1|2
3644|Mastodon|6|1||Volkite culverin|Devastating Wounds|36|Ranged|4|3|6|0|2
3644|Mastodon|7|1||Armoured tracks||Melee|Melee|6|4|8|0|1
2462|Miasmic Malignifier|1|1||Miasmic gouts|Ignores Cover, Torrent|9|Ranged|2D6|-|3|0|1
1377|Mortarion|1|1||Lantern|Pistol, Sustained Hits D3|24|Ranged|1|2|10|-3|3
1377|Mortarion|2|1||Rotwind|Blast, Devastating Wounds, Lethal Hits, Psychic|24|Ranged|D6+3|2|7|-2|1
1377|Mortarion|3|1||Silence - strike|Devastating Wounds, Lethal Hits|Melee|Melee|5|2|14|-3|D6+1
1377|Mortarion|4|2||Silence - sweep|Lethal Hits, Sustained Hits 1|Melee|Melee|15|2|8|-2|2
3596|Mutoid Vermin|1|1||Diseased claws and fangs|Lethal Hits|Melee|Melee|2|4|2|0|1
1374|Myphitic Blight-haulers|1|1||Bile spurt|Lethal Hits|12|Ranged|3|3|5|0|1
1374|Myphitic Blight-haulers|2|1||Missile launcher - frag|Blast|48|Ranged|D6|3|4|0|1
1374|Myphitic Blight-haulers|3|2||Missile launcher - krak|-|48|Ranged|1|3|9|-2|D6
1374|Myphitic Blight-haulers|4|1||Multi-melta|Lethal Hits, Melta 2|18|Ranged|2|3|9|-4|D6
1374|Myphitic Blight-haulers|5|1||Gnashing maw|Lethal Hits|Melee|Melee|4|3|6|-1|1
1058|Noxious Blightbringer|1|1||Plasma pistol - standard|Pistol|12|Ranged|1|3|7|-2|1
1058|Noxious Blightbringer|2|2||Plasma pistol - supercharge|Hazardous, Pistol|12|Ranged|1|3|8|-3|2
1058|Noxious Blightbringer|3|1||Cursed plague bell|Anti-PSYKER 2+, Lethal Hits|Melee|Melee|5|3|4|0|2
4116|Nurglings|1|1||Diseased claws and teeth|Lethal Hits|Melee|Melee|4|5|2|0|1
4114|Plague Drones|1|1||Death's heads|Blast, Lethal Hits|12|Ranged|D3|4|4|0|1
4114|Plague Drones|2|1||Foul mouthparts|Extra Attacks, Lethal Hits|Melee|Melee|2|4|5|-1|2
4114|Plague Drones|3|1||Plaguesword|Lethal Hits|Melee|Melee|2|3|4|-1|1
1044|Plague Marine|1|1||Blight launcher|Blast, Lethal Hits|24|Ranged|D3|3|6|-1|2
1044|Plague Marine|2|1||Bolt pistol|Lethal Hits, Pistol|12|Ranged|1|3|5|-1|1
1044|Plague Marine|3|1||Boltgun|Lethal Hits|24|Ranged|2|3|5|-1|1
1044|Plague Marine|4|1||Meltagun|Melta 2|12|Ranged|1|3|9|-4|D6
1044|Plague Marine|5|1||Plague belcher|Anti-INFANTRY 4+, Ignores Cover, Torrent|12|Ranged|D6|-|4|0|1
1044|Plague Marine|6|1||Plague spewer|Anti-INFANTRY 2+, Ignores Cover, Torrent|12|Ranged|D6|-|5|-1|1
1044|Plague Marine|7|1||Plasma gun - standard|Rapid Fire 1|24|Ranged|1|3|7|-2|1
1044|Plague Marine|8|2||Plasma gun - supercharge|Hazardous, Rapid Fire 1|24|Ranged|1|3|8|-3|2
1044|Plague Marine|9|1||Plasma pistol - standard|Pistol|12|Ranged|1|3|7|-2|1
1044|Plague Marine|10|2||Plasma pistol - supercharge|Hazardous, Pistol|12|Ranged|1|3|8|-3|2
1044|Plague Marine|11|1||Bubotic weapons|Lethal Hits|Melee|Melee|4|3|5|-2|1
1044|Plague Marine|12|1||Heavy plague weapon|Lethal Hits|Melee|Melee|3|4|8|-2|2
1044|Plague Marine|13|1||Plague knives|Lethal Hits|Melee|Melee|3|3|5|-1|1
1044|Plague Marine|14|1||Power fist|Lethal Hits|Melee|Melee|3|3|8|-2|2
1369|Plague Surgeon|1|1||Bolt pistol|Lethal Hits, Pistol|12|Ranged|1|3|5|-1|1
1369|Plague Surgeon|2|1||Balesword|Lethal Hits|Melee|Melee|4|3|5|-2|2
4113|Plaguebearers|1|1||Plaguesword|Lethal Hits|Melee|Melee|2|3|4|-1|1
1376|Plagueburst Crawler|1|1||Entropy cannon|Lethal Hits|36|Ranged|1|3|10|-3|D6+1
1376|Plagueburst Crawler|2|1||Heavy slugger|Lethal Hits|36|Ranged|4|3|5|-1|1
1376|Plagueburst Crawler|3|1||Plagueburst mortar|Blast, Indirect Fire, Lethal Hits|48|Ranged|D6+3|3|8|-1|2
1376|Plagueburst Crawler|4|1||Plaguespitter|Anti-INFANTRY 2+, Ignores Cover, Torrent|12|Ranged|D6|-|6|-1|1
1376|Plagueburst Crawler|5|1||Rothail volley gun|Lethal Hits, Rapid Fire 3|36|Ranged|3|3|5|0|1
1376|Plagueburst Crawler|6|1||Armoured tracks||Melee|Melee|3|4|6|0|1
1056|Poxwalkers|1|1||Improvised weapons|Lethal Hits|Melee|Melee|2|5|3|0|1
3668|Rapier Carrier|1|1||Boltgun||24|Ranged|2|3|4|0|1
3668|Rapier Carrier|2|1||Graviton cannon|Anti-Vehicle 2+, Blast, Heavy|36|Ranged|D6|3|6|-2|2
3668|Rapier Carrier|3|1||Laser destroyer|Heavy|36|Ranged|3|3|14|-4|D6+1
3668|Rapier Carrier|4|1||Quad heavy bolter|Heavy, Twin-linked, Sustained Hits 1|36|Ranged|6|3|5|-1|2
3668|Rapier Carrier|5|1||Quad launcher - shatter shells|Heavy|24|Ranged|4|3|9|-2|3
3668|Rapier Carrier|6|2||Quad launcher - thunderfire shells|Blast, Heavy, Indirect Fire|60|Ranged|D6+4|3|5|0|1
3668|Rapier Carrier|7|1||Close combat weapon||Melee|Melee|2|3|4|0|1
3656|Relic Contemptor Dreadnought|1|1||Combi-bolter|Rapid Fire 2|24|Ranged|2|3|4|0|1
3656|Relic Contemptor Dreadnought|2|1||Conversion beam cannon|Conversion, Sustained Hits D3|24|Ranged|1|3|7|-1|3
3656|Relic Contemptor Dreadnought|3|1||Cyclone missile launcher - frag|Blast|36|Ranged|2D6|3|4|0|1
3656|Relic Contemptor Dreadnought|4|2||Cyclone missile launcher - krak||36|Ranged|2|3|9|-2|D6
3656|Relic Contemptor Dreadnought|5|1||Graviton blaster|Anti-Vehicle 2+|18|Ranged|2|3|5|-1|1
3656|Relic Contemptor Dreadnought|6|1||Heavy flamer|Ignores Cover, Torrent|12|Ranged|D6|-|5|-1|1
3656|Relic Contemptor Dreadnought|7|1||Heavy plasma cannon - standard|Blast|36|Ranged|D3|3|7|-2|2
3656|Relic Contemptor Dreadnought|8|2||Heavy plasma cannon - supercharge|Blast, Hazardous|36|Ranged|D3|3|8|-3|3
3656|Relic Contemptor Dreadnought|9|1||Kheres assault cannon|Devastating Wounds|24|Ranged|6|3|7|-1|1
3656|Relic Contemptor Dreadnought|10|1||Multi-melta|Melta 2|18|Ranged|2|3|9|-4|D6
3656|Relic Contemptor Dreadnought|11|1||Plasma blaster - standard||18|Ranged|2|3|7|-2|1
3656|Relic Contemptor Dreadnought|12|2||Plasma blaster - supercharge|Hazardous|18|Ranged|2|3|8|-3|2
3656|Relic Contemptor Dreadnought|13|1||Twin autocannon|Twin-linked|48|Ranged|2|3|9|-1|3
3656|Relic Contemptor Dreadnought|14|1||Twin heavy bolter|Sustained Hits 1, Twin-linked|36|Ranged|3|3|5|-1|2
3656|Relic Contemptor Dreadnought|15|1||Twin lascannon|Twin-linked|48|Ranged|1|3|12|-3|D6+1
3656|Relic Contemptor Dreadnought|16|1||Twin volkite culverin|Devastating Wounds, Twin-linked|36|Ranged|4|3|6|0|2
3656|Relic Contemptor Dreadnought|17|1||Armoured feet||Melee|Melee|6|3|6|0|1
3656|Relic Contemptor Dreadnought|18|1||Dreadnought chainfist|Anti-VEHICLE 3+|Melee|Melee|4|3|12|-2|3
3656|Relic Contemptor Dreadnought|19|1||Dreadnought combat weapon||Melee|Melee|5|3|12|-2|3
4111|Rotigus|1|1||Streams of brackish filth|Devastating Wounds, Ignores Cover, Torrent|12|Ranged|2D6|-|8|-2|1
4111|Rotigus|2|1||Gnarlrod - strike|Lethal Hits, Psychic|Melee|Melee|7|2|10|-3|3
4111|Rotigus|3|2||Gnarlrod - sweep|Lethal Hits, Psychic|Melee|Melee|14|2|8|-1|1
3640|Sicaran Battle Tank|1|1||Heavy bolter|Sustained Hits 1|36|Ranged|3|3|5|-1|2
3640|Sicaran Battle Tank|2|1||Herakles-pattern autocannon|Rapid Fire 2|48|Ranged|6|3|9|-1|3
3640|Sicaran Battle Tank|3|1||Hunter-killer missile|One Shot|48|Ranged|1|2|14|-3|D6
3640|Sicaran Battle Tank|4|1||Lascannon||48|Ranged|1|3|12|-3|D6+1
3640|Sicaran Battle Tank|5|1||Storm bolter|Rapid Fire 2|24|Ranged|2|3|4|0|1
3640|Sicaran Battle Tank|6|1||Armoured tracks||Melee|Melee|6|4|8|0|1
3684|Sicaran Punisher|1|1||Heavy bolter|Sustained Hits 1|36|Ranged|3|3|5|-1|2
3684|Sicaran Punisher|2|1||Hunter-killer missile|One Shot|48|Ranged|1|2|14|-3|D6
3684|Sicaran Punisher|3|1||Lascannon||48|Ranged|1|3|12|-3|D6+1
3684|Sicaran Punisher|4|1||Punisher rotary cannon|Devastating Wounds|36|Ranged|18|4|6|0|1
3684|Sicaran Punisher|5|1||Storm bolter|Rapid Fire 2|24|Ranged|2|3|4|0|1
3684|Sicaran Punisher|6|1||Armoured tracks||Melee|Melee|6|4|8|0|1
3676|Sicaran Venator|1|1||Heavy bolter|Sustained Hits 1|36|Ranged|3|3|5|-1|2
3676|Sicaran Venator|2|1||Hunter-killer missile|One Shot|48|Ranged|1|2|14|-3|D6
3676|Sicaran Venator|3|1||Lascannon||48|Ranged|1|3|12|-3|D6+1
3676|Sicaran Venator|4|1||Storm bolter|Rapid Fire 2|24|Ranged|2|3|4|0|1
3676|Sicaran Venator|5|1||Venator neutron laser|Heavy|48|Ranged|3|3|16|-4|D3+3
3676|Sicaran Venator|6|1||Armoured tracks||Melee|Melee|6|4|8|0|1
3636|Sokar-pattern Stormbird|1|1||Hellstrike missile battery|Anti-Fly 3+|48|Ranged|4|3|10|-3|D6
3636|Sokar-pattern Stormbird|2|1||Twin heavy bolter|Sustained Hits 1, Twin-linked|36|Ranged|3|3|5|-1|2
3636|Sokar-pattern Stormbird|3|1||Twin lascannon|Twin-linked|48|Ranged|1|3|12|-3|D6+1
3636|Sokar-pattern Stormbird|4|1||Armoured hull||Melee|Melee|9|4|9|0|1
3600|Sorcerer on Palanquin of Nurgle|1|1||Bolt pistol|Pistol|12|Ranged|1|2|4|0|1
3600|Sorcerer on Palanquin of Nurgle|2|1||Combi-bolter|Rapid Fire 2|24|Ranged|2|2|4|0|1
3600|Sorcerer on Palanquin of Nurgle|3|1||Combi-weapon|Anti-INFANTRY 4+, Devastating Wounds, Rapid Fire 1|24|Ranged|1|4|4|0|1
3600|Sorcerer on Palanquin of Nurgle|4|1||Infernal Gaze - focused witchfire|Devastating Wounds, Hazardous, Psychic|24|Ranged|D6|3|6|-2|D3
3600|Sorcerer on Palanquin of Nurgle|5|2||Infernal Gaze - witchfire|Psychic|24|Ranged|D6|3|5|-1|D3
3600|Sorcerer on Palanquin of Nurgle|6|1||Plasma pistol - standard|Pistol|12|Ranged|1|2|7|-2|1
3600|Sorcerer on Palanquin of Nurgle|7|2||Plasma pistol - supercharge|Hazardous, Pistol|12|Ranged|1|2|8|-3|2
3600|Sorcerer on Palanquin of Nurgle|8|1||Accursed weapon||Melee|Melee|6|2|5|-2|1
3600|Sorcerer on Palanquin of Nurgle|9|1||Astartes chainsword||Melee|Melee|5|3|4|-1|1
3600|Sorcerer on Palanquin of Nurgle|10|1||Force weapon|Psychic|Melee|Melee|4|3|6|-1|D3
3600|Sorcerer on Palanquin of Nurgle|11|1||Nurgling's claws and teeth|Extra Attacks, Lethal Hits|Melee|Melee|4|5|2|0|1
3600|Sorcerer on Palanquin of Nurgle|12|1||Power fist||Melee|Melee|5|2|8|-2|2
3620|Spartan|1|1||Heavy bolter|Sustained Hits 1|36|Ranged|3|3|5|-1|2
3620|Spartan|2|1||Heavy flamer|Ignores Cover, Torrent|12|Ranged|D6|-|5|-1|1
3620|Spartan|3|1||Laser destroyer|Heavy|36|Ranged|3|3|14|-4|D6+1
3620|Spartan|4|1||Multi-melta|Melta 2|18|Ranged|2|3|9|-4|D6
3620|Spartan|5|1||Quad lascannon||48|Ranged|4|3|12|-3|D6+1
3620|Spartan|6|1||Storm bolter|Rapid Fire 2|24|Ranged|2|3|4|0|1
3620|Spartan|7|1||Twin heavy bolter|Sustained Hits 1, Twin-linked|36|Ranged|3|3|5|-1|2
3620|Spartan|8|1||Twin heavy flamer|Ignores Cover, Torrent, Twin-linked|12|Ranged|D6|-|5|-1|1
3620|Spartan|9|1||Armoured tracks||Melee|Melee|6|4|8|0|1
3672|Storm Eagle Gunship|1|1||Twin heavy bolter|Sustained Hits 1, Twin-linked|36|Ranged|3|3|5|-1|2
3672|Storm Eagle Gunship|2|1||Twin hellstrike launcher|Anti-Fly 2+, Twin-linked|72|Ranged|2|3|10|-3|D6
3672|Storm Eagle Gunship|3|1||Twin lascannon|Twin-linked|48|Ranged|1|3|12|-3|D6+1
3672|Storm Eagle Gunship|4|1||Twin multi-melta|Melta 2, Twin-linked|18|Ranged|2|3|9|-4|D6
3672|Storm Eagle Gunship|5|1||Typhoon missile launcher - frag|Blast|48|Ranged|2D6|3|4|0|1
3672|Storm Eagle Gunship|6|2||Typhoon missile launcher - krak||48|Ranged|2|3|9|-2|D6
3672|Storm Eagle Gunship|7|1||Vengeance launcher|Blast|48|Ranged|2D6|3|6|0|1
3672|Storm Eagle Gunship|8|1||Armoured hull||Melee|Melee|6|4|8|0|1
1370|Tallyman|1|1||Plasma pistol - standard|Pistol|12|Ranged|1|3|7|-2|1
1370|Tallyman|2|2||Plasma pistol - supercharge|Hazardous, Pistol|12|Ranged|1|3|8|-3|2
1370|Tallyman|3|1||Close combat weapon||Melee|Melee|4|3|5|0|1
3604|Terrax-pattern Termite|1|1||Terrax melta cutter|Melta 2|12|Ranged|5|3|9|-4|D6
3604|Terrax-pattern Termite|2|1||Termite drill|Anti-VEHICLE 3+|Melee|Melee|6|4|14|-2|D3+3
3680|Typhon|1|1||Dreadhammer siege cannon|Blast|24|Ranged|D6+6|3|14|-3|D6
3680|Typhon|2|1||Heavy bolter|Sustained Hits 1|36|Ranged|3|3|5|-1|2
3680|Typhon|3|1||Heavy flamer|Ignores Cover, Torrent|12|Ranged|D6|-|5|-1|1
3680|Typhon|4|1||Lascannon||48|Ranged|1|3|12|-3|D6+1
3680|Typhon|5|1||Multi-melta|Melta 2|18|Ranged|2|3|9|-4|D6
3680|Typhon|6|1||Storm bolter|Rapid Fire 2|24|Ranged|2|3|4|0|1
3680|Typhon|7|1||Armoured tracks||Melee|Melee|6|4|8|0|1
1053|Typhus|1|1||Lakrimae - strike|Lethal Hits|Melee|Melee|6|2|9|-2|3
1053|Typhus|2|2||Lakrimae - sweep|Lethal Hits|Melee|Melee|12|2|6|-1|1
3660|Whirlwind Scorpius|1|1||Hunter-killer missile|One Shot|48|Ranged|1|2|14|-3|D6
3660|Whirlwind Scorpius|2|1||Scorpius multi-launcher|Blast, Indirect Fire|48|Ranged|2D3+3|3|6|-1|2
3660|Whirlwind Scorpius|3|1||Storm bolter|Rapid Fire 2|24|Ranged|2|3|4|0|1
3660|Whirlwind Scorpius|4|1||Armoured tracks||Melee|Melee|3|4|6|0|1
3664|Xiphon Interceptor|1|1||Twin lascannon|Twin-linked|48|Ranged|1|3|12|-3|D6+1
3664|Xiphon Interceptor|2|1||Xiphon missile battery|Anti-FLY 2+|60|Ranged|3|3|7|-1|3
3664|Xiphon Interceptor|3|1||Armoured hull||Melee|Melee|3|4|6|0|1
634|Archon|1|1||Blast pistol|Pistol|6|Ranged|1|2|8|-3|D3
634|Archon|2|1||Splinter pistol|Anti-Infantry 3+, Assault, Pistol|12|Ranged|1|2|2|0|1
634|Archon|3|1||Agoniser|Anti-Infantry 3+|Melee|Melee|6|2|3|-2|1
634|Archon|4|1||Huskblade|Devastating Wounds|Melee|Melee|4|2|3|-2|3
634|Archon|5|1||Master-crafted power weapon||Melee|Melee|5|2|4|-2|2
652|Beastmaster|1|1||Splinter pods|Anti-Infantry 3+, Assault, Twin-Linked|18|Ranged|2|3|2|0|1
652|Beastmaster|2|1||Agonizer|Anti-Infantry 3+|Melee|Melee|3|3|3|-2|1
652|Beastmaster|3|1||Clawed Fiend fists|Devastating Wounds|Melee|Melee|5|4|5|-2|2
652|Beastmaster|4|1||Khymerae talons|Lethal Hits|Melee|Melee|4|4|5|-1|1
652|Beastmaster|5|1||Razorwing Feathers|Sustained Hits 1|Melee|Melee|6|4|3|0|1
4170|Corsair Cloud Dancer|1|1||Brace of pistols|Assault, Pistol|12|Ranged|2|3|3|0|1
4170|Corsair Cloud Dancer|2|1||Dark lance||36|Ranged|1|3|12|-3|D6+2
4170|Corsair Cloud Dancer|3|1||Dissonance cannon|Devastating Wounds|24|Ranged|3|3|6|-1|2
4170|Corsair Cloud Dancer|4|1||Dissonance pistol|Devastating Wounds, Pistol|12|Ranged|1|3|6|-1|1
4170|Corsair Cloud Dancer|5|1||Shuriken cannon|Sustained Hits 1|24|Ranged|3|3|6|-1|2
4170|Corsair Cloud Dancer|6|1||Splinter cannon|Anti-Infantry 3+, Sustained Hits 1|36|Ranged|3|3|3|-1|2
4170|Corsair Cloud Dancer|7|1||Twin shuriken catapult|Assault, Twin-linked|18|Ranged|2|3|4|-1|1
4170|Corsair Cloud Dancer|8|1||Close combat weapon||Melee|Melee|2|3|3|0|1
4170|Corsair Cloud Dancer|9|1||Void sabre||Melee|Melee|3|3|4|-2|1
4171|Corsair Reaver Band|1|1||Aeldari missile launcher - starshot||48|Ranged|1|3|10|-2|D6
4171|Corsair Reaver Band|2|2||Aeldari missile launcher - sunburst|Blast|48|Ranged|D6|3|4|-1|1
4171|Corsair Reaver Band|3|1||Blaster|Assault|18|Ranged|1|3|8|-4|D6+1
4171|Corsair Reaver Band|4|1||Brace of pistols|Assault, Pistol|12|Ranged|2|3|3|0|1
4171|Corsair Reaver Band|5|1||Corsair firearm|Assault, Lethal Hits|24|Ranged|4|3|4|0|1
4171|Corsair Reaver Band|6|1||Dark lance|Heavy|48|Ranged|1|4|12|-3|D6+2
4171|Corsair Reaver Band|7|1||Dissonance pistol|Devastating Wounds, Pistol|12|Ranged|1|3|6|-1|1
4171|Corsair Reaver Band|8|1||Flamer|Assault, Ignores Cover, Torrent|12|Ranged|D6|-|4|0|1
4171|Corsair Reaver Band|9|1||Fusion gun|Assault, Melta 2|12|Ranged|1|3|8|-4|D6+1
4171|Corsair Reaver Band|10|1||Shredder|Assault, Torrent|18|Ranged|D6|-|6|0|1
4171|Corsair Reaver Band|11|1||Shuriken cannon|Sustained Hits 1|24|Ranged|3|3|6|-1|2
4171|Corsair Reaver Band|12|1||Splinter cannon|Anti-Infantry 3+, Heavy, Sustained Hits 1|36|Ranged|3|3|3|-1|2
4171|Corsair Reaver Band|13|1||Close combat weapon||Melee|Melee|2|3|3|0|1
4171|Corsair Reaver Band|14|1||Spar glaive||Melee|Melee|4|3|3|0|1
4171|Corsair Reaver Band|15|1||Void sabre||Melee|Melee|3|3|4|-2|1
4199|Corsair Skyreaver|1|1||Blast Pistol|Assault, Pistol|6|Ranged|1|3|8|-3|D3
4199|Corsair Skyreaver|2|1||Corsair blaster|Assault|18|Ranged|1|3|8|-4|D6+1
4199|Corsair Skyreaver|3|1||Flamer|Assault, Ignores Cover, Torrent|12|Ranged|D6|-|4|0|1
4199|Corsair Skyreaver|4|1||Fusion gun|Assault, Melta 2|12|Ranged|1|3|8|-4|D6
4199|Corsair Skyreaver|5|1||Neuro disruptor|Anti-Infantry 2+, Assault, Pistol|12|Ranged|1|3|4|-2|1
4199|Corsair Skyreaver|6|1||Shredder|Assault, Torrent|18|Ranged|D6|-|6|0|1
4199|Corsair Skyreaver|7|1||Shuriken pistol|Assault, Pistol|12|Ranged|1|3|4|-1|1
4199|Corsair Skyreaver|8|1||Shuriken Pistol|Assault, Pistol|12|Ranged|1|3|4|-1|1
4199|Corsair Skyreaver|9|1||Close combat weapon||Melee|Melee|3|3|3|0|1
4199|Corsair Skyreaver|10|1||Corsair Blade||Melee|Melee|3|3|4|-2|1
4168|Corsair Voidreaver|1|1||Blaster|Assault|18|Ranged|1|3|8|-4|D6+1
4168|Corsair Voidreaver|2|1||Corsair shredder|Assault, Torrent|18|Ranged|D6|-|6|0|1
4168|Corsair Voidreaver|3|1||Neuro disruptor|Anti-Infantry 2+, Assault, Pistol|12|Ranged|1|3|4|-2|1
4168|Corsair Voidreaver|4|1||Shuriken cannon|Lethal Hits|24|Ranged|3|3|6|-1|2
4168|Corsair Voidreaver|5|1||Shuriken pistol|Assault, Pistol|12|Ranged|1|3|4|-1|1
4168|Corsair Voidreaver|6|1||Shuriken Pistol|Assault, Pistol|12|Ranged|1|3|4|-1|1
4168|Corsair Voidreaver|7|1||Shuriken rifle|Assault, Rapid Fire 1|24|Ranged|1|3|4|-1|1
4168|Corsair Voidreaver|8|1||Wraithcannon||18|Ranged|1|3|14|-4|D6+1
4168|Corsair Voidreaver|9|1||Close Combat Weapon||Melee|Melee|2|3|3|0|1
4168|Corsair Voidreaver|10|1||Power sword||Melee|Melee|2|3|4|-2|1
4169|Corsair Voidscarred|1|1||Corsair blaster|Assault|18|Ranged|1|3|8|-4|D6+1
4169|Corsair Voidscarred|2|1||Corsair shredder|Assault, Torrent|18|Ranged|D6|-|6|0|1
4169|Corsair Voidscarred|3|1||Executioner|Anti-Infantry 2+, Psychic|18|Ranged|3|3|6|-2|D3
4169|Corsair Voidscarred|4|1||Fusion pistol|Assault, Melta 2, Pistol|6|Ranged|1|3|8|-4|D6
4169|Corsair Voidscarred|5|1||Long rifle|Heavy, Precision|36|Ranged|1|3|4|-1|2
4169|Corsair Voidscarred|6|1||Neuro disruptor|Anti-Infantry 2+, Assault, Pistol|12|Ranged|1|3|4|-2|1
4169|Corsair Voidscarred|7|1||Shuriken cannon|Lethal Hits|24|Ranged|3|3|6|-1|2
4169|Corsair Voidscarred|8|1||Shuriken pistol|Assault, Pistol|12|Ranged|1|3|4|-1|1
4169|Corsair Voidscarred|9|1||Shuriken Pistol|Assault, Pistol|12|Ranged|1|3|4|-1|1
4169|Corsair Voidscarred|10|1||Shuriken rifle|Assault, Rapid Fire 1|24|Ranged|1|3|4|-1|1
4169|Corsair Voidscarred|11|1||Wraithcannon||18|Ranged|1|3|14|-4|D6+1
4169|Corsair Voidscarred|12|1||Close combat weapon||Melee|Melee|3|3|3|0|1
4169|Corsair Voidscarred|13|1||Paired Hekatarii blades|Twin-Linked|Melee|Melee|4|2|3|-2|1
4169|Corsair Voidscarred|14|1||Power sword||Melee|Melee|3|3|4|-2|1
4169|Corsair Voidscarred|15|1||Witch staff|Anti-Infantry 2+, Psychic|Melee|Melee|2|2|3|0|D3
2471|Court of the Archon|1|1||Eyeburst|Pistol, Torrent|12|Ranged|D6|-|6|-2|1
2471|Court of the Archon|2|1||Shardcarbine|Anti-Infantry 3+, Assault|18|Ranged|3|3|2|0|1
2471|Court of the Archon|3|1||Splinter pistol|Anti-Infantry 3+, Assault, Pistol|12|Ranged|1|3|2|0|1
2471|Court of the Archon|4|1||Close combat weapon||Melee|Melee|2|3|3|0|1
2471|Court of the Archon|5|1||Shaimeshi Blade|Anti-Infantry 2+|Melee|Melee|4|3|4|-2|1
2471|Court of the Archon|6|1||Sslyth battle-blade||Melee|Melee|3|3|5|-2|2
2471|Court of the Archon|7|1||Ur-ghul Talons|Sustained Hits 1|Melee|Melee|6|3|4|0|1
664|Cronos|1|1||Spirit Syphon|Ignores Cover, Torrent|12|Ranged|D6|-|5|-1|1
664|Cronos|2|1||Spirit Vortex|Blast, Ignores Cover|18|Ranged|D6|3|5|-1|1
664|Cronos|3|1||Spirit-leech Tentacles|Anti-Infantry 2+|Melee|Melee|6|3|5|-1|1
4158|Death Jester|1|1||Shrieker Cannon||24|Ranged|3|2|6|-2|2
4158|Death Jester|2|1||Jester's Blade||Melee|Melee|4|2|4|0|1
643|Drazhar|1|1||The Executioner's demiklaives - Dual Blades|Devastating Wounds|Melee|Melee|8|2|5|-2|2
643|Drazhar|2|2||The Executioner's demiklaives - Single Blade|Devastating Wounds|Melee|Melee|6|2|6|-2|3
651|Grotesque|1|1||Liquifier Gun|Anti-Infantry 3+, Torrent|12|Ranged|D6|-|4|-1|1
651|Grotesque|2|1||Monstrous Weapons||Melee|Melee|4|3|5|-2|2
651|Grotesque|3|1||Paired monstrous Weapons|Twin-Linked|Melee|Melee|4|3|5|-2|2
641|Haemonculus|1|1||Stinger Pistol|Anti-infantry 2+, Pistol, Precision|12|Ranged|1|2|2|-1|D3
641|Haemonculus|2|1||Haemonculus tools and scissorhands|Anti-Infantry 2+, Precision|Melee|Melee|5|2|3|-1|D3
4156|Kabalite Agents|1|1||Blast Pistol|Pistol|6|Ranged|1|3|8|-3|D3
4156|Kabalite Agents|2|1||Blaster|Assault|18|Ranged|1|3|8|-4|D6+1
4156|Kabalite Agents|3|1||Dark Lance|Heavy|36|Ranged|1|4|12|-3|D6+2
4156|Kabalite Agents|4|1||Shardcarbine|Anti-Infantry 3+, Assault|18|Ranged|3|3|2|0|1
4156|Kabalite Agents|5|1||Shredder|Assault, Torrent|18|Ranged|D6|-|6|0|1
4156|Kabalite Agents|6|1||Splinter Cannon|Anti-Infantry 3+, Heavy, Sustained Hits 1|36|Ranged|3|4|3|-1|2
4156|Kabalite Agents|7|1||Splinter Pistol|Anti-Infantry 3+, Assault, Pistol|12|Ranged|1|3|2|0|1
4156|Kabalite Agents|8|1||Splinter Rifle|Anti-Infantry 3+, Assault|24|Ranged|2|3|2|0|1
4156|Kabalite Agents|9|1||Stinger pistol|Anti-Infantry 2+, Pistol|12|Ranged|1|3|2|0|1
4156|Kabalite Agents|10|1||Close Combat Weapon||Melee|Melee|2|3|3|0|1
4156|Kabalite Agents|11|1||Pain sculptors|Anti-Infantry 4+, Twin-Linked|Melee|Melee|3|3|4|-1|1
4156|Kabalite Agents|12|1||Power Weapon|Anti-Infantry 3+|Melee|Melee|4|3|3|-2|1
4156|Kabalite Agents|13|1||Razorflail||Melee|Melee|4|3|4|-2|1
659|Hellions|1|1||Splinter Pistol|Anti-infantry 3+, Assault, Pistol|12|Ranged|1|3|2|0|1
659|Hellions|2|1||Splinter Pods|Anti-Infantry 3+, Assault, Twin Linked|18|Ranged|2|3|2|0|1
659|Hellions|3|1||Hellglaive|Lance, Sustained Hits 1|Melee|Melee|3|3|4|-1|2
659|Hellions|4|1||Power weapon|Anti-Infantry 3+, Lance, Sustained Hits 1|Melee|Melee|4|3|3|-2|1
659|Hellions|5|1||Stunclaw|Devastating Wounds, Lance, Precision|Melee|Melee|4|3|3|-1|1
648|Incubi|1|1||Demiklaives - Dual Blades||Melee|Melee|6|3|4|-2|1
648|Incubi|2|2||Demiklaives - Single Blade||Melee|Melee|4|3|5|-2|2
648|Incubi|3|1||Klaive||Melee|Melee|3|3|5|-2|2
644|Kabalite Warriors|1|1||Blast Pistol|Pistol|6|Ranged|1|3|8|-3|D3
644|Kabalite Warriors|2|1||Blaster|Assault|18|Ranged|1|3|8|-4|D6+1
644|Kabalite Warriors|3|1||Dark Lance|Heavy|36|Ranged|1|4|12|-3|D6+2
644|Kabalite Warriors|4|1||Shredder|Assault, Torrent|18|Ranged|D6|-|6|0|1
644|Kabalite Warriors|5|1||Splinter Cannon|Anti-Infantry 3+, Heavy, Sustained Hits 1|36|Ranged|3|4|3|-1|2
644|Kabalite Warriors|6|1||Splinter Pistol|Anti-Infantry 3+, Assault, Pistol|12|Ranged|1|3|2|0|1
644|Kabalite Warriors|7|1||Splinter Rifle|Anti-Infantry 3+, Assault|24|Ranged|2|3|2|0|1
644|Kabalite Warriors|8|1||Close Combat Weapon||Melee|Melee|2|3|3|0|1
644|Kabalite Warriors|9|1||Power Weapon|Anti-Infantry 3+|Melee|Melee|3|3|3|-2|1
735806|Kharseth|1|1||Dread of the Deep Void|Anti-Infantry 2+, Blast, Hazardous, Ignores Cover, Psychic|24|Ranged|D6+2|3|3|-2|1
735806|Kharseth|2|1||Waystave|Anti-Infantry 2+, Psychic|Melee|Melee|3|2|3|0|3
4155|Lady Malys|1|1||Lady's Blade|Devastating Wounds, Hazardous|Melee|Melee|6|2|5|-3|3
4155|Lady Malys|2|1||Razor fan|Extra Attacks|Melee|Melee|6|2|3|0|1
640|Lelith Hesperax|1|1||Lelith's blades|Anti-Infantry 2+, Precision, Sustained Hits 2|Melee|Melee|8|2|3|-2|1
649|Mandrake|1|1||Baleblast|Assault, Devastating Wounds, Ignores Cover|18|Ranged|2|3|5|-1|1
649|Mandrake|2|1||Glimmersteel Blade|Devastating Wounds|Melee|Melee|3|3|5|-1|1
4198|Prince Yriel|1|1||Shuriken Pistol|Assault, Pistol|12|Ranged|1|2|4|-1|1
4198|Prince Yriel|2|1||The Eye of Wrath|Assault, Pistol|6|Ranged|3|2|6|-2|2
4198|Prince Yriel|3|1||The Spear of Twilight|Lance|Melee|Melee|5|2|7|-3|3
656|Raider|1|1||Dark Lance||36|Ranged|1|3|12|-3|D6+2
656|Raider|2|1||Disintegrator Cannon||36|Ranged|3|3|6|-3|2
656|Raider|3|1||Bladevanes and chainsnares||Melee|Melee|D3+3|4|6|-1|1
665|Ravager|1|1||Dark Lance||36|Ranged|1|3|12|-3|D6+2
665|Ravager|2|1||Disintegrator Cannon||36|Ranged|3|3|6|-3|2
665|Ravager|3|1||Bladevanes||Melee|Melee|3|4|6|-1|1
1390|Raven Strike Fighter|1|1||Dark lance||36|Ranged|1|3|12|-3|D6+2
1390|Raven Strike Fighter|2|1||Splinterstorm cannon|Anti-Infantry 3+, Sustained Hits 2|36|Ranged|8|3|3|-1|2
1390|Raven Strike Fighter|3|1||Bladed wings||Melee|Melee|3|4|6|-1|1
660|Razorwing Jetfighter|1|1||Dark Lance||36|Ranged|1|3|12|-3|D6+2
660|Razorwing Jetfighter|2|1||Disintegrator Cannon||36|Ranged|3|3|6|-3|2
660|Razorwing Jetfighter|3|1||Razorwing Missiles - Monoscythe Missiles|Blast|48|Ranged|D6|3|6|-1|2
660|Razorwing Jetfighter|4|2||Razorwing Missiles - Neurotoxin Missiles|Anti-Infantry 2+, Blast|48|Ranged|D6+3|3|2|0|1
660|Razorwing Jetfighter|5|3||Razorwing Missiles - Shatterfield Missiles|Blast|48|Ranged|D6|3|7|-2|1
660|Razorwing Jetfighter|6|1||Splinter Cannon|Anti-Infantry 3+, Sustained Hits 1|36|Ranged|3|3|3|-1|2
660|Razorwing Jetfighter|7|1||Twin Splinter Rifle|Anti-Infantry 3+, Assault, Rapid Fire 2, Twin Linked|24|Ranged|2|3|2|0|1
660|Razorwing Jetfighter|8|1||Bladed Wings||Melee|Melee|3|4|6|-1|1
666|Reaper|1|1||Storm vortex projector - beam||36|Ranged|3|3|12|-3|D6
666|Reaper|2|2||Storm vortex projector - blast|Blast|24|Ranged|D6+3|3|6|-2|2
666|Reaper|3|1||Bladevanes||Melee|Melee|3|4|6|-1|1
666|Reaper|4|1||Prow blade|Extra Attacks, Lance, Sustained Hits 3|Melee|Melee|1|4|8|-2|2
658|Reavers|1|1||Blaster|Assault|18|Ranged|1|3|8|-4|D6+1
658|Reavers|2|1||Heat Lance|Assault, Melta 3|18|Ranged|1|3|14|-4|D6
658|Reavers|3|1||Splinter Pistol|Anti-Infantry 3+, Assault, Pistol|12|Ranged|1|3|2|0|1
658|Reavers|4|1||Splinter Rifle|Anti-Infantry 3+, Assault|24|Ranged|2|3|2|0|1
658|Reavers|5|1||Bladevanes|Lance|Melee|Melee|4|3|4|-1|1
4157|Scourges|1|1||Blast Pistol|Pistol|6|Ranged|1|3|8|-3|D3
4157|Scourges|2|1||Blaster|Assault|18|Ranged|1|3|8|-4|D6+1
4157|Scourges|3|1||Dark Lance|Heavy|36|Ranged|1|4|12|-3|D6+2
4157|Scourges|4|1||Haywire Blaster|Anti-Vehicle 4+, Devastating Wounds, Heavy|24|Ranged|2|4|3|-1|3
4157|Scourges|5|1||Heat Lance|Assault, Heavy, Melta 3|18|Ranged|1|4|14|-4|D6
4157|Scourges|6|1||Shardcarbine|Anti-Infantry 3+, Assault|18|Ranged|3|3|2|0|1
4157|Scourges|7|1||Shredder|Assault, Torrent|18|Ranged|D6|-|6|0|1
4157|Scourges|8|1||Splinter Cannon|Anti-Infantry 3+, Heavy, Sustained Hits 1|36|Ranged|3|4|3|-1|2
4157|Scourges|9|1||Splinter Pistol|Anti-Infantry 3+, Assault, Pistol|12|Ranged|1|3|2|0|1
4157|Scourges|10|1||Close combat weapon||Melee|Melee|2|3|3|0|1
4157|Scourges|11|1||Power Weapon|Anti-Infantry 3+|Melee|Melee|3|3|3|-2|1
749374|Scourges|1|1||Blast Pistol|Pistol|6|Ranged|1|3|8|-3|D3
749374|Scourges|2|1||Blaster|Assault|18|Ranged|1|3|8|-4|D6+1
749374|Scourges|3|1||Shardcarbine|Anti-Infantry 3+, Assault|18|Ranged|3|3|2|0|1
749374|Scourges|4|1||Shredder|Assault, Torrent|18|Ranged|D6|-|6|0|1
749374|Scourges|5|1||Splinter Pistol|Anti-Infantry 3+, Assault, Pistol|12|Ranged|1|3|2|0|1
749374|Scourges|6|1||Close combat weapon||Melee|Melee|2|3|3|0|1
749374|Scourges|7|1||Power Weapon|Anti-Infantry 3+|Melee|Melee|3|3|3|-2|1
4159|Shadowseer|1|1||Neuro Disruptor|Anti-infantry 2+, Assault, Pistol|12|Ranged|1|2|4|-2|1
4159|Shadowseer|2|1||Shuriken Pistol|Assault, Pistol|12|Ranged|1|2|4|-1|1
4159|Shadowseer|3|1||Miststave|Psychic|Melee|Melee|4|2|5|-1|D3
4163|Skyweaver|1|1||Shuriken Cannon|Lethal Hits|24|Ranged|3|3|6|-1|2
4163|Skyweaver|2|1||Skyweaver Haywire Cannon|Anti-Vehicle 4+, Devastating Wounds|24|Ranged|2|3|3|-1|3
4163|Skyweaver|3|1||Star Bolas||12|Ranged|D3|3|7|-2|2
4163|Skyweaver|4|1||Close Combat Weapon||Melee|Melee|4|3|3|0|1
4163|Skyweaver|5|1||Zephyrglaive||Melee|Melee|4|3|6|-2|2
4160|Solitaire|1|1||Solitaire Weapons|Precision|Melee|Melee|9|2|6|-2|2
4200|Starfang|1|1||Disintegrator Cannon|Assault|36|Ranged|3|3|6|-3|2
4200|Starfang|2|1||Starfang Grenade Launcher|Assault, Blast|36|Ranged|D3|3|6|-3|2
4200|Starfang|3|1||Wraithbone Hull||Melee|Melee|3|4|6|0|1
4162|Starweaver|1|1||Shuriken Cannon|Lethal Hits|24|Ranged|3|3|6|-1|2
4162|Starweaver|2|1||Close Combat Weapon||Melee|Melee|4|3|3|0|1
639|Succubus|1|1||Archite glaive and agoniser|Anti-Infantry 3+, Precision|Melee|Melee|7|2|3|-2|1
663|Talos|1|1||Stinger Pod||24|Ranged|2D6|3|5|0|1
663|Talos|2|1||Twin Haywire Blaster|Anti-Vehicle 4+, Devastating Wounds, Twin-Linked|24|Ranged|2|3|3|-1|3
663|Talos|3|1||Twin heat lance|Assault, Melta 3, Twin-Linked|18|Ranged|1|3|14|-4|D6
663|Talos|4|1||Twin Liquifier Gun|Anti-Infantry 3+, Torrent, Twin-Linked|12|Ranged|D6|-|4|-1|1
663|Talos|5|1||Twin Splinter Cannon|Anti-Infantry 3+, Sustained hits 1, Twin-Linked|36|Ranged|3|3|3|-1|2
663|Talos|6|1||Chain-flails||Melee|Melee|8|3|6|-1|1
663|Talos|7|1||Macro-Scalpel||Melee|Melee|5|3|7|-2|2
663|Talos|8|1||Talos Gauntlet||Melee|Melee|5|4|9|-2|3
663|Talos|9|1||Talos Ichor Injector|Extra Attacks|Melee|Melee|1|2|8|-2|D6
667|Tantalus|1|1||Pulse disintegrators|Assault|36|Ranged|12|3|10|-2|2
667|Tantalus|2|1||Dire scythe blades|Devastating Wounds|Melee|Melee|9|4|8|-1|2
4164|Troupe|1|1||Fusion Pistol|Assault, Melta 2, Pistol|6|Ranged|1|3|8|-4|D6
4164|Troupe|2|1||Neuro Disruptor|Anti-infantry 2+, Assault, Pistol|12|Ranged|1|3|4|-2|1
4164|Troupe|3|1||Shuriken Pistol|Assault, Pistol|12|Ranged|1|3|4|-1|1
4164|Troupe|4|1||Harlequin's Blade|Devastating Wounds|Melee|Melee|5|3|3|-1|1
4164|Troupe|5|1||Harlequin's Special Weapon|Devastating Wounds|Melee|Melee|4|3|4|-1|1
4164|Troupe|6|1||Power sword|Devastating Wounds|Melee|Melee|5|3|4|-2|1
4161|Troupe Master|1|1||Fusion Pistol|Assault, Melta 2, Pistol|6|Ranged|1|2|8|-4|D6
4161|Troupe Master|2|1||Neuro Disruptor|Anti-infantry 2+, Assault, Pistol|12|Ranged|1|2|4|-2|1
4161|Troupe Master|3|1||Shuriken Pistol|Assault, Pistol|12|Ranged|1|2|4|-1|1
4161|Troupe Master|4|1||Harlequin's Special Weapon|Devastating Wounds|Melee|Melee|6|2|4|-1|2
4161|Troupe Master|5|1||Troupe Master's Blade|Devastating Wounds|Melee|Melee|5|2|5|-2|2
642|Urien Rakarth|1|1||Casket of Flensing|Devastating Wounds, One Shot, Torrent|12|Ranged|3D6|-|3|-1|1
642|Urien Rakarth|2|1||Haemonculus tools and scissorhands|Anti-Infantry 2+, Precision|Melee|Melee|5|2|3|-1|D3
657|Venom|1|1||Splinter Cannon|Anti-Infantry 3+, Sustained hits 1|36|Ranged|3|3|3|-1|2
657|Venom|2|1||Twin Splinter Rifle|Anti-Infantry 3+, Assault, Rapid Fire 2, Twin Linked|24|Ranged|2|3|2|0|1
657|Venom|3|1||Bladevanes||Melee|Melee|3|4|5|-1|1
661|Voidraven|1|1||Dark Scythe||24|Ranged|6|3|8|-4|2
661|Voidraven|2|1||Void Lance||36|Ranged|2|3|14|-4|D6+2
661|Voidraven|3|1||Voidraven Missiles -  Implosion Missiles|Blast|48|Ranged|D3|3|9|-2|3
661|Voidraven|4|2||Voidraven Missiles - Shatterfield Missiles|Blast|48|Ranged|D6|3|7|-2|1
661|Voidraven|5|1||Bladed Wings||Melee|Melee|3|4|6|-1|1
4165|Voidweaver|1|1||Prismatic Cannon - dispersed pulse|Blast|24|Ranged|2D6|3|4|0|1
4165|Voidweaver|2|2||Prismatic Cannon - focused lances||24|Ranged|2|3|12|-3|4
4165|Voidweaver|3|1||Shuriken Cannon|Lethal Hits|24|Ranged|3|3|6|-1|2
4165|Voidweaver|4|1||Voidweaver Haywire Cannon|Anti-vehicle 4+, Devastating Wounds|24|Ranged|3|3|4|-1|3
4165|Voidweaver|5|1||Close Combat Weapon||Melee|Melee|4|3|3|0|1
650|Wracks|1|1||Hexrifle|Heavy, Precision|36|Ranged|1|3|8|-2|3
650|Wracks|2|1||Liquifier Gun|Anti-Infantry 3+, Torrent|12|Ranged|D6|-|4|-1|1
650|Wracks|3|1||Ossefactor|Anti-Infantry 4+, Devastating Wounds|24|Ranged|1|3|2|-2|2
650|Wracks|4|1||Stinger Pistol|Anti-infantry 2+, Pistol|12|Ranged|1|3|2|0|1
650|Wracks|5|1||Power weapon|Anti-Infantry 3+|Melee|Melee|3|3|5|-2|1
650|Wracks|6|1||Torturer's tool|Anti-Infantry 4+|Melee|Melee|2|3|4|-1|1
650|Wracks|7|1||Twin Torturer's Tools|Anti-Infantry 4+, Twin-Linked|Melee|Melee|2|3|4|-1|1
646|Wyches|1|1||Blast Pistol|Pistol|6|Ranged|1|3|8|-4|D3
646|Wyches|2|1||Splinter Pistol|Anti-Infantry 3+, Assault, Pistol|12|Ranged|1|3|2|0|1
646|Wyches|3|1||Gladiatorial weapons||Melee|Melee|5|3|4|-2|1
646|Wyches|4|1||Hekatarii Blade||Melee|Melee|4|3|3|-1|1
646|Wyches|5|1||Power weapon|Anti-Infantry 3+|Melee|Melee|5|3|3|-2|1
4082|Chaos Land Raider|1|1||Combi-bolter|Rapid Fire 2|24|Ranged|2|3|5|-1|1
4082|Chaos Land Raider|2|1||Combi-weapon|Anti-INFANTRY 4+, Devastating Wounds, Rapid Fire 1|24|Ranged|1|4|5|-1|1
4082|Chaos Land Raider|3|1||Havoc launcher|Blast|48|Ranged|D6|3|5|0|1
4082|Chaos Land Raider|4|1||Soulshatter lascannon||48|Ranged|2|3|12|-3|D6+1
4082|Chaos Land Raider|5|1||Twin heavy bolter|Sustained Hits 1, Twin-linked|36|Ranged|3|3|5|-1|2
4082|Chaos Land Raider|6|1||Armoured tracks||Melee|Melee|6|4|8|0|1
4093|Chaos Rhino|1|1||Combi-bolter|Rapid Fire 2|24|Ranged|2|3|5|-1|1
4093|Chaos Rhino|2|1||Combi-weapon|Anti-INFANTRY 4+, Devastating Wounds, Rapid Fire 1|24|Ranged|1|4|5|-1|1
4093|Chaos Rhino|3|1||Havoc launcher|Blast|48|Ranged|D6|3|5|0|1
4093|Chaos Rhino|4|1||Armoured tracks||Melee|Melee|3|4|6|0|1
4090|Chaos Spawn|1|1||Hideous Mutations||Melee|Melee|D6+2|4|5|-1|2
369206|Chaos Terminators|1|1||Combi-bolter|Rapid Fire 2|24|Ranged|2|3|5|-1|1
369206|Chaos Terminators|2|1||Combi-weapon|Anti-INFANTRY 4+, Devastating Wounds, Rapid Fire 1|24|Ranged|1|4|5|-1|1
369206|Chaos Terminators|3|1||Heavy flamer|Ignores Cover, Torrent|12|Ranged|D6|-|5|-1|1
369206|Chaos Terminators|4|1||Reaper autocannon|Devastating Wounds, Sustained Hits 1|36|Ranged|4|3|7|-1|1
369206|Chaos Terminators|5|1||Accursed weapon||Melee|Melee|4|3|5|-2|1
369206|Chaos Terminators|6|1||Chainfist|Anti-VEHICLE 3+|Melee|Melee|3|4|8|-2|2
369206|Chaos Terminators|7|1||Paired accursed weapons|Twin-linked|Melee|Melee|5|3|5|-2|1
369206|Chaos Terminators|8|1||Power fist||Melee|Melee|3|3|8|-2|2
4086|Daemon Prince of Slaanesh|1|1||Infernal cannon||24|Ranged|3|2|5|-1|2
4086|Daemon Prince of Slaanesh|2|1||Hellforged weapons - strike||Melee|Melee|6|2|8|-2|3
4086|Daemon Prince of Slaanesh|3|2||Hellforged weapons - sweep||Melee|Melee|14|2|6|0|1
4087|Daemon Prince of Slaanesh with Wings|1|1||Infernal cannon||24|Ranged|3|2|5|-1|2
4087|Daemon Prince of Slaanesh with Wings|2|1||Hellforged weapons - strike||Melee|Melee|6|2|8|-2|3
4087|Daemon Prince of Slaanesh with Wings|3|2||Hellforged weapons - sweep||Melee|Melee|14|2|6|0|1
4095|Daemonettes|1|1||Slashing claws|Devastating Wounds|Melee|Melee|3|3|4|-1|1
4208|Defiler|1|1||Ectoplasma destructor|Blast|36|Ranged|D6|3|12|-3|3
4208|Defiler|2|1||Excruciator cannon||36|Ranged|6|3|6|-1|2
4208|Defiler|3|1||Hades battle cannon|Blast|48|Ranged|D6+3|3|10|-1|3
4208|Defiler|4|1||Hades lascannon||48|Ranged|2|3|12|-3|D6+1
4208|Defiler|5|1||Heavy baleflamer|Ignores Cover, Torrent|12|Ranged|D6+3|-|7|-2|2
4208|Defiler|6|1||Heavy missile launcher - frag|Blast|48|Ranged|2D6|3|5|-1|1
4208|Defiler|7|2||Heavy missile launcher - krak||48|Ranged|2|3|10|-2|D6+1
4208|Defiler|8|1||Heavy reaper autocannon|Devastating Wounds, Sustained Hits 1|48|Ranged|4|3|9|-1|3
4208|Defiler|9|1||Magma cutter|Melta 2|12|Ranged|2|3|9|-4|D6
4208|Defiler|10|1||Electroscourge|Extra Attacks, Sustained Hits 2|Melee|Melee|5|3|12|-2|2
4208|Defiler|11|1||Shearing claws - strike|Precision|Melee|Melee|5|3|16|-3|D6+1
4208|Defiler|12|2||Shearing claws - sweep||Melee|Melee|10|3|6|-2|1
4096|Fiends|1|1||Barbed tail and dissecting claws|Devastating Wounds|Melee|Melee|5|3|5|-2|2
4089|Flawless Blades|1|1||Bolt pistol|Pistol|12|Ranged|1|3|5|-1|1
4089|Flawless Blades|2|1||Blissblade||Melee|Melee|4|2|6|-3|2
4077|Fulgrim|1|1||Malefic lash|Sustained Hits 1|12|Ranged|6|2|8|-2|2
4077|Fulgrim|2|1||Daemonic blades - strike|Sustained Hits 1|Melee|Melee|6|2|14|-3|D6+1
4077|Fulgrim|3|2||Daemonic blades - sweep|Sustained Hits 1|Melee|Melee|12|2|8|-2|2
4077|Fulgrim|4|1||Serpentine tail|Extra Attacks|Melee|Melee|6|2|6|-1|1
4092|Heldrake|1|1||Baleflamer|Ignores Cover, Torrent|12|Ranged|D6+3|-|6|-1|2
4092|Heldrake|2|1||Hades autocannon||36|Ranged|6|3|8|-1|2
4092|Heldrake|3|1||Heldrake claws|Anti-FLY 2+, Devastating Wounds|Melee|Melee|5|3|7|-1|2
4080|Infractors|1|1||Bolt pistol|Pistol|12|Ranged|1|3|5|-1|1
4080|Infractors|2|1||Plasma pistol - standard|Pistol|12|Ranged|1|3|7|-2|1
4080|Infractors|3|2||Plasma pistol - supercharge|Hazardous, Pistol|12|Ranged|1|3|8|-3|2
4080|Infractors|4|1||Duelling sabre|Precision|Melee|Melee|4|3|5|-1|1
4080|Infractors|5|1||Power sword||Melee|Melee|4|3|5|-2|1
4080|Infractors|6|1||Rapture lash||Melee|Melee|6|3|4|-1|1
4097|Keeper of Secrets|1|1||Living whip|Assault|12|Ranged|6|2|6|-1|2
4097|Keeper of Secrets|2|1||Phantasmagoria - focused witchfire|Devastating Wounds, Hazardous, Psychic|18|Ranged|9|2|6|-2|1
4097|Keeper of Secrets|3|2||Phantasmagoria - witchfire|Devastating Wounds, Psychic|18|Ranged|6|2|6|-2|1
4097|Keeper of Secrets|4|1||Ritual knife|Extra Attacks|Melee|Melee|3|2|6|-2|2
4097|Keeper of Secrets|5|1||Snapping claws|Devastating Wounds, Extra Attacks|Melee|Melee|4|2|6|-2|3
4097|Keeper of Secrets|6|1||Witstealer sword||Melee|Melee|6|2|8|-2|3
4078|Lord Exultant|1|1||Bolt pistol|Pistol|12|Ranged|1|3|5|-1|1
4078|Lord Exultant|2|1||Plasma pistol - standard|Pistol|12|Ranged|1|3|7|-2|1
4078|Lord Exultant|3|2||Plasma pistol - supercharge|Hazardous, Pistol|12|Ranged|1|3|8|-3|2
4078|Lord Exultant|4|1||Screamer pistol|Ignores Cover, Pistol|12|Ranged|3|2|5|-1|2
4078|Lord Exultant|5|1||Close combat weapon||Melee|Melee|6|2|5|0|1
4078|Lord Exultant|6|1||Master-crafted power sword|Precision|Melee|Melee|5|2|5|-2|2
4078|Lord Exultant|7|1||Phoenix power spear|Lance|Melee|Melee|5|2|7|-2|2
4078|Lord Exultant|8|1||Power fist||Melee|Melee|3|3|8|-2|2
4078|Lord Exultant|9|1||Rapture lash|Extra Attacks|Melee|Melee|4|2|4|-1|1
4084|Lord Kakophonist|1|1||Screamer pistol|Ignores Cover, Pistol|12|Ranged|3|2|5|-1|2
4083|Lucius the Eternal|1|1||Blade of the Laer|Precision|Melee|Melee|6|2|8|-3|3
4083|Lucius the Eternal|2|1||Lash of Torment|Sustained Hits 1|Melee|Melee|10|2|4|-1|1
4091|Maulerfiend|1|1||Magma cutter|Melta 2|6|Ranged|2|3|9|-4|D6
4091|Maulerfiend|2|1||Lasher tendrils|Extra Attacks|Melee|Melee|6|3|7|-1|1
4091|Maulerfiend|3|1||Maulerfiend fists||Melee|Melee|6|3|14|-2|D6+1
4088|Disharmonist|1|1||Blastmaster - single frequency|Ignores Cover|18|Ranged|3|3|10|-2|3
4088|Disharmonist|2|2||Blastmaster - varied frequency|Ignores Cover|18|Ranged|6|3|6|-2|1
4088|Disharmonist|3|1||Screamer pistol|Ignores Cover, Pistol|12|Ranged|3|3|5|-1|2
4088|Disharmonist|4|1||Sonic blaster|Ignores Cover|18|Ranged|3|3|5|-1|2
4088|Disharmonist|5|1||Close combat weapon||Melee|Melee|3|3|5|0|1
4088|Disharmonist|6|1||Power sword||Melee|Melee|4|3|5|-2|1
4098|Seeker|1|1||Lashing tongues|Extra Attacks, Lethal Hits|Melee|Melee|2|4|4|0|1
4098|Seeker|2|1||Slashing claws|Devastating Wounds|Melee|Melee|3|3|4|-1|1
4094|Shalaxi Helbane|1|1||Lash of Slaanesh|Assault|12|Ranged|6|2|6|-1|2
4094|Shalaxi Helbane|2|1||Pavane of Slaanesh - focused witchfire|Hazardous, Devastating Wounds, Psychic, Sustained Hits 3|18|Ranged|D6|2|9|-2|D3
4094|Shalaxi Helbane|3|2||Pavane of Slaanesh - witchfire|Devastating Wounds, Psychic|18|Ranged|D6|2|9|-1|D3
4094|Shalaxi Helbane|4|1||Snapping claws|Devastating Wounds, Extra Attacks|Melee|Melee|4|2|6|-2|3
4094|Shalaxi Helbane|5|1||Soulpiercer|Precision|Melee|Melee|6|2|12|-3|D6+2
4085|Sorcerer|1|1||Agonising Energies - focused witchfire|Devastating Wounds, Hazardous, Psychic|18|Ranged|D6|3|6|-2|D3
4085|Sorcerer|2|2||Agonising Energies - witchfire|Psychic|18|Ranged|D6|3|5|-1|D3
4085|Sorcerer|3|1||Bolt pistol|Pistol|12|Ranged|1|3|5|-1|1
4085|Sorcerer|4|1||Force weapon|Psychic|Melee|Melee|4|3|6|-2|D3
4079|Tormentors|1|1||Bolt pistol|Pistol|12|Ranged|1|3|5|-1|1
4079|Tormentors|2|1||Boltgun|Precision|24|Ranged|2|3|5|-1|1
4079|Tormentors|3|1||Meltagun|Melta 2, Precision|12|Ranged|1|3|9|-4|D6
4079|Tormentors|4|1||Plasma gun - standard|Precision, Rapid Fire 1|24|Ranged|1|3|7|-2|1
4079|Tormentors|5|2||Plasma gun - supercharge|Hazardous, Precision, Rapid Fire 1|24|Ranged|1|3|8|-3|2
4079|Tormentors|6|1||Plasma pistol - standard|Pistol|12|Ranged|1|3|7|-2|1
4079|Tormentors|7|2||Plasma pistol - supercharge|Hazardous, Pistol|12|Ranged|1|3|8|-3|2
4079|Tormentors|8|1||Close combat weapon||Melee|Melee|3|3|5|0|1
4079|Tormentors|9|1||Power sword||Melee|Melee|4|3|5|-2|1
4079|Tormentors|10|1||Rapture lash||Melee|Melee|6|3|4|-1|1
514|Aberrant Hypermorph|1|1||Aberrant weapons||Melee|Melee|3|3|7|-2|2
1546|Abominant|1|1||Power sledgehammer||Melee|Melee|4|3|12|-2|D6+1
1573|Achilles Ridge Runner|1|1||Achilles missile launcher||36|Ranged|3|4|9|-2|3
1573|Achilles Ridge Runner|2|1||Heavy mining laser|Blast|36|Ranged|D3|4|12|-3|D6+1
1573|Achilles Ridge Runner|3|1||Heavy mortar|Blast, Indirect Fire|48|Ranged|D6+3|4|6|0|1
1573|Achilles Ridge Runner|4|1||Twin heavy stubber|Twin-linked, Rapid Fire 3|36|Ranged|3|4|4|0|1
1573|Achilles Ridge Runner|5|1||Armoured hull||Melee|Melee|3|4|5|0|1
511|Acolyte Hybrid|1|1||Autopistol|Pistol|12|Ranged|1|4|3|0|1
511|Acolyte Hybrid|2|1||Cult claws and knife||Melee|Melee|3|3|4|-1|1
511|Acolyte Hybrid|3|1||Heavy mining tool|Anti-Vehicle 4+|Melee|Melee|2|3|5|-2|3
511|Acolyte Hybrid|4|1||Leader's Bio-weapons||Melee|Melee|5|3|5|-2|1
3716|Acolyte Hybrid|1|1||Demolition charge|Assault, Blast, Hazardous, One Shot|8|Ranged|D6|5|9|-2|2
3716|Acolyte Hybrid|2|1||Hand flamer|Ignores Cover, Pistol, Torrent|12|Ranged|D6|-|3|0|1
3716|Acolyte Hybrid|3|1||Cult claws and knife||Melee|Melee|3|3|4|-1|1
3716|Acolyte Hybrid|4|1||Leader's bio-weapons||Melee|Melee|5|3|5|-2|1
510|Acolyte Iconward|1|1||Autopistol|Pistol|12|Ranged|1|3|3|0|1
510|Acolyte Iconward|2|1||Cult claws||Melee|Melee|4|3|4|-1|1
155653|Aquila Lander|1|1||Autocannon||48|Ranged|2|4|9|-1|3
155653|Aquila Lander|2|1||Heavy bolter|Sustained Hits 1|36|Ranged|3|4|5|-1|2
155653|Aquila Lander|3|1||Multi-laser||36|Ranged|4|4|6|0|1
155653|Aquila Lander|4|1||Armoured hull||Melee|Melee|3|4|6|0|1
3994|Arkurian Stormhammer|1|1||Heavy bolter|Sustained Hits 1|36|Ranged|3|4|5|-1|2
3994|Arkurian Stormhammer|2|1||Heavy flamer|Ignores Cover, Torrent|12|Ranged|D6|-|5|-1|1
3994|Arkurian Stormhammer|3|1||Heavy stubber|Rapid Fire 3|36|Ranged|3|4|4|0|1
3994|Arkurian Stormhammer|4|1||Hunter-killer missile|One Shot|48|Ranged|1|4|14|-3|D6
3994|Arkurian Stormhammer|5|1||Lascannon||48|Ranged|1|4|12|-3|D6+1
3994|Arkurian Stormhammer|6|1||Multi-laser||48|Ranged|4|4|6|0|1
3994|Arkurian Stormhammer|7|1||Storm bolter|Rapid Fire 2|24|Ranged|2|4|4|0|1
3994|Arkurian Stormhammer|8|1||Stormhammer cannon|Blast|72|Ranged|3D6|4|12|-2|3
3994|Arkurian Stormhammer|9|1||Twin battle cannon|Blast, Twin-linked|48|Ranged|D6+3|4|9|-1|3
3994|Arkurian Stormhammer|10|1||Armoured tracks||Melee|Melee|6|4|8|0|1
3995|Armageddon-pattern Medusa|1|1||Heavy bolter|Sustained Hits 1|36|Ranged|3|4|5|-1|2
3995|Armageddon-pattern Medusa|2|1||Heavy flamer|Ignores Cover, Torrent|12|Ranged|D6|-|5|-1|1
3995|Armageddon-pattern Medusa|3|1||Heavy stubber|Rapid Fire 3|36|Ranged|3|4|4|0|1
3995|Armageddon-pattern Medusa|4|1||Hunter-killer missile|One Shot|48|Ranged|1|4|14|-3|D6
3995|Armageddon-pattern Medusa|5|1||Medusa siege cannon|Blast, Indirect Fire|36|Ranged|D6|4|12|-2|4
3995|Armageddon-pattern Medusa|6|1||Storm bolter|Rapid Fire 2|24|Ranged|2|4|4|0|1
3995|Armageddon-pattern Medusa|7|1||Armoured tracks||Melee|Melee|3|4|6|0|1
3960|Armoured Sentinel|1|1||Autocannon||48|Ranged|2|4|9|-1|3
3960|Armoured Sentinel|2|1||Heavy flamer|Ignores Cover, Torrent|12|Ranged|D6|-|5|-1|1
3960|Armoured Sentinel|3|1||Hunter-killer missile|One Shot|48|Ranged|1|4|14|-3|D6
3960|Armoured Sentinel|4|1||Lascannon||48|Ranged|1|4|12|-3|D6+1
3960|Armoured Sentinel|5|1||Missile launcher - frag|Blast, Heavy|48|Ranged|D6|4|4|0|1
3960|Armoured Sentinel|6|2||Missile launcher - krak|Heavy|48|Ranged|1|4|9|-2|D6
3960|Armoured Sentinel|7|1||Multi-laser||36|Ranged|4|4|6|0|1
3960|Armoured Sentinel|8|1||Plasma cannon - standard|Blast|36|Ranged|D3|4|7|-2|1
3960|Armoured Sentinel|9|2||Plasma cannon - supercharge|Blast, Hazardous|36|Ranged|D3|4|8|-3|2
3960|Armoured Sentinel|10|1||Close combat weapon||Melee|Melee|2|4|6|0|1
3960|Armoured Sentinel|11|1||Sentinel chainsaw||Melee|Melee|3|4|6|-1|1
3972|Artillery Team|1|1||Heavy mortar|Blast, Heavy, Indirect Fire|48|Ranged|D6+3|5|8|-1|2
3972|Artillery Team|2|1||Heavy quad launcher|Blast, Heavy, Indirect Fire, Twin-linked|48|Ranged|2D6|5|5|0|1
3972|Artillery Team|3|1||Lasgun|Rapid Fire 1|24|Ranged|1|4|3|0|1
3972|Artillery Team|4|1||Multiple rocket launcher|Anti-Infantry 3+, Blast, Heavy, Indirect Fire|48|Ranged|D6+3|5|2|-1|1
3972|Artillery Team|5|1||Siege cannon|Blast, Heavy, Indirect Fire|48|Ranged|D6|5|12|-2|3
3972|Artillery Team|6|1||Crew close combat weapons||Melee|Melee|3|4|3|0|1
817603|Arvus Lighter|1|1||Armoured Hull||Melee|Melee|2|4|5|0|1
1574|Atalan Jackal|1|1||Atalan incinerator|Ignores Cover, Torrent|12|Ranged|D6|-|5|-1|1
1574|Atalan Jackal|2|1||Atalan small arms|Pistol|12|Ranged|2|4|4|0|1
1574|Atalan Jackal|3|1||Grenade launcher - frag|Blast|24|Ranged|D3|4|4|0|1
1574|Atalan Jackal|4|2||Grenade launcher - krak||24|Ranged|1|4|9|-2|D3
1574|Atalan Jackal|5|1||Heavy stubber|Assault, Rapid Fire 3|36|Ranged|3|4|4|0|1
1574|Atalan Jackal|6|1||Mining laser||24|Ranged|1|4|12|-3|D6+1
1574|Atalan Jackal|7|1||Atalan power weapon||Melee|Melee|2|4|4|-2|1
1574|Atalan Jackal|8|1||Close combat weapon||Melee|Melee|2|4|3|0|1
3996|Atlas Recovery Vehicle|1|1||Heavy bolter|Sustained Hits 1|36|Ranged|3|4|5|-1|2
3996|Atlas Recovery Vehicle|2|1||Heavy stubber|Rapid Fire 3|36|Ranged|3|4|4|0|1
3996|Atlas Recovery Vehicle|3|1||Hunter-killer missile|One Shot|48|Ranged|1|4|14|-3|D6
3996|Atlas Recovery Vehicle|4|1||Storm bolter|Rapid Fire 2|24|Ranged|2|4|4|0|1
3996|Atlas Recovery Vehicle|5|1||Armoured tracks||Melee|Melee|3|4|6|0|1
3962|Attilan Rough Rider|1|1||Lasgun|Rapid Fire 1|24|Ranged|1|4|3|0|1
3962|Attilan Rough Rider|2|1||Laspistol|Pistol|12|Ranged|1|4|3|0|1
3962|Attilan Rough Rider|3|1||Goad lance|Lance|Melee|Melee|2|3|6|-2|2
3962|Attilan Rough Rider|4|1||Hunting lance - frag tip|Lance|Melee|Melee|D6|3|4|0|1
3962|Attilan Rough Rider|5|2||Hunting lance - melta tip|Lance|Melee|Melee|1|3|9|-4|D6
3962|Attilan Rough Rider|6|1||Power sabre||Melee|Melee|4|3|4|-2|1
3962|Attilan Rough Rider|7|1||Steed's hooves|Extra Attacks|Melee|Melee|2|4|4|0|1
3963|Baneblade|1|1||Baneblade cannon|Blast|72|Ranged|3D6|4|12|-2|3
3963|Baneblade|2|1||Coaxial autocannon||48|Ranged|2|4|9|-1|3
3963|Baneblade|3|1||Demolisher cannon|Blast|24|Ranged|D6+3|4|14|-3|D6
3963|Baneblade|4|1||Heavy stubber|Rapid Fire 3|36|Ranged|3|4|4|0|1
3963|Baneblade|5|1||Lascannon||48|Ranged|1|4|12|-3|D6+1
3963|Baneblade|6|1||Twin heavy bolter|Sustained Hits 1, Twin-linked|36|Ranged|3|4|5|-1|2
3963|Baneblade|7|1||Twin heavy flamer|Ignores Cover, Torrent, Twin-linked|12|Ranged|D6|-|5|-1|1
3963|Baneblade|8|1||Armoured tracks||Melee|Melee|6|4|8|0|1
3964|Banehammer|1|1||Lascannon||48|Ranged|1|4|12|-3|D6+1
3964|Banehammer|2|1||Tremor cannon|Blast|36|Ranged|2D6+3|4|12|-2|3
3964|Banehammer|3|1||Twin heavy bolter|Sustained Hits 1, Twin-linked|36|Ranged|3|4|5|-1|2
3964|Banehammer|4|1||Twin heavy flamer|Ignores Cover, Torrent, Twin-linked|12|Ranged|D6|-|5|-1|1
3964|Banehammer|5|1||Armoured tracks||Melee|Melee|6|4|8|0|1
3965|Banesword|1|1||Lascannon||48|Ranged|1|4|12|-3|D6+1
3965|Banesword|2|1||Quake cannon|Blast, Ignores Cover|72|Ranged|D6+6|4|16|-4|4
3965|Banesword|3|1||Twin heavy bolter|Sustained Hits 1, Twin-linked|36|Ranged|3|4|5|-1|2
3965|Banesword|4|1||Twin heavy flamer|Ignores Cover, Torrent, Twin-linked|12|Ranged|D6|-|5|-1|1
3965|Banesword|5|1||Armoured tracks||Melee|Melee|6|4|8|0|1
3966|Basilisk|1|1||Earthshaker cannon|Blast, Indirect Fire,|240|Ranged|D6+3|4|8|-2|2
3966|Basilisk|2|1||Heavy bolter|Sustained Hits 1|36|Ranged|3|4|5|-1|2
3966|Basilisk|3|1||Heavy flamer|Ignores Cover, Torrent|12|Ranged|D6|-|5|-1|1
3966|Basilisk|4|1||Hunter-killer missile|One Shot|48|Ranged|1|4|14|-3|D6
3966|Basilisk|5|1||Armoured tracks||Melee|Melee|3|4|6|0|1
3715|Benefictus|1|1||Psionic cascade - focused witchfire|Hazardous, Ignores Cover, Psychic|18|Ranged|2|3|12|-3|D6+1
3715|Benefictus|2|2||Psionic cascade - witchfire|Ignores Cover, Psychic|18|Ranged|1|3|12|-3|D6+1
3715|Benefictus|3|1||Close combat weapon||Melee|Melee|2|3|3|0|1
1572|Biophagus|1|1||Autopistol|Pistol|12|Ranged|1|3|3|0|1
1572|Biophagus|2|1||Chemical vials|Anti-Infantry 2+|6|Ranged|1|3|1|-1|2
1572|Biophagus|3|1||Injector goad|Anti-infantry 2+|Melee|Melee|1|3|2|0|D3
3938|Cadian Castellan|1|1||Bolt pistol|Pistol|12|Ranged|1|3|4|0|1
3938|Cadian Castellan|2|1||Boltgun|Rapid Fire 1|24|Ranged|1|3|4|0|1
3938|Cadian Castellan|3|1||Laspistol|Pistol|12|Ranged|1|3|3|0|1
3938|Cadian Castellan|4|1||Plasma pistol - standard|Pistol|12|Ranged|1|3|7|-2|1
3938|Cadian Castellan|5|2||Plasma pistol - supercharge|Hazardous, Pistol|12|Ranged|1|3|8|-3|2
3938|Cadian Castellan|6|1||Chainsword||Melee|Melee|5|3|3|0|1
3938|Cadian Castellan|7|1||Close combat weapon||Melee|Melee|3|3|3|0|1
3938|Cadian Castellan|8|1||Power fist||Melee|Melee|3|3|6|-2|2
3938|Cadian Castellan|9|1||Power weapon||Melee|Melee|4|3|4|-2|1
3939|Cadian Commander|1|1||Bolt pistol|Pistol|12|Ranged|1|4|4|0|1
3939|Cadian Commander|2|1||Flamer|Ignores Cover, Torrent|12|Ranged|D6|-|4|0|1
3939|Cadian Commander|3|1||Grenade launcher - frag|Blast|24|Ranged|D3|4|4|0|1
3939|Cadian Commander|4|2||Grenade launcher - krak||24|Ranged|1|4|9|-2|D3
3939|Cadian Commander|5|1||Lasgun|Rapid Fire 1|24|Ranged|1|4|3|0|1
3939|Cadian Commander|6|1||Laspistol|Pistol|12|Ranged|1|4|3|0|1
3939|Cadian Commander|7|1||Meltagun|Melta 2|12|Ranged|1|4|9|-4|D6
3939|Cadian Commander|8|1||Plasma gun - standard|Rapid Fire 1|24|Ranged|1|4|7|-2|1
3939|Cadian Commander|9|2||Plasma gun - supercharge|Hazardous, Rapid Fire 1|24|Ranged|1|4|8|-3|2
3939|Cadian Commander|10|1||Plasma pistol - standard|Pistol|12|Ranged|1|4|7|-2|1
3939|Cadian Commander|11|2||Plasma pistol - supercharge|Hazardous, Pistol|12|Ranged|1|4|8|-3|2
3939|Cadian Commander|12|1||Chainsword||Melee|Melee|4|4|3|0|1
3939|Cadian Commander|13|1||Close combat weapon||Melee|Melee|2|4|3|0|1
3939|Cadian Commander|14|1||Power fist||Melee|Melee|3|4|6|-2|2
3939|Cadian Commander|15|1||Power weapon||Melee|Melee|3|4|4|-2|1
4001|Heavy Weapons Team|1|1||Autocannon|Heavy|48|Ranged|2|5|9|-1|3
4001|Heavy Weapons Team|2|1||Heavy bolter|Heavy, Sustained Hits 1|36|Ranged|3|5|5|-1|2
4001|Heavy Weapons Team|3|1||Lascannon|Heavy|48|Ranged|1|5|12|-3|D6+1
4001|Heavy Weapons Team|4|1||Laspistol|Pistol|12|Ranged|2|4|3|0|1
4001|Heavy Weapons Team|5|1||Missile launcher - frag|Blast, Heavy|48|Ranged|D6|5|4|0|1
4001|Heavy Weapons Team|6|2||Missile launcher - krak|Heavy|48|Ranged|1|5|9|-2|D6
4001|Heavy Weapons Team|7|1||Mortar|Blast, Heavy, Indirect Fire|48|Ranged|D6|5|5|0|1
4001|Heavy Weapons Team|8|1||Close combat weapon||Melee|Melee|2|4|3|0|1
354181|Cadian Recon Squad|1|1||Autostubber|Rapid Fire 3|24|Ranged|3|4|4|0|1
354181|Cadian Recon Squad|2|1||Lasgun|Assault, Rapid Fire 1|24|Ranged|1|4|3|0|1
354181|Cadian Recon Squad|3|1||Laspistol|Pistol|12|Ranged|1|4|3|0|1
354181|Cadian Recon Squad|4|1||Long-las|Heavy, Precision|36|Ranged|1|4|4|-2|2
354181|Cadian Recon Squad|5|1||Meltagun|Melta 2|12|Ranged|1|4|9|-4|D6
354181|Cadian Recon Squad|6|1||Missile launcher - frag|Blast, Heavy|48|Ranged|D6|5|4|0|1
354181|Cadian Recon Squad|7|2||Missile launcher - krak|Heavy|48|Ranged|1|5|9|-2|D6
354181|Cadian Recon Squad|8|1||Plasma gun - standard|Rapid Fire 1|24|Ranged|1|4|7|-2|1
354181|Cadian Recon Squad|9|2||Plasma gun - supercharge|Hazardous, Rapid Fire 1|24|Ranged|1|4|8|-3|2
354181|Cadian Recon Squad|10|1||Close combat weapon||Melee|Melee|1|4|3|0|1
3948|Shock Trooper|1|1||Bolt pistol|Pistol|12|Ranged|1|4|4|0|1
3948|Shock Trooper|2|1||Flamer|Ignores Cover, Torrent|12|Ranged|D6|-|4|0|1
3948|Shock Trooper|3|1||Grenade launcher - frag|Blast|24|Ranged|D3|4|4|0|1
3948|Shock Trooper|4|2||Grenade launcher - krak||24|Ranged|1|4|9|-2|D3
3948|Shock Trooper|5|1||Lasgun|Rapid Fire 1|24|Ranged|1|4|3|0|1
3948|Shock Trooper|6|1||Laspistol|Pistol|12|Ranged|1|4|3|0|1
3948|Shock Trooper|7|1||Meltagun|Melta 2|12|Ranged|1|4|9|-4|D6
3948|Shock Trooper|8|1||Plasma gun - standard|Rapid Fire 1|24|Ranged|1|4|7|-2|1
3948|Shock Trooper|9|2||Plasma gun - supercharge|Rapid Fire 1, Hazardous|24|Ranged|1|4|8|-3|2
3948|Shock Trooper|10|1||Sergeant's autogun||24|Ranged|2|4|3|0|1
3948|Shock Trooper|11|1||Chainsword||Melee|Melee|3|4|3|0|1
3948|Shock Trooper|12|1||Close combat weapon||Melee|Melee|1|4|3|0|1
3997|Carnodon|1|1||Autocannon||48|Ranged|2|4|9|-1|3
3997|Carnodon|2|1||Carnodon twin autocannon|Twin-linked|48|Ranged|2|4|9|-1|3
3997|Carnodon|3|1||Carnodon twin lascannon|Twin-linked|48|Ranged|1|4|14|-3|D6+1
3997|Carnodon|4|1||Carnodon twin multi-laser|Twin-linked|36|Ranged|6|4|6|0|1
3997|Carnodon|5|1||Heavy bolter|Sustained Hits 1|36|Ranged|3|4|5|-1|2
3997|Carnodon|6|1||Heavy flamer|Ignores Cover, Torrent|12|Ranged|D6|-|5|-1|1
3997|Carnodon|7|1||Hunter-killer missile|One Shot|48|Ranged|1|4|14|-3|D6
3997|Carnodon|8|1||Lascannon||48|Ranged|1|4|12|-3|D6+1
3997|Carnodon|9|1||Multi-laser||36|Ranged|4|4|6|0|1
3997|Carnodon|10|1||Volkite caliver|Devastating Wounds|24|Ranged|2|4|5|0|1
3997|Carnodon|11|1||Volkite culverin|Devastating Wounds|36|Ranged|4|4|6|0|2
3997|Carnodon|12|1||Armoured tracks||Melee|Melee|6|4|7|0|1
3941|Veteran Guardsman|1|1||Bolt pistol|Pistol|12|Ranged|1|4|4|0|1
3941|Veteran Guardsman|2|1||Boltgun|Rapid Fire 1|24|Ranged|1|4|4|0|1
3941|Veteran Guardsman|3|1||Flamer|Ignores Cover, Torrent|12|Ranged|D6|-|4|0|1
3941|Veteran Guardsman|4|1||Grenade launcher - frag|Blast|24|Ranged|D3|4|4|0|1
3941|Veteran Guardsman|5|2||Grenade launcher - krak||24|Ranged|1|4|9|-2|D3
3941|Veteran Guardsman|6|1||Heavy flamer|Ignores Cover, Torrent|12|Ranged|D6|-|5|-1|1
3941|Veteran Guardsman|7|1||Lasgun|Rapid Fire 1|24|Ranged|1|4|3|0|1
3941|Veteran Guardsman|8|1||Laspistol|Pistol|12|Ranged|1|4|3|0|1
3941|Veteran Guardsman|9|1||Meltagun|Melta 2|12|Ranged|1|4|9|-4|D6
3941|Veteran Guardsman|10|1||Plasma gun - standard|Rapid Fire 1|24|Ranged|1|4|7|-2|1
3941|Veteran Guardsman|11|2||Plasma gun - supercharge|Hazardous, Rapid Fire 1|24|Ranged|1|4|8|-3|2
3941|Veteran Guardsman|12|1||Plasma pistol - standard|Pistol|12|Ranged|1|4|7|-2|1
3941|Veteran Guardsman|13|2||Plasma pistol - supercharge|Hazardous, Pistol|12|Ranged|1|4|8|-3|2
3941|Veteran Guardsman|14|1||Sniper rifle|Heavy, Precision|36|Ranged|1|4|4|-2|2
3941|Veteran Guardsman|15|1||Chainsword||Melee|Melee|4|4|3|0|1
3941|Veteran Guardsman|16|1||Close combat weapon||Melee|Melee|2|4|3|0|1
3941|Veteran Guardsman|17|1||Power fist||Melee|Melee|3|4|6|-2|2
3941|Veteran Guardsman|18|1||Power weapon||Melee|Melee|3|4|4|-2|1
3968|Heavy Weapons Team|1|1||Autocannon|Heavy|48|Ranged|2|5|9|-1|3
3968|Heavy Weapons Team|2|1||Heavy bolter|Heavy, Sustained Hits 1|36|Ranged|3|5|5|-1|2
3968|Heavy Weapons Team|3|1||Lascannon|Heavy|48|Ranged|1|5|12|-3|D6+1
3968|Heavy Weapons Team|4|1||Lasgun|Rapid Fire 1|24|Ranged|1|4|3|0|1
3968|Heavy Weapons Team|5|1||Missile launcher - frag|Blast, Heavy|48|Ranged|D6|5|4|0|1
3968|Heavy Weapons Team|6|2||Missile launcher - krak|Heavy|48|Ranged|1|5|9|-2|D6
3968|Heavy Weapons Team|7|1||Mortar|Blast, Heavy, Indirect Fire|48|Ranged|D6|5|5|0|1
3968|Heavy Weapons Team|8|1||Close combat weapon||Melee|Melee|2|4|3|0|1
3949|Catachan Jungle Fighter|1|1||Flamer|Ignores Cover, Torrent|12|Ranged|D6|-|4|0|1
3949|Catachan Jungle Fighter|2|1||Lasgun|Rapid Fire 1|24|Ranged|1|4|3|0|1
3949|Catachan Jungle Fighter|3|1||Laspistol|Pistol|12|Ranged|1|4|3|0|1
3949|Catachan Jungle Fighter|4|1||Close combat weapon||Melee|Melee|1|4|3|0|1
3998|Centaur Light Carrier|1|1||Heavy stubber|Rapid Fire 3|36|Ranged|3|4|4|0|1
3998|Centaur Light Carrier|2|1||Hunter-killer missile|One Shot|48|Ranged|1|4|14|-3|D6
3998|Centaur Light Carrier|3|1||Armoured tracks||Melee|Melee|3|4|6|0|1
4222|Centaur RSV|1|1||Pintle-mounted heavy stubber|Rapid Fire 3|36|Ranged|3|4|4|0|1
4222|Centaur RSV|2|1||Armoured hull||Melee|Melee|3|4|6|0|1
3951|Chimera|1|1||Heavy bolter|Sustained Hits 1|36|Ranged|3|4|5|-1|2
3951|Chimera|2|1||Heavy flamer|Ignores Cover, Torrent|12|Ranged|D6|-|5|-1|1
3951|Chimera|3|1||Heavy stubber|Rapid Fire 3|36|Ranged|3|4|4|0|1
3951|Chimera|4|1||Hunter-killer missile|One Shot|48|Ranged|1|4|14|-3|D6
3951|Chimera|5|1||Lasgun array|Rapid Fire 6|24|Ranged|6|4|3|0|1
3951|Chimera|6|1||Multi-laser||36|Ranged|4|4|6|0|1
3951|Chimera|7|1||Storm bolter|Rapid Fire 2|24|Ranged|2|4|4|0|1
3951|Chimera|8|1||Armoured tracks||Melee|Melee|3|4|6|0|1
1567|Clamavus|1|1||Autopistol|Pistol|12|Ranged|1|3|3|0|1
1567|Clamavus|2|1||Close combat weapon||Melee|Melee|2|3|3|0|1
3999|Colossus|1|1||Colossus siege mortar|Blast, Devastating Wounds|120|Ranged|D6|4|6|-1|D6+2
3999|Colossus|2|1||Heavy stubber|Rapid Fire 3|36|Ranged|3|4|4|0|1
3999|Colossus|3|1||Hunter-killer missile|One Shot|48|Ranged|1|4|14|-3|D6
3999|Colossus|4|1||Storm bolter|Rapid Fire 2|24|Ranged|2|4|4|0|1
3999|Colossus|5|1||Armoured tracks||Melee|Melee|6|4|7|0|1
4000|Crassus|1|1||Heavy bolter|Sustained Hits 1|36|Ranged|3|4|5|-1|2
4000|Crassus|2|1||Heavy stubber|Rapid Fire 3|36|Ranged|3|4|4|0|1
4000|Crassus|3|1||Storm bolter|Rapid Fire 2|24|Ranged|2|4|4|0|1
4000|Crassus|4|1||Armoured tracks||Melee|Melee|6|4|7|0|1
576332|Grenadier|1|1||Flamer|Ignores Cover, Torrent|12|Ranged|D6|-|4|0|1
576332|Grenadier|2|1||Grenade launcher - frag|Blast|24|Ranged|D3|3|4|0|1
576332|Grenadier|3|2||Grenade launcher - krak||24|Ranged|1|3|9|-2|D3
576332|Grenadier|4|1||Heavy flamer|Ignores Cover, Torrent|12|Ranged|D6|-|5|-1|1
576332|Grenadier|5|1||Heavy stubber|Heavy, Rapid Fire 3|36|Ranged|3|4|4|0|1
576332|Grenadier|6|1||Hot-shot lasgun|Rapid Fire 1|24|Ranged|1|3|3|-1|1
576332|Grenadier|7|1||Meltagun|Melta 2|12|Ranged|1|3|9|-4|D6
576332|Grenadier|8|1||Plasma gun - standard|Rapid Fire 1|24|Ranged|1|3|7|-2|1
576332|Grenadier|9|2||Plasma gun - supercharge|Rapid Fire 1, Hazardous|24|Ranged|1|3|8|-3|2
576332|Grenadier|10|1||Sergeant's pistol|Pistol|12|Ranged|1|3|4|-1|1
576332|Grenadier|11|1||Sniper rifle|Heavy, Precision|36|Ranged|1|4|4|-2|2
576332|Grenadier|12|1||Close combat weapon||Melee|Melee|2|4|3|0|1
576332|Grenadier|13|1||Sergeant's close combat weapon||Melee|Melee|2|4|4|-2|1
3950|Death Korps of Krieg|1|1||Bolt pistol|Pistol|12|Ranged|1|4|4|0|1
3950|Death Korps of Krieg|2|1||Boltgun|Rapid Fire 1|24|Ranged|1|4|4|0|1
3950|Death Korps of Krieg|3|1||Flamer|Ignores Cover, Torrent|12|Ranged|D6|-|4|0|1
3950|Death Korps of Krieg|4|1||Grenade launcher - frag|Blast|24|Ranged|D3|4|4|0|1
3950|Death Korps of Krieg|5|2||Grenade launcher - krak||24|Ranged|1|4|9|-2|D3
3950|Death Korps of Krieg|6|1||Lasgun|Rapid Fire 1|24|Ranged|1|4|3|0|1
3950|Death Korps of Krieg|7|1||Laspistol|Pistol|12|Ranged|1|4|3|0|1
3950|Death Korps of Krieg|8|1||Long-las|Heavy, Precision|36|Ranged|1|4|4|-2|2
3950|Death Korps of Krieg|9|1||Meltagun|Melta 2|12|Ranged|1|4|9|-4|D6
3950|Death Korps of Krieg|10|1||Plasma gun - standard|Rapid Fire 1|24|Ranged|1|4|7|-2|1
3950|Death Korps of Krieg|11|2||Plasma gun - supercharge|Rapid Fire 1, Hazardous|24|Ranged|1|4|8|-3|2
3950|Death Korps of Krieg|12|1||Plasma pistol - standard|Pistol|12|Ranged|1|4|7|-2|1
3950|Death Korps of Krieg|13|2||Plasma pistol - supercharge|Hazardous, Pistol|12|Ranged|1|4|8|-3|2
3950|Death Korps of Krieg|14|1||Chainsword||Melee|Melee|3|4|3|0|1
3950|Death Korps of Krieg|15|1||Close combat weapon||Melee|Melee|1|4|3|0|1
3950|Death Korps of Krieg|16|1||Power weapon||Melee|Melee|2|4|4|-2|1
3969|Death Rider|1|1||Death Rider lascarbine|Assault|18|Ranged|2|4|3|0|1
3969|Death Rider|2|1||Frag lance|Lance|Melee|Melee|D6|3|4|0|1
3969|Death Rider|3|1||Power sabre||Melee|Melee|3|3|4|-2|1
3969|Death Rider|4|1||Steed's savage claws|Extra Attacks|Melee|Melee|2|4|4|-1|1
3877|Deathleaper|1|1||Lictor claws and talons|Precision|Melee|Melee|6|2|7|-2|2
3970|Deathstrike|1|1||Deathstrike Missile|Blast, One Shot, Plasma Warhead|N/A|Ranged|2D6|2|16|-4|1
3970|Deathstrike|2|1||Heavy bolter|Sustained Hits 1|36|Ranged|3|4|5|-1|2
3970|Deathstrike|3|1||Heavy flamer|Ignores Cover, Torrent|12|Ranged|D6|-|5|-1|1
3970|Deathstrike|4|1||Hunter-killer missile|One Shot|48|Ranged|1|4|14|-3|D6
3970|Deathstrike|5|1||Armoured tracks||Melee|Melee|3|4|6|0|1
4002|Dominus Armoured Siege Bombard|1|1||Autocannon||48|Ranged|2|4|9|-1|3
4002|Dominus Armoured Siege Bombard|2|1||Dominus triple bombard|Blast, Indirect Fire|48|Ranged|2D6|4|12|-2|3
4002|Dominus Armoured Siege Bombard|3|1||Heavy bolter|Sustained Hits 1|36|Ranged|3|4|5|-1|2
4002|Dominus Armoured Siege Bombard|4|1||Heavy flamer|Ignores Cover, Torrent|12|Ranged|D6|-|5|-1|1
4002|Dominus Armoured Siege Bombard|5|1||Heavy stubber|Rapid Fire 3|36|Ranged|3|4|4|0|1
4002|Dominus Armoured Siege Bombard|6|1||Hunter-killer missile|One Shot|48|Ranged|1|4|14|-3|D6
4002|Dominus Armoured Siege Bombard|7|1||Lascannon||48|Ranged|1|4|12|-3|D6+1
4002|Dominus Armoured Siege Bombard|8|1||Storm bolter|Rapid Fire 2|24|Ranged|2|4|4|0|1
4002|Dominus Armoured Siege Bombard|9|1||Armoured tracks||Melee|Melee|3|4|6|0|1
3971|Doomhammer|1|1||Lascannon||48|Ranged|1|4|12|-3|D6+1
3971|Doomhammer|2|1||Magma cannon|Blast, Melta 6|24|Ranged|D6+3|4|12|-4|D6
3971|Doomhammer|3|1||Twin heavy bolter|Sustained Hits 1, Twin-linked|36|Ranged|3|4|5|-1|2
3971|Doomhammer|4|1||Twin heavy flamer|Ignores Cover, Torrent, Twin-linked|12|Ranged|D6|-|5|-1|1
3971|Doomhammer|5|1||Armoured tracks||Melee|Melee|6|4|8|0|1
4003|Earthshaker Carriage Battery|1|1||Earthshaker cannon|Blast, Heavy, Indirect Fire|240|Ranged|D6+3|5|8|-2|2
4003|Earthshaker Carriage Battery|2|1||Battery close combat weapons||Melee|Melee|5|4|3|0|1
3956|Earthshaker Platform|1|1||Earthshaker Cannon|Blast, Indirect Fire|240|Ranged|D6+3|4|8|-2|2
3956|Earthshaker Platform|2|1||Close combat weapons||Melee|Melee|3|4|3|0|1
4004|Elysian Drop Sentinel|1|1||Heavy bolter|Sustained Hits 1|36|Ranged|3|4|5|-1|2
4004|Elysian Drop Sentinel|2|1||Heavy flamer|Ignores Cover, Torrent|12|Ranged|D6|-|5|-1|1
4004|Elysian Drop Sentinel|3|1||Hunter-killer missile|One Shot|48|Ranged|1|4|14|-3|D6
4004|Elysian Drop Sentinel|4|1||Multi-melta|Melta 2|18|Ranged|2|4|9|-4|D6
4004|Elysian Drop Sentinel|5|1||Close Combat Weapons||Melee|Melee|2|4|6|0|1
4005|Elysian Sniper Team|1|1||Lasgun|Rapid Fire 1|24|Ranged|1|4|3|0|1
4005|Elysian Sniper Team|2|1||Sniper rifle|Heavy, Precision|36|Ranged|1|3|4|-2|2
4005|Elysian Sniper Team|3|1||Close combat weapon||Melee|Melee|2|4|3|0|1
918516|Field Ordnance Battery|1|1||Bombast field gun|Blast, Heavy, Indirect Fire|48|Ranged|D6|5|7|-1|2
918516|Field Ordnance Battery|2|1||Heavy lascannon|Heavy|48|Ranged|2|5|14|-3|D6+1
918516|Field Ordnance Battery|3|1||Lasgun|Rapid Fire 1|24|Ranged|1|4|3|0|1
918516|Field Ordnance Battery|4|1||Laspistol|Pistol|12|Ranged|1|4|3|0|1
918516|Field Ordnance Battery|5|1||Malleus rocket launcher|Blast, Heavy|48|Ranged|D6+6|5|6|-1|1
918516|Field Ordnance Battery|6|1||Battery close combat weapons||Melee|Melee|3|4|3|0|1
3881|Gargoyles|1|1||Fleshborer|Assault|18|Ranged|1|4|5|0|1
3881|Gargoyles|2|1||Blinding venom||Melee|Melee|1|4|3|0|1
521|Goliath Rockgrinder|1|1||Clearance incinerator|Ignores Cover, Torrent|12|Ranged|2D6|-|6|-1|1
521|Goliath Rockgrinder|2|1||Demolition charge cache|Assault, Blast, Hazardous|8|Ranged|D6|5|9|-2|2
521|Goliath Rockgrinder|3|1||Heavy mining laser|Blast|36|Ranged|D3|4|12|-3|D6+1
521|Goliath Rockgrinder|4|1||Heavy seismic cannon|Rapid Fire 2|24|Ranged|4|4|8|-2|D3
521|Goliath Rockgrinder|5|1||Heavy stubber|Rapid Fire 3|36|Ranged|3|4|4|0|1
521|Goliath Rockgrinder|6|1||Drilldozer blade||Melee|Melee|8|3|10|-2|2
516|Goliath Truck|1|1||Demolition charge cache|Assault, Blast, Hazardous|8|Ranged|D6|5|9|-2|2
516|Goliath Truck|2|1||Heavy stubber|Rapid Fire 3|36|Ranged|3|4|4|0|1
516|Goliath Truck|3|1||Twin autocannon|Twin-linked|48|Ranged|2|4|9|-1|3
516|Goliath Truck|4|1||Goliath wheels||Melee|Melee|3|4|6|0|1
4006|Gorgon Heavy Transport|1|1||Gorgon mortar|Blast, Indirect Fire|48|Ranged|D6|4|5|0|1
4006|Gorgon Heavy Transport|2|1||Heavy bolter|Sustained Hits 1|36|Ranged|3|4|5|-1|2
4006|Gorgon Heavy Transport|3|1||Heavy flamer|Ignores Cover, Torrent|12|Ranged|D6|-|5|-1|1
4006|Gorgon Heavy Transport|4|1||Heavy stubber|Rapid Fire 3|36|Ranged|3|4|4|0|1
4006|Gorgon Heavy Transport|5|1||Hunter-killer missile|One Shot|48|Ranged|1|4|14|-3|D6
4006|Gorgon Heavy Transport|6|1||Twin heavy stubber|Rapid Fire 3, Twin-linked|36|Ranged|3|4|4|0|1
4006|Gorgon Heavy Transport|7|1||Landing ramp||Melee|Melee|6|4|8|0|1
4007|Griffon Mortar Carrier|1|1||Griffon heavy mortar|Blast, Indirect Fire|48|Ranged|D6|4|7|-1|2
4007|Griffon Mortar Carrier|2|1||Heavy bolter|Sustained Hits 1|36|Ranged|3|4|5|-1|2
4007|Griffon Mortar Carrier|3|1||Heavy flamer|Ignores Cover, Torrent|12|Ranged|D6|-|5|-1|1
4007|Griffon Mortar Carrier|4|1||Heavy stubber|Rapid Fire 3|36|Ranged|3|4|4|0|1
4007|Griffon Mortar Carrier|5|1||Storm bolter|Rapid Fire 2|24|Ranged|2|4|4|0|1
4007|Griffon Mortar Carrier|6|1||Armoured tracks||Melee|Melee|3|4|6|0|1
4008|Hades Breaching Drill|1|1||Melta-cutter drill||Melee|Melee|6|4|9|-4|D6+2
4009|Heavy Mortar Team|1|1||Heavy mortar|Heavy, Blast, Indirect Fire|48|Ranged|D6|5|6|-1|2
4009|Heavy Mortar Team|2|1||Close combat weapons||Melee|Melee|3|4|3|0|1
4010|Heavy Quad Launcher Team|1|1||Heavy quad launcher|Blast, Indirect Fire|48|Ranged|2D6|4|5|0|1
4010|Heavy Quad Launcher Team|2|1||Close combat weapons||Melee|Melee|3|4|3|0|1
3973|Hellhammer|1|1||Coaxial autocannon||48|Ranged|2|4|9|-1|3
3973|Hellhammer|2|1||Demolisher cannon|Blast|24|Ranged|D6+3|4|14|-3|D6
3973|Hellhammer|3|1||Heavy stubber|Rapid Fire 3|36|Ranged|3|4|4|0|1
3973|Hellhammer|4|1||Hellhammer cannon|Blast, Ignores Cover|30|Ranged|4D6|4|7|-1|2
3973|Hellhammer|5|1||Lascannon||48|Ranged|1|4|12|-3|D6+1
3973|Hellhammer|6|1||Twin heavy bolter|Sustained Hits 1, Twin-linked|36|Ranged|3|4|5|-1|2
3973|Hellhammer|7|1||Twin heavy flamer|Ignores Cover, Torrent, Twin-linked|12|Ranged|D6|-|5|-1|1
3973|Hellhammer|8|1||Armoured tracks||Melee|Melee|6|4|8|0|1
3974|Hellhound|1|1||Chem cannon|Anti-Infantry 2+, Torrent|12|Ranged|D6+1|-|2|-2|2
3974|Hellhound|2|1||Heavy bolter|Sustained Hits 1|36|Ranged|3|4|5|-1|2
3974|Hellhound|3|1||Heavy flamer|Ignores Cover, Torrent|12|Ranged|D6|-|5|-1|1
3974|Hellhound|4|1||Hunter-killer missile|One Shot|48|Ranged|1|4|14|-3|D6
3974|Hellhound|5|1||Inferno cannon|Ignores Cover, Torrent|18|Ranged|2D6|-|6|-2|1
3974|Hellhound|6|1||Melta cannon|Blast, Melta 4|18|Ranged|D3|4|9|-4|D6
3974|Hellhound|7|1||Multi-melta|Melta 2|18|Ranged|2|4|9|-4|D6
3974|Hellhound|8|1||Armoured tracks||Melee|Melee|3|4|6|0|1
4223|Hippogriff AFV|1|1||Chiron gatling cannon|Assault|24|Ranged|12|4|5|0|1
4223|Hippogriff AFV|2|1||Heavy stubber|Assault, Rapid Fire 3|36|Ranged|3|4|4|0|1
4223|Hippogriff AFV|3|1||Lascannon|Assault|48|Ranged|1|4|12|-3|D6+1
4223|Hippogriff AFV|4|1||Melta cannon|Assault, Melta 2|18|Ranged|2|4|9|-4|D6
4223|Hippogriff AFV|5|1||Meltagun|Assault, Melta 2|12|Ranged|1|4|9|-4|D6
4223|Hippogriff AFV|6|1||Vigilator cannon|Assault, Blast|36|Ranged|D6|4|8|-1|2
4223|Hippogriff AFV|7|1||Armoured hull||Melee|Melee|3|4|5|0|1
513|Hybrid Metamorph|1|1||Autopistol|Pistol|12|Ranged|1|4|3|0|1
513|Hybrid Metamorph|2|1||Hand flamer|Ignores Cover, Pistol, Torrent|12|Ranged|D6|-|3|0|1
513|Hybrid Metamorph|3|1||Leader's Bio-weapons||Melee|Melee|5|3|5|-1|2
513|Hybrid Metamorph|4|1||Metamorph mutations - strike||Melee|Melee|3|3|5|-1|2
513|Hybrid Metamorph|5|2||Metamorph mutations - sweep||Melee|Melee|5|3|4|-1|1
3975|Hydra|1|1||Heavy bolter|Sustained Hits 1|36|Ranged|3|4|5|-1|2
3975|Hydra|2|1||Heavy flamer|Ignores Cover, Torrent|12|Ranged|D6|-|5|-1|1
3975|Hydra|3|1||Hunter-killer missile|One Shot|48|Ranged|1|4|14|-3|D6
3975|Hydra|4|1||Hydra autocannon|Anti-Fly 2+, Twin-linked|72|Ranged|4|4|9|-1|3
3975|Hydra|5|1||Armoured tracks||Melee|Melee|3|4|6|0|1
3957|Hydra Platform|1|1||Hydra Quad Autocannon|Anti-fly 2+, Twin-linked|72|Ranged|4|4|9|-1|3
3957|Hydra Platform|2|1||Close combat weapons||Melee|Melee|3|4|3|0|1
4118|Ravener Prime|1|1||Venom bolt|Assault, Ignores Cover, Torrent|12|Ranged|D6+3|-|6|-1|1
4118|Ravener Prime|2|1||Prime claws and talons|Anti-Monster 5+, Anti-Vehicle 5+, Twin-linked|Melee|Melee|6|3|5|-2|2
4118|Ravener Prime|3|1||Ravener heavy claws and talons|Anti-Monster 5+, Anti-Vehicle 5+, Twin-linked|Melee|Melee|3|3|5|-2|2
1565|Jackal Alphus|1|1||Autopistol|Pistol|12|Ranged|1|3|3|0|1
1565|Jackal Alphus|2|1||Cult sniper rifle|Heavy, Precision|36|Ranged|1|3|5|-2|3
1565|Jackal Alphus|3|1||Close combat weapon||Melee|Melee|3|3|3|0|1
3976|Kasrkin|1|1||Bolt pistol|Pistol|12|Ranged|1|3|4|0|1
3976|Kasrkin|2|1||Flamer|Ignores Cover, Torrent|12|Ranged|D6|-|4|0|1
3976|Kasrkin|3|1||Grenade launcher - frag|Blast|24|Ranged|D3|3|4|0|1
3976|Kasrkin|4|2||Grenade launcher - krak||24|Ranged|1|3|9|-2|D3
3976|Kasrkin|5|1||Hot-shot lasgun|Rapid Fire 1|24|Ranged|1|3|3|-1|1
3976|Kasrkin|6|1||Hot-shot laspistol|Pistol|12|Ranged|1|3|3|-1|1
3976|Kasrkin|7|1||Hot-shot marksman rifle|Heavy, Precision|36|Ranged|1|3|4|-2|3
3976|Kasrkin|8|1||Hot-shot volley gun|Rapid Fire 2|30|Ranged|2|3|4|-1|1
3976|Kasrkin|9|1||Meltagun|Melta 2|12|Ranged|1|3|9|-4|D6
3976|Kasrkin|10|1||Plasma gun - standard|Rapid Fire 1|24|Ranged|1|3|7|-2|1
3976|Kasrkin|11|2||Plasma gun - supercharge|Rapid Fire 1, Hazardous|24|Ranged|1|3|8|-3|2
3976|Kasrkin|12|1||Plasma pistol - standard|Pistol|12|Ranged|1|3|7|-2|1
3976|Kasrkin|13|2||Plasma pistol - supercharge|Hazardous, Pistol|12|Ranged|1|3|8|-3|2
3976|Kasrkin|14|1||Chainsword||Melee|Melee|4|4|3|0|1
3976|Kasrkin|15|1||Close combat weapon||Melee|Melee|2|4|3|0|1
3976|Kasrkin|16|1||Power weapon||Melee|Melee|3|4|4|-2|1
1570|Kelermorph|1|1||Liberator autostubs|Devastating Wounds, Pistol|12|Ranged|6|2|6|-2|1
1570|Kelermorph|2|1||Close combat weapon||Melee|Melee|3|3|3|0|1
3977|Krieg Combat Engineers|1|1||Autopistol|Pistol|12|Ranged|1|4|3|0|1
3977|Krieg Combat Engineers|2|1||Bolt pistol|Pistol|12|Ranged|1|4|4|0|1
3977|Krieg Combat Engineers|3|1||Combat shotgun|Assault|12|Ranged|2|4|4|0|1
3977|Krieg Combat Engineers|4|1||Flamer|Ignores Cover, Torrent|12|Ranged|D6|-|4|0|1
3977|Krieg Combat Engineers|5|1||Hand flamer|Ignores Cover, Pistol, Torrent|12|Ranged|D6|-|3|0|1
3977|Krieg Combat Engineers|6|1||Plasma pistol - standard|Pistol|12|Ranged|1|4|7|-2|1
3977|Krieg Combat Engineers|7|2||Plasma pistol - supercharge|Hazardous, Pistol|12|Ranged|1|4|8|-3|2
3977|Krieg Combat Engineers|8|1||Chainsword||Melee|Melee|4|4|3|0|1
3977|Krieg Combat Engineers|9|1||Close combat weapon||Melee|Melee|2|4|3|0|1
3977|Krieg Combat Engineers|10|1||Power weapon||Melee|Melee|3|4|4|-2|1
3977|Krieg Combat Engineers|11|1||Trench club||Melee|Melee|2|4|4|0|1
622418|Lord Commissar|1|1||Bolt pistol|Pistol|12|Ranged|1|4|4|0|1
622418|Lord Commissar|2|1||Boltgun|Rapid Fire 1|24|Ranged|1|4|4|0|1
622418|Lord Commissar|3|1||Flamer|Ignores Cover, Torrent|12|Ranged|D6|-|4|0|1
622418|Lord Commissar|4|1||Grenade launcher - frag|Blast|24|Ranged|D3|4|4|0|1
622418|Lord Commissar|5|2||Grenade launcher - krak||24|Ranged|1|4|9|-2|D3
622418|Lord Commissar|6|1||Lasgun|Rapid Fire 1|24|Ranged|1|4|3|0|1
622418|Lord Commissar|7|1||Laspistol|Pistol|12|Ranged|1|4|3|0|1
622418|Lord Commissar|8|1||Meltagun|Melta 2|12|Ranged|1|4|9|-4|D6
622418|Lord Commissar|9|1||Plasma gun - standard|Rapid Fire 1|24|Ranged|1|4|7|-2|1
622418|Lord Commissar|10|2||Plasma gun - supercharge|Hazardous, Rapid Fire 1|24|Ranged|1|4|8|-3|2
622418|Lord Commissar|11|1||Plasma pistol - standard|Pistol|12|Ranged|1|4|7|-2|1
622418|Lord Commissar|12|2||Plasma pistol - supercharge|Hazardous, Pistol|12|Ranged|1|4|8|-3|2
622418|Lord Commissar|13|1||Chainsword||Melee|Melee|3|4|3|0|1
622418|Lord Commissar|14|1||Close combat weapon||Melee|Melee|2|4|3|0|1
622418|Lord Commissar|15|1||Power fist||Melee|Melee|3|4|6|-2|2
622418|Lord Commissar|16|1||Power weapon||Melee|Melee|3|4|4|-2|1
622418|Lord Commissar|17|1||Trench club||Melee|Melee|3|4|4|0|1
3978|Heavy Weapons Gunner|1|1||Krieg heavy flamer|Ignores Cover, Torrent|18|Ranged|D6|-|5|-1|2
3978|Heavy Weapons Gunner|2|1||Lascannon|Heavy|48|Ranged|1|5|12|-3|D6+1
3978|Heavy Weapons Gunner|3|1||Laspistol|Pistol|12|Ranged|1|4|3|0|1
3978|Heavy Weapons Gunner|4|1||Twin Krieg heavy stubber|Heavy, Rapid Fire 3, Twin-linked|48|Ranged|3|5|6|-1|1
3978|Heavy Weapons Gunner|5|1||Close combat weapon||Melee|Melee|1|4|3|0|1
3979|Leman Russ Battle Tank|1|1||Heavy bolter|Sustained Hits 1|36|Ranged|3|4|5|-1|2
3979|Leman Russ Battle Tank|2|1||Heavy flamer|Ignores Cover, Torrent|12|Ranged|D6|-|5|-1|1
3979|Leman Russ Battle Tank|3|1||Heavy stubber|Rapid Fire 3|36|Ranged|3|4|4|0|1
3979|Leman Russ Battle Tank|4|1||Hunter-killer missile|One Shot|48|Ranged|1|4|14|-3|D6
3979|Leman Russ Battle Tank|5|1||Lascannon||48|Ranged|1|4|12|-3|D6+1
3979|Leman Russ Battle Tank|6|1||Leman Russ battle cannon|Blast|48|Ranged|D6+3|4|10|-1|3
3979|Leman Russ Battle Tank|7|1||Multi-melta|Melta 2|18|Ranged|2|4|9|-4|D6
3979|Leman Russ Battle Tank|8|1||Plasma cannon - standard|Blast|36|Ranged|D3|4|7|-2|1
3979|Leman Russ Battle Tank|9|2||Plasma cannon - supercharge|Blast, Hazardous|36|Ranged|D3|4|8|-3|2
3979|Leman Russ Battle Tank|10|1||Storm bolter|Rapid Fire 2|24|Ranged|2|4|4|0|1
3979|Leman Russ Battle Tank|11|1||Armoured tracks||Melee|Melee|6|4|7|0|1
3942|Leman Russ Commander|1|1||Demolisher battle cannon|Blast|24|Ranged|D6+1|4|14|-3|D6
3942|Leman Russ Commander|2|1||Eradicator nova cannon|Blast, Ignores Cover|36|Ranged|D3+6|4|7|-1|2
3942|Leman Russ Commander|3|1||Executioner plasma cannon - standard|Blast|36|Ranged|D6+3|4|7|-2|2
3942|Leman Russ Commander|4|2||Executioner plasma cannon - supercharge|Blast, Hazardous|36|Ranged|D6+3|4|8|-3|3
3942|Leman Russ Commander|5|1||Exterminator autocannon|Rapid Fire 4, Twin-linked|48|Ranged|4|4|9|-1|3
3942|Leman Russ Commander|6|1||Heavy bolter|Sustained Hits 1|36|Ranged|3|4|5|-1|2
3942|Leman Russ Commander|7|1||Heavy flamer|Ignores Cover, Torrent|12|Ranged|D6|-|5|-1|1
3942|Leman Russ Commander|8|1||Heavy stubber|Rapid Fire 3|36|Ranged|3|4|4|0|1
3942|Leman Russ Commander|9|1||Hunter-killer missile|One Shot|48|Ranged|1|4|14|-3|D6
3942|Leman Russ Commander|10|1||Lascannon||48|Ranged|1|4|12|-3|D6+1
3942|Leman Russ Commander|11|1||Leman Russ battle cannon|Blast|48|Ranged|D6+3|4|10|-1|3
3942|Leman Russ Commander|12|1||Multi-melta|Melta 2|18|Ranged|2|4|9|-4|D6
3942|Leman Russ Commander|13|1||Plasma cannon - standard|Blast|36|Ranged|D3|4|7|-2|1
3942|Leman Russ Commander|14|2||Plasma cannon - supercharge|Blast, Hazardous|36|Ranged|D3|4|8|-3|2
3942|Leman Russ Commander|15|1||Punisher gatling cannon||24|Ranged|20|4|6|0|1
3942|Leman Russ Commander|16|1||Storm bolter|Rapid Fire 2|24|Ranged|2|4|4|0|1
3942|Leman Russ Commander|17|1||Vanquisher battle cannon|Heavy|72|Ranged|1|4|18|-4|D6+6
3942|Leman Russ Commander|18|1||Armoured tracks||Melee|Melee|6|4|7|0|1
3980|Leman Russ Battle Tank|1|1||Demolisher battle cannon|Blast|24|Ranged|D6+1|4|14|-3|D6
3980|Leman Russ Battle Tank|2|1||Heavy bolter|Sustained Hits 1|36|Ranged|3|4|5|-1|2
3980|Leman Russ Battle Tank|3|1||Heavy flamer|Ignores Cover, Torrent|12|Ranged|D6|-|5|-1|1
3980|Leman Russ Battle Tank|4|1||Heavy stubber|Rapid Fire 3|36|Ranged|3|4|4|0|1
3980|Leman Russ Battle Tank|5|1||Hunter-killer missile|One Shot|48|Ranged|1|4|14|-3|D6
3980|Leman Russ Battle Tank|6|1||Lascannon||48|Ranged|1|4|12|-3|D6+1
3980|Leman Russ Battle Tank|7|1||Multi-melta|Melta 2|18|Ranged|2|4|9|-4|D6
3980|Leman Russ Battle Tank|8|1||Plasma cannon - standard|Blast|36|Ranged|D3|4|7|-2|1
3980|Leman Russ Battle Tank|9|2||Plasma cannon - supercharge|Blast, Hazardous|36|Ranged|D3|4|8|-3|2
3980|Leman Russ Battle Tank|10|1||Storm bolter|Rapid Fire 2|24|Ranged|2|4|4|0|1
3980|Leman Russ Battle Tank|11|1||Armoured tracks||Melee|Melee|6|4|7|0|1
3981|Leman Russ Battle Tank|1|1||Eradicator nova cannon|Blast, Ignores Cover|36|Ranged|D3+6|4|7|-1|2
3981|Leman Russ Battle Tank|2|1||Heavy bolter|Sustained Hits 1|36|Ranged|3|4|5|-1|2
3981|Leman Russ Battle Tank|3|1||Heavy flamer|Ignores Cover, Torrent|12|Ranged|D6|-|5|-1|1
3981|Leman Russ Battle Tank|4|1||Heavy stubber|Rapid Fire 3|36|Ranged|3|4|4|0|1
3981|Leman Russ Battle Tank|5|1||Hunter-killer missile|One Shot|48|Ranged|1|4|14|-3|D6
3981|Leman Russ Battle Tank|6|1||Lascannon||48|Ranged|1|4|12|-3|D6+1
3981|Leman Russ Battle Tank|7|1||Multi-melta|Melta 2|18|Ranged|2|4|9|-4|D6
3981|Leman Russ Battle Tank|8|1||Plasma cannon - standard|Blast|36|Ranged|D3|4|7|-2|1
3981|Leman Russ Battle Tank|9|2||Plasma cannon - supercharge|Blast, Hazardous|36|Ranged|D3|4|8|-3|2
3981|Leman Russ Battle Tank|10|1||Storm bolter|Rapid Fire 2|24|Ranged|2|4|4|0|1
3981|Leman Russ Battle Tank|11|1||Armoured tracks||Melee|Melee|6|4|7|0|1
3982|Leman Russ Battle Tank|1|1||Executioner plasma cannon - standard|Blast|36|Ranged|D6+3|4|7|-2|2
3982|Leman Russ Battle Tank|2|2||Executioner plasma cannon - supercharge|Blast, Hazardous|36|Ranged|D6+3|4|8|-3|3
3982|Leman Russ Battle Tank|3|1||Heavy bolter|Sustained Hits 1|36|Ranged|3|4|5|-1|2
3982|Leman Russ Battle Tank|4|1||Heavy flamer|Ignores Cover, Torrent|12|Ranged|D6|-|5|-1|1
3982|Leman Russ Battle Tank|5|1||Heavy stubber|Rapid Fire 3|36|Ranged|3|4|4|0|1
3982|Leman Russ Battle Tank|6|1||Hunter-killer missile|One Shot|48|Ranged|1|4|14|-3|D6
3982|Leman Russ Battle Tank|7|1||Lascannon||48|Ranged|1|4|12|-3|D6+1
3982|Leman Russ Battle Tank|8|1||Multi-melta|Melta 2|18|Ranged|2|4|9|-4|D6
3982|Leman Russ Battle Tank|9|1||Plasma cannon - standard|Blast|36|Ranged|D3|4|7|-2|1
3982|Leman Russ Battle Tank|10|2||Plasma cannon - supercharge|Blast, Hazardous|36|Ranged|D3|4|8|-3|2
3982|Leman Russ Battle Tank|11|1||Storm bolter|Rapid Fire 2|24|Ranged|2|4|4|0|1
3982|Leman Russ Battle Tank|12|1||Armoured tracks||Melee|Melee|6|4|7|0|1
3983|Leman Russ Battle Tank|1|1||Exterminator autocannon|Rapid Fire 4, Twin-linked|48|Ranged|4|4|9|-1|3
3983|Leman Russ Battle Tank|2|1||Heavy bolter|Sustained Hits 1|36|Ranged|3|4|5|-1|2
3983|Leman Russ Battle Tank|3|1||Heavy flamer|Ignores Cover, Torrent|12|Ranged|D6|-|5|-1|1
3983|Leman Russ Battle Tank|4|1||Heavy stubber|Rapid Fire 3|36|Ranged|3|4|4|0|1
3983|Leman Russ Battle Tank|5|1||Hunter-killer missile|One Shot|48|Ranged|1|4|14|-3|D6
3983|Leman Russ Battle Tank|6|1||Lascannon||48|Ranged|1|4|12|-3|D6+1
3983|Leman Russ Battle Tank|7|1||Multi-melta|Melta 2|18|Ranged|2|4|9|-4|D6
3983|Leman Russ Battle Tank|8|1||Plasma cannon - standard|Blast|36|Ranged|D3|4|7|-2|1
3983|Leman Russ Battle Tank|9|2||Plasma cannon - supercharge|Blast, Hazardous|36|Ranged|D3|4|8|-3|2
3983|Leman Russ Battle Tank|10|1||Storm bolter|Rapid Fire 2|24|Ranged|2|4|4|0|1
3983|Leman Russ Battle Tank|11|1||Armoured tracks||Melee|Melee|6|4|7|0|1
3984|Leman Russ Battle Tank|1|1||Heavy bolter|Sustained Hits 1|36|Ranged|3|4|5|-1|2
3984|Leman Russ Battle Tank|2|1||Heavy flamer|Ignores Cover, Torrent|12|Ranged|D6|-|5|-1|1
3984|Leman Russ Battle Tank|3|1||Heavy stubber|Rapid Fire 3|36|Ranged|3|4|4|0|1
3984|Leman Russ Battle Tank|4|1||Hunter-killer missile|One Shot|48|Ranged|1|4|14|-3|D6
3984|Leman Russ Battle Tank|5|1||Lascannon||48|Ranged|1|4|12|-3|D6+1
3984|Leman Russ Battle Tank|6|1||Multi-melta|Melta 2|18|Ranged|2|4|9|-4|D6
3984|Leman Russ Battle Tank|7|1||Plasma cannon - standard|Blast|36|Ranged|D3|4|7|-2|1
3984|Leman Russ Battle Tank|8|2||Plasma cannon - supercharge|Blast, Hazardous|36|Ranged|D3|4|8|-3|2
3984|Leman Russ Battle Tank|9|1||Punisher gatling cannon||24|Ranged|20|4|6|0|1
3984|Leman Russ Battle Tank|10|1||Storm bolter|Rapid Fire 2|24|Ranged|2|4|4|0|1
3984|Leman Russ Battle Tank|11|1||Armoured tracks||Melee|Melee|6|4|7|0|1
3985|Leman Russ Battle Tank|1|1||Heavy bolter|Sustained Hits 1|36|Ranged|3|4|5|-1|2
3985|Leman Russ Battle Tank|2|1||Heavy flamer|Ignores Cover, Torrent|12|Ranged|D6|-|5|-1|1
3985|Leman Russ Battle Tank|3|1||Heavy stubber|Rapid Fire 3|36|Ranged|3|4|4|0|1
3985|Leman Russ Battle Tank|4|1||Hunter-killer missile|One Shot|48|Ranged|1|4|14|-3|D6
3985|Leman Russ Battle Tank|5|1||Lascannon||48|Ranged|1|4|12|-3|D6+1
3985|Leman Russ Battle Tank|6|1||Multi-melta|Melta 2|18|Ranged|2|4|9|-4|D6
3985|Leman Russ Battle Tank|7|1||Plasma cannon - standard|Blast|36|Ranged|D3|4|7|-2|1
3985|Leman Russ Battle Tank|8|2||Plasma cannon - supercharge|Blast, Hazardous|36|Ranged|D3|4|8|-3|2
3985|Leman Russ Battle Tank|9|1||Storm bolter|Rapid Fire 2|24|Ranged|2|4|4|0|1
3985|Leman Russ Battle Tank|10|1||Vanquisher battle cannon|Heavy|72|Ranged|1|4|18|-4|D6+6
3985|Leman Russ Battle Tank|11|1||Armoured tracks||Melee|Melee|6|4|7|0|1
3883|Lictor|1|1||Lictor claws and talons|Precision|Melee|Melee|6|2|7|-2|2
1568|Locus|1|1||Locus blades||Melee|Melee|5|2|5|-2|2
4011|Macharius|1|1||Heavy bolter|Sustained Hits 1|36|Ranged|3|4|5|-1|2
4011|Macharius|2|1||Heavy flamer|Ignores Cover, Torrent|12|Ranged|D6|-|5|-1|1
4011|Macharius|3|1||Heavy stubber|Rapid Fire 3|36|Ranged|3|4|4|0|1
4011|Macharius|4|1||Hunter-killer missile|One Shot|48|Ranged|1|4|14|-3|D6
4011|Macharius|5|1||Macharius twin battlecannon|Blast, Twin-linked|48|Ranged|D6+3|4|10|-1|3
4011|Macharius|6|1||Storm bolter|Rapid Fire 2|24|Ranged|2|4|4|0|1
4011|Macharius|7|1||Twin heavy stubber|Rapid Fire 3, Twin-linked|36|Ranged|3|4|4|0|1
4011|Macharius|8|1||Armoured tracks||Melee|Melee|6|4|8|0|1
4012|Macharius Omega|1|1||Autocannon||48|Ranged|2|4|9|-1|3
4012|Macharius Omega|2|1||Heavy bolter|Sustained Hits 1|36|Ranged|3|4|5|-1|2
4012|Macharius Omega|3|1||Heavy flamer|Ignores Cover, Torrent|12|Ranged|D6|-|5|-1|1
4012|Macharius Omega|4|1||Heavy stubber|Rapid Fire 3|36|Ranged|3|4|4|0|1
4012|Macharius Omega|5|1||Omega-pattern plasma blastgun - standard|Blast|60|Ranged|2D6|4|8|-2|2
4012|Macharius Omega|6|2||Omega-pattern plasma blastgun - supercharged|Blast, Hazardous|60|Ranged|2D6|4|9|-3|3
4012|Macharius Omega|7|1||Storm bolter|Rapid Fire 2|24|Ranged|2|4|4|0|1
4012|Macharius Omega|8|1||Armoured tracks||Melee|Melee|3|4|6|0|1
4013|Macharius Vanquisher|1|1||Heavy bolter|Sustained Hits 1|36|Ranged|3|4|5|-1|2
4013|Macharius Vanquisher|2|1||Heavy flamer|Ignores Cover, Torrent|12|Ranged|D6|-|5|-1|1
4013|Macharius Vanquisher|3|1||Heavy stubber|Rapid Fire 3|36|Ranged|3|4|4|0|1
4013|Macharius Vanquisher|4|1||Hunter-killer missile|One Shot|48|Ranged|1|4|14|-3|D6
4013|Macharius Vanquisher|5|1||Macharius twin vanquisher cannon|Heavy, Twin-linked|72|Ranged|1|4|18|-4|D6+6
4013|Macharius Vanquisher|6|1||Storm bolter|Rapid Fire 2|24|Ranged|2|4|4|0|1
4013|Macharius Vanquisher|7|1||Twin heavy stubber|Rapid Fire 3, Twin-linked|36|Ranged|3|4|4|0|1
4013|Macharius Vanquisher|8|1||Armoured tracks||Melee|Melee|6|4|8|0|1
4014|Macharius Vulcan|1|1||Heavy bolter|Sustained Hits 1|36|Ranged|3|4|5|-1|2
4014|Macharius Vulcan|2|1||Heavy flamer|Ignores Cover, Torrent|12|Ranged|D6|-|5|-1|1
4014|Macharius Vulcan|3|1||Heavy stubber|Rapid Fire 3|36|Ranged|3|4|4|0|1
4014|Macharius Vulcan|4|1||Hunter-killer missile|One Shot|48|Ranged|1|4|14|-3|D6
4014|Macharius Vulcan|5|1||Macharius vulcan mega-bolter|Sustained Hits 1|48|Ranged|16|4|6|-1|2
4014|Macharius Vulcan|6|1||Storm bolter|Rapid Fire 2|24|Ranged|2|4|4|0|1
4014|Macharius Vulcan|7|1||Twin heavy stubber|Rapid Fire 3, Twin-linked|36|Ranged|3|4|4|0|1
4014|Macharius Vulcan|8|1||Armoured tracks||Melee|Melee|6|4|8|0|1
508|Magus|1|1||Autopistol|Pistol|12|Ranged|1|3|3|0|1
508|Magus|2|1||Force stave|Psychic|Melee|Melee|3|3|5|-1|D3
4015|Malcador|1|1||Autocannon||48|Ranged|2|4|9|-1|3
4015|Malcador|2|1||Heavy bolter|Sustained Hits 1|36|Ranged|3|4|5|-1|2
4015|Malcador|3|1||Heavy stubber|Rapid Fire 3|36|Ranged|3|4|4|0|1
4015|Malcador|4|1||Hunter-killer missile|One Shot|48|Ranged|1|4|14|-3|D6
4015|Malcador|5|1||Lascannon||48|Ranged|1|4|12|-3|D6+1
4015|Malcador|6|1||Malcador battle cannon|Blast|48|Ranged|D6+3|4|9|-1|3
4015|Malcador|7|1||Storm bolter|Rapid Fire 2|24|Ranged|2|4|4|0|1
4015|Malcador|8|1||Armoured tracks||Melee|Melee|6|4|7|0|1
4016|Malcador Annihilator|1|1||Autocannon||48|Ranged|2|4|9|-1|3
4016|Malcador Annihilator|2|1||Demolisher cannon|Blast|24|Ranged|D6+3|4|14|-3|D6
4016|Malcador Annihilator|3|1||Heavy bolter|Sustained Hits 1|36|Ranged|3|4|5|-1|2
4016|Malcador Annihilator|4|1||Heavy stubber|Rapid Fire 3|36|Ranged|3|4|4|0|1
4016|Malcador Annihilator|5|1||Hunter-killer missile|One Shot|48|Ranged|1|4|14|-3|D6
4016|Malcador Annihilator|6|1||Lascannon||48|Ranged|1|4|12|-3|D6+1
4016|Malcador Annihilator|7|1||Malcador twin lascannon|Twin-linked|48|Ranged|1|4|12|-3|D6+1
4016|Malcador Annihilator|8|1||Storm bolter|Rapid Fire 2|24|Ranged|2|4|4|0|1
4016|Malcador Annihilator|9|1||Armoured tracks||Melee|Melee|6|4|7|0|1
4017|Malcador Defender|1|1||Autocannon||48|Ranged|2|4|9|-1|3
4017|Malcador Defender|2|1||Demolisher cannon|Blast|24|Ranged|D6+3|4|14|-3|D6
4017|Malcador Defender|3|1||Heavy bolter|Sustained Hits 1|36|Ranged|3|4|5|-1|2
4017|Malcador Defender|4|1||Heavy stubber|Rapid Fire 3|36|Ranged|3|4|4|0|1
4017|Malcador Defender|5|1||Hunter-killer missile|One Shot|48|Ranged|1|4|14|-3|D6
4017|Malcador Defender|6|1||Lascannon||48|Ranged|1|4|12|-3|D6+1
4017|Malcador Defender|7|1||Storm bolter|Rapid Fire 2|24|Ranged|2|4|4|0|1
4017|Malcador Defender|8|1||Armoured tracks||Melee|Melee|6|4|7|0|1
4018|Malcador Infernus|1|1||Autocannon||48|Ranged|2|4|9|-1|3
4018|Malcador Infernus|2|1||Heavy bolter|Sustained Hits 1|36|Ranged|3|4|5|-1|2
4018|Malcador Infernus|3|1||Heavy flamer|Ignores Cover, Torrent|12|Ranged|D6|-|5|-1|1
4018|Malcador Infernus|4|1||Heavy stubber|Rapid Fire 3|36|Ranged|3|4|4|0|1
4018|Malcador Infernus|5|1||Hunter-killer missile|One Shot|48|Ranged|1|4|14|-3|D6
4018|Malcador Infernus|6|1||Inferno gun|Ignores Cover, Torrent|18|Ranged|D6+3|-|5|-2|2
4018|Malcador Infernus|7|1||Lascannon||48|Ranged|1|4|12|-3|D6+1
4018|Malcador Infernus|8|1||Storm bolter|Rapid Fire 2|24|Ranged|2|4|4|0|1
4018|Malcador Infernus|9|1||Armoured tracks||Melee|Melee|6|4|7|0|1
3986|Manticore|1|1||Heavy bolter|Sustained Hits 1|36|Ranged|3|4|5|-1|2
3986|Manticore|2|1||Heavy flamer|Ignores Cover, Torrent|12|Ranged|D6|-|5|-1|1
3986|Manticore|3|1||Hunter-killer missile|One Shot|48|Ranged|1|4|14|-3|D6
3986|Manticore|4|1||Storm eagle rockets|Anti-Infantry 2+, Blast, Indirect Fire|120|Ranged|D6|4|7|-2|3
3986|Manticore|5|1||Armoured tracks||Melee|Melee|3|4|6|0|1
3958|Manticore Platform|1|1||Storm Eagle Rockets|Blast, Indirect Fire|120|Ranged|D6+1|4|10|-2|3
3958|Manticore Platform|2|1||Close combat weapons||Melee|Melee|3|4|3|0|1
3884|Mawloc|1|1||Distendible jaw|Anti-infantry 4+, Devastating Wounds, Extra Attacks|Melee|Melee|1|3|5|0|3
3884|Mawloc|2|1||Mawloc scything talons||Melee|Melee|16|3|8|-2|1
4019|Medusa Carriage Battery|1|1||Medusa siege cannon|Blast, Heavy, Indirect Fire|36|Ranged|D6|5|10|-3|3
4019|Medusa Carriage Battery|2|1||Battery close combat weapons||Melee|Melee|5|4|3|0|1
4020|Minotaur|1|1||Minotaur twin earthshaker cannon|Blast, Indirect Fire, Twin-Linked|240|Ranged|D6+3|4|8|-2|2
4020|Minotaur|2|1||Armoured tracks||Melee|Melee|3|4|6|0|1
4021|Mukaali Rider|1|1||Flamer|Ignores Cover, Torrent|12|Ranged|D6|-|4|0|1
4021|Mukaali Rider|2|1||Grenade launcher - frag|Blast|24|Ranged|D3|4|4|0|1
4021|Mukaali Rider|3|2||Grenade launcher - krak||24|Ranged|1|4|9|-2|D3
4021|Mukaali Rider|4|1||Laspistol|Pistol|12|Ranged|1|4|3|0|1
4021|Mukaali Rider|5|1||Meltagun|Melta 2|12|Ranged|1|4|9|-4|D6
4021|Mukaali Rider|6|1||Plasma gun - standard|Rapid Fire 1|24|Ranged|1|4|7|-2|1
4021|Mukaali Rider|7|2||Plasma gun - supercharge|Hazardous, Rapid Fire 1|24|Ranged|1|4|8|-3|2
4021|Mukaali Rider|8|1||Plasma pistol - standard|Rapid Fire 1|24|Ranged|1|4|7|-2|1
4021|Mukaali Rider|9|2||Plasma pistol - supercharged|Hazardous, Rapid Fire 1|24|Ranged|1|4|8|-3|2
4021|Mukaali Rider|10|1||Chainsword||Melee|Melee|3|4|3|0|1
4021|Mukaali Rider|11|1||Hunting lance|Lance|Melee|Melee|3|4|4|0|1
4021|Mukaali Rider|12|1||Power weapon||Melee|Melee|3|4|4|-2|1
4021|Mukaali Rider|13|1||Stomping Feet|Extra Attacks|Melee|Melee|2|4|4|0|1
512|Neophyte Hybrid|1|1||Anointed pistol|Pistol|12|Ranged|1|4|4|0|1
512|Neophyte Hybrid|2|1||Autopistol|Pistol|12|Ranged|1|4|3|0|1
512|Neophyte Hybrid|3|1||Flamer|Ignores Cover, Torrent|12|Ranged|D6|-|4|0|1
512|Neophyte Hybrid|4|1||Grenade launcher - frag|Blast|24|Ranged|D3|4|4|0|1
512|Neophyte Hybrid|5|2||Grenade launcher - krak||24|Ranged|1|4|9|-2|D3
512|Neophyte Hybrid|6|1||Heavy stubber|Rapid Fire 3|36|Ranged|3|4|4|0|1
512|Neophyte Hybrid|7|1||Hybrid firearm|Rapid Fire 1|24|Ranged|1|4|3|0|1
512|Neophyte Hybrid|8|1||Mining laser|Heavy|24|Ranged|1|5|10|-3|D6+1
512|Neophyte Hybrid|9|1||Seismic cannon|Heavy, Rapid Fire 2|24|Ranged|2|5|6|-1|D3
512|Neophyte Hybrid|10|1||Webber|Devastating Wounds, Torrent|12|Ranged|D6|-|2|0|1
512|Neophyte Hybrid|11|1||Chainsword||Melee|Melee|2|4|3|0|1
512|Neophyte Hybrid|12|1||Close combat weapon||Melee|Melee|1|4|3|0|1
512|Neophyte Hybrid|13|1||Power weapon||Melee|Melee|1|4|4|-2|1
3885|Neurolictor|1|1||Piercing claws and talons|Precision|Melee|Melee|6|2|6|-2|1
1571|Nexos|1|1||Autopistol|Pistol|12|Ranged|1|3|3|0|1
1571|Nexos|2|1||Close combat weapon||Melee|Melee|2|3|3|0|1
3878|Parasite of Mortrex|1|1||Barbed ovipositor|Anti-infantry 3+, Extra Attacks|Melee|Melee|1|2|3|-2|3
3878|Parasite of Mortrex|2|1||Clawed limbs||Melee|Melee|6|2|5|-1|1
507|Patriarch|1|1||Patriarch's claws|Devastating Wounds, Twin-linked|Melee|Melee|5|2|6|-2|2
4023|Praetor|1|1||Heavy bolter|Sustained Hits 1|36|Ranged|3|4|5|-1|2
4023|Praetor|2|1||Heavy stubber|Rapid Fire 3|36|Ranged|3|4|4|0|1
4023|Praetor|3|1||Praetor launcher - firestorm|Blast, Heavy, Ignores Cover, Indirect Fire|120|Ranged|2D6|4|6|-1|2
4023|Praetor|4|2||Praetor launcher - foehammer|Anti-MONSTER 4+, Anti-VEHICLE 4+, Blast, Heavy, Indirect Fire|120|Ranged|D6+1|4|4|-2|3
4023|Praetor|5|1||Storm bolter|Rapid Fire 2|24|Ranged|2|4|4|0|1
4023|Praetor|6|1||Armoured tracks||Melee|Melee|6|4|7|0|1
3943|Primaris Psyker|1|1||Laspistol|Pistol|12|Ranged|1|3|3|0|1
3943|Primaris Psyker|2|1||Psychic maelstrom - focused witchfire|Blast, Devastating Wounds, Hazardous, Psychic|18|Ranged|D6+1|3|6|-2|2
3943|Primaris Psyker|3|2||Psychic maelstrom - witchfire|Blast, Devastating Wounds, Psychic|18|Ranged|D6|3|5|-2|1
3943|Primaris Psyker|4|1||Force weapon|Psychic|Melee|Melee|3|4|6|-1|D3
509|Primus|1|1||Scoped needle pistol|Anti-infantry 2+, Ignores Cover, Pistol|18|Ranged|1|2|1|0|D3
509|Primus|2|1||Cult bonesword||Melee|Melee|5|2|5|-2|1
509|Primus|3|1||Toxin injector claw|Anti-infantry 2+, Extra Attacks|Melee|Melee|2|2|2|0|D3
515|Purestrain Genestealer|1|1||Cult claws and talons||Melee|Melee|4|2|4|-2|1
3946|Quartermaster Revenant|1|1||Quartermaster's pistol|Pistol|12|Ranged|1|3|3|-1|1
3946|Quartermaster Revenant|2|1||Medical scalpels||Melee|Melee|1|4|3|0|1
3946|Quartermaster Revenant|3|1||Quartermaster's close combat weapon||Melee|Melee|2|3|4|-2|1
4024|Rapier Laser Destroyer Battery|1|1||Laser destroyer|Heavy, Twin-linked|36|Ranged|2|5|12|-2|D6+1
4024|Rapier Laser Destroyer Battery|2|1||Close combat weapon||Melee|Melee|2|4|3|0|1
544830|Raveners|1|1||Ravener claws and talons|Twin-linked|Melee|Melee|3|3|5|-2|2
2525|Reductus Saboteur|1|1||Autopistol|Pistol|12|Ranged|1|3|3|0|1
2525|Reductus Saboteur|2|1||Demolition charges|Assault, Blast, One Shot|8|Ranged|D6|3|9|-2|2
2525|Reductus Saboteur|3|1||Remote explosives|Blast, Indirect Fire|24|Ranged|D6+3|3|5|0|1
2525|Reductus Saboteur|4|1||Close combat weapon||Melee|Melee|2|3|3|0|1
4025|Regimental Attachés|1|1||Laspistol|Pistol|12|Ranged|1|4|3|0|1
4025|Regimental Attachés|2|1||Astropath's stave|Psychic|Melee|Melee|1|4|6|-1|D3
4025|Regimental Attachés|3|1||Close combat weapon||Melee|Melee|1|4|3|0|1
199931|Ripper Swarm|1|1||Spinemaw|Pistol|6|Ranged|4|5|3|0|1
199931|Ripper Swarm|2|1||Chitinous claws and teeth|Sustained Hits 1|Melee|Melee|6|5|2|0|1
3987|Rogal Dorn Battle Tank|1|1||Castigator gatling cannon||24|Ranged|12|4|5|0|1
3987|Rogal Dorn Battle Tank|2|1||Coaxial autocannon||48|Ranged|2|4|9|-1|3
3987|Rogal Dorn Battle Tank|3|1||Heavy bolter|Sustained Hits 1|36|Ranged|3|4|5|-1|2
3987|Rogal Dorn Battle Tank|4|1||Heavy stubber|Rapid Fire 3|36|Ranged|3|4|4|0|1
3987|Rogal Dorn Battle Tank|5|1||Meltagun|Melta 2|12|Ranged|1|4|9|-4|D6
3987|Rogal Dorn Battle Tank|6|1||Multi-melta|Melta 2|18|Ranged|2|4|9|-4|D6
3987|Rogal Dorn Battle Tank|7|1||Oppressor cannon|Blast|72|Ranged|D6+3|4|12|-2|3
3987|Rogal Dorn Battle Tank|8|1||Pulveriser cannon|Blast|24|Ranged|D6|4|9|-3|3
3987|Rogal Dorn Battle Tank|9|1||Twin battle cannon|Blast, Twin-linked|48|Ranged|D6+3|4|10|-1|3
3987|Rogal Dorn Battle Tank|10|1||Armoured tracks||Melee|Melee|6|4|7|0|1
741397|Rogal Dorn Commander|1|1||Castigator gatling cannon||24|Ranged|12|4|5|0|1
741397|Rogal Dorn Commander|2|1||Coaxial autocannon||48|Ranged|2|4|9|-1|3
741397|Rogal Dorn Commander|3|1||Heavy bolter|Sustained Hits 1|36|Ranged|3|4|5|-1|2
741397|Rogal Dorn Commander|4|1||Heavy stubber|Rapid Fire 3|36|Ranged|3|4|4|0|1
741397|Rogal Dorn Commander|5|1||Meltagun|Melta 2|12|Ranged|1|4|9|-4|D6
741397|Rogal Dorn Commander|6|1||Multi-melta|Melta 2|18|Ranged|2|4|9|-4|D6
741397|Rogal Dorn Commander|7|1||Oppressor cannon|Blast|72|Ranged|D6+3|4|12|-2|3
741397|Rogal Dorn Commander|8|1||Pulveriser cannon|Blast|24|Ranged|D6|4|9|-3|3
741397|Rogal Dorn Commander|9|1||Twin battle cannon|Blast, Twin-linked|48|Ranged|D6+3|4|10|-1|3
741397|Rogal Dorn Commander|10|1||Armoured tracks||Melee|Melee|6|4|7|0|1
3959|Sabre Weapons Battery|1|1||Twin autocannon|Twin-linked|48|Ranged|2|4|9|-1|3
3959|Sabre Weapons Battery|2|1||Twin heavy bolter|Sustained Hits 1, Twin-linked|36|Ranged|3|4|5|-1|2
3959|Sabre Weapons Battery|3|1||Twin heavy stubber|Rapid Fire 3, Twin-linked|36|Ranged|3|4|4|0|1
3959|Sabre Weapons Battery|4|1||Twin lascannon|Twin-linked|48|Ranged|1|4|12|-3|D6+1
3959|Sabre Weapons Battery|5|1||Close combat weapon||Melee|Melee|2|4|3|0|1
4026|Salamander Command Vehicle|1|1||Heavy bolter|Sustained Hits 1|36|Ranged|3|4|5|-1|2
4026|Salamander Command Vehicle|2|1||Heavy flamer|Ignores Cover, Torrent|12|Ranged|D6|-|5|-1|1
4026|Salamander Command Vehicle|3|1||Heavy stubber|Rapid Fire 3|36|Ranged|3|4|4|0|1
4026|Salamander Command Vehicle|4|1||Hunter-killer missile|One Shot|48|Ranged|1|4|14|-3|D6
4026|Salamander Command Vehicle|5|1||Storm bolter|Rapid Fire 2|24|Ranged|2|4|4|0|1
4026|Salamander Command Vehicle|6|1||Armoured tracks||Melee|Melee|3|4|6|0|1
4027|Salamander Scout Vehicle|1|1||Autocannon||48|Ranged|2|4|9|-1|3
4027|Salamander Scout Vehicle|2|1||Heavy bolter|Sustained Hits 1|36|Ranged|3|4|5|-1|2
4027|Salamander Scout Vehicle|3|1||Heavy stubber|Rapid Fire 3|36|Ranged|3|4|4|0|1
4027|Salamander Scout Vehicle|4|1||Hunter-killer missile|One Shot|48|Ranged|1|4|14|-3|D6
4027|Salamander Scout Vehicle|5|1||Storm bolter|Rapid Fire 2|24|Ranged|2|4|4|0|1
4027|Salamander Scout Vehicle|6|1||Armoured tracks||Melee|Melee|3|4|6|0|1
1569|Sanctus|1|1||Cult sniper rifle|Anti-Psyker 2+, Heavy, Precision|36|Ranged|1|3|7|-2|3
1569|Sanctus|2|1||Close combat weapon||Melee|Melee|2|3|3|0|1
1569|Sanctus|3|1||Sanctus bio-dagger|Anti-infantry 3+, Precision|Melee|Melee|6|2|3|-2|2
3988|Scout Sentinel|1|1||Autocannon||48|Ranged|2|4|9|-1|3
3988|Scout Sentinel|2|1||Heavy flamer|Ignores Cover, Torrent|12|Ranged|D6|-|5|-1|1
3988|Scout Sentinel|3|1||Hunter-killer missile|One Shot|48|Ranged|1|4|14|-3|D6
3988|Scout Sentinel|4|1||Lascannon||48|Ranged|1|4|12|-3|D6+1
3988|Scout Sentinel|5|1||Missile launcher - frag|Blast, Heavy|48|Ranged|D6|4|4|0|1
3988|Scout Sentinel|6|2||Missile launcher - krak|Heavy|48|Ranged|1|4|9|-2|D6
3988|Scout Sentinel|7|1||Multi-laser||36|Ranged|4|4|6|0|1
3988|Scout Sentinel|8|1||Plasma cannon - standard|Blast|36|Ranged|D3|4|7|-2|1
3988|Scout Sentinel|9|2||Plasma cannon - supercharge|Blast, Hazardous|36|Ranged|D3|4|8|-3|2
3988|Scout Sentinel|10|1||Close combat weapon||Melee|Melee|3|4|6|0|1
3988|Scout Sentinel|11|1||Sentinel chainsaw||Melee|Melee|3|4|6|-1|1
4028|Sentinel Powerlifter|1|1||Powerlifter||Melee|Melee|3|4|10|-2|D3
3989|Shadowsword|1|1||Lascannon||48|Ranged|1|4|12|-3|D6+1
3989|Shadowsword|2|1||Twin heavy bolter|Sustained Hits 1, Twin-linked|36|Ranged|3|4|5|-1|2
3989|Shadowsword|3|1||Twin heavy flamer|Ignores Cover, Torrent, Twin-linked|12|Ranged|D6|-|5|-1|1
3989|Shadowsword|4|1||Volcano cannon|Blast, Heavy|96|Ranged|D3+1|4|24|-5|12
3989|Shadowsword|5|1||Armoured tracks||Melee|Melee|6|4|8|0|1
3954|Storm Chimera|1|1||Autocannon||48|Ranged|2|4|9|-1|3
3954|Storm Chimera|2|1||Heavy bolter|Sustained Hits 1|36|Ranged|3|4|5|-1|2
3954|Storm Chimera|3|1||Heavy flamer|Ignores Cover, Torrent|12|Ranged|D6|-|5|-1|1
3954|Storm Chimera|4|1||Heavy stubber|Rapid Fire 3|36|Ranged|3|4|4|0|1
3954|Storm Chimera|5|1||Hunter-killer missile|One Shot|48|Ranged|1|4|14|-3|D6
3954|Storm Chimera|6|1||Storm bolter|Rapid Fire 2|24|Ranged|2|4|4|0|1
3954|Storm Chimera|7|1||Armoured tracks||Melee|Melee|3|4|6|0|1
4029|Stormblade|1|1||Heavy stubber|Rapid Fire 3|36|Ranged|3|4|4|0|1
4029|Stormblade|2|1||Hunter-killer missile|One Shot|48|Ranged|1|4|14|-3|D6
4029|Stormblade|3|1||Lascannon||48|Ranged|1|4|12|-3|D6+1
4029|Stormblade|4|1||Storm bolter|Rapid Fire 2|24|Ranged|2|4|4|0|1
4029|Stormblade|5|1||Stormblade plasma blastgun - standard|Blast|48|Ranged|D6+3|4|9|-2|3
4029|Stormblade|6|2||Stormblade plasma blastgun - supercharge|Blast, Hazardous|48|Ranged|D6+3|4|10|-3|4
4029|Stormblade|7|1||Twin heavy bolter|Sustained Hits 1, Twin-linked|36|Ranged|3|4|5|-1|2
4029|Stormblade|8|1||Twin heavy flamer|Ignores Cover, Torrent, Twin-linked|12|Ranged|D6|-|5|-1|1
4029|Stormblade|9|1||Armoured tracks||Melee|Melee|6|4|8|0|1
3990|Stormlord|1|1||Heavy stubber|Rapid Fire 3|36|Ranged|3|4|4|0|1
3990|Stormlord|2|1||Lascannon||48|Ranged|1|4|12|-3|D6+1
3990|Stormlord|3|1||Twin heavy bolter|Sustained Hits 1, Twin-linked|36|Ranged|3|4|5|-1|2
3990|Stormlord|4|1||Twin heavy flamer|Ignores Cover, Torrent, Twin-linked|12|Ranged|D6|-|5|-1|1
3990|Stormlord|5|1||Vulcan mega-bolter|Sustained Hits 1|48|Ranged|20|4|6|-1|2
3990|Stormlord|6|1||Armoured tracks||Melee|Melee|6|4|8|0|1
3991|Stormsword|1|1||Lascannon||48|Ranged|1|4|12|-3|D6+1
3991|Stormsword|2|1||Stormsword siege cannon|Blast, Ignores Cover|48|Ranged|D6+6|4|16|-4|D6+2
3991|Stormsword|3|1||Twin heavy bolter|Sustained Hits 1, Twin-linked|36|Ranged|3|4|5|-1|2
3991|Stormsword|4|1||Twin heavy flamer|Ignores Cover, Torrent, Twin-linked|12|Ranged|D6|-|6|-1|1
3991|Stormsword|5|1||Armoured tracks||Melee|Melee|6|4|8|0|1
4030|Stygies Destroyer Tank Hunter|1|1||Heavy stubber|Rapid Fire 3|36|Ranged|3|4|4|0|1
4030|Stygies Destroyer Tank Hunter|2|1||Hunter-killer missile|One Shot|48|Ranged|1|4|14|-3|D6
4030|Stygies Destroyer Tank Hunter|3|1||Storm bolter|Rapid Fire 2|24|Ranged|2|4|4|0|1
4030|Stygies Destroyer Tank Hunter|4|1||Stygies laser destroyer|Heavy|72|Ranged|2|4|14|-4|D6+3
4030|Stygies Destroyer Tank Hunter|5|1||Armoured tracks||Melee|Melee|3|4|6|0|1
4031|Tarantula Battery|1|1||Twin heavy bolter|Sustained Hits 1, Twin-linked|36|Ranged|3|4|5|-1|2
4031|Tarantula Battery|2|1||Twin lascannon|Twin-linked|48|Ranged|1|4|12|-3|D6+1
4031|Tarantula Battery|3|1||Close combat weapon||Melee|Melee|2|4|3|0|1
4032|Tauros Assault Vehicle|1|1||Heavy flamer|Ignores Cover, Torrent|12|Ranged|D6|-|5|-1|1
4032|Tauros Assault Vehicle|2|1||Hunter-killer missile|One Shot|48|Ranged|1|4|14|-3|D6
4032|Tauros Assault Vehicle|3|1||Tauros grenade launcher - frag|Blast|24|Ranged|D6|4|4|0|1
4032|Tauros Assault Vehicle|4|2||Tauros grenade launcher - krak||24|Ranged|2|4|9|-2|D3
4032|Tauros Assault Vehicle|5|1||Armoured frame||Melee|Melee|2|4|5|0|1
4033|Tauros Venator|1|1||Hunter-killer missile|One Shot|48|Ranged|1|4|14|-3|D6
4033|Tauros Venator|2|1||Twin lascannon|Twin-linked|48|Ranged|1|4|12|-3|D6+1
4033|Tauros Venator|3|1||Twin multi-laser|Twin-linked|36|Ranged|4|4|6|0|1
4033|Tauros Venator|4|1||Armoured frame||Melee|Melee|2|4|5|0|1
3952|Taurox|1|1||Storm bolter|Rapid Fire 2|24|Ranged|2|4|4|0|1
3952|Taurox|2|1||Twin autocannon|Twin-linked|48|Ranged|2|4|9|-1|3
3952|Taurox|3|1||Armoured tracks||Melee|Melee|3|4|6|0|1
3953|Taurox Prime|1|1||Storm bolter|Rapid Fire 2|24|Ranged|2|3|4|0|1
3953|Taurox Prime|2|1||Taurox battle cannon|Blast|48|Ranged|D6|3|8|-1|2
3953|Taurox Prime|3|1||Taurox gatling cannon|Devastating Wounds, Twin-linked|24|Ranged|8|3|4|0|1
3953|Taurox Prime|4|1||Taurox missile launcher - frag|Blast, Twin-linked|48|Ranged|D6|3|4|0|1
3953|Taurox Prime|5|2||Taurox missile launcher - krak|Twin-linked|48|Ranged|1|3|9|-2|D6
3953|Taurox Prime|6|1||Twin autocannon|Twin-linked|48|Ranged|2|3|9|-1|3
3953|Taurox Prime|7|1||Twin Taurox hot-shot volley gun|Rapid Fire 3, Twin-linked|30|Ranged|3|3|4|-1|1
3953|Taurox Prime|8|1||Armoured tracks||Melee|Melee|3|4|6|0|1
1576|Tectonic Fragdrill|1|1||Fragdrill||Melee|Melee|6|6|12|-2|D6
4226|The Red Terror|1|1||Gaping maw|Extra Attacks, Devastating Wounds, Precision|Melee|Melee|1|2|5|-|D3+2
4226|The Red Terror|2|1||Scything talons||Melee|Melee|12|2|7|-2|2
4034|Trojan Support Vehicle|1|1||Heavy bolter|Sustained Hits 1|36|Ranged|3|4|5|-1|2
4034|Trojan Support Vehicle|2|1||Heavy flamer|Ignores Cover, Torrent|12|Ranged|D6|-|5|-1|1
4034|Trojan Support Vehicle|3|1||Hunter-killer missile|One Shot|48|Ranged|1|4|14|-3|D6
4034|Trojan Support Vehicle|4|1||Armoured tracks||Melee|Melee|3|4|6|0|1
3887|Trygon|1|1||Bio-electric pulse|Sustained Hits 2|12|Ranged|6|3|5|0|1
3887|Trygon|2|1||Trygon scything talons||Melee|Melee|12|3|9|-2|3
3882|Tyrannocyte|1|1||Tyrannocyte Bio-weapons||24|Ranged|5|4|5|-1|2
3882|Tyrannocyte|2|1||Flensing Whips||Melee|Melee|6|4|7|-1|2
4035|Valdor|1|1||Autocannon||48|Ranged|2|4|9|-1|3
4035|Valdor|2|1||Heavy bolter|Sustained Hits 1|36|Ranged|3|4|5|-1|2
4035|Valdor|3|1||Heavy flamer|Ignores Cover, Torrent|12|Ranged|D6|-|5|-1|1
4035|Valdor|4|1||Heavy stubber|Rapid Fire 3|36|Ranged|3|4|4|0|1
4035|Valdor|5|1||Hunter-killer missile|One Shot|48|Ranged|1|4|14|-3|D6
4035|Valdor|6|1||Lascannon||48|Ranged|1|4|12|-3|D6+1
4035|Valdor|7|1||Storm bolter|Rapid Fire 2|24|Ranged|2|4|4|0|1
4035|Valdor|8|1||Valdor neutron laser|Heavy|48|Ranged|2|4|16|-4|D6+1
4035|Valdor|9|1||Armoured tracks||Melee|Melee|6|4|8|0|1
666328|Valkyrie|1|1||Heavy bolter|Sustained Hits 1|36|Ranged|3|4|5|-1|2
666328|Valkyrie|2|1||Hellstrike missiles|Anti-fly 2|48|Ranged|1|4|10|-3|D6
666328|Valkyrie|3|1||Lascannon||48|Ranged|1|4|12|-3|D6+1
666328|Valkyrie|4|1||Multi-laser||36|Ranged|4|4|6|0|1
666328|Valkyrie|5|1||Multiple rocket pod|Blast|36|Ranged|D6|4|6|0|1
666328|Valkyrie|6|1||Armoured hull||Melee|Melee|3|4|6|0|1
428338|Valkyrie Sky Talon|1|1||Heavy bolter|Sustained Hits 1|36|Ranged|3|4|5|-1|2
428338|Valkyrie Sky Talon|2|1||Hellstrike missiles|Anti-fly 2|48|Ranged|1|4|10|-3|D6
428338|Valkyrie Sky Talon|3|1||Multiple rocket pod|Blast|36|Ranged|D6|4|6|0|1
428338|Valkyrie Sky Talon|4|1||Armoured hull||Melee|Melee|3|4|6|0|1
396425|Vendetta Gunship|1|1||Heavy bolter|Sustained Hits 1|36|Ranged|3|4|5|-1|2
396425|Vendetta Gunship|2|1||Vendetta hellstrike rack|Anti-fly 2+|48|Ranged|2|4|10|-3|D6
396425|Vendetta Gunship|3|1||Vendetta twin lascannon|Twin-linked|48|Ranged|1|4|12|-3|D6+1
396425|Vendetta Gunship|4|1||Armoured hull||Melee|Melee|3|4|6|0|1
3888|Von Ryan's Leaper|1|1||Leaper's talons||Melee|Melee|6|3|5|-1|1
353919|Vulture Gunship|1|1||Heavy bolter|Sustained Hits 1|36|Ranged|3|4|5|-1|2
353919|Vulture Gunship|2|1||Multiple rocket pods|Blast|36|Ranged|D6|4|6|0|1
353919|Vulture Gunship|3|1||Vulture gatling cannon|Sustained Hits 1|24|Ranged|18|4|5|0|1
353919|Vulture Gunship|4|1||Vulture hellstrike rack|Anti-Fly 2+|48|Ranged|2|4|10|-3|D6
353919|Vulture Gunship|5|1||Armoured hull||Melee|Melee|6|4|4|0|1
3879|Winged Hive Tyrant|1|1||Heavy venom cannon|Blast|36|Ranged|D3|2|9|-2|3
3879|Winged Hive Tyrant|2|1||Stranglethorn cannon|Blast|36|Ranged|D6+1|2|7|-1|2
3879|Winged Hive Tyrant|3|1||Monstrous bonesword and lash whip|Twin-linked|Melee|Melee|6|2|9|-2|3
3879|Winged Hive Tyrant|4|1||Monstrous scything talons|Extra Attacks|Melee|Melee|4|2|7|-2|2
3879|Winged Hive Tyrant|5|1||Tyrant talons||Melee|Melee|5|2|7|-2|2
3880|Winged Tyranid Prime|1|1||Prime talons||Melee|Melee|6|2|6|-1|2
3992|Wyvern|1|1||Heavy bolter|Sustained Hits 1|36|Ranged|3|4|5|-1|2
3992|Wyvern|2|1||Heavy flamer|Ignores Cover, Torrent|12|Ranged|D6|-|5|-1|1
3992|Wyvern|3|1||Hunter-killer missile|One Shot|48|Ranged|1|4|14|-3|D6
3992|Wyvern|4|1||Wyvern quad stormshard mortar|Blast, Indirect Fire, Twin-linked|48|Ranged|2D6|4|5|0|1
3992|Wyvern|5|1||Armoured tracks||Melee|Melee|3|4|6|0|1
376|Brother-Captain|1|1||Incinerator|Ignores Cover, Torrent|12|Ranged|D6|-|6|-1|1
376|Brother-Captain|2|1||Psilencer|Precision, Psychic, Sustained Hits 1|24|Ranged|6|2|5|0|1
376|Brother-Captain|3|1||Psycannon|Psychic|24|Ranged|3|2|8|-1|2
376|Brother-Captain|4|1||Storm bolter|Rapid Fire 2|24|Ranged|2|2|5|-1|1
376|Brother-Captain|5|1||Nemesis force weapon|Psychic|Melee|Melee|4|2|6|-2|2
377|Brother-Captain Stern|1|1||Storm bolter|Rapid Fire 2|24|Ranged|2|2|4|0|1
377|Brother-Captain Stern|2|1||Nemesis force sword|Psychic|Melee|Melee|5|2|6|-2|2
379|Brotherhood Champion|1|1||Storm bolter|Rapid Fire 2|24|Ranged|2|2|5|-1|1
379|Brotherhood Champion|2|1||Nemesis force weapon|Precision, Psychic|Melee|Melee|5|2|6|-2|2
1362|Brotherhood Chaplain|1|1||Storm bolter|Rapid Fire 2|24|Ranged|2|3|5|-1|1
1362|Brotherhood Chaplain|2|1||Crozius arcanum||Melee|Melee|5|2|6|-1|2
1361|Brotherhood Librarian|1|1||Combi-weapon|Anti-infantry 4+, Devastating Wounds, Rapid Fire 1|24|Ranged|1|4|5|-1|1
1361|Brotherhood Librarian|2|1||Storm bolter|Rapid Fire 2|24|Ranged|2|3|5|-1|1
1361|Brotherhood Librarian|3|1||Vortex of Doom|Blast, Psychic|18|Ranged|D6+3|3|8|-2|2
1361|Brotherhood Librarian|4|1||Nemesis force weapon|Psychic|Melee|Melee|4|2|6|-1|2
399|Brotherhood Techmarine|1|1||Forge bolter||24|Ranged|3|2|5|-1|2
399|Brotherhood Techmarine|2|1||Grav-pistol|Anti-Vehicle 2+, Pistol|12|Ranged|1|2|4|-1|2
399|Brotherhood Techmarine|3|1||Omnissian power axe||Melee|Melee|4|3|6|-2|2
399|Brotherhood Techmarine|4|1||Servo-arm|Extra Attacks|Melee|Melee|1|3|8|-2|3
382|Terminator|1|1||Incinerator|Ignores Cover, Torrent|12|Ranged|D6|-|6|-1|1
382|Terminator|2|1||Psilencer|Precision, Psychic, Sustained Hits 1|24|Ranged|6|3|5|0|1
382|Terminator|3|1||Psycannon|Psychic|24|Ranged|3|3|8|-1|2
382|Terminator|4|1||Storm bolter|Rapid Fire 2|24|Ranged|2|3|5|-1|1
382|Terminator|5|1||Nemesis force weapon|Psychic|Melee|Melee|4|3|6|-2|2
380|Castellan Crowe|1|1||Purifying Flame|Anti-Infantry 2+, Ignores Cover, Psychic|18|Ranged|3|2|4|-2|1
380|Castellan Crowe|2|1||Storm bolter|Rapid Fire 2|24|Ranged|2|2|5|-1|1
380|Castellan Crowe|3|1||Black Blade of Antwyr|Devastating Wounds, Precision|Melee|Melee|5|2|6|-2|2
375|Grand Master|1|1||Incinerator|Ignores Cover, Torrent|12|Ranged|D6|-|6|-1|1
375|Grand Master|2|1||Psilencer|Precision, Psychic, Sustained Hits 1|24|Ranged|6|2|5|0|1
375|Grand Master|3|1||Psycannon|Psychic|24|Ranged|3|2|8|-1|2
375|Grand Master|4|1||Storm bolter|Rapid Fire 2|24|Ranged|2|2|5|-1|1
375|Grand Master|5|1||Nemesis force weapon|Psychic|Melee|Melee|5|2|6|-2|2
1360|Grand Master in Nemesis Dreadknight|1|1||Fragstorm grenade launcher|Blast|18|Ranged|D6|3|4|0|1
1360|Grand Master in Nemesis Dreadknight|2|1||Gatling psilencer|Psychic, Sustained Hits 1|24|Ranged|12|3|6|0|1
1360|Grand Master in Nemesis Dreadknight|3|1||Heavy incinerator|Ignores Cover, Torrent|18|Ranged|2D6|-|6|-1|1
1360|Grand Master in Nemesis Dreadknight|4|1||Heavy psycannon|Ignores Cover, Psychic|24|Ranged|6|3|10|-2|3
1360|Grand Master in Nemesis Dreadknight|5|1||Sublimator|Melta 4, Psychic, Twin-linked|18|Ranged|2|3|9|-4|D6
1360|Grand Master in Nemesis Dreadknight|6|1||Dreadfists||Melee|Melee|6|2|6|-1|1
1360|Grand Master in Nemesis Dreadknight|7|1||Nemesis daemon greathammer|Psychic|Melee|Melee|5|3|14|-3|D6+1
1360|Grand Master in Nemesis Dreadknight|8|1||Nemesis flail|Psychic|Melee|Melee|10|2|5|-1|2
1360|Grand Master in Nemesis Dreadknight|9|1||Nemesis greatsword - strike|Psychic|Melee|Melee|5|2|10|-2|D6
1360|Grand Master in Nemesis Dreadknight|10|2||Nemesis greatsword - sweep|Psychic|Melee|Melee|10|2|5|-1|1
1360|Grand Master in Nemesis Dreadknight|11|1||Nemesis mace|Anti-Character 2+, Precision, Psychic|Melee|Melee|5|2|6|-3|3
374|Grand Master Voldus|1|1||Searing Purity|Devastating Wounds, Psychic|12|Ranged|D3+1|2|12|-2|2
374|Grand Master Voldus|2|1||Storm bolter|Rapid Fire 2|24|Ranged|2|2|5|-1|1
374|Grand Master Voldus|3|1||Malleus Argyrum|Psychic|Melee|Melee|5|2|10|-2|3
390|Grey Knights Dreadnought|1|1||Assault cannon|Devastating Wounds|24|Ranged|6|3|6|0|1
390|Grey Knights Dreadnought|2|1||Heavy flamer|Ignores Cover, Torrent|12|Ranged|D6|-|5|-1|1
390|Grey Knights Dreadnought|3|1||Heavy plasma cannon - standard|Blast|36|Ranged|D3|3|7|-2|2
390|Grey Knights Dreadnought|4|2||Heavy plasma cannon - supercharge|Blast, Hazardous|36|Ranged|D3|3|8|-3|3
390|Grey Knights Dreadnought|5|1||Heavy psycannon|Psychic|24|Ranged|6|3|10|-1|3
390|Grey Knights Dreadnought|6|1||Incinerator|Ignores Cover, Torrent|12|Ranged|D6|-|6|-1|1
390|Grey Knights Dreadnought|7|1||Missile launcher - frag|Blast|48|Ranged|D6|3|4|0|1
390|Grey Knights Dreadnought|8|2||Missile launcher - krak||48|Ranged|1|3|9|-2|D6
390|Grey Knights Dreadnought|9|1||Multi-melta|Melta 2|18|Ranged|2|3|9|-4|D6
390|Grey Knights Dreadnought|10|1||Storm bolter|Rapid Fire 2|24|Ranged|2|3|4|0|1
390|Grey Knights Dreadnought|11|1||Twin lascannon|Twin-linked|48|Ranged|1|3|12|-3|D6+1
390|Grey Knights Dreadnought|12|1||Armoured feet||Melee|Melee|5|3|6|0|1
390|Grey Knights Dreadnought|13|1||Dreadnought combat weapon||Melee|Melee|5|3|12|-2|3
390|Grey Knights Dreadnought|14|1||Nemesis doomglaive|Psychic|Melee|Melee|5|3|14|-3|3
2768|Grey Knights Relic Razorback [Legends]|1|1||Hunter-killer missile|One Shot|48|Ranged|1|2|14|-3|D6
2768|Grey Knights Relic Razorback [Legends]|2|1||Multi-melta|Melta 2|18|Ranged|2|3|9|-4|D6
2768|Grey Knights Relic Razorback [Legends]|3|1||Storm bolter|Rapid Fire 2|24|Ranged|2|3|4|0|1
2768|Grey Knights Relic Razorback [Legends]|4|1||Twin assault cannon|Devastating Wounds, Twin-Linked|24|Ranged|6|3|6|0|1
2768|Grey Knights Relic Razorback [Legends]|5|1||Twin heavy bolter|Sustained Hits 1, Twin-Linked|36|Ranged|3|3|5|-1|2
2768|Grey Knights Relic Razorback [Legends]|6|1||Twin lascannon|Twin-linked|48|Ranged|1|3|12|-3|D6+1
2768|Grey Knights Relic Razorback [Legends]|7|1||Twin Psycannon|Psychic, Twin-linked|24|Ranged|3|3|8|-1|2
2768|Grey Knights Relic Razorback [Legends]|8|1||Armoured tracks||Melee|Melee|3|4|6|0|1
1197|Grey Knights Thunderhawk Gunship|1|1||Hellstrike missile battery|Anti-Fly 4+|72|Ranged|4|3|8|-2|3
1197|Grey Knights Thunderhawk Gunship|2|1||Lascannon||48|Ranged|1|3|12|-3|D6+1
1197|Grey Knights Thunderhawk Gunship|3|1||Thunderhawk heavy cannon|Blast|48|Ranged|D6+6|3|10|-2|3
1197|Grey Knights Thunderhawk Gunship|4|1||Turbo-laser destructor|Blast|96|Ranged|D3+1|3|20|-4|D6+6
1197|Grey Knights Thunderhawk Gunship|5|1||Twin heavy bolter|Sustained Hits 1, Twin-Linked|36|Ranged|3|3|5|-1|2
1197|Grey Knights Thunderhawk Gunship|6|1||Armored Hull||Melee|Melee|6|4|8|0|1
387|Interceptor Squad|1|1||Incinerator|Ignores Cover, Torrent|12|Ranged|D6|-|6|-1|1
387|Interceptor Squad|2|1||Psilencer|Precision, Psychic, Sustained Hits 1|24|Ranged|6|3|5|0|1
387|Interceptor Squad|3|1||Psycannon|Psychic|24|Ranged|3|3|8|-1|2
387|Interceptor Squad|4|1||Storm bolter|Rapid Fire 2|24|Ranged|2|3|5|-1|1
387|Interceptor Squad|5|1||Close combat weapon||Melee|Melee|3|3|5|0|1
387|Interceptor Squad|6|1||Nemesis force weapon|Psychic|Melee|Melee|3|3|6|-2|2
373|Kaldor Draigo|1|1||Scourging|Anti-Daemon 2+, Ignores Cover, Psychic|18|Ranged|3|2|6|-2|2
373|Kaldor Draigo|2|1||Storm bolter|Rapid Fire 2|24|Ranged|2|2|4|0|1
373|Kaldor Draigo|3|1||The Titansword|Anti-Daemon 2+, Psychic|Melee|Melee|6|2|8|-4|3
391|Land Raider|1|1||Godhammer lascannon||48|Ranged|2|3|12|-3|D6+1
391|Land Raider|2|1||Hunter-killer missile|One Shot|48|Ranged|1|2|14|-3|D6
391|Land Raider|3|1||Multi-melta|Melta 2|18|Ranged|2|3|9|-4|D6
391|Land Raider|4|1||Storm bolter|Rapid Fire 2|24|Ranged|2|3|5|-1|1
391|Land Raider|5|1||Twin heavy bolter|Sustained Hits 1, Twin-Linked|36|Ranged|3|3|5|-1|2
391|Land Raider|6|1||Armoured tracks||Melee|Melee|6|4|8|0|1
392|Land Raider Crusader|1|1||Hunter-killer missile|One Shot|48|Ranged|1|2|14|-3|D6
392|Land Raider Crusader|2|1||Hurricane bolter|Rapid Fire 6, Twin-Linked|24|Ranged|6|3|5|-1|1
392|Land Raider Crusader|3|1||Multi-melta|Melta 2|18|Ranged|2|3|9|-4|D6
392|Land Raider Crusader|4|1||Storm bolter|Rapid Fire 2|24|Ranged|2|3|5|-1|1
392|Land Raider Crusader|5|1||Twin assault cannon|Devastating Wounds, Twin-Linked|24|Ranged|6|3|6|0|1
392|Land Raider Crusader|6|1||Armoured tracks||Melee|Melee|6|4|8|0|1
393|Land Raider Redeemer|1|1||Flamestorm cannon|Ignores Cover, Torrent|12|Ranged|D6+3|-|6|-2|2
393|Land Raider Redeemer|2|1||Hunter-killer missile|One Shot|48|Ranged|1|2|14|-3|D6
393|Land Raider Redeemer|3|1||Multi-melta|Melta 2|18|Ranged|2|3|9|-4|D6
393|Land Raider Redeemer|4|1||Storm bolter|Rapid Fire 2|24|Ranged|2|3|5|-1|1
393|Land Raider Redeemer|5|1||Twin assault cannon|Devastating Wounds, Twin-Linked|24|Ranged|6|3|6|0|1
393|Land Raider Redeemer|6|1||Armoured tracks||Melee|Melee|6|4|8|0|1
389|Nemesis Dreadknight|1|1||Gatling psilencer|Psychic, Sustained Hits 1|24|Ranged|12|3|6|0|1
389|Nemesis Dreadknight|2|1||Heavy incinerator|Ignores Cover, Torrent|18|Ranged|2D6|-|6|-1|1
389|Nemesis Dreadknight|3|1||Heavy psycannon|Ignores Cover, Psychic|24|Ranged|6|3|10|-2|3
389|Nemesis Dreadknight|4|1||Dreadfists||Melee|Melee|6|2|6|-1|1
389|Nemesis Dreadknight|5|1||Nemesis daemon greathammer|Psychic|Melee|Melee|5|3|14|-3|D6+1
389|Nemesis Dreadknight|6|1||Nemesis greatsword - strike|Psychic|Melee|Melee|5|2|10|-2|D6
389|Nemesis Dreadknight|7|2||Nemesis greatsword - sweep|Psychic|Melee|Melee|10|2|5|-1|1
384|Paladin|1|1||Incinerator|Ignores Cover, Torrent|12|Ranged|D6|-|6|-1|1
384|Paladin|2|1||Psilencer|Precision, Psychic, Sustained Hits 1|24|Ranged|6|2|5|0|1
384|Paladin|3|1||Psycannon|Psychic|24|Ranged|3|2|8|-1|2
384|Paladin|4|1||Storm bolter|Rapid Fire 2|24|Ranged|2|2|5|-1|1
384|Paladin|5|1||Nemesis force weapon|Psychic|Melee|Melee|4|2|6|-2|2
388|Purgation Squad|1|1||Incinerator|Ignores Cover, Torrent|12|Ranged|D6|-|6|-1|1
388|Purgation Squad|2|1||Psilencer|Precision, Psychic, Sustained Hits 1|24|Ranged|6|3|5|0|1
388|Purgation Squad|3|1||Psycannon|Psychic|24|Ranged|3|3|8|-1|2
388|Purgation Squad|4|1||Storm bolter|Rapid Fire 2|24|Ranged|2|3|5|-1|1
388|Purgation Squad|5|1||Close combat weapon||Melee|Melee|3|3|5|0|1
388|Purgation Squad|6|1||Nemesis force weapon|Psychic|Melee|Melee|3|3|6|-2|2
383|Purifier Squad|1|1||Incinerator|Ignores Cover, Torrent|12|Ranged|D6|-|6|-1|1
383|Purifier Squad|2|1||Psilencer|Precision, Psychic, Sustained Hits 1|24|Ranged|6|3|5|0|1
383|Purifier Squad|3|1||Psycannon|Psychic|24|Ranged|3|3|8|-1|2
383|Purifier Squad|4|1||Purifying Flame|Anti-Infantry 2+, Ignores Cover, Psychic|18|Ranged|1|3|4|-2|1
383|Purifier Squad|5|1||Storm bolter|Rapid Fire 2|24|Ranged|2|3|5|-1|1
383|Purifier Squad|6|1||Close combat weapon||Melee|Melee|3|3|5|0|1
383|Purifier Squad|7|1||Nemesis force weapon|Psychic|Melee|Melee|3|3|6|-2|2
395|Razorback|1|1||Hunter-killer missile|One Shot|48|Ranged|1|2|14|-3|D6
395|Razorback|2|1||Storm bolter|Rapid Fire 2|24|Ranged|2|3|5|-1|1
395|Razorback|3|1||Twin heavy bolter|Sustained Hits 1, Twin-Linked|36|Ranged|3|3|5|-1|2
395|Razorback|4|1||Twin lascannon|Twin-linked|48|Ranged|1|3|12|-3|D6+1
395|Razorback|5|1||Armoured tracks||Melee|Melee|3|4|6|0|1
396|Rhino|1|1||Hunter-killer missile|One Shot|48|Ranged|1|2|14|-3|D6
396|Rhino|2|1||Storm bolter|Rapid Fire 2|24|Ranged|2|3|5|-1|1
396|Rhino|3|1||Armoured tracks||Melee|Melee|3|4|6|0|1
397|Servitors|1|1||Heavy bolter|Heavy, Sustained Hits 1|36|Ranged|3|4|5|-1|2
397|Servitors|2|1||Multi-melta|Heavy, Melta 2|18|Ranged|2|4|9|-4|D6
397|Servitors|3|1||Plasma cannon - standard|Blast, Heavy|36|Ranged|D3|4|7|-2|1
397|Servitors|4|2||Plasma cannon - supercharge|Blast, Hazardous, Heavy|36|Ranged|D3|4|8|-3|2
397|Servitors|5|1||Servitor's tools||Melee|Melee|1|5|3|0|1
397|Servitors|6|1||Servo-arm||Melee|Melee|1|5|6|-2|3
1363|Stormhawk Interceptor|1|1||Icarus stormcannon|Anti-Fly 2+|48|Ranged|6|3|7|-1|2
1363|Stormhawk Interceptor|2|1||Las-talon||36|Ranged|2|3|10|-3|D6+1
1363|Stormhawk Interceptor|3|1||Skyhammer missile launcher|Anti-Fly 2+|48|Ranged|3|3|8|-1|D3
1363|Stormhawk Interceptor|4|1||Twin assault cannon|Devastating Wounds, Twin-Linked|24|Ranged|6|3|6|0|1
1363|Stormhawk Interceptor|5|1||Twin heavy bolter|Sustained Hits 1, Twin-Linked|36|Ranged|3|3|5|-1|2
1363|Stormhawk Interceptor|6|1||Typhoon missile launcher - frag|Blast|48|Ranged|2D6|3|4|0|1
1363|Stormhawk Interceptor|7|2||Typhoon missile launcher - krak||48|Ranged|2|3|9|-2|D6
1363|Stormhawk Interceptor|8|1||Armoured hull||Melee|Melee|3|4|6|0|1
398|Stormraven Gunship|1|1||Hurricane bolter|Rapid Fire 6, Twin-Linked|24|Ranged|6|3|5|-1|1
398|Stormraven Gunship|2|1||Stormstrike missile launcher||48|Ranged|1|3|10|-3|D6+2
398|Stormraven Gunship|3|1||Twin assault cannon|Devastating Wounds, Twin-Linked|24|Ranged|6|3|6|0|1
398|Stormraven Gunship|4|1||Twin heavy bolter|Sustained Hits 1, Twin-Linked|36|Ranged|3|3|5|-1|2
398|Stormraven Gunship|5|1||Twin heavy plasma cannon - standard|Blast, Twin-linked|36|Ranged|3|3|7|-2|2
398|Stormraven Gunship|6|2||Twin heavy plasma cannon - supercharge|Blast, Hazardous, Twin-linked|36|Ranged|3|3|8|-3|3
398|Stormraven Gunship|7|1||Twin lascannon|Twin-linked|48|Ranged|1|3|12|-3|D6+1
398|Stormraven Gunship|8|1||Twin multi-melta|Melta 2, Twin-linked|18|Ranged|2|3|9|-4|D6
398|Stormraven Gunship|9|1||Typhoon missile launcher - frag|Blast|48|Ranged|2D6|3|4|0|1
398|Stormraven Gunship|10|2||Typhoon missile launcher - krak||48|Ranged|2|3|9|-2|D6
398|Stormraven Gunship|11|1||Armoured hull||Melee|Melee|6|4|8|0|1
1364|Stormtalon Gunship|1|1||Skyhammer missile launcher|Anti-Fly 2+|48|Ranged|3|3|8|-1|D3
1364|Stormtalon Gunship|2|1||Twin assault cannon|Devastating Wounds, Twin-Linked|24|Ranged|6|3|6|0|1
1364|Stormtalon Gunship|3|1||Twin heavy bolter|Sustained Hits 1, Twin-Linked|36|Ranged|3|3|5|-1|2
1364|Stormtalon Gunship|4|1||Twin lascannon|Twin-linked|48|Ranged|1|3|12|-3|D6+1
1364|Stormtalon Gunship|5|1||Typhoon missile launcher - frag|Blast|48|Ranged|2D6|3|4|0|1
1364|Stormtalon Gunship|6|2||Typhoon missile launcher - krak||48|Ranged|2|3|9|-2|D6
1364|Stormtalon Gunship|7|1||Armoured hull||Melee|Melee|3|4|6|0|1
381|Strike Squad|1|1||Incinerator|Ignores Cover, Torrent|12|Ranged|D6|-|6|-1|1
381|Strike Squad|2|1||Psilencer|Precision, Psychic, Sustained Hits 1|24|Ranged|6|3|5|0|1
381|Strike Squad|3|1||Psycannon|Psychic|24|Ranged|3|3|8|-1|2
381|Strike Squad|4|1||Storm bolter|Rapid Fire 2|24|Ranged|2|3|5|-1|1
381|Strike Squad|5|1||Close combat weapon||Melee|Melee|3|3|5|0|1
381|Strike Squad|6|1||Nemesis force weapon|Psychic|Melee|Melee|3|3|6|-2|2
400|Venerable Dreadnought|1|1||Assault cannon|Devastating Wounds|24|Ranged|6|3|6|0|1
400|Venerable Dreadnought|2|1||Heavy flamer|Ignores Cover, Torrent|12|Ranged|D6|-|5|-1|1
400|Venerable Dreadnought|3|1||Heavy plasma cannon - standard|Blast|36|Ranged|D3|3|7|-2|2
400|Venerable Dreadnought|4|2||Heavy plasma cannon - supercharge|Blast, Hazardous|36|Ranged|D3|3|8|-3|3
400|Venerable Dreadnought|5|1||Storm bolter|Rapid Fire 2|24|Ranged|2|3|5|-1|1
400|Venerable Dreadnought|6|1||Twin lascannon|Twin-linked|48|Ranged|1|3|12|-3|D6+1
400|Venerable Dreadnought|7|1||Dreadnought combat weapon||Melee|Melee|5|3|12|-2|3
3816|Kill Team Sergeant|1|1||Astartes grenade launcher - frag|Blast|24|Ranged|D3|3|4|0|1
3816|Kill Team Sergeant|2|2||Astartes grenade launcher - krak||24|Ranged|1|3|9|-2|D3
3816|Kill Team Sergeant|3|1||Bolt pistol|Pistol, Lethal Hits|12|Ranged|1|3|4|0|1
3816|Kill Team Sergeant|4|1||Deathwatch marksman bolt carbine|Heavy, Lethal Hits|24|Ranged|2|3|5|-1|1
3816|Kill Team Sergeant|5|1||Frag cannon|Blast, Heavy, Lethal Hits, Rapid Fire D3|18|Ranged|D3|3|7|-2|2
3816|Kill Team Sergeant|6|1||Hellstorm bolt rifle|Assault, Heavy, Lethal Hits|30|Ranged|2|3|5|-2|2
3816|Kill Team Sergeant|7|1||Infernus heavy bolter - heavy bolter|Sustained Hits 1|36|Ranged|3|3|5|-1|2
3816|Kill Team Sergeant|8|2||Infernus heavy bolter - heavy flamer|Ignores cover, Torrent|12|Ranged|D6|-|5|-1|1
3816|Kill Team Sergeant|9|1||Plasma incinerator - Standard|Assault, Heavy|24|Ranged|2|3|7|-2|1
3816|Kill Team Sergeant|10|2||Plasma incinerator - Supercharge|Assault, Hazardous, Heavy|24|Ranged|2|3|8|-3|2
3816|Kill Team Sergeant|11|1||Plasma pistol - Standard|Pistol|12|Ranged|1|3|7|-2|1
3816|Kill Team Sergeant|12|2||Plasma pistol - Supercharge|Hazardous, Pistol|12|Ranged|1|3|8|-3|2
3816|Kill Team Sergeant|13|1||Special-issue bolt pistol|Pistol, Precision, Lethal Hits|18|Ranged|1|3|4|-1|1
3816|Kill Team Sergeant|14|1||Stalker bolt rifle|Heavy, Lethal Hits, Precision|30|Ranged|2|3|5|-2|2
3816|Kill Team Sergeant|15|1||Close combat weapon||Melee|Melee|3|3|4|0|1
3816|Kill Team Sergeant|16|1||Combat knife|Precision|Melee|Melee|4|3|4|-1|1
3816|Kill Team Sergeant|17|1||Heavy thunder hammer|Devastating Wounds|Melee|Melee|3|4|10|-2|3
3816|Kill Team Sergeant|18|1||Power weapon|Sustained Hits 1|Melee|Melee|4|3|5|-2|2
3816|Kill Team Sergeant|19|1||Xenophase blade|Devastating Wounds|Melee|Melee|4|3|5|-2|1
871|Callidus Assassin|1|1||Neural shredder|Anti-INFANTRY 2+, Precision, Torrent|12|Ranged|D6|-|5|-2|1
871|Callidus Assassin|2|1||Phase sword and poison blades|Lethal Hits, Precision|Melee|Melee|5|2|5|-4|2
3817|Corvus Blackstar|1|1||Blackstar rocket launcher|Blast|30|Ranged|D6+1|3|5|0|1
3817|Corvus Blackstar|2|1||Hurricane bolter|Rapid Fire 6, Twin-Linked|24|Ranged|6|3|4|0|1
3817|Corvus Blackstar|3|1||Stormstrike missile launcher||48|Ranged|1|3|10|-2|3
3817|Corvus Blackstar|4|1||Twin assault cannon|Devastating Wounds, Twin-Linked|24|Ranged|6|3|6|0|1
3817|Corvus Blackstar|5|1||Twin lascannon|Twin-Linked|48|Ranged|1|3|12|-3|D6+1
3817|Corvus Blackstar|6|1||Armoured hull||Melee|Melee|3|4|6|0|1
873|Culexus Assassin|1|1||Animus speculum|Anti-PSYKER 2+, Assault, Precision, Psychic Assassin|24|Ranged|3|2|5|-2|D3
873|Culexus Assassin|2|1||Life-draining touch|Anti-PSYKER 2+, Devastating Wounds, Precision|Melee|Melee|4|2|4|-2|2
3828|Daemonhost|1|1||Unholy gaze|Psychic|18|Ranged|3|4|8|-2|D3
3828|Daemonhost|2|1||Warp grasp|Lethal Hits, Psychic|Melee|Melee|4|3|4|-2|1
2761|Damned Legionnaires|1|1||Bolt pistol|Ignores Cover, Pistol|12|Ranged|1|3|4|0|1
2761|Damned Legionnaires|2|1||Boltgun|Rapid Fire 1|24|Ranged|1|3|4|0|1
2761|Damned Legionnaires|3|1||Flamer|Ignores Cover, Torrent|12|Ranged|D6|-|4|0|1
2761|Damned Legionnaires|4|1||Heavy flamer|Ignores Cover, Torrent|12|Ranged|D6|-|5|-1|1
2761|Damned Legionnaires|5|1||Meltagun|Melta 2|12|Ranged|1|3|9|-4|D6
2761|Damned Legionnaires|6|1||Multi-melta|Heavy, Melta 2|18|Ranged|2|4|9|-4|D6
2761|Damned Legionnaires|7|1||Plasma gun - standard|Rapid Fire 1|24|Ranged|1|3|7|-2|1
2761|Damned Legionnaires|8|2||Plasma gun - supercharge|Hazardous, Rapid Fire 1|24|Ranged|1|3|8|-3|2
2761|Damned Legionnaires|9|1||Plasma pistol - standard|Pistol|12|Ranged|1|3|7|-2|1
2761|Damned Legionnaires|10|2||Plasma pistol - supercharge|Hazardous, Pistol|12|Ranged|1|3|8|-3|2
2761|Damned Legionnaires|11|1||Astartes chainsword||Melee|Melee|5|3|4|-1|1
2761|Damned Legionnaires|12|1||Close combat weapon||Melee|Melee|3|3|4|0|1
2761|Damned Legionnaires|13|1||Power weapon||Melee|Melee|3|3|5|-2|1
432947|Deathwatch Veteran|1|1||Boltgun||24|Ranged|2|3|4|0|1
432947|Deathwatch Veteran|2|1||Combi-weapon|Anti-Infantry 4+, Devastating Wounds, Rapid Fire 1|24|Ranged|1|4|4|0|1
432947|Deathwatch Veteran|3|1||Deathwatch shotgun|Assault|18|Ranged|2|3|4|0|2
432947|Deathwatch Veteran|4|1||Frag cannon|Blast, Heavy, Rapid Fire D3|18|Ranged|D3|4|7|-1|2
432947|Deathwatch Veteran|5|1||Infernus heavy bolter - heavy bolter|Heavy, Sustained Hits 1|36|Ranged|3|4|5|-1|2
432947|Deathwatch Veteran|6|2||Infernus heavy bolter - heavy flamer|Ignores cover, Torrent|12|Ranged|D6|-|5|-1|1
432947|Deathwatch Veteran|7|1||Stalker-pattern boltgun|Heavy, Precision|24|Ranged|1|3|4|-1|2
432947|Deathwatch Veteran|8|1||Black Shield blades|Twin-linked|Melee|Melee|4|3|5|-2|1
432947|Deathwatch Veteran|9|1||Close combat weapon||Melee|Melee|3|3|4|0|1
432947|Deathwatch Veteran|10|1||Deathwatch thunder hammer|Devastating Wounds|Melee|Melee|3|4|10|-2|3
432947|Deathwatch Veteran|11|1||Power weapon||Melee|Melee|3|3|5|-2|1
432947|Deathwatch Veteran|12|1||Xenophase blade|Devastating Wounds|Melee|Melee|4|3|5|-2|1
3822|Deathwatch Terminator|1|1||Assault cannon|Devastating Wounds|24|Ranged|6|3|6|0|1
3822|Deathwatch Terminator|2|1||Cyclone missile launcher - frag|Blast|36|Ranged|2D6|3|4|0|1
3822|Deathwatch Terminator|3|2||Cyclone missile launcher - krak||36|Ranged|2|3|9|-2|D6
3822|Deathwatch Terminator|4|1||Heavy flamer|Ignores Cover, Torrent|12|Ranged|D6|-|5|-1|1
3822|Deathwatch Terminator|5|1||Plasma cannon - standard|Blast, Heavy|36|Ranged|D3|4|7|-2|1
3822|Deathwatch Terminator|6|2||Plasma cannon - supercharge|Blast, Hazardous, Heavy|36|Ranged|D3|4|8|-3|2
3822|Deathwatch Terminator|7|1||Storm bolter|Rapid Fire 2|24|Ranged|2|3|4|0|1
3822|Deathwatch Terminator|8|1||Chainfist|Anti-Vehicle 3+|Melee|Melee|3|4|8|-2|2
3822|Deathwatch Terminator|9|1||Power Fist||Melee|Melee|3|3|8|-2|2
3822|Deathwatch Terminator|10|1||Power weapon||Melee|Melee|4|3|5|-2|1
3822|Deathwatch Terminator|11|2||Power weapon||Melee|Melee|3|3|5|-2|1
3822|Deathwatch Terminator|12|1||Thunder hammer|Devastating Wounds|Melee|Melee|3|4|8|-2|2
3822|Deathwatch Terminator|13|1||Twin lightning claws|Twin-Linked|Melee|Melee|5|3|5|-2|1
872|Eversor Assassin|1|1||Executioner pistol|Anti-INFANTRY 3+, Pistol, Precision, Sustained Hits 3|12|Ranged|4|2|4|0|1
872|Eversor Assassin|2|1||Power sword and neuro gauntlet|Anti-INFANTRY 3+, Precision, Sustained Hits 3|Melee|Melee|6|2|5|-2|2
2685|Exaction Squad|1|1||Arbites combat shotgun|Assault|18|Ranged|2|4|4|0|1
2685|Exaction Squad|2|1||Arbites grenade launcher - frag|Blast|24|Ranged|D3|4|4|0|1
2685|Exaction Squad|3|2||Arbites grenade launcher - krak||24|Ranged|1|4|9|-2|D3
2685|Exaction Squad|4|1||Arbites shotpistol|Pistol|12|Ranged|1|4|4|0|1
2685|Exaction Squad|5|1||Executioner shotgun|Ignores Cover, Precision|24|Ranged|1|4|5|-1|1
2685|Exaction Squad|6|1||Heavy stubber|Rapid Fire 3|36|Ranged|3|4|4|0|1
2685|Exaction Squad|7|1||Webber|Assault, Devastating Wounds, Torrent|12|Ranged|D6|-|2|0|1
2685|Exaction Squad|8|1||Close combat weapon||Melee|Melee|2|4|3|0|1
2685|Exaction Squad|9|1||Excruciator maul||Melee|Melee|2|3|4|-1|2
2685|Exaction Squad|10|1||Mechanical bite||Melee|Melee|3|4|4|0|1
3825|Kill Team Intercessor|1|1||Bolt pistol|Pistol|12|Ranged|1|3|4|0|1
3825|Kill Team Intercessor|2|1||Bolt Rifle|Assault, Heavy|24|Ranged|2|3|4|-1|1
3825|Kill Team Intercessor|3|1||Hand Flamer|Ignores Cover, Pistol, Torrent|12|Ranged|D6|-|3|0|1
3825|Kill Team Intercessor|4|1||Heavy bolt pistol|Pistol|12|Ranged|1|3|4|-1|1
3825|Kill Team Intercessor|5|1||Long Vigil ranged weapon|Anti-Infantry 4+, Devastating Wounds, Rapid Fire 1|24|Ranged|1|4|4|0|1
3825|Kill Team Intercessor|6|1||Plasma incinerator - Standard|Assault, Heavy|24|Ranged|2|3|7|-2|1
3825|Kill Team Intercessor|7|2||Plasma incinerator - Supercharge|Assault, Hazardous, Heavy|24|Ranged|2|3|8|-3|2
3825|Kill Team Intercessor|8|1||Plasma pistol - Standard|Pistol|12|Ranged|1|3|7|-2|1
3825|Kill Team Intercessor|9|2||Plasma pistol - Supercharge|Hazardous, Pistol|12|Ranged|1|3|8|-3|2
3825|Kill Team Intercessor|10|1||Twin Bolt Rifle|Twin-Linked|24|Ranged|2|3|4|-1|1
3825|Kill Team Intercessor|11|1||Astartes chainsword||Melee|Melee|4|4|4|-1|1
3825|Kill Team Intercessor|12|1||Close combat weapon||Melee|Melee|3|3|4|0|1
3825|Kill Team Intercessor|13|1||Long Vigil melee weapon||Melee|Melee|3|3|5|-2|1
3813|Grey Knights Terminator Squad|1|1||Incinerator|Ignores Cover, Torrent|12|Ranged|D6|-|6|-1|1
3813|Grey Knights Terminator Squad|2|1||Psilencer|Psychic, Sustained Hits 1|24|Ranged|6|3|5|0|1
3813|Grey Knights Terminator Squad|3|1||Psycannon|Psychic|24|Ranged|3|3|8|-1|2
3813|Grey Knights Terminator Squad|4|1||Storm bolter|Rapid Fire 2|24|Ranged|2|3|5|-1|1
3813|Grey Knights Terminator Squad|5|1||Nemesis force weapon|Psychic|Melee|Melee|4|3|6|-2|2
2587|Navis Armsman|1|1||Autopistol|Pistol|12|Ranged|1|4|3|0|1
2587|Navis Armsman|2|1||Demolition charge|Assault, Blast, Hazardous, One Shot|6|Ranged|D6|5|9|-2|2
2587|Navis Armsman|3|1||Meltagun|Melta 2|12|Ranged|1|4|9|-4|D6
2587|Navis Armsman|4|1||Navis heavy shotgun|Assault|12|Ranged|4|4|4|0|1
2587|Navis Armsman|5|1||Navis las-volley||18|Ranged|4|4|6|0|1
2587|Navis Armsman|6|1||Navis shotgun|Assault|12|Ranged|2|4|4|0|1
2587|Navis Armsman|7|1||Plasma gun - standard|Rapid Fire 1|24|Ranged|1|4|7|-1|1
2587|Navis Armsman|8|2||Plasma gun - supercharge|Hazardous, Rapid Fire 1|24|Ranged|1|4|8|-2|2
2587|Navis Armsman|9|1||Chainfist|Anti-VEHICLE 3+|Melee|Melee|1|5|6|-2|2
2587|Navis Armsman|10|1||Close combat weapon||Melee|Melee|1|4|3|0|1
2587|Navis Armsman|11|1||Power weapon||Melee|Melee|2|4|4|-2|1
3830|Imperial Rhino|1|1||Hunter-killer missile|One Shot|48|Ranged|1|2|14|-3|D6
3830|Imperial Rhino|2|1||Storm bolter|Rapid Fire 2|24|Ranged|2|3|5|-1|1
3830|Imperial Rhino|3|1||Armoured tracks||Melee|Melee|3|4|6|0|1
3826|Kill Team Heavy Intercessor|1|1||Assault bolters|Assault, Pistol, Sustained Hits 2, Twin-Linked|18|Ranged|3|3|5|-1|2
3826|Kill Team Heavy Intercessor|2|1||Auto boltstorm gauntlets|Twin-Linked|18|Ranged|3|3|4|0|1
3826|Kill Team Heavy Intercessor|3|1||Bolt pistol|Pistol|12|Ranged|1|3|4|0|1
3826|Kill Team Heavy Intercessor|4|1||Flamestorm gauntlets|Ignores Cover, Torrent, Twin-Linked|12|Ranged|D6+1|-|4|0|1
3826|Kill Team Heavy Intercessor|5|1||Fragstorm grenade launcher|Blast|18|Ranged|D6|3|4|0|1
3826|Kill Team Heavy Intercessor|6|1||Heavy bolt rifle|Assault, Heavy|30|Ranged|2|3|5|-1|1
3826|Kill Team Heavy Intercessor|7|1||Heavy Bolter|Assault, Heavy, Sustained Hits 1|36|Ranged|3|4|5|-1|2
3826|Kill Team Heavy Intercessor|8|1||Melta rifle|Heavy, Melta 2|18|Ranged|1|3|9|-4|D6
3826|Kill Team Heavy Intercessor|9|1||Multi-melta|Heavy, Melta 2|18|Ranged|2|4|9|-4|D6
3826|Kill Team Heavy Intercessor|10|1||Plasma exterminators - Standard|Assault, Pistol, Twin-Linked|18|Ranged|2|3|7|-2|2
3826|Kill Team Heavy Intercessor|11|2||Plasma exterminators - Supercharge|Assault, Hazardous, Pistol, Twin-Linked|18|Ranged|2|3|8|-3|3
3826|Kill Team Heavy Intercessor|12|1||Close combat weapon||Melee|Melee|3|3|4|0|1
3826|Kill Team Heavy Intercessor|13|1||Power fists|Twin-Linked|Melee|Melee|3|4|8|-2|2
877|Inquisitor|1|1||Bolt pistol|Pistol|12|Ranged|1|3|4|0|1
877|Inquisitor|2|1||Combi-weapon|Anti-INFANTRY 4+, Devastating Wounds, Rapid Fire 1|24|Ranged|1|3|4|-2|1
877|Inquisitor|3|1||Psychic Shock Wave|Devastating Wounds, Psychic, Torrent|18|Ranged|2D6|-|3|-2|1
877|Inquisitor|4|1||Force weapon|Psychic|Melee|Melee|4|3|5|-2|D3
877|Inquisitor|5|1||Inquisitorial melee weapon||Melee|Melee|5|3|4|-2|1
876|Inquisitor Coteaz|1|1||Bolt pistol|Pistol|12|Ranged|1|3|4|0|1
876|Inquisitor Coteaz|2|1||Psychic Blast|Anti-DAEMON 4+, Anti-INFANTRY 5+, Devastating Wounds, Psychic|18|Ranged|D6|3|3|-1|1
876|Inquisitor Coteaz|3|1||Nemesis daemon hammer|Psychic|Melee|Melee|3|3|9|-3|3
2090|Inquisitor Draxus|1|1||Dirgesinger|Anti-INFANTRY 4+, Assault, Devastating Wounds|18|Ranged|4|3|4|0|2
2090|Inquisitor Draxus|2|1||Psychic Tempest|Psychic, Sustained Hits 2|18|Ranged|6|3|6|0|2
2090|Inquisitor Draxus|3|1||Power fist||Melee|Melee|3|3|6|-2|2
1579|Inquisitor Eisenhorn|1|1||Artificer bolt pistol||12|Ranged|4|3|4|0|2
1579|Inquisitor Eisenhorn|2|1||Mind Assault|Devastating Wounds, Precision, Psychic, Sustained Hits 1|18|Ranged|2|3|5|-2|3
1579|Inquisitor Eisenhorn|3|1||Runestaff and Barbarisater|Psychic|Melee|Melee|5|3|6|-2|2
874|Inquisitor Greyfax|1|1||Castigation|Anti-CHARACTER 4+, Devastating Wounds, Precision, Psychic|18|Ranged|1|3|8|-2|3
874|Inquisitor Greyfax|2|1||Condemnor stake|Anti-PSYKER 2+, Devastating Wounds, Precision, Rapid Fire 1|24|Ranged|1|3|4|0|1
874|Inquisitor Greyfax|3|1||Master-crafted power sword||Melee|Melee|4|3|4|-2|2
2760|Inquisitor in Terminator Armour|1|1||Combi-weapon|Anti-INFANTRY 4+, Devastating Wounds, Rapid Fire 1|24|Ranged|1|3|4|-2|1
2760|Inquisitor in Terminator Armour|2|1||Psycannon|Psychic|24|Ranged|3|3|8|-1|2
2760|Inquisitor in Terminator Armour|3|1||Psychic shock wave|Devastating Wounds, Psychic, Torrent|18|Ranged|2D6|-|3|-2|1
2760|Inquisitor in Terminator Armour|4|1||Storm bolter|Rapid Fire 2|24|Ranged|2|3|4|0|1
2760|Inquisitor in Terminator Armour|5|1||Force weapon|Psychic|Melee|Melee|4|3|5|-2|D3
2760|Inquisitor in Terminator Armour|6|1||Inquisitorial melee weapon||Melee|Melee|5|3|4|-2|1
875|Inquisitor Karamazov|1|1||Master-crafted multi-melta|Melta 3|18|Ranged|3|3|10|-4|D6
875|Inquisitor Karamazov|2|1||Master-crafted power sword||Melee|Melee|6|3|6|-2|2
4214|Inquisitor Kroyle|1|1||Jindarii tox-cycler|Anti-Monster 2+, Heavy, Precision|36|Ranged|1|2|6|-2|2
4214|Inquisitor Kroyle|2|1||Stubcarbine|Pistol|12|Ranged|2|2|5|-2|2
4214|Inquisitor Kroyle|3|1||Butcher blade||Melee|Melee|5|3|4|-2|1
4214|Inquisitor Kroyle|4|1||Garralisk's claws and teeth|Extra Attacks|Melee|Melee|4|4|5|-1|1
4173|Inquisitor Ostromandeus|1|1||Inferno pistol|Melta 2, Pistol|6|Ranged|1|3|8|-4|D3
4173|Inquisitor Ostromandeus|2|1||Hydraulic vox-ram||Melee|Melee|3|4|6|-2|2
4173|Inquisitor Ostromandeus|3|1||Power sword||Melee|Melee|5|3|4|-2|1
2767|Inquisitorial Agents|1|1||Agent firearm|Pistol|12|Ranged|1|3|4|-1|1
2767|Inquisitorial Agents|2|1||Heavy bolter|Heavy, Sustained Hits 1|36|Ranged|3|4|5|-1|2
2767|Inquisitorial Agents|3|1||Multi-melta|Heavy, Melta 2|18|Ranged|2|4|9|-4|D6
2767|Inquisitorial Agents|4|1||Plasma cannon - standard|Blast, Heavy|36|Ranged|D3|4|7|-1|1
2767|Inquisitorial Agents|5|2||Plasma cannon - supercharge|Blast, Hazardous, Heavy|36|Ranged|D3|4|8|-2|2
2767|Inquisitorial Agents|6|1||Plasma pistol - standard|Pistol|12|Ranged|1|3|7|-1|1
2767|Inquisitorial Agents|7|2||Plasma pistol - supercharge|Hazardous, Pistol|12|Ranged|1|3|8|-2|2
2767|Inquisitorial Agents|8|1||Agent melee weapon||Melee|Melee|3|3|3|0|1
2767|Inquisitorial Agents|9|1||Eviscerator|Devastating Wounds|Melee|Melee|2|3|6|-2|2
2767|Inquisitorial Agents|10|1||Mystic stave|Anti-INFANTRY 4+, Psychic|Melee|Melee|2|3|5|-1|D3
899597|Inquisitorial Chimera|1|1||Heavy bolter|Sustained Hits 1|36|Ranged|3|4|5|-1|2
899597|Inquisitorial Chimera|2|1||Heavy flamer|Ignores Cover, Torrent|12|Ranged|D6|-|5|-1|1
899597|Inquisitorial Chimera|3|1||Heavy stubber|Rapid Fire 3|36|Ranged|3|4|4|0|1
899597|Inquisitorial Chimera|4|1||Hunter-killer missile|One Shot|48|Ranged|1|2|14|-3|D6
899597|Inquisitorial Chimera|5|1||Lasgun array|Rapid Fire 6|24|Ranged|6|4|3|0|1
899597|Inquisitorial Chimera|6|1||Multi-laser||36|Ranged|4|4|6|0|1
899597|Inquisitorial Chimera|7|1||Storm bolter|Rapid Fire 2|24|Ranged|2|4|4|0|1
899597|Inquisitorial Chimera|8|1||Armoured tracks||Melee|Melee|3|4|6|0|1
2763|Janus Draik|1|1||Heirloom pistol|Anti-INFANTRY 4+, Pistol|12|Ranged|1|3|4|-1|3
2763|Janus Draik|2|1||Monomolecular rapier|Sustained Hits 1|Melee|Melee|4|3|3|-2|1
3829|Jokaero Weaponsmith|1|1||Jokaero weapons - focused||24|Ranged|1|4|10|-1|3
3829|Jokaero Weaponsmith|2|2||Jokaero weapons - scattered|Torrent|12|Ranged|D6|-|4|0|1
3829|Jokaero Weaponsmith|3|1||Close combat weapon||Melee|Melee|2|5|4|0|1
3821|Chaplain Cassius|1|1||Bolt pistol|Pistol|12|Ranged|1|3|4|0|1
3821|Chaplain Cassius|2|1||Boltgun||24|Ranged|2|3|4|0|1
3821|Chaplain Cassius|3|1||Deathwatch twin boltgun||24|Ranged|4|3|4|0|1
3821|Chaplain Cassius|4|1||Frag cannon|Blast, Heavy, Rapid Fire D3|18|Ranged|D3|4|7|-1|2
3821|Chaplain Cassius|5|1||Heavy flamer|Ignores Cover, Torrent|12|Ranged|D6|-|5|-1|1
3821|Chaplain Cassius|6|1||Long Vigil ranged weapon|Anti-Infantry 4+, Devastating Wounds, Rapid Fire 1|24|Ranged|1|4|4|0|1
3821|Chaplain Cassius|7|1||Psychic Cleanse|Psychic|24|Ranged|D6|3|5|-1|D3
3821|Chaplain Cassius|8|1||Artificer crozius||Melee|Melee|5|2|6|-1|2
3821|Chaplain Cassius|9|1||Close combat weapon||Melee|Melee|3|3|5|-2|1
3821|Chaplain Cassius|10|1||Force weapon|Psychic|Melee|Melee|5|2|5|-3|D3
3821|Chaplain Cassius|11|1||Long Vigil melee weapon||Melee|Melee|3|3|5|-2|1
3821|Chaplain Cassius|12|1||Power fist||Melee|Melee|3|3|8|-2|2
3821|Chaplain Cassius|13|1||Twin lightning claws|Twin-Linked|Melee|Melee|4|3|5|-2|1
3812|Ministorum Priest|1|1||Holy Pistol|Pistol|12|Ranged|3|4|4|0|1
3812|Ministorum Priest|2|1||Zealot's vindictor|Ignores Cover, Torrent|12|Ranged|D6|-|5|0|1
3812|Ministorum Priest|3|1||Power weapon||Melee|Melee|3|4|4|-2|1
3812|Ministorum Priest|4|2||Zealot's vindictor||Melee|Melee|3|4|5|-1|2
2765|Navigator|1|1||Laspistol|Pistol|12|Ranged|1|4|3|0|1
2765|Navigator|2|1||Force-orb cane|Psychic|Melee|Melee|3|4|6|-1|D3
2764|Neyam Shai Murad|1|1||Negotiator pistols|Precision|12|Ranged|4|3|4|-2|1
2764|Neyam Shai Murad|2|1||Close combat weapon||Melee|Melee|4|3|3|0|1
3824|Kill Team Biker|1|1||Assault cannon|Devastating Wounds|24|Ranged|6|3|6|0|1
3824|Kill Team Biker|2|1||Bolt pistol|Pistol|12|Ranged|1|3|4|0|1
3824|Kill Team Biker|3|1||Boltgun||24|Ranged|2|3|4|0|1
3824|Kill Team Biker|4|1||Cyclone missile launcher - frag|Blast|36|Ranged|2D6|3|4|0|1
3824|Kill Team Biker|5|2||Cyclone missile launcher - krak||36|Ranged|2|3|9|-2|D6
3824|Kill Team Biker|6|1||Frag Cannon|Blast, Heavy, Rapid Fire D3|18|Ranged|D3|4|7|-1|2
3824|Kill Team Biker|7|1||Heavy flamer|Ignores Cover, Torrent|12|Ranged|D6|-|5|-1|1
3824|Kill Team Biker|8|1||Infernus heavy bolter - heavy bolter|Heavy, Sustained Hits 1|36|Ranged|3|4|5|-1|2
3824|Kill Team Biker|9|2||Infernus heavy bolter - heavy flamer|Ignores cover, Torrent|12|Ranged|D6|-|5|-1|1
3824|Kill Team Biker|10|1||Long Vigil ranged weapon|Anti-Infantry 4+, Devastating Wounds, Rapid Fire 1|24|Ranged|1|4|4|0|1
3824|Kill Team Biker|11|1||Plasma cannon - standard|Blast, Heavy|36|Ranged|D3|4|7|-2|1
3824|Kill Team Biker|12|2||Plasma cannon - supercharge|Blast, Hazardous, Heavy|36|Ranged|D3|4|8|-3|2
3824|Kill Team Biker|13|1||Storm bolter|Rapid Fire 2|24|Ranged|2|3|4|0|1
3824|Kill Team Biker|14|1||Twin boltgun|Twin-Linked|24|Ranged|2|3|4|0|1
3824|Kill Team Biker|15|1||Chainfist|Anti-Vehicle 3+|Melee|Melee|3|4|8|-2|2
3824|Kill Team Biker|16|1||Close combat weapon||Melee|Melee|3|3|4|0|1
3824|Kill Team Biker|17|1||Deathwatch thunder hammer|Devastating Wounds|Melee|Melee|3|4|10|-2|3
3824|Kill Team Biker|18|1||Long Vigil melee weapon||Melee|Melee|3|3|5|-2|1
3824|Kill Team Biker|19|1||Power Fist||Melee|Melee|3|3|8|-2|2
3824|Kill Team Biker|20|1||Power weapon||Melee|Melee|4|3|5|-2|1
3824|Kill Team Biker|21|2||Power weapon|-|Melee|Melee|4|3|5|-2|1
3824|Kill Team Biker|22|3||Power weapon||Melee|Melee|3|3|5|-2|1
3824|Kill Team Biker|23|1||Thunder hammer|Devastating Wounds|Melee|Melee|3|4|8|-2|2
3824|Kill Team Biker|24|1||Twin lightning claws|Twin-Linked|Melee|Melee|5|3|5|-2|1
2762|Rogue Trader|1|1||Dartmask|Anti-INFANTRY 2+, Pistol, Precision|12|Ranged|1|4|2|-1|D3
2762|Rogue Trader|2|1||Household pistol|Pistol, Devastating Wounds|12|Ranged|2|3|5|-2|2
2762|Rogue Trader|3|1||Laspistol|Pistol|12|Ranged|1|4|3|0|1
2762|Rogue Trader|4|1||Voltaic pistol|Pistol, Sustained Hits 2|12|Ranged|3|3|4|-2|1
2762|Rogue Trader|5|1||Close combat weapon||Melee|Melee|1|4|3|0|1
2762|Rogue Trader|6|1||Death Cult power blade|Precision|Melee|Melee|5|2|4|-2|1
2762|Rogue Trader|7|1||Monomolecular cane-rapier||Melee|Melee|4|3|4|-1|1
4074|Sanctifiers|1|1||Holy fire|Ignores Cover, One Shot, Torrent|12|Ranged|D6|-|6|-1|2
4074|Sanctifiers|2|1||Meltagun|Melta 2|12|Ranged|1|4|9|-4|D6
4074|Sanctifiers|3|1||Ministorum flamer|Ignores Cover, Torrent|12|Ranged|D6|-|5|0|1
4074|Sanctifiers|4|1||Ministorum hand flamer|Ignores Cover, Pistol, Torrent|12|Ranged|D6|-|4|0|1
4074|Sanctifiers|5|1||Plasma gun - standard|Rapid Fire 1|24|Ranged|1|3|7|-2|1
4074|Sanctifiers|6|2||Plasma gun - supercharge|Hazardous, Rapid Fire 1|24|Ranged|1|3|8|-3|2
4074|Sanctifiers|7|1||Burning hands|Devastating Wounds|Melee|Melee|1|2|6|-2|3
4074|Sanctifiers|8|1||Close combat weapon||Melee|Melee|2|3|3|0|1
4074|Sanctifiers|9|1||Death Cult blades|Precision|Melee|Melee|4|2|4|-2|1
4074|Sanctifiers|10|1||Sanctifier melee weapon||Melee|Melee|3|3|3|0|1
3819|Immolator|1|1||Heavy bolter|Sustained Hits 1|36|Ranged|3|4|5|-1|2
3819|Immolator|2|1||Hunter-killer missile|One Shot|48|Ranged|1|2|14|-3|D6
3819|Immolator|3|1||Immolation flamers|Ignores Cover, Torrent|18|Ranged|2D6|-|6|-1|1
3819|Immolator|4|1||Twin heavy bolter|Sustained Hits 2, Twin-Linked|36|Ranged|3|3|5|-1|2
3819|Immolator|5|1||Twin multi-melta|Melta 2, Twin-Linked|18|Ranged|2|3|9|-4|D6
3819|Immolator|6|1||Armoured tracks||Melee|Melee|3|4|6|0|1
905829|Sisters of Battle Squad|1|1||Artificer-crafted storm bolter|Rapid Fire 2|24|Ranged|2|3|4|0|2
905829|Sisters of Battle Squad|2|1||Bolt pistol|Pistol|12|Ranged|1|3|4|0|1
905829|Sisters of Battle Squad|3|1||Boltgun|Rapid Fire 1|24|Ranged|1|3|4|0|1
905829|Sisters of Battle Squad|4|1||Combi-weapon|Anti-Infantry 4+, Devastating Wounds, Rapid Fire 1|24|Ranged|1|4|4|0|1
905829|Sisters of Battle Squad|5|1||Condemnor boltgun|Anti-Psyker 2+, Devastating Wounds, Precision, Rapid Fire 1|24|Ranged|1|3|4|0|1
905829|Sisters of Battle Squad|6|1||Heavy bolter|Heavy, Sustained Hits 1|36|Ranged|3|4|5|-1|2
905829|Sisters of Battle Squad|7|1||Inferno pistol|Melta 2, Pistol|6|Ranged|1|3|8|-4|D3
905829|Sisters of Battle Squad|8|1||Meltagun|Melta 2|12|Ranged|1|3|9|-4|D6
905829|Sisters of Battle Squad|9|1||Ministorum flamer|Ignores Cover, Torrent|12|Ranged|D6|-|5|0|1
905829|Sisters of Battle Squad|10|1||Ministorum hand flamer|Ignores Cover, Pistol, Torrent|12|Ranged|D6|-|4|0|1
905829|Sisters of Battle Squad|11|1||Ministorum heavy flamer|Ignores Cover, Torrent|12|Ranged|D6|-|6|-1|1
905829|Sisters of Battle Squad|12|1||Multi-melta|Heavy, Melta 2|18|Ranged|2|4|9|-4|D6
905829|Sisters of Battle Squad|13|1||Plasma pistol - standard|Pistol|12|Ranged|1|3|7|-2|1
905829|Sisters of Battle Squad|14|2||Plasma pistol - supercharge|Hazardous, Pistol|12|Ranged|1|3|8|-3|2
905829|Sisters of Battle Squad|15|1||Chainsword||Melee|Melee|3|4|3|-1|1
905829|Sisters of Battle Squad|16|1||Close combat weapon||Melee|Melee|1|4|3|-1|1
905829|Sisters of Battle Squad|17|1||Power weapon||Melee|Melee|2|4|4|-2|1
3827|Kill Team Infiltrator|1|1||Accelerator autocannon|Heavy|48|Ranged|3|4|8|-1|2
3827|Kill Team Infiltrator|2|1||Bolt carbine|Precision|24|Ranged|2|3|4|0|1
3827|Kill Team Infiltrator|3|1||Bolt pistol|Pistol|12|Ranged|1|3|4|0|1
3827|Kill Team Infiltrator|4|1||Bolt sniper rifle|Heavy, Precision|36|Ranged|1|3|5|-2|3
3827|Kill Team Infiltrator|5|1||Las fusil|Heavy|36|Ranged|1|3|9|-3|D6
3827|Kill Team Infiltrator|6|1||Marksman bolt carbine|Heavy|24|Ranged|2|3|4|0|1
3827|Kill Team Infiltrator|7|1||Occulus bolt carbine|Assault, Ignores Cover|24|Ranged|2|3|4|0|1
3827|Kill Team Infiltrator|8|1||Special-issue bolt pistol|Pistol, Precision|12|Ranged|1|3|4|-1|1
3827|Kill Team Infiltrator|9|1||Close combat weapon||Melee|Melee|3|3|4|0|1
3827|Kill Team Infiltrator|10|2||Close combat weapon|-|Melee|Melee|3|3|4|0|1
3827|Kill Team Infiltrator|11|1||Combat knife|Precision|Melee|Melee|4|3|4|0|1
3827|Kill Team Infiltrator|12|1||Paired combat blades|Sustained Hits 1|Melee|Melee|3|3|4|0|1
2684|Subductor Squad|1|1||Arbites shotpistol|Pistol|12|Ranged|1|4|4|0|1
2684|Subductor Squad|2|1||Mechanical bite||Melee|Melee|3|4|4|0|1
2684|Subductor Squad|3|1||Shock maul||Melee|Melee|2|4|4|-1|1
2766|UR-025|1|1||Mk 1 assault weapon|Assault|24|Ranged|4|3|5|-1|1
2766|UR-025|2|1||Power claw||Melee|Melee|3|4|8|-2|2
3823|Veteran Biker Sergeant|1|1||Bolt pistol|Pistol|12|Ranged|1|3|4|0|1
3823|Veteran Biker Sergeant|2|1||Long Vigil ranged weapon|Anti-Infantry 4+, Devastating Wounds, Rapid Fire 1|24|Ranged|1|4|4|0|1
3823|Veteran Biker Sergeant|3|1||Twin boltgun|Twin-Linked|24|Ranged|2|3|4|0|1
3823|Veteran Biker Sergeant|4|1||Close combat weapon||Melee|Melee|3|3|4|0|1
3823|Veteran Biker Sergeant|5|1||Long Vigil melee weapon||Melee|Melee|3|3|5|-2|1
3823|Veteran Biker Sergeant|6|1||Xenophase blade|Devastating Wounds|Melee|Melee|4|3|5|-2|1
2683|Vigilant Squad|1|1||Arbites combat shotgun|Assault|18|Ranged|2|4|4|0|1
2683|Vigilant Squad|2|1||Arbites grenade launcher - frag|Blast|24|Ranged|D3|4|4|0|1
2683|Vigilant Squad|3|2||Arbites grenade launcher - krak||24|Ranged|1|4|9|-2|D3
2683|Vigilant Squad|4|1||Arbites shotpistol|Pistol|12|Ranged|1|4|4|0|1
2683|Vigilant Squad|5|1||Executioner shotgun|Ignores Cover, Precision|24|Ranged|1|4|5|-1|1
2683|Vigilant Squad|6|1||Heavy stubber|Rapid Fire 3|36|Ranged|3|4|4|0|1
2683|Vigilant Squad|7|1||Webber|Assault, Devastating Wounds, Torrent|12|Ranged|D6|-|2|0|1
2683|Vigilant Squad|8|1||Close combat weapon||Melee|Melee|2|4|3|0|1
2683|Vigilant Squad|9|1||Mechanical bite||Melee|Melee|3|4|4|0|1
870|Vindicare Assassin|1|1||Exitus pistol|Devastating Wounds, Ignores Cover, Pistol, Precision|12|Ranged|3|2|6|-2|3
870|Vindicare Assassin|2|1||Exitus rifle|Devastating Wounds, Heavy, Ignores Cover, Precision|48|Ranged|1|2|8|-3|D3+3
870|Vindicare Assassin|3|1||Vindicare combat knife||Melee|Melee|4|2|4|-1|1
2509|Voidsmen-at-Arms|1|1||Artificer shotgun|Assault|12|Ranged|2|4|4|0|2
2509|Voidsmen-at-Arms|2|1||Lasgun|Rapid Fire 1|24|Ranged|1|4|3|0|1
2509|Voidsmen-at-Arms|3|1||Laspistol|Pistol|12|Ranged|1|4|3|0|1
2509|Voidsmen-at-Arms|4|1||Voidsman rotor cannon|Heavy, Sustained Hits 1|24|Ranged|6|5|6|0|1
2509|Voidsmen-at-Arms|5|1||Close combat weapon||Melee|Melee|1|4|3|0|1
2509|Voidsmen-at-Arms|6|1||Vicious bite||Melee|Melee|3|4|4|0|1
3814|Watch Captain Artemis|1|1||Hellfire Extremis|Anti-Infantry 4+, Devastating Wounds, Ignores Cover, Torrent|12|Ranged|D6|-|4|-1|1
3814|Watch Captain Artemis|2|1||Master-crafted power weapon||Melee|Melee|6|2|5|-2|2
3815|Watch Master|1|1||Vigil spear||24|Ranged|2|2|4|-1|2
3815|Watch Master|2|2||Vigil spear|Lance|Melee|Melee|6|2|6|-2|D3
1664|Acastus Knight Asterius|1|1||Asterius volkite culverin|Devastating Wounds|24|Ranged|6|3|6|0|2
1664|Acastus Knight Asterius|2|1||Karacnos mortar battery|Anti-Infantry 2+, Blast, Ignores Cover, Indirect Fire|48|Ranged|D6+3|3|6|-1|1
1664|Acastus Knight Asterius|3|1||Twin conversion beam cannon|Conversion, Twin-linked, Sustained Hits D3|48|Ranged|3|3|16|-2|6
1664|Acastus Knight Asterius|4|1||Titanic feet||Melee|Melee|6|4|10|-1|2
860|Acastus Knight Porphyrion|1|1||Acastus autocannon||48|Ranged|2|3|9|-1|3
860|Acastus Knight Porphyrion|2|1||Acastus ironstorm missile pod|Blast, Heavy, Indirect Fire|48|Ranged|D6+6|3|5|0|1
860|Acastus Knight Porphyrion|3|1||Helios defence missiles|Anti-Fly 2+, Heavy|48|Ranged|3|3|10|-2|D6
860|Acastus Knight Porphyrion|4|1||Lascannon||48|Ranged|1|3|12|-3|D6+1
860|Acastus Knight Porphyrion|5|1||Twin magna lascannon|Blast, Twin-linked|72|Ranged|D6|3|18|-4|D6+6
860|Acastus Knight Porphyrion|6|1||Titanic feet||Melee|Melee|6|4|10|-1|2
1481|Armiger Helverin|1|1||Armiger autocannon||48|Ranged|4|3|9|-1|3
1481|Armiger Helverin|2|1||Meltagun|Melta 2|12|Ranged|1|3|9|-4|D6
1481|Armiger Helverin|3|1||Questoris heavy stubber|Rapid Fire 3|36|Ranged|3|3|4|-1|1
1481|Armiger Helverin|4|1||Armoured feet||Melee|Melee|4|3|6|0|1
2769|Armiger Moirax|1|1||Conversion beam cannon|Conversion, Sustained Hits D3|24|Ranged|1|3|10|-2|3
2769|Armiger Moirax|2|1||Graviton pulsar|Anti-Vehicle 2+, Blast|24|Ranged|D6|3|7|-1|2
2769|Armiger Moirax|3|1||Lightning lock|Sustained Hits 2|36|Ranged|6|3|8|0|1
2769|Armiger Moirax|4|1||Rad cleanser|Anti-Infantry 2+, Ignores Cover, Torrent|12|Ranged|D6|-|2|0|1
2769|Armiger Moirax|5|1||Volkite veuglaire|Devastating Wounds|36|Ranged|4|3|8|0|2
2769|Armiger Moirax|6|1||Armoured feet||Melee|Melee|4|3|6|0|1
2769|Armiger Moirax|7|1||Siege claw||Melee|Melee|4|3|12|-3|D6+2
1482|Armiger Warglaive|1|1||Meltagun|Melta 2|12|Ranged|1|3|9|-4|D6
1482|Armiger Warglaive|2|1||Questoris heavy stubber|Rapid Fire 3|36|Ranged|3|3|4|-1|1
1482|Armiger Warglaive|3|1||Thermal spear|Melta 4|18|Ranged|2|3|12|-4|D6
1482|Armiger Warglaive|4|1||Reaper chain-cleaver - strike||Melee|Melee|4|3|10|-3|3
1482|Armiger Warglaive|5|2||Reaper chain-cleaver - sweep||Melee|Melee|8|3|8|-2|1
1484|Canis Rex|1|1||Hekhtur's pistol|Pistol|12|Ranged|1|2|5|-1|2
1484|Canis Rex|2|1||Las-impulsor - high intensity|Blast, Sustained Hits 1|24|Ranged|D6|2|14|-3|4
1484|Canis Rex|3|2||Las-impulsor - low intensity|Blast, Sustained Hits 1|36|Ranged|2D6|2|7|-1|2
1484|Canis Rex|4|1||Questoris multi-laser|Sustained Hits 1|36|Ranged|4|2|6|0|1
1484|Canis Rex|5|1||Close combat weapon||Melee|Melee|2|2|3|0|1
1484|Canis Rex|6|1||Freedom's Hand - strike|Sustained Hits 1|Melee|Melee|5|2|20|-3|9
1484|Canis Rex|7|2||Freedom's Hand - sweep|Sustained Hits 1|Melee|Melee|10|2|10|-2|3
861|Cerastus Knight Acheron|1|1||Acheron flame cannon|Torrent, Ignores Cover|18|Ranged|2D6|-|8|-1|2
861|Cerastus Knight Acheron|2|1||Twin heavy bolter|Sustained Hits 1, Twin-linked|36|Ranged|3|3|5|-1|2
861|Cerastus Knight Acheron|3|1||Reaper chainfist - strike||Melee|Melee|4|3|14|-4|6
861|Cerastus Knight Acheron|4|2||Reaper chainfist - sweep||Melee|Melee|12|3|9|-3|2
862|Cerastus Knight Atrapos|1|1||Atrapos lascutter - high intensity (ranged)|Sustained Hits 1|24|Ranged|D6|3|14|-3|4
862|Cerastus Knight Atrapos|2|2||Atrapos lascutter - low intensity (ranged)|Sustained Hits 1|36|Ranged|2D6|3|7|-1|2
862|Cerastus Knight Atrapos|3|1||Graviton singularity cannon - contained|Blast|24|Ranged|D3|3|16|-4|D6+1
862|Cerastus Knight Atrapos|4|2||Graviton singularity cannon - singularity|Blast, Devastating Wounds, Hazardous|24|Ranged|D3|3|16|-4|D6+1
862|Cerastus Knight Atrapos|5|3||Atrapos lascutter - high intensity (melee)|Sustained Hits 1|Melee|Melee|6|3|14|-3|4
862|Cerastus Knight Atrapos|6|4||Atrapos lascutter - low intensity (melee)|Sustained Hits 1|Melee|Melee|12|3|7|-1|2
863|Cerastus Knight Castigator|1|1||Castigator bolt cannon|Twin-linked|36|Ranged|18|3|6|-2|2
863|Cerastus Knight Castigator|2|1||Tempest warblade - strike||Melee|Melee|4|3|14|-4|6
863|Cerastus Knight Castigator|3|2||Tempest warblade - sweep||Melee|Melee|12|3|9|-3|2
864|Cerastus Knight Lancer|1|1||Cerastus shock lance|Assault, Sustained Hits 2|12|Ranged|6|3|6|0|2
864|Cerastus Knight Lancer|2|2||Cerastus shock lance - strike|Lance|Melee|Melee|5|2|20|-3|8
864|Cerastus Knight Lancer|3|3||Cerastus shock lance - sweep||Melee|Melee|10|2|10|-2|3
1485|Knight Castellan|1|1||Plasma decimator - standard|Blast|48|Ranged|D6+3|3|8|-3|2
1485|Knight Castellan|2|2||Plasma decimator - supercharge|Blast, Hazardous|48|Ranged|D6+3|3|9|-4|3
1485|Knight Castellan|3|1||Shieldbreaker missile launcher|Anti-Titanic 4+, Devastating Wounds|72|Ranged|1|3|12|-6|D6+1
1485|Knight Castellan|4|1||Twin meltagun|Melta 2, Twin-Linked|12|Ranged|1|3|9|-4|D6
1485|Knight Castellan|5|1||Twin siegebreaker cannon|Blast, Twin-Linked|36|Ranged|D6|3|6|0|1
1485|Knight Castellan|6|1||Volcano lance|Blast|72|Ranged|D3|3|18|-5|D6+8
1485|Knight Castellan|7|1||Titanic feet||Melee|Melee|4|4|8|-1|2
859|Knight Crusader|1|1||Avenger gatling cannon||36|Ranged|18|3|6|-2|2
859|Knight Crusader|2|1||Heavy flamer|Ignores Cover, Torrent|12|Ranged|D6|-|5|-1|1
859|Knight Crusader|3|1||Icarus autocannons|Anti-Fly 2+, Twin-Linked|48|Ranged|3|3|7|-1|2
859|Knight Crusader|4|1||Ironstorm missile pod|Blast, Indirect Fire|48|Ranged|D6+1|3|5|0|1
859|Knight Crusader|5|1||Meltagun|Melta 2|12|Ranged|1|3|9|-4|D6
859|Knight Crusader|6|1||Questoris heavy stubber|Rapid Fire 3|36|Ranged|3|3|4|-1|1
859|Knight Crusader|7|1||Rapid-fire battle cannon|Blast, Rapid Fire D6+3|72|Ranged|D6+3|3|10|-1|3
859|Knight Crusader|8|1||Stormspear rocket pod||48|Ranged|3|3|8|-2|D6
859|Knight Crusader|9|1||Thermal cannon|Blast, Melta 6|24|Ranged|2D3|3|12|-4|D6
859|Knight Crusader|10|1||Titanic feet||Melee|Melee|4|4|8|-1|2
4149|Knight Defender|1|1||Conversion beam obliterator|Conversion, Sustained Hits D3|36|Ranged|3|3|12|-2|4
4149|Knight Defender|2|1||Phosphor blaster|Ignores Cover, Rapid Fire 1|24|Ranged|1|3|5|0|1
4149|Knight Defender|3|1||Plasma executor - standard|Blast|36|Ranged|D6+3|3|8|-2|2
4149|Knight Defender|4|2||Plasma executor - supercharge|Blast, Hazardous|36|Ranged|D6+3|3|9|-3|3
4149|Knight Defender|5|1||Twin incendine combustor|Ignores Cover, Torrent, Twin-linked|12|Ranged|D6|-|6|-1|1
4149|Knight Defender|6|1||Titanic feet||Melee|Melee|4|4|8|-1|2
4213|Knight Destrier|1|1||Chastiser gatling cannon|Assault|24|Ranged|12|3|6|-1|2
4213|Knight Destrier|2|1||Frag bombard|Assault, Blast, Rapid Fire D6+3|24|Ranged|D6+3|3|7|-1|2
4213|Knight Destrier|3|1||Questoris heavy stubber|Assault, Rapid Fire 3|36|Ranged|6|3|4|-1|1
4213|Knight Destrier|4|1||Bellatus reaper chainsword - strike||Melee|Melee|5|3|12|-3|D3+3
4213|Knight Destrier|5|2||Bellatus reaper chainsword - sweep||Melee|Melee|10|3|8|-2|2
4213|Knight Destrier|6|1||Thundershock spear - strike|Lance|Melee|Melee|4|3|12|-3|D3+3
4213|Knight Destrier|7|2||Thundershock spear - sweep|Lance|Melee|Melee|8|3|6|-3|2
4213|Knight Destrier|8|1||Titanic feet||Melee|Melee|4|4|7|-1|2
856|Knight Errant|1|1||Icarus autocannons|Anti-Fly 2+, Twin-Linked|48|Ranged|3|3|7|-1|2
856|Knight Errant|2|1||Ironstorm missile pod|Blast, Indirect Fire|48|Ranged|D6+1|3|5|0|1
856|Knight Errant|3|1||Meltagun|Melta 2|12|Ranged|1|3|9|-4|D6
856|Knight Errant|4|1||Questoris heavy stubber|Rapid Fire 3|36|Ranged|3|3|4|-1|1
856|Knight Errant|5|1||Stormspear rocket pod||48|Ranged|3|3|8|-2|D6
856|Knight Errant|6|1||Thermal cannon|Blast, Melta 6|24|Ranged|2D3|3|12|-4|D6
856|Knight Errant|7|1||Reaper chainsword - strike||Melee|Melee|4|3|14|-4|6
856|Knight Errant|8|2||Reaper chainsword - sweep||Melee|Melee|12|3|9|-3|2
856|Knight Errant|9|1||Thunderstrike gauntlet - strike||Melee|Melee|4|3|20|-3|8
856|Knight Errant|10|2||Thunderstrike gauntlet - sweep||Melee|Melee|8|3|10|-2|3
858|Knight Gallant|1|1||Icarus autocannons|Anti-Fly 2+, Twin-Linked|48|Ranged|3|3|7|-1|2
858|Knight Gallant|2|1||Ironstorm missile pod|Blast, Indirect Fire|48|Ranged|D6+1|3|5|0|1
858|Knight Gallant|3|1||Meltagun|Melta 2|12|Ranged|1|3|9|-4|D6
858|Knight Gallant|4|1||Questoris heavy stubber|Rapid Fire 3|36|Ranged|3|3|4|-1|1
858|Knight Gallant|5|1||Stormspear rocket pod||48|Ranged|3|3|8|-2|D6
858|Knight Gallant|6|1||Reaper chainsword - strike|Devastating Wounds|Melee|Melee|6|2|14|-4|6
858|Knight Gallant|7|2||Reaper chainsword - sweep|Lethal Hits|Melee|Melee|18|2|9|-3|2
858|Knight Gallant|8|1||Thunderstrike gauntlet - strike|Devastating Wounds|Melee|Melee|6|2|20|-3|8
858|Knight Gallant|9|2||Thunderstrike gauntlet - sweep|Lethal Hits|Melee|Melee|12|2|10|-2|3
855|Knight Paladin|1|1||Icarus autocannons|Anti-Fly 2+, Twin-Linked|48|Ranged|3|3|7|-1|2
855|Knight Paladin|2|1||Ironstorm missile pod|Blast, Indirect Fire|48|Ranged|D6+1|3|5|0|1
855|Knight Paladin|3|1||Meltagun|Melta 2|12|Ranged|1|3|9|-4|D6
855|Knight Paladin|4|1||Questoris heavy stubber|Rapid Fire 3|36|Ranged|3|3|4|-1|1
855|Knight Paladin|5|1||Rapid-fire battle cannon|Blast, Rapid Fire D6+3|72|Ranged|D6+3|3|10|-1|3
855|Knight Paladin|6|1||Stormspear rocket pod||48|Ranged|3|3|8|-2|D6
855|Knight Paladin|7|1||Reaper chainsword - strike||Melee|Melee|4|3|14|-4|6
855|Knight Paladin|8|2||Reaper chainsword - sweep||Melee|Melee|12|3|9|-3|2
855|Knight Paladin|9|1||Thunderstrike gauntlet - strike||Melee|Melee|4|3|20|-3|8
855|Knight Paladin|10|2||Thunderstrike gauntlet - sweep||Melee|Melee|8|3|10|-2|3
1483|Knight Preceptor|1|1||Icarus autocannons|Anti-Fly 2+, Twin-Linked|48|Ranged|3|3|7|-1|2
1483|Knight Preceptor|2|1||Ironstorm missile pod|Blast, Indirect Fire|48|Ranged|D6+1|3|5|0|1
1483|Knight Preceptor|3|1||Las-impulsor - high intensity|Blast|24|Ranged|D6|3|14|-3|4
1483|Knight Preceptor|4|2||Las-impulsor - low intensity|Blast|36|Ranged|2D6|3|7|-1|2
1483|Knight Preceptor|5|1||Meltagun|Melta 2|12|Ranged|1|3|9|-4|D6
1483|Knight Preceptor|6|1||Preceptor multi-laser||36|Ranged|4|3|6|0|1
1483|Knight Preceptor|7|1||Questoris heavy stubber|Rapid Fire 3|36|Ranged|3|3|4|-1|1
1483|Knight Preceptor|8|1||Stormspear rocket pod||48|Ranged|3|3|8|-2|D6
1483|Knight Preceptor|9|1||Reaper chainsword - strike||Melee|Melee|4|3|14|-4|6
1483|Knight Preceptor|10|2||Reaper chainsword - sweep||Melee|Melee|12|3|9|-3|2
1483|Knight Preceptor|11|1||Thunderstrike gauntlet - strike||Melee|Melee|4|3|20|-3|8
1483|Knight Preceptor|12|2||Thunderstrike gauntlet - sweep||Melee|Melee|8|3|10|-2|3
1486|Knight Valiant|1|1||Conflagration cannon|Ignores Cover, Torrent|18|Ranged|3D6|-|8|-1|2
1486|Knight Valiant|2|1||Shieldbreaker missile launcher|Anti-Titanic 4+, Devastating Wounds|72|Ranged|1|3|12|-6|D6+1
1486|Knight Valiant|3|1||Thundercoil harpoon|Blast, Devastating Wounds|12|Ranged|D3|3|24|-6|10
1486|Knight Valiant|4|1||Twin meltagun|Melta 2, Twin-Linked|12|Ranged|1|3|9|-4|D6
1486|Knight Valiant|5|1||Twin siegebreaker cannon|Blast, Twin-Linked|36|Ranged|D6|3|6|0|1
1486|Knight Valiant|6|1||Titanic feet||Melee|Melee|4|4|8|-1|2
857|Knight Warden|1|1||Avenger gatling cannon||36|Ranged|18|3|6|-2|2
857|Knight Warden|2|1||Heavy flamer|Ignores Cover, Torrent|12|Ranged|D6|-|5|-1|1
857|Knight Warden|3|1||Icarus autocannons|Anti-Fly 2+, Twin-Linked|48|Ranged|3|3|7|-1|2
857|Knight Warden|4|1||Ironstorm missile pod|Blast, Indirect Fire|48|Ranged|D6+1|3|5|0|1
857|Knight Warden|5|1||Meltagun|Melta 2|12|Ranged|1|3|9|-4|D6
857|Knight Warden|6|1||Questoris heavy stubber|Rapid Fire 3|36|Ranged|3|3|4|-1|1
857|Knight Warden|7|1||Stormspear rocket pod||48|Ranged|3|3|8|-2|D6
857|Knight Warden|8|1||Reaper chainsword - strike||Melee|Melee|4|3|14|-4|6
857|Knight Warden|9|2||Reaper chainsword - sweep||Melee|Melee|12|3|9|-3|2
857|Knight Warden|10|1||Thunderstrike gauntlet - strike||Melee|Melee|4|3|20|-3|8
857|Knight Warden|11|2||Thunderstrike gauntlet - sweep||Melee|Melee|8|3|10|-2|3
865|Questoris Knight Magaera|1|1||Lightning cannon|Sustained Hits 2|48|Ranged|12|3|9|0|2
865|Questoris Knight Magaera|2|1||Phased plasma-fusil|Rapid Fire 2|24|Ranged|2|3|8|-3|2
865|Questoris Knight Magaera|3|1||Twin rad cleanser|Torrent, Ignores Cover, Anti-Infantry 2+, Twin-linked|12|Ranged|D6|-|2|0|1
865|Questoris Knight Magaera|4|1||Hekaton siege claw - strike||Melee|Melee|4|3|20|-3|8
865|Questoris Knight Magaera|5|2||Hekaton siege claw - sweep||Melee|Melee|8|3|10|-2|3
865|Questoris Knight Magaera|6|1||Reaper chainsword - strike||Melee|Melee|4|3|14|-4|6
865|Questoris Knight Magaera|7|2||Reaper chainsword - sweep||Melee|Melee|12|3|9|-3|2
866|Questoris Knight Styrix|1|1||Graviton crusher|Anti-Vehicle 2+, Blast|18|Ranged|3|3|6|-1|2
866|Questoris Knight Styrix|2|1||Twin rad cleanser|Torrent, Ignores Cover, Anti-Infantry 2+, Twin-linked|12|Ranged|D6|-|2|0|1
866|Questoris Knight Styrix|3|1||Volkite chierovile|Devastating Wounds|30|Ranged|12|3|12|0|3
866|Questoris Knight Styrix|4|1||Hekaton siege claw - strike||Melee|Melee|4|3|20|-3|8
866|Questoris Knight Styrix|5|2||Hekaton siege claw - sweep||Melee|Melee|8|3|10|-2|3
866|Questoris Knight Styrix|6|1||Reaper chainsword - strike||Melee|Melee|4|3|14|-4|6
866|Questoris Knight Styrix|7|2||Reaper chainsword - sweep||Melee|Melee|12|3|9|-3|2
3841|Skitarii Marshal|1|1||Mechanicus pistol|Devastating Wounds, Pistol|12|Ranged|1|4|6|-1|1
3841|Skitarii Marshal|2|1||Control stave||Melee|Melee|4|3|6|-1|1
3842|Skitarii Rangers|1|1||Arc rifle|Anti-Vehicle 4+, Devastating Wounds, Rapid Fire 1|30|Ranged|1|4|8|-1|D3
3842|Skitarii Rangers|2|1||Galvanic rifle||30|Ranged|2|4|4|0|1
3842|Skitarii Rangers|3|1||Mechanicus pistol|Devastating Wounds, Pistol|12|Ranged|1|4|6|-1|1
3842|Skitarii Rangers|4|1||Plasma caliver -  supercharge|Hazardous|30|Ranged|2|4|8|-3|2
3842|Skitarii Rangers|5|2||Plasma caliver - standard||30|Ranged|2|4|7|-2|1
3842|Skitarii Rangers|6|1||Transuranic arquebus|Heavy, Precision|36|Ranged|1|4|7|-2|D3
3842|Skitarii Rangers|7|1||Alpha combat weapon||Melee|Melee|2|4|5|-1|1
3842|Skitarii Rangers|8|1||Close combat weapon||Melee|Melee|1|4|3|0|1
3843|Skitarii Vanguard|1|1||Arc rifle|Anti-Vehicle 4+, Devastating Wounds, Rapid Fire 1|30|Ranged|1|4|8|-1|D3
3843|Skitarii Vanguard|2|1||Mechanicus pistol|Devastating Wounds, Pistol|12|Ranged|1|4|6|-1|1
3843|Skitarii Vanguard|3|1||Plasma caliver -  supercharge|Hazardous|30|Ranged|2|4|8|-3|2
3843|Skitarii Vanguard|4|2||Plasma caliver - standard||30|Ranged|2|4|7|-2|1
3843|Skitarii Vanguard|5|1||Radium carbine|Anti-Infantry 4+|18|Ranged|3|4|3|0|1
3843|Skitarii Vanguard|6|1||Transuranic arquebus|Heavy, Precision|36|Ranged|1|4|7|-2|D3
3843|Skitarii Vanguard|7|1||Alpha combat weapon||Melee|Melee|2|4|5|-1|1
3843|Skitarii Vanguard|8|1||Close combat weapon||Melee|Melee|1|4|3|0|1
3839|Tech-Priest Dominus|1|1||Eradication ray - dissipated||24|Ranged|D3|3|6|-1|1
3839|Tech-Priest Dominus|2|2||Eradication ray - focused||12|Ranged|D3|3|6|-2|2
3839|Tech-Priest Dominus|3|1||Macrostubber|Pistol|12|Ranged|5|3|4|0|1
3839|Tech-Priest Dominus|4|1||Phosphor serpenta|Ignores Cover, Pistol|18|Ranged|1|3|5|-1|2
3839|Tech-Priest Dominus|5|1||Volkite blaster|Devastating Wounds|24|Ranged|3|3|5|0|2
3839|Tech-Priest Dominus|6|1||Omnissian axe||Melee|Melee|4|3|6|-2|2
3840|Tech-Priest Manipulus|1|1||Magnarail lance|Heavy|36|Ranged|1|3|7|-2|3
3840|Tech-Priest Manipulus|2|1||Transonic cannon|Devastating Wounds, Torrent|12|Ranged|D6|-|4|0|2
3840|Tech-Priest Manipulus|3|1||Omnissian staff||Melee|Melee|4|3|6|-1|2
4142|Arkanyst Evaluator|1|1||Transmatter inverter - full charge|Hazardous, Rapid Fire 2|18|Ranged|3|2|8|-2|2
4142|Arkanyst Evaluator|2|2||Transmatter inverter - half charge|Rapid Fire 1|12|Ranged|3|2|8|-1|1
4142|Arkanyst Evaluator|3|3||Transmatter inverter - overcharge|Hazardous, Overcharge, Rapid Fire 3|24|Ranged|3|2|8|-3|3
4142|Arkanyst Evaluator|4|1||Close combat weapon||Melee|Melee|1|4|3|0|1
4201|Berehk Stornbröw|1|1||Kromlôk's Revenge - graviton strikes|Anti-Monster 3+, Anti-Vehicle 3+, Sustained Hits 1|Melee|Melee|4|2|10|-2|4
4201|Berehk Stornbröw|2|2||Kromlôk's Revenge - plasma sweeps|Sustained Hits 1|Melee|Melee|8|2|7|-2|2
4201|Berehk Stornbröw|3|1||Warforge gauntlets|Extra Attacks, Sustained Hits 1|Melee|Melee|2|2|6|-2|1
2597|Brôkhyr Iron-master|1|1||Autoch-pattern bolt pistol|Pistol|12|Ranged|1|3|4|0|1
2597|Brôkhyr Iron-master|2|1||Graviton rifle|Anti-MONSTER 3+, Anti-VEHICLE 3+|18|Ranged|3|3|5|-1|3
2597|Brôkhyr Iron-master|3|1||Las-beam cutter||6|Ranged|1|4|6|-3|1
2597|Brôkhyr Iron-master|4|1||Close combat weapon||Melee|Melee|1|4|3|0|1
2597|Brôkhyr Iron-master|5|1||Graviton hammer|Anti-MONSTER 3+, Anti-VEHICLE 3+|Melee|Melee|3|4|9|-1|3
2597|Brôkhyr Iron-master|6|1||Manipulator arms||Melee|Melee|3|4|3|0|1
2597|Brôkhyr Iron-master|7|1||Plasma torch||Melee|Melee|1|4|6|-3|2
2603|Brôkhyr Thunderkyn|1|1||Bolt cannon|Sustained Hits 2|36|Ranged|3|4|6|-1|2
2603|Brôkhyr Thunderkyn|2|1||Graviton blast cannon|Anti-MONSTER 3+, Anti-VEHICLE 3+|24|Ranged|3|4|5|-2|3
2603|Brôkhyr Thunderkyn|3|1||SP conversion beamer|Conversion, Lethal Hits|24|Ranged|2|4|7|-2|3
2603|Brôkhyr Thunderkyn|4|1||Close combat weapon||Melee|Melee|2|4|4|0|1
4140|Buri Aegnirssen|1|1||Autoch-pattern bolt pistol|Pistol|12|Ranged|1|2|4|0|1
4140|Buri Aegnirssen|2|1||Bane - strike|Precision|Melee|Melee|5|2|12|-3|3
4140|Buri Aegnirssen|3|2||Bane - sweep||Melee|Melee|10|2|6|-2|1
2600|Beserk|1|1||Mole grenade launcher|Blast, Indirect Fire|18|Ranged|D6|5|5|-1|1
2600|Beserk|2|1||Concussion maul|Anti-MONSTER 3+, Anti-VEHICLE 3+|Melee|Melee|3|4|5|-2|3
2600|Beserk|3|1||Heavy plasma axe||Melee|Melee|3|4|7|-2|3
2600|Beserk|4|1||Twin concussion gauntlets|Twin-linked|Melee|Melee|4|4|9|-2|2
4145|Cthonian Earthshaker|1|1||Autoch-pattern bolt pistol|Pistol|12|Ranged|1|4|4|0|1
4145|Cthonian Earthshaker|2|1||Breacher ordnance|Blast, Heavy, Indirect Fire|24|Ranged|D6+1|5|10|-1|2
4145|Cthonian Earthshaker|3|1||Tremor shells|Blast, Heavy, Indirect Fire|36|Ranged|D6+4|5|6|-1|1
4145|Cthonian Earthshaker|4|1||Plasma picks||Melee|Melee|4|3|5|-2|1
2595|Einhyr Champion|1|1||Autoch-pattern combi-bolter||24|Ranged|4|2|4|0|1
2595|Einhyr Champion|2|1||Darkstar axe||Melee|Melee|6|2|6|-3|2
2595|Einhyr Champion|3|1||Mass hammer||Melee|Melee|3|3|12|-3|D6+1
2599|Einhyr Hearthguard|1|1||EtaCarn plasma gun|Rapid Fire 1|24|Ranged|1|3|7|-3|2
2599|Einhyr Hearthguard|2|1||Exo-armour grenade launcher|Blast|24|Ranged|D3|3|3|0|1
2599|Einhyr Hearthguard|3|1||Volkanite disintegrator|Devastating Wounds|24|Ranged|3|3|5|0|1
2599|Einhyr Hearthguard|4|1||Concussion gauntlet||Melee|Melee|2|3|8|-2|2
2599|Einhyr Hearthguard|5|1||Graviton hammer|Anti-MONSTER 3+, Anti-VEHICLE 3+|Melee|Melee|3|4|9|-1|3
2599|Einhyr Hearthguard|6|1||Plasma blade gauntlet||Melee|Melee|3|3|6|-2|1
2596|Grimnyr|1|1||Ancestral Wrath - focused witchfire|Hazardous, Psychic|24|Ranged|6|3|6|-2|D3
2596|Grimnyr|2|2||Ancestral Wrath - witchfire|Psychic|24|Ranged|3|3|6|-2|D3
2596|Grimnyr|3|1||Autoch-pattern bolter||24|Ranged|2|4|4|0|1
2596|Grimnyr|4|1||Ancestral ward stave|Psychic|Melee|Melee|2|3|7|-1|D3
2596|Grimnyr|5|1||Close combat weapon||Melee|Melee|1|4|3|0|1
2598|Hearthkyn Warriors|1|1||Autoch-pattern bolt pistol|Pistol|12|Ranged|1|4|4|0|1
2598|Hearthkyn Warriors|2|1||Autoch-pattern bolter||24|Ranged|2|4|4|0|1
2598|Hearthkyn Warriors|3|1||EtaCarn plasma beamer|Sustained Hits D3|18|Ranged|1|4|8|-3|2
2598|Hearthkyn Warriors|4|1||HYLas auto rifle|Assault, Rapid Fire 3|24|Ranged|3|4|6|-1|1
2598|Hearthkyn Warriors|5|1||HYLas rotary cannon|Heavy, Sustained Hits 1|24|Ranged|6|5|6|-1|1
2598|Hearthkyn Warriors|6|1||Ion blaster||18|Ranged|1|4|5|-2|1
2598|Hearthkyn Warriors|7|1||L7 missile launcher - blast|Blast|24|Ranged|D6|4|4|0|1
2598|Hearthkyn Warriors|8|2||L7 missile launcher - focused||24|Ranged|1|4|9|-2|D6
2598|Hearthkyn Warriors|9|1||Magna-rail rifle|Devastating Wounds, Heavy|18|Ranged|1|5|12|-3|D3+3
2598|Hearthkyn Warriors|10|1||Theyn's pistol|Pistol|12|Ranged|1|4|8|-2|1
2598|Hearthkyn Warriors|11|1||Close combat weapon||Melee|Melee|1|4|4|0|1
2598|Hearthkyn Warriors|12|1||Plasma knife||Melee|Melee|2|4|4|-2|1
2598|Hearthkyn Warriors|13|1||Theyn's melee weapon||Melee|Melee|2|4|5|-2|2
2604|Hekaton Land Fortress|1|1||Cyclic ion cannon|Blast|24|Ranged|D6+2|4|7|-2|2
2604|Hekaton Land Fortress|2|1||Heavy magna-rail cannon|Devastating Wounds, Heavy|30|Ranged|2|4|18|-4|D6+4
2604|Hekaton Land Fortress|3|1||Hekaton warhead|Blast, One Shot|36|Ranged|D6+3|4|7|-2|2
2604|Hekaton Land Fortress|4|1||MATR autocannon|Assault, Sustained Hits 1|24|Ranged|6|4|7|-1|2
2604|Hekaton Land Fortress|5|1||SP heavy conversion beamer|Conversion, Lethal Hits|24|Ranged|4|4|10|-2|4
2604|Hekaton Land Fortress|6|1||Twin bolt cannon|Sustained Hits 2, Twin-linked|36|Ranged|3|4|6|-1|2
2604|Hekaton Land Fortress|7|1||Twin ion beamer|Blast, Twin-linked|18|Ranged|D3+1|4|8|-2|1
2604|Hekaton Land Fortress|8|1||Armoured wheels||Melee|Melee|6|4|8|0|1
2601|Hernkyn Pioneer|1|1||Bolt revolver|Pistol|12|Ranged|1|4|5|0|1
2601|Hernkyn Pioneer|2|1||Bolt shotgun|Assault|18|Ranged|2|4|5|0|1
2601|Hernkyn Pioneer|3|1||HYLas rotary cannon|Sustained Hits 1|24|Ranged|6|4|6|-1|1
2601|Hernkyn Pioneer|4|1||Ion beamer|Blast|18|Ranged|D3+1|4|8|-2|1
2601|Hernkyn Pioneer|5|1||Magna-coil autocannon||24|Ranged|3|4|7|-1|2
2601|Hernkyn Pioneer|6|1||Plasma knife||Melee|Melee|2|4|4|-2|1
3710|Hernkyn Yaegirs|1|1||APM launcher|Anti-MONSTER 3+, Anti-VEHICLE 3+|24|Ranged|1|4|6|-2|D6
3710|Hernkyn Yaegirs|2|1||Bolt revolver|Pistol|12|Ranged|1|4|5|0|1
3710|Hernkyn Yaegirs|3|1||Bolt shotgun|Assault|18|Ranged|2|4|5|0|1
3710|Hernkyn Yaegirs|4|1||Magna-coil rifle|Ignores Cover, Precision|24|Ranged|1|4|5|-2|2
3710|Hernkyn Yaegirs|5|1||Close combat weapon||Melee|Melee|1|4|4|0|1
3710|Hernkyn Yaegirs|6|1||Plasma knife||Melee|Melee|2|4|4|-2|1
4143|Ironkin Steeljacks with Heavy Volkanite Disintegrators|1|1||Heavy volkanite disintegrator|Devastating Wounds|24|Ranged|6|4|6|-1|1
4143|Ironkin Steeljacks with Heavy Volkanite Disintegrators|2|1||Plasma knife||Melee|Melee|2|3|6|-2|1
4144|Ironkin Steeljacks with Melee Weapons|1|1||Autoch-pattern bolter|Pistol|24|Ranged|2|4|4|0|1
4144|Ironkin Steeljacks with Melee Weapons|2|1||Concussion gauntlet|Lethal Hits|Melee|Melee|3|4|10|-2|2
4144|Ironkin Steeljacks with Melee Weapons|3|1||Plasma sword|Sustained Hits 1|Melee|Melee|6|3|6|-2|1
2594|Kâhl|1|1||Autoch-pattern combi-bolter||24|Ranged|4|2|4|0|1
2594|Kâhl|2|1||Volkanite disintegrator|Devastating Wounds|24|Ranged|3|2|5|0|1
2594|Kâhl|3|1||Forgewrought plasma axe||Melee|Melee|4|2|5|-2|2
2594|Kâhl|4|1||Mass gauntlet||Melee|Melee|3|3|8|-3|3
4147|Kapricus Carrier|1|1||Magna-coil autocannon||24|Ranged|3|4|7|-1|2
4147|Kapricus Carrier|2|1||Twin magna-coil autocannon|Twin-linked|24|Ranged|3|4|7|-1|2
4147|Kapricus Carrier|3|1||Armoured hull||Melee|Melee|3|4|6|0|1
4146|Kapricus Defender|1|1||HYLas rotary cannon|Sustained Hits 1|24|Ranged|6|4|6|-1|2
4146|Kapricus Defender|2|1||Magna-rail cannon|Devastating Wounds, Heavy|24|Ranged|1|4|14|-4|D3+3
4146|Kapricus Defender|3|1||Twin magna-coil autocannon|Twin-linked|24|Ranged|3|4|7|-1|2
4146|Kapricus Defender|4|1||Armoured hull||Melee|Melee|3|4|6|0|1
4141|Memnyr Strategist|1|1||Autoch-pattern bolt pistol|Pistol|12|Ranged|1|4|4|0|1
4141|Memnyr Strategist|2|1||Close combat weapon||Melee|Melee|1|4|3|0|1
2602|Sagitaur|1|1||HYLas beam cannon||24|Ranged|2|4|12|-3|D6+1
2602|Sagitaur|2|1||L7 missile launcher - blast|Blast|24|Ranged|D6|4|4|0|1
2602|Sagitaur|3|2||L7 missile launcher - focused||24|Ranged|1|4|9|-2|D6
2602|Sagitaur|4|1||MATR autocannon|Assault, Sustained Hits 1|24|Ranged|6|4|7|-1|2
2602|Sagitaur|5|1||Sagitaur missile launcher||36|Ranged|2|4|10|-3|3
2602|Sagitaur|6|1||Twin bolt cannon|Sustained Hits 2, Twin-linked|36|Ranged|3|4|6|-1|2
2602|Sagitaur|7|1||Armoured wheels||Melee|Melee|3|4|6|0|1
2593|Ûthar the Destined|1|1||Volkanite disintegrator|Devastating Wounds|24|Ranged|3|2|5|0|1
2593|Ûthar the Destined|2|1||Blade of the Ancestors|Devastating Wounds|Melee|Melee|5|2|6|-3|2
553|Annihilation Barge|1|1||Gauss cannon|Lethal Hits|24|Ranged|3|3|5|-2|2
553|Annihilation Barge|2|1||Tesla cannon|Sustained Hits 2|24|Ranged|4|3|6|0|1
553|Annihilation Barge|3|1||Twin tesla destructor|Sustained Hits 2, Twin-linked|36|Ranged|6|3|8|0|2
553|Annihilation Barge|4|1||Armoured bulk||Melee|Melee|3|4|6|0|1
531|Anrakyr the Traveller|1|1||Tachyon arrow|One Shot|72|Ranged|1|2|16|-5|D6+2
531|Anrakyr the Traveller|2|1||Warscythe|Devastating Wounds|Melee|Melee|4|2|8|-3|2
542|C'tan Shard of the Deceiver|1|1||Cosmic insanity|Anti-CHARACTER 4+, Devastating Wounds, Precision|18|Ranged|6|2|6|-2|2
542|C'tan Shard of the Deceiver|2|1||Golden fists||Melee|Melee|8|2|10|-3|3
541|C'tan Shard of the Nightbringer|1|1||Gaze of death||18|Ranged|D3|2|12|-3|D6+3
541|C'tan Shard of the Nightbringer|2|1||Scythe of the Nightbringer - strike|Devastating Wounds|Melee|Melee|6|2|14|-4|D6+2
541|C'tan Shard of the Nightbringer|3|2||Scythe of the Nightbringer - sweep||Melee|Melee|14|2|8|-2|2
2357|C'tan Shard of the Void Dragon|1|1||Spear of the Void Dragon|Anti-VEHICLE 2+|12|Ranged|D3|2|8|-3|D6+2
2357|C'tan Shard of the Void Dragon|2|1||Voltaic storm|Blast, Sustained Hits 2|18|Ranged|D6+3|2|7|-1|2
2357|C'tan Shard of the Void Dragon|3|1||Canoptek tail blades|Extra Attacks|Melee|Melee|6|2|6|-1|1
2357|C'tan Shard of the Void Dragon|4|2||Spear of the Void Dragon - strike|Anti-VEHICLE 2+|Melee|Melee|5|2|12|-4|D6+2
2357|C'tan Shard of the Void Dragon|5|3||Spear of the Void Dragon - sweep||Melee|Melee|10|2|8|-1|2
559|Canoptek Acanthrites|1|1||Cutting beam|Melta 2|12|Ranged|1|4|9|-4|D6
559|Canoptek Acanthrites|2|1||Voidblade||Melee|Melee|3|4|5|-2|1
2115|Canoptek Doomstalker|1|1||Doomsday blaster|Blast, Heavy|48|Ranged|D6+1|4|14|-3|3
2115|Canoptek Doomstalker|2|1||Twin gauss flayer|Lethal Hits, Rapid Fire 1, Twin-linked|24|Ranged|1|4|4|0|1
2115|Canoptek Doomstalker|3|1||Doomstalker limbs||Melee|Melee|3|4|6|0|1
4176|Canoptek Macrocytes|1|1||Atomiser beam||12|Ranged|1|4|6|-1|1
4176|Canoptek Macrocytes|2|1||Gauss scalpel|Lethal Hits|18|Ranged|1|4|4|-1|1
4176|Canoptek Macrocytes|3|1||Tesla caster|Assault, Sustained Hits 1|18|Ranged|1|4|5|0|1
4176|Canoptek Macrocytes|4|1||Claws||Melee|Melee|2|4|4|-1|1
2112|Canoptek Reanimator|1|1||Atomiser beam||12|Ranged|3|4|6|-2|1
2112|Canoptek Reanimator|2|1||Reanimator's claws||Melee|Melee|4|4|5|0|1
2114|Canoptek Scarab Swarms|1|1||Feeder mandibles|Lethal Hits|Melee|Melee|6|5|2|0|1
551|Canoptek Spyder|1|1||Particle beamer|Blast, Devastating Wounds|18|Ranged|D6|3|6|0|1
551|Canoptek Spyder|2|1||Automaton claws||Melee|Melee|5|4|8|-2|2
4177|Canoptek Tomb Crawlers|1|1||Dimensional isolator||12|Ranged|2|4|4|-2|2
4177|Canoptek Tomb Crawlers|2|1||Twin gauss reaper|Lethal Hits, Twin-linked|12|Ranged|2|4|4|-1|1
4177|Canoptek Tomb Crawlers|3|1||Claws||Melee|Melee|4|4|6|-1|1
560|Canoptek Tomb Sentinel|1|1||Exile cannon|Blast|18|Ranged|D6+1|4|10|-2|2
560|Canoptek Tomb Sentinel|2|1||Tomb Sentinel claws||Melee|Melee|6|4|6|0|1
558|Canoptek Tomb Stalker|1|1||Gauss slicers|Lethal Hits|24|Ranged|8|4|5|-1|1
558|Canoptek Tomb Stalker|2|1||Tomb Stalker claws|Sustained Hits 1|Melee|Melee|6|4|6|-1|2
546|Canoptek Wraiths|1|1||Particle caster|Devastating Wounds, Pistol|12|Ranged|3|4|5|0|1
546|Canoptek Wraiths|2|1||Transdimensional beamer||12|Ranged|1|4|4|-2|3
546|Canoptek Wraiths|3|1||Vicious claws||Melee|Melee|4|4|6|-1|2
546|Canoptek Wraiths|4|1||Whip coils||Melee|Melee|8|4|5|0|1
533|Catacomb Command Barge|1|1||Gauss cannon|Lethal Hits|24|Ranged|3|3|5|-2|2
533|Catacomb Command Barge|2|1||Staff of light||18|Ranged|3|2|5|-2|1
533|Catacomb Command Barge|3|1||Tesla cannon|Sustained Hits 2|24|Ranged|4|3|6|0|1
533|Catacomb Command Barge|4|1||Overlord's blade|Devastating Wounds|Melee|Melee|4|2|8|-3|2
533|Catacomb Command Barge|5|2||Staff of light||Melee|Melee|4|3|5|-2|1
2354|Chronomancer|1|1||Chronomancer's stave|Blast|18|Ranged|D6|4|5|-1|1
2354|Chronomancer|2|2||Chronomancer's stave||Melee|Melee|3|4|5|-1|1
2361|Convergence of Dominion|1|1||Transdimensional abductor||18|Ranged|3|4|6|-2|3
2111|Cryptothralls|1|1||Scouring eye||6|Ranged|2|4|5|-1|1
2111|Cryptothralls|2|1||Scythed limbs||Melee|Melee|4|4|5|-1|1
537|Deathmarks|1|1||Synaptic disintegrator|Heavy, Precision|36|Ranged|1|3|5|-2|2
537|Deathmarks|2|1||Close combat weapon||Melee|Melee|2|3|4|0|1
545|Doom Scythe|1|1||Heavy death ray|Sustained Hits D3|36|Ranged|3|3|16|-4|D6+1
545|Doom Scythe|2|1||Twin tesla destructor|Sustained Hits 2, Twin-linked|36|Ranged|6|3|8|0|2
545|Doom Scythe|3|1||Armoured bulk||Melee|Melee|3|4|6|0|1
554|Doomsday Ark|1|1||Doomsday cannon|Blast, Heavy|72|Ranged|D6+1|3|18|-4|4
554|Doomsday Ark|2|1||Gauss flayer array|Lethal Hits, Rapid Fire 5|24|Ranged|5|3|4|0|1
554|Doomsday Ark|3|1||Armoured bulk||Melee|Melee|3|4|6|0|1
538|Flayed Ones|1|1||Flayer claws|Sustained Hits 1, Twin-linked|Melee|Melee|4|3|4|-1|1
567|Gauss Pylon|1|1||Gauss annihilator|Anti-FLY 2+, Lethal Hits|120|Ranged|1|4|16|-4|D6+6
567|Gauss Pylon|2|1||Tesla arc|Sustained Hits 2|6|Ranged|6|4|4|0|1
4178|Geomancer|1|1||Tremorglaive - reverberating beam|Melta 2|18|Ranged|2|4|8|-2|2
4178|Geomancer|2|2||Tremorglaive - shock wave pulse|Ignores Cover, Torrent|18|Ranged|D6+2|-|4|0|1
4178|Geomancer|3|3||Tremorglaive||Melee|Melee|2|4|8|-2|2
543|Ghost Ark|1|1||Gauss flayer array|Lethal Hits, Rapid Fire 5|24|Ranged|5|3|4|0|1
543|Ghost Ark|2|1||Armoured bulk||Melee|Melee|3|4|6|0|1
2355|Hexmark Destroyer|1|1||Enmitic disintegrator pistols|Ignores Cover, Pistol|18|Ranged|6|2|6|-2|1
2355|Hexmark Destroyer|2|1||Close combat weapon||Melee|Melee|4|3|5|0|1
2092|Illuminor Szeras|1|1||Eldritch lance||36|Ranged|3|3|9|-3|3
2092|Illuminor Szeras|2|2||Eldritch lance||Melee|Melee|4|3|9|-3|3
2092|Illuminor Szeras|3|1||Impaling legs|Extra Attacks|Melee|Melee|4|3|6|-1|1
535|Immortals|1|1||Close combat weapon||Melee|Melee|2|3|4|0|1
522|Imotekh the Stormlord|1|1||Gauntlet of Fire|Ignores Cover, Torrent|12|Ranged|D6|-|5|-1|1
522|Imotekh the Stormlord|2|1||Staff of the Destroyer||18|Ranged|3|2|6|-3|2
522|Imotekh the Stormlord|3|2||Staff of the Destroyer|Devastating Wounds|Melee|Melee|4|2|6|-3|2
2359|Lokhust Destroyers|1|1||Gauss cannon|Lethal Hits|24|Ranged|3|3|5|-2|2
2359|Lokhust Destroyers|2|1||Close combat weapon||Melee|Melee|2|3|4|0|1
2116|Lokhust Heavy Destroyers|1|1||Enmitic exterminator|Heavy, Rapid Fire 6, Sustained Hits 1|36|Ranged|6|3|6|-1|1
2116|Lokhust Heavy Destroyers|2|1||Gauss destructor|Heavy, Lethal Hits|48|Ranged|1|3|14|-4|6
2116|Lokhust Heavy Destroyers|3|1||Close combat weapon||Melee|Melee|2|3|4|0|1
2351|Lokhust Lord|1|1||Staff of light||18|Ranged|3|2|5|-2|1
2351|Lokhust Lord|2|1||Lord's blade|Devastating Wounds|Melee|Melee|4|2|8|-3|2
2351|Lokhust Lord|3|2||Staff of light||Melee|Melee|4|2|5|-2|1
524|Lord|1|1||Staff of light||18|Ranged|3|3|5|-2|1
524|Lord|2|1||Lord's blade|Devastating Wounds|Melee|Melee|3|3|8|-3|2
524|Lord|3|2||Staff of light||Melee|Melee|3|3|5|-2|1
552|Monolith|1|1||Particle whip|Blast, Devastating Wounds|24|Ranged|3D6|3|8|-1|2
552|Monolith|2|1||Portal of exile||Melee|Melee|6|2|8|-2|3
534|Necron Warriors|1|1||Gauss flayer|Lethal Hits, Rapid Fire 1|24|Ranged|1|4|4|0|1
534|Necron Warriors|2|1||Gauss reaper|Lethal Hits|12|Ranged|2|4|4|-1|1
534|Necron Warriors|3|1||Close combat weapon||Melee|Melee|1|4|4|0|1
4186|Nekrosor Ammentar|1|1||Enmitic disintegrators|Ignores Cover, Pistol, Sustained Hits 2|18|Ranged|4|2|6|-2|1
4186|Nekrosor Ammentar|2|1||Blade tail and whip coils|Extra Attacks|Melee|Melee|6|2|6|-1|1
4186|Nekrosor Ammentar|3|1||Unmaker gauntlet||Melee|Melee|6|2|10|-3|3
527|Nemesor Zahndrekh|1|1||Staff of light||18|Ranged|3|3|5|-2|1
527|Nemesor Zahndrekh|2|2||Staff of light||Melee|Melee|4|3|5|-2|1
544|Night Scythe|1|1||Twin tesla destructor|Sustained Hits 2, Twin-linked|36|Ranged|6|3|8|0|2
544|Night Scythe|2|1||Armoured bulk||Melee|Melee|3|4|6|0|1
561|Night Shroud|1|1||Twin tesla destructor|Sustained Hits 2, Twin-linked|36|Ranged|6|3|8|0|2
561|Night Shroud|2|1||Armoured bulk||Melee|Melee|3|4|6|0|1
557|Obelisk|1|1||Tesla sphere|Anti-FLY 4+, Sustained Hits 2|24|Ranged|6|3|7|0|1
557|Obelisk|2|1||Armoured bulk||Melee|Melee|6|4|8|0|1
2358|Ophydian Destroyers|1|1||Ophydian hyperphase weapons||Melee|Melee|5|3|4|-2|2
530|Orikan the Diviner|1|1||Staff of Tomorrow|Devastating Wounds|Melee|Melee|2|3|4|-3|D3
3693|Overlord with Translocation Shroud|1|1||Overlord's blade|Devastating Wounds|Melee|Melee|4|2|8|-3|2
2108|Plasmancer|1|1||Plasmic lance||18|Ranged|3|4|7|-3|2
2108|Plasmancer|2|2||Plasmic lance||Melee|Melee|2|4|7|-3|2
2353|Psychomancer|1|1||Abyssal lance||18|Ranged|1|4|6|-3|3
2353|Psychomancer|2|2||Abyssal lance||Melee|Melee|1|4|6|-3|3
2350|Royal Warden|1|1||Relic gauss blaster|Lethal Hits, Rapid Fire 2|24|Ranged|2|3|5|-1|2
2350|Royal Warden|2|1||Close combat weapon||Melee|Melee|4|3|5|0|1
562|Sentry Pylon|1|1||Focused death ray|Sustained Hits 2|36|Ranged|6|4|8|-2|2
562|Sentry Pylon|2|1||Gauss exterminator|Lethal Hits|48|Ranged|1|4|14|-3|6
562|Sentry Pylon|3|1||Heat cannon|Melta 4|36|Ranged|2|4|9|-4|D6
1577|Seraptek Heavy Construct|1|1||Titanic forelimbs - strike||Melee|Melee|6|3|14|-3|5
1577|Seraptek Heavy Construct|2|2||Titanic forelimbs - sweep||Melee|Melee|12|3|8|-1|2
2110|Skorpekh Destroyers|1|1||Skorpekh hyperphase weapons||Melee|Melee|4|3|7|-2|2
2109|Skorpekh Lord|1|1||Enmitic annihilator|Rapid Fire 2|18|Ranged|2|2|6|-1|1
2109|Skorpekh Lord|2|1||Flensing claw||Melee|Melee|8|2|6|-1|1
2109|Skorpekh Lord|3|1||Hyperphase harvester||Melee|Melee|4|2|10|-3|3
2352|Technomancer|1|1||Staff of light||18|Ranged|3|4|5|-2|1
2352|Technomancer|2|2||Staff of light||Melee|Melee|2|4|5|-2|1
564|Tesseract Ark|1|1||Gauss cannon|Lethal Hits|24|Ranged|3|3|5|-2|2
564|Tesseract Ark|2|1||Particle beamer|Blast, Devastating Wounds|18|Ranged|D6|3|6|0|1
564|Tesseract Ark|3|1||Tesla cannon|Sustained Hits 2|24|Ranged|4|3|6|0|1
564|Tesseract Ark|4|1||Tesseract singularity chamber - particle|Ignores Cover, Torrent|12|Ranged|D6+3|-|6|-1|2
564|Tesseract Ark|5|2||Tesseract singularity chamber - seismic lash|Blast|36|Ranged|D3|3|9|-3|D6+1
564|Tesseract Ark|6|1||Armoured bulk||Melee|Melee|3|4|6|0|1
556|Tesseract Vault|1|1||Tesla sphere|Sustained Hits 2|24|Ranged|6|3|7|0|1
556|Tesseract Vault|2|1||Armoured bulk||Melee|Melee|6|4|8|0|1
2360|Szarekh|1|1||Annihilator beam||24|Ranged|1|2|14|-4|6
2360|Szarekh|2|1||Sceptre of Eternal Glory|Devastating Wounds|24|Ranged|2|2|10|-3|3
2360|Szarekh|3|1||Staff of Stars|Indirect Fire|24|Ranged|12|2|6|-1|1
2360|Szarekh|4|1||Armoured bulk||Melee|Melee|1|4|4|0|1
2360|Szarekh|5|1||Weapons of the Final Triarch|Lethal Hits|Melee|Melee|12|2|8|-3|2
548|Tomb Blade|1|1||Particle beamer|Blast, Devastating Wounds|18|Ranged|D6|3|5|0|1
548|Tomb Blade|2|1||Twin gauss blaster|Lethal Hits, Twin-linked|24|Ranged|2|3|5|-1|1
548|Tomb Blade|3|1||Twin tesla carbine|Assault, Sustained Hits 2, Twin-linked|24|Ranged|2|3|5|0|1
548|Tomb Blade|4|1||Close combat weapon||Melee|Melee|1|4|4|0|1
2362|Tomb Citadel Walls|1|1||Gauss exterminator|Lethal Hits|48|Ranged|1|4|14|-3|6
2362|Tomb Citadel Walls|2|1||Twin tesla destructor|Sustained Hits 2, Twin-linked|36|Ranged|6|3|8|0|2
555|Transcendent C'tan|1|1||Seismic assault|Assault, Sustained Hits 1|12|Ranged|6|2|8|-2|2
555|Transcendent C'tan|2|1||Crackling tendrils|Sustained Hits 1|Melee|Melee|8|2|10|-3|D6
532|Trazyn the Infinite|1|1||Empathic Obliterator|Sustained Hits D3|Melee|Melee|4|2|7|0|D3
540|Triarch Stalker|1|1||Heat ray - dispersed|Ignores Cover, Torrent|12|Ranged|2D6|-|5|-1|1
540|Triarch Stalker|2|2||Heat ray - focused|Melta 4|18|Ranged|2|3|9|-4|D6
540|Triarch Stalker|3|1||Heavy gauss cannon array|Lethal Hits|24|Ranged|6|3|8|-2|2
540|Triarch Stalker|4|1||Particle shredder|Blast, Devastating Wounds|18|Ranged|D6+6|2|7|0|1
540|Triarch Stalker|5|1||Stalker's forelimbs||Melee|Melee|4|3|7|-1|3
528|Vargard Obyron|1|1||Warscythe|Devastating Wounds, Precision|Melee|Melee|4|2|8|-3|2
4227|Bannernob|1|1||Shoota|LETHAL HITS: non-MONSTER/VEHICLE, RAPID FIRE 1|18|Ranged|2|5|4|0|1
4227|Bannernob|2|1||Kustom Choppa||Melee|Melee|4|3|5|-2|2
39|Battlewagon|1|1||Big Shoota|LETHAL HITS: non-MONSTER/VEHICLE, RAPID FIRE 2|36|Ranged|3|5|5|0|1
39|Battlewagon|2|1||Crushin' Bulk|CLEAVE 1|Melee|Melee|6|3|8|-2|2
39|Battlewagon|3|1||Grabbin' Klaw|EXTRA ATTACKS|Melee|Melee|2|3|10|-2|2
39|Battlewagon|4|1||Wreckin' Ball|CLEAVE 2, EXTRA ATTACKS|Melee|Melee|1|3|10|0|D6
2494|Beast Snagga Boy|1|1||Slugga|CLOSE-QUARTERS, LETHAL HITS: non-MONSTER/VEHICLE|12|Ranged|1|5|4|0|1
2494|Beast Snagga Boy|2|1||Thump Gun|ANTI-MONSTER/VEHICLE 4+|18|Ranged|3|5|6|0|2
2494|Beast Snagga Boy|3|1||Choppa - Hunter (Hunter: MONSTER/VEHICLE)||Melee|Melee|3|3|6|-2|1
2494|Beast Snagga Boy|4|2||Choppa - Standard||Melee|Melee|3|3|5|-1|1
2494|Beast Snagga Boy|5|1||Power Snappa|ANTI-MONSTER/VEHICLE 4+|Melee|Melee|3|3|8|-2|2
2489|Beastboss|1|1||Shoota|LETHAL HITS: non-MONSTER/VEHICLE, RAPID FIRE 1|18|Ranged|2|4|4|0|1
2489|Beastboss|2|1||Beast Snagga Klaw and Beastchoppa|SUSTAINED HITS 2: MONSTER/VEHICLE|Melee|Melee|6|2|12|-2|2
2490|Beastboss on Squigosaur|1|1||Slugga|CLOSE-QUARTERS, LETHAL HITS: non-MONSTER/VEHICLE|12|Ranged|1|5|4|0|1
2490|Beastboss on Squigosaur|2|1||Thump Gun|ANTI-MONSTER/VEHICLE 4+|18|Ranged|3|5|6|0|2
2490|Beastboss on Squigosaur|3|1||Beastchoppa - Hunter (Hunter: MONSTER/VEHICLE)||Melee|Melee|6|2|12|-2|D6
2490|Beastboss on Squigosaur|4|2||Beastchoppa - Standard|CLEAVE 1|Melee|Melee|6|2|6|-2|2
2490|Beastboss on Squigosaur|5|1||Squigosaur’s jaws|ANTI-MONSTER/VEHICLE 3+, EXTRA ATTACKS|Melee|Melee|3|3|7|-2|3
3707|Big Mek|1|1||Kustom mega-blasta|HAZARDOUS|24|Ranged|3|4|9|-2|3
3707|Big Mek|2|1||Traktor Blasta|ANTI-FLY 2+|24|Ranged|3|4|6|-2|D3+3
3707|Big Mek|3|1||Drilla||Melee|Melee|3|3|12|-3|3
3707|Big Mek|4|1||Power Klaw||Melee|Melee|5|3|10|-2|2
4229|Big Mek Dakkarig|1|1||Blitzkannon|IGNORES COVER, LETHAL HITS: non-MONSTER/VEHICLE|24|Ranged|8|4|7|-2|2
4229|Big Mek Dakkarig|2|1||Multi-busta Launcha|IGNORES COVER, LETHAL HITS|24|Ranged|6|5|10|-2|3
4229|Big Mek Dakkarig|3|1||Stompy Feet||Melee|Melee|4|3|6|-1|1
6|Big Mek in Mega Armour|1|1||Kombi-weapon - Kill Shot||24|Ranged|1|4|10|-2|3
6|Big Mek in Mega Armour|2|2||Kombi-weapon - Point Blank|BLAST 1, TORRENT|12|Ranged|3|-|5|0|1
6|Big Mek in Mega Armour|3|3||Kombi-weapon - Shoota|LETHAL HITS: non-MONSTER/VEHICLE, RAPID FIRE 1|18|Ranged|2|4|4|0|1
6|Big Mek in Mega Armour|4|1||Kustom Mega-blasta|HAZARDOUS|24|Ranged|3|4|9|-2|3
6|Big Mek in Mega Armour|5|1||Kustom Shoota - Aimed|LETHAL HITS: non-MONSTER/VEHICLE, RAPID FIRE 2|18|Ranged|4|4|4|0|1
6|Big Mek in Mega Armour|6|2||Kustom Shoota - Point Blank|CLOSE-QUARTERS, TORRENT|6|Ranged|D3+3|-|4|0|1
6|Big Mek in Mega Armour|7|1||Tellyport Blasta|BLAST 1|12|Ranged|6|4|9|-2|3
6|Big Mek in Mega Armour|8|1||Killsaw||Melee|Melee|3|4|10|-2|3
6|Big Mek in Mega Armour|9|1||Power Klaw||Melee|Melee|3|3|10|-2|2
1536|Big Mek with Shokk Attack Gun|1|1||Shokk Attack Gun|BLAST 1, HEAVY|60|Ranged|D3+3|5|12|-4|D6+1
1536|Big Mek with Shokk Attack Gun|2|1||Big Mek's Toolz||Melee|Melee|4|3|5|0|1
54|Big Trakk|1|1||Big Shoota|LETHAL HITS: non-MONSTER/VEHICLE, RAPID FIRE 2|36|Ranged|3|5|5|0|1
54|Big Trakk|2|1||Kannon - Frag|BLAST 1|36|Ranged|3|5|5|0|1
54|Big Trakk|3|2||Kannon - Shell||36|Ranged|1|5|9|-2|D3+3
54|Big Trakk|4|1||Supa-kannon - Frag|BLAST 2|36|Ranged|D6+3|5|5|0|1
54|Big Trakk|5|2||Supa-kannon - Shell||36|Ranged|1|5|12|-3|D6+3
54|Big Trakk|6|1||Armoured hull||Melee|Melee|3|4|6|0|1
2499|Big'ed Bossbunka|1|1||Big Shoota|LETHAL HITS: non-MONSTER/VEHICLE, RAPID FIRE 2|36|Ranged|3|5|5|0|1
2499|Big'ed Bossbunka|2|1||Gaze of Gork - Glare|BLAST 1|24|Ranged|3|5|5|0|1
2499|Big'ed Bossbunka|3|2||Gaze of Gork - Squint||18|Ranged|1|5|12|-3|3
4228|Bigboss|1|1||Slugga|CLOSE-QUARTERS, LETHAL HITS: non-MONSTER/VEHICLE|12|Ranged|1|5|4|0|1
4228|Bigboss|2|1||Big Choppa|PRECISION|Melee|Melee|5|3|7|-2|2
31|Blitza-bommer|1|1||Big Shoota|LETHAL HITS: non-MONSTER/VEHICLE, RAPID FIRE 2|36|Ranged|3|5|5|0|1
31|Blitza-bommer|2|1||Dual Supa-shoota|LETHAL HITS: non-MONSTER/VEHICLE, RAPID FIRE 4|36|Ranged|8|5|6|-1|1
31|Blitza-bommer|3|1||Armoured Impact||Melee|Melee|3|4|6|0|1
11|Boss Snikrot|1|1||Slugga|CLOSE-QUARTERS, LETHAL HITS: non-MONSTER/VEHICLE, PRECISION|12|Ranged|1|5|4|0|1
11|Boss Snikrot|2|1||Mork’s Teef|ANTI-INFANTRY 2+, PRECISION|Melee|Melee|6|2|6|-2|2
10|Boss Zagstruk|1|1||Slugga|CLOSE-QUARTERS, LETHAL HITS: non-MONSTER/VEHICLE|12|Ranged|1|5|4|0|1
10|Boss Zagstruk|2|1||Da Vulcha’s Klaws and Choppa||Melee|Melee|6|2|8|-2|2
16|Boy|1|1||Big Shoota|LETHAL HITS: non-MONSTER/VEHICLE, RAPID FIRE 2|36|Ranged|3|5|4|0|1
16|Boy|2|1||Burna|BLAST 1, TORRENT|12|Ranged|3|-|4|0|1
16|Boy|3|1||Kombi-rokkit - Busta Rokkit||24|Ranged|1|5|10|-2|3
16|Boy|4|2||Kombi-rokkit - Shoota|LETHAL HITS: non-MONSTER/VEHICLE, RAPID FIRE 1|18|Ranged|2|5|4|0|1
16|Boy|5|1||Kombi-skorcha - Shoota|LETHAL HITS: non-MONSTER/VEHICLE, RAPID FIRE 1|18|Ranged|2|5|4|0|1
16|Boy|6|2||Kombi-skorcha - Skorcha|BLAST 1, TORRENT|12|Ranged|3|-|5|0|1
16|Boy|7|1||Kustom Shoota|LETHAL HITS: non-MONSTER/VEHICLE, RAPID FIRE 2|18|Ranged|4|5|4|0|1
16|Boy|8|1||Rokkit Launcha - Blasta|BLAST 2|24|Ranged|2|5|4|0|1
16|Boy|9|2||Rokkit Launcha - Busta||24|Ranged|2|5|10|-2|3
16|Boy|10|1||Shoota|LETHAL HITS: non-MONSTER/VEHICLE, RAPID FIRE 1|18|Ranged|2|5|4|0|1
16|Boy|11|1||Slugga|CLOSE-QUARTERS, LETHAL HITS: non-MONSTER/VEHICLE|12|Ranged|1|5|4|0|1
16|Boy|12|1||Big Choppa|CLEAVE 2|Melee|Melee|4|3|7|-1|2
16|Boy|13|1||Choppa||Melee|Melee|3|3|5|-1|1
16|Boy|14|1||Kustom Choppa||Melee|Melee|4|3|5|-2|2
16|Boy|15|1||Power Klaw||Melee|Melee|3|3|10|-2|2
3861|Breaka Boy|1|1||Rokkit pistol|CLOSE-QUARTERS|12|Ranged|1|5|10|-2|3
3861|Breaka Boy|2|1||Choppa||Melee|Melee|4|3|5|-1|1
3861|Breaka Boy|3|1||Knucklebustas|ANTI-MONSTER/VEHICLE 4+|Melee|Melee|4|3|5|-2|2
3861|Breaka Boy|4|1||Smash Hammer - Hunter (Hunter: MONSTER/VEHICLE)||Melee|Melee|3|3|12|-2|3
3861|Breaka Boy|5|2||Smash Hammer - Standard||Melee|Melee|3|3|7|-2|2
3861|Breaka Boy|6|1||Tankhammer|DEVASTATING WOUNDS, HAZARDOUS|Melee|Melee|3|4|12|-2|3
19|Burna Boyz|1|1||Big Shoota|LETHAL HITS: non-MONSTER/VEHICLE, RAPID FIRE 2|36|Ranged|3|5|5|0|1
19|Burna Boyz|2|1||Burna|BLAST 1, TORRENT|12|Ranged|3|-|4|0|1
19|Burna Boyz|3|1||Kustom mega-blasta|HAZARDOUS|24|Ranged|3|5|9|-2|D6
19|Burna Boyz|4|1||Rokkit Launcha - Blasta|BLAST 2|24|Ranged|2|5|4|0|1
19|Burna Boyz|5|2||Rokkit Launcha - Busta||24|Ranged|2|5|10|-2|3
19|Burna Boyz|6|1||Cuttin’ Flames||Melee|Melee|2|4|4|-2|1
19|Burna Boyz|7|1||Gun Stock and Fists||Melee|Melee|2|3|5|0|1
30|Burna-bommer|1|1||Dual Big Shoota|LETHAL HITS: non-MONSTER/VEHICLE, RAPID FIRE 4|36|Ranged|6|5|5|0|1
30|Burna-bommer|2|1||Dual Supa-shoota|LETHAL HITS: non-MONSTER/VEHICLE, RAPID FIRE 4, SUSTAINED HITS 1|36|Ranged|8|5|6|-1|1
30|Burna-bommer|3|1||Skorcha Missile Rack|BLAST 2, IGNORES COVER|36|Ranged|6|5|5|0|1
30|Burna-bommer|4|1||Armoured Impact||Melee|Melee|3|4|6|0|1
268898|Da Red Gobbo|1|1||Kustom grot blasta|Pistol|12|Ranged|D3|3|5|-1|2
268898|Da Red Gobbo|2|1||Close combat weapon||Melee|Melee|3|3|3|0|1
173330|Da Red Gobbo's Tinboy|1|1||Tinboy's kustom shoota||18|Ranged|D3|3|5|-1|2
173330|Da Red Gobbo's Tinboy|2|1||Tinboy's klaw||Melee|Melee|3|3|6|-1|2
29|Dakkajet|1|1||Dual Supa-shoota|LETHAL HITS: non-MONSTER/VEHICLE, RAPID FIRE 4|36|Ranged|8|5|6|-1|1
29|Dakkajet|2|1||Armoured Impact||Melee|Melee|3|4|6|0|1
40|Deff Dread|1|1||Big Shoota|LETHAL HITS: non-MONSTER/VEHICLE, RAPID FIRE 2|36|Ranged|3|5|5|0|1
40|Deff Dread|2|1||Kustom Mega-blasta|HAZARDOUS|24|Ranged|3|5|9|-2|3
40|Deff Dread|3|1||Rokkit Launcha - Blasta|BLAST 2|24|Ranged|2|5|4|0|1
40|Deff Dread|4|2||Rokkit Launcha - Busta||24|Ranged|2|5|10|-2|3
40|Deff Dread|5|1||Skorcha|BLAST 1, TORRENT|12|Ranged|3|-|5|0|1
40|Deff Dread|6|1||Dread Klaws|CLEAVE 1|Melee|Melee|5|3|12|-2|3
40|Deff Dread|7|1||Extra Klaw|EXTRA ATTACKS|Melee|Melee|1|3|12|-2|3
1537|Deffkilla Wartrike|1|1||Boomstikks|ASSAULT, LETHAL HITS: non-MONSTER/VEHICLE|12|Ranged|6|5|5|0|1
1537|Deffkilla Wartrike|2|1||Snagga Klaw|ASSAULT, PRECISION|12|Ranged|1|5|7|-2|2
1537|Deffkilla Wartrike|3|1||Killa Jet - Burna|CLEAVE 1, EXTRA ATTACKS|Melee|Melee|3|3|5|-1|1
1537|Deffkilla Wartrike|4|2||Killa Jet - Cutta|EXTRA ATTACKS|Melee|Melee|1|3|10|-3|D6+2
1537|Deffkilla Wartrike|5|2||Snagga Klaw|CLEAVE 2|Melee|Melee|5|2|7|-2|2
28|Deffkoptas|1|1||Kustom Mega-blasta|HAZARDOUS, LETHAL HITS|24|Ranged|3|5|9|-2|3
28|Deffkoptas|2|1||Rokkit Launcha - Blasta|BLAST 2|24|Ranged|2|5|4|0|1
28|Deffkoptas|3|1||Rokkit Launcha- Busta|LETHAL HITS|24|Ranged|2|5|10|-2|3
28|Deffkoptas|4|1||Slugga|CLOSE-QUARTERS, LETHAL HITS: non-MONSTER/VEHICLE|12|Ranged|1|5|4|0|1
28|Deffkoptas|5|1||Choppa||Melee|Melee|3|4|5|-1|1
28|Deffkoptas|6|1||Spinnin’ Blades|CLEAVE 1, HAZARDOUS|Melee|Melee|4|3|5|-1|1
695410|Flash Gitz|1|1||Snazzgun - Cutta|HAZARDOUS, MELTA 2|12|Ranged|1|4|9|-3|D3+2
695410|Flash Gitz|2|2||Snazzgun - Dakka|LETHAL HITS: non-MONSTER/VEHICLE, SUSTAINED HITS 1|24|Ranged|3|4|6|-1|2
695410|Flash Gitz|3|3||Snazzgun - Kill Shot|HAZARDOUS|36|Ranged|2|4|8|-2|2
695410|Flash Gitz|4|1||Choppa||Melee|Melee|4|3|5|-1|1
59|Gargantuan Squiggoth|1|1||Kannon - frag|Blast 1, Rapid Fire 6|36|Ranged|6|5|5|0|1
59|Gargantuan Squiggoth|2|2||Kannon - shell|Rapid Fire 2|36|Ranged|2|5|10|-2|D6+1
59|Gargantuan Squiggoth|3|1||Supa-kannon|Blast 1|60|Ranged|8|5|12|-2|3
59|Gargantuan Squiggoth|4|1||Huge tusks|Cleave 2|Melee|Melee|6|3|14|-3|12
8|Ghazghkull Thraka|1|1||Mork’s Roar - Aimed|LETHAL HITS: non-MONSTER/VEHICLE, RAPID FIRE 4|36|Ranged|12|5|6|-1|1
8|Ghazghkull Thraka|2|2||Mork’s Roar - Point Blank|CLOSE-QUARTERS, TORRENT|9|Ranged|2D6+2|-|6|-1|1
8|Ghazghkull Thraka|3|1||Adamantine 'Eadbutt|DEVASTATING WOUNDS, EXTRA ATTACKS, PRECISION|Melee|Melee|1|2|14|-2|D3+3
8|Ghazghkull Thraka|4|1||Gork’s Klaw|CLEAVE 2, DEVASTATING WOUNDS|Melee|Melee|7|2|14|-3|4
43|Gorkanaut|1|1||Deffstorm Mega-shoota - Aimed|LETHAL HITS: non-MONSTER/VEHICLE|36|Ranged|20|5|6|-1|1
43|Gorkanaut|2|2||Deffstorm Mega-shoota - Point Blank|TORRENT|12|Ranged|3D6|-|6|-1|1
43|Gorkanaut|3|1||Dual Big Shoota|LETHAL HITS: non-MONSTER/VEHICLE, RAPID FIRE 4|36|Ranged|6|5|5|0|1
43|Gorkanaut|4|1||Rokkit Launcha - Blasta|BLAST 2|24|Ranged|2|5|4|0|1
43|Gorkanaut|5|2||Rokkit Launcha - Busta||24|Ranged|2|5|10|-2|3
43|Gorkanaut|6|1||Skorcha|BLAST 1, TORRENT|12|Ranged|3|-|5|0|1
43|Gorkanaut|7|1||Klaw of Gork|CLEAVE 3|Melee|Melee|6|3|18|-3|6
17|Gretchin|1|1||Grot Blasta|CLOSE-QUARTERS|12|Ranged|1|4|3|0|1
17|Gretchin|2|1||Scavenged Shivs||Melee|Melee|1|5|2|0|1
50|Grot Mega-Tank|1|1||Dual Big Shoota|LETHAL HITS: non-|36|Ranged|6|4|5|0|1
50|Grot Mega-Tank|2|1||Dual Grotzooka|BLAST 1, IGNORES COVER, TWIN-LINKED|18|Ranged|D3+3|4|6|-1|1
50|Grot Mega-Tank|3|1||Dual Kustom Mega-blasta|HAZARDOUS, TWIN-LINKED|24|Ranged|3|4|9|-2|3
50|Grot Mega-Tank|4|1||Dual Rokkit Launcha - Blasta|BLAST 2, TWIN-LINKED|24|Ranged|2|5|4|0|1
50|Grot Mega-Tank|5|2||Dual Rokkit Launcha - Busta|TWIN-LINKED|24|Ranged|2|5|10|-2|3
50|Grot Mega-Tank|6|1||Dual Skorcha|BLAST 1, TORRENT, TWIN-LINKED|12|Ranged|3|-|5|0|1
50|Grot Mega-Tank|7|1||Mega-tank Weapons|RAPID FIRE 10|18|Ranged|10|4|5|0|1
50|Grot Mega-Tank|8|1||Armoured Hull||Melee|Melee|6|4|4|0|1
49|Grot Tanks|1|1||Grot Tank Shoota|DEVASTATING WOUNDS, RAPID FIRE 2|36|Ranged|3|4|5|0|1
49|Grot Tanks|2|1||Grotzooka|BLAST 1, IGNORES COVER|18|Ranged|D3+3|4|6|-1|1
49|Grot Tanks|3|1||Kustom Mega-blasta|HAZARDOUS|24|Ranged|3|4|9|-2|3
49|Grot Tanks|4|1||Rokkit Launcha - Blasta|BLAST 2|24|Ranged|2|4|4|0|1
49|Grot Tanks|5|2||Rokkit Launcha - Busta||24|Ranged|2|4|10|-2|3
49|Grot Tanks|6|1||Skorcha|BLAST 1, TORRENT|12|Ranged|3|-|5|0|1
49|Grot Tanks|7|1||Ramshackle Hull||Melee|Melee|3|5|6|0|1
317549|Grotmas Gitz [Legends]|1|1||Bludgeoning bag of gifts||Melee|Melee|3|3|3|0|1
317549|Grotmas Gitz [Legends]|2|1||Massive gift-filled gob|Extra Attacks|Melee|Melee|3|4|4|-2|2
4241|Gunwagon|1|1||Big Shoota|LETHAL HITS: non-MONSTER/VEHICLE, RAPID FIRE 2|36|Ranged|3|5|5|0|1
4241|Gunwagon|2|1||Kannon - Frag|BLAST 3, RAPID FIRE 4|36|Ranged|4|4|5|0|1
4241|Gunwagon|3|2||Kannon - Shell|RAPID FIRE 2|36|Ranged|2|4|10|-2|D6+1
4241|Gunwagon|4|1||Killkannon|ANTI-INFANTRY 3+, BLAST 1, RAPID FIRE 4|24|Ranged|4|4|6|-3|2
4241|Gunwagon|5|1||Lobba|BLAST 3, INDIRECT FIRE|48|Ranged|3|4|5|0|1
4241|Gunwagon|6|1||Zzap Gun|ANTI-MONSTER/VEHICLE 4+, DEVASTATING WOUNDS: MONSTER/VEHICLE, RAPID FIRE 2, SUSTAINED HITS 2|36|Ranged|2|4|8|-2|4
4241|Gunwagon|7|1||Crushin' Bulk|CLEAVE 2|Melee|Melee|6|3|8|-2|2
4241|Gunwagon|8|1||Grabbin' Klaw|EXTRA ATTACKS|Melee|Melee|2|3|10|-2|2
4241|Gunwagon|9|1||Wreckin' Ball|CLEAVE 2, EXTRA ATTACKS|Melee|Melee|1|3|10|0|D6
2498|Hunta Rig|1|1||’Eavy Lobba|BLAST 2, INDIRECT FIRE|48|Ranged|3|5|6|0|2
2498|Hunta Rig|2|1||Stikka Kannon|ANTI-MONSTER/VEHICLE 2+|12|Ranged|1|5|12|-2|3
2498|Hunta Rig|3|1||Butcha Boyz|ANTI-MONSTER/VEHICLE 4+|Melee|Melee|4|3|5|-1|1
2498|Hunta Rig|4|1||Savage Horns and Hooves|EXTRA ATTACKS, LANCE|Melee|Melee|4|4|8|-1|3
2498|Hunta Rig|5|1||Saw Blades|CLEAVE 1, EXTRA ATTACKS|Melee|Melee|6|3|10|-2|2
9|Kaptin Badrukk|1|1||Da Rippa - Standard|HEAVY, SUSTAINED HITS 1|24|Ranged|3|5|7|-2|2
9|Kaptin Badrukk|2|2||Da Rippa - Supercharge|HAZARDOUS, HEAVY, SUSTAINED HITS 1|24|Ranged|3|5|8|-3|3
9|Kaptin Badrukk|3|1||Slugga|CLOSE-QUARTERS, LETHAL HITS: non-MONSTER/VEHICLE|12|Ranged|1|5|4|0|1
9|Kaptin Badrukk|4|1||Choppa||Melee|Melee|3|3|5|-1|1
2497|Kill Rig|1|1||’Eavy Lobba|BLAST 2, INDIRECT FIRE|48|Ranged|3|5|6|0|2
2497|Kill Rig|2|1||Stikka Kannon|ANTI-MONSTER/VEHICLE 2+|12|Ranged|1|5|12|-2|3
2497|Kill Rig|3|1||Wurrtower|HAZARDOUS, PSYCHIC, TORRENT|24|Ranged|1|-|12|-3|6
2497|Kill Rig|4|1||Butcha Boyz|ANTI-MONSTER/VEHICLE 4+|Melee|Melee|4|3|5|-1|1
2497|Kill Rig|5|1||Savage Horns and Hooves|EXTRA ATTACKS, LANCE|Melee|Melee|4|4|8|-1|3
2497|Kill Rig|6|1||Saw Blades|CLEAVE 1, EXTRA ATTACKS|Melee|Melee|6|3|10|-2|2
56|Kill Tank|1|1||Big Shoota|LETHAL HITS: non-MONSTER/VEHICLE, RAPID FIRE 2|36|Ranged|3|5|5|0|1
56|Kill Tank|2|1||Kannon - Frag|BLAST 2|48|Ranged|2D6|5|6|-1|1
56|Kill Tank|3|2||Kannon - Shell|HEAVY|48|Ranged|2|5|12|-3|D3+3
56|Kill Tank|4|1||Lobba|BLAST 3, INDIRECT FIRE|48|Ranged|3|5|5|0|1
56|Kill Tank|5|1||Rokkit Launcha - Blasta|BLAST 2|24|Ranged|2|5|4|0|1
56|Kill Tank|6|2||Rokkit Launcha - Busta||24|Ranged|2|5|10|-2|3
56|Kill Tank|7|1||Skorcha|BLAST 1, TORRENT|12|Ranged|3|-|5|0|1
56|Kill Tank|8|1||Tank Kannon - Blasta|BLAST 2|48|Ranged|10|5|6|-1|1
56|Kill Tank|9|2||Tank Kannon - Tankhamma|HEAVY|48|Ranged|2|5|16|-3|D6+6
56|Kill Tank|10|1||Zzap Gun|ANTI-MONSTER/VEHICLE 4+, DEVASTATING WOUNDS: MONSTER/VEHICLE, RAPID FIRE 2, SUSTAINED HITS 2|36|Ranged|2|5|8|-2|4
56|Kill Tank|11|1||Crushin' Bulk|CLEAVE 2|Melee|Melee|6|3|8|-2|2
56|Kill Tank|12|1||Deff Rolla||Melee|Melee|6|3|10|-2|
41|Killa Kan|1|1||Kan Blasta - Dakka|BLAST 1, IGNORES COVER, SUSTAINED HITS 1|24|Ranged|4|4|6|-1|1
41|Killa Kan|2|2||Kan Blasta - Kill Shot||24|Ranged|2|4|10|-2|3
41|Killa Kan|3|3||Kan Blasta - Point Blank|BLAST 2, TORRENT|12|Ranged|3|-|5|-1|1
41|Killa Kan|4|1||Kan Klaw||Melee|Melee|3|4|8|-2|3
25|Kommando|1|1||Burna|BLAST 1, TORRENT|12|Ranged|3|-|4|0|1
25|Kommando|2|1||Kustom Shoota|LETHAL HITS: non-MONSTER/VEHICLE, RAPID FIRE 2|18|Ranged|4|5|4|0|1
25|Kommando|3|1||Rokkit Launcha - Blasta|BLAST 2|24|Ranged|2|5|4|0|1
25|Kommando|4|2||Rokkit Launcha - Busta||24|Ranged|2|5|10|-2|3
25|Kommando|5|1||Slugga|CLOSE-QUARTERS, LETHAL HITS: non-MONSTER/VEHICLE|12|Ranged|1|5|4|0|1
25|Kommando|6|1||Big Choppa|CLEAVE 2|Melee|Melee|4|3|7|-1|2
25|Kommando|7|1||Breacha Ram||Melee|Melee|2|4|8|-2|2
25|Kommando|8|1||Choppa||Melee|Melee|3|3|5|-1|1
25|Kommando|9|1||Power Klaw||Melee|Melee|3|3|10|-2|2
53|Lifta Wagon|1|1||Big Shoota|LETHAL HITS: non-MONSTER/VEHICLE, RAPID FIRE 2|36|Ranged|3|5|5|0|1
53|Lifta Wagon|2|1||Lifta-droppa|ANTI-VEHICLE 3+|36|Ranged|4|5|6|-3|D6+1
53|Lifta Wagon|3|1||Rokkit Launcha - Blasta|BLAST 2|24|Ranged|2|5|4|0|1
53|Lifta Wagon|4|2||Rokkit Launcha - Busta||24|Ranged|2|5|10|-2|3
53|Lifta Wagon|5|1||Crushin' Bulk|Cleave 1|Melee|Melee|6|3|8|-2|2
53|Lifta Wagon|6|1||Grabbin' Klaw|EXTRA ATTACKS|Melee|Melee|2|3|10|-2|2
53|Lifta Wagon|7|1||Wreckin' ball|CLEAVE 2, EXTRA ATTACKS|Melee|Melee|1|3|10|0|D6
44|Lootas|1|1||Big Shoota|LETHAL HITS: non-MONSTER/VEHICLE, RAPID FIRE 2|36|Ranged|3|5|5|0|1
44|Lootas|2|1||Deffgun|HEAVY, RAPID FIRE 1|48|Ranged|2|6|8|-1|2
44|Lootas|3|1||Kustom Mega-blasta|HAZARDOUS|24|Ranged|3|5|9|-2|3
44|Lootas|4|1||Rokkit Launcha - Blasta|BLAST 2|24|Ranged|2|5|4|0|1
44|Lootas|5|2||Rokkit Launcha - Busta||24|Ranged|2|5|10|-2|3
44|Lootas|6|1||Gun Stock and Fists||Melee|Melee|2|3|5|0|1
15|Mad Dok Grotsnik|1|1||Slugga|CLOSE-QUARTERS, LETHAL HITS: non-MONSTER/VEHICLE|12|Ranged|1|5|4|0|1
15|Mad Dok Grotsnik|2|1||’Urty syringe|ANTI-INFANTRY 4+, DEVASTATING WOUNDS: INFANTRY, EXTRA ATTACKS, PRECISION|Melee|Melee|1|3|2|0|D6
15|Mad Dok Grotsnik|3|1||Power Klaw||Melee|Melee|4|3|10|-2|2
24|Meganob|1|1||Kombi-weapon - Kill Shot||24|Ranged|1|5|10|-2|3
24|Meganob|2|2||Kombi-weapon - Point Blank|BLAST 1, TORRENT|12|Ranged|3|-|5|0|1
24|Meganob|3|3||Kombi-weapon - Shoota|LETHAL HITS: non-MONSTER/VEHICLE, RAPID FIRE 1|18|Ranged|2|5|4|0|1
24|Meganob|4|1||Kustom Shoota - Aimed|LETHAL HITS: non-MONSTER/VEHICLE, RAPID FIRE 2|18|Ranged|4|5|4|0|1
24|Meganob|5|2||Kustom Shoota - Point Blank|CLOSE-QUARTERS, TORRENT|6|Ranged|D3+3|-|4|0|1
24|Meganob|6|1||Killsaw||Melee|Melee|3|4|10|-2|3
24|Meganob|7|1||Power Klaw||Melee|Melee|3|3|10|-2|2
24|Meganob|8|1||Twin Killsaw|TWIN-LINKED|Melee|Melee|3|4|10|-2|3
12|Mek|1|1||Kustom Mega-slugga|CLOSE-QUARTERS, HAZARDOUS|12|Ranged|3|4|8|-2|3
12|Mek|2|1||Mek's Toolz||Melee|Melee|3|3|5|0|1
38|Mek Gun|1|1||Bubblechukka|BLAST 3, LETHAL HITS|48|Ranged|8|4|3|-3|1
38|Mek Gun|2|1||Kustom Mega-kannon|BLAST 1, HAZARDOUS|36|Ranged|D3+1|4|12|-2|4
38|Mek Gun|3|1||Smasha Gun|BLAST 1|48|Ranged|4|4|7|-3|3
38|Mek Gun|4|1||Traktor Kannon|ANTI-FLY 2+|48|Ranged|2|4|6|-2|D3+3
38|Mek Gun|5|1||Scavenged Shivs||Melee|Melee|5|5|2|0|1
42|Morkanaut|1|1||Dual Big Shoota|LETHAL HITS: non-MONSTER/VEHICLE, RAPID FIRE 4|36|Ranged|6|4|5|0|1
42|Morkanaut|2|1||Kustom Mega-blasta|HAZARDOUS|24|Ranged|3|4|9|-2|3
42|Morkanaut|3|1||Kustom Mega-zappa|BLAST 1, HAZARDOUS|36|Ranged|3|4|12|-2|4
42|Morkanaut|4|1||Rokkit Launcha - Blasta|BLAST 2|24|Ranged|2|4|5|0|1
42|Morkanaut|5|2||Rokkit Launcha - Busta||24|Ranged|2|4|10|-2|3
42|Morkanaut|6|1||Klaw of Mork|CLEAVE 2|Melee|Melee|5|3|18|-3|6
2493|Mozrog Skragbad|1|1||Thump Gun|ANTI-MONSTER/VEHICLE 4+|18|Ranged|3|5|6|0|2
2493|Mozrog Skragbad|2|1||Big Chompa’s Jaws|ANTI-MONSTER/VEHICLE 3+, EXTRA ATTACKS|Melee|Melee|3|3|7|-2|4
2493|Mozrog Skragbad|3|1||Gutrippa - Hunter (Hunter: MONSTER/VEHICLE)|LETHAL HITS|Melee|Melee|6|2|12|-2|D6+1
2493|Mozrog Skragbad|4|2||Gutrippa - Standard|CLEAVE 1|Melee|Melee|6|2|9|-2|2
4242|Nazdreg|1|1||Kustom Blasta X - Gatler|HAZARDOUS|24|Ranged|6|4|9|-2|3
4242|Nazdreg|2|2||Kustom Blasta X - Shoota|LETHAL HITS: non-MONSTER/VEHICLE, RAPID FIRE 2|18|Ranged|4|4|5|-1|1
4242|Nazdreg|3|3||Kustom Blasta X - Skorcha|BLAST 1, TORRENT|12|Ranged|3|-|5|-1|1
4242|Nazdreg|4|4||Kustom Blasta X|CLEAVE 1, EXTRA ATTACKS|Melee|Melee|6|2|5|-1|1
4242|Nazdreg|5|1||Moonchewa|CLEAVE 1, TWIN-LINKED|Melee|Melee|5|2|12|-2|3
688289|Nob|1|1||Big Skorcha|BLAST 2, TORRENT|18|Ranged|3|-|5|-1|1
688289|Nob|2|1||Kombi-rokkit - Busta Rokkit||24|Ranged|1|5|10|-2|3
688289|Nob|3|2||Kombi-rokkit - Shoota|LETHAL HITS: non-MONSTER/VEHICLE, RAPID FIRE 1|18|Ranged|2|5|4|0|1
688289|Nob|4|1||Kustom Big Shoota|LETHAL HITS: non-MONSTER/VEHICLE|18|Ranged|8|5|4|0|1
688289|Nob|5|1||Kustom Shoota|LETHAL HITS: non-MONSTER/VEHICLE, RAPID FIRE 2|18|Ranged|4|5|4|0|1
688289|Nob|6|1||Big Choppa|CLEAVE 2|Melee|Melee|4|3|7|-1|2
688289|Nob|7|1||Kustom Choppa||Melee|Melee|4|3|5|-2|2
688289|Nob|8|1||Kustom Krumpa||Melee|Melee|3|3|10|-2|2
2491|Painboss|1|1||Beast Snagga Klaw|ANTI-MONSTER/VEHICLE 4+|Melee|Melee|3|3|10|-2|2
13|Painboy|1|1||’Urty syringe|ANTI-INFANTRY 4+, DEVASTATING WOUNDS: INFANTRY, EXTRA ATTACKS|Melee|Melee|1|3|2|0|D6
13|Painboy|2|1||Dok's Toolz||Melee|Melee|3|3|10|-2|2
4243|Rukkatrukk Squigbuggy|1|1||Sawn-off Shotgun|ASSAULT, LETHAL HITS: non-MONSTER/VEHICLE|12|Ranged|2|5|4|0|1
4243|Rukkatrukk Squigbuggy|2|1||Squig Launchas|IGNORES COVER|24|Ranged|D6+6|4|5|-1|2
4243|Rukkatrukk Squigbuggy|3|1||Saw Blades|CLEAVE 1|Melee|Melee|4|3|7|-1|2
4239|Runtherd|1|1||Slugga|CLOSE-QUARTERS|12|Ranged|1|5|4|0|1
4239|Runtherd|2|1||Grot-smacka||Melee|Melee|3|3|5|0|1
396121|Runtherd|1|1||Slugga|CLOSE-QUARTERS, LETHAL HITS: non-MONSTER/VEHICLE|12|Ranged|1|5|4|0|1
396121|Runtherd|2|1||Runtherd's Toolz||Melee|Melee|3|3|5|0|1
2496|Nob on Smasha Squig|1|1||Saddlegit's Shiv|ASSAULT|9|Ranged|1|4|3|0|1
2496|Nob on Smasha Squig|2|1||Slugga|CLOSE-QUARTERS, LETHAL HITS: non-MONSTER/VEHICLE|12|Ranged|1|5|4|0|1
2496|Nob on Smasha Squig|3|1||Stikka (ranged)|ANTI-MONSTER/VEHICLE 4+, ASSAULT|9|Ranged|1|5|5|-1|2
2496|Nob on Smasha Squig|4|1||Big Choppa|ANTI-MONSTER/VEHICLE 4+, CLEAVE 2+|Melee|Melee|4|3|7|-1|2
2496|Nob on Smasha Squig|5|1||Squig Jaws|EXTRA ATTACKS|Melee|Melee|3|4|6|-1|2
2496|Nob on Smasha Squig|6|1||Stikka (melee)|ANTI-MONSTER/VEHICLE 4+|Melee|Melee|3|3|5|-1|2
46|Stompa|1|1||Big Shoota|LETHAL HITS: non-MONSTER/VEHICLE, RAPID FIRE 2|36|Ranged|3|5|5|0|1
46|Stompa|2|1||Deffkannon and Supa-rokkits|BLAST 2|72|Ranged|12|5|14|-3|D6+2
46|Stompa|3|1||Skorcha|BLAST 2, TORRENT|12|Ranged|3|-|5|-1|1
46|Stompa|4|1||Supa-gatler - Aimed|LETHAL HITS: non-MONSTER/VEHICLE, SUSTAINED HITS 1|24|Ranged|30|5|7|-2|2
46|Stompa|5|2||Supa-gatler - Point Blank|TORRENT|12|Ranged|3D6+3|-|7|-2|2
46|Stompa|6|1||Twin big shoota|Rapid Fire 2, Twin-linked|36|Ranged|3|5|5|0|1
46|Stompa|7|1||Mega-choppa|CLEAVE 4|Melee|Melee|6|3|24|-4|10
27|Stormboy|1|1||Slugga|CLOSE-QUARTERS, LETHAL HITS: non-MONSTER/VEHICLE|12|Ranged|1|5|4|0|1
27|Stormboy|2|2||Slugga|CLOSE-QUARTERS|12|Ranged|1|5|4|0|1
27|Stormboy|3|1||Choppa||Melee|Melee|3|3|5|-1|1
27|Stormboy|4|1||Kustom Choppa||Melee|Melee|4|3|5|-2|2
27|Stormboy|5|1||Power Klaw||Melee|Melee|3|3|10|-2|2
20|Nob|1|1||Busta Rokkit Launcha - Hunter (Hunter: MONSTER/VEHICLE)||24|Ranged|3|4|12|-2|3
20|Nob|2|2||Busta Rokkit Launcha - Standard||24|Ranged|2|4|10|-2|3
20|Nob|3|1||Rokkit pistol|CLOSE-QUARTERS|12|Ranged|1|4|10|-2|3
20|Nob|4|1||Choppa||Melee|Melee|4|3|5|-1|1
20|Nob|5|1||Gitstikka||Melee|Melee|3|3|5|0|1
20|Nob|6|1||Smash Hammer - Hunter (Hunter: MONSTER/VEHICLE)||Melee|Melee|3|3|12|-2|3
20|Nob|7|2||Smash Hammer - Standard||Melee|Melee|3|3|7|-2|2
26|Trukk|1|1||Dual Big Shoota|LETHAL HITS: non-MONSTER/VEHICLE, RAPID FIRE 4|36|Ranged|6|5|5|0|1
26|Trukk|2|1||Rokkit Launcha - Blasta|BLAST 2|24|Ranged|2|5|4|0|1
26|Trukk|3|2||Rokkit Launcha - Busta||24|Ranged|2|5|10|-2|3
26|Trukk|4|1||Buzzsaw|CLEAVE 1, EXTRA ATTACKS|Melee|Melee|2|3|6|-1|2
26|Trukk|5|1||Grabbin' Klaw|EXTRA ATTACKS|Melee|Melee|2|3|10|-2|2
26|Trukk|6|1||Spiked Ram|CLEAVE 1|Melee|Melee|3|3|6|0|1
33|Warbiker|1|1||Dual Dakkagun|ASSAULT, LETHAL HITS: non-MONSTER/VEHICLE|18|Ranged|6|5|5|0|1
33|Warbiker|2|1||Dual Kombi-rokkit - Busta Rokkit|ASSAULT|24|Ranged|2|5|10|-2|3
33|Warbiker|3|2||Dual Kombi-rokkit - Dakkagun|ASSAULT, LETHAL HITS: non-MONSTER/VEHICLE|18|Ranged|6|5|5|0|1
33|Warbiker|4|1||Choppa||Melee|Melee|3|3|5|-1|1
33|Warbiker|5|1||Kustom Choppa||Melee|Melee|4|3|5|-2|2
1|Warboss|1|1||Kombi-rokkit - Busta Rokkit||24|Ranged|1|5|10|-2|3
1|Warboss|2|2||Kombi-rokkit - Shoota|LETHAL HITS: non-MONSTER/VEHICLE, RAPID FIRE 1|18|Ranged|2|5|4|0|1
1|Warboss|3|1||Kombi-skorcha - Shoota|LETHAL HITS: non-MONSTER/VEHICLE, RAPID FIRE 1|18|Ranged|2|5|4|0|1
1|Warboss|4|2||Kombi-skorcha - Skorcha|BLAST 1, TORRENT|12|Ranged|3|-|5|0|1
1|Warboss|5|1||Kustom Shoota|LETHAL HITS: non-MONSTER/VEHICLE, RAPID FIRE 2|18|Ranged|4|5|4|0|1
1|Warboss|6|1||Kustom Choppa|CLEAVE 2|Melee|Melee|6|2|7|-2|2
1|Warboss|7|1||Power Klaw||Melee|Melee|6|2|12|-2|2
2|Warboss in Mega Armour|1|1||Big Shoota|LETHAL HITS: non-MONSTER/VEHICLE, RAPID FIRE 2|36|Ranged|3|4|5|0|1
2|Warboss in Mega Armour|2|1||’Uge Choppa|CLEAVE 2|Melee|Melee|5|2|12|-2|3
3|Warboss on Warbike|1|1||Dual Dakkagun|ASSAULT, LETHAL HITS: non-MONSTER/VEHICLE|18|Ranged|6|5|5|0|1
3|Warboss on Warbike|2|1||Big Choppa|CLEAVE 2|Melee|Melee|6|2|9|-1|2
3|Warboss on Warbike|3|1||Killsaw||Melee|Melee|6|3|12|-2|3
3|Warboss on Warbike|4|1||Power Klaw||Melee|Melee|6|2|12|-2|2
36|Warbuggies|1|1||Extra Dakka|ASSAULT, LETHAL HITS: non-MONSTER/VEHICLE, SUSTAINED HITS 1|12|Ranged|4|5|5|-1|1
36|Warbuggies|2|1||Mek Speshul - Aimed|ASSAULT, LETHAL HITS: non-MONSTER/VEHICLE, SUSTAINED HITS 1|24|Ranged|14|4|5|-1|1
36|Warbuggies|3|2||Mek Speshul - Point Blank|ASSAULT, TORRENT|6|Ranged|2D6+2|-|5|-1|1
36|Warbuggies|4|1||Rivet Kannon - Aimed|ANTI-INFANTRY 4+, ASSAULT, DEVASTATING WOUNDS: INFANTRY|24|Ranged|6|4|7|-2|2
36|Warbuggies|5|2||Rivet Kannon - Point Blank|ANTI-INFANTRY 4+, ASSAULT, DEVASTATING WOUNDS: INFANTRY, TORRENT|6|Ranged|D3+1|-|7|-2|2
36|Warbuggies|6|1||Spiked Ram|CLEAVE 1|Melee|Melee|4|3|7|-1|2
4240|Wartrakks|1|1||Kustom Shoota|LETHAL HITS: non-MONSTER/VEHICLE, RAPID FIRE 2|18|Ranged|4|5|4|0|1
4240|Wartrakks|2|1||Multi-busta Launcha||24|Ranged|D3+3|5|10|-2|3
4240|Wartrakks|3|1||Kustom Choppa||Melee|Melee|4|3|5|-2|2
32|Wazbom Blastajet|1|1||Dual Supa-shoota|IGNORES COVER, LETHAL HITS: non-MONSTER/VEHICLE, RAPID FIRE 4|36|Ranged|8|4|6|-1|1
32|Wazbom Blastajet|2|1||Dual Tellyport Mega-blasta|BLAST 1, IGNORES COVER, RAPID FIRE 6|24|Ranged|6|4|9|-2|3
32|Wazbom Blastajet|3|1||Dual Wazbom Mega-kannon|HAZARDOUS, IGNORES COVER|36|Ranged|4|4|12|-2|4
32|Wazbom Blastajet|4|1||Smasha Gun|IGNORES COVER|48|Ranged|4|4|6|-3|3
32|Wazbom Blastajet|5|1||Armoured Impact||Melee|Melee|3|4|6|0|1
4221|Wazdakka Gutsmek|1|1||Grabba Dragga|ASSAULT, PRECISION|12|Ranged|1|2|10|-2|3
4221|Wazdakka Gutsmek|2|1||Psyko-gatler|ASSAULT, LETHAL HITS: non-MONSTER/VEHICLE, SUSTAINED HITS 1|24|Ranged|12|4|6|-2|2
4221|Wazdakka Gutsmek|3|1||Fixit's Wrench|EXTRA ATTACKS|Melee|Melee|1|4|3|0|1
4221|Wazdakka Gutsmek|4|2||Grabba Dragga|CLEAVE 2, LANCE|Melee|Melee|6|2|10|-2|3
4221|Wazdakka Gutsmek|5|1||Speeding Bulk and Flaming Exhaust|CLEAVE 1, EXTRA ATTACKS|Melee|Melee|3|2|5|-1|1
4|Weirdboy|1|1||Power Vomit|BLAST 1, HAZARDOUS, PSYCHIC, TORRENT|12|Ranged|3|-|5|-3|2
4|Weirdboy|2|1||Copper Staff|PSYCHIC|Melee|Melee|3|3|8|-1|2
2488|Zodgrod Wortsnagga|1|1||Squigstoppa|ANTI-MONSTER/VEHICLE 4+, CLOSE-QUARTERS, DEVASTATING WOUNDS: MONSTER/VEHICLE|12|Ranged|1|5|4|-1|1
2488|Zodgrod Wortsnagga|2|1||Da Grabzappa||Melee|Melee|5|2|7|-2|2
2100|Adrax Agatone|1|1||Drakkis|Ignores Cover, Pistol, Torrent|12|Ranged|D6+3|-|4|-1|1
2100|Adrax Agatone|2|1||Malleus Noctum||Melee|Melee|5|2|10|-2|3
4148|Aethon Shaan|1|1||Heavy Bolt Pistol|Pistol|18|Ranged|1|2|4|-1|1
4148|Aethon Shaan|2|1||Claws of Severax|Sustained Hits 2, Twin-linked|Melee|Melee|7|2|5|-2|2
2099|Aggressors|1|1||Auto Boltstorm Gauntlets|Twin-linked|18|Ranged|3|3|4|0|1
2099|Aggressors|2|1||Flamestorm Gauntlets|Ignores Cover, Torrent, Twin-linked|12|Ranged|D6+1|-|4|0|1
2099|Aggressors|3|1||Fragstorm grenade launcher|Blast|18|Ranged|D6|3|4|0|1
2099|Aggressors|4|1||Twin power fist|Twin-linked|Melee|Melee|3|3|8|-2|2
2775|Primaris Ancient|1|1||Bolt pistol|Close-Quarters|12|Ranged|1|3|4|0|1
2775|Primaris Ancient|2|1||Bolt Rifle|Assault, Heavy|24|Ranged|2|3|4|-1|1
2775|Primaris Ancient|3|1||Close combat weapon||Melee|Melee|5|2|4|0|1
2775|Primaris Ancient|4|1||Power weapon||Melee|Melee|5|2|5|-2|1
2677|Ancient in Terminator Armor|1|1||Storm bolter|Rapid Fire 2|24|Ranged|2|3|4|0|1
2677|Ancient in Terminator Armor|2|1||Chainfist|Anti Vehicle 3+|Melee|Melee|4|3|8|-2|2
2677|Ancient in Terminator Armor|3|1||Close combat weapon||Melee|Melee|5|2|4|0|1
2677|Ancient in Terminator Armor|4|1||Power fist||Melee|Melee|4|2|8|-2|2
2677|Ancient in Terminator Armor|5|1||Power weapon||Melee|Melee|5|2|5|-2|1
2677|Ancient in Terminator Armor|6|1||Thunder Hammer|Devastating Wounds|Melee|Melee|4|3|8|-2|2
2677|Ancient in Terminator Armor|7|1||Twin lightning claws|Twin-linked|Melee|Melee|6|2|5|-2|1
1182|Ancient on Bike [Legends]|1|1||Bolt pistol|Close-Quarters|12|Ranged|1|3|4|0|1
1182|Ancient on Bike [Legends]|2|1||Boltgun||24|Ranged|2|3|4|0|1
1182|Ancient on Bike [Legends]|3|1||Combi-weapon|Anti-Infantry 4+, Devastating Wounds, Rapid Fire 1|24|Ranged|1|4|4|0|1
1182|Ancient on Bike [Legends]|4|1||Grav-pistol|Anti-vehicle 2+, Pistol|12|Ranged|1|3|4|-1|2
1182|Ancient on Bike [Legends]|5|1||Plasma pistol - standard|Pistol|12|Ranged|1|3|7|-2|1
1182|Ancient on Bike [Legends]|6|2||Plasma pistol - supercharge|Hazardous, Pistol|12|Ranged|1|3|8|-3|2
1182|Ancient on Bike [Legends]|7|1||Storm bolter|Rapid Fire 2|24|Ranged|2|3|4|0|1
1182|Ancient on Bike [Legends]|8|1||Twin boltgun|Twin-linked|24|Ranged|2|3|4|0|1
1182|Ancient on Bike [Legends]|9|1||Astartes Chainsword||Melee|Melee|5|3|4|-1|1
1182|Ancient on Bike [Legends]|10|1||Power fist||Melee|Melee|3|3|8|-2|2
1182|Ancient on Bike [Legends]|11|1||Power weapon||Melee|Melee|4|3|5|-2|1
1182|Ancient on Bike [Legends]|12|1||Thunder Hammer|Devastating Wounds|Melee|Melee|2|4|8|-2|2
2773|Primaris Apothecary|1|1||Absolvor bolt pistol|Pistol|18|Ranged|1|3|5|-1|2
2773|Primaris Apothecary|2|1||Reductor Pistol|Pistol|3|Ranged|1|3|4|-4|2
2773|Primaris Apothecary|3|1||Close combat weapon||Melee|Melee|4|3|4|0|1
60|Apothecary Biologis|1|1||Absolvor bolt pistol|Pistol|18|Ranged|1|3|5|-1|2
60|Apothecary Biologis|2|1||Close combat weapon||Melee|Melee|4|3|4|0|1
63|Apothecary on Bike [Legends]|1|1||Bolt pistol|Close-Quarters|12|Ranged|1|3|4|0|1
63|Apothecary on Bike [Legends]|2|1||Twin boltgun|Twin-linked|24|Ranged|2|3|4|0|1
63|Apothecary on Bike [Legends]|3|1||Astartes Chainsword||Melee|Melee|5|3|4|-1|1
317|Arjac Rockfist|1|1||Foehammer|Anti-Monster 3+, Anti-Vehicle 3+, Assault|6|Ranged|1|2|8|-2|3
317|Arjac Rockfist|2|2||Foehammer|Anti-Monster 3+, Anti-Vehicle 3+, Precision|Melee|Melee|5|2|8|-2|3
225|Asmodai|1|1||Heavy Bolt Pistol|Pistol|18|Ranged|1|3|4|-1|1
225|Asmodai|2|1||Crozius Arcanum and Power Weapon - strike||Melee|Melee|5|2|6|-2|2
225|Asmodai|3|2||Crozius Arcanum and Power Weapon - sweep||Melee|Melee|8|2|5|-2|1
1606|Assault Intercessor Sergeant|1|1||Hand flamer|Ignores Cover, Pistol, Torrent|12|Ranged|D6|-|3|0|1
1606|Assault Intercessor Sergeant|2|1||Heavy Bolt Pistol|Pistol|18|Ranged|1|3|4|-1|1
1606|Assault Intercessor Sergeant|3|1||Plasma pistol - standard|Pistol|12|Ranged|1|3|7|-2|1
1606|Assault Intercessor Sergeant|4|2||Plasma pistol - supercharge|Hazardous, Pistol|12|Ranged|1|3|8|-3|2
1606|Assault Intercessor Sergeant|5|1||Astartes Chainsword||Melee|Melee|4|3|4|-1|1
1606|Assault Intercessor Sergeant|6|1||Power fist||Melee|Melee|3|3|8|-2|2
1606|Assault Intercessor Sergeant|7|1||Power weapon||Melee|Melee|4|3|5|-2|1
1606|Assault Intercessor Sergeant|8|1||Thunder Hammer|Devastating Wounds|Melee|Melee|3|4|8|-2|2
2776|Assault Intercessor Sergeant with Jump Pack|1|1||Hand flamer|Ignores Cover, Pistol, Torrent|12|Ranged|D6|-|3|0|1
2776|Assault Intercessor Sergeant with Jump Pack|2|1||Heavy Bolt Pistol|Pistol|18|Ranged|1|3|4|-1|1
2776|Assault Intercessor Sergeant with Jump Pack|3|1||Plasma pistol - standard|Pistol|12|Ranged|1|3|7|-2|1
2776|Assault Intercessor Sergeant with Jump Pack|4|2||Plasma pistol - supercharge|Hazardous, Pistol|12|Ranged|1|3|8|-3|2
2776|Assault Intercessor Sergeant with Jump Pack|5|1||Astartes Chainsword||Melee|Melee|4|3|4|-1|1
2776|Assault Intercessor Sergeant with Jump Pack|6|1||Power fist||Melee|Melee|3|3|8|-2|2
2776|Assault Intercessor Sergeant with Jump Pack|7|1||Power weapon||Melee|Melee|4|3|5|-2|1
61|Assault Sergeant|1|1||Bolt pistol|Close-Quarters|12|Ranged|1|3|4|0|1
61|Assault Sergeant|2|1||Flamer|Ignores Cover, Torrent|12|Ranged|D6|-|4|0|1
61|Assault Sergeant|3|1||Grav-pistol|Anti-vehicle 2+, Pistol|12|Ranged|1|3|4|-1|2
61|Assault Sergeant|4|1||Hand flamer|Ignores Cover, Pistol, Torrent|12|Ranged|D6|-|3|0|1
61|Assault Sergeant|5|1||Inferno Pistol|Melta 2, Pistol|6|Ranged|1|3|8|-4|D3
61|Assault Sergeant|6|1||Meltagun|Melta 2|12|Ranged|1|3|9|-4|D6
61|Assault Sergeant|7|1||Plasma gun - standard|Rapid Fire 1|24|Ranged|1|3|7|-2|1
61|Assault Sergeant|8|2||Plasma gun - supercharge|Rapid Fire 1, Hazardous|24|Ranged|1|3|8|-3|2
61|Assault Sergeant|9|1||Plasma pistol - standard|Pistol|12|Ranged|1|3|7|-2|1
61|Assault Sergeant|10|2||Plasma pistol - supercharge|Hazardous, Pistol|12|Ranged|1|3|8|-3|2
61|Assault Sergeant|11|1||Astartes Chainsword||Melee|Melee|4|3|4|-1|1
61|Assault Sergeant|12|1||Eviscerator|Sustained Hits 1|Melee|Melee|3|4|7|-2|2
61|Assault Sergeant|13|1||Power fist||Melee|Melee|3|3|8|-2|2
61|Assault Sergeant|14|1||Power weapon||Melee|Melee|4|3|5|-2|1
61|Assault Sergeant|15|1||Thunder Hammer|Devastating Wounds|Melee|Melee|3|4|8|-2|2
61|Assault Sergeant|16|1||Twin lightning claws|Twin-linked|Melee|Melee|5|3|4|-2|1
64|Assault Sergeant with Jump Pack|1|1||Bolt pistol|Close-Quarters|12|Ranged|1|3|4|0|1
64|Assault Sergeant with Jump Pack|2|1||Flamer|Ignores Cover, Torrent|12|Ranged|D6|-|4|0|1
64|Assault Sergeant with Jump Pack|3|1||Grav-pistol|Anti-vehicle 2+, Pistol|12|Ranged|1|3|4|-1|2
64|Assault Sergeant with Jump Pack|4|1||Hand flamer|Ignores Cover, Pistol, Torrent|12|Ranged|D6|-|3|0|1
64|Assault Sergeant with Jump Pack|5|1||Inferno Pistol|Melta 2, Pistol|6|Ranged|1|3|8|-4|D3
64|Assault Sergeant with Jump Pack|6|1||Meltagun|Melta 2|12|Ranged|1|3|9|-4|D6
64|Assault Sergeant with Jump Pack|7|1||Plasma gun - standard|Rapid Fire 1|24|Ranged|1|3|7|-2|1
64|Assault Sergeant with Jump Pack|8|2||Plasma gun - supercharge|Rapid Fire 1, Hazardous|24|Ranged|1|3|8|-3|2
64|Assault Sergeant with Jump Pack|9|1||Plasma pistol - standard|Pistol|12|Ranged|1|3|7|-2|1
64|Assault Sergeant with Jump Pack|10|2||Plasma pistol - supercharge|Hazardous, Pistol|12|Ranged|1|3|8|-3|2
64|Assault Sergeant with Jump Pack|11|1||Astartes Chainsword||Melee|Melee|4|3|4|-1|1
64|Assault Sergeant with Jump Pack|12|1||Eviscerator|Sustained Hits 1|Melee|Melee|3|4|7|-2|2
64|Assault Sergeant with Jump Pack|13|1||Power fist||Melee|Melee|3|3|8|-2|2
64|Assault Sergeant with Jump Pack|14|1||Power weapon||Melee|Melee|4|3|5|-2|1
64|Assault Sergeant with Jump Pack|15|1||Thunder Hammer|Devastating Wounds|Melee|Melee|3|4|8|-2|2
64|Assault Sergeant with Jump Pack|16|1||Twin lightning claws|Twin-linked|Melee|Melee|5|3|4|-2|1
134|Astartes Servitors|1|1||Heavy Bolter|Heavy, Sustained Hits 1|36|Ranged|3|4|5|-1|2
134|Astartes Servitors|2|1||Multi-melta|Heavy, Melta 2|18|Ranged|2|4|9|-4|D6
134|Astartes Servitors|3|1||Plasma cannon - standard|Blast, Heavy|36|Ranged|D3|4|7|-2|1
134|Astartes Servitors|4|2||Plasma cannon - supercharge|Blast, Heavy, Hazardous|36|Ranged|D3|4|8|-3|2
134|Astartes Servitors|5|1||Close Combat Weapon||Melee|Melee|1|5|3|0|1
134|Astartes Servitors|6|1||Servitor Servo Arm||Melee|Melee|1|5|6|-2|3
157|Astorath|1|1||The Executioner's Axe|Devastating Wounds, Precision|Melee|Melee|6|2|7|-3|2
2700|Astraeus|1|1||Astraeus las-ripper||36|Ranged|2|3|12|-3|D6+1
2700|Astraeus|2|1||Ironhail Heavy Stubber|Rapid Fire 3|36|Ranged|3|3|4|0|1
2700|Astraeus|3|1||Plasma eradicator - standard|Blast|36|Ranged|D6|3|7|-2|2
2700|Astraeus|4|2||Plasma eradicator - supercharge|Blast, Hazardous|36|Ranged|D6|3|8|-3|3
2700|Astraeus|5|1||Storm bolter|Rapid Fire 2|24|Ranged|2|3|4|0|1
2700|Astraeus|6|1||Twin heavy bolter|Sustained Hits 1, Twin-linked|36|Ranged|3|3|5|-1|2
2700|Astraeus|7|1||Twin lascannon|Twin-linked|48|Ranged|1|3|12|-3|D6+1
2700|Astraeus|8|1||Twin macro-accelerator cannon|Sustained Hits 1, Twin-linked|72|Ranged|12|3|9|-1|3
2700|Astraeus|9|1||Armoured hull||Melee|Melee|6|4|8|0|1
116|Attack Bike|1|1||Bolt pistol|Close-Quarters|12|Ranged|1|3|4|0|1
116|Attack Bike|2|1||Heavy Bolter|Sustained Hits 1|36|Ranged|3|3|5|-1|2
116|Attack Bike|3|1||Multi-melta|Melta 2|18|Ranged|2|3|9|-4|D6
116|Attack Bike|4|1||Twin boltgun|Twin-linked|24|Ranged|2|3|4|0|1
116|Attack Bike|5|1||Close combat weapon||Melee|Melee|3|3|4|0|1
218|Azrael|1|1||Lion's Wrath|Anti-Infantry 4+, Devastating Wounds, Rapid Fire 1|24|Ranged|2|2|8|-3|2
218|Azrael|2|1||The Sword of Secrets|Devastating Wounds|Melee|Melee|6|2|6|-4|2
168|Baal Predator|1|1||Baal Flamestorm Cannon|Assault, Ignores Cover, Torrent|18|Ranged|D6+3|-|6|-2|2
168|Baal Predator|2|1||Heavy Bolter|Assault, Sustained Hits 1|36|Ranged|3|3|5|-1|2
168|Baal Predator|3|1||Heavy Flamer|Assault, Ignores Cover, Torrent|12|Ranged|D6|-|5|-1|1
168|Baal Predator|4|1||Hunter-killer missile|One Shot|48|Ranged|1|2|14|-3|D6
168|Baal Predator|5|1||Storm bolter|Rapid Fire 2|24|Ranged|2|3|4|0|1
168|Baal Predator|6|1||Twin Assault Cannon|Assault, Devastating wounds, Twin-linked|24|Ranged|6|3|6|0|1
168|Baal Predator|7|1||Armoured Tracks||Melee|Melee|3|4|6|0|1
91|Ballistus Dreadnought|1|1||Ballistus Lascannon||48|Ranged|2|3|12|-3|D6+1
91|Ballistus Dreadnought|2|1||Ballistus Missile Launcher - Frag|Blast|48|Ranged|2D6|3|5|0|1
91|Ballistus Dreadnought|3|2||Ballistus Missile Launcher - Krak||48|Ranged|2|3|10|-2|D6
91|Ballistus Dreadnought|4|1||Twin Storm Bolter|Rapid Fire 2, Twin-linked|24|Ranged|2|3|4|0|1
91|Ballistus Dreadnought|5|1||Armoured Feet||Melee|Melee|5|3|7|0|1
219|Belial|1|1||Master-crafted storm bolter|Precision, Rapid Fire 2|24|Ranged|2|2|4|0|2
219|Belial|2|1||The Sword of Silence|Precision|Melee|Melee|6|2|6|-2|2
913430|Attack Bike|1|1||Bolt pistol|Close-Quarters|12|Ranged|1|3|4|0|1
913430|Attack Bike|2|1||Boltgun||24|Ranged|2|3|4|0|1
913430|Attack Bike|3|1||Combi-weapon|Anti-Infantry 4+, Devastating Wounds, Rapid Fire 1|24|Ranged|1|4|4|0|1
913430|Attack Bike|4|1||Flamer|Ignores Cover, Torrent|12|Ranged|D6|-|4|0|1
913430|Attack Bike|5|1||Grav-gun|Anti-vehicle 2+|18|Ranged|2|3|5|-1|2
913430|Attack Bike|6|1||Grav-pistol|Anti-vehicle 2+, Pistol|12|Ranged|1|3|4|-1|2
913430|Attack Bike|7|1||Hand flamer|Ignores Cover, Pistol, Torrent|12|Ranged|D6|-|3|0|1
913430|Attack Bike|8|1||Heavy Bolter|Sustained Hits 1|36|Ranged|3|3|5|-1|2
913430|Attack Bike|9|1||Inferno Pistol|Melta 2, Pistol|6|Ranged|1|3|8|-4|D3
913430|Attack Bike|10|1||Meltagun|Melta 2|12|Ranged|1|3|9|-4|D6
913430|Attack Bike|11|1||Multi-melta|Melta 2|18|Ranged|2|3|9|-4|D6
913430|Attack Bike|12|1||Plasma gun - standard|Rapid Fire 1|24|Ranged|1|3|7|-2|1
913430|Attack Bike|13|2||Plasma gun - supercharge|Rapid Fire 1, Hazardous|24|Ranged|1|3|8|-3|2
913430|Attack Bike|14|1||Plasma pistol - standard|Pistol|12|Ranged|1|3|7|-2|1
913430|Attack Bike|15|2||Plasma pistol - supercharge|Hazardous, Pistol|12|Ranged|1|3|8|-3|2
913430|Attack Bike|16|1||Storm bolter|Rapid Fire 2|24|Ranged|2|3|4|0|1
913430|Attack Bike|17|1||Twin boltgun|Twin-linked|24|Ranged|2|3|4|0|1
913430|Attack Bike|18|1||Astartes Chainsword||Melee|Melee|3|3|4|-1|1
913430|Attack Bike|19|1||Close combat weapon||Melee|Melee|3|3|4|0|1
913430|Attack Bike|20|2||Close combat weapon||Melee|Melee|2|3|4|0|1
913430|Attack Bike|21|1||Power fist||Melee|Melee|2|3|8|-2|2
913430|Attack Bike|22|1||Power weapon||Melee|Melee|3|3|5|-2|1
913430|Attack Bike|23|1||Thunder Hammer|Devastating Wounds|Melee|Melee|2|4|8|-2|2
302|Bjorn the Fell-Handed|1|1||Assault cannon|Devastating Wounds|24|Ranged|6|2|6|0|1
302|Bjorn the Fell-Handed|2|1||Heavy Flamer|Ignores Cover, Torrent|12|Ranged|D6|-|5|-1|1
302|Bjorn the Fell-Handed|3|1||Helfrost cannon - dispersed|Torrent|12|Ranged|D6|-|6|-1|2
302|Bjorn the Fell-Handed|4|2||Helfrost cannon - focused||36|Ranged|1|2|10|-3|5
302|Bjorn the Fell-Handed|5|1||Multi-melta|Melta 2|18|Ranged|2|2|9|-4|D6
302|Bjorn the Fell-Handed|6|1||Trueclaw|Lethal Hits|Melee|Melee|6|2|12|-2|3
1165|Bladeguard Ancient|1|1||Heavy Bolt Pistol|Pistol|18|Ranged|1|3|4|-1|1
1165|Bladeguard Ancient|2|1||Close combat weapon||Melee|Melee|5|2|4|0|1
71|Bladeguard Veteran|1|1||Heavy Bolt Pistol|Pistol|18|Ranged|1|3|4|-1|1
71|Bladeguard Veteran|2|1||Neo-volkite Pistol|Devastating Wounds, Pistol|12|Ranged|1|3|5|0|2
71|Bladeguard Veteran|3|1||Plasma pistol - standard|Pistol|12|Ranged|1|3|7|-2|1
71|Bladeguard Veteran|4|2||Plasma pistol - supercharge|Hazardous, Pistol|12|Ranged|1|3|8|-3|2
71|Bladeguard Veteran|5|1||Master-crafted power weapon||Melee|Melee|4|3|5|-2|2
330726|Blood Angels Captain|1|1||Heavy Bolt Pistol|Pistol|18|Ranged|1|2|4|-1|1
330726|Blood Angels Captain|2|1||Inferno pistol|Melta 2, Pistol|6|Ranged|1|2|8|-4|D3
330726|Blood Angels Captain|3|1||Master-crafted Chainsword||Melee|Melee|7|2|4|-1|2
330726|Blood Angels Captain|4|1||Power fist||Melee|Melee|5|2|8|-2|2
330726|Blood Angels Captain|5|1||Relic Weapon||Melee|Melee|6|2|5|-2|2
303|Blood Claws|1|1||Bolt pistol|Close-Quarters|12|Ranged|1|3|4|0|1
303|Blood Claws|2|1||Plasma pistol - standard|Pistol|12|Ranged|1|3|7|-2|1
303|Blood Claws|3|2||Plasma pistol - supercharge|Hazardous, Pistol|12|Ranged|1|3|8|-3|2
303|Blood Claws|4|1||Astartes Chainsword||Melee|Melee|4|3|4|-1|1
303|Blood Claws|5|1||Power weapon||Melee|Melee|4|3|5|-2|1
160|Brother Corbulo|1|1||Bolt pistol|Pistol|12|Ranged|1|2|4|0|1
160|Brother Corbulo|2|1||Heaven's Teeth|Sustained Hits 1|Melee|Melee|6|2|5|-1|1
136|Brutalis Dreadnought|1|1||Brutalis Bolt Rifles|Twin-linked|24|Ranged|4|3|4|-1|1
136|Brutalis Dreadnought|2|1||Twin heavy bolter|Sustained Hits 1, Twin-linked|36|Ranged|3|3|5|-1|2
136|Brutalis Dreadnought|3|1||Twin Icarus ironhail heavy stubber|Anti-FLY 4+, Rapid Fire 3, Twin-linked|36|Ranged|3|3|4|0|1
136|Brutalis Dreadnought|4|1||Twin multi-melta|Melta 2, Twin-linked|18|Ranged|2|3|9|-4|D6
136|Brutalis Dreadnought|5|1||Brutalis Fists|Twin-linked|Melee|Melee|6|3|12|-2|3
136|Brutalis Dreadnought|6|1||Brutalis Talons - Strike|Twin-linked|Melee|Melee|6|3|12|-2|3
136|Brutalis Dreadnought|7|2||Brutalis Talons - Sweep|Twin-linked|Melee|Melee|10|3|7|-2|1
414875|Caanok Var|1|1||Storm bolter|Rapid Fire 2|24|Ranged|2|2|4|0|1
414875|Caanok Var|2|1||Axiom - Strike||Melee|Melee|5|2|8|-2|2
414875|Caanok Var|3|2||Axiom - Sweep||Melee|Melee|10|2|5|-2|1
72|Caestus Assault Ram [Legends]|1|1||Firefury Missile Batteries|Blast, Ignores Cover|36|Ranged|2D6|3|6|-1|1
72|Caestus Assault Ram [Legends]|2|1||Twin Magna-Melta|Melta 4, Twin-Linked|18|Ranged|2|3|12|-4|D6
72|Caestus Assault Ram [Legends]|3|1||Armoured Hull|Lance|Melee|Melee|6|4|8|0|1
288|Canis Wolfborn|1|1||Bolt pistol|Pistol|12|Ranged|1|5|4|0|1
288|Canis Wolfborn|2|1||Crushing teeth and claws|Extra Attacks|Melee|Melee|3|4|5|-1|1
288|Canis Wolfborn|3|1||Wolf claws|Twin-linked|Melee|Melee|8|2|5|-2|1
4166|Captain|1|1||Bolt pistol|Pistol|12|Ranged|1|2|4|0|1
4166|Captain|2|1||Heavy Bolt Pistol|Pistol|18|Ranged|1|2|4|-1|1
4166|Captain|3|1||Master-crafted bolter||24|Ranged|2|2|4|-1|2
4166|Captain|4|1||Neo-volkite Pistol|Devastating Wounds, Pistol|12|Ranged|1|2|5|0|2
4166|Captain|5|1||Plasma pistol - standard|Pistol|12|Ranged|1|3|7|-2|1
4166|Captain|6|2||Plasma pistol - supercharge|Hazardous, Pistol|12|Ranged|1|3|8|-3|2
4166|Captain|7|1||Close combat weapon||Melee|Melee|6|2|4|0|1
4166|Captain|8|1||Master-crafted power weapon||Melee|Melee|6|2|5|-2|2
4166|Captain|9|1||Power fist||Melee|Melee|5|2|8|-2|2
1172|Captain in Gravis Armour|1|1||Boltstorm gauntlet|Pistol|12|Ranged|3|2|4|-1|1
1172|Captain in Gravis Armour|2|1||Master-crafted Heavy Bolt Rifle|Assault, Heavy|30|Ranged|2|2|5|-1|3
1172|Captain in Gravis Armour|3|1||Master-crafted power weapon||Melee|Melee|6|2|5|-2|2
1172|Captain in Gravis Armour|4|1||Power fist||Melee|Melee|5|2|8|-2|2
2701|Captain in Phobos Armour|1|1||Bolt pistol|Pistol|12|Ranged|1|2|4|0|1
2701|Captain in Phobos Armour|2|1||Instigator Bolt Carbine|Precision|24|Ranged|1|2|4|-2|2
2701|Captain in Phobos Armour|3|1||Combat Knife||Melee|Melee|6|2|4|-1|1
135|Captain in Terminator Armour|1|1||Combi-weapon|Anti-Infantry 4+, Devastating Wounds, Rapid Fire 1|24|Ranged|1|4|4|0|1
135|Captain in Terminator Armour|2|1||Storm bolter|Rapid Fire 2|24|Ranged|2|3|4|0|1
135|Captain in Terminator Armour|3|1||Relic Fist||Melee|Melee|5|2|8|-2|2
135|Captain in Terminator Armour|4|1||Relic Weapon||Melee|Melee|6|2|5|-2|2
4167|Captain on Bike|1|1||Bolt pistol|Pistol|12|Ranged|1|2|4|0|1
4167|Captain on Bike|2|1||Combi-weapon|Anti-Infantry 4+, Devastating Wounds, Rapid Fire 1|24|Ranged|1|4|4|0|1
4167|Captain on Bike|3|1||Hand flamer|Ignores Cover, Pistol, Torrent|12|Ranged|D6|-|3|0|1
4167|Captain on Bike|4|1||Inferno Pistol|Melta 2, Pistol|6|Ranged|1|3|8|-4|D3
4167|Captain on Bike|5|1||Master-crafted boltgun||24|Ranged|2|2|4|0|2
4167|Captain on Bike|6|1||Plasma pistol - standard|Pistol|12|Ranged|1|3|7|-2|1
4167|Captain on Bike|7|2||Plasma pistol - supercharge|Hazardous, Pistol|12|Ranged|1|3|8|-3|2
4167|Captain on Bike|8|1||Storm bolter|Rapid Fire 2|24|Ranged|2|3|4|0|1
4167|Captain on Bike|9|1||Twin boltgun|Twin-linked|24|Ranged|2|3|4|0|1
4167|Captain on Bike|10|1||Astartes Chainsword||Melee|Melee|7|2|4|-1|1
4167|Captain on Bike|11|1||Close combat weapon||Melee|Melee|6|2|4|0|1
4167|Captain on Bike|12|1||Power fist||Melee|Melee|5|2|8|-2|2
4167|Captain on Bike|13|1||Relic Weapon||Melee|Melee|6|2|5|-2|2
4167|Captain on Bike|14|1||Thunder Hammer|Devastating Wounds|Melee|Melee|5|3|8|-2|2
4167|Captain on Bike|15|1||Twin lightning claws|Twin-linked|Melee|Melee|6|2|5|-2|1
460889|Captain Sicarius|1|1||Artisan Plasma Pistol|Pistol|12|Ranged|1|2|8|-3|2
460889|Captain Sicarius|2|1||Talassarian Tempest Blade|Lethal Hits|Melee|Melee|6|2|5|-2|2
4187|Captain Titus|1|1||Bolt pistol|Pistol|12|Ranged|1|2|4|0|1
4187|Captain Titus|2|1||Master-crafted Bolter|Assault, Heavy|24|Ranged|2|2|4|-1|2
4187|Captain Titus|3|1||Master-crafted Chainsword|Anti-Infantry 2+|Melee|Melee|8|2|5|-1|2
152|Captain Tycho|1|1||Blood Song|Anti-Infantry 4+, Devastating Wounds, Melta 2|24|Ranged|2|2|4|-1|2
152|Captain Tycho|2|1||Bolt pistol|Pistol|12|Ranged|1|2|4|0|1
152|Captain Tycho|3|1||Dead Man's Hand||Melee|Melee|6|2|4|-1|2
83|Captain with Jump Pack|1|1||Hand flamer|Ignores Cover, Pistol, Torrent|12|Ranged|D6|-|3|0|1
83|Captain with Jump Pack|2|1||Heavy Bolt Pistol|Pistol|18|Ranged|1|3|4|-1|1
83|Captain with Jump Pack|3|1||Plasma pistol - standard|Pistol|12|Ranged|1|3|7|-2|1
83|Captain with Jump Pack|4|2||Plasma pistol - supercharge|Hazardous, Pistol|12|Ranged|1|3|8|-3|2
83|Captain with Jump Pack|5|1||Astartes Chainsword||Melee|Melee|7|2|4|-1|1
83|Captain with Jump Pack|6|1||Power fist||Melee|Melee|5|2|8|-2|2
83|Captain with Jump Pack|7|1||Relic Weapon||Melee|Melee|6|2|5|-2|2
83|Captain with Jump Pack|8|1||Thunder Hammer|Devastating Wounds|Melee|Melee|5|3|8|-2|2
96|Carab Culln the Risen [Legends]|1|1||Heavy Bolter|Sustained Hits 1|36|Ranged|3|3|5|-1|2
96|Carab Culln the Risen [Legends]|2|1||Heavy Flamer|Ignores Cover, Torrent|12|Ranged|D6|-|5|-1|1
96|Carab Culln the Risen [Legends]|3|1||Hunter-killer missile|One Shot|48|Ranged|1|2|14|-3|D6
96|Carab Culln the Risen [Legends]|4|1||Twin assault cannon|Devastating wounds, Twin-linked|24|Ranged|6|3|6|0|1
96|Carab Culln the Risen [Legends]|5|1||Tarsus Scorpii||Melee|Melee|5|3|12|-3|4
2793|Castellan|1|1||Combi-weapon|Anti-Infantry 4+, Devastating Wounds, Rapid Fire 1|24|Ranged|1|3|4|0|1
2793|Castellan|2|1||Heavy Bolt Pistol|Pistol|18|Ranged|1|2|4|-1|1
2793|Castellan|3|1||Astartes Chainsword|Sustained Hits 1|Melee|Melee|7|2|4|-1|1
2793|Castellan|4|1||Master-crafted Power Weapon|Lethal Hits|Melee|Melee|6|2|5|-2|2
4184|Cato Sicarius|1|1||Artisan Plasma Pistol|Pistol|12|Ranged|1|2|8|-3|2
4184|Cato Sicarius|2|1||Talassarian Tempest Blade - Coup de Grace|Precision|Melee|Melee|6|2|5|-2|2
4184|Cato Sicarius|3|2||Talassarian Tempest Blade - Strike|Devastating Wounds|Melee|Melee|4|2|6|-3|3
4184|Cato Sicarius|4|3||Talassarian Tempest Blade - Sweep|Sustained Hits 1|Melee|Melee|9|2|5|-2|1
2703|Assault Centurion Sergeant|1|1||Centurion Bolters|Rapid Fire 3, Twin-linked|24|Ranged|3|3|4|0|1
2703|Assault Centurion Sergeant|2|1||Twin flamer|Ignores Cover, Torrent, Twin-linked|12|Ranged|D6|-|4|0|1
2703|Assault Centurion Sergeant|3|1||Twin meltagun|Melta 2, Twin-linked|12|Ranged|1|3|9|-4|D6
2703|Assault Centurion Sergeant|4|1||Siege Drills|Twin-linked|Melee|Melee|3|3|10|-2|3
1193|Devastator Centurion Sergeant|1|1||Centurion Bolters|Rapid Fire 3, Twin-linked|24|Ranged|3|3|4|0|1
1193|Devastator Centurion Sergeant|2|1||Centurion missile launcher|Blast|36|Ranged|D3|3|9|-2|D3
1193|Devastator Centurion Sergeant|3|1||Grav-cannon|Anti-Vehicle 2+|24|Ranged|3|3|6|-1|3
1193|Devastator Centurion Sergeant|4|1||Twin heavy bolter|Sustained Hits 1, Twin-linked|36|Ranged|3|3|5|-1|2
1193|Devastator Centurion Sergeant|5|1||Twin lascannon|Twin-linked|48|Ranged|1|3|12|-3|D6+1
1193|Devastator Centurion Sergeant|6|1||Centurion Fists||Melee|Melee|3|4|5|-1|2
1153|Cerberus|1|1||Cerberus neutron pulse array|Twin-linked|48|Ranged|3|3|16|-4|D6+3
1153|Cerberus|2|1||Heavy bolter|Sustained Hits 1|36|Ranged|3|3|5|-1|2
1153|Cerberus|3|1||Heavy flamer|Ignores Cover, Torrent|12|Ranged|D6|-|5|-1|1
1153|Cerberus|4|1||Lascannon||48|Ranged|1|3|12|-3|D6+1
1153|Cerberus|5|1||Multi-melta|Melta 2|18|Ranged|2|3|9|-4|D6
1153|Cerberus|6|1||Storm bolter|Rapid Fire 2|24|Ranged|2|3|4|0|1
1153|Cerberus|7|1||Armoured tracks||Melee|Melee|6|4|8|0|1
1174|Chaplain|1|1||Absolvor bolt pistol|Pistol|18|Ranged|1|3|5|-1|2
1174|Chaplain|2|1||Crozius arcanum||Melee|Melee|5|2|6|-1|2
3875|Chaplain Cassius|1|1||Infernus|Anti-Infantry 4+, Devastating Wounds, Ignores Cover, Torrent|12|Ranged|D6|-|4|-1|1
3875|Chaplain Cassius|2|1||Artificer Crozius||Melee|Melee|5|2|6|-1|2
2792|Grimaldus|1|1||Plasma Pistol - Standard|Pistol|12|Ranged|1|2|7|-2|1
2792|Grimaldus|2|2||Plasma Pistol - Supercharge|Hazardous, Pistol|12|Ranged|1|2|8|-3|2
2792|Grimaldus|3|1||Artificer Crozius||Melee|Melee|6|2|6|-2|2
2792|Grimaldus|4|1||Close Combat Weapon||Melee|Melee|1|4|3|0|1
115|Chaplain in Terminator Armour|1|1||Storm bolter|Rapid Fire 2|24|Ranged|2|3|4|0|1
115|Chaplain in Terminator Armour|2|1||Crozius arcanum||Melee|Melee|5|2|6|-1|2
925599|Chaplain Kastiel|1|1||Absolvor bolt pistol|Pistol|18|Ranged|1|3|5|-1|2
925599|Chaplain Kastiel|2|1||Crozius arcanum||Melee|Melee|5|2|6|-1|2
94|Chaplain on Bike|1|1||Absolvor bolt pistol|Pistol|18|Ranged|1|3|5|-1|2
94|Chaplain on Bike|2|1||Twin bolt rifle|Twin-linked|24|Ranged|2|3|4|-1|1
94|Chaplain on Bike|3|1||Crozius arcanum||Melee|Melee|5|2|6|-1|2
1192|Chaplain Venerable Dreadnought [Legends]|1|1||Assault Cannon|Devastating Wounds|24|Ranged|6|3|6|0|1
1192|Chaplain Venerable Dreadnought [Legends]|2|1||Dreadnought Inferno Cannon|Ignores Cover, Torrent|12|Ranged|2D6|-|6|-1|1
1192|Chaplain Venerable Dreadnought [Legends]|3|1||Heavy Flamer|Ignores Cover, Torrent|12|Ranged|D6|-|5|-1|1
1192|Chaplain Venerable Dreadnought [Legends]|4|1||Heavy Plasma Cannon|Blast, Hazardous|36|Ranged|D3|3|8|-3|3
1192|Chaplain Venerable Dreadnought [Legends]|5|2||Heavy Plasma Cannon - Standard|Blast|36|Ranged|D3|3|7|-2|2
1192|Chaplain Venerable Dreadnought [Legends]|6|1||Multi-melta|Melta 2|18|Ranged|2|3|9|-4|D6
1192|Chaplain Venerable Dreadnought [Legends]|7|1||Storm bolter|Rapid Fire 2|24|Ranged|2|3|4|0|1
1192|Chaplain Venerable Dreadnought [Legends]|8|1||Twin lascannon|Twin-linked|48|Ranged|1|3|12|-3|D6+1
1192|Chaplain Venerable Dreadnought [Legends]|9|1||Armoured feet||Melee|Melee|6|3|6|0|1
1192|Chaplain Venerable Dreadnought [Legends]|10|1||Dreadnought Combat Weapon||Melee|Melee|5|3|12|-2|3
112|Chaplain with Jump Pack|1|1||Absolvor bolt pistol|Pistol|18|Ranged|1|3|5|-1|2
112|Chaplain with Jump Pack|2|1||Bolt pistol|Close-Quarters|12|Ranged|1|3|4|0|1
112|Chaplain with Jump Pack|3|1||Boltgun||24|Ranged|2|3|4|0|1
112|Chaplain with Jump Pack|4|1||Combi-weapon|Anti-Infantry 4+, Devastating Wounds, Rapid Fire 1|24|Ranged|1|4|4|0|1
112|Chaplain with Jump Pack|5|1||Grav-pistol|Anti-vehicle 2+, Pistol|12|Ranged|1|3|4|-1|2
112|Chaplain with Jump Pack|6|1||Hand flamer|Ignores Cover, Pistol, Torrent|12|Ranged|D6|-|3|0|1
112|Chaplain with Jump Pack|7|1||Inferno Pistol|Melta 2, Pistol|6|Ranged|1|3|8|-4|D3
112|Chaplain with Jump Pack|8|1||Plasma pistol - standard|Pistol|12|Ranged|1|3|7|-2|1
112|Chaplain with Jump Pack|9|2||Plasma pistol - supercharge|Hazardous, Pistol|12|Ranged|1|3|8|-3|2
112|Chaplain with Jump Pack|10|1||Storm bolter|Rapid Fire 2|24|Ranged|2|3|4|0|1
112|Chaplain with Jump Pack|11|1||Crozius arcanum||Melee|Melee|5|2|6|-1|2
112|Chaplain with Jump Pack|12|1||Power fist||Melee|Melee|4|2|8|-2|2
155|Chief Librarian Mephiston|1|1||Fury of the Ancients - Focused Witchfire|Hazardous, Pistol, Psychic, Sustained Hits 3|18|Ranged|3|2|5|-2|D3
155|Chief Librarian Mephiston|2|2||Fury of the Ancients - Witchfire|Pistol, Psychic, Sustained Hits 1|18|Ranged|3|2|4|-1|D3
155|Chief Librarian Mephiston|3|1||Plasma pistol - standard|Pistol|12|Ranged|1|2|7|-2|1
155|Chief Librarian Mephiston|4|2||Plasma pistol - supercharge|Hazardous, Pistol|12|Ranged|1|2|8|-3|2
155|Chief Librarian Mephiston|5|1||Vitarus|Lethal Hits, Psychic|Melee|Melee|6|2|9|-3|D3
1611|Chief Librarian Tigurius|1|1||Bolt pistol|Pistol|12|Ranged|1|2|4|0|1
1611|Chief Librarian Tigurius|2|1||Storm of the Emperor’s Wrath - Focused Witchfire|Blast, Hazardous, Psychic|18|Ranged|2D6|2|6|-2|2
1611|Chief Librarian Tigurius|3|2||Storm of the Emperor’s Wrath - Witchfire|Blast, Psychic|18|Ranged|D6|2|6|-2|2
1611|Chief Librarian Tigurius|4|1||Rod of Tigurius|Psychic|Melee|Melee|5|3|7|-2|D3
2103|Command Squad|1|1||Bolt pistol|Close-Quarters|12|Ranged|1|3|4|0|1
2103|Command Squad|2|1||Boltgun||24|Ranged|2|3|4|0|1
2103|Command Squad|3|1||Combi-weapon|Anti-Infantry 4+, Devastating Wounds, Rapid Fire 1|24|Ranged|1|4|4|0|1
2103|Command Squad|4|1||Flamer|Ignores Cover, Torrent|12|Ranged|D6|-|4|0|1
2103|Command Squad|5|1||Grav-cannon|Anti-vehicle 2+, Heavy|24|Ranged|3|4|6|-1|3
2103|Command Squad|6|1||Grav-gun|Anti-vehicle 2+|18|Ranged|2|3|5|-1|2
2103|Command Squad|7|1||Grav-pistol|Anti-vehicle 2+, Pistol|12|Ranged|1|3|4|-1|2
2103|Command Squad|8|1||Hand flamer|Ignores Cover, Pistol, Torrent|12|Ranged|D6|-|3|0|1
2103|Command Squad|9|1||Heavy Bolter|Heavy, Sustained Hits 1|36|Ranged|3|4|5|-1|2
2103|Command Squad|10|1||Heavy Flamer|Ignores Cover, Torrent|12|Ranged|D6|-|5|-1|1
2103|Command Squad|11|1||Inferno Pistol|Melta 2, Pistol|6|Ranged|1|3|8|-4|D3
2103|Command Squad|12|1||Lascannon|Heavy|48|Ranged|1|4|12|-3|D6+1
2103|Command Squad|13|1||Meltagun|Melta 2|12|Ranged|1|3|9|-4|D6
2103|Command Squad|14|1||Missile Launcher - Frag|Blast, Heavy|48|Ranged|D6|4|4|0|1
2103|Command Squad|15|2||Missile Launcher - Krak|Heavy|48|Ranged|1|4|9|-2|D6
2103|Command Squad|16|1||Multi-melta|Heavy, Melta 2|18|Ranged|2|4|9|-4|D6
2103|Command Squad|17|1||Plasma cannon - standard|Blast, Heavy|36|Ranged|D3|4|7|-2|1
2103|Command Squad|18|2||Plasma cannon - supercharge|Blast, Heavy, Hazardous|36|Ranged|D3|4|8|-3|2
2103|Command Squad|19|1||Plasma gun - standard|Rapid Fire 1|24|Ranged|1|3|7|-2|1
2103|Command Squad|20|2||Plasma gun - supercharge|Rapid Fire 1, Hazardous|24|Ranged|1|3|8|-3|2
2103|Command Squad|21|1||Plasma pistol - standard|Pistol|12|Ranged|1|3|7|-2|1
2103|Command Squad|22|2||Plasma pistol - supercharge|Hazardous, Pistol|12|Ranged|1|3|8|-3|2
2103|Command Squad|23|1||Storm bolter|Rapid Fire 2|24|Ranged|2|3|4|0|1
2103|Command Squad|24|1||Astartes Chainsword||Melee|Melee|4|3|4|-1|1
2103|Command Squad|25|1||Champion's Blade|Precision|Melee|Melee|4|3|5|-2|2
2103|Command Squad|26|1||Close combat weapon||Melee|Melee|3|3|4|0|1
2103|Command Squad|27|1||Power fist||Melee|Melee|2|3|8|-2|2
2103|Command Squad|28|1||Power weapon||Melee|Melee|3|3|5|-2|1
2103|Command Squad|29|1||Thunder Hammer|Devastating Wounds|Melee|Melee|2|4|8|-2|2
2103|Command Squad|30|1||Twin lightning claws|Twin-linked|Melee|Melee|4|3|4|-2|1
151|Commander Dante|1|1||Perdition|Melta 2, Pistol, Sustained Hits D3|6|Ranged|1|2|9|-4|D6
151|Commander Dante|2|1||The Axe Mortalis|Lethal Hits|Melee|Melee|8|2|8|-3|2
4234|Company Champion on Bike [Legends]|1|1||Bolt pistol|Close-Quarters|12|Ranged|1|3|4|0|1
4234|Company Champion on Bike [Legends]|2|1||Twin boltgun|Twin-linked|24|Ranged|2|3|4|0|1
4234|Company Champion on Bike [Legends]|3|1||Master-crafted Power Weapon|Precision|Melee|Melee|4|2|5|-2|2
2772|Company Heroes|1|1||Bolt pistol|Close-Quarters|12|Ranged|1|3|4|0|1
2772|Company Heroes|2|1||Bolt Rifle||24|Ranged|2|3|4|-1|1
2772|Company Heroes|3|1||Master-crafted Bolt Rifle|Devastating Wounds, Rapid Fire 1|24|Ranged|2|2|4|-1|2
2772|Company Heroes|4|1||Master-crafted Heavy Bolter|Heavy, Sustained Hits 2|36|Ranged|3|3|5|-1|3
2772|Company Heroes|5|1||Close combat weapon||Melee|Melee|5|3|4|0|1
2772|Company Heroes|6|1||Master-crafted Power Weapon|Precision|Melee|Melee|6|2|5|-2|2
1166|Veteran Biker Sergeant|1|1||Bolt pistol|Close-Quarters|12|Ranged|1|3|4|0|1
1166|Veteran Biker Sergeant|2|1||Boltgun||24|Ranged|2|3|4|0|1
1166|Veteran Biker Sergeant|3|1||Combi-weapon|Anti-Infantry 4+, Devastating Wounds, Rapid Fire 1|24|Ranged|1|4|4|0|1
1166|Veteran Biker Sergeant|4|1||Flamer|Ignores Cover, Torrent|12|Ranged|D6|-|4|0|1
1166|Veteran Biker Sergeant|5|1||Grav-gun|Anti-vehicle 2+|18|Ranged|2|3|5|-1|2
1166|Veteran Biker Sergeant|6|1||Grav-pistol|Anti-vehicle 2+, Pistol|12|Ranged|1|3|4|-1|2
1166|Veteran Biker Sergeant|7|1||Meltagun|Melta 2|12|Ranged|1|3|9|-4|D6
1166|Veteran Biker Sergeant|8|1||Plasma gun - standard|Rapid Fire 1|24|Ranged|1|3|7|-2|1
1166|Veteran Biker Sergeant|9|2||Plasma gun - supercharge|Rapid Fire 1, Hazardous|24|Ranged|1|3|8|-3|2
1166|Veteran Biker Sergeant|10|1||Plasma pistol - standard|Pistol|12|Ranged|1|3|7|-2|1
1166|Veteran Biker Sergeant|11|2||Plasma pistol - supercharge|Hazardous, Pistol|12|Ranged|1|3|8|-3|2
1166|Veteran Biker Sergeant|12|1||Storm bolter|Rapid Fire 2|24|Ranged|2|3|4|0|1
1166|Veteran Biker Sergeant|13|1||Twin boltgun|Twin-linked|24|Ranged|2|3|4|0|1
1166|Veteran Biker Sergeant|14|1||Astartes Chainsword||Melee|Melee|4|3|4|-1|1
1166|Veteran Biker Sergeant|15|1||Power fist||Melee|Melee|3|3|8|-2|2
1166|Veteran Biker Sergeant|16|1||Power weapon||Melee|Melee|3|3|5|-2|2
1166|Veteran Biker Sergeant|17|1||Thunder Hammer|Devastating Wounds|Melee|Melee|2|4|8|-2|2
358|Corvus Blackstar|1|1||Blackstar rocket launcher|Blast|30|Ranged|D6+1|3|5|0|1
358|Corvus Blackstar|2|1||Hurricane bolter|Rapid Fire 6, Twin-Linked|24|Ranged|6|3|4|0|1
358|Corvus Blackstar|3|1||Stormstrike missile launcher||48|Ranged|1|3|10|-2|3
358|Corvus Blackstar|4|1||Twin assault cannon|Devastating Wounds, Twin-Linked|24|Ranged|6|3|6|0|1
358|Corvus Blackstar|5|1||Twin lascannon|Twin-Linked|48|Ranged|1|3|12|-3|D6+1
358|Corvus Blackstar|6|1||Armoured hull||Melee|Melee|3|4|6|0|1
4136|Crusade Ancient|1|1||Bolt pistol|Close-Quarters|12|Ranged|1|3|4|0|1
4136|Crusade Ancient|2|1||Master-crafted Power Weapon|Lethal Hits|Melee|Melee|5|2|5|-2|2
2799|Neophytes|1|1||Astartes Shotgun|Assault|18|Ranged|2|3|4|0|1
2799|Neophytes|2|1||Bolt pistol|Close-Quarters|12|Ranged|1|3|4|0|1
2799|Neophytes|3|1||Boltgun||24|Ranged|2|3|4|0|1
2799|Neophytes|4|1||Combi-weapon|Anti-Infantry 4+, Devastating Wounds, Rapid Fire 1|24|Ranged|1|4|4|0|1
2799|Neophytes|5|1||Flamer|Ignores Cover, Torrent|12|Ranged|D6|-|4|0|1
2799|Neophytes|6|1||Grav-cannon|Anti-vehicle 2+, Heavy|24|Ranged|3|4|6|-1|3
2799|Neophytes|7|1||Grav-gun|Anti-vehicle 2+|18|Ranged|2|3|5|-1|2
2799|Neophytes|8|1||Grav-pistol|Anti-vehicle 2+, Pistol|12|Ranged|1|3|4|-1|2
2799|Neophytes|9|1||Hand flamer|Ignores Cover, Pistol, Torrent|12|Ranged|D6|-|3|0|1
2799|Neophytes|10|1||Heavy Bolter|Heavy, Sustained Hits 1|36|Ranged|3|4|5|-1|2
2799|Neophytes|11|1||Heavy Flamer|Ignores Cover, Torrent|12|Ranged|D6|-|5|-1|1
2799|Neophytes|12|1||Inferno Pistol|Melta 2, Pistol|6|Ranged|1|3|8|-4|D3
2799|Neophytes|13|1||Lascannon|Heavy|48|Ranged|1|4|12|-3|D6+1
2799|Neophytes|14|1||Meltagun|Melta 2|12|Ranged|1|3|9|-4|D6
2799|Neophytes|15|1||Missile Launcher - Frag|Blast, Heavy|48|Ranged|D6|4|4|0|1
2799|Neophytes|16|2||Missile Launcher - Krak|Heavy|48|Ranged|1|4|9|-2|D6
2799|Neophytes|17|1||Multi-melta|Heavy, Melta 2|18|Ranged|2|4|9|-4|D6
2799|Neophytes|18|1||Plasma cannon - standard|Blast, Heavy|36|Ranged|D3|4|7|-2|1
2799|Neophytes|19|2||Plasma cannon - supercharge|Blast, Heavy, Hazardous|36|Ranged|D3|4|8|-3|2
2799|Neophytes|20|1||Plasma gun - standard|Rapid Fire 1|24|Ranged|1|3|7|-2|1
2799|Neophytes|21|2||Plasma gun - supercharge|Rapid Fire 1, Hazardous|24|Ranged|1|3|8|-3|2
2799|Neophytes|22|1||Plasma pistol - standard|Pistol|12|Ranged|1|3|7|-2|1
2799|Neophytes|23|2||Plasma pistol - supercharge|Hazardous, Pistol|12|Ranged|1|3|8|-3|2
2799|Neophytes|24|1||Storm bolter|Rapid Fire 2|24|Ranged|2|3|4|0|1
2799|Neophytes|25|1||Astartes Chainsword||Melee|Melee|3|3|4|-1|1
2799|Neophytes|26|2||Astartes Chainsword||Melee|Melee|4|3|4|-1|1
2799|Neophytes|27|1||Close combat weapon||Melee|Melee|2|3|4|0|1
2799|Neophytes|28|1||Combat Knife||Melee|Melee|3|3|4|-1|1
2799|Neophytes|29|1||Power fist||Melee|Melee|2|3|8|-2|2
2799|Neophytes|30|1||Power weapon||Melee|Melee|3|3|5|-2|1
2799|Neophytes|31|1||Thunder Hammer|Devastating Wounds|Melee|Melee|2|4|8|-2|2
2799|Neophytes|32|1||Twin Lightning Claws|Twin-linked|Melee|Melee|3|3|4|-2|1
2805|Cyberwolf|1|1||Teeth and claws||Melee|Melee|4|4|4|0|1
2105|Darnath Lysander|1|1||Fist of Dorn|Devastating Wounds|Melee|Melee|5|2|10|-3|3
3833|Death Company Captain|1|1||Heavy Bolt Pistol||18|Ranged|1|2|4|-1|1
3833|Death Company Captain|2|1||Inferno pistol|Melta 2, Pistol|6|Ranged|1|2|8|-4|D3
3833|Death Company Captain|3|1||Master-crafted Chainsword||Melee|Melee|7|2|4|-1|2
3833|Death Company Captain|4|1||Power fist||Melee|Melee|5|2|8|-2|2
3833|Death Company Captain|5|1||Relic Weapon||Melee|Melee|6|2|5|-2|2
393369|Death Company Captain with Jump Pack|1|1||Hand flamer|Ignores Cover, Pistol, Torrent|12|Ranged|D6|-|3|0|1
393369|Death Company Captain with Jump Pack|2|1||Heavy Bolt Pistol||18|Ranged|1|2|4|-1|1
393369|Death Company Captain with Jump Pack|3|1||Plasma pistol - standard|Pistol|12|Ranged|1|3|7|-2|1
393369|Death Company Captain with Jump Pack|4|2||Plasma pistol - supercharge|Hazardous, Pistol|12|Ranged|1|3|8|-3|2
393369|Death Company Captain with Jump Pack|5|1||Astartes Chainsword||Melee|Melee|7|2|4|-1|1
393369|Death Company Captain with Jump Pack|6|1||Power fist||Melee|Melee|5|2|8|-2|2
393369|Death Company Captain with Jump Pack|7|1||Relic Weapon||Melee|Melee|6|2|5|-2|2
166|Death Company Dreadnought|1|1||Blood Fist Bolt Rifles|Twin-linked|24|Ranged|4|3|4|-1|1
166|Death Company Dreadnought|2|1||Twin heavy bolter|Sustained Hits 1, Twin-linked|36|Ranged|3|3|5|-1|2
166|Death Company Dreadnought|3|1||Twin Icarus ironhail heavy stubber|Anti-FLY 4+, Rapid Fire 3, Twin-linked|36|Ranged|3|3|4|0|1
166|Death Company Dreadnought|4|1||Twin multi-melta|Melta 2, Twin-linked|18|Ranged|2|3|9|-4|D6
166|Death Company Dreadnought|5|1||Blood Fists|Twin-linked|Melee|Melee|6|3|12|-2|3
166|Death Company Dreadnought|6|1||Blood Talons - Strike|Twin-linked|Melee|Melee|6|3|12|-2|3
166|Death Company Dreadnought|7|2||Blood Talons - Sweep|Twin-linked|Melee|Melee|10|3|7|-2|1
3835|Death Company Dreadnought|1|1||Heavy Flamer|Ignores Cover, Torrent|12|Ranged|D6|-|5|-1|1
3835|Death Company Dreadnought|2|1||Meltagun|Melta 2|12|Ranged|1|3|9|-4|D6
3835|Death Company Dreadnought|3|1||Storm Bolter|Rapid Fire 2|24|Ranged|2|3|4|0|1
3835|Death Company Dreadnought|4|1||Blood Talons|Twin-linked|Melee|Melee|7|3|8|-2|3
3835|Death Company Dreadnought|5|1||Twin Furioso Fists|Twin-linked|Melee|Melee|5|3|12|-3|3
964993|Death Company Intercessors|1|1||Astartes Grenade Launcher - Frag|Blast|24|Ranged|D3|3|4|0|1
964993|Death Company Intercessors|2|2||Astartes Grenade Launcher - Krak||24|Ranged|1|3|9|-2|D3
964993|Death Company Intercessors|3|1||Bolt pistol|Close-Quarters|12|Ranged|1|3|4|0|1
964993|Death Company Intercessors|4|1||Bolt Rifle|Assault, Heavy|24|Ranged|2|3|4|-1|1
964993|Death Company Intercessors|5|1||Hand flamer|Ignores Cover, Pistol, Torrent|12|Ranged|D6|-|3|0|1
964993|Death Company Intercessors|6|1||Heavy Bolt Pistol|Pistol|18|Ranged|1|3|4|-1|1
964993|Death Company Intercessors|7|1||Plasma pistol - standard|Pistol|12|Ranged|1|3|7|-2|1
964993|Death Company Intercessors|8|2||Plasma pistol - supercharge|Hazardous, Pistol|12|Ranged|1|3|8|-3|2
964993|Death Company Intercessors|9|1||Astartes Chainsword||Melee|Melee|4|3|4|-1|1
964993|Death Company Intercessors|10|1||Close combat weapon||Melee|Melee|3|3|4|0|1
964993|Death Company Intercessors|11|1||Power fist||Melee|Melee|3|3|8|-2|2
964993|Death Company Intercessors|12|1||Power weapon||Melee|Melee|4|3|5|-2|1
964993|Death Company Intercessors|13|1||Thunder Hammer|Devastating Wounds|Melee|Melee|3|4|8|-2|2
2285|Death Company Marines|1|1||Hand flamer|Ignores Cover, Pistol, Torrent|12|Ranged|D6|-|3|0|1
2285|Death Company Marines|2|1||Heavy Bolt Pistol|Pistol|18|Ranged|1|3|4|-1|1
2285|Death Company Marines|3|1||Inferno Pistol|Melta 2, Pistol|6|Ranged|1|3|8|-4|D3
2285|Death Company Marines|4|1||Plasma pistol - standard|Pistol|12|Ranged|1|3|7|-2|1
2285|Death Company Marines|5|2||Plasma pistol - supercharge|Hazardous, Pistol|12|Ranged|1|3|8|-3|2
2285|Death Company Marines|6|1||Astartes Chainsword||Melee|Melee|4|3|4|-1|1
2285|Death Company Marines|7|1||Eviscerator|Sustained Hits 1|Melee|Melee|3|4|7|-2|2
2285|Death Company Marines|8|1||Power fist||Melee|Melee|3|3|8|-2|2
2285|Death Company Marines|9|1||Power weapon||Melee|Melee|4|3|5|-2|1
2285|Death Company Marines|10|1||Thunder Hammer|Devastating Wounds|Melee|Melee|3|4|8|-2|2
756352|Death Company Marines with Bolt Rifles|1|1||Astartes Grenade Launcher - Frag|Blast|24|Ranged|D3|3|4|0|1
756352|Death Company Marines with Bolt Rifles|2|2||Astartes Grenade Launcher - Krak||24|Ranged|1|3|9|-2|D3
756352|Death Company Marines with Bolt Rifles|3|1||Bolt pistol|Close-Quarters|12|Ranged|1|3|4|0|1
756352|Death Company Marines with Bolt Rifles|4|1||Bolt Rifle|Assault, Heavy|24|Ranged|2|3|4|-1|1
756352|Death Company Marines with Bolt Rifles|5|1||Hand flamer|Ignores Cover, Pistol, Torrent|12|Ranged|D6|-|3|0|1
756352|Death Company Marines with Bolt Rifles|6|1||Inferno Pistol|Melta 2, Pistol|6|Ranged|1|3|8|-4|D3
756352|Death Company Marines with Bolt Rifles|7|1||Plasma pistol - standard|Pistol|12|Ranged|1|3|7|-2|1
756352|Death Company Marines with Bolt Rifles|8|2||Plasma pistol - supercharge|Hazardous, Pistol|12|Ranged|1|3|8|-3|2
756352|Death Company Marines with Bolt Rifles|9|1||Astartes Chainsword||Melee|Melee|4|3|4|-1|1
756352|Death Company Marines with Bolt Rifles|10|1||Close combat weapon||Melee|Melee|3|3|4|0|1
756352|Death Company Marines with Bolt Rifles|11|1||Close Combat Weapon||Melee|Melee|3|3|4|0|1
756352|Death Company Marines with Bolt Rifles|12|1||Eviscerator|Sustained Hits 1|Melee|Melee|3|4|7|-2|2
756352|Death Company Marines with Bolt Rifles|13|1||Power Fist||Melee|Melee|3|3|8|-2|2
756352|Death Company Marines with Bolt Rifles|14|1||Power weapon||Melee|Melee|4|3|5|-2|1
756352|Death Company Marines with Bolt Rifles|15|1||Thunder Hammer|Devastating Wounds|Melee|Melee|3|4|8|-2|2
3836|Death Company Marine|1|1||Bolt pistol|Close-Quarters|12|Ranged|1|3|4|0|1
3836|Death Company Marine|2|1||Boltgun||24|Ranged|2|3|4|0|1
3836|Death Company Marine|3|1||Hand flamer|Ignores Cover, Pistol, Torrent|12|Ranged|D6|-|3|0|1
3836|Death Company Marine|4|1||Inferno Pistol|Melta 2, Pistol|6|Ranged|1|3|8|-4|D3
3836|Death Company Marine|5|1||Plasma pistol - standard|Pistol|12|Ranged|1|3|7|-2|1
3836|Death Company Marine|6|2||Plasma pistol - supercharge|Hazardous, Pistol|12|Ranged|1|3|8|-3|2
3836|Death Company Marine|7|1||Astartes Chainsword||Melee|Melee|4|3|4|-1|1
3836|Death Company Marine|8|1||Close combat weapon||Melee|Melee|3|3|4|0|1
3836|Death Company Marine|9|1||Power fist||Melee|Melee|3|3|8|-2|2
3836|Death Company Marine|10|1||Power weapon||Melee|Melee|4|3|5|-2|1
3836|Death Company Marine|11|1||Thunder Hammer|Devastating Wounds|Melee|Melee|3|4|8|-2|2
3837|Death Company Marine|1|1||Bolt pistol|Close-Quarters|12|Ranged|1|3|4|0|1
3837|Death Company Marine|2|1||Boltgun||24|Ranged|2|3|4|0|1
3837|Death Company Marine|3|1||Hand flamer|Ignores Cover, Pistol, Torrent|12|Ranged|D6|-|3|0|1
3837|Death Company Marine|4|1||Inferno Pistol|Melta 2, Pistol|6|Ranged|1|3|8|-4|D3
3837|Death Company Marine|5|1||Plasma pistol - standard|Pistol|12|Ranged|1|3|7|-2|1
3837|Death Company Marine|6|2||Plasma pistol - supercharge|Hazardous, Pistol|12|Ranged|1|3|8|-3|2
3837|Death Company Marine|7|1||Astartes Chainsword||Melee|Melee|4|3|4|-1|1
3837|Death Company Marine|8|1||Close combat weapon||Melee|Melee|3|3|4|0|1
3837|Death Company Marine|9|1||Power fist||Melee|Melee|3|3|8|-2|2
3837|Death Company Marine|10|1||Power weapon||Melee|Melee|4|3|5|-2|1
3837|Death Company Marine|11|1||Thunder Hammer|Devastating Wounds|Melee|Melee|3|4|8|-2|2
2737|Death Company Marine with Jump Pack|1|1||Hand flamer|Ignores Cover, Pistol, Torrent|12|Ranged|D6|-|3|0|1
2737|Death Company Marine with Jump Pack|2|1||Heavy Bolt Pistol|Pistol|18|Ranged|1|3|4|-1|1
2737|Death Company Marine with Jump Pack|3|1||Inferno Pistol|Melta 2, Pistol|6|Ranged|1|3|8|-4|D3
2737|Death Company Marine with Jump Pack|4|1||Plasma pistol - standard|Pistol|12|Ranged|1|3|7|-2|1
2737|Death Company Marine with Jump Pack|5|2||Plasma pistol - supercharge|Hazardous, Pistol|12|Ranged|1|3|8|-3|2
2737|Death Company Marine with Jump Pack|6|1||Astartes Chainsword||Melee|Melee|4|3|4|-1|1
2737|Death Company Marine with Jump Pack|7|1||Eviscerator|Sustained Hits 1|Melee|Melee|3|4|7|-2|2
2737|Death Company Marine with Jump Pack|8|1||Power fist||Melee|Melee|3|3|8|-2|2
2737|Death Company Marine with Jump Pack|9|1||Power weapon||Melee|Melee|4|3|5|-2|1
2267|Deathstorm Drop Pod|1|1||Deathstorm cannon array|Sustained Hits 2|18|Ranged|12|4|6|0|1
2267|Deathstorm Drop Pod|2|1||Deathstorm missile array|Blast|18|Ranged|2D6|4|8|-2|2
3873|Deathwatch Terminator|1|1||Assault Cannon|Devastating Wounds|24|Ranged|6|3|6|0|1
3873|Deathwatch Terminator|2|1||Cyclone missile launcher - frag|Blast|36|Ranged|2D6|3|4|0|1
3873|Deathwatch Terminator|3|2||Cyclone missile launcher - krak||36|Ranged|2|3|9|-2|D6
3873|Deathwatch Terminator|4|1||Heavy flamer|Ignores Cover, Torrent|12|Ranged|D6|-|5|-1|1
3873|Deathwatch Terminator|5|1||Plasma cannon - standard|Blast|36|Ranged|D3|3|7|-2|1
3873|Deathwatch Terminator|6|2||Plasma cannon - supercharge|Blast, Hazardous|36|Ranged|D3|3|8|-3|2
3873|Deathwatch Terminator|7|1||Storm bolter|Rapid Fire 2|24|Ranged|2|3|4|0|1
3873|Deathwatch Terminator|8|1||Storm Bolter|Rapid Fire 2|24|Ranged|2|3|4|0|1
3873|Deathwatch Terminator|9|1||Chainfist|Anti-Vehicle 3+|Melee|Melee|3|4|8+|-2|2
3873|Deathwatch Terminator|10|2||Chainfist|Anti-Vehicle 3+|Melee|Melee|3|4|8|-2|2
3873|Deathwatch Terminator|11|1||Power fist||Melee|Melee|3|3|8|-2|2
3873|Deathwatch Terminator|12|1||Power Fist||Melee|Melee|3|3|8|-2|2
3873|Deathwatch Terminator|13|1||Power weapon||Melee|Melee|4|3|5|-2|1
3873|Deathwatch Terminator|14|1||Power Weapon|-|Melee|Melee|4|3|5|-2|1
3873|Deathwatch Terminator|15|2||Power Weapon||Melee|Melee|4|3|5|-2|1
3873|Deathwatch Terminator|16|1||Thunder Hammer|Devastating Wounds|Melee|Melee|3|4|8|-2|2
3873|Deathwatch Terminator|17|1||Twin lightning claws|Twin-linked|Melee|Melee|5|3|5|-2|1
2783|Deathwatch Veterans|1|1||Boltgun||24|Ranged|2|3|4|0|1
2783|Deathwatch Veterans|2|1||Combi-weapon|Anti-Infantry 4+, Devastating Wounds, Rapid Fire 1|24|Ranged|1|4|4|0|1
2783|Deathwatch Veterans|3|1||Deathwatch shotgun|Assault|24|Ranged|2|3|4|0|2
2783|Deathwatch Veterans|4|1||Frag cannon|Blast, Heavy, Rapid Fire D3|18|Ranged|D3|4|7|-1|2
2783|Deathwatch Veterans|5|1||Infernus heavy bolter - heavy bolter|Heavy, Sustained Hits 1|36|Ranged|3|4|5|-1|2
2783|Deathwatch Veterans|6|2||Infernus heavy bolter - heavy flamer|Ignores Cover, Torrent|12|Ranged|D6|-|5|-1|1
2783|Deathwatch Veterans|7|1||Stalker-pattern boltgun|Heavy, Precision|24|Ranged|1|3|4|-1|2
2783|Deathwatch Veterans|8|1||Blackshield blades|Twin-linked|Melee|Melee|4|3|5|-2|1
2783|Deathwatch Veterans|9|1||Close combat weapon||Melee|Melee|3|3|4|0|1
2783|Deathwatch Veterans|10|1||Deathwatch thunder hammer|Devastating Wounds|Melee|Melee|3|4|10|-2|3
2783|Deathwatch Veterans|11|1||Power weapon||Melee|Melee|3|3|5|-2|1
2783|Deathwatch Veterans|12|1||Xenophase blade|Devastating Wounds|Melee|Melee|4|3|5|-2|1
2302|Deathwing Ancient|1|1||Assault cannon|Devastating Wounds|24|Ranged|6|3|6|0|1
2302|Deathwing Ancient|2|1||Cyclone missile launcher - frag|Blast|36|Ranged|2D6|3|4|0|1
2302|Deathwing Ancient|3|2||Cyclone missile launcher - krak||36|Ranged|2|3|9|-2|D6
2302|Deathwing Ancient|4|1||Heavy Flamer|Ignores Cover, Torrent|12|Ranged|D6|-|5|-1|1
2302|Deathwing Ancient|5|1||Plasma cannon - standard|Blast|36|Ranged|D3|3|7|-2|1
2302|Deathwing Ancient|6|2||Plasma cannon - supercharge|Blast, Hazardous|36|Ranged|D3|3|8|-3|2
2302|Deathwing Ancient|7|1||Storm bolter|Rapid Fire 2|24|Ranged|2|3|4|0|1
2302|Deathwing Ancient|8|1||Storm Bolter|Rapid Fire 2|24|Ranged|2|3|4|0|1
2302|Deathwing Ancient|9|2||Storm Bolter|Rapid Fire 1|24|Ranged|2|3|4|0|1
2302|Deathwing Ancient|10|1||Chainfist|Anti-Vehicle 3+|Melee|Melee|3|4|8|-2|2
2302|Deathwing Ancient|11|1||Halberd of Caliban|Precision|Melee|Melee|5|3|6|-2|2
2302|Deathwing Ancient|12|1||Power Fist||Melee|Melee|3|3|8|-2|2
2302|Deathwing Ancient|13|1||Power Weapon||Melee|Melee|4|3|5|-2|1
2302|Deathwing Ancient|14|1||Thunder Hammer|Devastating Wounds|Melee|Melee|3|4|8|-2|2
2302|Deathwing Ancient|15|1||Twin lightning claws|Twin-linked|Melee|Melee|5|3|5|-2|1
231|Deathwing Knight|1|1||Great Weapon of the Unforgiven|Devastating Wounds, Sustained Hits 1|Melee|Melee|5|2|6|-2|2
231|Deathwing Knight|2|1||Mace of absolution|Anti-Monster 4+, Anti-Vehicle 4+|Melee|Melee|4|2|6|-2|2
231|Deathwing Knight|3|1||Power Weapon||Melee|Melee|5|2|6|-2|2
231|Deathwing Knight|4|1||Relic Weapon|Lethal Hits|Melee|Melee|6|2|7|-2|2
2468|Deathwing Strikemaster [Legends]|1|1||Storm Bolter|Rapid Fire 2|24|Ranged|2|2|4|0|1
2468|Deathwing Strikemaster [Legends]|2|1||Chainfist|Anti-Vehicle 3+|Melee|Melee|4|3|8|-2|2
2468|Deathwing Strikemaster [Legends]|3|1||Mace of Absolution||Melee|Melee|5|2|6|-1|3
2468|Deathwing Strikemaster [Legends]|4|1||Master-crafted Power Weapon||Melee|Melee|5|2|5|-2|2
2468|Deathwing Strikemaster [Legends]|5|1||Power Fist||Melee|Melee|4|2|8|-2|2
2468|Deathwing Strikemaster [Legends]|6|1||Thunder Hammer|Devastating Wounds|Melee|Melee|4|3|8|-2|2
2468|Deathwing Strikemaster [Legends]|7|1||Twin Lightning Claws|Twin-Linked|Melee|Melee|6|2|5|-2|1
230|Deathwing Sergeant|1|1||Assault cannon|Devastating Wounds|24|Ranged|6|3|6|0|1
230|Deathwing Sergeant|2|1||Cyclone missile launcher - frag|Blast|36|Ranged|2D6|3|4|0|1
230|Deathwing Sergeant|3|2||Cyclone missile launcher - krak||36|Ranged|2|3|9|-2|D6
230|Deathwing Sergeant|4|1||Heavy Flamer|Ignores Cover, Torrent|12|Ranged|D6|-|5|-1|1
230|Deathwing Sergeant|5|1||Plasma cannon - standard|Blast|36|Ranged|D3|3|7|-2|1
230|Deathwing Sergeant|6|2||Plasma cannon - supercharge|Blast, Hazardous|36|Ranged|D3|3|8|-3|2
230|Deathwing Sergeant|7|1||Storm bolter|Rapid Fire 2|24|Ranged|2|3|4|0|1
230|Deathwing Sergeant|8|1||Storm Bolter|Rapid Fire 2|24|Ranged|2|3|4|0|1
230|Deathwing Sergeant|9|1||Chainfist|Anti-Vehicle 3+|Melee|Melee|3|4|8|-2|2
230|Deathwing Sergeant|10|1||Power Fist||Melee|Melee|3|3|8|-2|2
230|Deathwing Sergeant|11|1||Power Weapon||Melee|Melee|4|3|5|-2|1
4175|Kill Team Sergeant|1|1||Astartes grenade launcher - frag|Blast|24|Ranged|D3|3|4|0|1
4175|Kill Team Sergeant|2|2||Astartes grenade launcher - krak||24|Ranged|1|3|9|-2|D3
4175|Kill Team Sergeant|3|1||Bolt pistol|Pistol, Lethal Hits|12|Ranged|1|3|4|0|1
4175|Kill Team Sergeant|4|1||Deathwatch marksman bolt carbine|Heavy, Lethal Hits|24|Ranged|2|3|5|-1|1
4175|Kill Team Sergeant|5|1||Frag cannon|Blast, Heavy, Lethal Hits, Rapid Fire D3|18|Ranged|D3|3|7|-2|2
4175|Kill Team Sergeant|6|1||Hellstorm bolt rifle|Assault, Heavy, Lethal Hits|30|Ranged|2|3|5|-2|2
4175|Kill Team Sergeant|7|1||Infernus heavy bolter - heavy bolter|Sustained Hits 1|36|Ranged|3|3|5|-2|3
4175|Kill Team Sergeant|8|2||Infernus heavy bolter - heavy flamer|Ignores Cover, Torrent|12|Ranged|D6|-|5|-1|1
4175|Kill Team Sergeant|9|1||Plasma incinerator - Standard|Assault, Heavy|24|Ranged|2|3|7|-2|1
4175|Kill Team Sergeant|10|2||Plasma incinerator - Supercharge|Assault, Hazardous, Heavy|24|Ranged|2|3|8|-3|2
4175|Kill Team Sergeant|11|1||Plasma pistol - Standard|Pistol|12|Ranged|1|3|7|-2|1
4175|Kill Team Sergeant|12|2||Plasma pistol - Supercharge|Hazardous, Pistol|12|Ranged|1|3|8|-3|2
4175|Kill Team Sergeant|13|1||Special-issue bolt pistol|Pistol, Precision, Lethal Hits|18|Ranged|1|3|4|-1|1
4175|Kill Team Sergeant|14|1||Stalker bolt rifle|Heavy, Lethal Hits, Precision|30|Ranged|2|3|5|-2|2
4175|Kill Team Sergeant|15|1||Close combat weapon||Melee|Melee|3|3|4|0|1
4175|Kill Team Sergeant|16|1||Combat knife|Precision|Melee|Melee|4|3|4|-1|1
4175|Kill Team Sergeant|17|1||Heavy thunder hammer|Devastating Wounds|Melee|Melee|3|4|10|-2|3
4175|Kill Team Sergeant|18|1||Power weapon|Sustained Hits 1|Melee|Melee|4|3|5|-2|2
4175|Kill Team Sergeant|19|1||Xenophase blade|Devastating Wounds|Melee|Melee|4|3|5|-2|1
2268|Deimos Predator [Legends]|1|1||Conversion Beam Cannon|Conversion, Sustained Hits D3|24|Ranged|1|3|7|-1|3
2268|Deimos Predator [Legends]|2|1||Heavy Bolter|Sustained Hits 1|36|Ranged|3|3|5|-1|2
2268|Deimos Predator [Legends]|3|1||Heavy Flamer|Ignores Cover, Torrent|12|Ranged|D6|-|5|-1|1
2268|Deimos Predator [Legends]|4|1||Hunter-killer missile|One Shot|48|Ranged|1|2|14|-3|D6
2268|Deimos Predator [Legends]|5|1||Infernus Cannon|Ignores Cover, Torrent|12|Ranged|2D6|-|6|-1|1
2268|Deimos Predator [Legends]|6|1||Lascannon||48|Ranged|1|3|12|-3|D6+1
2268|Deimos Predator [Legends]|7|1||Magna-Melta Cannon|Melta 4|18|Ranged|2|3|12|-4|D6
2268|Deimos Predator [Legends]|8|1||Plasma Destroyer - Standard|Blast|36|Ranged|D3|3|8|-2|2
2268|Deimos Predator [Legends]|9|2||Plasma Destroyer - Supercharge|Blast, Hazardous|36|Ranged|D3|3|9|-3|3
2268|Deimos Predator [Legends]|10|1||Storm bolter|Rapid Fire 2|24|Ranged|2|3|4|0|1
2268|Deimos Predator [Legends]|11|1||Armoured Tracks||Melee|Melee|3|4|6|0|1
2269|Deredeo Dreadnought|1|1||Aiolos missile launcher|Blast|48|Ranged|D6+3|3|5|0|1
2269|Deredeo Dreadnought|2|1||Anvilus autocannon battery|Twin-linked|48|Ranged|4|3|9|-1|3
2269|Deredeo Dreadnought|3|1||Arachnus heavy lascannon battery||48|Ranged|2|3|12|-3|D6+1
2269|Deredeo Dreadnought|4|1||Boreas air defence missiles|Anti-FLY 2+|48|Ranged|1|3|12|-3|D6+1
2269|Deredeo Dreadnought|5|1||Hellfire plasma carronade - standard||36|Ranged|6|3|7|-2|2
2269|Deredeo Dreadnought|6|2||Hellfire plasma carronade - supercharge|Hazardous|36|Ranged|6|3|8|-3|3
2269|Deredeo Dreadnought|7|1||Twin heavy bolter|Sustained Hits 1, Twin-linked|36|Ranged|3|3|5|-1|2
2269|Deredeo Dreadnought|8|1||Twin heavy flamer|Ignores Cover, Torrent, Twin-linked|12|Ranged|D6|-|5|-1|1
2269|Deredeo Dreadnought|9|1||Volkite falconet battery|Devastating Wounds|30|Ranged|6|3|9|0|2
2269|Deredeo Dreadnought|10|1||Armoured feet||Melee|Melee|6|3|6|0|1
2270|Desolation Squad|1|1||Bolt pistol|Close-Quarters|12|Ranged|1|3|4|0|1
2270|Desolation Squad|2|1||Castellan Launcher|Blast, Indirect Fire|36|Ranged|D3|3|4|0|1
2270|Desolation Squad|3|1||Superfrag Rocket Launcher|Blast, Heavy|48|Ranged|D6+1|4|5|0|1
2270|Desolation Squad|4|1||Superkrak Rocket Launcher|Heavy|48|Ranged|1|4|10|-2|D6+1
2270|Desolation Squad|5|1||Vengor launcher|Blast, Indirect Fire|48|Ranged|D6|2|7|-1|2
2270|Desolation Squad|6|1||Close combat weapon||Melee|Melee|3|3|4|0|1
2202|Devastator Marine|1|1||Bolt pistol|Close-Quarters|12|Ranged|1|3|4|0|1
2202|Devastator Marine|2|1||Boltgun||24|Ranged|2|3|4|0|1
2202|Devastator Marine|3|1||Combi-weapon|Anti-Infantry 4+, Devastating Wounds, Rapid Fire 1|24|Ranged|1|4|4|0|1
2202|Devastator Marine|4|1||Grav-cannon|Anti-vehicle 2+, Heavy|24|Ranged|3|4|6|-1|3
2202|Devastator Marine|5|1||Grav-pistol|Anti-vehicle 2+, Pistol|12|Ranged|1|3|4|-1|2
2202|Devastator Marine|6|1||Heavy Bolter|Heavy, Sustained Hits 1|36|Ranged|3|4|5|-1|2
2202|Devastator Marine|7|1||Lascannon|Heavy|48|Ranged|1|4|12|-3|D6+1
2202|Devastator Marine|8|1||Missile Launcher - Frag|Blast, Heavy|48|Ranged|D6|4|4|0|1
2202|Devastator Marine|9|2||Missile Launcher - Krak|Heavy|48|Ranged|1|4|9|-2|D6
2202|Devastator Marine|10|1||Multi-melta|Heavy, Melta 2|18|Ranged|2|4|9|-4|D6
2202|Devastator Marine|11|1||Plasma cannon - standard|Blast, Heavy|36|Ranged|D3|4|7|-2|1
2202|Devastator Marine|12|2||Plasma cannon - supercharge|Blast, Heavy, Hazardous|36|Ranged|D3|4|8|-3|2
2202|Devastator Marine|13|1||Plasma pistol - standard|Pistol|12|Ranged|1|3|7|-2|1
2202|Devastator Marine|14|2||Plasma pistol - supercharge|Hazardous, Pistol|12|Ranged|1|3|8|-3|2
2202|Devastator Marine|15|1||Astartes Chainsword||Melee|Melee|4|3|4|-1|1
2202|Devastator Marine|16|1||Close combat weapon||Melee|Melee|2|3|4|0|1
2202|Devastator Marine|17|1||Power fist||Melee|Melee|2|3|8|-2|2
2202|Devastator Marine|18|1||Power weapon||Melee|Melee|3|3|5|-2|1
2202|Devastator Marine|19|1||Thunder Hammer|Devastating Wounds|Melee|Melee|2|4|8|-2|2
117|Dreadnought|1|1||Assault Cannon|Devastating Wounds|24|Ranged|6|3|6|0|1
117|Dreadnought|2|1||Heavy Flamer|Ignores Cover, Torrent|12|Ranged|D6|-|5|-1|1
117|Dreadnought|3|1||Heavy Plasma Cannon|Blast, Hazardous|36|Ranged|D3|3|8|-3|3
117|Dreadnought|4|2||Heavy Plasma Cannon - Standard|Blast|36|Ranged|D3|3|7|-2|2
117|Dreadnought|5|1||Missile Launcher - Frag|Blast|48|Ranged|D6|3|4|0|1
117|Dreadnought|6|2||Missile Launcher - Krak||48|Ranged|1|3|9|-2|D6
117|Dreadnought|7|1||Multi-melta|Melta 2|18|Ranged|2|3|9|-4|D6
117|Dreadnought|8|1||Storm bolter|Rapid Fire 2|24|Ranged|2|3|4|0|1
117|Dreadnought|9|1||Twin lascannon|Twin-linked|48|Ranged|1|3|12|-3|D6+1
117|Dreadnought|10|1||Close combat weapon||Melee|Melee|5|3|6|0|1
117|Dreadnought|11|1||Dreadnought Combat Weapon||Melee|Melee|5|3|12|-2|3
1668|Eliminator Sergeant|1|1||Bolt pistol|Close-Quarters|12|Ranged|1|3|4|0|1
1668|Eliminator Sergeant|2|1||Bolt Sniper Rifle|Heavy, Precision|36|Ranged|1|3|5|-2|3
1668|Eliminator Sergeant|3|1||Instigator Bolt Carbine|Precision|24|Ranged|1|3|4|-2|2
1668|Eliminator Sergeant|4|1||Las fusil|Heavy|36|Ranged|1|3|9|-3|D6
1668|Eliminator Sergeant|5|1||Close combat weapon||Melee|Melee|3|3|4|0|1
2795|The Emperor's Champion|1|1||Bolt pistol|Pistol|12|Ranged|1|2|4|0|1
2795|The Emperor's Champion|2|1||Black Sword - Strike|Anti-Character 5+, Precision|Melee|Melee|6|2|8|-3|3
2795|The Emperor's Champion|3|2||Black Sword - Sweep||Melee|Melee|10|2|6|-2|1
904132|The Emperor's Champion|1|1||Bolt pistol|Pistol|12|Ranged|1|2|4|0|1
904132|The Emperor's Champion|2|1||Black Sword - Strike|Anti-Character 5+, Precision|Melee|Melee|6|2|8|-3|3
904132|The Emperor's Champion|3|2||Black Sword - Sweep||Melee|Melee|10|2|6|-2|1
4231|Eradicator Sergeant|1|1||Bolt pistol|Close-Quarters|12|Ranged|1|3|4|0|1
4231|Eradicator Sergeant|2|1||Melta rifle|Heavy, Melta 2|18|Ranged|1|3|9|-4|D6
4231|Eradicator Sergeant|3|1||Multi-melta|Heavy, Melta 2|18|Ranged|2|4|9|-4|D6
4231|Eradicator Sergeant|4|1||Close combat weapon||Melee|Melee|3|3|4|0|1
911415|Eradicator Squad with Heavy Bolters|1|1||Bolt pistol|Close-Quarters|12|Ranged|1|3|4|0|1
911415|Eradicator Squad with Heavy Bolters|2|1||Heavy Bolter|Heavy, Sustained Hits 1|36|Ranged|3|3|5|-1|2
911415|Eradicator Squad with Heavy Bolters|3|1||Close combat weapon||Melee|Melee|3|3|4|0|1
4135|Execrator|1|1||Absolvor bolt pistol|Pistol|18|Ranged|1|3|5|-1|2
4135|Execrator|2|1||Pyre Pistol|Ignores Cover, Pistol, Torrent|12|Ranged|D6|-|4|0|1
4135|Execrator|3|1||Crozius arcanum||Melee|Melee|5|2|6|-1|2
4135|Execrator|4|1||Master-crafted Power Weapon|Extra Attacks, Lethal Hits|Melee|Melee|3|2|5|-2|2
226|Ezekiel|1|1||Mind Wipe - focussed witchfire|Anti-Character 4+, Devastating Wounds, Hazardous, Precision, Psychic|12|Ranged|1|2|6|-2|D6
226|Ezekiel|2|2||Mind Wipe - witchfire|Devastating Wounds, Precision, Psychic|12|Ranged|1|2|6|-2|D6
226|Ezekiel|3|1||The Deliverer|Pistol, Precision|12|Ranged|1|2|4|-1|2
226|Ezekiel|4|1||Traitor's Bane|Anti-Chaos 2+, Psychic|Melee|Melee|4|2|6|-2|D3
1666|Falchion|1|1||Heavy bolter|Sustained Hits 1|36|Ranged|3|3|5|-1|2
1666|Falchion|2|1||Heavy flamer|Ignores Cover, Torrent|12|Ranged|D6|-|5|-1|1
1666|Falchion|3|1||Laser destroyer|Heavy|36|Ranged|3|3|14|-4|D6+1
1666|Falchion|4|1||Multi-melta|Melta 2|18|Ranged|2|3|9|-4|D6
1666|Falchion|5|1||Quad lascannon||48|Ranged|4|3|12|-3|D6+1
1666|Falchion|6|1||Storm bolter|Rapid Fire 2|24|Ranged|2|3|4|0|1
1666|Falchion|7|1||Twin Falchion volcano cannon|Blast, Twin-linked|120|Ranged|D3+1|3|24|-5|12
1666|Falchion|8|1||Twin heavy bolter|Sustained Hits 1, Twin-linked|36|Ranged|3|3|5|-1|2
1666|Falchion|9|1||Twin heavy flamer|Ignores Cover, Torrent, Twin-linked|12|Ranged|D6|-|5|-1|1
1666|Falchion|10|1||Armoured tracks||Melee|Melee|6|4|8|0|1
2704|Fellblade|1|1||Combi-weapon|Anti-INFANTRY 3+, Devastating Wounds, Rapid Fire 1|24|Ranged|1|3|4|0|1
2704|Fellblade|2|1||Demolisher cannon|Blast|24|Ranged|D6+3|3|14|-3|D6
2704|Fellblade|3|1||Fellblade accelerator cannon - AP shells||72|Ranged|2|3|14|-3|6
2704|Fellblade|4|2||Fellblade accelerator cannon - HE shells|Blast|72|Ranged|2D6|3|8|-1|2
2704|Fellblade|5|1||Havoc launcher|Blast|48|Ranged|D6|3|5|0|1
2704|Fellblade|6|1||Heavy bolter|Sustained Hits 1|36|Ranged|3|3|5|-1|2
2704|Fellblade|7|1||Heavy flamer|Ignores Cover, Torrent|12|Ranged|D6|-|5|-1|1
2704|Fellblade|8|1||Laser destroyer|Heavy|36|Ranged|3|3|14|-4|D6+1
2704|Fellblade|9|1||Multi-melta|Melta 2|18|Ranged|2|3|9|-4|D6
2704|Fellblade|10|1||Quad heavy bolter|Sustained Hits 1, Twin-linked|36|Ranged|6|3|5|-1|2
2704|Fellblade|11|1||Quad lascannon||48|Ranged|4|3|12|-3|D6+1
2704|Fellblade|12|1||Storm bolter|Rapid Fire 2|24|Ranged|2|3|4|0|1
2704|Fellblade|13|1||Twin heavy bolter|Sustained Hits 1, Twin-linked|36|Ranged|3|3|5|-1|2
2704|Fellblade|14|1||Twin heavy flamer|Ignores Cover, Torrent, Twin-linked|12|Ranged|D6|-|5|-1|1
2704|Fellblade|15|1||Armoured tracks||Melee|Melee|6|4|8|0|1
323|Fenrisian Wolves|1|1||Teeth and claws||Melee|Melee|3|4|4|0|1
4204|Ferren Areios [Legends]|1|1||Heavy Bolt Pistol|Pistol|18|Ranged|1|2|4|-1|1
4204|Ferren Areios [Legends]|2|1||Relic Thunder Hammer|Devastating Wounds|Melee|Melee|5|2|8|-2|3
1609|Fire Raptor Gunship|1|1||Quad heavy bolter|Twin-linked, Sustained Hits 1|36|Ranged|6|3|5|-1|2
1609|Fire Raptor Gunship|2|1||Twin autocannon|Twin-linked|48|Ranged|2|3|9|-1|3
1609|Fire Raptor Gunship|3|1||Twin avenger bolt cannon|Twin-linked|36|Ranged|10|3|6|-1|2
1609|Fire Raptor Gunship|4|1||Twin hellstrike launcher|Anti-Fly 2+, Twin-linked|72|Ranged|2|3|10|-3|D6
1609|Fire Raptor Gunship|5|1||Twin lascannon|Twin-linked|48|Ranged|1|3|12|-3|D6+1
1609|Fire Raptor Gunship|6|1||Armoured hull||Melee|Melee|6|4|8|0|1
86|Firestrike Servo-Turrets|1|1||Twin Firestrike Autocannon|Twin-linked|48|Ranged|3|2|9|-1|3
86|Firestrike Servo-Turrets|2|1||Twin Firestrike Las-talon|Twin-linked|36|Ranged|2|2|10|-3|D6+1
86|Firestrike Servo-Turrets|3|1||Close combat weapon||Melee|Melee|3|3|4|0|1
2780|Kill Team Sergeant|1|1||Astartes grenade launcher - frag|Blast|24|Ranged|D3|3|4|0|1
2780|Kill Team Sergeant|2|2||Astartes grenade launcher - krak||24|Ranged|1|3|9|-2|D3
2780|Kill Team Sergeant|3|1||Bolt pistol|Close-Quarters|12|Ranged|1|3|4|0|1
2780|Kill Team Sergeant|4|1||Castellan Launcher|Blast, Indirect Fire|36|Ranged|D3|3|4|0|1
2780|Kill Team Sergeant|5|1||Deathwatch bolt rifle|Assault, Heavy, Lethal Hits|24|Ranged|2|3|5|-2|1
2780|Kill Team Sergeant|6|1||Hand flamer|Ignores Cover, Pistol, Torrent|12|Ranged|D6|-|3|0|1
2780|Kill Team Sergeant|7|1||Heavy bolt pistol|Pistol|12|Ranged|1|3|4|-1|1
2780|Kill Team Sergeant|8|1||Plasma incinerator - Standard|Assault, Heavy|24|Ranged|2|3|7|-2|1
2780|Kill Team Sergeant|9|2||Plasma incinerator - Supercharge|Assault, Hazardous, Heavy|24|Ranged|2|3|8|-3|2
2780|Kill Team Sergeant|10|1||Plasma pistol - standard|Pistol|12|Ranged|1|3|7|-2|1
2780|Kill Team Sergeant|11|2||Plasma pistol - Standard|Pistol|12|Ranged|1|3|7|-2|1
2780|Kill Team Sergeant|12|3||Plasma pistol - supercharge|Hazardous, Pistol|12|Ranged|1|3|8|-3|2
2780|Kill Team Sergeant|13|4||Plasma pistol - Supercharge|Hazardous, Pistol|12|Ranged|1|3|8|-3|2
2780|Kill Team Sergeant|14|1||Pyreblaster|Ignores Cover, Torrent|12|Ranged|D6|-|5|0|1
2780|Kill Team Sergeant|15|1||Superfrag missile launcher|Blast, Heavy|48|Ranged|D6+1|4|5|0|1
2780|Kill Team Sergeant|16|1||Superkrak missile launcher|Heavy|48|Ranged|1|4|10|-2|D6+1
2780|Kill Team Sergeant|17|1||Vengor launcher|Blast, Indirect Fire|48|Ranged|D6|2|7|-1|2
2780|Kill Team Sergeant|18|1||Astartes Chainsword||Melee|Melee|4|3|4|-1|1
2780|Kill Team Sergeant|19|1||Close combat weapon||Melee|Melee|3|3|4|0|1
2780|Kill Team Sergeant|20|1||Power fist||Melee|Melee|3|3|8|-2|2
2780|Kill Team Sergeant|21|1||Power weapon||Melee|Melee|4|3|5|-2|1
2780|Kill Team Sergeant|22|1||Thunder Hammer|Devastating Wounds|Melee|Melee|3|4|8|-2|2
167|Furioso Dreadnought|1|1||Heavy flamer|Ignores Cover, Torrent|12|Ranged|D6|-|5|-1|1
167|Furioso Dreadnought|2|1||Heavy Frag Cannon|Blast, Rapid Fire D6|18|Ranged|D6|3|7|-1|2
167|Furioso Dreadnought|3|1||Meltagun|Melta 2|12|Ranged|1|3|9|-4|D6
167|Furioso Dreadnought|4|1||Storm bolter|Rapid Fire 2|24|Ranged|2|3|4|0|1
167|Furioso Dreadnought|5|1||Blood Talons|Twin-linked|Melee|Melee|7|3|8|-2|3
167|Furioso Dreadnought|6|1||Furioso Fist||Melee|Melee|5|3|12|-3|3
167|Furioso Dreadnought|7|1||Twin Furioso Fists|Twin-linked|Melee|Melee|5|3|12|-3|3
169|Gabriel Seth|1|1||Bolt pistol|Pistol|12|Ranged|1|2|4|0|1
169|Gabriel Seth|2|1||Blood Reaver|Sustained Hits 1|Melee|Melee|6|2|8|-2|3
2787|Gladiator Lancer|1|1||Fragstorm grenade launcher|Blast|18|Ranged|D6|3|4|0|1
2787|Gladiator Lancer|2|1||Icarus Rocket Pod|Anti-fly 2+|24|Ranged|D3|3|8|-1|2
2787|Gladiator Lancer|3|1||Ironhail Heavy Stubber|Rapid Fire 3|36|Ranged|3|3|4|0|1
2787|Gladiator Lancer|4|1||Lancer Laser Destroyer|Heavy|72|Ranged|2|3|14|-4|D6+3
2787|Gladiator Lancer|5|1||Storm bolter|Rapid Fire 2|24|Ranged|2|3|4|0|1
2787|Gladiator Lancer|6|1||Armoured Hull||Melee|Melee|3|4|6|0|1
235232|Black Templars Gladiator Lancer|1|1||Fragstorm grenade launcher|Blast|18|Ranged|D6|3|4|0|1
235232|Black Templars Gladiator Lancer|2|1||Icarus Rocket Pod|Anti-fly 2+|24|Ranged|D3|3|8|-1|2
235232|Black Templars Gladiator Lancer|3|1||Ironhail Heavy Stubber|Rapid Fire 3|36|Ranged|3|3|4|0|1
235232|Black Templars Gladiator Lancer|4|1||Lancer Laser Destroyer|Heavy|72|Ranged|2|3|14|-4|D6+3
235232|Black Templars Gladiator Lancer|5|1||Multi-melta|Melta 2|18|Ranged|2|3|9|-4|D6
235232|Black Templars Gladiator Lancer|6|1||Storm bolter|Rapid Fire 2|24|Ranged|2|3|4|0|1
235232|Black Templars Gladiator Lancer|7|1||Armoured Hull||Melee|Melee|3|4|6|0|1
2789|Black Templars Gladiator Reaper|1|1||Icarus Rocket Pod|Anti-fly 2+|24|Ranged|D3|3|8|-1|2
2789|Black Templars Gladiator Reaper|2|1||Ironhail Heavy Stubber|Rapid Fire 3|36|Ranged|3|3|4|0|1
2789|Black Templars Gladiator Reaper|3|1||Multi-melta|Melta 2|18|Ranged|2|3|9|-4|D6
2789|Black Templars Gladiator Reaper|4|1||Tempest Bolter|Rapid Fire 4|24|Ranged|4|3|4|-1|1
2789|Black Templars Gladiator Reaper|5|1||Twin Heavy Onslaught Gatling Cannon|Devastating Wounds, Twin-linked|24|Ranged|12|3|6|0|1
2789|Black Templars Gladiator Reaper|6|1||Armoured Hull||Melee|Melee|3|4|6|0|1
659260|Gladiator Reaper|1|1||Icarus Rocket Pod|Anti-fly 2+|24|Ranged|D3|3|8|-1|2
659260|Gladiator Reaper|2|1||Ironhail Heavy Stubber|Rapid Fire 3|36|Ranged|3|3|4|0|1
659260|Gladiator Reaper|3|1||Tempest Bolter|Rapid Fire 4|24|Ranged|4|3|4|-1|1
659260|Gladiator Reaper|4|1||Twin Heavy Onslaught Gatling Cannon|Devastating Wounds, Twin-linked|24|Ranged|12|3|6|0|1
659260|Gladiator Reaper|5|1||Armoured Hull||Melee|Melee|3|4|6|0|1
2788|Black Templars Gladiator Valiant|1|1||Icarus Rocket Pod|Anti-fly 2+|24|Ranged|D3|3|8|-1|2
2788|Black Templars Gladiator Valiant|2|1||Ironhail Heavy Stubber|Rapid Fire 3|36|Ranged|3|3|4|0|1
2788|Black Templars Gladiator Valiant|3|1||Multi-melta|Melta 2|18|Ranged|2|3|9|-4|D6
2788|Black Templars Gladiator Valiant|4|1||Twin Las-talon|Twin-linked|36|Ranged|2|3|10|-3|D6+1
2788|Black Templars Gladiator Valiant|5|1||Armoured Hull||Melee|Melee|3|4|6|0|1
536354|Gladiator Valiant|1|1||Icarus Rocket Pod|Anti-fly 2+|24|Ranged|D3|3|8|-1|2
536354|Gladiator Valiant|2|1||Ironhail Heavy Stubber|Rapid Fire 3|36|Ranged|3|3|4|0|1
536354|Gladiator Valiant|3|1||Multi-melta|Melta 2|18|Ranged|2|3|9|-4|D6
536354|Gladiator Valiant|4|1||Twin Las-talon|Twin-linked|36|Ranged|2|3|10|-3|D6+1
536354|Gladiator Valiant|5|1||Armoured Hull||Melee|Melee|3|4|6|0|1
305|Grey Hunters|1|1||Bolt Carbine|Rapid Fire 1|24|Ranged|2|3|4|0|1
305|Grey Hunters|2|1||Bolt pistol|Close-Quarters|12|Ranged|1|3|4|0|1
305|Grey Hunters|3|1||Plasma pistol - standard|Pistol|12|Ranged|1|3|7|-2|1
305|Grey Hunters|4|2||Plasma pistol - supercharge|Hazardous, Pistol|12|Ranged|1|3|8|-3|2
305|Grey Hunters|5|1||Astartes Chainsword||Melee|Melee|4|3|4|-1|1
305|Grey Hunters|6|1||Power fist||Melee|Melee|3|3|8|-2|2
305|Grey Hunters|7|1||Power weapon||Melee|Melee|4|3|5|-2|1
97|Hammerfall Bunker|1|1||Hammerfall Heavy Bolter Array|Defensive Array, Sustained Hits 1, Twin-linked|36|Ranged|6|4|5|-1|2
97|Hammerfall Bunker|2|1||Hammerfall Heavy Flamer Array|Defensive Array, Ignores Cover, Torrent, Twin-linked|12|Ranged|2D6|-|5|-1|1
97|Hammerfall Bunker|3|1||Hammerfall Missile Launcher - Superfrag|Blast|48|Ranged|2d6+2|4|5|0|1
97|Hammerfall Bunker|4|2||Hammerfall Missile Launcher - Superkrak||48|Ranged|2|4|10|-2|D6+1
287|Harald Deathwolf|1|1||Bolt pistol|Pistol|12|Ranged|1|2|4|0|1
287|Harald Deathwolf|2|1||Crushing teeth and claws|Extra Attacks|Melee|Melee|3|3|5|-1|1
287|Harald Deathwolf|3|1||Glacius||Melee|Melee|6|2|6|-2|2
1177|Heavy intercessor Squad|1|1||Bolt pistol|Close-Quarters|12|Ranged|1|3|4|0|1
1177|Heavy intercessor Squad|2|1||Heavy Bolt Rifle|Assault, Heavy|30|Ranged|2|3|5|-1|2
1177|Heavy intercessor Squad|3|1||Heavy Bolter|Assault, Heavy, Sustained Hits 1|36|Ranged|3|3|5|-1|2
1177|Heavy intercessor Squad|4|1||Close combat weapon||Melee|Melee|3|3|4|0|1
2098|Hellblaster Sergeant|1|1||Bolt pistol|Close-Quarters|12|Ranged|1|3|4|0|1
2098|Hellblaster Sergeant|2|1||Plasma Incinerator - Standard|Assault, Heavy|24|Ranged|2|3|7|-2|1
2098|Hellblaster Sergeant|3|2||Plasma Incinerator - Supercharge|Assault, Heavy, Hazardous|24|Ranged|2|3|8|-3|2
2098|Hellblaster Sergeant|4|1||Plasma pistol - standard|Pistol|12|Ranged|1|3|7|-2|1
2098|Hellblaster Sergeant|5|2||Plasma pistol - supercharge|Hazardous, Pistol|12|Ranged|1|3|8|-3|2
2098|Hellblaster Sergeant|6|1||Close combat weapon||Melee|Melee|3|3|4|0|1
2794|High Marshal Helbrecht|1|1||Ferocity|Anti-infantry 4+, Devastating Wounds|24|Ranged|2|2|5|-1|2
2794|High Marshal Helbrecht|2|1||Sword of the High Marshals - Strike||Melee|Melee|6|2|8|-3|3
2794|High Marshal Helbrecht|3|2||Sword of the High Marshals - Sweep||Melee|Melee|12|2|6|-3|1
2806|Hounds of Morkai|1|1||Morkai bolt pistol|Anti-PSYKER 4+, Devastating Wounds, Pistol, Precision|12|Ranged|1|3|4|-1|1
2806|Hounds of Morkai|2|1||Morkai combat knife|Anti-PSYKER 4+, Devastating Wounds, Precision|Melee|Melee|4|3|4|0|1
146|Hunter|1|1||Hunter-killer missile|One Shot|48|Ranged|1|2|14|-3|D6
146|Hunter|2|1||Skyspear Missile Launcher|Anti-Fly 3+, Devastating Wounds, Heavy|36|Ranged|1|2|10|-3|D6+2
146|Hunter|3|1||Storm bolter|Rapid Fire 2|24|Ranged|2|3|4|0|1
146|Hunter|4|1||Armoured Tracks||Melee|Melee|3|4|6|0|1
148|Imperial Space Marine [Legends]|1|1||Disintegration Combi-gun|Anti-Infantry 4+, Devastating Wounds, Rapid Fire 1|24|Ranged|1|4|5|-1|1
148|Imperial Space Marine [Legends]|2|1||Disintegration Pistol|Anti-Infantry 4+, Devastating Wounds, Pistol|12|Ranged|1|3|5|-1|1
148|Imperial Space Marine [Legends]|3|1||Close combat weapon||Melee|Melee|4|3|4|0|1
2786|Impulsor|1|1||Bellicatus Missile Array - Frag|Blast|48|Ranged|D6|3|4|0|1
2786|Impulsor|2|2||Bellicatus Missile Array - Icarus|Anti-Fly 2+|48|Ranged|D3|3|8|-1|2
2786|Impulsor|3|3||Bellicatus Missile Array - Krak||48|Ranged|1|3|8|-2|D6
2786|Impulsor|4|1||Fragstorm grenade launcher|Blast|18|Ranged|D6|3|4|0|1
2786|Impulsor|5|1||Ironhail Heavy Stubber|Rapid Fire 3|36|Ranged|3|3|4|0|1
2786|Impulsor|6|1||Ironhail Skytalon Array|Anti-Fly 4+, Sustained Hits 1|36|Ranged|8|3|4|0|1
2786|Impulsor|7|1||Storm bolter|Rapid Fire 2|24|Ranged|2|3|4|0|1
2786|Impulsor|8|1||Armoured Hull||Melee|Melee|3|4|6|0|1
581209|Black Templars Impulsor|1|1||Bellicatus Missile Array - Frag|Blast|48|Ranged|D6|3|4|0|1
581209|Black Templars Impulsor|2|2||Bellicatus Missile Array - Icarus|Anti-Fly 2+|48|Ranged|D3|3|8|-1|2
581209|Black Templars Impulsor|3|3||Bellicatus Missile Array - Krak||48|Ranged|1|3|8|-2|D6
581209|Black Templars Impulsor|4|1||Fragstorm grenade launcher|Blast|18|Ranged|D6|3|4|0|1
581209|Black Templars Impulsor|5|1||Ironhail Heavy Stubber|Rapid Fire 3|36|Ranged|3|3|4|0|1
581209|Black Templars Impulsor|6|1||Ironhail Skytalon Array|Anti-Fly 4+, Sustained Hits 1|36|Ranged|8|3|4|0|1
581209|Black Templars Impulsor|7|1||Multi-melta|Melta 2|18|Ranged|2|3|9|-4|D6
581209|Black Templars Impulsor|8|1||Storm bolter|Rapid Fire 2|24|Ranged|2|3|4|0|1
581209|Black Templars Impulsor|9|1||Armoured Hull||Melee|Melee|3|4|6|0|1
125|Inceptor Sergeant|1|1||Assault Bolters|Assault, Pistol, Sustained Hits 2, Twin-linked|18|Ranged|3|3|5|-1|2
125|Inceptor Sergeant|2|1||Plasma Exterminators - Standard|Assault, Pistol, Twin-linked|18|Ranged|2|3|7|-2|2
125|Inceptor Sergeant|3|2||Plasma Exterminators - Supercharge|Assault, Pistol, Hazardous, Twin-linked|18|Ranged|2|3|8|-3|3
125|Inceptor Sergeant|4|1||Close combat weapon||Melee|Melee|3|3|4|0|1
1159|Incursor Sergeant|1|1||Bolt pistol|Close-Quarters|12|Ranged|1|3|4|0|1
1159|Incursor Sergeant|2|1||Occulus Bolt Carbine|Assault, Ignores Cover|24|Ranged|2|3|4|0|1
1159|Incursor Sergeant|3|1||Paired Combat Blades|Sustained Hits 1|Melee|Melee|3|3|4|-1|1
2781|Kill Team Heavy Intercessor|1|1||Auto boltstorm gauntlets|Twin-linked|18|Ranged|3|3|4|0|1
2781|Kill Team Heavy Intercessor|2|1||Bolt pistol|Close-Quarters|12|Ranged|1|3|4|0|1
2781|Kill Team Heavy Intercessor|3|1||Deathwatch heavy bolt rifle|Assault, Heavy, Lethal Hits|30|Ranged|2|3|5|-2|2
2781|Kill Team Heavy Intercessor|4|1||Deathwatch heavy bolter|Assault, Heavy, Lethal Hits, Sustained Hits 1|36|Ranged|3|3|5|-2|3
2781|Kill Team Heavy Intercessor|5|1||Flamestorm gauntlets|Ignores Cover, Torrent, Twin-linked|12|Ranged|D6+1|-|4|0|1
2781|Kill Team Heavy Intercessor|6|1||Fragstorm grenade launcher|Blast|18|Ranged|D6|3|4|0|1
2781|Kill Team Heavy Intercessor|7|1||Melta rifle|Heavy, Melta 2|18|Ranged|1|3|9|-4|D6
2781|Kill Team Heavy Intercessor|8|1||Multi-melta|Heavy, Melta 2|18|Ranged|2|4|9|-4|D6
2781|Kill Team Heavy Intercessor|9|1||Close combat weapon||Melee|Melee|3|3|4|0|1
2781|Kill Team Heavy Intercessor|10|1||Twin power fists|Twin-linked|Melee|Melee|3|3|8|-2|2
126|Infernus Squad|1|1||Bolt pistol|Close-Quarters|12|Ranged|1|3|4|0|1
126|Infernus Squad|2|1||Pyreblaster|Ignores Cover, Torrent|12|Ranged|D6|-|5|-1|1
126|Infernus Squad|3|1||Close combat weapon||Melee|Melee|3|3|4|0|1
128|Infiltrator Squad|1|1||Bolt pistol|Close-Quarters|12|Ranged|1|3|4|0|1
128|Infiltrator Squad|2|1||Marksman Bolt Carbine|Heavy|24|Ranged|2|3|4|0|1
128|Infiltrator Squad|3|1||Close combat weapon||Melee|Melee|3|3|4|0|1
3698|Inner Circle Companion|1|1||Heavy Bolt Pistol|Pistol|18|Ranged|1|3|4|-1|1
3698|Inner Circle Companion|2|1||Calibanite Greatsword - Strike|Lethal Hits|Melee|Melee|4|3|6|-2|2
3698|Inner Circle Companion|3|2||Calibanite Greatsword - Sweep|Sustained Hits 2|Melee|Melee|5|3|6|-2|1
1157|Intercessor Sergeant|1|1||Astartes grenade launcher - frag|Blast|24|Ranged|D3|3|4|0|1
1157|Intercessor Sergeant|2|2||Astartes grenade launcher - krak||24|Ranged|1|3|9|-2|D3
1157|Intercessor Sergeant|3|1||Bolt pistol|Close-Quarters|12|Ranged|1|3|4|0|1
1157|Intercessor Sergeant|4|1||Bolt Rifle|Assault, Heavy|24|Ranged|2|3|4|-1|1
1157|Intercessor Sergeant|5|1||Hand flamer|Ignores Cover, Pistol, Torrent|12|Ranged|D6|-|3|0|1
1157|Intercessor Sergeant|6|1||Plasma pistol - standard|Pistol|12|Ranged|1|3|7|-2|1
1157|Intercessor Sergeant|7|2||Plasma pistol - supercharge|Hazardous, Pistol|12|Ranged|1|3|8|-3|2
1157|Intercessor Sergeant|8|1||Astartes Chainsword||Melee|Melee|5|3|4|-1|1
1157|Intercessor Sergeant|9|1||Close combat weapon||Melee|Melee|3|3|4|0|1
1157|Intercessor Sergeant|10|1||Power fist||Melee|Melee|3|3|8|-2|2
1157|Intercessor Sergeant|11|1||Power weapon||Melee|Melee|4|3|5|-2|1
1157|Intercessor Sergeant|12|1||Thunder Hammer|Devastating Wounds|Melee|Melee|3|4|8|-2|2
2712|Invader ATV|1|1||Bolt pistol|Close-Quarters|12|Ranged|1|3|4|0|1
2712|Invader ATV|2|1||Multi-melta|Melta 2|18|Ranged|2|3|9|-4|D6
2712|Invader ATV|3|1||Onslaught gatling cannon|Devastating Wounds|24|Ranged|8|3|5|0|1
2712|Invader ATV|4|1||Twin bolt rifle|Twin-linked|24|Ranged|2|3|4|-1|1
2712|Invader ATV|5|1||Close combat weapon||Melee|Melee|5|3|4|0|1
1156|Invictor Tactical Warsuit|1|1||Fragstorm grenade launcher|Blast|18|Ranged|D6|3|4|0|1
1156|Invictor Tactical Warsuit|2|1||Heavy Bolter|Sustained Hits 1|36|Ranged|3|3|5|-1|2
1156|Invictor Tactical Warsuit|3|1||Incendium Cannon|Ignores Cover, Torrent|12|Ranged|D6+3|-|6|-1|1
1156|Invictor Tactical Warsuit|4|1||Twin Ironhail Autocannon|Twin-linked|48|Ranged|3|3|9|-1|3
1156|Invictor Tactical Warsuit|5|1||Twin Ironhail Heavy Stubber|Rapid Fire 3, Twin-linked|36|Ranged|3|3|4|0|1
1156|Invictor Tactical Warsuit|6|1||Invictor Fist||Melee|Melee|5|3|14|-2|3
127|Iron Father Ferrios|1|1||Bolt pistol|Pistol|12|Ranged|1|2|4|0|1
127|Iron Father Ferrios|2|1||Gorgon's Wrath|Sustained Hits 2|36|Ranged|3|2|5|-1|2
127|Iron Father Ferrios|3|1||Harrowhand||Melee|Melee|6|3|7|-2|2
127|Iron Father Ferrios|4|1||Medusan Manipuli|Extra Attacks|Melee|Melee|2|3|8|-2|3
306|Iron Priest|1|1||Helfrost pistol - dispersed|Pistol, Torrent|12|Ranged|D6|-|4|-1|1
306|Iron Priest|2|2||Helfrost pistol - focused|Pistol|12|Ranged|1|2|6|-3|3
306|Iron Priest|3|1||Tempest hammer and Servo-arm||Melee|Melee|4|4|8|-2|3
527540|Iron Priest on Thunderwolf|1|1||Bolt pistol|Close-Quarters|12|Ranged|1|3|4|0|1
527540|Iron Priest on Thunderwolf|2|1||Boltgun||24|Ranged|2|3|4|0|1
527540|Iron Priest on Thunderwolf|3|1||Helfrost pistol - dispersed|Pistol, Torrent|12|Ranged|D3|-|3|-1|1
527540|Iron Priest on Thunderwolf|4|2||Helfrost pistol - focused|Pistol|12|Ranged|1|2|6|-3|3
527540|Iron Priest on Thunderwolf|5|1||Crushing teeth and claws|Extra Attacks|Melee|Melee|3|4|5|-1|1
527540|Iron Priest on Thunderwolf|6|1||Iron Priest hammer||Melee|Melee|3|4|8|-2|3
527540|Iron Priest on Thunderwolf|7|1||Servo-arm|Extra Attacks|Melee|Melee|1|3|8|-2|3
2706|Ironclad Dreadnought|1|1||Heavy Flamer|Ignores Cover, Torrent|12|Ranged|D6|-|5|-1|1
2706|Ironclad Dreadnought|2|1||Hunter-killer missile|One Shot|48|Ranged|1|2|14|-3|D6
2706|Ironclad Dreadnought|3|1||Hurricane Bolter|Rapid Fire 6, Twin-linked|24|Ranged|6|3|4|0|1
2706|Ironclad Dreadnought|4|1||Meltagun|Melta 2|12|Ranged|1|3|9|-4|D6
2706|Ironclad Dreadnought|5|1||Storm bolter|Rapid Fire 2|24|Ranged|2|3|4|0|1
2706|Ironclad Dreadnought|6|1||Dreadnought Chainfist|Anti-vehicle 3+|Melee|Melee|4|3|12|-2|3
2706|Ironclad Dreadnought|7|1||Dreadnought Combat Weapon||Melee|Melee|5|3|12|-2|3
2706|Ironclad Dreadnought|8|1||Seismic Hammer||Melee|Melee|3|3|14|-3|D6+2
107|Javelin Attack Speeder|1|1||Heavy bolter|Sustained Hits 1|36|Ranged|3|3|5|-1|2
107|Javelin Attack Speeder|2|1||Hunter-killer missile|One Shot|48|Ranged|1|2|14|-3|D6
107|Javelin Attack Speeder|3|1||Javelin missile launcher - frag|Blast|36|Ranged|3D6|3|4|0|1
107|Javelin Attack Speeder|4|2||Javelin missile launcher - krak||36|Ranged|3|3|9|-2|D6
107|Javelin Attack Speeder|5|1||Lascannon||48|Ranged|1|3|12|-3|D6+1
107|Javelin Attack Speeder|6|1||Multi-melta|Melta 2|18|Ranged|2|3|9|-4|D6
107|Javelin Attack Speeder|7|1||Close combat weapon||Melee|Melee|4|3|4|0|1
2707|Judiciar|1|1||Absolvor bolt pistol|Pistol|18|Ranged|1|3|5|-1|2
2707|Judiciar|2|1||Executioner Relic Blade|Devastating Wounds, Precision|Melee|Melee|5|2|7|-2|2
790015|Judiciar Xacharus|1|1||Absolvor bolt pistol|Pistol|18|Ranged|1|3|5|-1|2
790015|Judiciar Xacharus|2|1||Executioner Relic Blade|Devastating Wounds, Precision|Melee|Melee|5|2|7|-2|2
2708|Kayvaan Shrike|1|1||Blackout|Pistol, Precision|18|Ranged|2|2|5|-1|2
2708|Kayvaan Shrike|2|1||The Raven's Talons|Precision, Twin-linked|Melee|Melee|7|2|5|-2|2
208668|Chaplain Cassius|1|1||Bolt pistol|Close-Quarters|12|Ranged|1|3|4|0|1
208668|Chaplain Cassius|2|1||Boltgun||24|Ranged|2|3|4|0|1
208668|Chaplain Cassius|3|1||Deathwatch twin boltgun||24|Ranged|4|3|4|0|1
208668|Chaplain Cassius|4|1||Frag cannon|Blast, Heavy, Rapid Fire D3|18|Ranged|D3|4|7|-1|2
208668|Chaplain Cassius|5|1||Heavy Flamer|Ignores Cover, Torrent|12|Ranged|D6|-|5|-1|1
208668|Chaplain Cassius|6|1||Long Vigil ranged weapon|Anti-Infantry 4+, Devastating Wounds, Rapid Fire 1|24|Ranged|1|4|4|0|1
208668|Chaplain Cassius|7|1||Psychic Cleanse|Psychic|24|Ranged|D6|3|5|-1|D3
208668|Chaplain Cassius|8|1||Artificer crozius||Melee|Melee|5|2|6|-1|2
208668|Chaplain Cassius|9|1||Close combat weapon||Melee|Melee|3|3|5|-2|1
208668|Chaplain Cassius|10|1||Force weapon|Psychic|Melee|Melee|5|2|5|-3|D3
208668|Chaplain Cassius|11|1||Long Vigil melee weapon||Melee|Melee|3|3|5|-2|1
208668|Chaplain Cassius|12|1||Power fist||Melee|Melee|3|3|8|-2|2
208668|Chaplain Cassius|13|1||Twin lightning claws|Twin-Linked|Melee|Melee|4|3|5|-2|1
2709|Kor'sarro Khan|1|1||Bolt pistol|Pistol|12|Ranged|1|2|4|0|1
2709|Kor'sarro Khan|2|1||Moonfang|Devastating Wounds, Precision|Melee|Melee|6|2|5|-2|2
1175|Kratos|1|1||Autocannon||48|Ranged|2|3|9|-1|3
1175|Kratos|2|1||Combi-weapon|Anti-INFANTRY 3+, Devastating Wounds, Rapid Fire 1|24|Ranged|1|3|4|0|1
1175|Kratos|3|1||Havoc launcher|Blast|48|Ranged|D6|3|5|0|1
1175|Kratos|4|1||Heavy bolter|Sustained Hits 1|36|Ranged|3|3|5|-1|2
1175|Kratos|5|1||Heavy flamer|Ignores Cover, Torrent|12|Ranged|D6|-|5|-1|1
1175|Kratos|6|1||Hunter-killer missile|One Shot|48|Ranged|1|2|14|-3|D6
1175|Kratos|7|1||Kratos battlecannon - AP|Heavy|36|Ranged|1|3|18|-4|D6+3
1175|Kratos|8|2||Kratos battlecannon - HE|Blast|36|Ranged|D6+3|3|10|-1|3
1175|Kratos|9|1||Lascannon||48|Ranged|1|3|12|-3|D6+1
1175|Kratos|10|1||Melta blast-gun|Melta 2|24|Ranged|4|3|12|-4|D6
1175|Kratos|11|1||Multi-melta|Melta 2|18|Ranged|2|3|9|-4|D6
1175|Kratos|12|1||Twin boltgun|Twin-linked|24|Ranged|2|3|4|0|1
1175|Kratos|13|1||Volkite caliver|Devastating Wounds|24|Ranged|2|3|5|0|2
1175|Kratos|14|1||Volkite cardanelle|Devastating Wounds|36|Ranged|9|3|9|0|3
1175|Kratos|15|1||Volkite culverin|Devastating Wounds|36|Ranged|4|3|6|0|2
1175|Kratos|16|1||Armoured tracks||Melee|Melee|6|4|8|0|1
286|Krom Dragongaze|1|1||Bolt pistol|Pistol|12|Ranged|1|2|4|0|1
286|Krom Dragongaze|2|1||Wyrmclaw|Lethal Hits|Melee|Melee|6|2|7|-2|2
65|Land Raider|1|1||Godhammer Lascannon||48|Ranged|2|3|12|-3|D6+1
65|Land Raider|2|1||Hunter-killer missile|One Shot|48|Ranged|1|2|14|-3|D6
65|Land Raider|3|1||Multi-melta|Melta 2|18|Ranged|2|3|9|-4|D6
65|Land Raider|4|1||Storm bolter|Rapid Fire 2|24|Ranged|2|3|4|0|1
65|Land Raider|5|1||Twin heavy bolter|Sustained Hits 1, Twin-linked|36|Ranged|3|3|5|-1|2
65|Land Raider|6|1||Armoured Tracks||Melee|Melee|6|4|8|0|1
1607|Land Raider Achilles|1|1||Heavy bolter|Sustained Hits 1|36|Ranged|3|3|5|-1|2
1607|Land Raider Achilles|2|1||Hunter-killer missile|One Shot|48|Ranged|1|2|14|-3|D6
1607|Land Raider Achilles|3|1||Multi-melta|Melta 2|18|Ranged|2|3|9|-4|D6
1607|Land Raider Achilles|4|1||Quad launcher - shatter shells||24|Ranged|4|3|9|-2|3
1607|Land Raider Achilles|5|2||Quad launcher - thunderfire shells|Blast, Indirect Fire|60|Ranged|D6+4|3|5|0|1
1607|Land Raider Achilles|6|1||Storm bolter|Rapid Fire 2|24|Ranged|2|3|4|0|1
1607|Land Raider Achilles|7|1||Twin heavy bolter|Sustained Hits 1, Twin-linked|36|Ranged|3|3|5|-1|2
1607|Land Raider Achilles|8|1||Twin heavy flamer|Ignores Cover, Torrent, Twin-linked|12|Ranged|D6|-|5|-1|1
1607|Land Raider Achilles|9|1||Twin multi-melta|Melta 2, Twin-linked|18|Ranged|2|3|9|-4|D6
1607|Land Raider Achilles|10|1||Twin volkite culverin|Devastating Wounds, Twin-linked|36|Ranged|4|3|6|0|2
1607|Land Raider Achilles|11|1||Armoured tracks||Melee|Melee|6|4|8|0|1
4139|Land Raider Crusader|1|1||Hunter-killer missile|One Shot|48|Ranged|1|2|14|-3|D6
4139|Land Raider Crusader|2|1||Hurricane Bolter|Rapid Fire 6, Twin-linked|24|Ranged|6|3|4|0|1
4139|Land Raider Crusader|3|1||Multi-melta|Melta 2|18|Ranged|2|3|9|-4|D6
4139|Land Raider Crusader|4|1||Storm bolter|Rapid Fire 2|24|Ranged|2|3|4|0|1
4139|Land Raider Crusader|5|1||Twin assault cannon|Devastating wounds, Twin-linked|24|Ranged|6|3|6|0|1
4139|Land Raider Crusader|6|1||Armoured Tracks||Melee|Melee|6|4|8|0|1
203465|Land Raider Crusader|1|1||Hunter-killer missile|One Shot|48|Ranged|1|2|14|-3|D6
203465|Land Raider Crusader|2|1||Hurricane Bolter|Rapid Fire 6, Twin-linked|24|Ranged|6|3|4|0|1
203465|Land Raider Crusader|3|1||Multi-melta|Melta 2|18|Ranged|2|3|9|-4|D6
203465|Land Raider Crusader|4|1||Storm bolter|Rapid Fire 2|24|Ranged|2|3|4|0|1
203465|Land Raider Crusader|5|1||Twin assault cannon|Devastating wounds, Twin-linked|24|Ranged|6|3|6|0|1
203465|Land Raider Crusader|6|1||Armoured Tracks||Melee|Melee|6|4|8|0|1
67|Land Raider Excelsior [Legends]|1|1||Combi-weapon|Anti-Infantry 4+, Devastating Wounds, Rapid Fire 1|24|Ranged|1|4|4|0|1
67|Land Raider Excelsior [Legends]|2|1||Godhammer Lascannons||48|Ranged|2|3|12|-3|D6+1
67|Land Raider Excelsior [Legends]|3|1||Grav-cannon|Anti-Vehicle 2+|24|Ranged|3|3|6|-1|3
67|Land Raider Excelsior [Legends]|4|1||Hunter-killer missile|One Shot|48|Ranged|1|2|14|-3|D6
67|Land Raider Excelsior [Legends]|5|1||Multi-melta|Melta 2|18|Ranged|2|3|9|-4|D6
67|Land Raider Excelsior [Legends]|6|1||Storm bolter|Rapid Fire 2|24|Ranged|2|3|4|0|1
67|Land Raider Excelsior [Legends]|7|1||Armoured Tracks||Melee|Melee|6|4|8|0|1
2710|Land Raider Helios [Legends]|1|1||Godhammer Lascannons||48|Ranged|2|3|12|-3|D6+1
2710|Land Raider Helios [Legends]|2|1||Helios Launcher|Anti-Fly 3+|48|Ranged|3|3|9|-1|3
2710|Land Raider Helios [Legends]|3|1||Hunter-killer missile|One Shot|48|Ranged|1|2|14|-3|D6
2710|Land Raider Helios [Legends]|4|1||Storm bolter|Rapid Fire 2|24|Ranged|2|3|4|0|1
2710|Land Raider Helios [Legends]|5|1||Armoured Tracks||Melee|Melee|6|4|8|0|1
1347|Land Raider Prometheus|1|1||Hunter-killer missile|One Shot|48|Ranged|1|2|14|-3|D6
1347|Land Raider Prometheus|2|1||Multi-melta|Melta 2|18|Ranged|2|3|9|-4|D6
1347|Land Raider Prometheus|3|1||Quad Heavy Bolter|Sustained Hits 1, Twin-Linked|36|Ranged|6|3|5|-1|2
1347|Land Raider Prometheus|4|1||Storm bolter|Rapid Fire 2|24|Ranged|2|3|4|0|1
1347|Land Raider Prometheus|5|1||Armoured Tracks||Melee|Melee|6|4|8|0|1
1608|Land Raider Proteus|1|1||Heavy bolter|Sustained Hits 1|36|Ranged|3|3|5|-1|2
1608|Land Raider Proteus|2|1||Hunter-killer missile|One Shot|48|Ranged|1|2|14|-3|D6
1608|Land Raider Proteus|3|1||Multi-melta|Melta 2|18|Ranged|2|3|9|-4|D6
1608|Land Raider Proteus|4|1||Storm bolter|Rapid Fire 2|24|Ranged|2|3|4|0|1
1608|Land Raider Proteus|5|1||Twin heavy bolter|Sustained Hits 1, Twin-linked|36|Ranged|3|3|5|-1|2
1608|Land Raider Proteus|6|1||Twin heavy flamer|Ignores Cover, Torrent, Twin-linked|12|Ranged|D6|-|5|-1|1
1608|Land Raider Proteus|7|1||Twin lascannon|Twin-linked|48|Ranged|1|3|12|-3|D6+1
1608|Land Raider Proteus|8|1||Armoured tracks||Melee|Melee|6|4|8|0|1
2173|Land Raider Redeemer|1|1||Flamestorm Cannon|Ignores Cover, Torrent|12|Ranged|D6+3|-|6|-2|2
2173|Land Raider Redeemer|2|1||Hunter-killer missile|One Shot|48|Ranged|1|2|14|-3|D6
2173|Land Raider Redeemer|3|1||Multi-melta|Melta 2|18|Ranged|2|3|9|-4|D6
2173|Land Raider Redeemer|4|1||Storm bolter|Rapid Fire 2|24|Ranged|2|3|4|0|1
2173|Land Raider Redeemer|5|1||Twin assault cannon|Devastating wounds, Twin-linked|24|Ranged|6|3|6|0|1
2173|Land Raider Redeemer|6|1||Armoured Tracks||Melee|Melee|6|4|8|0|1
2711|Land Speeder|1|1||Heavy Flamer|Ignores Cover, Torrent|12|Ranged|D6|-|5|-1|1
2711|Land Speeder|2|1||Multi-melta|Melta 2|18|Ranged|2|3|9|-4|D6
2711|Land Speeder|3|1||Onslaught gatling cannon|Devastating Wounds|24|Ranged|8|3|5|0|1
2711|Land Speeder|4|1||Stormfury Missile Launcher||48|Ranged|1|3|12|-3|D6+1
2711|Land Speeder|5|1||Close combat weapon||Melee|Melee|4|3|4|0|1
132|Land Speeder Storm|1|1||Cerberus Launcher|Blast|18|Ranged|D6+3|3|4|0|1
132|Land Speeder Storm|2|1||Heavy Bolter|Sustained Hits 1|36|Ranged|3|3|5|-1|2
132|Land Speeder Storm|3|1||Close combat weapon||Melee|Melee|3|3|4|0|1
1168|Land Speeder Tempest [Legends]|1|1||Assault Cannon|Devastating Wounds|24|Ranged|6|3|6|0|1
1168|Land Speeder Tempest [Legends]|2|1||Tempest Salvo Launcher - Frag|Blast|36|Ranged|2D6|3|4|0|1
1168|Land Speeder Tempest [Legends]|3|2||Tempest Salvo Launcher - Krak||36|Ranged|2|3|9|-2|D6
1168|Land Speeder Tempest [Legends]|4|1||Armoured Hull||Melee|Melee|3|4|4|0|1
1169|Land Speeder Tornado|1|1||Assault Cannon|Devastating Wounds|24|Ranged|6|3|6|0|1
1169|Land Speeder Tornado|2|1||Heavy Bolter|Sustained Hits 1|36|Ranged|3|3|5|-1|2
1169|Land Speeder Tornado|3|1||Heavy Flamer|Ignores Cover, Torrent|12|Ranged|D6|-|5|-1|1
1169|Land Speeder Tornado|4|1||Multi-melta|Melta 2|18|Ranged|2|3|9|-4|D6
1169|Land Speeder Tornado|5|1||Close combat weapon||Melee|Melee|3|3|4|0|1
2102|Land Speeder Typhoon|1|1||Heavy Bolter|Sustained Hits 1|36|Ranged|3|3|5|-1|2
2102|Land Speeder Typhoon|2|1||Multi-melta|Melta 2|18|Ranged|2|3|9|-4|D6
2102|Land Speeder Typhoon|3|1||Typhoon missile launcher - frag|Blast|48|Ranged|2D6|3|4|0|1
2102|Land Speeder Typhoon|4|2||Typhoon missile launcher - krak||48|Ranged|2|3|9|-2|D6
2102|Land Speeder Typhoon|5|1||Close combat weapon||Melee|Melee|3|3|4|0|1
242|Land Speeder Vengeance|1|1||Assault cannon|Devastating Wounds|24|Ranged|6|3|6|0|1
242|Land Speeder Vengeance|2|1||Heavy bolter|Sustained Hits 1|36|Ranged|3|3|5|-1|2
242|Land Speeder Vengeance|3|1||Plasma storm battery - standard|Blast, Twin-Linked|36|Ranged|D6+1|3|8|-2|2
242|Land Speeder Vengeance|4|2||Plasma storm battery - supercharge|Blast, Hazardous, Twin-Linked|36|Ranged|D6+1|3|9|-3|3
242|Land Speeder Vengeance|5|1||Close Combat Weapon||Melee|Melee|4|3|4|0|1
2296|Lazarus|1|1||Bolt pistol|Pistol|12|Ranged|1|2|4|0|1
2296|Lazarus|2|1||Enmity’s Edge|Anti-Psyker 2+|Melee|Melee|6|2|6|-3|2
164|Lemartes|1|1||Absolvor Bolt Pistol|Pistol|18|Ranged|1|2|5|-1|2
164|Lemartes|2|1||The Blood Crozius|Lethal Hits|Melee|Melee|5|2|6|-2|2
131|Leviathan Dreadnought|1|1||Cyclonic melta-lance|Melta 2|18|Ranged|D6|3|9|-4|D6
131|Leviathan Dreadnought|2|1||Grav-flux bombard|Anti-Vehicle 2+, Blast|24|Ranged|2D3|3|8|-1|2
131|Leviathan Dreadnought|3|1||Heavy flamer|Ignores Cover, Torrent|12|Ranged|D6|-|5|-1|1
131|Leviathan Dreadnought|4|1||Hunter-killer missile|One Shot|48|Ranged|1|2|14|-3|D6
131|Leviathan Dreadnought|5|1||Meltagun|Melta 2|12|Ranged|1|3|9|-4|D6
131|Leviathan Dreadnought|6|1||Storm cannon|Twin-linked|36|Ranged|4|3|9|-1|3
131|Leviathan Dreadnought|7|1||Twin volkite caliver|Devastating Wounds, Twin-linked|24|Ranged|2|3|5|0|2
131|Leviathan Dreadnought|8|1||Armoured feet||Melee|Melee|6|3|6|0|1
131|Leviathan Dreadnought|9|1||Leviathan siege claw||Melee|Melee|5|3|12|-2|3
131|Leviathan Dreadnought|10|1||Leviathan siege drill|Anti-VEHICLE 3+|Melee|Melee|4|3|12|-2|3
2266|Librarian|1|1||Bolt pistol|Close-Quarters|12|Ranged|1|3|4|0|1
2266|Librarian|2|1||Smite - Focused Witchfire|Devastating Wounds, Hazardous, Psychic|24|Ranged|D6|3|6|-2|D3
2266|Librarian|3|2||Smite - Witchfire|Psychic|24|Ranged|D6|3|5|-1|D3
2266|Librarian|4|1||Force weapon|Psychic|Melee|Melee|4|3|6|-1|D3
154|Librarian Dreadnought|1|1||Blood Lance - Focused Witchfire|Hazardous, Psychic, Sustained Hits D3|18|Ranged|1|3|12|-3|D6+3
154|Librarian Dreadnought|2|2||Blood Lance - Witchfire|Psychic, Sustained Hits D3|18|Ranged|1|3|10|-3|D6
154|Librarian Dreadnought|3|1||Heavy Flamer|Ignores Cover, Torrent|12|Ranged|D6|-|5|-1|1
154|Librarian Dreadnought|4|1||Meltagun|Melta 2|12|Ranged|1|3|9|-4|D6
154|Librarian Dreadnought|5|1||Storm bolter|Rapid Fire 2|24|Ranged|2|3|4|0|1
154|Librarian Dreadnought|6|1||Furioso Fist||Melee|Melee|5|3|12|-3|3
154|Librarian Dreadnought|7|1||Furioso Force Halberd|Extra Attacks, Psychic|Melee|Melee|1|2|9|-3|D6+3
119|Librarian in Phobos Armor|1|1||Bolt pistol|Close-Quarters|12|Ranged|1|3|4|0|1
119|Librarian in Phobos Armor|2|1||Smite - Focused Witchfire|Devastating Wounds, Hazardous, Psychic|24|Ranged|D6|3|6|-2|D3
119|Librarian in Phobos Armor|3|2||Smite - Witchfire|Psychic|24|Ranged|D6|3|5|-1|D3
119|Librarian in Phobos Armor|4|1||Force weapon|Psychic|Melee|Melee|4|3|6|-1|D3
79|Librarian in Terminator Armor|1|1||Combi-weapon|Anti-Infantry 4+, Devastating Wounds, Rapid Fire 1|24|Ranged|1|4|4|0|1
79|Librarian in Terminator Armor|2|1||Smite - Focused Witchfire|Devastating Wounds, Hazardous, Psychic|24|Ranged|D6|3|6|-2|D3
79|Librarian in Terminator Armor|3|2||Smite - Witchfire|Psychic|24|Ranged|D6|3|5|-1|D3
79|Librarian in Terminator Armor|4|1||Storm bolter|Rapid Fire 2|24|Ranged|2|3|4|0|1
79|Librarian in Terminator Armor|5|1||Force weapon|Psychic|Melee|Melee|4|3|6|-1|D3
1348|Librarian on Bike [Legends]|1|1||Bolt pistol|Close-Quarters|12|Ranged|1|3|4|0|1
1348|Librarian on Bike [Legends]|2|1||Boltgun||24|Ranged|2|3|4|0|1
1348|Librarian on Bike [Legends]|3|1||Combi-weapon|Anti-Infantry 4+, Devastating Wounds, Rapid Fire 1|24|Ranged|1|4|4|0|1
1348|Librarian on Bike [Legends]|4|1||Grav-pistol|Anti-vehicle 2+, Pistol|12|Ranged|1|3|4|-1|2
1348|Librarian on Bike [Legends]|5|1||Plasma pistol - standard|Pistol|12|Ranged|1|3|7|-2|1
1348|Librarian on Bike [Legends]|6|2||Plasma pistol - supercharge|Hazardous, Pistol|12|Ranged|1|3|8|-3|2
1348|Librarian on Bike [Legends]|7|1||Smite - Focused Witchfire|Devastating Wounds, Hazardous, Psychic|24|Ranged|D6|3|6|-2|D3
1348|Librarian on Bike [Legends]|8|2||Smite - Witchfire|Psychic|24|Ranged|D6|3|5|-1|D3
1348|Librarian on Bike [Legends]|9|1||Storm bolter|Rapid Fire 2|24|Ranged|2|3|4|0|1
1348|Librarian on Bike [Legends]|10|1||Twin boltgun|Twin-linked|24|Ranged|2|3|4|0|1
1348|Librarian on Bike [Legends]|11|1||Force weapon|Psychic|Melee|Melee|4|3|6|-1|D3
1344|Librarian|1|1||Bolt pistol|Close-Quarters|12|Ranged|1|3|4|0|1
1344|Librarian|2|1||Boltgun||24|Ranged|2|3|4|0|1
1344|Librarian|3|1||Combi-weapon|Anti-Infantry 4+, Devastating Wounds, Rapid Fire 1|24|Ranged|1|4|4|0|1
1344|Librarian|4|1||Grav-pistol|Anti-vehicle 2+, Pistol|12|Ranged|1|3|4|-1|2
1344|Librarian|5|1||Hand flamer|Ignores Cover, Pistol, Torrent|12|Ranged|D6|-|3|0|1
1344|Librarian|6|1||Inferno Pistol|Melta 2, Pistol|6|Ranged|1|3|8|-4|D3
1344|Librarian|7|1||Plasma pistol - standard|Pistol|12|Ranged|1|3|7|-2|1
1344|Librarian|8|2||Plasma pistol - supercharge|Hazardous, Pistol|12|Ranged|1|3|8|-3|2
1344|Librarian|9|1||Smite - Focused Witchfire|Devastating Wounds, Hazardous, Psychic|24|Ranged|D6|3|6|-2|D3
1344|Librarian|10|2||Smite - Witchfire|Psychic|24|Ranged|D6|3|5|-1|D3
1344|Librarian|11|1||Storm bolter|Rapid Fire 2|24|Ranged|2|3|4|0|1
1344|Librarian|12|1||Force weapon|Psychic|Melee|Melee|4|3|6|-1|D3
1346|Lieutenant|1|1||Bolt pistol|Pistol|12|Ranged|1|2|4|0|1
1346|Lieutenant|2|1||Heavy Bolt Pistol|Pistol|18|Ranged|1|2|4|-1|1
1346|Lieutenant|3|1||Master-crafted bolter||24|Ranged|2|2|4|-1|2
1346|Lieutenant|4|1||Neo-volkite Pistol|Devastating Wounds, Pistol|12|Ranged|1|2|5|0|2
1346|Lieutenant|5|1||Plasma pistol - standard|Pistol|12|Ranged|1|3|7|-2|1
1346|Lieutenant|6|2||Plasma pistol - supercharge|Hazardous, Pistol|12|Ranged|1|3|8|-3|2
1346|Lieutenant|7|1||Close combat weapon||Melee|Melee|5|2|4|0|1
1346|Lieutenant|8|1||Master-crafted power weapon||Melee|Melee|5|2|5|-2|2
1346|Lieutenant|9|1||Power fist||Melee|Melee|4|2|8|-2|2
2530|Lieutenant in Phobos Armor|1|1||Bolt pistol|Pistol|12|Ranged|1|2|4|0|1
2530|Lieutenant in Phobos Armor|2|1||Master-crafted Scoped Bolt Carbine||24|Ranged|2|2|4|0|2
2530|Lieutenant in Phobos Armor|3|1||Paired Combat Blades|Sustained Hits 1|Melee|Melee|5|2|4|-1|1
1345|Lieutenant in Reiver Armor|1|1||Master-crafted Special Issue Bolt Pistol|Pistol, Precision|12|Ranged|1|2|4|-1|2
1345|Lieutenant in Reiver Armor|2|1||Combat Knife|Precision|Melee|Melee|6|2|4|-1|1
330982|Lieutenant Titus|1|1||Heavy Bolt Pistol|Pistol|18|Ranged|1|2|4|-1|1
330982|Lieutenant Titus|2|1||Astartes Chainsword|Anti-Infantry 2+|Melee|Melee|8|2|4|-1|1
76|Lieutenant with Combi-weapon|1|1||Combi-weapon|Anti-Infantry 4+, Devastating Wounds, Rapid Fire 1|24|Ranged|1|4|4|0|1
76|Lieutenant with Combi-weapon|2|1||Paired Combat Blades|Anti-Infantry 4+, Sustained Hits 1|Melee|Melee|5|2|4|-1|1
2682|Lion El'Jonson|1|1||Arma Luminis - bolt|Pistol|12|Ranged|4|2|4|-1|2
2682|Lion El'Jonson|2|2||Arma Luminis - plasma|Pistol|12|Ranged|2|2|8|-3|2
2682|Lion El'Jonson|3|1||Fealty - strike|Lethal Hits|Melee|Melee|8|2|12|-4|4
2682|Lion El'Jonson|4|2||Fealty - sweep|Sustained Hits 1|Melee|Melee|16|2|6|-3|2
282|Logan Grimnar|1|1||Storm bolter|Rapid Fire 2|24|Ranged|2|3|4|0|1
282|Logan Grimnar|2|1||Axe Morkai - Strike||Melee|Melee|6|2|8|-2|3
282|Logan Grimnar|3|2||Axe Morkai - Sweep||Melee|Melee|10|2|6|-2|1
282|Logan Grimnar|4|1||Tyrnak and Fenrir|Extra Attacks|Melee|Melee|6|2|5|-1|1
283|Logan Grimnar on Stormrider|1|1||Storm bolter|Rapid Fire 2|24|Ranged|2|3|4|0|1
283|Logan Grimnar on Stormrider|2|1||Axe Morkai - Strike||Melee|Melee|6|2|8|-2|3
283|Logan Grimnar on Stormrider|3|2||Axe Morkai - Sweep||Melee|Melee|10|2|6|-2|1
283|Logan Grimnar on Stormrider|4|1||Flurry of teeth and claws|Extra Attacks|Melee|Melee|6|4|5|-1|1
326|Long Fang Pack Leader|1|1||Bolt pistol|Close-Quarters|12|Ranged|1|3|4|0|1
326|Long Fang Pack Leader|2|1||Boltgun||24|Ranged|2|3|4|0|1
326|Long Fang Pack Leader|3|1||Flamer|Ignores Cover, Torrent|12|Ranged|D6|-|4|0|1
326|Long Fang Pack Leader|4|1||Grav-cannon|Anti-VEHICLE 2+, Heavy|24|Ranged|3|4|6|-1|3
326|Long Fang Pack Leader|5|1||Grav-gun|Anti-vehicle 2+|18|Ranged|2|3|5|-1|2
326|Long Fang Pack Leader|6|1||Heavy bolter|Heavy, Sustained Hits 1|36|Ranged|3|4|5|-1|2
326|Long Fang Pack Leader|7|1||Heavy flamer|Heavy, Ignores Cover, Torrent|12|Ranged|D6|-|5|-1|1
326|Long Fang Pack Leader|8|1||Lascannon|Heavy|48|Ranged|1|4|12|-3|D6+1
326|Long Fang Pack Leader|9|1||Meltagun|Melta 2|12|Ranged|1|3|9|-4|D6
326|Long Fang Pack Leader|10|1||Missile launcher - frag|Blast, Heavy|48|Ranged|D6|4|4|0|1
326|Long Fang Pack Leader|11|2||Missile launcher - krak|Heavy|48|Ranged|1|4|9|-2|D6
326|Long Fang Pack Leader|12|1||Multi-melta|Heavy, Melta 2|18|Ranged|2|4|9|-4|D6
326|Long Fang Pack Leader|13|1||Plasma cannon - standard|Blast, Heavy|36|Ranged|D3|4|7|-2|1
326|Long Fang Pack Leader|14|2||Plasma cannon - supercharge|Blast, Hazardous, Heavy|36|Ranged|D3|4|8|-3|2
326|Long Fang Pack Leader|15|1||Plasma gun - standard|Rapid Fire 1|24|Ranged|1|3|7|-2|1
326|Long Fang Pack Leader|16|2||Plasma gun - supercharge|Rapid Fire 1, Hazardous|24|Ranged|1|3|8|-3|2
326|Long Fang Pack Leader|17|1||Plasma pistol - standard|Pistol|12|Ranged|1|3|7|-2|1
326|Long Fang Pack Leader|18|2||Plasma pistol - supercharge|Hazardous, Pistol|12|Ranged|1|3|8|-3|2
326|Long Fang Pack Leader|19|1||Astartes Chainsword||Melee|Melee|3|3|4|-1|1
326|Long Fang Pack Leader|20|1||Close combat weapon||Melee|Melee|2|3|4|0|1
326|Long Fang Pack Leader|21|1||Power fist||Melee|Melee|2|3|8|-2|2
326|Long Fang Pack Leader|22|1||Power weapon||Melee|Melee|2|3|5|-2|1
304|Lukas the Trickster|1|1||Plasma pistol - standard|Pistol|12|Ranged|1|3|7|-2|1
304|Lukas the Trickster|2|2||Plasma pistol - supercharge|Hazardous, Pistol|12|Ranged|1|3|8|-3|2
304|Lukas the Trickster|3|1||Claw of the Jackalwolf||Melee|Melee|6|2|5|-2|1
4183|Marneus Calgar|1|1||Gauntlets of Ultramar|Pistol, Twin-linked|18|Ranged|4|2|4|-1|2
4183|Marneus Calgar|2|2||Gauntlets of Ultramar|Twin-linked|Melee|Melee|6|2|8|-3|3
4183|Marneus Calgar|3|1||Victrix Power Sword||Melee|Melee|5|2|5|-2|2
409888|Marneus Calgar in Armour of Antilochus|1|1||Gauntlets of Ultramar|Pistol, Twin-linked|18|Ranged|4|2|4|-1|2
409888|Marneus Calgar in Armour of Antilochus|2|2||Gauntlets of Ultramar|Twin-linked|Melee|Melee|6|2|8|-3|3
2796|Marshal|1|1||Combi-weapon|Anti-Infantry 4+, Devastating Wounds, Rapid Fire 1|24|Ranged|1|3|4|0|1
2796|Marshal|2|1||Plasma Pistol - Standard|Pistol|12|Ranged|1|2|7|-2|1
2796|Marshal|3|2||Plasma Pistol - Supercharge|Hazardous, Pistol|12|Ranged|1|2|8|-3|2
2796|Marshal|4|1||Master-crafted Power Weapon|Lethal Hits|Melee|Melee|7|2|5|-2|2
1189|Mastodon|1|1||Heavy bolter|Sustained Hits 1|36|Ranged|3|3|5|-1|2
1189|Mastodon|2|1||Heavy flamer|Ignores Cover, Torrent|12|Ranged|D6|-|5|-1|1
1189|Mastodon|3|1||Lascannon||48|Ranged|1|3|12|-3|D6+1
1189|Mastodon|4|1||Siege melta array|Melta 2|24|Ranged|6|3|9|-4|D6
1189|Mastodon|5|1||Skyreaper battery|Anti-FLY 4+|48|Ranged|8|3|7|-1|2
1189|Mastodon|6|1||Volkite culverin|Devastating Wounds|36|Ranged|4|3|6|0|2
1189|Mastodon|7|1||Armoured tracks||Melee|Melee|6|4|8|0|1
111|Mortis Dreadnought [Legends]|1|1||Assault Cannon|Devastating Wounds|24|Ranged|6|3|6|0|1
111|Mortis Dreadnought [Legends]|2|1||Dreadnought Inferno Cannon|Ignores Cover, Torrent|12|Ranged|2D6|-|6|-1|1
111|Mortis Dreadnought [Legends]|3|1||Heavy Plasma Cannon|Blast, Hazardous|36|Ranged|D3|3|8|-3|3
111|Mortis Dreadnought [Legends]|4|2||Heavy Plasma Cannon - Standard|Blast|36|Ranged|D3|3|7|-2|2
111|Mortis Dreadnought [Legends]|5|1||Missile Launcher - Frag|Blast|48|Ranged|D6|3|4|0|1
111|Mortis Dreadnought [Legends]|6|2||Missile Launcher - Krak||48|Ranged|1|3|9|-2|D6
111|Mortis Dreadnought [Legends]|7|1||Multi-melta|Melta 2|18|Ranged|2|3|9|-4|D6
111|Mortis Dreadnought [Legends]|8|1||Twin autocannon|Twin-linked|48|Ranged|2|3|9|-1|3
111|Mortis Dreadnought [Legends]|9|1||Twin heavy bolter|Sustained Hits 1, Twin-linked|36|Ranged|3|3|5|-1|2
111|Mortis Dreadnought [Legends]|10|1||Twin lascannon|Twin-linked|48|Ranged|1|3|12|-3|D6+1
111|Mortis Dreadnought [Legends]|11|1||Armoured feet||Melee|Melee|5|3|6|0|1
314|Murderfang|1|1||Heavy Flamer|Ignores Cover, Torrent|12|Ranged|D6|-|5|-1|1
314|Murderfang|2|1||Storm Bolter|Rapid Fire 2|24|Ranged|2|3|4|0|1
314|Murderfang|3|1||Murderclaws|Sustained Hits 1, Twin-linked|Melee|Melee|8|3|14|-2|3
239|Nephilim Jetfighter|1|1||Avenger mega bolter|Sustained Hits 1|36|Ranged|10|3|5|-1|2
239|Nephilim Jetfighter|2|1||Blacksword missiles|Anti-Fly 2+|36|Ranged|2|3|8|-2|D6
239|Nephilim Jetfighter|3|1||Nephilim lascannons||48|Ranged|2|3|12|-3|D6+1
239|Nephilim Jetfighter|4|1||Twin heavy bolter|Sustained Hits 1, Twin-Linked|36|Ranged|3|3|5|-1|2
239|Nephilim Jetfighter|5|1||Armoured hull||Melee|Melee|3|4|6|0|1
292|Njal Stormcaller|1|1||Bolt pistol|Close-Quarters|12|Ranged|1|3|4|0|1
292|Njal Stormcaller|2|1||Living Lightning - focused witchfire|Hazardous, Psychic, Sustained Hits 2|24|Ranged|2D6|3|7|-1|1
292|Njal Stormcaller|3|2||Living Lightning - witchfire|Psychic, Sustained Hits 2|24|Ranged|D6|3|7|-1|1
292|Njal Stormcaller|4|1||Staff of the Stormcaller|Psychic, Sustained Hits 2|Melee|Melee|4|3|7|-1|D3
368611|Invader ATV|1|1||Bolt pistol|Close-Quarters|12|Ranged|1|3|4|0|1
368611|Invader ATV|2|1||Heavy Bolt Pistol|Pistol|18|Ranged|1|3|4|-1|1
368611|Invader ATV|3|1||Multi-melta|Melta 2|18|Ranged|2|3|9|-4|D6
368611|Invader ATV|4|1||Onslaught gatling cannon|Devastating Wounds|24|Ranged|8|3|5|0|1
368611|Invader ATV|5|1||Twin bolt rifle|Twin-linked|24|Ranged|2|3|4|-1|1
368611|Invader ATV|6|1||Astartes Chainsword||Melee|Melee|4|3|4|-1|1
368611|Invader ATV|7|1||Close combat weapon||Melee|Melee|5|3|4|0|1
2713|Pedro Kantor|1|1||Dorn's Arrow|Rapid Fire 2, Sustained Hits 1|24|Ranged|2|2|5|-1|2
2713|Pedro Kantor|2|1||Fist of Retribution||Melee|Melee|5|2|8|-3|3
2714|Predator Annihilator|1|1||Heavy Bolter|Sustained Hits 1|36|Ranged|3|3|5|-1|2
2714|Predator Annihilator|2|1||Hunter-killer missile|One Shot|48|Ranged|1|2|14|-3|D6
2714|Predator Annihilator|3|1||Lascannon||48|Ranged|1|3|12|-3|D6+1
2714|Predator Annihilator|4|1||Predator Twin Lascannon|Twin-linked|48|Ranged|1|3|14|-3|D6+1
2714|Predator Annihilator|5|1||Storm bolter|Rapid Fire 2|24|Ranged|2|3|4|0|1
2714|Predator Annihilator|6|1||Armoured Tracks||Melee|Melee|3|4|6|0|1
2715|Predator Destructor|1|1||Heavy Bolter|Sustained Hits 1|36|Ranged|3|3|5|-1|2
2715|Predator Destructor|2|1||Hunter-killer missile|One Shot|48|Ranged|1|2|14|-3|D6
2715|Predator Destructor|3|1||Lascannon||48|Ranged|1|3|12|-3|D6+1
2715|Predator Destructor|4|1||Predator Autocannon|Rapid Fire 2|48|Ranged|4|3|9|-1|3
2715|Predator Destructor|5|1||Storm bolter|Rapid Fire 2|24|Ranged|2|3|4|0|1
2715|Predator Destructor|6|1||Armoured Tracks||Melee|Melee|3|4|6|0|1
2234|Primaris Company Champion|1|1||Bolt pistol|Close-Quarters|12|Ranged|1|3|4|0|1
2234|Primaris Company Champion|2|1||Master-crafted Power Weapon|Precision|Melee|Melee|5|2|5|-2|2
285|Ragnar Blackmane|1|1||Bolt pistol|Pistol|12|Ranged|1|2|4|0|1
285|Ragnar Blackmane|2|1||Frostfang|Sustained Hits 1|Melee|Melee|8|2|6|-3|2
110|Rapier Carrier|1|1||Boltgun||24|Ranged|2|3|4|0|1
110|Rapier Carrier|2|1||Graviton cannon|Anti-Vehicle 2+, Blast, Heavy|36|Ranged|D6|3|6|-2|2
110|Rapier Carrier|3|1||Laser destroyer|Heavy|36|Ranged|3|3|14|-4|D6+1
110|Rapier Carrier|4|1||Quad heavy bolter|Heavy, Twin-linked, Sustained Hits 1|36|Ranged|6|3|5|-1|2
110|Rapier Carrier|5|1||Quad launcher - shatter shells|Heavy|24|Ranged|4|3|9|-2|3
110|Rapier Carrier|6|2||Quad launcher - thunderfire shells|Blast, Heavy, Indirect Fire|60|Ranged|D6+4|3|5|0|1
110|Rapier Carrier|7|1||Close combat weapon||Melee|Melee|2|3|4|0|1
241|Ravenwing Huntmaster|1|1||Astartes grenade launcher - frag|Blast|24|Ranged|D3|3|4|0|1
241|Ravenwing Huntmaster|2|2||Astartes grenade launcher - krak||24|Ranged|1|3|9|-2|D3
241|Ravenwing Huntmaster|3|1||Bolt Pistol|Pistol|12|Ranged|1|3|4|0|1
241|Ravenwing Huntmaster|4|1||Plasma talon - Standard|Rapid Fire 1|18|Ranged|2|3|7|-2|1
241|Ravenwing Huntmaster|5|2||Plasma talon - Supercharged|Hazardous, Rapid Fire 1|18|Ranged|2|3|8|-3|2
241|Ravenwing Huntmaster|6|1||Black Knight combat weapon|Devastating Wounds|Melee|Melee|3|3|5|-2|1
2748|Ravenwing Ancient|1|1||Astartes grenade launcher - frag|Blast|24|Ranged|D3|3|4|0|1
2748|Ravenwing Ancient|2|2||Astartes grenade launcher - krak||24|Ranged|1|3|9|-2|D3
2748|Ravenwing Ancient|3|1||Bolt Pistol|Pistol|12|Ranged|1|3|4|0|1
2748|Ravenwing Ancient|4|1||Plasma talon - Standard|Rapid Fire 1|18|Ranged|2|3|7|-2|1
2748|Ravenwing Ancient|5|2||Plasma talon - Supercharged|Hazardous, Rapid Fire 1|18|Ranged|2|3|8|-3|2
2748|Ravenwing Ancient|6|1||Black Knight combat weapon|Devastating Wounds|Melee|Melee|3|3|5|-2|1
2748|Ravenwing Ancient|7|1||Master-crafted power weapon||Melee|Melee|6|2|5|-2|2
240|Ravenwing Dark Talon|1|1||Hurricane bolter|Rapid Fire 6, Twin-Linked|24|Ranged|6|3|4|0|1
240|Ravenwing Dark Talon|2|1||Rift cannon|Blast, Devastating Wounds|18|Ranged|D3+1|3|16|-4|3
240|Ravenwing Dark Talon|3|1||Armoured Hull||Melee|Melee|3|4|6|0|1
238|Ravenwing Darkshroud|1|1||Assault cannon|Devastating Wounds|24|Ranged|6|3|6|0|1
238|Ravenwing Darkshroud|2|1||Heavy bolter|Sustained Hits 1|36|Ranged|3|3|5|-1|2
238|Ravenwing Darkshroud|3|1||Close Combat Weapon||Melee|Melee|4|3|4|0|1
1423|Ravenwing Talonmaster [Legends]|1|1||Twin Assault Cannon|Devastating Wounds, Twin-Linked|24|Ranged|6|3|6|0|1
1423|Ravenwing Talonmaster [Legends]|2|1||Twin Heavy Bolter|Sustained Hits 1, Twin-Linked|36|Ranged|3|3|5|-1|2
1423|Ravenwing Talonmaster [Legends]|3|1||Power Weapon||Melee|Melee|5|3|5|-2|1
129|Razorback|1|1||Hunter-killer missile|One Shot|48|Ranged|1|2|14|-3|D6
129|Razorback|2|1||Storm bolter|Rapid Fire 2|24|Ranged|2|3|4|0|1
129|Razorback|3|1||Twin heavy bolter|Sustained Hits 1, Twin-linked|36|Ranged|3|3|5|-1|2
129|Razorback|4|1||Twin lascannon|Twin-linked|48|Ranged|1|3|12|-3|D6+1
129|Razorback|5|1||Armoured Tracks||Melee|Melee|3|4|6|0|1
2717|Redemptor Dreadnought|1|1||Heavy Flamer|Ignores Cover, Torrent|12|Ranged|D6|-|5|-1|1
2717|Redemptor Dreadnought|2|1||Heavy Onslaught Gatling Cannon|Devastating Wounds|24|Ranged|12|3|6|0|1
2717|Redemptor Dreadnought|3|1||Icarus Rocket Pod|Anti-fly 2+|24|Ranged|D3|3|8|-1|2
2717|Redemptor Dreadnought|4|1||Macro Plasma Incinerator - Standard|Blast|36|Ranged|D6+1|3|8|-3|2
2717|Redemptor Dreadnought|5|2||Macro Plasma Incinerator - Supercharge|Blast, Hazardous|36|Ranged|D6+1|3|9|-4|3
2717|Redemptor Dreadnought|6|1||Onslaught gatling cannon|Devastating Wounds|24|Ranged|8|3|5|0|1
2717|Redemptor Dreadnought|7|1||Twin Fragstorm Grenade Launcher|Blast, Twin-linked|18|Ranged|D6|3|4|0|1
2717|Redemptor Dreadnought|8|1||Twin Storm Bolter|Rapid Fire 2, Twin-linked|24|Ranged|2|3|4|0|1
2717|Redemptor Dreadnought|9|1||Redemptor Fist||Melee|Melee|5|3|12|-2|3
2718|Reiver Squad|1|1||Bolt Carbine|Precision|24|Ranged|2|3|4|0|1
2718|Reiver Squad|2|1||Special Issue Bolt Pistol|Pistol, Precision|12|Ranged|1|3|4|-1|1
2718|Reiver Squad|3|1||Close combat weapon||Melee|Melee|3|3|4|0|1
2718|Reiver Squad|4|1||Combat Knife|Precision|Melee|Melee|4|3|4|-1|1
2719|Relic Contemptor Dreadnought|1|1||Combi-bolter|Rapid Fire 2|24|Ranged|2|3|4|0|1
2719|Relic Contemptor Dreadnought|2|1||Conversion beam cannon|Conversion, Sustained Hits D3|24|Ranged|1|3|7|-1|3
2719|Relic Contemptor Dreadnought|3|1||Cyclone missile launcher - frag|Blast|36|Ranged|2D6|3|4|0|1
2719|Relic Contemptor Dreadnought|4|2||Cyclone missile launcher - krak||36|Ranged|2|3|9|-2|D6
2719|Relic Contemptor Dreadnought|5|1||Graviton blaster|Anti-Vehicle 2+|18|Ranged|2|3|5|-1|1
2719|Relic Contemptor Dreadnought|6|1||Heavy flamer|Ignores Cover, Torrent|12|Ranged|D6|-|5|-1|1
2719|Relic Contemptor Dreadnought|7|1||Heavy plasma cannon - standard|Blast|36|Ranged|D3|3|7|-2|2
2719|Relic Contemptor Dreadnought|8|2||Heavy plasma cannon - supercharge|Blast, Hazardous|36|Ranged|D3|3|8|-3|3
2719|Relic Contemptor Dreadnought|9|1||Kheres assault cannon|Devastating Wounds|24|Ranged|6|3|7|-1|1
2719|Relic Contemptor Dreadnought|10|1||Multi-melta|Melta 2|18|Ranged|2|3|9|-4|D6
2719|Relic Contemptor Dreadnought|11|1||Plasma blaster - standard||18|Ranged|2|3|7|-2|1
2719|Relic Contemptor Dreadnought|12|2||Plasma blaster - supercharge|Hazardous|18|Ranged|2|3|8|-3|2
2719|Relic Contemptor Dreadnought|13|1||Twin autocannon|Twin-linked|48|Ranged|2|3|9|-1|3
2719|Relic Contemptor Dreadnought|14|1||Twin heavy bolter|Sustained Hits 1, Twin-linked|36|Ranged|3|3|5|-1|2
2719|Relic Contemptor Dreadnought|15|1||Twin lascannon|Twin-linked|48|Ranged|1|3|12|-3|D6+1
2719|Relic Contemptor Dreadnought|16|1||Twin volkite culverin|Devastating Wounds, Twin-linked|36|Ranged|4|3|6|0|2
2719|Relic Contemptor Dreadnought|17|1||Armoured feet||Melee|Melee|6|3|6|0|1
2719|Relic Contemptor Dreadnought|18|1||Dreadnought chainfist|Anti-VEHICLE 3+|Melee|Melee|4|3|12|-2|3
2719|Relic Contemptor Dreadnought|19|1||Dreadnought combat weapon||Melee|Melee|5|3|12|-2|3
2720|Relic Razorback [Legends]|1|1||Hunter-killer missile|One Shot|48|Ranged|1|2|14|-3|D6
2720|Relic Razorback [Legends]|2|1||Multi-melta|Melta 2|18|Ranged|2|3|9|-4|D6
2720|Relic Razorback [Legends]|3|1||Storm bolter|Rapid Fire 2|24|Ranged|2|3|4|0|1
2720|Relic Razorback [Legends]|4|1||Twin assault cannon|Devastating wounds, Twin-linked|24|Ranged|6|3|6|0|1
2720|Relic Razorback [Legends]|5|1||Twin heavy bolter|Sustained Hits 1, Twin-linked|36|Ranged|3|3|5|-1|2
2720|Relic Razorback [Legends]|6|1||Twin lascannon|Twin-linked|48|Ranged|1|3|12|-3|D6+1
2720|Relic Razorback [Legends]|7|1||Armoured Tracks||Melee|Melee|3|4|6|0|1
2791|Repulsor|1|1||Heavy Onslaught Gatling Cannon|Devastating Wounds|24|Ranged|12|3|6|0|1
2791|Repulsor|2|1||Hunter-slayer missile|Indirect Fire, One Shot|48|Ranged|1|2|14|-3|D6
2791|Repulsor|3|1||Las-talon||36|Ranged|2|3|10|-3|D6
2791|Repulsor|4|1||Multi-melta|Melta 2|18|Ranged|2|3|9|-4|D6
2791|Repulsor|5|1||Repulsor Defensive Array||24|Ranged|18|3|4|0|1
2791|Repulsor|6|1||Twin heavy bolter|Sustained Hits 1, Twin-linked|36|Ranged|3|3|5|-1|2
2791|Repulsor|7|1||Twin lascannon|Twin-linked|48|Ranged|1|3|12|-3|D6+1
2791|Repulsor|8|1||Armoured Hull||Melee|Melee|6|4|8|0|1
543336|Repulsor|1|1||Heavy Onslaught Gatling Cannon|Devastating Wounds|24|Ranged|12|3|6|0|1
543336|Repulsor|2|1||Hunter-slayer missile|Indirect Fire, One Shot|48|Ranged|1|2|14|-3|D6
543336|Repulsor|3|1||Las-talon||36|Ranged|2|3|10|-3|D6+1
543336|Repulsor|4|1||Repulsor Defensive Array||24|Ranged|18|3|4|0|1
543336|Repulsor|5|1||Twin heavy bolter|Sustained Hits 1, Twin-linked|36|Ranged|3|3|5|-1|2
543336|Repulsor|6|1||Twin lascannon|Twin-linked|48|Ranged|1|3|12|-3|D6+1
543336|Repulsor|7|1||Armoured Hull||Melee|Melee|6|4|8|0|1
2790|Repulsor Executioner|1|1||Heavy Laser Destroyer|Heavy|72|Ranged|2|3|16|-4|D6+4
2790|Repulsor Executioner|2|1||Heavy Onslaught Gatling Cannon|Devastating Wounds|24|Ranged|12|3|6|0|1
2790|Repulsor Executioner|3|1||Icarus Rocket Pod|Anti-fly 2+|24|Ranged|D3|3|8|-1|2
2790|Repulsor Executioner|4|1||Ironhail Heavy Stubber|Rapid Fire 3|36|Ranged|3|3|4|0|1
2790|Repulsor Executioner|5|1||Macro Plasma Incinerator - Standard|Blast|36|Ranged|D6+1|3|8|-3|2
2790|Repulsor Executioner|6|2||Macro Plasma Incinerator - Supercharge|Blast, Hazardous|36|Ranged|D6+1|3|9|-4|3
2790|Repulsor Executioner|7|1||Repulsor Executioner Defensive Array||24|Ranged|10|3|4|0|1
2790|Repulsor Executioner|8|1||Twin heavy bolter|Sustained Hits 1, Twin-linked|36|Ranged|3|3|5|-1|2
2790|Repulsor Executioner|9|1||Twin Icarus ironhail heavy stubber|Anti-FLY 4+, Rapid Fire 3, Twin-linked|36|Ranged|3|3|4|0|1
2790|Repulsor Executioner|10|1||Armoured Hull||Melee|Melee|6|4|8|0|1
415451|Black Templars Repulsor Executioner|1|1||Heavy Laser Destroyer|Heavy|72|Ranged|2|3|16|-4|D6+4
415451|Black Templars Repulsor Executioner|2|1||Heavy Onslaught Gatling Cannon|Devastating Wounds|24|Ranged|12|3|6|0|1
415451|Black Templars Repulsor Executioner|3|1||Icarus Rocket Pod|Anti-fly 2+|24|Ranged|D3|3|8|-1|2
415451|Black Templars Repulsor Executioner|4|1||Ironhail Heavy Stubber|Rapid Fire 3|36|Ranged|3|3|4|0|1
415451|Black Templars Repulsor Executioner|5|1||Macro Plasma Incinerator - Standard|Blast|36|Ranged|D6+1|3|8|-3|2
415451|Black Templars Repulsor Executioner|6|2||Macro Plasma Incinerator - Supercharge|Blast, Hazardous|36|Ranged|D6+1|3|9|-4|3
415451|Black Templars Repulsor Executioner|7|1||Multi-melta|Melta 2|18|Ranged|2|3|9|-4|D6
415451|Black Templars Repulsor Executioner|8|1||Repulsor Executioner Defensive Array||24|Ranged|10|3|4|0|1
415451|Black Templars Repulsor Executioner|9|1||Twin heavy bolter|Sustained Hits 1, Twin-linked|36|Ranged|3|3|5|-1|2
415451|Black Templars Repulsor Executioner|10|1||Twin Icarus ironhail heavy stubber|Anti-FLY 4+, Rapid Fire 3, Twin-linked|36|Ranged|3|3|4|0|1
415451|Black Templars Repulsor Executioner|11|1||Armoured Hull||Melee|Melee|6|4|8|0|1
2723|Rhino|1|1||Hunter-killer missile|One Shot|48|Ranged|1|2|14|-3|D6
2723|Rhino|2|1||Storm bolter|Rapid Fire 2|24|Ranged|2|3|4|0|1
2723|Rhino|3|1||Armoured Tracks||Melee|Melee|3|4|6|0|1
85|Rhino Primaris [Legends]|1|1||Hunter-killer missile|One Shot|48|Ranged|1|2|14|-3|D6
85|Rhino Primaris [Legends]|2|1||Twin Plasma Gun - Overcharge|Hazardous, Rapid Fire 1, Twin-linked|24|Ranged|1|3|8|-3|2
85|Rhino Primaris [Legends]|3|2||Twin Plasma Gun - Standard|Rapid Fire 1, Twin-linked|24|Ranged|1|3|7|-2|1
85|Rhino Primaris [Legends]|4|1||Armoured Tracks||Melee|Melee|3|4|6|0|1
138|Roboute Guilliman|1|1||Hand of Dominion|Rapid Fire 2|30|Ranged|2|2|6|-2|2
138|Roboute Guilliman|2|2||Hand of Dominion|Lethal Hits|Melee|Melee|7|2|14|-4|4
138|Roboute Guilliman|3|1||The Emperor's Sword|Devastating Wounds|Melee|Melee|14|2|8|-3|2
2291|Sammael|1|1||Bolt Pistol|Pistol|12|Ranged|1|2|4|0|1
2291|Sammael|2|1||Master-crafted plasma cannon|Blast|36|Ranged|D3|2|8|-3|2
2291|Sammael|3|1||Twin storm bolter|Rapid Fire 2, Twin-Linked|24|Ranged|2|2|4|0|1
2291|Sammael|4|1||The Raven Sword|Sustained Hits 2|Melee|Melee|6|2|6|-3|2
165|Sanguinary Guard|1|1||Angelus Boltgun|Pistol|12|Ranged|2|3|4|0|1
165|Sanguinary Guard|2|1||Inferno Pistol|Melta 2, Pistol|6|Ranged|1|3|8|-4|D3
165|Sanguinary Guard|3|1||Encarmine Blade||Melee|Melee|4|2|6|-3|2
165|Sanguinary Guard|4|1||Encarmine Spear|Lance|Melee|Melee|4|2|6|-2|2
158|Sanguinary Priest|1|1||Absolvor bolt pistol|Pistol|18|Ranged|1|3|5|-1|2
158|Sanguinary Priest|2|1||Astartes Chainsword||Melee|Melee|5|3|4|-1|1
506454|Sanguinary Priest on Bike|1|1||Bolt pistol|Close-Quarters|12|Ranged|1|3|4|0|1
506454|Sanguinary Priest on Bike|2|1||Boltgun||24|Ranged|2|3|4|0|1
506454|Sanguinary Priest on Bike|3|1||Combi-weapon|Anti-Infantry 4+, Devastating Wounds, Rapid Fire 1|24|Ranged|1|4|4|0|1
506454|Sanguinary Priest on Bike|4|1||Grav-pistol|Anti-vehicle 2+, Pistol|12|Ranged|1|3|4|-1|2
506454|Sanguinary Priest on Bike|5|1||Hand flamer|Ignores Cover, Pistol, Torrent|12|Ranged|D6|-|3|0|1
506454|Sanguinary Priest on Bike|6|1||Inferno Pistol|Melta 2, Pistol|6|Ranged|1|3|8|-4|D3
506454|Sanguinary Priest on Bike|7|1||Plasma pistol - standard|Pistol|12|Ranged|1|3|7|-2|1
506454|Sanguinary Priest on Bike|8|2||Plasma pistol - supercharge|Hazardous, Pistol|12|Ranged|1|3|8|-3|2
506454|Sanguinary Priest on Bike|9|1||Storm bolter|Rapid Fire 2|24|Ranged|2|3|4|0|1
506454|Sanguinary Priest on Bike|10|1||Twin boltgun|Twin-linked|24|Ranged|2|3|4|0|1
506454|Sanguinary Priest on Bike|11|1||Astartes Chainsword||Melee|Melee|5|3|4|-1|1
506454|Sanguinary Priest on Bike|12|1||Power Fist||Melee|Melee|4|3|8|-2|2
506454|Sanguinary Priest on Bike|13|1||Power weapon||Melee|Melee|4|3|5|-2|1
506454|Sanguinary Priest on Bike|14|1||Thunder Hammer|Devastating Wounds|Melee|Melee|3|4|8|-2|2
2738|Sanguinary Priest with Jump Pack|1|1||Bolt pistol|Pistol|12|Ranged|1|2|4|0|1
2738|Sanguinary Priest with Jump Pack|2|1||Astartes Chainsword||Melee|Melee|5|2|4|-1|1
137|Scout Bike Squad|1|1||Astartes grenade launcher - frag|Blast|24|Ranged|D3|3|4|0|1
137|Scout Bike Squad|2|2||Astartes grenade launcher - krak||24|Ranged|1|3|9|-2|D3
137|Scout Bike Squad|3|1||Astartes Shotgun|Assault|18|Ranged|2|3|4|0|1
137|Scout Bike Squad|4|1||Bolt pistol|Close-Quarters|12|Ranged|1|3|4|0|1
137|Scout Bike Squad|5|1||Boltgun||24|Ranged|2|3|4|0|1
137|Scout Bike Squad|6|1||Combi-weapon|Anti-Infantry 4+, Devastating Wounds, Rapid Fire 1|24|Ranged|1|4|4|0|1
137|Scout Bike Squad|7|1||Grav-pistol|Anti-vehicle 2+, Pistol|12|Ranged|1|3|4|-1|2
137|Scout Bike Squad|8|1||Hand flamer|Ignores Cover, Pistol, Torrent|12|Ranged|D6|-|3|0|1
137|Scout Bike Squad|9|1||Inferno Pistol|Melta 2, Pistol|6|Ranged|1|3|8|-4|D3
137|Scout Bike Squad|10|1||Plasma pistol - standard|Pistol|12|Ranged|1|3|7|-2|1
137|Scout Bike Squad|11|2||Plasma pistol - supercharge|Hazardous, Pistol|12|Ranged|1|3|8|-3|2
137|Scout Bike Squad|12|1||Storm bolter|Rapid Fire 2|24|Ranged|2|3|4|0|1
137|Scout Bike Squad|13|1||Twin boltgun|Twin-linked|24|Ranged|2|3|4|0|1
137|Scout Bike Squad|14|1||Astartes Chainsword||Melee|Melee|3|3|4|-1|1
137|Scout Bike Squad|15|1||Combat Knife||Melee|Melee|3|3|4|0|1
137|Scout Bike Squad|16|1||Power fist||Melee|Melee|2|3|8|-2|2
137|Scout Bike Squad|17|1||Power weapon||Melee|Melee|3|3|5|-2|1
137|Scout Bike Squad|18|1||Thunder Hammer|Devastating Wounds|Melee|Melee|2|4|8|-2|2
1523|Scout Sniper Sergeant|1|1||Bolt pistol|Close-Quarters|12|Ranged|1|3|4|0|1
1523|Scout Sniper Sergeant|2|1||Missile Launcher - Frag|Blast, Heavy|48|Ranged|D6|4|4|0|1
1523|Scout Sniper Sergeant|3|2||Missile Launcher - Krak|Heavy|48|Ranged|1|4|9|-2|D6
1523|Scout Sniper Sergeant|4|1||Scout Sniper Rifle|Heavy, Precision|36|Ranged|1|3|4|-2|2
1523|Scout Sniper Sergeant|5|1||Close combat weapon||Melee|Melee|2|3|4|0|1
1160|Scout Squad|1|1||Astartes Shotgun|Assault|18|Ranged|2|3|4|0|1
1160|Scout Squad|2|1||Bolt pistol|Close-Quarters|12|Ranged|1|3|4|0|1
1160|Scout Squad|3|1||Boltgun||24|Ranged|2|3|4|0|1
1160|Scout Squad|4|1||Heavy Bolter|Heavy, Sustained Hits 1|36|Ranged|3|4|5|-1|2
1160|Scout Squad|5|1||Missile Launcher - Frag|Blast, Heavy|48|Ranged|D6|4|4|0|1
1160|Scout Squad|6|2||Missile Launcher - Krak|Heavy|48|Ranged|1|4|9|-2|D6
1160|Scout Squad|7|1||Scout Sniper Rifle|Heavy, Precision|36|Ranged|1|3|4|-2|2
1160|Scout Squad|8|1||Astartes Chainsword||Melee|Melee|4|3|4|-1|1
1160|Scout Squad|9|1||Close combat weapon||Melee|Melee|2|3|4|0|1
1160|Scout Squad|10|1||Combat Knife||Melee|Melee|3|3|4|-1|1
1524|Sergeant Chronus|1|1||Bolt pistol|Pistol|12|Ranged|1|2|4|0|1
1524|Sergeant Chronus|2|1||Chronus' Servo-Arm||Melee|Melee|3|3|8|-2|3
1162|Sergeant Telion|1|1||Bolt pistol|Pistol|12|Ranged|1|2|4|0|1
1162|Sergeant Telion|2|1||Quietus|Precision|36|Ranged|2|2|4|-2|3
1162|Sergeant Telion|3|1||Combat Knife||Melee|Melee|4|3|4|0|1
1161|Sicaran Arcus|1|1||Arcus multi-launcher|Indirect Fire|48|Ranged|2D6|3|6|0|2
1161|Sicaran Arcus|2|1||Heavy bolter|Sustained Hits 1|36|Ranged|3|3|5|-1|2
1161|Sicaran Arcus|3|1||Hunter-killer missile|One Shot|48|Ranged|1|2|14|-3|D6
1161|Sicaran Arcus|4|1||Lascannon||48|Ranged|1|3|12|-3|D6+1
1161|Sicaran Arcus|5|1||Storm bolter|Rapid Fire 2|24|Ranged|2|3|4|0|1
1161|Sicaran Arcus|6|1||Armoured tracks||Melee|Melee|6|4|8|0|1
1185|Sicaran Battle Tank|1|1||Heavy bolter|Sustained Hits 1|36|Ranged|3|3|5|-1|2
1185|Sicaran Battle Tank|2|1||Herakles-pattern autocannon|Rapid Fire 2|48|Ranged|6|3|9|-1|3
1185|Sicaran Battle Tank|3|1||Hunter-killer missile|One Shot|48|Ranged|1|2|14|-3|D6
1185|Sicaran Battle Tank|4|1||Lascannon||48|Ranged|1|3|12|-3|D6+1
1185|Sicaran Battle Tank|5|1||Storm bolter|Rapid Fire 2|24|Ranged|2|3|4|0|1
1185|Sicaran Battle Tank|6|1||Armoured tracks||Melee|Melee|6|4|8|0|1
1163|Sicaran Omega|1|1||Heavy bolter|Sustained Hits 1|36|Ranged|3|3|5|-1|2
1163|Sicaran Omega|2|1||Hunter-killer missile|One Shot|48|Ranged|1|2|14|-3|D6
1163|Sicaran Omega|3|1||Lascannon||48|Ranged|1|3|12|-3|D6+1
1163|Sicaran Omega|4|1||Omega plasma array - standard||36|Ranged|6|3|9|-3|2
1163|Sicaran Omega|5|2||Omega plasma array - supercharge|Hazardous|36|Ranged|6|3|10|-3|3
1163|Sicaran Omega|6|1||Storm bolter|Rapid Fire 2|24|Ranged|2|3|4|0|1
1163|Sicaran Omega|7|1||Armoured tracks||Melee|Melee|6|4|8|0|1
123|Sicaran Punisher|1|1||Heavy bolter|Sustained Hits 1|36|Ranged|3|3|5|-1|2
123|Sicaran Punisher|2|1||Hunter-killer missile|One Shot|48|Ranged|1|2|14|-3|D6
123|Sicaran Punisher|3|1||Lascannon||48|Ranged|1|3|12|-3|D6+1
123|Sicaran Punisher|4|1||Punisher rotary cannon|Devastating Wounds|36|Ranged|18|4|6|0|1
123|Sicaran Punisher|5|1||Storm bolter|Rapid Fire 2|24|Ranged|2|3|4|0|1
123|Sicaran Punisher|6|1||Armoured tracks||Melee|Melee|6|4|8|0|1
92|Sicaran Venator|1|1||Heavy bolter|Sustained Hits 1|36|Ranged|3|3|5|-1|2
92|Sicaran Venator|2|1||Hunter-killer missile|One Shot|48|Ranged|1|2|14|-3|D6
92|Sicaran Venator|3|1||Lascannon||48|Ranged|1|3|12|-3|D6+1
92|Sicaran Venator|4|1||Storm bolter|Rapid Fire 2|24|Ranged|2|3|4|0|1
92|Sicaran Venator|5|1||Venator neutron laser|Heavy|48|Ranged|3|3|16|-4|D3+3
92|Sicaran Venator|6|1||Armoured tracks||Melee|Melee|6|4|8|0|1
324|Skyclaw Pack Leader|1|1||Bolt pistol|Close-Quarters|12|Ranged|1|3|4|0|1
324|Skyclaw Pack Leader|2|1||Flamer|Ignores Cover, Torrent|12|Ranged|D6|-|4|0|1
324|Skyclaw Pack Leader|3|1||Grav-gun|Anti-VEHICLE 2+|18|Ranged|2|3|5|-1|2
324|Skyclaw Pack Leader|4|1||Meltagun|Melta 2|12|Ranged|1|3|9|-4|D6
324|Skyclaw Pack Leader|5|1||Plasma gun - standard|Rapid Fire 1|24|Ranged|1|3|7|-2|1
324|Skyclaw Pack Leader|6|2||Plasma gun - supercharge|Hazardous, Rapid Fire 1|24|Ranged|1|3|8|-3|2
324|Skyclaw Pack Leader|7|1||Plasma pistol - standard|Pistol|12|Ranged|1|3|7|-2|1
324|Skyclaw Pack Leader|8|2||Plasma pistol - supercharge|Hazardous, Pistol|12|Ranged|1|3|8|-3|2
324|Skyclaw Pack Leader|9|1||Astartes Chainsword||Melee|Melee|3|3|4|-1|1
324|Skyclaw Pack Leader|10|1||Close combat weapon||Melee|Melee|2|3|4|0|1
324|Skyclaw Pack Leader|11|1||Power fist||Melee|Melee|2|3|8|-2|2
324|Skyclaw Pack Leader|12|1||Power weapon||Melee|Melee|3|3|5|-2|1
1179|Sokar-pattern Stormbird|1|1||Hellstrike missile battery|Anti-Fly 3+|48|Ranged|4|3|10|-3|D6
1179|Sokar-pattern Stormbird|2|1||Twin heavy bolter|Sustained Hits 1, Twin-linked|36|Ranged|3|3|5|-1|2
1179|Sokar-pattern Stormbird|3|1||Twin lascannon|Twin-linked|48|Ranged|1|3|12|-3|D6+1
1179|Sokar-pattern Stormbird|4|1||Armoured hull||Melee|Melee|9|4|9|0|1
2252|Spartan|1|1||Heavy bolter|Sustained Hits 1|36|Ranged|3|3|5|-1|2
2252|Spartan|2|1||Heavy flamer|Ignores Cover, Torrent|12|Ranged|D6|-|5|-1|1
2252|Spartan|3|1||Laser destroyer|Heavy|36|Ranged|3|3|14|-4|D6+1
2252|Spartan|4|1||Multi-melta|Melta 2|18|Ranged|2|3|9|-4|D6
2252|Spartan|5|1||Quad lascannon||48|Ranged|4|3|12|-3|D6+1
2252|Spartan|6|1||Storm bolter|Rapid Fire 2|24|Ranged|2|3|4|0|1
2252|Spartan|7|1||Twin heavy bolter|Sustained Hits 1, Twin-linked|36|Ranged|3|3|5|-1|2
2252|Spartan|8|1||Twin heavy flamer|Ignores Cover, Torrent, Twin-linked|12|Ranged|D6|-|5|-1|1
2252|Spartan|9|1||Armoured tracks||Melee|Melee|6|4|8|0|1
2779|Kill Team Infiltrator|1|1||Bolt pistol|Close-Quarters|12|Ranged|1|3|4|0|1
2779|Kill Team Infiltrator|2|1||Bolt sniper rifle|Heavy, Precision|36|Ranged|1|3|5|-2|3
2779|Kill Team Infiltrator|3|1||Deathwatch Bolt carbine|Lethal Hits, Precision|24|Ranged|2|3|5|-1|1
2779|Kill Team Infiltrator|4|1||Deathwatch marksman bolt carbine|Heavy, Lethal Hits|24|Ranged|2|3|5|-1|1
2779|Kill Team Infiltrator|5|1||Deathwatch occulus bolt carbine|Assault, Ignores Cover, Lethal Hits|24|Ranged|2|3|5|-1|1
2779|Kill Team Infiltrator|6|1||Instigator bolt carbine|Heavy|24|Ranged|1|3|4|-2|2
2779|Kill Team Infiltrator|7|1||Las fusil|Heavy|36|Ranged|1|3|9|-3|D6
2779|Kill Team Infiltrator|8|1||Special-issue bolt pistol|Pistol, Precision|12|Ranged|1|3|4|-1|1
2779|Kill Team Infiltrator|9|1||Close combat weapon||Melee|Melee|3|3|4|0|1
2779|Kill Team Infiltrator|10|1||Combat knife|Precision|Melee|Melee|4|3|4|-1|1
2779|Kill Team Infiltrator|11|1||Paired combat blades|Sustained Hits 1|Melee|Melee|3|3|4|-1|1
2258|Stalker|1|1||Hunter-killer missile|One Shot|48|Ranged|1|2|14|-3|D6
2258|Stalker|2|1||Icarus Stormcannon|Anti-Fly 2+|48|Ranged|6|3|7|-1|2
2258|Stalker|3|1||Storm bolter|Rapid Fire 2|24|Ranged|2|3|4|0|1
2258|Stalker|4|1||Armoured Tracks||Melee|Melee|3|4|6|0|1
4137|Sternguard Veteran Squad|1|1||Combi-weapon|Anti-Infantry 4+, Devastating Wounds, Rapid Fire 1|24|Ranged|1|4|4|0|1
4137|Sternguard Veteran Squad|2|1||Pyrecannon|Ignores Cover, Torrent|12|Ranged|D6+1|-|6|-1|1
4137|Sternguard Veteran Squad|3|1||Sternguard Bolt Pistol|Devastating Wounds, Pistol|12|Ranged|1|3|4|0|1
4137|Sternguard Veteran Squad|4|1||Sternguard Bolt Rifle|Assault, Devastating Wounds, Heavy, Rapid Fire 1|24|Ranged|2|3|4|-1|1
4137|Sternguard Veteran Squad|5|1||Sternguard Heavy Bolter|Devastating Wounds, Heavy, Sustained Hits 1|36|Ranged|3|4|5|-1|2
4137|Sternguard Veteran Squad|6|1||Astartes Chainsword||Melee|Melee|6|3|4|-1|1
4137|Sternguard Veteran Squad|7|1||Close combat weapon||Melee|Melee|4|3|4|0|1
4137|Sternguard Veteran Squad|8|1||Power fist||Melee|Melee|4|3|8|-2|2
4137|Sternguard Veteran Squad|9|1||Power weapon||Melee|Melee|5|3|5|-2|1
493674|Sternguard Veteran Squad|1|1||Combi-weapon|Anti-Infantry 4+, Devastating Wounds, Rapid Fire 1|24|Ranged|1|4|4|0|1
493674|Sternguard Veteran Squad|2|1||Pyrecannon|Ignores Cover, Torrent|12|Ranged|D6+1|-|6|-1|1
493674|Sternguard Veteran Squad|3|1||Sternguard Bolt Pistol|Devastating Wounds, Pistol|12|Ranged|1|3|4|0|1
493674|Sternguard Veteran Squad|4|1||Sternguard Bolt Rifle|Assault, Devastating Wounds, Heavy, Rapid Fire 1|24|Ranged|2|3|4|-1|1
493674|Sternguard Veteran Squad|5|1||Sternguard Heavy Bolter|Devastating Wounds, Heavy, Sustained Hits 1|36|Ranged|3|4|5|-1|2
493674|Sternguard Veteran Squad|6|1||Astartes Chainsword||Melee|Melee|6|3|4|-1|1
493674|Sternguard Veteran Squad|7|1||Close combat weapon||Melee|Melee|4|3|4|0|1
493674|Sternguard Veteran Squad|8|1||Power Fist||Melee|Melee|4|3|8|-2|2
493674|Sternguard Veteran Squad|9|1||Power Weapon||Melee|Melee|5|3|5|-2|1
113|Storm Eagle Gunship|1|1||Twin heavy bolter|Sustained Hits 1, Twin-linked|36|Ranged|3|3|5|-1|2
113|Storm Eagle Gunship|2|1||Twin hellstrike launcher|Anti-Fly 2+, Twin-linked|72|Ranged|2|3|10|-3|D6
113|Storm Eagle Gunship|3|1||Twin lascannon|Twin-linked|48|Ranged|1|3|12|-3|D6+1
113|Storm Eagle Gunship|4|1||Twin multi-melta|Melta 2, Twin-linked|18|Ranged|2|3|9|-4|D6
113|Storm Eagle Gunship|5|1||Typhoon missile launcher - frag|Blast|48|Ranged|2D6|3|4|0|1
113|Storm Eagle Gunship|6|2||Typhoon missile launcher - krak||48|Ranged|2|3|9|-2|D6
113|Storm Eagle Gunship|7|1||Vengeance launcher|Blast|48|Ranged|2D6|3|6|0|1
113|Storm Eagle Gunship|8|1||Armoured hull||Melee|Melee|6|4|8|0|1
124|Storm Speeder Hailstrike|1|1||Fragstorm grenade launcher|Blast|18|Ranged|D6|3|4|0|1
124|Storm Speeder Hailstrike|2|1||Onslaught gatling cannon|Devastating Wounds|24|Ranged|8|3|5|0|1
124|Storm Speeder Hailstrike|3|1||Twin Ironhail Heavy Stubber|Rapid Fire 3, Twin-linked|36|Ranged|3|3|4|0|1
124|Storm Speeder Hailstrike|4|1||Close combat weapon||Melee|Melee|4|3|4|0|1
114|Storm Speeder Hammerstrike|1|1||Hammerstrike Missile Launcher||36|Ranged|2|3|9|-3|D6
114|Storm Speeder Hammerstrike|2|1||Krakstorm Grenade Launcher||18|Ranged|1|3|9|-1|D3
114|Storm Speeder Hammerstrike|3|1||Melta Destroyer|Melta 2|18|Ranged|3|3|9|-4|D6
114|Storm Speeder Hammerstrike|4|1||Close combat weapon||Melee|Melee|4|3|4|0|1
1610|Storm Speeder Thunderstrike|1|1||Stormfury Missiles||48|Ranged|1|2|12|-3|D6+1
1610|Storm Speeder Thunderstrike|2|1||Thunderstrike Las-talon||36|Ranged|2|2|9|-3|D6+1
1610|Storm Speeder Thunderstrike|3|1||Twin Icarus Rocket Pod|Anti-Fly 2+, Twin-linked|24|Ranged|D3|3|8|-1|2
1610|Storm Speeder Thunderstrike|4|1||Close combat weapon||Melee|Melee|4|3|4|0|1
325|Stormfang Gunship|1|1||Helfrost destructor - dispersed|Sustained Hits D3|36|Ranged|D3|3|11|-3|7
325|Stormfang Gunship|2|2||Helfrost destructor - focused|Torrent|12|Ranged|D6+6|-|8|-1|2
325|Stormfang Gunship|3|1||Skyhammer Missile Launcher|Anti-Fly 2+|48|Ranged|3|3|8|-1|D3
325|Stormfang Gunship|4|1||Twin heavy bolter|Sustained Hits 1, Twin-linked|36|Ranged|3|3|5|-1|2
325|Stormfang Gunship|5|1||Twin lascannon|Twin-linked|48|Ranged|1|3|12|-3|D6+1
325|Stormfang Gunship|6|1||Twin multi-melta|Melta 2, Twin-linked|18|Ranged|2|3|9|-4|D6
325|Stormfang Gunship|7|1||Twin stormstrike missile launcher|Twin-linked|48|Ranged|1|3|10|-2|3
325|Stormfang Gunship|8|1||Armoured hull||Melee|Melee|6|4|8|0|1
84|Stormhawk Interceptor|1|1||Icarus Stormcannon|Anti-Fly 2+|48|Ranged|6|3|7|-1|2
84|Stormhawk Interceptor|2|1||Las-talon||36|Ranged|2|3|10|-3|D6+1
84|Stormhawk Interceptor|3|1||Skyhammer Missile Launcher|Anti-Fly 2+|48|Ranged|3|3|8|-1|D3
84|Stormhawk Interceptor|4|1||Twin assault cannon|Devastating wounds, Twin-linked|24|Ranged|6|3|6|0|1
84|Stormhawk Interceptor|5|1||Twin heavy bolter|Sustained Hits 1, Twin-linked|36|Ranged|3|3|5|-1|2
84|Stormhawk Interceptor|6|1||Typhoon missile launcher - frag|Blast|48|Ranged|2D6|3|4|0|1
84|Stormhawk Interceptor|7|2||Typhoon missile launcher - krak||48|Ranged|2|3|9|-2|D6
84|Stormhawk Interceptor|8|1||Armoured Hull||Melee|Melee|3|4|6|0|1
1191|Stormraven Gunship|1|1||Hurricane Bolter|Rapid Fire 6, Twin-linked|24|Ranged|6|3|4|0|1
1191|Stormraven Gunship|2|1||Stormstrike Missile Launcher||48|Ranged|1|3|10|-2|3
1191|Stormraven Gunship|3|1||Twin assault cannon|Devastating wounds, Twin-linked|24|Ranged|6|3|6|0|1
1191|Stormraven Gunship|4|1||Twin heavy bolter|Sustained Hits 1, Twin-linked|36|Ranged|3|3|5|-1|2
1191|Stormraven Gunship|5|1||Twin Heavy Plasma Cannon - Standard|Blast, Twin-linked|36|Ranged|D3|3|7|-2|2
1191|Stormraven Gunship|6|2||Twin Heavy Plasma Cannon - Supercharge|Blast, Hazardous, Twin-linked|36|Ranged|D3|3|8|-3|3
1191|Stormraven Gunship|7|1||Twin lascannon|Twin-linked|48|Ranged|1|3|12|-3|D6+1
1191|Stormraven Gunship|8|1||Twin multi-melta|Melta 2, Twin-linked|18|Ranged|2|3|9|-4|D6
1191|Stormraven Gunship|9|1||Typhoon missile launcher - frag|Blast|48|Ranged|2D6|3|4|0|1
1191|Stormraven Gunship|10|2||Typhoon missile launcher - krak||48|Ranged|2|3|9|-2|D6
1191|Stormraven Gunship|11|1||Armoured Hull||Melee|Melee|6|4|8|0|1
1190|Stormtalon Gunship|1|1||Skyhammer Missile Launcher|Anti-Fly 2+, Twin-linked|48|Ranged|3|3|8|-1|D3
1190|Stormtalon Gunship|2|1||Twin assault cannon|Devastating wounds, Twin-linked|24|Ranged|6|3|6|0|1
1190|Stormtalon Gunship|3|1||Twin heavy bolter|Sustained Hits 1, Twin-linked|36|Ranged|3|3|5|-1|2
1190|Stormtalon Gunship|4|1||Twin lascannon|Twin-linked|48|Ranged|1|3|12|-3|D6+1
1190|Stormtalon Gunship|5|1||Typhoon missile launcher - frag|Blast|48|Ranged|2D6|3|4|0|1
1190|Stormtalon Gunship|6|2||Typhoon missile launcher - krak||48|Ranged|2|3|9|-2|D6
1190|Stormtalon Gunship|7|1||Armoured Hull||Melee|Melee|3|4|6|0|1
321|Stormwolf|1|1||Skyhammer Missile Launcher|Anti-Fly 2+|48|Ranged|3|3|8|-1|D3
321|Stormwolf|2|1||Twin heavy bolter|Sustained Hits 1, Twin-linked|36|Ranged|3|3|5|-1|2
321|Stormwolf|3|1||Twin helfrost cannon - dispersed|Torrent, Twin-linked|12|Ranged|D6|-|6|-1|2
321|Stormwolf|4|2||Twin helfrost cannon - focused|Twin-linked|36|Ranged|1|3|9|-3|5
321|Stormwolf|5|1||Twin lascannon|Twin-linked|48|Ranged|1|3|12|-3|D6+1
321|Stormwolf|6|1||Twin multi-melta|Melta 2, Twin-linked|18|Ranged|2|3|9|-4|D6
321|Stormwolf|7|1||Armoured hull||Melee|Melee|6|4|8|0|1
451410|Suboden Khan|1|1||Heavy Bolt Pistol|Pistol|18|Ranged|1|2|4|-1|1
451410|Suboden Khan|2|1||Onslaught Gatling Cannon|Devastating Wounds|24|Ranged|8|2|5|0|1
451410|Suboden Khan|3|1||Power Sword||Melee|Melee|8|2|5|-2|1
451410|Suboden Khan|4|1||Stormtooth|Lance, Anti-monster 4+, Anti-vehicle 4+|Melee|Melee|6|2|6|-2|2
68|Suppressor Sergeant|1|1||Accelerator Autocannon|Heavy|48|Ranged|3|4|8|-1|2
68|Suppressor Sergeant|2|1||Bolt pistol|Close-Quarters|12|Ranged|1|3|4|0|1
68|Suppressor Sergeant|3|1||Close combat weapon||Melee|Melee|3|3|4|0|1
2798|Sword Brethren|1|1||Heavy Bolt Pistol|Pistol|18|Ranged|1|3|4|-1|1
2798|Sword Brethren|2|1||Plasma pistol - standard|Pistol|12|Ranged|1|3|7|-2|1
2798|Sword Brethren|3|2||Plasma pistol - supercharge|Hazardous, Pistol|12|Ranged|1|3|8|-3|2
2798|Sword Brethren|4|1||Pyre Pistol|Ignores Cover, Pistol, Torrent|12|Ranged|D6|-|4|0|1
2798|Sword Brethren|5|1||Astartes Chainsword|Sustained Hits 1|Melee|Melee|6|2|4|-1|1
2798|Sword Brethren|6|1||Master-crafted Power Weapon|Lethal Hits|Melee|Melee|3|2|5|-2|2
2798|Sword Brethren|7|1||Thunder Hammer|Devastating Wounds|Melee|Melee|3|3|8|-2|2
2798|Sword Brethren|8|1||Twin Lightning Claws|Twin-linked|Melee|Melee|5|2|5|-2|1
70|Tactical Squad|1|1||Bolt pistol|Close-Quarters|12|Ranged|1|3|4|0|1
70|Tactical Squad|2|1||Boltgun||24|Ranged|2|3|4|0|1
70|Tactical Squad|3|1||Combi-weapon|Anti-Infantry 4+, Devastating Wounds, Rapid Fire 1|24|Ranged|1|4|4|0|1
70|Tactical Squad|4|1||Flamer|Ignores Cover, Torrent|12|Ranged|D6|-|4|0|1
70|Tactical Squad|5|1||Grav-cannon|Anti-vehicle 2+, Heavy|24|Ranged|3|4|6|-1|3
70|Tactical Squad|6|1||Grav-gun|Anti-vehicle 2+|18|Ranged|2|3|5|-1|2
70|Tactical Squad|7|1||Grav-pistol|Anti-vehicle 2+, Pistol|12|Ranged|1|3|4|-1|2
70|Tactical Squad|8|1||Heavy Bolter|Heavy, Sustained Hits 1|36|Ranged|3|4|5|-1|2
70|Tactical Squad|9|1||Lascannon|Heavy|48|Ranged|1|4|12|-3|D6+1
70|Tactical Squad|10|1||Meltagun|Melta 2|12|Ranged|1|3|9|-4|D6
70|Tactical Squad|11|1||Missile Launcher - Frag|Blast, Heavy|48|Ranged|D6|4|4|0|1
70|Tactical Squad|12|2||Missile Launcher - Krak|Heavy|48|Ranged|1|4|9|-2|D6
70|Tactical Squad|13|1||Multi-melta|Heavy, Melta 2|18|Ranged|2|4|9|-4|D6
70|Tactical Squad|14|1||Plasma cannon - standard|Blast, Heavy|36|Ranged|D3|4|7|-2|1
70|Tactical Squad|15|2||Plasma cannon - supercharge|Blast, Heavy, Hazardous|36|Ranged|D3|4|8|-3|2
70|Tactical Squad|16|1||Plasma gun - standard|Rapid Fire 1|24|Ranged|1|3|7|-2|1
70|Tactical Squad|17|2||Plasma gun - supercharge|Rapid Fire 1, Hazardous|24|Ranged|1|3|8|-3|2
70|Tactical Squad|18|1||Plasma pistol - standard|Pistol|12|Ranged|1|3|7|-2|1
70|Tactical Squad|19|2||Plasma pistol - supercharge|Hazardous, Pistol|12|Ranged|1|3|8|-3|2
70|Tactical Squad|20|1||Storm bolter|Rapid Fire 2|24|Ranged|2|3|4|0|1
70|Tactical Squad|21|1||Astartes Chainsword||Melee|Melee|4|3|4|-1|1
70|Tactical Squad|22|1||Close combat weapon||Melee|Melee|2|3|4|0|1
70|Tactical Squad|23|1||Power fist||Melee|Melee|2|3|8|-2|2
70|Tactical Squad|24|1||Power weapon||Melee|Melee|3|3|5|-2|1
70|Tactical Squad|25|1||Thunder Hammer|Devastating Wounds|Melee|Melee|2|4|8|-2|2
70|Tactical Squad|26|1||Twin lightning claws|Twin-linked|Melee|Melee|4|3|4|-2|1
567774|Kill Team Sergeant w/ Jump Pack|1|1||Assault bolters|Assault, Pistol, Sustained Hits 2, Twin-linked|18|Ranged|3|3|5|-1|2
567774|Kill Team Sergeant w/ Jump Pack|2|1||Hand flamer|Ignores Cover, Pistol, Torrent|12|Ranged|D6|-|3|0|1
567774|Kill Team Sergeant w/ Jump Pack|3|1||Heavy Bolt Pistol|Pistol|18|Ranged|1|3|4|-1|1
567774|Kill Team Sergeant w/ Jump Pack|4|1||Plasma exterminators - standard|Assault, Pistol, Twin-linked|18|Ranged|2|3|7|-2|2
567774|Kill Team Sergeant w/ Jump Pack|5|2||Plasma exterminators - supercharge|Assault, Hazardous, Pistol, Twin-linked|18|Ranged|2|3|8|-3|3
567774|Kill Team Sergeant w/ Jump Pack|6|1||Plasma pistol - Standard|Pistol|12|Ranged|1|3|7|-2|1
567774|Kill Team Sergeant w/ Jump Pack|7|2||Plasma pistol - Supercharge|Hazardous, Pistol|12|Ranged|1|3|8|-3|2
567774|Kill Team Sergeant w/ Jump Pack|8|1||Astartes Chainsword||Melee|Melee|4|3|4|-1|1
567774|Kill Team Sergeant w/ Jump Pack|9|1||Close combat weapon||Melee|Melee|3|3|4|0|1
567774|Kill Team Sergeant w/ Jump Pack|10|1||Power fist||Melee|Melee|3|3|8|-2|2
567774|Kill Team Sergeant w/ Jump Pack|11|1||Power weapon||Melee|Melee|3|3|5|-2|1
930090|Tarantula Air Defense Battery [Legends]|1|1||Tarantula Air Defence Missiles|Anti-Fly 2+, Blast|48|Ranged|D6|4|7|-1|1
930090|Tarantula Air Defense Battery [Legends]|2|1||Armoured Hull||Melee|Melee|1|4|4|0|1
98|Tarantula Sentry Battery|1|1||Twin heavy bolter|Sustained Hits 1, Twin-linked|36|Ranged|3|3|5|-1|2
98|Tarantula Sentry Battery|2|1||Twin lascannon|Twin-linked|48|Ranged|1|3|12|-3|D6+1
140|Techmarine|1|1||Forge Bolter||24|Ranged|3|2|5|-1|2
140|Techmarine|2|1||Grav-pistol|Anti-vehicle 2+, Pistol|12|Ranged|1|2|4|-1|2
140|Techmarine|3|1||Omnissian power axe||Melee|Melee|4|3|6|-2|2
140|Techmarine|4|1||Servo-arm|Extra Attacks|Melee|Melee|1|3|8|-2|3
1527|Techmarine on Bike [Legends]|1|1||Bolt pistol|Pistol|12|Ranged|1|2|4|0|1
1527|Techmarine on Bike [Legends]|2|1||Boltgun||24|Ranged|2|2|4|0|1
1527|Techmarine on Bike [Legends]|3|1||Combi-weapon|Anti-Infantry 4+, Devastating Wounds, Rapid Fire 1|24|Ranged|1|4|4|0|1
1527|Techmarine on Bike [Legends]|4|1||Conversion Beamer|Conversion, Sustained Hits D3|24|Ranged|1|3|8|-1|2
1527|Techmarine on Bike [Legends]|5|1||Flamer|Ignores Cover, Torrent|12|Ranged|D6|-|4|0|1
1527|Techmarine on Bike [Legends]|6|1||Grav Pistol|Anti-vehicle 2+, Pistol|12|Ranged|1|2|4|-1|1
1527|Techmarine on Bike [Legends]|7|1||Plasma pistol - standard|Pistol|12|Ranged|1|3|7|-2|1
1527|Techmarine on Bike [Legends]|8|2||Plasma pistol - supercharge|Hazardous, Pistol|12|Ranged|1|3|8|-3|2
1527|Techmarine on Bike [Legends]|9|1||Storm bolter|Rapid Fire 2|24|Ranged|2|3|4|0|1
1527|Techmarine on Bike [Legends]|10|1||Twin boltgun|Twin-linked|24|Ranged|2|3|4|0|1
1527|Techmarine on Bike [Legends]|11|1||Astartes Chainsword||Melee|Melee|5|3|4|-1|1
1527|Techmarine on Bike [Legends]|12|1||Omnissian power axe||Melee|Melee|4|3|6|-2|2
1527|Techmarine on Bike [Legends]|13|1||Plasma Cutter|Extra Attacks|Melee|Melee|2|3|8|-2|2
1527|Techmarine on Bike [Legends]|14|1||Power fist||Melee|Melee|4|3|8|-2|2
1527|Techmarine on Bike [Legends]|15|1||Servo-arm|Extra Attacks|Melee|Melee|1|3|8|-2|3
1527|Techmarine on Bike [Legends]|16|1||Thunder Hammer|Devastating Wounds|Melee|Melee|3|4|8|-2|2
118|Assault Terminator w/ Storm Shield|1|1||Thunder Hammer|Devastating Wounds|Melee|Melee|3|3|8|-2|2
118|Assault Terminator w/ Storm Shield|2|1||Twin Lightning Claws|Twin-linked|Melee|Melee|6|3|5|-2|1
4138|Terminator Sergeant|1|1||Assault Cannon|Devastating Wounds|24|Ranged|6|3|6|0|1
4138|Terminator Sergeant|2|1||Cyclone missile launcher - frag|Blast|36|Ranged|2D6|3|4|0|1
4138|Terminator Sergeant|3|2||Cyclone missile launcher - krak||36|Ranged|2|3|9|-2|D6
4138|Terminator Sergeant|4|1||Heavy Flamer|Ignores Cover, Torrent|12|Ranged|D6|-|5|-1|1
4138|Terminator Sergeant|5|1||Storm bolter|Rapid Fire 2|24|Ranged|2|3|4|0|1
4138|Terminator Sergeant|6|1||Chainfist|Anti-Vehicle 3+|Melee|Melee|3|4|8|-2|2
4138|Terminator Sergeant|7|1||Power fist||Melee|Melee|3|3|8|-2|2
4138|Terminator Sergeant|8|1||Power weapon||Melee|Melee|4|3|5|-2|1
722226|Terminator Sergeant|1|1||Assault Cannon|Devastating Wounds|24|Ranged|6|3|6|0|1
722226|Terminator Sergeant|2|1||Cyclone missile launcher - frag|Blast|36|Ranged|2D6|3|4|0|1
722226|Terminator Sergeant|3|2||Cyclone missile launcher - krak||36|Ranged|2|3|9|-2|D6
722226|Terminator Sergeant|4|1||Heavy Flamer|Ignores Cover, Torrent|12|Ranged|D6|-|5|-1|1
722226|Terminator Sergeant|5|1||Storm bolter|Rapid Fire 2|24|Ranged|2|3|4|0|1
722226|Terminator Sergeant|6|1||Chainfist|Anti-Vehicle 3+|Melee|Melee|3|4|8|-2|2
722226|Terminator Sergeant|7|1||Power fist||Melee|Melee|3|3|8|-2|2
722226|Terminator Sergeant|8|1||Power Fist||Melee|Melee|3|3|8|-2|2
722226|Terminator Sergeant|9|1||Power weapon||Melee|Melee|4|3|5|-2|1
1184|Terminus Ultra [Legends]|1|1||Hunter-killer missile|One Shot|48|Ranged|1|2|14|-3|D6
1184|Terminus Ultra [Legends]|2|1||Lascannon||48|Ranged|1|3|12|-3|D6+1
1184|Terminus Ultra [Legends]|3|1||Multi-melta|Melta 2|18|Ranged|2|3|9|-4|D6
1184|Terminus Ultra [Legends]|4|1||Storm bolter|Rapid Fire 2|24|Ranged|2|3|4|0|1
1184|Terminus Ultra [Legends]|5|1||Terminus Lascannon - Overload|Hazardous, Twin-Linked|48|Ranged|1|3|14|-3|D6+3
1184|Terminus Ultra [Legends]|6|2||Terminus Lascannon - Standard|Twin-Linked|48|Ranged|1|3|12|-3|D6+1
1184|Terminus Ultra [Legends]|7|1||Armoured Tracks||Melee|Melee|6|4|8|0|1
1991|Terrax-pattern Termite|1|1||Terrax melta cutter|Melta 2|12|Ranged|5|3|9|-4|D6
1991|Terrax-pattern Termite|2|1||Termite drill|Anti-VEHICLE 3+|Melee|Melee|6|4|14|-2|D3+3
156|The Sanguinor|1|1||Encarmine Broadsword|Devastating Wounds|Melee|Melee|8|2|6|-3|2
1164|Techmarine Gunner|1|1||Bolt pistol|Close-Quarters|12|Ranged|1|3|4|0|1
1164|Techmarine Gunner|2|1||Flamer|Ignores Cover, Torrent|12|Ranged|D6|-|4|0|1
1164|Techmarine Gunner|3|1||Thunderfire Cannon|Blast, Indirect Fire|48|Ranged|D6+4|3|5|0|1
1164|Techmarine Gunner|4|1||Close combat weapon||Melee|Melee|3|3|4|0|1
1164|Techmarine Gunner|5|1||Gunner's Servo Arms|Extra Attacks|Melee|Melee|2|3|8|-2|3
1164|Techmarine Gunner|6|1||Plasma Cutter|Extra Attacks|Melee|Melee|2|3|8|-2|1
139|Thunderhawk Gunship|1|1||Hellstrike missile battery|Anti-FLY 4+|72|Ranged|4|3|8|-2|3
139|Thunderhawk Gunship|2|1||Lascannon||48|Ranged|1|3|12|-3|D6+1
139|Thunderhawk Gunship|3|1||Thunderhawk heavy cannon|Blast|48|Ranged|D6+6|3|10|-2|3
139|Thunderhawk Gunship|4|1||Turbo-laser destructor|Blast|96|Ranged|D3+1|3|20|-4|D6+6
139|Thunderhawk Gunship|5|1||Twin heavy bolter|Sustained Hits 1, Twin-linked|36|Ranged|3|3|5|-1|2
139|Thunderhawk Gunship|6|1||Armoured hull||Melee|Melee|6|4|8|0|1
2724|Thunderhawk Transporter [Legends]|1|1||Hellstrike missile battery|Anti-FLY 4+|72|Ranged|4|3|8|-2|3
2724|Thunderhawk Transporter [Legends]|2|1||Twin heavy bolter|Sustained Hits 1, Twin-linked|36|Ranged|3|3|5|-1|2
2724|Thunderhawk Transporter [Legends]|3|1||Armoured hull||Melee|Melee|8|4|8|0|1
322|Thunderwolf Cavalry|1|1||Bolt pistol|Close-Quarters|12|Ranged|1|3|4|0|1
322|Thunderwolf Cavalry|2|1||Boltgun||24|Ranged|2|3|4|0|1
322|Thunderwolf Cavalry|3|1||Plasma pistol - standard|Pistol|12|Ranged|1|3|7|-2|1
322|Thunderwolf Cavalry|4|2||Plasma pistol - supercharge|Hazardous, Pistol|12|Ranged|1|3|8|-3|2
322|Thunderwolf Cavalry|5|1||Crushing teeth and claws|Extra Attacks|Melee|Melee|3|4|5|-1|1
322|Thunderwolf Cavalry|6|1||Wolf Guard Weapon||Melee|Melee|4|3|5|-2|2
2473|Tor Garadon|1|1||Artificer Grav Gun|Anti-vehicle 2+|18|Ranged|2|2|5|-1|2
2473|Tor Garadon|2|1||Hand of Defiance||Melee|Melee|5|2|12|-2|2
153|Tycho the Lost|1|1||Blood Song|Anti-Infantry 4+, Devastating Wounds, Melta 2|24|Ranged|2|2|4|-1|2
153|Tycho the Lost|2|1||Bolt pistol|Pistol|12|Ranged|1|2|4|0|1
153|Tycho the Lost|3|1||Dead Man's Hand||Melee|Melee|6|2|4|-1|2
93|Typhon|1|1||Dreadhammer siege cannon|Blast|24|Ranged|D6+6|3|14|-3|D6
93|Typhon|2|1||Heavy bolter|Sustained Hits 1|36|Ranged|3|3|5|-1|2
93|Typhon|3|1||Heavy flamer|Ignores Cover, Torrent|12|Ranged|D6|-|5|-1|1
93|Typhon|4|1||Lascannon||48|Ranged|1|3|12|-3|D6+1
93|Typhon|5|1||Multi-melta|Melta 2|18|Ranged|2|3|9|-4|D6
93|Typhon|6|1||Storm bolter|Rapid Fire 2|24|Ranged|2|3|4|0|1
93|Typhon|7|1||Armoured tracks||Melee|Melee|6|4|8|0|1
297|Ulrik the Slayer|1|1||Plasma pistol - standard|Pistol|12|Ranged|1|2|7|-2|1
297|Ulrik the Slayer|2|2||Plasma pistol - supercharge|Hazardous, Pistol|12|Ranged|1|2|8|-2|2
297|Ulrik the Slayer|3|1||Artificer crozius|Anti-Monster 4+, Anti-Vehicle 4+|Melee|Melee|5|2|6|-2|2
716446|Ultramarines Honor Guard|1|1||Bolt pistol|Close-Quarters|12|Ranged|1|3|4|0|1
716446|Ultramarines Honor Guard|2|1||Boltgun||24|Ranged|2|3|4|0|1
716446|Ultramarines Honor Guard|3|1||Power weapon||Melee|Melee|3|3|5|-2|2
121|Uriel Ventris|1|1||Bolt pistol|Pistol|12|Ranged|1|2|4|0|1
121|Uriel Ventris|2|1||Invictus||24|Ranged|2|2|4|-1|2
121|Uriel Ventris|3|1||Sword of Idaeus|Sustained Hits 1|Melee|Melee|6|2|6|-2|2
1154|Vanguard Veterans|1|1||Bolt pistol|Close-Quarters|12|Ranged|1|3|4|0|1
1154|Vanguard Veterans|2|1||Grav-pistol|Anti-vehicle 2+, Pistol|12|Ranged|1|3|4|-1|2
1154|Vanguard Veterans|3|1||Hand flamer|Ignores Cover, Pistol, Torrent|12|Ranged|D6|-|3|0|1
1154|Vanguard Veterans|4|1||Inferno Pistol|Melta 2, Pistol|6|Ranged|1|3|8|-4|D3
1154|Vanguard Veterans|5|1||Plasma pistol - standard|Pistol|12|Ranged|1|3|7|-2|1
1154|Vanguard Veterans|6|2||Plasma pistol - supercharge|Hazardous, Pistol|12|Ranged|1|3|8|-3|2
1154|Vanguard Veterans|7|1||Heirloom Weapon||Melee|Melee|4|3|5|-1|1
1154|Vanguard Veterans|8|1||Vanguard Veteran Weapon||Melee|Melee|4|3|5|-1|1
147|Vanguard Veterans with Jump Packs|1|1||Bolt pistol|Close-Quarters|12|Ranged|1|3|4|0|1
147|Vanguard Veterans with Jump Packs|2|1||Grav-pistol|Anti-vehicle 2+, Pistol|12|Ranged|1|3|4|-1|2
147|Vanguard Veterans with Jump Packs|3|1||Hand flamer|Ignores Cover, Pistol, Torrent|12|Ranged|D6|-|3|0|1
147|Vanguard Veterans with Jump Packs|4|1||Heavy Bolt Pistol|Pistol|18|Ranged|1|3|4|-1|1
147|Vanguard Veterans with Jump Packs|5|1||Inferno Pistol|Melta 2, Pistol|6|Ranged|1|3|8|-4|D3
147|Vanguard Veterans with Jump Packs|6|1||Plasma pistol - standard|Pistol|12|Ranged|1|3|7|-2|1
147|Vanguard Veterans with Jump Packs|7|2||Plasma pistol - supercharge|Hazardous, Pistol|12|Ranged|1|3|8|-3|2
147|Vanguard Veterans with Jump Packs|8|1||Master-crafted Power Weapon||Melee|Melee|3|3|5|-2|2
147|Vanguard Veterans with Jump Packs|9|1||Vanguard Veteran Weapon||Melee|Melee|4|3|5|-1|1
2801|Space Wolves Venerable Dreadnought|1|1||Assault Cannon|Devastating Wounds|24|Ranged|6|3|6|0|1
2801|Space Wolves Venerable Dreadnought|2|1||Heavy Flamer|Ignores Cover, Torrent|12|Ranged|D6|-|5|-1|1
2801|Space Wolves Venerable Dreadnought|3|1||Helfrost cannon - dispersed|Torrent|12|Ranged|D6|-|6|-1|2
2801|Space Wolves Venerable Dreadnought|4|2||Helfrost cannon - focused||36|Ranged|1|3|10|-3|5
2801|Space Wolves Venerable Dreadnought|5|1||Multi-melta|Melta 2|18|Ranged|2|3|9|-4|D6
2801|Space Wolves Venerable Dreadnought|6|1||Storm Bolter|Rapid Fire 2|24|Ranged|2|3|4|0|1
2801|Space Wolves Venerable Dreadnought|7|1||Dreadnought Combat Weapon||Melee|Melee|5|3|12|-2|3
2801|Space Wolves Venerable Dreadnought|8|1||Fenrisian great axe - strike||Melee|Melee|6|3|10|-2|D6+1
2801|Space Wolves Venerable Dreadnought|9|2||Fenrisian great axe - sweep||Melee|Melee|12|3|6|-2|1
120|Venerable Dreadnought [Legends]|1|1||Assault Cannon|Devastating Wounds|24|Ranged|6|3|6|0|1
120|Venerable Dreadnought [Legends]|2|1||Dreadnought Inferno Cannon|Ignores Cover, Torrent|12|Ranged|2D6|-|6|-1|1
120|Venerable Dreadnought [Legends]|3|1||Heavy Flamer|Ignores Cover, Torrent|12|Ranged|D6|-|5|-1|1
120|Venerable Dreadnought [Legends]|4|1||Heavy Plasma Cannon|Blast, Hazardous|36|Ranged|D3|3|8|-3|3
120|Venerable Dreadnought [Legends]|5|2||Heavy Plasma Cannon - Standard|Blast|36|Ranged|D3|3|7|-2|2
120|Venerable Dreadnought [Legends]|6|1||Missile Launcher - Frag|Blast|48|Ranged|D6|3|4|0|1
120|Venerable Dreadnought [Legends]|7|2||Missile Launcher - Krak||48|Ranged|1|3|9|-2|D6
120|Venerable Dreadnought [Legends]|8|1||Multi-melta|Melta 2|18|Ranged|2|3|9|-4|D6
120|Venerable Dreadnought [Legends]|9|1||Storm bolter|Rapid Fire 2|24|Ranged|2|3|4|0|1
120|Venerable Dreadnought [Legends]|10|1||Twin autocannon|Twin-linked|48|Ranged|2|3|9|-1|3
120|Venerable Dreadnought [Legends]|11|1||Twin heavy bolter|Sustained Hits 1, Twin-linked|36|Ranged|3|3|5|-1|2
120|Venerable Dreadnought [Legends]|12|1||Twin heavy flamer|Ignores Cover, Torrent, Twin-linked|12|Ranged|D6|-|5|-1|1
120|Venerable Dreadnought [Legends]|13|1||Twin lascannon|Twin-linked|48|Ranged|1|3|12|-3|D6+1
120|Venerable Dreadnought [Legends]|14|1||Armoured Feet||Melee|Melee|5|3|6|0|1
120|Venerable Dreadnought [Legends]|15|1||Close combat weapon||Melee|Melee|5|3|6|0|1
120|Venerable Dreadnought [Legends]|16|1||Dreadnought Combat Weapon||Melee|Melee|5|3|12|-2|3
4185|Victrix Honour Guard|1|1||Master-crafted Bolt Carbine||24|Ranged|2|2|4|-1|2
4185|Victrix Honour Guard|2|1||Blades of Honour|Precision, Twin-linked|Melee|Melee|6|2|5|-2|2
4185|Victrix Honour Guard|3|1||Master-crafted power weapon||Melee|Melee|5|2|5|-2|2
1188|Vindicator|1|1||Demolisher Cannon|Blast|24|Ranged|D6+3|3|14|-3|D6
1188|Vindicator|2|1||Hunter-killer missile|One Shot|48|Ranged|1|2|14|-3|D6
1188|Vindicator|3|1||Storm bolter|Rapid Fire 2|24|Ranged|2|3|4|0|1
1188|Vindicator|4|1||Armoured Tracks||Melee|Melee|3|4|6|0|1
1178|Vindicator Laser Destroyer|1|1||Hunter-killer missile|One Shot|48|Ranged|1|2|14|-3|D6
1178|Vindicator Laser Destroyer|2|1||Laservolley cannon - overcharge fire|Hazardous|36|Ranged|3|3|14|-4|D6+3
1178|Vindicator Laser Destroyer|3|2||Laservolley cannon - volley fire||36|Ranged|3|3|12|-3|D3+3
1178|Vindicator Laser Destroyer|4|1||Storm bolter|Rapid Fire 2|24|Ranged|2|3|4|0|1
1178|Vindicator Laser Destroyer|5|1||Armoured tracks||Melee|Melee|3|4|6|0|1
2726|Vulkan He'stan|1|1||Bolt pistol|Pistol|12|Ranged|1|2|4|0|1
2726|Vulkan He'stan|2|1||Gauntlet of the Forge|Ignores Cover, Pistol, Torrent|12|Ranged|D6+3|-|6|-1|1
2726|Vulkan He'stan|3|1||Spear of Vulkan|Devastating Wounds|Melee|Melee|6|2|6|-2|2
4188|Ancient Gadriel, Veteran Sergeant Metaurus|1|1||Archeotech Laspistol|Pistol|12|Ranged|1|3|4|-1|1
4188|Ancient Gadriel, Veteran Sergeant Metaurus|2|1||Astropathic Blast|Blast, Psychic|12|Ranged|D6|3|4|-1|1
4188|Ancient Gadriel, Veteran Sergeant Metaurus|3|1||Bolt Rifle|Assault, Heavy|24|Ranged|2|3|4|-1|1
4188|Ancient Gadriel, Veteran Sergeant Metaurus|4|1||Heavy Bolt Pistol|Pistol|18|Ranged|1|3|4|-1|1
4188|Ancient Gadriel, Veteran Sergeant Metaurus|5|1||Close combat weapon||Melee|Melee|4|2|4|0|1
4188|Ancient Gadriel, Veteran Sergeant Metaurus|6|1||Force Stave|Psychic|Melee|Melee|1|2|5|-2|2
4188|Ancient Gadriel, Veteran Sergeant Metaurus|7|1||Master-crafted power weapon||Melee|Melee|5|2|5|-2|2
4188|Ancient Gadriel, Veteran Sergeant Metaurus|8|1||Power Weapon||Melee|Melee|4|2|4|-2|1
3872|Watch Captain Artemis|1|1||Hellfire Extremis|Anti-Infantry 4+, Devastating Wounds, Ignores Cover, Torrent|12|Ranged|D6|-|4|-1|1
3872|Watch Captain Artemis|2|1||Master-crafted power weapon||Melee|Melee|6|2|5|-2|2
3871|Watch Master|1|1||Vigil spear||24|Ranged|2|2|4|-1|2
3871|Watch Master|2|2||Vigil spear|Lance|Melee|Melee|6|2|6|-2|D3
2727|Whirlwind|1|1||Hunter-killer missile|One Shot|48|Ranged|1|2|14|-3|D6
2727|Whirlwind|2|1||Storm bolter|Rapid Fire 2|24|Ranged|2|3|4|0|1
2727|Whirlwind|3|1||Whirlwind Vengeance Launcher|Blast, Indirect Fire|72|Ranged|D6+3|3|8|-2|2
2727|Whirlwind|4|1||Armoured Tracks||Melee|Melee|3|4|6|0|1
2728|Whirlwind Scorpius|1|1||Hunter-killer missile|One Shot|48|Ranged|1|2|14|-3|D6
2728|Whirlwind Scorpius|2|1||Scorpius multi-launcher|Blast, Indirect Fire|48|Ranged|2D3+3|3|6|-1|2
2728|Whirlwind Scorpius|3|1||Storm bolter|Rapid Fire 2|24|Ranged|2|3|4|0|1
2728|Whirlwind Scorpius|4|1||Armoured tracks||Melee|Melee|3|4|6|0|1
315|Wolf Guard|1|1||Bolt pistol|Close-Quarters|12|Ranged|1|3|4|0|1
315|Wolf Guard|2|1||Boltgun||24|Ranged|2|3|4|0|1
315|Wolf Guard|3|1||Combi-weapon|Anti-infantry 4+, Devastating Wounds, Rapid Fire 1|24|Ranged|1|4|4|0|1
315|Wolf Guard|4|1||Plasma pistol - standard|Pistol|12|Ranged|1|3|7|-2|1
315|Wolf Guard|5|2||Plasma pistol - supercharge|Hazardous, Pistol|12|Ranged|1|3|8|-3|2
315|Wolf Guard|6|1||Storm bolter|Rapid Fire 2|24|Ranged|2|3|4|0|1
315|Wolf Guard|7|1||Heirloom weapon||Melee|Melee|4|3|5|-1|1
4130|Wolf Guard Battle Leader|1|1||Master-crafted Bolt Carbine||24|Ranged|2|3|4|0|2
4130|Wolf Guard Battle Leader|2|1||Master-crafted Heavy Bolt Pistol|Pistol|18|Ranged|1|3|4|-1|2
4130|Wolf Guard Battle Leader|3|1||Plasma pistol - standard|Pistol|12|Ranged|1|3|7|-2|1
4130|Wolf Guard Battle Leader|4|2||Plasma pistol - supercharge|Hazardous, Pistol|12|Ranged|1|3|8|-3|2
4130|Wolf Guard Battle Leader|5|1||Master-crafted Power Weapon||Melee|Melee|7|2|5|-2|2
4130|Wolf Guard Battle Leader|6|1||Thunder Hammer|Devastating Wounds|Melee|Melee|5|3|8|-2|2
4232|Wolf Guard Battle Leader in Terminator Armour|1|1||Combi-weapon|Anti-infantry 4+, Devastating Wounds, Rapid Fire 1|24|Ranged|1|3|4|0|1
4232|Wolf Guard Battle Leader in Terminator Armour|2|1||Storm bolter|Rapid Fire 2|24|Ranged|2|2|4|0|1
4232|Wolf Guard Battle Leader in Terminator Armour|3|1||Chainfist|Anti-VEHICLE 3+|Melee|Melee|4|3|8|-2|2
4232|Wolf Guard Battle Leader in Terminator Armour|4|1||Close combat weapon||Melee|Melee|5|3|4|0|1
4232|Wolf Guard Battle Leader in Terminator Armour|5|1||Power fist||Melee|Melee|4|2|8|-2|2
4232|Wolf Guard Battle Leader in Terminator Armour|6|1||Power weapon||Melee|Melee|5|2|5|-2|1
4232|Wolf Guard Battle Leader in Terminator Armour|7|1||Thunder hammer|Devastating Wounds|Melee|Melee|4|3|8|-2|2
4232|Wolf Guard Battle Leader in Terminator Armour|8|1||Twin lightning claws|Twin-linked|Melee|Melee|6|2|5|-2|1
4233|Wolf Guard Battle Leader on Thunderwolf|1|1||Bolt pistol|Pistol|12|Ranged|1|2|4|0|1
4233|Wolf Guard Battle Leader on Thunderwolf|2|1||Combi-weapon|Anti-infantry 4+, Devastating Wounds, Rapid Fire 1|24|Ranged|1|3|4|0|1
4233|Wolf Guard Battle Leader on Thunderwolf|3|1||Master-crafted boltgun||24|Ranged|2|2|4|0|2
4233|Wolf Guard Battle Leader on Thunderwolf|4|1||Storm bolter|Rapid Fire 2|24|Ranged|2|2|4|0|1
4233|Wolf Guard Battle Leader on Thunderwolf|5|1||Crushing teeth and claws|Extra Attacks|Melee|Melee|3|4|5|-1|1
4233|Wolf Guard Battle Leader on Thunderwolf|6|1||Power fist||Melee|Melee|4|2|8|-2|2
4233|Wolf Guard Battle Leader on Thunderwolf|7|1||Relic weapon||Melee|Melee|5|2|5|-2|2
4233|Wolf Guard Battle Leader on Thunderwolf|8|1||Thunder hammer|Devastating Wounds|Melee|Melee|4|3|8|-2|2
4131|Wolf Guard Headtakers|1|1||Heavy Bolt Pistol|Pistol|18|Ranged|1|3|4|-1|1
4131|Wolf Guard Headtakers|2|1||Master-crafted Power Weapon||Melee|Melee|4|3|5|-2|2
4131|Wolf Guard Headtakers|3|1||Paired Master-crafted Power Weapons||Melee|Melee|6|3|5|-2|2
4131|Wolf Guard Headtakers|4|1||Teeth and Claws||Melee|Melee|3|4|4|0|1
934684|Wolf Guard Headtaker w/ Storm Shield|1|1||Heavy Bolt Pistol|Pistol|18|Ranged|1|3|4|-1|1
934684|Wolf Guard Headtaker w/ Storm Shield|2|1||Master-crafted Power Weapon||Melee|Melee|4|3|5|-2|2
934684|Wolf Guard Headtaker w/ Storm Shield|3|1||Paired Master-crafted Power Weapons||Melee|Melee|6|3|5|-2|2
934684|Wolf Guard Headtaker w/ Storm Shield|4|1||Teeth and Claws||Melee|Melee|3|4|4|0|1
2804|Wolf Guard Pack Leader|1|1||Bolt pistol|Close-Quarters|12|Ranged|1|3|4|0|1
2804|Wolf Guard Pack Leader|2|1||Boltgun||24|Ranged|2|3|4|0|1
2804|Wolf Guard Pack Leader|3|1||Combi-weapon|Anti-infantry 4+, Devastating Wounds, Rapid Fire 1|24|Ranged|1|3|4|0|1
2804|Wolf Guard Pack Leader|4|1||Plasma pistol - standard|Pistol|12|Ranged|1|3|7|-2|1
2804|Wolf Guard Pack Leader|5|2||Plasma pistol - supercharge|Hazardous, Pistol|12|Ranged|1|3|8|-3|2
2804|Wolf Guard Pack Leader|6|1||Storm Bolter|Rapid Fire 2|24|Ranged|2|3|4|0|1
2804|Wolf Guard Pack Leader|7|1||Astartes Chainsword||Melee|Melee|4|3|4|-1|1
2804|Wolf Guard Pack Leader|8|1||Close combat weapon||Melee|Melee|3|3|4|0|1
2804|Wolf Guard Pack Leader|9|1||Power fist||Melee|Melee|2|3|8|-2|2
2804|Wolf Guard Pack Leader|10|1||Power weapon||Melee|Melee|3|3|5|-2|1
2804|Wolf Guard Pack Leader|11|1||Thunder Hammer|Devastating Wounds|Melee|Melee|2|4|8|-2|2
2804|Wolf Guard Pack Leader|12|1||Twin lightning claws|Twin-linked|Melee|Melee|4|3|5|-2|1
2803|Wolf Guard Pack Leader in Terminator Armour|1|1||Assault Cannon|Devastating Wounds|24|Ranged|6|3|6|0|1
2803|Wolf Guard Pack Leader in Terminator Armour|2|1||Combi-weapon|Anti-infantry 4+, Devastating Wounds, Rapid Fire 1|24|Ranged|1|3|4|0|1
2803|Wolf Guard Pack Leader in Terminator Armour|3|1||Cyclone missile launcher - frag|Blast|36|Ranged|2D6|3|4|0|1
2803|Wolf Guard Pack Leader in Terminator Armour|4|2||Cyclone missile launcher - krak||36|Ranged|2|3|9|-2|D6
2803|Wolf Guard Pack Leader in Terminator Armour|5|1||Heavy Flamer|Ignores Cover, Torrent|12|Ranged|D6|-|5|-1|1
2803|Wolf Guard Pack Leader in Terminator Armour|6|1||Storm Bolter|Rapid Fire 2|24|Ranged|2|3|4|0|1
2803|Wolf Guard Pack Leader in Terminator Armour|7|1||Chainfist|Anti-Vehicle 3+|Melee|Melee|3|4|8|-2|2
2803|Wolf Guard Pack Leader in Terminator Armour|8|1||Power fist||Melee|Melee|3|3|8|-2|2
2803|Wolf Guard Pack Leader in Terminator Armour|9|1||Power weapon||Melee|Melee|3|3|5|-2|1
2803|Wolf Guard Pack Leader in Terminator Armour|10|1||Thunder Hammer|Devastating Wounds|Melee|Melee|2|4|8|-2|2
2803|Wolf Guard Pack Leader in Terminator Armour|11|1||Twin lightning claws|Twin-linked|Melee|Melee|5|3|5|-2|1
2802|Wolf Guard Pack Leader with Jump Pack|1|1||Bolt pistol|Close-Quarters|12|Ranged|1|3|4|0|1
2802|Wolf Guard Pack Leader with Jump Pack|2|1||Boltgun||24|Ranged|2|3|4|0|1
2802|Wolf Guard Pack Leader with Jump Pack|3|1||Combi-weapon|Anti-infantry 4+, Devastating Wounds, Rapid Fire 1|24|Ranged|1|3|4|0|1
2802|Wolf Guard Pack Leader with Jump Pack|4|1||Plasma pistol - standard|Pistol|12|Ranged|1|3|7|-2|1
2802|Wolf Guard Pack Leader with Jump Pack|5|2||Plasma pistol - supercharge|Hazardous, Pistol|12|Ranged|1|3|8|-3|2
2802|Wolf Guard Pack Leader with Jump Pack|6|1||Storm Bolter|Rapid Fire 2|24|Ranged|2|3|4|0|1
2802|Wolf Guard Pack Leader with Jump Pack|7|1||Astartes Chainsword||Melee|Melee|4|3|4|-1|1
2802|Wolf Guard Pack Leader with Jump Pack|8|1||Close combat weapon||Melee|Melee|3|3|4|0|1
2802|Wolf Guard Pack Leader with Jump Pack|9|1||Power fist||Melee|Melee|2|3|8|-2|2
2802|Wolf Guard Pack Leader with Jump Pack|10|1||Power weapon||Melee|Melee|3|3|5|-2|1
2802|Wolf Guard Pack Leader with Jump Pack|11|1||Thunder Hammer|Devastating Wounds|Melee|Melee|2|4|8|-2|2
2802|Wolf Guard Pack Leader with Jump Pack|12|1||Twin lightning claws|Twin-linked|Melee|Melee|4|3|5|-2|1
318|Wolf Guard Terminator Pack Leader|1|1||Assault Cannon|Devastating Wounds|24|Ranged|6|2|6|0|1
318|Wolf Guard Terminator Pack Leader|2|1||Storm Bolter|Rapid Fire 2|24|Ranged|2|2|4|0|1
318|Wolf Guard Terminator Pack Leader|3|1||Master-crafted Power Weapon||Melee|Melee|4|3|5|-2|2
318|Wolf Guard Terminator Pack Leader|4|1||Power fist||Melee|Melee|3|3|8|-2|2
284|Wolf Lord on Thunderwolf|1|1||Bolt pistol|Pistol|12|Ranged|1|2|4|0|1
284|Wolf Lord on Thunderwolf|2|1||Combi-weapon|Anti-Infantry 4+, Devastating Wounds, Rapid Fire 1|24|Ranged|1|4|4|0|1
284|Wolf Lord on Thunderwolf|3|1||Master-crafted boltgun||24|Ranged|2|2|4|0|2
284|Wolf Lord on Thunderwolf|4|1||Plasma pistol - standard|Pistol|12|Ranged|1|3|7|-2|1
284|Wolf Lord on Thunderwolf|5|2||Plasma pistol - supercharge|Hazardous, Pistol|12|Ranged|1|3|8|-3|2
284|Wolf Lord on Thunderwolf|6|1||Storm bolter|Rapid Fire 2|24|Ranged|2|3|4|0|1
284|Wolf Lord on Thunderwolf|7|1||Crushing teeth and claws|Extra Attacks|Melee|Melee|3|4|5|-1|1
284|Wolf Lord on Thunderwolf|8|1||Power fist||Melee|Melee|5|2|8|-2|2
284|Wolf Lord on Thunderwolf|9|1||Relic Weapon||Melee|Melee|6|2|5|-2|2
284|Wolf Lord on Thunderwolf|10|1||Thunder Hammer|Devastating Wounds|Melee|Melee|5|3|8|-2|2
4129|Wolf Priest|1|1||Absolvor bolt pistol|Pistol|18|Ranged|1|3|5|-1|2
4129|Wolf Priest|2|1||Crozius arcanum||Melee|Melee|5|2|6|-1|2
4182|Wolf Scouts|1|1||Bolt pistol|Close-Quarters|12|Ranged|1|3|4|0|1
4182|Wolf Scouts|2|1||Instigator Bolt Carbine|Precision|24|Ranged|1|3|4|-2|2
4182|Wolf Scouts|3|1||Plasma gun - standard|Rapid Fire 1|24|Ranged|1|3|7|-2|1
4182|Wolf Scouts|4|2||Plasma gun - supercharge|Rapid Fire 1, Hazardous|24|Ranged|1|3|8|-3|2
4182|Wolf Scouts|5|1||Plasma pistol - standard|Pistol|12|Ranged|1|3|7|-2|1
4182|Wolf Scouts|6|2||Plasma pistol - supercharge|Hazardous, Pistol|12|Ranged|1|3|8|-3|2
4182|Wolf Scouts|7|1||Thunderclap|Blast, Psychic|12|Ranged|D3|3|5|-1|2
4182|Wolf Scouts|8|1||Combat Blade||Melee|Melee|4|3|4|-1|1
4182|Wolf Scouts|9|1||Power weapon||Melee|Melee|4|3|5|-2|1
4182|Wolf Scouts|10|1||Runic Stave|Psychic|Melee|Melee|3|3|6|-1|D3
4182|Wolf Scouts|11|1||Teeth and Claws||Melee|Melee|2|4|4|0|1
812587|Wolf Scout Pack Leader|1|1||Astartes shotgun|Assault|18|Ranged|2|3|4|0|1
812587|Wolf Scout Pack Leader|2|1||Bolt pistol|Close-Quarters|12|Ranged|1|3|4|0|1
812587|Wolf Scout Pack Leader|3|1||Boltgun||24|Ranged|2|3|4|0|1
812587|Wolf Scout Pack Leader|4|1||Combi-weapon|Anti-infantry 4+, Devastating Wounds, Rapid Fire 1|24|Ranged|1|3|4|0|1
812587|Wolf Scout Pack Leader|5|1||Flamer|Ignores Cover, Torrent|12|Ranged|D6|-|4|0|1
812587|Wolf Scout Pack Leader|6|1||Grav-gun|Anti-vehicle 2+|18|Ranged|2|3|5|-1|2
812587|Wolf Scout Pack Leader|7|1||Grav-pistol|Anti-vehicle 2+, Pistol|12|Ranged|1|3|4|-1|2
812587|Wolf Scout Pack Leader|8|1||Hand flamer|Ignores Cover, Pistol, Torrent|12|Ranged|D6|-|3|0|1
812587|Wolf Scout Pack Leader|9|1||Heavy Bolter|Heavy, Sustained Hits 1|36|Ranged|3|4|5|-1|2
812587|Wolf Scout Pack Leader|10|1||Inferno Pistol|Melta 2, Pistol|6|Ranged|1|3|8|-4|D3
812587|Wolf Scout Pack Leader|11|1||Meltagun|Melta 2|12|Ranged|1|3|9|-4|D6
812587|Wolf Scout Pack Leader|12|1||Missile Launcher - Frag|Blast, Heavy|48|Ranged|D6|4|4|0|1
812587|Wolf Scout Pack Leader|13|2||Missile Launcher - Krak|Heavy|48|Ranged|1|4|9|-2|D6
812587|Wolf Scout Pack Leader|14|1||Plasma gun - standard|Rapid Fire 1|24|Ranged|1|3|7|-2|1
812587|Wolf Scout Pack Leader|15|2||Plasma gun - supercharge|Rapid Fire 1, Hazardous|24|Ranged|1|3|8|-3|2
812587|Wolf Scout Pack Leader|16|1||Plasma pistol - standard|Pistol|12|Ranged|1|3|7|-2|1
812587|Wolf Scout Pack Leader|17|2||Plasma pistol - supercharge|Hazardous, Pistol|12|Ranged|1|3|8|-3|2
812587|Wolf Scout Pack Leader|18|1||Storm Bolter|Rapid Fire 2|24|Ranged|2|3|4|0|1
812587|Wolf Scout Pack Leader|19|1||Astartes Chainsword||Melee|Melee|4|3|4|-1|1
812587|Wolf Scout Pack Leader|20|1||Close combat weapon||Melee|Melee|2|3|4|0|1
812587|Wolf Scout Pack Leader|21|1||Combat knife||Melee|Melee|3|3|5|-1|1
812587|Wolf Scout Pack Leader|22|1||Power fist||Melee|Melee|2|3|8|-2|2
812587|Wolf Scout Pack Leader|23|1||Power weapon||Melee|Melee|3|3|5|-2|1
812587|Wolf Scout Pack Leader|24|1||Thunder Hammer|Devastating Wounds|Melee|Melee|2|4|8|-2|2
812587|Wolf Scout Pack Leader|25|1||Twin lightning claws|Twin-linked|Melee|Melee|4|3|5|-2|1
4132|Wulfen|1|1||Stormfrag auto-launcher|Assault, Blast|12|Ranged|D3|4|4|0|1
4132|Wulfen|2|1||Wulfen Weapons|Sustained Hits 1|Melee|Melee|3|3|5|-2|2
4133|Wulfen Dreadnought|1|1||Storm Bolter|Rapid Fire 2|24|Ranged|2|3|4|0|1
4133|Wulfen Dreadnought|2|1||Fenrisian great axe - strike||Melee|Melee|6|3|10|-2|D6+1
4133|Wulfen Dreadnought|3|2||Fenrisian great axe - sweep||Melee|Melee|12|3|6|-2|1
4133|Wulfen Dreadnought|4|1||Great wolf claw||Melee|Melee|6|3|10|-3|3
609051|Wulfen|1|1||Stormfrag auto-launcher|Assault, Blast|12|Ranged|D3|4|4|0|1
609051|Wulfen|2|1||Thunder Hammer|Anti-Monster 3+, Anti-Vehicle 3+|Melee|Melee|2|3|5|-2|3
2729|Xiphon Interceptor|1|1||Twin lascannon|Twin-linked|48|Ranged|1|3|12|-3|D6+1
2729|Xiphon Interceptor|2|1||Xiphon missile battery|Anti-FLY 2+|60|Ranged|3|3|7|-1|3
2729|Xiphon Interceptor|3|1||Armoured hull||Melee|Melee|3|4|6|0|1
408|Aun'shi|1|1||Fidelity|Sustained Hits 1|Melee|Melee|6|3|5|-1|2
409|Aun'va|1|1||Close combat weapon||Melee|Melee|1|6|2|0|1
409|Aun'va|2|1||Supreme honour blade||Melee|Melee|3|3|5|0|1
454|Tiger Shark|1|1||Burst cannon||18|Ranged|4|4|5|0|1
454|Tiger Shark|2|1||Cyclic ion blaster - overcharge|Hazardous|18|Ranged|3|4|8|-2|2
454|Tiger Shark|3|2||Cyclic ion blaster - standard||18|Ranged|3|4|7|-1|1
454|Tiger Shark|4|1||Missile pod||30|Ranged|2|4|7|-1|2
454|Tiger Shark|5|1||Seeker missile|One Shot|48|Ranged|1|4|14|-3|D6+1
454|Tiger Shark|6|1||Twin heavy rail cannon|Devastating Wounds, Twin-linked|120|Ranged|1|4|26|-5|12
454|Tiger Shark|7|1||Armoured hull||Melee|Melee|3|5|6|0|1
453|Barracuda|1|1||Cyclic ion blaster - overcharge|Hazardous|18|Ranged|3|4|8|-2|2
453|Barracuda|2|2||Cyclic ion blaster - standard||18|Ranged|3|4|7|-1|1
453|Barracuda|3|1||Ion cannon - overcharge|Blast, Hazardous|60|Ranged|D6+3|4|8|-2|3
453|Barracuda|4|2||Ion cannon - standard|Blast|60|Ranged|D6+3|4|7|-1|2
453|Barracuda|5|1||Long-barrelled burst cannon||24|Ranged|8|4|6|0|1
453|Barracuda|6|1||Missile pod||30|Ranged|2|4|7|-1|2
453|Barracuda|7|1||Seeker missile|One Shot|48|Ranged|1|4|14|-3|D6+1
453|Barracuda|8|1||Swiftstrike burst cannon||36|Ranged|16|4|6|-1|1
453|Barracuda|9|1||Swiftstrike railgun|Devastating Wounds|72|Ranged|1|4|20|-5|D6+6
453|Barracuda|10|1||Armoured hull||Melee|Melee|3|5|6|0|1
412|Breacher Fire Warrior|1|1||Missile pod||30|Ranged|2|5|7|-1|2
412|Breacher Fire Warrior|2|1||Pulse blaster|Assault|10|Ranged|2|3|6|-1|1
412|Breacher Fire Warrior|3|1||Pulse pistol|Pistol|12|Ranged|1|4|5|0|1
412|Breacher Fire Warrior|4|1||Support turret|Indirect Fire, Twin-linked|30|Ranged|2|5|5|0|1
412|Breacher Fire Warrior|5|1||Twin pulse carbine|Assault, Twin-linked|20|Ranged|2|5|5|0|1
412|Breacher Fire Warrior|6|1||Close combat weapon||Melee|Melee|1|5|3|0|1
433|Broadside Shas’ui|1|1||Heavy rail rifle|Heavy, Devastating Wounds|60|Ranged|2|4|12|-4|D6+1
433|Broadside Shas’ui|2|1||High-yield missile pods|Twin-linked|30|Ranged|6|4|7|-1|2
433|Broadside Shas’ui|3|1||Missile pod||30|Ranged|2|5|7|-1|2
433|Broadside Shas’ui|4|1||Seeker missile|One Shot|48|Ranged|1|4|14|-3|D6+1
433|Broadside Shas’ui|5|1||Twin plasma rifle|Twin-linked|18|Ranged|1|4|8|-3|3
433|Broadside Shas’ui|6|1||Twin pulse carbine|Assault, Twin-linked|20|Ranged|2|5|5|0|1
433|Broadside Shas’ui|7|1||Twin smart missile system|Indirect Fire, Twin-linked|30|Ranged|4|4|5|0|1
433|Broadside Shas’ui|8|1||Crushing bulk||Melee|Melee|3|5|6|0|1
405|Cadre Fireblade|1|1||Fireblade pulse rifle|Rapid Fire 1|30|Ranged|1|3|5|0|2
405|Cadre Fireblade|2|1||Missile pod||30|Ranged|2|5|7|-1|2
405|Cadre Fireblade|3|1||Twin pulse carbine|Assault, Twin-linked|20|Ranged|2|5|5|0|1
405|Cadre Fireblade|4|1||Close combat weapon||Melee|Melee|3|4|3|0|1
406|Commander Farsight|1|1||High-intensity plasma rifle||24|Ranged|2|2|8|-3|3
406|Commander Farsight|2|1||Dawn Blade - strike||Melee|Melee|4|2|10|-2|3
406|Commander Farsight|3|2||Dawn Blade - sweep||Melee|Melee|8|2|6|-1|1
402|Commander in Coldstar Battlesuit|1|1||Airbursting fragmentation projector|Blast, Indirect Fire|24|Ranged|D6|3|3|0|1
402|Commander in Coldstar Battlesuit|2|1||Burst cannon||18|Ranged|4|3|5|0|1
402|Commander in Coldstar Battlesuit|3|1||Cyclic ion blaster - overcharge|Hazardous|18|Ranged|3|3|8|-2|2
402|Commander in Coldstar Battlesuit|4|2||Cyclic ion blaster - standard||18|Ranged|3|3|7|-1|1
402|Commander in Coldstar Battlesuit|5|1||Fusion blaster|Melta 2|12|Ranged|1|3|9|-4|D6
402|Commander in Coldstar Battlesuit|6|1||High-output burst cannon||18|Ranged|8|3|5|0|1
402|Commander in Coldstar Battlesuit|7|1||Missile pod||30|Ranged|2|3|7|-1|2
402|Commander in Coldstar Battlesuit|8|2||Missile pod||30|Ranged|2|5|7|-1|2
402|Commander in Coldstar Battlesuit|9|1||Plasma rifle||18|Ranged|1|3|8|-3|3
402|Commander in Coldstar Battlesuit|10|1||T'au flamer|Ignores Cover, Torrent|12|Ranged|D6|-|4|0|1
402|Commander in Coldstar Battlesuit|11|1||Twin pulse carbine|Assault, Twin-linked|20|Ranged|2|5|5|0|1
402|Commander in Coldstar Battlesuit|12|1||Battlesuit fists||Melee|Melee|3|4|5|0|1
1477|Commander in Crisis Battlesuit|1|1||Airbursting fragmentation projector|Blast, Indirect Fire|24|Ranged|D6|3|3|0|1
1477|Commander in Crisis Battlesuit|2|1||Burst cannon||18|Ranged|4|3|5|0|1
1477|Commander in Crisis Battlesuit|3|1||Cyclic ion blaster - overcharge|Hazardous|18|Ranged|3|3|8|-2|2
1477|Commander in Crisis Battlesuit|4|2||Cyclic ion blaster - standard||18|Ranged|3|3|7|-1|1
1477|Commander in Crisis Battlesuit|5|1||Fusion blaster|Melta 2|12|Ranged|1|3|9|-4|D6
1477|Commander in Crisis Battlesuit|6|1||Missile pod||30|Ranged|2|3|7|-1|2
1477|Commander in Crisis Battlesuit|7|2||Missile pod||30|Ranged|2|5|7|-1|2
1477|Commander in Crisis Battlesuit|8|1||Plasma rifle||18|Ranged|1|3|8|-3|3
1477|Commander in Crisis Battlesuit|9|1||T'au flamer|Ignores Cover, Torrent|12|Ranged|D6|-|4|0|1
1477|Commander in Crisis Battlesuit|10|1||Twin pulse carbine|Assault, Twin-linked|20|Ranged|2|5|5|0|1
1477|Commander in Crisis Battlesuit|11|1||Battlesuit fists||Melee|Melee|3|4|5|0|1
1478|Commander in Enforcer Battlesuit|1|1||Airbursting fragmentation projector|Blast, Indirect Fire|24|Ranged|D6|3|3|0|1
1478|Commander in Enforcer Battlesuit|2|1||Burst cannon||18|Ranged|4|3|5|0|1
1478|Commander in Enforcer Battlesuit|3|1||Cyclic ion blaster - overcharge|Hazardous|18|Ranged|3|3|8|-2|2
1478|Commander in Enforcer Battlesuit|4|2||Cyclic ion blaster - standard||18|Ranged|3|3|7|-1|1
1478|Commander in Enforcer Battlesuit|5|1||Fusion blaster|Melta 2|12|Ranged|1|3|9|-4|D6
1478|Commander in Enforcer Battlesuit|6|1||Missile pod||30|Ranged|2|3|7|-1|2
1478|Commander in Enforcer Battlesuit|7|2||Missile pod||30|Ranged|2|5|7|-1|2
1478|Commander in Enforcer Battlesuit|8|1||Plasma rifle||18|Ranged|1|3|8|-3|3
1478|Commander in Enforcer Battlesuit|9|1||T'au flamer|Ignores Cover, Torrent|12|Ranged|D6|-|4|0|1
1478|Commander in Enforcer Battlesuit|10|1||Twin pulse carbine|Assault, Twin-linked|20|Ranged|2|5|5|0|1
1478|Commander in Enforcer Battlesuit|11|1||Battlesuit fists||Melee|Melee|3|4|5|0|1
407|Commander Shadowsun|1|1||Flechette launcher||18|Ranged|5|2|3|0|1
407|Commander Shadowsun|2|1||High-energy fusion blaster|Melta 2|18|Ranged|1|2|10|-4|D6
407|Commander Shadowsun|3|1||Light missile pod||24|Ranged|2|2|7|0|2
407|Commander Shadowsun|4|1||Pulse pistol|Pistol|12|Ranged|1|3|5|0|1
407|Commander Shadowsun|5|1||Battlesuit fists||Melee|Melee|3|4|5|0|1
418|Crisis Shas’ui|1|1||Airbursting fragmentation projector|Blast, Indirect Fire|24|Ranged|D6|4|3|0|1
418|Crisis Shas’ui|2|1||Burst cannon||18|Ranged|4|4|5|0|1
418|Crisis Shas’ui|3|1||Cyclic ion blaster - overcharge|Hazardous|18|Ranged|3|4|8|-2|2
418|Crisis Shas’ui|4|2||Cyclic ion blaster - standard||18|Ranged|3|4|7|-1|1
418|Crisis Shas’ui|5|1||Fusion blaster|Melta 2|12|Ranged|1|4|9|-4|D6
418|Crisis Shas’ui|6|1||Missile pod||30|Ranged|2|4|7|-1|2
418|Crisis Shas’ui|7|2||Missile pod||30|Ranged|2|5|7|-1|2
418|Crisis Shas’ui|8|1||Plasma rifle||18|Ranged|1|4|8|-3|3
418|Crisis Shas’ui|9|1||T'au flamer|Ignores Cover, Torrent|12|Ranged|D6|-|4|0|1
418|Crisis Shas’ui|10|1||Twin pulse carbine|Assault, Twin-linked|20|Ranged|2|5|5|0|1
418|Crisis Shas’ui|11|1||Battlesuit fists||Melee|Melee|3|5|5|0|1
447869|Crisis Fireknife Shas’ui|1|1||Missile pod||30|Ranged|2|5|7|-1|2
447869|Crisis Fireknife Shas’ui|2|1||Twin pulse carbine|Assault, Twin-linked|20|Ranged|2|5|5|0|1
447869|Crisis Fireknife Shas’ui|3|1||Battlesuit fists||Melee|Melee|3|5|5|0|1
425714|Crisis Starscythe Shas’ui|1|1||Missile pod||30|Ranged|2|5|7|-1|2
425714|Crisis Starscythe Shas’ui|2|1||Twin pulse carbine|Assault, Twin-linked|20|Ranged|2|5|5|0|1
425714|Crisis Starscythe Shas’ui|3|1||Battlesuit fists||Melee|Melee|3|5|5|0|1
3699|Crisis Sunforge Shas’ui|1|1||Fusion blaster|Melta 2|12|Ranged|1|4|9|-4|D6
3699|Crisis Sunforge Shas’ui|2|1||Missile pod||30|Ranged|2|5|7|-1|2
3699|Crisis Sunforge Shas’ui|3|1||Twin pulse carbine|Assault, Twin-linked|20|Ranged|2|5|5|0|1
3699|Crisis Sunforge Shas’ui|4|1||Battlesuit fists||Melee|Melee|3|5|5|0|1
410|Darkstrider|1|1||Shade|Assault|18|Ranged|2|2|5|0|2
410|Darkstrider|2|1||Close combat weapon||Melee|Melee|3|4|3|0|1
424|Devilfish|1|1||Accelerator burst cannon||18|Ranged|4|4|6|-1|1
424|Devilfish|2|1||Seeker missile|One Shot|48|Ranged|1|4|14|-3|D6+1
424|Devilfish|3|1||Smart missile system|Indirect Fire|30|Ranged|3|4|5|0|1
424|Devilfish|4|1||Twin pulse carbine|Twin-linked, Assault|20|Ranged|2|4|5|0|1
424|Devilfish|5|1||Armoured hull||Melee|Melee|3|5|6|0|1
459|Drone Sentry Turret [Legends]|1|1||Twin burst cannon|Twin-linked|18|Ranged|4|5|5|0|1
459|Drone Sentry Turret [Legends]|2|1||Twin fusion blaster|Melta 2, Twin-linked|12|Ranged|1|5|9|-4|D6
459|Drone Sentry Turret [Legends]|3|1||Twin missile pod|Twin-linked|30|Ranged|2|5|7|-1|2
459|Drone Sentry Turret [Legends]|4|1||Twin plasma rifle|Twin-linked|24|Ranged|1|5|8|-3|3
404|Ethereal|1|1||Missile pod||30|Ranged|2|5|7|-1|2
404|Ethereal|2|1||Twin pulse carbine|Assault, Twin-linked|20|Ranged|2|5|5|0|1
404|Ethereal|3|1||Honour stave||Melee|Melee|2|4|5|0|1
428|Firesight Team|1|1||Longshot pulse rifles|Heavy, Precision|36|Ranged|3|4|5|-1|2
428|Firesight Team|2|1||Pulse pistol|Pistol|12|Ranged|1|3|5|0|1
428|Firesight Team|3|1||Close combat weapons||Melee|Melee|4|5|3|0|1
420|Ghostkeel Battlesuit|1|1||Cyclic ion raker - overcharge|Hazardous|36|Ranged|6|4|8|-2|3
420|Ghostkeel Battlesuit|2|2||Cyclic ion raker - standard||36|Ranged|6|4|7|-1|2
420|Ghostkeel Battlesuit|3|1||Fusion collider|Melta 2|18|Ranged|2|4|12|-4|D6
420|Ghostkeel Battlesuit|4|1||Twin burst cannon|Twin-linked|18|Ranged|4|4|5|0|1
420|Ghostkeel Battlesuit|5|1||Twin fusion blaster|Melta 2, Twin-linked|12|Ranged|1|4|9|-4|D6
420|Ghostkeel Battlesuit|6|1||Twin T'au flamer|Ignores Cover, Torrent, Twin-linked|12|Ranged|D6|-|4|0|1
420|Ghostkeel Battlesuit|7|1||Ghostkeel fists||Melee|Melee|3|5|6|0|2
1392|Great Knarloc [Legends]|1|1||Kroot bolt thrower|Hooked|12|Ranged|1|4|12|-2|3
1392|Great Knarloc [Legends]|2|1||Kroot rifle (Ranged)|Rapid Fire 1|24|Ranged|1|4|4|0|1
1392|Great Knarloc [Legends]|3|1||Twin Kroot gun|Twin-linked|36|Ranged|2|4|7|0|2
1392|Great Knarloc [Legends]|4|1||Great Knarloc beak and talons|Extra Attacks|Melee|Melee|4|3|7|-1|3
1392|Great Knarloc [Legends]|5|1||Kroot rifle (Melee)||Melee|Melee|2|3|4|0|1
432|Hammerhead Gunship|1|1||Accelerator burst cannon||18|Ranged|4|4|6|-1|1
432|Hammerhead Gunship|2|1||Ion cannon - overcharge|Blast, Hazardous|60|Ranged|D6+3|4|8|-2|3
432|Hammerhead Gunship|3|2||Ion cannon - standard|Blast|60|Ranged|D6+3|4|7|-1|2
432|Hammerhead Gunship|4|1||Railgun|Heavy, Devastating Wounds|72|Ranged|1|4|20|-5|D6+6
432|Hammerhead Gunship|5|1||Seeker missile|One Shot|48|Ranged|1|4|14|-3|D6+1
432|Hammerhead Gunship|6|1||Smart missile system|Indirect Fire|30|Ranged|3|4|5|0|1
432|Hammerhead Gunship|7|1||Twin pulse carbine|Twin-linked|20|Ranged|2|4|5|0|1
432|Hammerhead Gunship|8|1||Armoured hull||Melee|Melee|3|5|6|0|1
449|Heavy Gun Drone|1|1||Burst cannon||18|Ranged|4|4|5|0|1
449|Heavy Gun Drone|2|1||Twin burst cannon|Twin-linked|18|Ranged|4|5|5|0|1
449|Heavy Gun Drone|3|1||Close combat weapon||Melee|Melee|1|6|3|0|1
1391|Knarloc Riders [Legends]|1|1||Kroot rifle (Ranged)|Rapid Fire 1|24|Ranged|1|4|4|0|1
1391|Knarloc Riders [Legends]|2|1||Knarloc beak and talons|Extra Attacks|Melee|Melee|4|3|6|-1|1
1391|Knarloc Riders [Legends]|3|1||Kroot rifle (Melee)||Melee|Melee|2|3|4|0|1
413|Kroot Carnivores|1|1||Kroot carbine||18|Ranged|1|4|4|0|2
413|Kroot Carnivores|2|1||Kroot pistol|Pistol|12|Ranged|1|4|4|0|1
413|Kroot Carnivores|3|1||Kroot rifle|Rapid Fire 1|24|Ranged|1|4|4|0|1
413|Kroot Carnivores|4|1||Tanglebomb launcher|Blast|24|Ranged|D3|4|5|0|1
413|Kroot Carnivores|5|1||Close combat weapon||Melee|Melee|2|3|4|0|1
2588|Farstalkers & Kill-broker|1|1||Dvorgite skinner|Ignores Cover, Torrent|12|Ranged|D6|-|4|-1|1
2588|Farstalkers & Kill-broker|2|1||Farstalker firearm|Rapid Fire 1|24|Ranged|1|4|4|0|1
2588|Farstalkers & Kill-broker|3|1||Kroot pistol|Pistol|12|Ranged|1|4|4|0|1
2588|Farstalkers & Kill-broker|4|1||Londaxi tribalest|Anti-Vehicle 4+, Devastating Wounds, Heavy|18|Ranged|3|5|7|-1|1
2588|Farstalkers & Kill-broker|5|1||T'au tech rifle|Rapid Fire 1|30|Ranged|1|4|5|0|1
2588|Farstalkers & Kill-broker|6|1||Close combat weapon||Melee|Melee|2|3|4|0|1
2588|Farstalkers & Kill-broker|7|1||Ripping fangs||Melee|Melee|3|3|3|0|1
2588|Farstalkers & Kill-broker|8|1||Ritual blade||Melee|Melee|3|3|5|0|1
3704|Kroot Flesh Shaper|1|1||Kroot scattergun|Assault|12|Ranged|2|4|4|0|1
3704|Kroot Flesh Shaper|2|1||Twin ritualistic blades|Twin-linked|Melee|Melee|4|2|5|-1|1
421583|Kroot Hounds|1|1||Ripping fangs||Melee|Melee|3|3|3|0|1
3705|Kroot Lone-spear|1|1||Blast javelin|Assault, Blast|18|Ranged|D6|4|10|-2|2
3705|Kroot Lone-spear|2|1||Kroot long gun|Heavy, Precision|36|Ranged|1|3|6|-2|3
3705|Kroot Lone-spear|3|1||Close combat weapon||Melee|Melee|3|3|4|0|1
3705|Kroot Lone-spear|4|1||Hunting javelin|Lance|Melee|Melee|3|3|4|-1|1
3705|Kroot Lone-spear|5|1||Kalamandra's bite|Extra Attacks|Melee|Melee|4|4|5|-1|1
3702|Kroot Trail Shaper|1|1||Kroot rifle|Rapid Fire 1|24|Ranged|1|4|4|0|1
3702|Kroot Trail Shaper|2|1||Shaper's blade||Melee|Melee|4|2|5|0|1
3703|Kroot War Shaper|1|1||Dart-bow and tri-blade|Anti-Infantry 3+, Assault, Heavy|24|Ranged|D3+1|4|4|0|2
3703|Kroot War Shaper|2|1||Kroot pistol|Pistol|12|Ranged|1|4|4|0|1
3703|Kroot War Shaper|3|1||Bladestave and prey-hook|Lethal Hits|Melee|Melee|4|2|5|-1|2
3703|Kroot War Shaper|4|1||Shaper's blade||Melee|Melee|4|2|5|0|1
3706|Krootox Rampagers|1|1||Kroot pistol and hunting javelins|Assault, Pistol|12|Ranged|2|4|4|0|1
3706|Krootox Rampagers|2|1||Hunting blades|Lance|Melee|Melee|3|3|4|-1|1
3706|Krootox Rampagers|3|1||Rampager fists|Extra Attacks, Sustained Hits 1|Melee|Melee|4|3|6|-1|2
414|Krootox Riders|1|1||Repeater cannon|Rapid Fire 2|36|Ranged|2|4|7|-1|2
414|Krootox Riders|2|1||Tanglecannon|Blast, Heavy|36|Ranged|D6+1|4|6|0|1
414|Krootox Riders|3|1||Close combat weapon||Melee|Melee|2|3|4|0|1
414|Krootox Riders|4|1||Krootox fists|Extra Attacks|Melee|Melee|4|3|6|-1|2
431|Longstrike|1|1||Accelerator burst cannon||18|Ranged|4|4|6|-1|1
431|Longstrike|2|1||Ion cannon - overcharge|Blast, Hazardous|60|Ranged|D6+3|3|8|-2|3
431|Longstrike|3|2||Ion cannon - standard|Blast|60|Ranged|D6+3|3|7|-1|2
431|Longstrike|4|1||Railgun|Devastating Wounds, Heavy|72|Ranged|1|3|20|-5|D6+6
431|Longstrike|5|1||Seeker missile|One Shot|48|Ranged|1|4|14|-3|D6+1
431|Longstrike|6|1||Smart missile system|Indirect Fire|30|Ranged|3|4|5|0|1
431|Longstrike|7|1||Twin pulse carbine|Twin-linked, Assault|20|Ranged|2|4|5|0|1
431|Longstrike|8|1||Armoured hull||Melee|Melee|3|5|6|0|1
457|Manta|1|1||Heavy rail cannon|Devastating Wounds|120|Ranged|1|4|26|-5|12
457|Manta|2|1||Ion cannon - overcharge|Blast, Hazardous|60|Ranged|D6+3|4|8|-2|3
457|Manta|3|2||Ion cannon - standard|Blast|60|Ranged|D6+3|4|7|-1|2
457|Manta|4|1||Long-barrelled burst cannon array||24|Ranged|32|4|6|-1|1
457|Manta|5|1||Missile pod||30|Ranged|2|4|7|-1|2
457|Manta|6|1||Seeker missile|One Shot|48|Ranged|1|4|14|-3|D6+1
457|Manta|7|1||Armoured hull||Melee|Melee|8|5|6|0|1
456|Orca Dropship|1|1||Long-barrelled burst cannon||36|Ranged|4|4|5|0|1
456|Orca Dropship|2|1||Missile pod||30|Ranged|2|4|7|-1|2
456|Orca Dropship|3|1||Armoured hull||Melee|Melee|3|5|8|0|1
422|Pathfinder Team|1|1||Drone burst cannon||18|Ranged|4|5|5|0|1
422|Pathfinder Team|2|1||Ion rifle - overcharge|Hazardous, Heavy|30|Ranged|3|5|8|-2|2
422|Pathfinder Team|3|2||Ion rifle - standard|Heavy|30|Ranged|3|5|7|-1|1
422|Pathfinder Team|4|1||Missile pod||30|Ranged|2|5|7|-1|2
422|Pathfinder Team|5|1||Pulse carbine||20|Ranged|2|4|5|0|1
422|Pathfinder Team|6|1||Pulse pistol|Pistol|12|Ranged|1|4|5|0|1
422|Pathfinder Team|7|1||Rail rifle|Devastating Wounds, Heavy|30|Ranged|1|5|10|-4|3
422|Pathfinder Team|8|1||Semi-automatic grenade launcher - EMP|Anti-Vehicle 4+, Devastating Wounds|18|Ranged|1|4|3|0|1
422|Pathfinder Team|9|2||Semi-automatic grenade launcher - fusion||18|Ranged|1|4|6|-1|3
422|Pathfinder Team|10|1||Twin pulse carbine|Assault, Twin-linked|20|Ranged|2|5|5|0|1
422|Pathfinder Team|11|1||Close combat weapon||Melee|Melee|1|5|3|0|1
423|Piranhas|1|1||Piranha burst cannon||18|Ranged|4|4|6|-1|1
423|Piranhas|2|1||Piranha fusion blaster|Melta 4|12|Ranged|1|4|9|-4|D6
423|Piranhas|3|1||Seeker missile|One Shot|48|Ranged|1|4|14|-3|D6+1
423|Piranhas|4|1||Twin pulse carbine|Twin-linked, Assault|20|Ranged|2|4|5|0|1
423|Piranhas|5|1||Armoured hull||Melee|Melee|2|5|4|0|1
445|R'varna Battlesuit|1|1||Missile pod||30|Ranged|2|5|7|-1|2
445|R'varna Battlesuit|2|1||Pulse submunitions cannon|Blast|60|Ranged|D6+2|4|8|-1|2
445|R'varna Battlesuit|3|1||Battlesuit fists||Melee|Melee|6|5|6|0|2
425|Razorshark Strike Fighter|1|1||Accelerator burst cannon||18|Ranged|4|4|6|-1|1
425|Razorshark Strike Fighter|2|1||Missile pod||30|Ranged|2|4|7|-1|2
425|Razorshark Strike Fighter|3|1||Quad ion turret - overcharge|Hazardous, Twin-linked|30|Ranged|8|4|8|-2|2
425|Razorshark Strike Fighter|4|2||Quad ion turret - standard|Twin-linked|30|Ranged|8|4|7|-1|1
425|Razorshark Strike Fighter|5|1||Seeker missile|One Shot|48|Ranged|1|4|14|-3|D6+1
425|Razorshark Strike Fighter|6|1||Armoured hull||Melee|Melee|3|5|6|0|1
452|Remora Stealth Drone|1|1||Remora seeker missile|One Shot|48|Ranged|1|4|14|-3|D6+1
452|Remora Stealth Drone|2|1||Twin long-barrelled burst cannon|Twin-linked|24|Ranged|4|4|6|-1|1
452|Remora Stealth Drone|3|1||Close combat weapon||Melee|Melee|1|5|4|0|1
421|Riptide Battlesuit|1|1||Heavy burst cannon||36|Ranged|12|4|6|-1|2
421|Riptide Battlesuit|2|1||Ion accelerator - overcharge|Hazardous|72|Ranged|6|4|10|-3|4
421|Riptide Battlesuit|3|2||Ion accelerator - standard||72|Ranged|6|4|9|-2|3
421|Riptide Battlesuit|4|1||Missile pod||30|Ranged|2|5|7|-1|2
421|Riptide Battlesuit|5|1||Twin fusion blaster|Melta 2, Twin-linked|12|Ranged|1|4|9|-4|D6
421|Riptide Battlesuit|6|1||Twin plasma rifle|Twin-linked|18|Ranged|1|4|8|-3|3
421|Riptide Battlesuit|7|1||Twin smart missile system|Indirect Fire, Twin-linked|30|Ranged|3|4|5|0|1
421|Riptide Battlesuit|8|1||Riptide fists||Melee|Melee|6|5|6|0|2
439|Shas'o R'alai|1|1||Experimental pulse submunitions rifle - EMP|Anti-Vehicle 3+, Devastating Wounds|24|Ranged|1|3|1|0|3
439|Shas'o R'alai|2|2||Experimental pulse submunitions rifle - ionic cluster-beam shell|Blast|24|Ranged|D6|3|6|-1|1
439|Shas'o R'alai|3|1||Battlesuit fists||Melee|Melee|3|4|5|0|1
430|Sky Ray Gunship|1|1||Accelerator burst cannon||18|Ranged|4|4|6|-1|1
430|Sky Ray Gunship|2|1||Seeker missile rack|Twin-linked|48|Ranged|3|4|14|-3|D6+1
430|Sky Ray Gunship|3|1||Smart missile system|Indirect Fire|30|Ranged|3|4|5|0|1
430|Sky Ray Gunship|4|1||Twin pulse carbine|Twin-linked, Assault|20|Ranged|2|4|5|0|1
430|Sky Ray Gunship|5|1||Armoured hull||Melee|Melee|3|5|6|0|1
417|Stealth Shas'ui|1|1||Burst cannon||18|Ranged|4|4|5|0|1
417|Stealth Shas'ui|2|1||Fusion blaster|Melta 2|12|Ranged|1|4|9|-4|D6
417|Stealth Shas'ui|3|1||Missile pod||30|Ranged|2|5|7|-1|2
417|Stealth Shas'ui|4|1||Pulse pistol|Pistol|12|Ranged|1|4|5|0|1
417|Stealth Shas'ui|5|1||Twin pulse carbine|Assault, Twin-linked|20|Ranged|2|5|5|0|1
417|Stealth Shas'ui|6|1||Battlesuit fists||Melee|Melee|2|5|4|0|1
434|Stormsurge|1|1||Cluster rocket system|Blast, Heavy|48|Ranged|4D6|4|5|0|1
434|Stormsurge|2|1||Destroyer missiles|Heavy|72|Ranged|1|4|16|-4|D6+2
434|Stormsurge|3|1||Pulse blast cannon - dispersed|Heavy|48|Ranged|6|4|10|-2|4
434|Stormsurge|4|2||Pulse blast cannon - focused|Heavy|24|Ranged|2|4|24|-6|12
434|Stormsurge|5|1||Pulse Driver Cannon|Blast, Heavy|72|Ranged|D6+3|4|12|-3|3
434|Stormsurge|6|1||Twin airbursting fragmentation projector|Blast, Heavy, Indirect Fire, Twin-linked|24|Ranged|D6|4|3|0|1
434|Stormsurge|7|1||Twin burst cannon|Heavy, Twin-linked|18|Ranged|4|4|5|0|1
434|Stormsurge|8|1||Twin smart missile system|Heavy, Indirect Fire, Twin-Linked|30|Ranged|3|4|5|0|1
434|Stormsurge|9|1||Twin T'au flamer|Ignores Cover, Torrent, Twin-linked|12|Ranged|D6|-|4|0|1
434|Stormsurge|10|1||Thunderous footfalls||Melee|Melee|3|5|8|-1|2
411|Strike Team|1|1||Missile pod||30|Ranged|2|5|7|-1|2
411|Strike Team|2|1||Pulse carbine||20|Ranged|2|4|5|0|1
411|Strike Team|3|1||Pulse pistol|Pistol|12|Ranged|1|4|5|0|1
411|Strike Team|4|1||Pulse rifle|Rapid Fire 1|30|Ranged|1|4|5|0|1
411|Strike Team|5|1||Support turret|Indirect Fire, Twin-linked|30|Ranged|2|5|5|0|1
411|Strike Team|6|1||Twin pulse carbine|Assault, Twin-linked|20|Ranged|2|5|5|0|1
411|Strike Team|7|1||Close combat weapon||Melee|Melee|1|5|3|0|1
426|Sun Shark Bomber|1|1||Missile pod||30|Ranged|2|4|7|-1|2
426|Sun Shark Bomber|2|1||Seeker missile|One Shot|48|Ranged|1|4|14|-3|D6+1
426|Sun Shark Bomber|3|1||Twin ion rifle - overcharged|Hazardous, Twin-linked|30|Ranged|3|4|8|-2|2
426|Sun Shark Bomber|4|2||Twin ion rifle - standard|Twin-linked|30|Ranged|3|4|7|-1|1
426|Sun Shark Bomber|5|1||Twin missile pod|Twin-linked|30|Ranged|2|4|7|-1|2
426|Sun Shark Bomber|6|1||Armoured hull||Melee|Melee|3|5|6|0|1
446|Ta'unar Supremacy Armour|1|1||Burst cannon||18|Ranged|4|4|5|0|1
446|Ta'unar Supremacy Armour|2|1||Fragmentation cluster shell launcher|Blast|24|Ranged|2D6+6|4|6|-1|1
446|Ta'unar Supremacy Armour|3|1||Fusion eradicator|Melta 3|24|Ranged|5|4|10|-4|D6
446|Ta'unar Supremacy Armour|4|1||Heavy rail cannon array|Devastating Wounds, Heavy|120|Ranged|2|4|26|-5|16
446|Ta'unar Supremacy Armour|5|1||Nexus missile launcher||36|Ranged|8|4|8|-3|2
446|Ta'unar Supremacy Armour|6|1||Pulse ordnance driver|Anti-Infantry 2+|60|Ranged|8|4|5|-1|3
446|Ta'unar Supremacy Armour|7|1||Smart missile system|Indirect Fire|30|Ranged|3|4|5|0|1
446|Ta'unar Supremacy Armour|8|1||Tri-axis ion cannon - standard|Blast|36|Ranged|D6+3|4|8|-2|2
446|Ta'unar Supremacy Armour|9|2||Tri-axis ion cannon - supercharge|Blast, Hazardous|36|Ranged|D6+3|4|9|-3|3
446|Ta'unar Supremacy Armour|10|1||Crushing feet||Melee|Melee|6|5|8|-1|2
133770|Tactical Drones|1|1||Twin pulse carbine|Assault, Twin-linked|20|Ranged|2|5|5|0|1
133770|Tactical Drones|2|1||Close combat weapon||Melee|Melee|1|6|3|0|1
447|Tetra|1|1||Pulse rifle|Rapid Fire 1|30|Ranged|1|4|5|0|1
447|Tetra|2|1||Close combat weapons||Melee|Melee|2|5|3|0|1
4203|The Twin Lance|1|1||Fusion eliminator|Melta 2|18|Ranged|2|2|10|-4|D6
4203|The Twin Lance|2|1||Ion scattercannon - overcharge|Hazardous, Rapid Fire 2|18|Ranged|4|2|8|-3|3
4203|The Twin Lance|3|2||Ion scattercannon - standard|Rapid Fire 2|18|Ranged|4|2|7|-2|2
4203|The Twin Lance|4|1||Shardstorm burst system|Pistol|18|Ranged|D6|2|5|0|1
4203|The Twin Lance|5|1||Twin pulse blaster|Assault, Twin-linked|10|Ranged|2|5|6|-1|1
4203|The Twin Lance|6|1||XV pulse pistol|Rapid Fire 2|12|Ranged|2|2|6|-1|2
4203|The Twin Lance|7|2||Fusion eliminator|Extra Attacks|Melee|Melee|1|4|10|-4|D6+2
4203|The Twin Lance|8|3||Ion scattercannon|Extra Attacks|Melee|Melee|3|4|7|-2|2
4203|The Twin Lance|9|2||XV pulse pistol||Melee|Melee|4|3|6|-1|2
435|Tidewall Droneport|1|1||Drone defenders|Assault, Twin-linked|20|Ranged|8|5|5|0|1
437|Tidewall Gunrig|1|1||Supremacy railgun|Devastating Wounds, Twin-linked|72|Ranged|1|5|20|-5|D6+6
483139|Tiger Shark|1|1||Burst cannon||18|Ranged|4|4|5|0|1
483139|Tiger Shark|2|1||Cyclic ion blaster - overcharge|Hazardous|18|Ranged|3|4|8|-2|2
483139|Tiger Shark|3|2||Cyclic ion blaster - standard||18|Ranged|3|4|7|-1|1
483139|Tiger Shark|4|1||Ion cannon - overcharge|Blast, Hazardous|60|Ranged|D6+3|4|8|-2|3
483139|Tiger Shark|5|2||Ion cannon - standard|Blast|60|Ranged|D6+3|4|7|-1|2
483139|Tiger Shark|6|1||Missile pod||30|Ranged|2|4|7|-1|2
483139|Tiger Shark|7|1||Seeker missile|One Shot|48|Ranged|1|4|14|-3|D6+1
483139|Tiger Shark|8|1||Skyspear missile rack|Anti-Fly 3+, Blast|72|Ranged|D6+1|4|6|-1|1
483139|Tiger Shark|9|1||Swiftstrike burst cannon||36|Ranged|16|4|6|-1|1
483139|Tiger Shark|10|1||Swiftstrike railgun|Devastating Wounds|72|Ranged|1|4|20|-5|D6+6
483139|Tiger Shark|11|1||Armoured hull||Melee|Melee|3|5|6|0|1
448|TX42 Piranha|1|1||Fusion blaster|Melta 2|12|Ranged|1|4|9|-4|D6
448|TX42 Piranha|2|1||Missile pod||30|Ranged|2|4|7|-1|2
448|TX42 Piranha|3|1||Plasma rifle||18|Ranged|1|4|8|-3|3
448|TX42 Piranha|4|1||Rail rifle|Devastating Wounds|30|Ranged|1|4|10|-4|3
448|TX42 Piranha|5|1||Armoured hull||Melee|Melee|2|5|4|0|1
427|Vespid Stingwings|1|1||Neutron blaster|Assault|18|Ranged|2|4|5|-2|2
427|Vespid Stingwings|2|1||Neutron grenade launcher|Anti-Infantry 3+, Blast|18|Ranged|D6|4|4|-1|2
427|Vespid Stingwings|3|1||Neutron rail rifle|Devastating Wounds|30|Ranged|1|4|10|-4|3
427|Vespid Stingwings|4|1||T'au flamer|Ignores Cover, Torrent|12|Ranged|D6|-|4|0|1
427|Vespid Stingwings|5|1||Stingwing claws||Melee|Melee|1|4|4|-1|1
443|XV9 Hazard Battlesuits|1|1||Missile pod||30|Ranged|2|5|7|-1|2
443|XV9 Hazard Battlesuits|2|1||Twin pulse carbine|Assault, Twin-linked|20|Ranged|2|5|5|0|1
443|XV9 Hazard Battlesuits|3|1||Battlesuit fists||Melee|Melee|3|5|5|0|1
444|Y'vahra Battlesuit|1|1||Flechette pod||12|Ranged|5|4|3|0|1
444|Y'vahra Battlesuit|2|1||Ionic discharge cannon - overcharge|Blast, Hazardous|18|Ranged|D6+1|4|8|-2|3
444|Y'vahra Battlesuit|3|2||Ionic discharge cannon - standard|Blast|18|Ranged|D6+1|4|7|-1|2
444|Y'vahra Battlesuit|4|1||Missile pod||30|Ranged|2|5|7|-1|2
444|Y'vahra Battlesuit|5|1||Phased plasma-flamer|Ignores Cover, Torrent|12|Ranged|10|-|6|-1|1
444|Y'vahra Battlesuit|6|1||Battlesuit fists||Melee|Melee|6|5|6|0|2
1032|Ahriman|1|1||Inferno bolt pistol|Pistol|12|Ranged|1|2|5|-2|1
1032|Ahriman|2|1||Transmogrifying Blast|Blast, Psychic|18|Ranged|D6+1|2|6|-1|D3
1032|Ahriman|3|1||Black Staff of Ahriman|Psychic|Melee|Melee|5|2|7|-1|3
459690|Blue Horror|1|1||Coruscating Blue flames|Pistol, Psychic|18|Ranged|2|4|3|-1|1
459690|Blue Horror|2|1||Coruscating Yellow flames (ref. only)|Pistol, Psychic|18|Ranged|2|5|2|-1|1
459690|Blue Horror|3|1||Blue claws||Melee|Melee|1|5|3|0|1
459690|Blue Horror|4|1||Yellow claws (ref. only)||Melee|Melee|2|5|2|0|1
3627|Cerberus|1|1||Cerberus neutron pulse array|Twin-linked|48|Ranged|3|3|16|-4|D6+3
3627|Cerberus|2|1||Heavy bolter|Sustained Hits 1|36|Ranged|3|3|5|-1|2
3627|Cerberus|3|1||Heavy flamer|Ignores Cover, Torrent|12|Ranged|D6|-|5|-1|1
3627|Cerberus|4|1||Lascannon||48|Ranged|1|3|12|-3|D6+1
3627|Cerberus|5|1||Multi-melta|Melta 2|18|Ranged|2|3|9|-4|D6
3627|Cerberus|6|1||Storm bolter|Rapid Fire 2|24|Ranged|2|3|4|0|1
3627|Cerberus|7|1||Armoured tracks||Melee|Melee|6|4|8|0|1
1025|Chaos Land Raider|1|1||Havoc launcher|Blast|48|Ranged|D6|3|5|0|1
1025|Chaos Land Raider|2|1||Inferno combi-bolter|Rapid Fire 2|24|Ranged|2|3|5|-2|1
1025|Chaos Land Raider|3|1||Inferno combi-weapon|Anti-Infantry 4+, Devastating Wounds, Rapid Fire 1|24|Ranged|1|4|5|-2|1
1025|Chaos Land Raider|4|1||Soulshatter lascannon||48|Ranged|2|3|12|-3|D6+1
1025|Chaos Land Raider|5|1||Twin inferno heavy bolter|Sustained Hits 1, Twin-linked|36|Ranged|3|3|5|-2|2
1025|Chaos Land Raider|6|1||Armoured tracks||Melee|Melee|6|4|8|0|1
3597|Chaos Lord on Disc of Tzeentch|1|1||Bolt pistol|Pistol|12|Ranged|1|2|4|0|1
3597|Chaos Lord on Disc of Tzeentch|2|1||Combi-bolter|Rapid Fire 2|24|Ranged|2|2|4|0|1
3597|Chaos Lord on Disc of Tzeentch|3|1||Combi-weapon|Anti-INFANTRY 4+, Devastating Wounds, Rapid Fire 1|24|Ranged|1|4|4|0|1
3597|Chaos Lord on Disc of Tzeentch|4|1||Plasma pistol - standard|Pistol|12|Ranged|1|2|7|-2|1
3597|Chaos Lord on Disc of Tzeentch|5|2||Plasma pistol - supercharge|Hazardous, Pistol|12|Ranged|1|2|8|-3|2
3597|Chaos Lord on Disc of Tzeentch|6|1||Accursed weapon||Melee|Melee|6|2|5|-2|1
3597|Chaos Lord on Disc of Tzeentch|7|1||Astartes chainsword||Melee|Melee|7|2|4|-1|1
3597|Chaos Lord on Disc of Tzeentch|8|1||Close combat weapon||Melee|Melee|6|2|4|0|1
3597|Chaos Lord on Disc of Tzeentch|9|1||Paired accursed weapons|Twin-linked|Melee|Melee|7|2|4|-1|1
3597|Chaos Lord on Disc of Tzeentch|10|1||Power fist||Melee|Melee|5|2|8|-2|2
2501|Chaos Predator Annihilator|1|1||Havoc launcher|Blast|48|Ranged|D6|3|5|0|1
2501|Chaos Predator Annihilator|2|1||Inferno combi-bolter|Rapid Fire 2|24|Ranged|2|3|5|-2|1
2501|Chaos Predator Annihilator|3|1||Inferno combi-weapon|Anti-Infantry 4+, Devastating Wounds, Rapid Fire 1|24|Ranged|1|4|5|-2|1
2501|Chaos Predator Annihilator|4|1||Inferno heavy bolter|Sustained Hits 1|36|Ranged|3|3|5|-2|2
2501|Chaos Predator Annihilator|5|1||Lascannon||48|Ranged|1|3|12|-3|D6+1
2501|Chaos Predator Annihilator|6|1||Predator twin lascannon|Twin-linked|48|Ranged|1|3|14|-3|D6+1
2501|Chaos Predator Annihilator|7|1||Armoured tracks||Melee|Melee|3|4|6|0|1
1026|Chaos Predator Destructor|1|1||Havoc launcher|Blast|48|Ranged|D6|3|5|0|1
1026|Chaos Predator Destructor|2|1||Inferno combi-bolter|Rapid Fire 2|24|Ranged|2|3|5|-2|1
1026|Chaos Predator Destructor|3|1||Inferno combi-weapon|Anti-Infantry 4+, Devastating Wounds, Rapid Fire 1|24|Ranged|1|4|5|-2|1
1026|Chaos Predator Destructor|4|1||Inferno heavy bolter|Sustained Hits 1|36|Ranged|3|3|5|-2|2
1026|Chaos Predator Destructor|5|1||Lascannon||48|Ranged|1|3|12|-3|D6+1
1026|Chaos Predator Destructor|6|1||Predator autocannon|Rapid Fire 2|48|Ranged|4|3|9|-1|3
1026|Chaos Predator Destructor|7|1||Armoured tracks||Melee|Melee|3|4|6|0|1
1022|Chaos Rhino|1|1||Havoc launcher|Blast|48|Ranged|D6|3|5|0|1
1022|Chaos Rhino|2|1||Inferno combi-bolter|Rapid Fire 2|24|Ranged|2|3|5|-2|1
1022|Chaos Rhino|3|1||Inferno combi-weapon|Anti-Infantry 4+, Devastating Wounds, Rapid Fire 1|24|Ranged|1|4|5|-2|1
1022|Chaos Rhino|4|1||Armoured tracks||Melee|Melee|3|4|6|0|1
1023|Chaos Spawn|1|1||Hideous Mutations||Melee|Melee|D6+2|4|5|-1|2
270505|Chaos Spawn|1|1||Hideous Mutations||Melee|Melee|D6+2|4|5|-1|2
3591|Chaos Thunderhawk|1|1||Hellstrike missile array|Anti-Fly 3+|72|Ranged|4|3|8|-2|3
3591|Chaos Thunderhawk|2|1||Lascannon||48|Ranged|1|3|12|-3|D6+1
3591|Chaos Thunderhawk|3|1||Thunderhawk heavy cannon|Blast|48|Ranged|D6+6|3|10|-2|3
3591|Chaos Thunderhawk|4|1||Turbo-laser destructor|Blast|96|Ranged|D3+1|3|20|-4|D6+6
3591|Chaos Thunderhawk|5|1||Twin heavy bolter|Sustained Hits 1, Twin-linked|36|Ranged|3|3|5|-1|2
3591|Chaos Thunderhawk|6|1||Armoured hull||Melee|Melee|6|4|8|0|1
1027|Chaos Vindicator|1|1||Demolisher cannon|Blast|24|Ranged|D6+3|3|14|-3|D6
1027|Chaos Vindicator|2|1||Havoc launcher|Blast|48|Ranged|D6|3|5|0|1
1027|Chaos Vindicator|3|1||Inferno combi-bolter|Rapid Fire 2|24|Ranged|2|3|5|-2|1
1027|Chaos Vindicator|4|1||Inferno combi-weapon|Anti-Infantry 4+, Devastating Wounds, Rapid Fire 1|24|Ranged|1|4|5|-2|1
1027|Chaos Vindicator|5|1||Armoured tracks||Melee|Melee|3|4|6|0|1
1036|Daemon Prince of Tzeentch|1|1||Dark Blessing|Ignores Cover, Psychic, Sustained Hits 1|24|Ranged|9|2|4|-1|1
1036|Daemon Prince of Tzeentch|2|1||Infernal cannon||24|Ranged|3|2|5|-2|2
1036|Daemon Prince of Tzeentch|3|1||Hellforged weapons - strike|Devastating Wounds, Psychic|Melee|Melee|6|2|8|-2|3
1036|Daemon Prince of Tzeentch|4|2||Hellforged weapons - sweep|Devastating Wounds, Psychic|Melee|Melee|12|2|6|-1|1
4120|Daemon Prince of Tzeentch with wings|1|1||Dark Blessing|Ignores Cover, Psychic, Sustained Hits 1|24|Ranged|9|2|4|-1|1
4120|Daemon Prince of Tzeentch with wings|2|1||Infernal cannon||24|Ranged|3|2|5|-2|2
4120|Daemon Prince of Tzeentch with wings|3|1||Hellforged weapons - strike|Devastating Wounds, Psychic|Melee|Melee|6|2|8|-2|3
4120|Daemon Prince of Tzeentch with wings|4|2||Hellforged weapons - sweep|Devastating Wounds, Psychic|Melee|Melee|12|2|6|-1|1
1030|Defiler|1|1||Ectoplasma destructor|Blast|36|Ranged|D6|3|12|-3|3
1030|Defiler|2|1||Excruciator cannon||36|Ranged|6|3|6|-2|2
1030|Defiler|3|1||Hades battle cannon|Blast|48|Ranged|D6+3|3|10|-1|3
1030|Defiler|4|1||Hades lascannon||48|Ranged|2|3|12|-3|D6+1
1030|Defiler|5|1||Heavy baleflamer|Ignores Cover, Torrent|12|Ranged|D6+3|-|7|-2|2
1030|Defiler|6|1||Heavy missile launcher - frag|Blast|48|Ranged|2D6|3|5|-1|1
1030|Defiler|7|2||Heavy missile launcher - krak||48|Ranged|2|3|10|-2|D6+1
1030|Defiler|8|1||Heavy reaper autocannon|Devastating Wounds, Sustained Hits 1|48|Ranged|4|3|9|-2|3
1030|Defiler|9|1||Pyraflux magma cutter|Melta 2|12|Ranged|2|3|10|-4|D6
1030|Defiler|10|1||Electroscourge|Extra Attacks, Sustained Hits 2|Melee|Melee|5|3|12|-2|2
1030|Defiler|11|1||Shearing claws - strike||Melee|Melee|5|3|16|-3|D6+1
1030|Defiler|12|2||Shearing claws - sweep||Melee|Melee|10|3|6|-2|1
3623|Deredeo Dreadnought|1|1||Aiolos missile launcher|Blast|48|Ranged|D6+3|3|5|0|1
3623|Deredeo Dreadnought|2|1||Anvilus autocannon battery|Twin-linked|48|Ranged|4|3|9|-1|3
3623|Deredeo Dreadnought|3|1||Arachnus heavy lascannon battery||48|Ranged|2|3|12|-3|D6+1
3623|Deredeo Dreadnought|4|1||Boreas air defence missiles|Anti-FLY 2+|48|Ranged|1|3|12|-3|D6+1
3623|Deredeo Dreadnought|5|1||Hellfire plasma carronade - standard||36|Ranged|6|3|7|-2|2
3623|Deredeo Dreadnought|6|2||Hellfire plasma carronade - supercharge|Hazardous|36|Ranged|6|3|8|-3|3
3623|Deredeo Dreadnought|7|1||Twin heavy bolter|Sustained Hits 1, Twin-linked|36|Ranged|3|3|5|-1|2
3623|Deredeo Dreadnought|8|1||Twin heavy flamer|Ignores Cover, Torrent, Twin-linked|12|Ranged|D6|-|5|-1|1
3623|Deredeo Dreadnought|9|1||Volkite falconet battery|Devastating Wounds|30|Ranged|6|3|9|0|2
3623|Deredeo Dreadnought|10|1||Armoured feet||Melee|Melee|6|3|6|0|1
1033|Exalted Sorcerer|1|1||Astral Blast|Blast, Devastating Wounds, Psychic|18|Ranged|D6|2|6|-2|D3
1033|Exalted Sorcerer|2|1||Inferno bolt pistol|Pistol|12|Ranged|1|2|5|-2|1
1033|Exalted Sorcerer|3|1||Force weapon|Psychic|Melee|Melee|4|3|6|-1|D3
1033|Exalted Sorcerer|4|1||Prosperine khopesh||Melee|Melee|4|2|5|-2|2
2755|Exalted Sorcerer on Disc of Tzeentch|1|1||Arcane Fire|Ignores Cover, Psychic, Torrent|18|Ranged|D6|-|6|-2|D3
2755|Exalted Sorcerer on Disc of Tzeentch|2|1||Inferno bolt pistol|Pistol|12|Ranged|1|2|5|-2|1
2755|Exalted Sorcerer on Disc of Tzeentch|3|1||Force weapon|Psychic|Melee|Melee|4|3|6|-1|D3
2755|Exalted Sorcerer on Disc of Tzeentch|4|1||Prosperine khopesh||Melee|Melee|4|2|5|-2|2
3687|Falchion|1|1||Heavy bolter|Sustained Hits 1|36|Ranged|3|3|5|-1|2
3687|Falchion|2|1||Heavy flamer|Ignores Cover, Torrent|12|Ranged|D6|-|5|-1|1
3687|Falchion|3|1||Laser destroyer|Heavy|36|Ranged|3|3|14|-4|D6+1
3687|Falchion|4|1||Multi-melta|Melta 2|18|Ranged|2|3|9|-4|D6
3687|Falchion|5|1||Quad lascannon||48|Ranged|4|3|12|-3|D6+1
3687|Falchion|6|1||Storm bolter|Rapid Fire 2|24|Ranged|2|3|4|0|1
3687|Falchion|7|1||Twin Falchion volcano cannon|Blast, Twin-linked|120|Ranged|D3+1|3|24|-5|12
3687|Falchion|8|1||Twin heavy bolter|Sustained Hits 1, Twin-linked|36|Ranged|3|3|5|-1|2
3687|Falchion|9|1||Twin heavy flamer|Ignores Cover, Torrent, Twin-linked|12|Ranged|D6|-|5|-1|1
3687|Falchion|10|1||Armoured tracks||Melee|Melee|6|4|8|0|1
3651|Fellblade|1|1||Combi-weapon|Anti-INFANTRY 3+, Devastating Wounds, Rapid Fire 1|24|Ranged|1|3|4|0|1
3651|Fellblade|2|1||Demolisher cannon|Blast|24|Ranged|D6+3|3|14|-3|D6
3651|Fellblade|3|1||Fellblade accelerator cannon - AP shells||72|Ranged|2|3|14|-3|6
3651|Fellblade|4|2||Fellblade accelerator cannon - HE shells|Blast|72|Ranged|2D6|3|8|-1|2
3651|Fellblade|5|1||Havoc launcher|Blast|48|Ranged|D6|3|5|0|1
3651|Fellblade|6|1||Heavy bolter|Sustained Hits 1|36|Ranged|3|3|5|-1|2
3651|Fellblade|7|1||Heavy flamer|Ignores Cover, Torrent|12|Ranged|D6|-|5|-1|1
3651|Fellblade|8|1||Laser destroyer|Heavy|36|Ranged|3|3|14|-4|D6+1
3651|Fellblade|9|1||Multi-melta|Melta 2|18|Ranged|2|3|9|-4|D6
3651|Fellblade|10|1||Quad heavy bolter|Sustained Hits 1, Twin-linked|36|Ranged|6|3|5|-1|2
3651|Fellblade|11|1||Quad lascannon||48|Ranged|4|3|12|-3|D6+1
3651|Fellblade|12|1||Storm bolter|Rapid Fire 2|24|Ranged|2|3|4|0|1
3651|Fellblade|13|1||Twin heavy bolter|Sustained Hits 1, Twin-linked|36|Ranged|3|3|5|-1|2
3651|Fellblade|14|1||Twin heavy flamer|Ignores Cover, Torrent, Twin-linked|12|Ranged|D6|-|5|-1|1
3651|Fellblade|15|1||Armoured tracks||Melee|Melee|6|4|8|0|1
3615|Fire Raptor Gunship|1|1||Quad heavy bolter|Twin-linked, Sustained Hits 1|36|Ranged|6|3|5|-1|2
3615|Fire Raptor Gunship|2|1||Twin autocannon|Twin-linked|48|Ranged|2|3|9|-1|3
3615|Fire Raptor Gunship|3|1||Twin avenger bolt cannon|Twin-linked|36|Ranged|10|3|6|-1|2
3615|Fire Raptor Gunship|4|1||Twin hellstrike launcher|Anti-Fly 2+, Twin-linked|72|Ranged|2|3|10|-3|D6
3615|Fire Raptor Gunship|5|1||Twin lascannon|Twin-linked|48|Ranged|1|3|12|-3|D6+1
3615|Fire Raptor Gunship|6|1||Armoured hull||Melee|Melee|6|4|8|0|1
4125|Flamers|1|1||Flickering flames|Ignores Cover, Psychic, Torrent|12|Ranged|D6|-|4|-1|1
4125|Flamers|2|1||Flamer mouths||Melee|Melee|3|4|4|0|1
1028|Forgefiend|1|1||Ectoplasma cannon|Blast|36|Ranged|D3|3|10|-3|3
1028|Forgefiend|2|1||Hades autocannon||36|Ranged|6|3|8|-2|2
1028|Forgefiend|3|1||Forgefiend claws||Melee|Melee|3|3|6|0|1
1028|Forgefiend|4|1||Forgefiend jaws||Melee|Melee|5|3|7|0|2
1021|Helbrute|1|1||Heavy flamer|Ignores Cover, Torrent|12|Ranged|D6|-|5|-2|1
1021|Helbrute|2|1||Helbrute plasma cannon|Blast, Hazardous|36|Ranged|D3|3|8|-3|3
1021|Helbrute|3|1||Inferno combi-bolter|Rapid Fire 2|24|Ranged|2|3|5|-2|1
1021|Helbrute|4|1||Missile launcher - frag|Blast|48|Ranged|D6|3|4|0|1
1021|Helbrute|5|2||Missile launcher - krak||48|Ranged|1|3|9|-2|D6
1021|Helbrute|6|1||Multi-melta|Melta 2|18|Ranged|2|3|9|-4|D6
1021|Helbrute|7|1||Twin autocannon|Twin-linked|48|Ranged|2|3|9|-1|3
1021|Helbrute|8|1||Twin inferno heavy bolter|Sustained Hits 1, Twin-linked|36|Ranged|3|3|5|-2|2
1021|Helbrute|9|1||Twin lascannon|Twin-linked|48|Ranged|1|3|12|-3|D6+1
1021|Helbrute|10|1||Close combat weapon||Melee|Melee|5|3|6|0|1
1021|Helbrute|11|1||Helbrute fist||Melee|Melee|5|3|12|-2|3
1021|Helbrute|12|1||Helbrute hammer||Melee|Melee|5|4|14|-3|D6+1
1021|Helbrute|13|1||Power scourge||Melee|Melee|8|3|7|-1|2
1024|Heldrake|1|1||Baleflamer|Ignores Cover, Torrent|12|Ranged|D6+3|-|6|-2|2
1024|Heldrake|2|1||Hades autocannon||36|Ranged|6|3|8|-2|2
1024|Heldrake|3|1||Heldrake claws|Anti-FLY 2+, Devastating Wounds|Melee|Melee|5|3|7|-1|2
3599|Hell Talon|1|1||Autocannon||48|Ranged|2|3|9|-1|3
3599|Hell Talon|2|1||Havoc launcher|Blast|48|Ranged|D6|3|5|0|1
3599|Hell Talon|3|1||Twin lascannon|Twin-linked|48|Ranged|1|3|12|-3|D6+1
3599|Hell Talon|4|1||Armoured hull||Melee|Melee|6|4|6|0|1
3598|Hellblade|1|1||Armoured hull||Melee|Melee|3|4|6|0|1
2500|Infernal Master|1|1||Fires of the Abyss - focused witchfire|Hazardous, Psychic, Torrent|18|Ranged|2D6|-|6|-2|1
2500|Infernal Master|2|2||Fires of the Abyss - witchfire|Psychic, Torrent|18|Ranged|D6|-|6|-2|1
2500|Infernal Master|3|1||Inferno bolt pistol|Pistol|12|Ranged|1|2|5|-2|1
2500|Infernal Master|4|1||Force weapon|Psychic|Melee|Melee|4|3|6|-1|D3
4123|Kairos Fateweaver|1|1||Infernal Gateway - focused witchfire|Blast, Hazardous, Indirect Fire, Psychic|24|Ranged|D3+6|2|9|-2|3
4123|Kairos Fateweaver|2|2||Infernal Gateway - witchfire|Blast, Indirect Fire, Psychic|24|Ranged|D6+3|2|9|-2|D3
4123|Kairos Fateweaver|3|1||Staff of Tomorrow|Psychic|Melee|Melee|5|3|8|-2|2D3
3631|Kratos|1|1||Autocannon||48|Ranged|2|3|9|-1|3
3631|Kratos|2|1||Combi-weapon|Anti-INFANTRY 3+, Devastating Wounds, Rapid Fire 1|24|Ranged|1|3|4|0|1
3631|Kratos|3|1||Havoc launcher|Blast|48|Ranged|D6|3|5|0|1
3631|Kratos|4|1||Heavy bolter|Sustained Hits 1|36|Ranged|3|3|5|-1|2
3631|Kratos|5|1||Heavy flamer|Ignores Cover, Torrent|12|Ranged|D6|-|5|-1|1
3631|Kratos|6|1||Hunter-killer missile|One Shot|48|Ranged|1|2|14|-3|D6
3631|Kratos|7|1||Kratos battlecannon - AP|Heavy|36|Ranged|1|3|18|-4|D6+3
3631|Kratos|8|2||Kratos battlecannon - HE|Blast|36|Ranged|D6+3|3|10|-1|3
3631|Kratos|9|1||Lascannon||48|Ranged|1|3|12|-3|D6+1
3631|Kratos|10|1||Melta blast-gun|Melta 2|24|Ranged|4|3|12|-4|D6
3631|Kratos|11|1||Multi-melta|Melta 2|18|Ranged|2|3|9|-4|D6
3631|Kratos|12|1||Twin boltgun|Twin-linked|24|Ranged|2|3|4|0|1
3631|Kratos|13|1||Volkite caliver|Devastating Wounds|24|Ranged|2|3|5|0|2
3631|Kratos|14|1||Volkite cardanelle|Devastating Wounds|36|Ranged|9|3|9|0|3
3631|Kratos|15|1||Volkite culverin|Devastating Wounds|36|Ranged|4|3|6|0|2
3631|Kratos|16|1||Armoured tracks||Melee|Melee|6|4|8|0|1
3607|Land Raider Achilles|1|1||Heavy bolter|Sustained Hits 1|36|Ranged|3|3|5|-1|2
3607|Land Raider Achilles|2|1||Hunter-killer missile|One Shot|48|Ranged|1|2|14|-3|D6
3607|Land Raider Achilles|3|1||Multi-melta|Melta 2|18|Ranged|2|3|9|-4|D6
3607|Land Raider Achilles|4|1||Quad launcher - shatter shells||24|Ranged|4|3|9|-2|3
3607|Land Raider Achilles|5|2||Quad launcher - thunderfire shells|Blast, Indirect Fire|60|Ranged|D6+4|3|5|0|1
3607|Land Raider Achilles|6|1||Storm bolter|Rapid Fire 2|24|Ranged|2|3|4|0|1
3607|Land Raider Achilles|7|1||Twin heavy bolter|Sustained Hits 1, Twin-linked|36|Ranged|3|3|5|-1|2
3607|Land Raider Achilles|8|1||Twin heavy flamer|Ignores Cover, Torrent, Twin-linked|12|Ranged|D6|-|5|-1|1
3607|Land Raider Achilles|9|1||Twin multi-melta|Melta 2, Twin-linked|18|Ranged|2|3|9|-4|D6
3607|Land Raider Achilles|10|1||Twin volkite culverin|Devastating Wounds, Twin-linked|36|Ranged|4|3|6|0|2
3607|Land Raider Achilles|11|1||Armoured tracks||Melee|Melee|6|4|8|0|1
3611|Land Raider Proteus|1|1||Heavy bolter|Sustained Hits 1|36|Ranged|3|3|5|-1|2
3611|Land Raider Proteus|2|1||Hunter-killer missile|One Shot|48|Ranged|1|2|14|-3|D6
3611|Land Raider Proteus|3|1||Multi-melta|Melta 2|18|Ranged|2|3|9|-4|D6
3611|Land Raider Proteus|4|1||Storm bolter|Rapid Fire 2|24|Ranged|2|3|4|0|1
3611|Land Raider Proteus|5|1||Twin heavy bolter|Sustained Hits 1, Twin-linked|36|Ranged|3|3|5|-1|2
3611|Land Raider Proteus|6|1||Twin heavy flamer|Ignores Cover, Torrent, Twin-linked|12|Ranged|D6|-|5|-1|1
3611|Land Raider Proteus|7|1||Twin lascannon|Twin-linked|48|Ranged|1|3|12|-3|D6+1
3611|Land Raider Proteus|8|1||Armoured tracks||Melee|Melee|6|4|8|0|1
3647|Leviathan Dreadnought|1|1||Cyclonic melta-lance|Melta 2|18|Ranged|D6|3|9|-4|D6
3647|Leviathan Dreadnought|2|1||Grav-flux bombard|Anti-Vehicle 2+, Blast|24|Ranged|2D3|3|8|-1|2
3647|Leviathan Dreadnought|3|1||Heavy flamer|Ignores Cover, Torrent|12|Ranged|D6|-|5|-1|1
3647|Leviathan Dreadnought|4|1||Hunter-killer missile|One Shot|48|Ranged|1|2|14|-3|D6
3647|Leviathan Dreadnought|5|1||Meltagun|Melta 2|12|Ranged|1|3|9|-4|D6
3647|Leviathan Dreadnought|6|1||Storm cannon|Twin-linked|36|Ranged|4|3|9|-1|3
3647|Leviathan Dreadnought|7|1||Twin volkite caliver|Devastating Wounds, Twin-linked|24|Ranged|2|3|5|0|2
3647|Leviathan Dreadnought|8|1||Armoured feet||Melee|Melee|6|3|6|0|1
3647|Leviathan Dreadnought|9|1||Leviathan siege claw||Melee|Melee|5|3|12|-2|3
3647|Leviathan Dreadnought|10|1||Leviathan siege drill|Anti-VEHICLE 3+|Melee|Melee|4|3|12|-2|3
4124|Lord of Change|1|1||Bolt of Change - focused witchfire|Hazardous, Psychic|18|Ranged|9|2|9|-2|3
4124|Lord of Change|2|2||Bolt of Change - witchfire|Psychic|18|Ranged|9|2|9|-1|1
4124|Lord of Change|3|1||Rod of sorcery|Psychic|18|Ranged|6|2|8|-1|2
4124|Lord of Change|4|1||Baleful sword|Extra Attacks|Melee|Melee|3|3|7|-2|3
4124|Lord of Change|5|1||Staff of Tzeentch|Psychic|Melee|Melee|5|3|6|-1|3
1031|Magnus the Red|1|1||Gaze of Magnus|Devastating Wounds, Psychic|24|Ranged|3D3|2|11|-2|3
1031|Magnus the Red|2|1||Tzeentch's Firestorm|Blast, Ignores Cover, Psychic|24|Ranged|D6+3|2|6|-1|2
1031|Magnus the Red|3|1||Blade of Magnus - strike|Devastating Wounds, Psychic|Melee|Melee|7|2|16|-3|3
1031|Magnus the Red|4|2||Blade of Magnus - sweep|Psychic|Melee|Melee|14|2|8|-1|2
3643|Mastodon|1|1||Heavy bolter|Sustained Hits 1|36|Ranged|3|3|5|-1|2
3643|Mastodon|2|1||Heavy flamer|Ignores Cover, Torrent|12|Ranged|D6|-|5|-1|1
3643|Mastodon|3|1||Lascannon||48|Ranged|1|3|12|-3|D6+1
3643|Mastodon|4|1||Siege melta array|Melta 2|24|Ranged|6|3|9|-4|D6
3643|Mastodon|5|1||Skyreaper battery|Anti-FLY 4+|48|Ranged|8|3|7|-1|2
3643|Mastodon|6|1||Volkite culverin|Devastating Wounds|36|Ranged|4|3|6|0|2
3643|Mastodon|7|1||Armoured tracks||Melee|Melee|6|4|8|0|1
1029|Maulerfiend|1|1||Magma cutter|Melta 2|6|Ranged|2|3|9|-4|D6
1029|Maulerfiend|2|1||Lasher tendrils|Extra Attacks|Melee|Melee|6|3|7|-1|1
1029|Maulerfiend|3|1||Maulerfiend fists||Melee|Melee|6|3|14|-2|D6+1
1476|Mutalith Vortex Beast|1|1||Warp vortex - beam|Devastating Wounds|36|Ranged|1|3|18|-3|D6+6
1476|Mutalith Vortex Beast|2|2||Warp vortex - blast|Blast|24|Ranged|D6+3|3|9|-2|2
1476|Mutalith Vortex Beast|3|3||Warp vortex - torrent|Ignores Cover, Torrent|18|Ranged|2D6|-|6|-1|1
1476|Mutalith Vortex Beast|4|1||Betentacled maw||Melee|Melee|15|3|7|0|1
1476|Mutalith Vortex Beast|5|1||Mutalith claws||Melee|Melee|5|3|10|-2|3
4127|Blue/Brimstone Horror (ref. only)|1|1||Coruscating blue flames (ref. only)|Pistol, Psychic|18|Ranged|2|4|3|-1|1
4127|Blue/Brimstone Horror (ref. only)|2|1||Coruscating pink flames|Pistol, Psychic|18|Ranged|2|3|4|-1|1
4127|Blue/Brimstone Horror (ref. only)|3|1||Coruscating yellow flames (ref. only)|Pistol, Psychic|18|Ranged|2|5|2|-1|1
4127|Blue/Brimstone Horror (ref. only)|4|1||Blue claws (ref. only)||Melee|Melee|1|5|3|0|1
4127|Blue/Brimstone Horror (ref. only)|5|1||Pink claws||Melee|Melee|1|4|3|0|1
4127|Blue/Brimstone Horror (ref. only)|6|1||Yellow claws (ref. only)||Melee|Melee|2|5|2|0|1
3667|Rapier Carrier|1|1||Boltgun||24|Ranged|2|3|4|0|1
3667|Rapier Carrier|2|1||Graviton cannon|Anti-Vehicle 2+, Blast, Heavy|36|Ranged|D6|3|6|-2|2
3667|Rapier Carrier|3|1||Laser destroyer|Heavy|36|Ranged|3|3|14|-4|D6+1
3667|Rapier Carrier|4|1||Quad heavy bolter|Heavy, Twin-linked, Sustained Hits 1|36|Ranged|6|3|5|-1|2
3667|Rapier Carrier|5|1||Quad launcher - shatter shells|Heavy|24|Ranged|4|3|9|-2|3
3667|Rapier Carrier|6|2||Quad launcher - thunderfire shells|Blast, Heavy, Indirect Fire|60|Ranged|D6+4|3|5|0|1
3667|Rapier Carrier|7|1||Close combat weapon||Melee|Melee|2|3|4|0|1
3655|Relic Contemptor Dreadnought|1|1||Combi-bolter|Rapid Fire 2|24|Ranged|2|3|4|0|1
3655|Relic Contemptor Dreadnought|2|1||Conversion beam cannon|Conversion, Sustained Hits D3|24|Ranged|1|3|7|-1|3
3655|Relic Contemptor Dreadnought|3|1||Cyclone missile launcher - frag|Blast|36|Ranged|2D6|3|4|0|1
3655|Relic Contemptor Dreadnought|4|2||Cyclone missile launcher - krak||36|Ranged|2|3|9|-2|D6
3655|Relic Contemptor Dreadnought|5|1||Graviton blaster|Anti-Vehicle 2+|18|Ranged|2|3|5|-1|1
3655|Relic Contemptor Dreadnought|6|1||Heavy flamer|Ignores Cover, Torrent|12|Ranged|D6|-|5|-1|1
3655|Relic Contemptor Dreadnought|7|1||Heavy plasma cannon - standard|Blast|36|Ranged|D3|3|7|-2|2
3655|Relic Contemptor Dreadnought|8|2||Heavy plasma cannon - supercharge|Blast, Hazardous|36|Ranged|D3|3|8|-3|3
3655|Relic Contemptor Dreadnought|9|1||Kheres assault cannon|Devastating Wounds|24|Ranged|6|3|7|-1|1
3655|Relic Contemptor Dreadnought|10|1||Multi-melta|Melta 2|18|Ranged|2|3|9|-4|D6
3655|Relic Contemptor Dreadnought|11|1||Plasma blaster - standard||18|Ranged|2|3|7|-2|1
3655|Relic Contemptor Dreadnought|12|2||Plasma blaster - supercharge|Hazardous|18|Ranged|2|3|8|-3|2
3655|Relic Contemptor Dreadnought|13|1||Twin autocannon|Twin-linked|48|Ranged|2|3|9|-1|3
3655|Relic Contemptor Dreadnought|14|1||Twin heavy bolter|Sustained Hits 1, Twin-linked|36|Ranged|3|3|5|-1|2
3655|Relic Contemptor Dreadnought|15|1||Twin lascannon|Twin-linked|48|Ranged|1|3|12|-3|D6+1
3655|Relic Contemptor Dreadnought|16|1||Twin volkite culverin|Devastating Wounds, Twin-linked|36|Ranged|4|3|6|0|2
3655|Relic Contemptor Dreadnought|17|1||Armoured feet||Melee|Melee|6|3|6|0|1
3655|Relic Contemptor Dreadnought|18|1||Dreadnought chainfist|Anti-VEHICLE 3+|Melee|Melee|4|3|12|-2|3
3655|Relic Contemptor Dreadnought|19|1||Dreadnought combat weapon||Melee|Melee|5|3|12|-2|3
1020|Rubric Marine|1|1||Inferno bolt pistol|Pistol|12|Ranged|1|3|5|-2|1
1020|Rubric Marine|2|1||Inferno boltgun||24|Ranged|2|3|5|-2|1
1020|Rubric Marine|3|1||Malefic Curse|Anti-INFANTRY 4+, Devastating Wounds, Psychic|24|Ranged|3|3|4|-3|1
1020|Rubric Marine|4|1||Soulreaper cannon|Devastating Wounds|24|Ranged|6|3|6|-2|1
1020|Rubric Marine|5|1||Warpflame pistol|Ignores Cover, Pistol, Torrent|12|Ranged|D6|-|3|-1|1
1020|Rubric Marine|6|1||Warpflamer|Ignores Cover, Torrent|12|Ranged|D6|-|4|-1|1
1020|Rubric Marine|7|1||Close combat weapon||Melee|Melee|2|3|5|0|1
1020|Rubric Marine|8|1||Force weapon|Psychic|Melee|Melee|3|3|6|-1|D3
1035|Scarab Occult Sorcerer|1|1||Heavy warpflamer|Ignores Cover, Torrent|12|Ranged|D6|-|5|-2|1
1035|Scarab Occult Sorcerer|2|1||Hellfyre missile rack||36|Ranged|2|3|10|-2|3
1035|Scarab Occult Sorcerer|3|1||Inferno combi-bolter|Rapid Fire 2|24|Ranged|2|3|5|-2|1
1035|Scarab Occult Sorcerer|4|1||Malefic Curse|Anti-INFANTRY 4+, Devastating Wounds, Psychic|24|Ranged|3|3|4|-3|1
1035|Scarab Occult Sorcerer|5|1||Soulreaper cannon|Devastating Wounds|24|Ranged|6|3|6|-2|1
1035|Scarab Occult Sorcerer|6|1||Force weapon|Psychic|Melee|Melee|4|3|6|-1|D3
1035|Scarab Occult Sorcerer|7|1||Prosperine khopesh||Melee|Melee|3|3|5|-2|2
4126|Screamers|1|1||Lamprey bite|Anti-MONSTER 4+, Anti-VEHICLE 4+|Melee|Melee|3|3|6|-2|2
4121|Sekhetar Robots|1|1||Heavy warpflamer|Ignores Cover, Torrent|12|Ranged|D6|-|5|-2|1
4121|Sekhetar Robots|2|1||Hellfyre missile rack||36|Ranged|2|4|10|-2|3
4121|Sekhetar Robots|3|1||Pyreflux meltagun|Melta 2|12|Ranged|1|4|10|-4|D6
4121|Sekhetar Robots|4|1||Warpflame projector|Ignores Cover, Torrent|12|Ranged|D3|-|3|-1|1
4121|Sekhetar Robots|5|1||Close combat weapon||Melee|Melee|3|4|5|0|1
4121|Sekhetar Robots|6|1||Power claw||Melee|Melee|3|4|10|-2|2
3639|Sicaran Battle Tank|1|1||Heavy bolter|Sustained Hits 1|36|Ranged|3|3|5|-1|2
3639|Sicaran Battle Tank|2|1||Herakles-pattern autocannon|Rapid Fire 2|48|Ranged|6|3|9|-1|3
3639|Sicaran Battle Tank|3|1||Hunter-killer missile|One Shot|48|Ranged|1|2|14|-3|D6
3639|Sicaran Battle Tank|4|1||Lascannon||48|Ranged|1|3|12|-3|D6+1
3639|Sicaran Battle Tank|5|1||Storm bolter|Rapid Fire 2|24|Ranged|2|3|4|0|1
3639|Sicaran Battle Tank|6|1||Armoured tracks||Melee|Melee|6|4|8|0|1
3683|Sicaran Punisher|1|1||Heavy bolter|Sustained Hits 1|36|Ranged|3|3|5|-1|2
3683|Sicaran Punisher|2|1||Hunter-killer missile|One Shot|48|Ranged|1|2|14|-3|D6
3683|Sicaran Punisher|3|1||Lascannon||48|Ranged|1|3|12|-3|D6+1
3683|Sicaran Punisher|4|1||Punisher rotary cannon|Devastating Wounds|36|Ranged|18|4|6|0|1
3683|Sicaran Punisher|5|1||Storm bolter|Rapid Fire 2|24|Ranged|2|3|4|0|1
3683|Sicaran Punisher|6|1||Armoured tracks||Melee|Melee|6|4|8|0|1
3675|Sicaran Venator|1|1||Heavy bolter|Sustained Hits 1|36|Ranged|3|3|5|-1|2
3675|Sicaran Venator|2|1||Hunter-killer missile|One Shot|48|Ranged|1|2|14|-3|D6
3675|Sicaran Venator|3|1||Lascannon||48|Ranged|1|3|12|-3|D6+1
3675|Sicaran Venator|4|1||Storm bolter|Rapid Fire 2|24|Ranged|2|3|4|0|1
3675|Sicaran Venator|5|1||Venator neutron laser|Heavy|48|Ranged|3|3|16|-4|D3+3
3675|Sicaran Venator|6|1||Armoured tracks||Melee|Melee|6|4|8|0|1
3635|Sokar-pattern Stormbird|1|1||Hellstrike missile battery|Anti-Fly 3+|48|Ranged|4|3|10|-3|D6
3635|Sokar-pattern Stormbird|2|1||Twin heavy bolter|Sustained Hits 1, Twin-linked|36|Ranged|3|3|5|-1|2
3635|Sokar-pattern Stormbird|3|1||Twin lascannon|Twin-linked|48|Ranged|1|3|12|-3|D6+1
3635|Sokar-pattern Stormbird|4|1||Armoured hull||Melee|Melee|9|4|9|0|1
1016|Sorcerer|1|1||Inferno bolt pistol|Pistol|12|Ranged|1|2|5|-2|1
1016|Sorcerer|2|1||Pandaemonic Delusion|Psychic, Sustained Hits 3|24|Ranged|6|3|5|-1|1
1016|Sorcerer|3|1||Force weapon|Psychic|Melee|Melee|4|3|6|-1|D3
1016|Sorcerer|4|1||Prosperine khopesh||Melee|Melee|3|3|5|-2|2
1017|Sorcerer in Terminator Armour|1|1||Gaze of Hate|Anti-MONSTER 4+, Anti-VEHICLE 4+, Devastating Wounds, Psychic|18|Ranged|3|3|4|-3|2
1017|Sorcerer in Terminator Armour|2|1||Inferno combi-bolter|Rapid Fire 2|24|Ranged|2|3|5|-2|1
1017|Sorcerer in Terminator Armour|3|1||Inferno combi-weapon|Anti-Infantry 4+, Devastating Wounds, Rapid Fire 1|24|Ranged|1|4|5|-2|1
1017|Sorcerer in Terminator Armour|4|1||Force weapon|Psychic|Melee|Melee|4|3|6|-1|D3
3619|Spartan|1|1||Heavy bolter|Sustained Hits 1|36|Ranged|3|3|5|-1|2
3619|Spartan|2|1||Heavy flamer|Ignores Cover, Torrent|12|Ranged|D6|-|5|-1|1
3619|Spartan|3|1||Laser destroyer|Heavy|36|Ranged|3|3|14|-4|D6+1
3619|Spartan|4|1||Multi-melta|Melta 2|18|Ranged|2|3|9|-4|D6
3619|Spartan|5|1||Quad lascannon||48|Ranged|4|3|12|-3|D6+1
3619|Spartan|6|1||Storm bolter|Rapid Fire 2|24|Ranged|2|3|4|0|1
3619|Spartan|7|1||Twin heavy bolter|Sustained Hits 1, Twin-linked|36|Ranged|3|3|5|-1|2
3619|Spartan|8|1||Twin heavy flamer|Ignores Cover, Torrent, Twin-linked|12|Ranged|D6|-|5|-1|1
3619|Spartan|9|1||Armoured tracks||Melee|Melee|6|4|8|0|1
3671|Storm Eagle Gunship|1|1||Twin heavy bolter|Sustained Hits 1, Twin-linked|36|Ranged|3|3|5|-1|2
3671|Storm Eagle Gunship|2|1||Twin hellstrike launcher|Anti-Fly 2+, Twin-linked|72|Ranged|2|3|10|-3|D6
3671|Storm Eagle Gunship|3|1||Twin lascannon|Twin-linked|48|Ranged|1|3|12|-3|D6+1
3671|Storm Eagle Gunship|4|1||Twin multi-melta|Melta 2, Twin-linked|18|Ranged|2|3|9|-4|D6
3671|Storm Eagle Gunship|5|1||Typhoon missile launcher - frag|Blast|48|Ranged|2D6|3|4|0|1
3671|Storm Eagle Gunship|6|2||Typhoon missile launcher - krak||48|Ranged|2|3|9|-2|D6
3671|Storm Eagle Gunship|7|1||Vengeance launcher|Blast|48|Ranged|2D6|3|6|0|1
3671|Storm Eagle Gunship|8|1||Armoured hull||Melee|Melee|6|4|8|0|1
3603|Terrax-pattern Termite|1|1||Terrax melta cutter|Melta 2|12|Ranged|5|3|9|-4|D6
3603|Terrax-pattern Termite|2|1||Termite drill|Anti-VEHICLE 3+|Melee|Melee|6|4|14|-2|D3+3
3679|Typhon|1|1||Dreadhammer siege cannon|Blast|24|Ranged|D6+6|3|14|-3|D6
3679|Typhon|2|1||Heavy bolter|Sustained Hits 1|36|Ranged|3|3|5|-1|2
3679|Typhon|3|1||Heavy flamer|Ignores Cover, Torrent|12|Ranged|D6|-|5|-1|1
3679|Typhon|4|1||Lascannon||48|Ranged|1|3|12|-3|D6+1
3679|Typhon|5|1||Multi-melta|Melta 2|18|Ranged|2|3|9|-4|D6
3679|Typhon|6|1||Storm bolter|Rapid Fire 2|24|Ranged|2|3|4|0|1
3679|Typhon|7|1||Armoured tracks||Melee|Melee|6|4|8|0|1
1474|Tzaangor Enlightened|1|1||Autopistol|Pistol|12|Ranged|1|4|3|0|1
1474|Tzaangor Enlightened|2|1||Chainsword|Precision|Melee|Melee|6|4|4|0|1
1474|Tzaangor Enlightened|3|1||Divining spear|Lance, Precision|Melee|Melee|3|4|5|-1|2
4122|Tzaangor Enlightened with Fatecaster greatbows|1|1||Fatecaster greatbow|Ignores Cover, Lethal Hits, Precision|30|Ranged|2|4|5|-2|2
4122|Tzaangor Enlightened with Fatecaster greatbows|2|1||Close combat weapon||Melee|Melee|2|4|4|0|1
1472|Tzaangor Shaman|1|1||Baleful Devolution|Blast, Devastating Wounds, Psychic|18|Ranged|D6|3|9|0|1
1472|Tzaangor Shaman|2|1||Force stave|Psychic|Melee|Melee|3|3|5|-1|D3
1034|Tzaangors|1|1||Autopistol|Pistol|12|Ranged|1|4|3|0|1
1034|Tzaangors|2|1||Chainsword||Melee|Melee|3|4|4|0|1
1034|Tzaangors|3|1||Tzaangor blades||Melee|Melee|2|4|5|0|1
3659|Whirlwind Scorpius|1|1||Hunter-killer missile|One Shot|48|Ranged|1|2|14|-3|D6
3659|Whirlwind Scorpius|2|1||Scorpius multi-launcher|Blast, Indirect Fire|48|Ranged|2D3+3|3|6|-1|2
3659|Whirlwind Scorpius|3|1||Storm bolter|Rapid Fire 2|24|Ranged|2|3|4|0|1
3659|Whirlwind Scorpius|4|1||Armoured tracks||Melee|Melee|3|4|6|0|1
3663|Xiphon Interceptor|1|1||Twin lascannon|Twin-linked|48|Ranged|1|3|12|-3|D6+1
3663|Xiphon Interceptor|2|1||Xiphon missile battery|Anti-FLY 2+|60|Ranged|3|3|7|-1|3
3663|Xiphon Interceptor|3|1||Armoured hull||Melee|Melee|3|4|6|0|1
843788|Reaver Titan|1|1||Reaver apocalypse launcher|Blast, Indirect Fire|200|Ranged|3D6|3|7|-1|2
843788|Reaver Titan|2|1||Reaver feet||Melee|Melee|8|4|12|-2|4
143439|Warbringer Nemesis Titan|1|1||Anvillus defence battery|Anti-FLY 4+|72|Ranged|8|3|8|-1|2
143439|Warbringer Nemesis Titan|2|1||Ardex-defensor mauler||36|Ranged|6|3|6|-2|2
143439|Warbringer Nemesis Titan|3|1||Nemesis quake cannon|Blast, Indirect Fire|480|Ranged|D6+6|3|16|-4|4
143439|Warbringer Nemesis Titan|4|1||Nemesis volcano cannon|Blast|120|Ranged|D3+3|3|24|-5|14
143439|Warbringer Nemesis Titan|5|1||Nemesis feet||Melee|Melee|6|4|12|-2|4
207629|Warhound Titan|1|1||Warhound feet||Melee|Melee|8|4|10|-1|2
546797|Warlord Titan|1|1||Apocalypse launcher|Blast, Indirect Fire|200|Ranged|20|3|8|-2|2
546797|Warlord Titan|2|1||Ardex-defensor lascannon||48|Ranged|1|3|12|-3|D6+1
546797|Warlord Titan|3|1||Ardex-defensor mauler||36|Ranged|6|3|6|-2|2
546797|Warlord Titan|4|1||Arioch power claw|Sustained Hits 1|48|Ranged|20|3|6|-1|2
546797|Warlord Titan|5|1||Belicosa volcano cannon|Blast|120|Ranged|D3+3|3|32|-5|18
546797|Warlord Titan|6|1||Laser blaster|Blast|72|Ranged|6|3|16|-4|D6+3
546797|Warlord Titan|7|1||Macro gatling blaster|Sustained Hits 1|100|Ranged|30|3|9|-2|3
546797|Warlord Titan|8|1||Mori quake cannon|Blast, Ignores Cover|280|Ranged|3D6|3|16|-4|6
546797|Warlord Titan|9|1||Sunfury plasma annihilator - standard|Blast|72|Ranged|2D6+6|3|10|-3|5
546797|Warlord Titan|10|2||Sunfury plasma annihilator - supercharge|Blast, Hazardous|72|Ranged|2D6+6|3|12|-3|8
546797|Warlord Titan|11|2||Arioch power claw - strike||Melee|Melee|6|4|20|-4|24
546797|Warlord Titan|12|3||Arioch power claw - sweep||Melee|Melee|12|4|12|-3|8
546797|Warlord Titan|13|1||Warlord feet||Melee|Melee|6|4|12|-2|4
503|Barbed Hierodule|1|1||Bio-cannon|Blast|48|Ranged|D6+3|3|9|-2|2
503|Barbed Hierodule|2|1||Hierodule scything talons||Melee|Melee|8|3|14|-2|D3+3
2686|Barbgaunt|1|1||Barblauncher|Blast, Heavy|24|Ranged|D6|4|5|0|1
2686|Barbgaunt|2|1||Chitinous claws and teeth||Melee|Melee|1|4|4|0|1
491|Biovore|1|1||Spore mine launcher|Blast, Devastating Wounds, Heavy, Indirect Fire|48|Ranged|D3|4|6|-1|2
491|Biovore|2|1||Chitin-barbed limbs||Melee|Melee|2|4|5|0|1
463|Broodlord|1|1||Broodlord Claws and Talons|Devastating Wounds, Twin-linked|Melee|Melee|5|2|6|-2|2
490|Carnifex|1|1||Bio-plasma|Assault, Blast|12|Ranged|D3|4|7|-2|1
490|Carnifex|2|1||Deathspitters with slimer maggots||24|Ranged|6|4|7|-2|1
490|Carnifex|3|1||Devourers with brainleech worms||18|Ranged|12|4|6|0|1
490|Carnifex|4|1||Heavy venom cannon|Blast|36|Ranged|D3|4|9|-2|3
490|Carnifex|5|1||Spine banks|Assault|6|Ranged|5|4|5|0|1
490|Carnifex|6|1||Stranglethorn cannon|Blast|36|Ranged|D6+1|4|7|-1|2
490|Carnifex|7|1||Carnifex crushing claws||Melee|Melee|4|4|12|-3|D6+1
490|Carnifex|8|1||Carnifex extra scything talons|Extra Attacks|Melee|Melee|2|4|9|-2|3
490|Carnifex|9|1||Carnifex scything talons||Melee|Melee|6|4|9|-2|3
490|Carnifex|10|1||Chitinous claws and teeth||Melee|Melee|4|4|6|0|1
479|Deathleaper|1|1||Lictor claws and talons|Precision|Melee|Melee|6|2|7|-2|2
500|Dimachaeron|1|1||Massive scything talons|Twin-linked|Melee|Melee|10|3|9|-2|3
495|Exocrine|1|1||Bio-plasmic cannon|Blast, Heavy|36|Ranged|D6+3|3|9|-3|3
495|Exocrine|2|1||Powerful limbs||Melee|Melee|3|3|7|0|2
484|Gargoyles|1|1||Fleshborer|Assault|18|Ranged|1|4|5|0|1
484|Gargoyles|2|1||Blinding venom||Melee|Melee|1|4|3|0|1
467|Genestealers|1|1||Genestealers claws and talons||Melee|Melee|4|2|4|-2|1
485|Harpy|1|1||Stinger salvoes||24|Ranged|8|3|5|0|1
485|Harpy|2|1||Twin heavy venom cannon|Blast, Twin-linked|36|Ranged|D3|3|9|-2|3
485|Harpy|3|1||Twin stranglethorn cannon|Blast, Twin-linked|36|Ranged|D6+1|2|7|-1|2
485|Harpy|4|1||Scything wings||Melee|Melee|4|4|7|-1|2
504|Harridan|1|1||Dire bio-cannon|Blast|48|Ranged|D6+6|3|10|-3|3
504|Harridan|2|1||Gargantuan scything talons||Melee|Melee|6|3|14|-2|D6
478|Haruspex|1|1||Grasping tongue|Precision|12|Ranged|1|3|6|-2|D6+1
478|Haruspex|2|1||Ravenous maw||Melee|Melee|14|3|7|-1|2
478|Haruspex|3|1||Shovelling claws|Extra Attacks|Melee|Melee|4|3|14|-2|D6+1
505|Hierophant|1|1||Bio-plasma torrent|Assault, Torrent|12|Ranged|3D6|-|7|-2|1
505|Hierophant|2|1||Dire bio-cannon|Blast|48|Ranged|D6+6|3|10|-3|3
505|Hierophant|3|1||Lashwhip pods|Extra Attacks|Melee|Melee|10|3|5|-1|1
505|Hierophant|4|1||Titanic scything talons||Melee|Melee|8|3|20|-2|D6+1
486|Hive Crone|1|1||Drool cannon|Torrent|12|Ranged|2D6|-|6|-1|1
486|Hive Crone|2|1||Stinger salvoes||24|Ranged|8|3|5|0|1
486|Hive Crone|3|1||Tentaclids|Anti-vehicle 4+, Devastating Wounds|36|Ranged|4|3|7|0|2
486|Hive Crone|4|1||Scything wings||Melee|Melee|4|4|7|-1|2
486|Hive Crone|5|1||Thorax spur|Anti-fly 2+, Extra Attacks|Melee|Melee|1|3|10|-3|D6
472|Hive Guard|1|1||Impaler cannon|Heavy, Indirect Fire|36|Ranged|4|4|5|-1|1
472|Hive Guard|2|1||Shockcannon|Anti-Vehicle 2+|24|Ranged|2|3|7|-1|3
472|Hive Guard|3|1||Chitinous claws and teeth||Melee|Melee|3|4|5|0|1
460|Hive Tyrant|1|1||Heavy venom cannon|Blast|36|Ranged|D3|2|9|-2|3
460|Hive Tyrant|2|1||Stranglethorn cannon|Blast|36|Ranged|D6+1|2|7|-1|2
460|Hive Tyrant|3|1||Monstrous bonesword and lash whip|Twin-linked|Melee|Melee|6|2|9|-2|3
460|Hive Tyrant|4|1||Monstrous scything talons|Extra Attacks|Melee|Melee|4|2|7|-2|2
469|Hormagaunts|1|1||Hormagaunt talons||Melee|Melee|3|4|3|-1|1
4117|Ravener Prime|1|1||Venom bolt|Assault, Ignores Cover, Torrent|12|Ranged|D6+3|-|6|-1|1
4117|Ravener Prime|2|1||Prime claws and talons|Anti-Monster 5+, Anti-Vehicle 5+, Twin-linked|Melee|Melee|6|3|5|-2|2
4117|Ravener Prime|3|1||Ravener heavy claws and talons|Anti-Monster 5+, Anti-Vehicle 5+, Twin-linked|Melee|Melee|3|3|5|-2|2
473|Lictor|1|1||Lictor claws and talons|Precision|Melee|Melee|6|2|7|-2|2
499|Malanthrope|1|1||Grasping tail||Melee|Melee|4|4|5|0|2
474|Maleceptor|1|1||Psychic overload|Blast, Psychic|18|Ranged|D6+3|3|10|-2|3
474|Maleceptor|2|1||Massive scything talons - strike||Melee|Melee|3|3|9|-2|D6+1
474|Maleceptor|3|2||Massive scything talons - sweep||Melee|Melee|6|3|7|-1|2
494|Mawloc|1|1||Distendible jaw|Anti-infantry 4+, Devastating Wounds, Extra Attacks|Melee|Melee|1|3|5|0|3
494|Mawloc|2|1||Mawloc scything talons||Melee|Melee|16|3|8|-2|1
2687|Neurogaunt Nodebeast|1|1||Chitinous claws and teeth||Melee|Melee|1|4|3|0|1
2753|Neurolictor|1|1||Piercing claws and talons|Precision|Melee|Melee|6|2|6|-2|1
2688|Neurotyrant|1|1||Psychic scream|Ignores Cover, Psychic, Torrent|18|Ranged|2D6|-|5|-1|2
2688|Neurotyrant|2|1||Neurotyrant claws and lashes||Melee|Melee|6|3|5|0|1
2752|Norn Assimilator|1|1||Toxinjecter Harpoon|Harpooned|12|Ranged|2|2|12|-3|D6+1
2752|Norn Assimilator|2|1||Monstrous scything talons||Melee|Melee|6|2|9|-2|3
2752|Norn Assimilator|3|2||Toxinjecter Harpoon|Extra Attacks|Melee|Melee|4|2|12|-3|D6+1
2751|Norn Emissary|1|1||Psychic tendril - neuroblast|Blast, Psychic|18|Ranged|2D6|2|6|-2|1
2751|Norn Emissary|2|2||Psychic tendril - neurolance|Melta 2, Psychic|18|Ranged|2|2|12|-3|D6
2751|Norn Emissary|3|3||Psychic tendril - neuroparasite|Precision, Psychic|18|Ranged|2|2|8|-2|D3
2751|Norn Emissary|4|1||Monstrous rending claws|Extra Attacks|Melee|Melee|4|2|7|-2|2
2751|Norn Emissary|5|1||Monstrous scything talons||Melee|Melee|6|2|9|-2|3
462|Old One Eye|1|1||Old One Eye’s claws and talons - Strike||Melee|Melee|6|3|14|-3|D6+1
462|Old One Eye|2|2||Old One Eye’s claws and talons - Sweep||Melee|Melee|12|3|6|-1|1
2529|Parasite of Mortrex|1|1||Barbed ovipositor|Anti-infantry 3+, Extra Attacks|Melee|Melee|1|2|3|-2|3
2529|Parasite of Mortrex|2|1||Clawed limbs||Melee|Melee|6|2|5|-1|1
2689|Psychophage|1|1||Psychoclastic torrent|Ignores Cover, Torrent|12|Ranged|D6|-|6|-1|1
2689|Psychophage|2|1||Talons and betentacled maw|Anti-Psyker 4+, Devastating Wounds|Melee|Melee|6|3|6|-2|2
477|Pyrovores|1|1||Flamespurt|Ignores Cover, Torrent, Twin-linked|12|Ranged|D6+1|-|6|-1|1
477|Pyrovores|2|1||Chitin-barbed limbs||Melee|Melee|2|4|5|0|1
171844|Raveners|1|1||Ravener claws and talons|Twin-linked|Melee|Melee|3|3|5|-2|2
470|Ripper Swarm|1|1||Spinemaw|Pistol|6|Ranged|4|5|3|0|1
470|Ripper Swarm|2|1||Chitinous claws and teeth|Sustained Hits 1|Melee|Melee|6|5|2|0|1
473569|Ripper Swarm|1|1||Spinemaw|Pistol|6|Ranged|4|5|3|0|1
473569|Ripper Swarm|2|1||Chitinous claws and teeth|Sustained Hits 1|Melee|Melee|6|5|2|0|1
2690|Screamer-killer|1|1||Bio-plasmic scream|Assault, Blast|18|Ranged|D6+3|4|8|-2|1
2690|Screamer-killer|2|1||Screamer-killer talons||Melee|Melee|10|3|10|-2|3
506|Scythed Hierodule|1|1||Bio-acid spray|Torrent|18|Ranged|3D6|-|6|-2|1
506|Scythed Hierodule|2|1||Hierodule scything talons||Melee|Melee|10|3|14|-2|D3+3
483|Sky-slasher Swarms|1|1||Spinemaws|Pistol|6|Ranged|4|5|3|0|1
483|Sky-slasher Swarms|2|1||Claws and teeth|Sustained Hits 1|Melee|Melee|6|5|2|0|1
498|Sporocyst|1|1||Sporocyst bio-weapon|Hive Defences|24|Ranged|10|4|5|-1|2
498|Sporocyst|2|1||Flensing whips||Melee|Melee|6|4|7|-1|2
468|Termagants|1|1||Shardlauncher|Blast, Heavy|18|Ranged|D3|4|5|0|1
468|Termagants|2|1||Spike rifle|Heavy|24|Ranged|1|4|4|-1|1
468|Termagants|3|1||Strangleweb|Assault, Devastating Wounds, Torrent|18|Ranged|D6|-|2|0|1
468|Termagants|4|1||Chitinous claws and teeth||Melee|Melee|1|4|3|0|1
465|Tervigon|1|1||Stinger salvoes||24|Ranged|8|3|5|0|1
465|Tervigon|2|1||Massive crushing claws||Melee|Melee|4|4|12|-3|D6+1
465|Tervigon|3|1||Massive scything talons - strike||Melee|Melee|4|3|9|-2|D6
465|Tervigon|4|2||Massive scything talons - sweep||Melee|Melee|8|3|7|-1|2
4225|The Red Terror|1|1||Gaping maw|Extra Attacks, Devastating Wounds, Precision|Melee|Melee|1|2|5|-|D3+2
4225|The Red Terror|2|1||Scything talons||Melee|Melee|12|2|7|-2|2
461|The Swarmlord|1|1||Synaptic Pulse|Psychic, Torrent|18|Ranged|D6+3|-|5|-1|2
461|The Swarmlord|2|1||Bone Sabres|Twin-linked|Melee|Melee|8|2|9|-2|3
497|Toxicrene|1|1||Massive toxic lashes|Anti-infantry 2+|9|Ranged|2D6|3|6|-1|2
497|Toxicrene|2|2||Massive toxic lashes|Anti-infantry 2+|Melee|Melee|12|3|6|-1|2
493|Trygon|1|1||Bio-electric pulse|Sustained Hits 2|12|Ranged|6|3|5|0|1
493|Trygon|2|1||Trygon scything talons||Melee|Melee|12|3|9|-2|3
4202|Tyranid Prime with Lash Whip|1|1||Lash whip|Extra Attacks|Melee|Melee|8|2|4|-2|1
4202|Tyranid Prime with Lash Whip|2|1||Rending claw||Melee|Melee|4|2|8|-2|3
4202|Tyranid Prime with Lash Whip|3|1||Scything talons||Melee|Melee|6|2|6|-2|2
2691|Tyranid Prime|1|1||Tyranid Warrior claws and talons|Twin-linked|Melee|Melee|6|3|5|-2|1
2692|Tyranid Prime|1|1||Barbed strangler|Blast|36|Ranged|D6+1|4|6|-1|1
2692|Tyranid Prime|2|1||Deathspitter||24|Ranged|3|4|5|-1|1
2692|Tyranid Prime|3|1||Devourer||18|Ranged|5|4|4|0|1
2692|Tyranid Prime|4|1||Spinefists|Assault, Pistol, Twin-linked|12|Ranged|2|4|4|0|1
2692|Tyranid Prime|5|1||Venom cannon|Blast|36|Ranged|D3|4|9|-2|2
2692|Tyranid Prime|6|1||Tyranid Warrior claws and talons||Melee|Melee|5|3|5|-1|1
489|Tyrannocyte|1|1||Tyrannocyte Bio-weapons||24|Ranged|5|4|5|-1|2
489|Tyrannocyte|2|1||Flensing Whips||Melee|Melee|6|4|7|-1|2
496|Tyrannofex|1|1||Acid spray|Torrent|18|Ranged|D6+6|-|6|-2|2
496|Tyrannofex|2|1||Fleshborer hive|Heavy, Sustained Hits 1, Twin-linked|24|Ranged|20|3|5|0|1
496|Tyrannofex|3|1||Rupture cannon|Heavy|48|Ranged|2|3|18|-4|D6+6
496|Tyrannofex|4|1||Stinger salvoes||24|Ranged|8|3|5|0|1
496|Tyrannofex|5|1||Powerful limbs||Melee|Melee|4|3|8|0|2
471|Tyrant Guard|1|1||Bone cleaver, lash whip and rending claws||Melee|Melee|3|3|5|-1|2
471|Tyrant Guard|2|1||Crushing claws and rending claws|Twin-linked|Melee|Melee|2|4|8|-2|2
471|Tyrant Guard|3|1||Scything talons and rending claws||Melee|Melee|5|3|5|-1|1
476|Venomthropes|1|1||Toxic lashes|Anti-Infantry 2+|Melee|Melee|5|3|3|0|1
2693|Von Ryan's Leaper|1|1||Leaper's talons||Melee|Melee|6|3|5|-1|1
2528|Winged Hive Tyrant|1|1||Heavy venom cannon|Blast|36|Ranged|D3|2|9|-2|3
2528|Winged Hive Tyrant|2|1||Stranglethorn cannon|Blast|36|Ranged|D6+1|2|7|-1|2
2528|Winged Hive Tyrant|3|1||Monstrous bonesword and lash whip|Twin-linked|Melee|Melee|6|2|9|-2|3
2528|Winged Hive Tyrant|4|1||Monstrous scything talons|Extra Attacks|Melee|Melee|4|2|7|-2|2
2528|Winged Hive Tyrant|5|1||Tyrant talons||Melee|Melee|5|2|7|-2|2
2694|Winged Tyranid Prime|1|1||Prime talons||Melee|Melee|6|2|6|-1|2
475|Zoanthrope|1|1||Warp blast - focused witchfire|Lethal Hits, Psychic|24|Ranged|1|3|12|-3|D6+1
475|Zoanthrope|2|2||Warp blast - witchfire|Blast, Psychic|24|Ranged|D3|3|7|-2|D3
475|Zoanthrope|3|1||Chitinous claws and teeth||Melee|Melee|2|5|3|0|1
2621|Angron|1|1||Samni’arius and Spinegrinder - strike|Devastating Wounds|Melee|Melee|8|2|14|-3|D6+2
2621|Angron|2|2||Samni’arius and Spinegrinder - sweep|Devastating Wounds|Melee|Melee|16|2|7|-2|2
3587|Blood Slaughterer|1|1||Impaler harpoon|Anti-MONSTER 2+, Anti-VEHICLE 2+, Impaled|12|Ranged|1|3|12|-2|3
3587|Blood Slaughterer|2|1||Slaughter blade||Melee|Melee|5|3|12|-3|3
3587|Blood Slaughterer|3|1||Twin slaughter blade|Twin-linked|Melee|Melee|5|3|12|-3|3
4107|Bloodcrushers|1|1||Bladed horn|Extra Attacks, Lance|Melee|Melee|4|4|6|-1|1
4107|Bloodcrushers|2|1||Hellblade||Melee|Melee|2|3|5|-2|2
4106|Bloodletters|1|1||Hellblade||Melee|Melee|2|3|5|-2|2
4105|Bloodthirster|1|1||Bloodflail|Devastating Wounds|12|Ranged|1|2|16|-3|D6+1
4105|Bloodthirster|2|1||Hellfire breath|Ignores Cover, Torrent|12|Ranged|D6|-|5|-1|1
4105|Bloodthirster|3|1||Lash of Khorne||12|Ranged|9|2|8|-1|2
4105|Bloodthirster|4|1||Axe of Khorne - strike||Melee|Melee|8|2|14|-4|D3+1
4105|Bloodthirster|5|2||Axe of Khorne - sweep||Melee|Melee|16|2|8|-2|1
4105|Bloodthirster|6|1||Great axe of Khorne - strike||Melee|Melee|7|2|16|-4|D6+2
4105|Bloodthirster|7|2||Great axe of Khorne - sweep||Melee|Melee|14|2|10|-2|2
3629|Cerberus|1|1||Cerberus neutron pulse array|Twin-linked|48|Ranged|3|3|16|-4|D6+3
3629|Cerberus|2|1||Heavy bolter|Sustained Hits 1|36|Ranged|3|3|5|-1|2
3629|Cerberus|3|1||Heavy flamer|Ignores Cover, Torrent|12|Ranged|D6|-|5|-1|1
3629|Cerberus|4|1||Lascannon||48|Ranged|1|3|12|-3|D6+1
3629|Cerberus|5|1||Multi-melta|Melta 2|18|Ranged|2|3|9|-4|D6
3629|Cerberus|6|1||Storm bolter|Rapid Fire 2|24|Ranged|2|3|4|0|1
3629|Cerberus|7|1||Armoured tracks||Melee|Melee|6|4|8|0|1
2634|Chaos Land Raider|1|1||Combi-bolter|Rapid Fire 4|24|Ranged|2|4|5|-1|1
2634|Chaos Land Raider|2|1||Combi-weapon|Anti-Infantry 4+, Devastating Wounds, Rapid Fire 1|24|Ranged|1|4|5|-1|1
2634|Chaos Land Raider|3|1||Havoc launcher|Blast|48|Ranged|D6|4|5|0|1
2634|Chaos Land Raider|4|1||Soulshatter lascannon|Rapid Fire 2|48|Ranged|2|4|12|-3|D6+1
2634|Chaos Land Raider|5|1||Twin heavy bolter|Rapid Fire 2, Sustained Hits 1, Twin-linked|36|Ranged|3|4|5|-1|2
2634|Chaos Land Raider|6|1||Armoured tracks||Melee|Melee|9|3|8|0|1
2637|Chaos Predator Annihilator|1|1||Combi-bolter|Rapid Fire 4|24|Ranged|2|4|5|-1|1
2637|Chaos Predator Annihilator|2|1||Combi-weapon|Anti-Infantry 4+, Devastating Wounds, Rapid Fire 1|24|Ranged|1|4|5|-1|1
2637|Chaos Predator Annihilator|3|1||Havoc launcher|Blast|48|Ranged|D6|4|5|0|1
2637|Chaos Predator Annihilator|4|1||Heavy bolter|Rapid Fire 2, Sustained Hits 1|36|Ranged|3|4|5|-1|2
2637|Chaos Predator Annihilator|5|1||Lascannon||48|Ranged|1|4|12|-3|D6+1
2637|Chaos Predator Annihilator|6|1||Predator twin lascannon|Rapid Fire 2, Twin-linked|48|Ranged|1|4|14|-3|D6+1
2637|Chaos Predator Annihilator|7|1||Armoured tracks||Melee|Melee|6|3|6|0|1
2636|Chaos Predator Destructor|1|1||Combi-bolter|Rapid Fire 4|24|Ranged|2|4|5|-1|1
2636|Chaos Predator Destructor|2|1||Combi-weapon|Anti-Infantry 4+, Devastating Wounds, Rapid Fire 1|24|Ranged|1|4|5|-1|1
2636|Chaos Predator Destructor|3|1||Havoc launcher|Blast|48|Ranged|D6|4|5|0|1
2636|Chaos Predator Destructor|4|1||Heavy bolter|Rapid Fire 2, Sustained Hits 1|36|Ranged|3|4|5|-1|2
2636|Chaos Predator Destructor|5|1||Lascannon||48|Ranged|1|4|12|-3|D6+1
2636|Chaos Predator Destructor|6|1||Predator autocannon|Rapid Fire 6|48|Ranged|4|4|9|-1|3
2636|Chaos Predator Destructor|7|1||Armoured tracks||Melee|Melee|6|3|6|0|1
2640|Chaos Rhino|1|1||Combi-bolter|Rapid Fire 4|24|Ranged|2|4|5|-1|1
2640|Chaos Rhino|2|1||Combi-weapon|Anti-Infantry 4+, Devastating Wounds, Rapid Fire 1|24|Ranged|1|4|5|-1|1
2640|Chaos Rhino|3|1||Havoc launcher|Blast|48|Ranged|D6|4|5|0|1
2640|Chaos Rhino|4|1||Armoured tracks||Melee|Melee|6|3|6|0|1
2633|Chaos Spawn|1|1||Hideous Mutations||Melee|Melee|D6+4|4|5|-1|2
2629|Chaos Terminators|1|1||Combi-bolter|Rapid Fire 4|24|Ranged|2|4|5|-1|1
2629|Chaos Terminators|2|1||Combi-weapon|Anti-Infantry 4+, Devastating Wounds, Rapid Fire 1|24|Ranged|1|4|5|-1|1
2629|Chaos Terminators|3|1||Heavy flamer|Ignores Cover, Torrent|12|Ranged|D6|-|5|-1|1
2629|Chaos Terminators|4|1||Reaper autocannon|Devastating Wounds, Rapid Fire 2, Sustained Hits 1|36|Ranged|4|4|7|-1|1
2629|Chaos Terminators|5|1||Accursed weapon||Melee|Melee|4|3|5|-2|1
2629|Chaos Terminators|6|1||Chainfist|Anti-VEHICLE 3+|Melee|Melee|3|4|8|-3|2
2629|Chaos Terminators|7|1||Paired accursed weapons|Twin-linked|Melee|Melee|5|3|5|-2|1
2629|Chaos Terminators|8|1||Power fist||Melee|Melee|3|3|8|-2|2
3588|Chaos Thunderhawk|1|1||Hellstrike missile array|Anti-Fly 3+|72|Ranged|4|3|8|-2|3
3588|Chaos Thunderhawk|2|1||Lascannon||48|Ranged|1|3|12|-3|D6+1
3588|Chaos Thunderhawk|3|1||Thunderhawk heavy cannon|Blast|48|Ranged|D6+6|3|10|-2|3
3588|Chaos Thunderhawk|4|1||Turbo-laser destructor|Blast|96|Ranged|D3+1|3|20|-4|D6+6
3588|Chaos Thunderhawk|5|1||Twin heavy bolter|Sustained Hits 1, Twin-linked|36|Ranged|3|3|5|-1|2
3588|Chaos Thunderhawk|6|1||Armoured hull||Melee|Melee|6|4|8|0|1
2624|Daemon Prince of Khorne|1|1||Infernal cannon|Rapid Fire 1|24|Ranged|3|3|5|-1|2
2624|Daemon Prince of Khorne|2|1||Hellforged weapons - strike||Melee|Melee|8|2|8|-2|3
2624|Daemon Prince of Khorne|3|2||Hellforged weapons - sweep||Melee|Melee|16|2|6|-1|1
2757|Daemon Prince of Khorne with wings|1|1||Infernal cannon|Rapid Fire 1|24|Ranged|3|3|5|-1|2
2757|Daemon Prince of Khorne with wings|2|1||Hellforged weapons - strike||Melee|Melee|8|2|8|-2|3
2757|Daemon Prince of Khorne with wings|3|2||Hellforged weapons - sweep||Melee|Melee|16|2|6|-1|1
4207|Defiler|1|1||Ectoplasma destructor|Blast, Rapid Fire 2|36|Ranged|D6|4|12|-3|3
4207|Defiler|2|1||Excruciator cannon|Rapid Fire 3|36|Ranged|6|4|6|-1|2
4207|Defiler|3|1||Hades battle cannon|Blast, Rapid Fire 3|48|Ranged|D6+3|4|10|-1|3
4207|Defiler|4|1||Hades lascannon|Rapid Fire 1|48|Ranged|2|4|12|-3|D6+1
4207|Defiler|5|1||Heavy baleflamer|Ignores Cover, Torrent|12|Ranged|D6+3|-|7|-2|2
4207|Defiler|6|1||Heavy missile launcher - frag|Blast, Rapid Fire 3|48|Ranged|2D6|4|5|-1|1
4207|Defiler|7|2||Heavy missile launcher - krak|Rapid Fire 1|48|Ranged|2|4|10|-2|D6+1
4207|Defiler|8|1||Heavy reaper autocannon|Devastating Wounds, Rapid Fire 2, Sustained Hits 1|48|Ranged|4|4|9|-1|3
4207|Defiler|9|1||Magma cutter|Melta 2, Rapid Fire 1|12|Ranged|2|4|9|-4|D6
4207|Defiler|10|1||Electroscourge|Extra Attacks, Sustained Hits 2|Melee|Melee|7|3|12|-2|2
4207|Defiler|11|1||Shearing claws - strike||Melee|Melee|6|3|16|-3|D6+1
4207|Defiler|12|2||Shearing claws - sweep||Melee|Melee|12|3|6|-2|1
3625|Deredeo Dreadnought|1|1||Aiolos missile launcher|Blast|48|Ranged|D6+3|3|5|0|1
3625|Deredeo Dreadnought|2|1||Anvilus autocannon battery|Twin-linked|48|Ranged|4|3|9|-1|3
3625|Deredeo Dreadnought|3|1||Arachnus heavy lascannon battery||48|Ranged|2|3|12|-3|D6+1
3625|Deredeo Dreadnought|4|1||Boreas air defence missiles|Anti-FLY 2+|48|Ranged|1|3|12|-3|D6+1
3625|Deredeo Dreadnought|5|1||Hellfire plasma carronade - standard||36|Ranged|6|3|7|-2|2
3625|Deredeo Dreadnought|6|2||Hellfire plasma carronade - supercharge|Hazardous|36|Ranged|6|3|8|-3|3
3625|Deredeo Dreadnought|7|1||Twin heavy bolter|Sustained Hits 1, Twin-linked|36|Ranged|3|3|5|-1|2
3625|Deredeo Dreadnought|8|1||Twin heavy flamer|Ignores Cover, Torrent, Twin-linked|12|Ranged|D6|-|5|-1|1
3625|Deredeo Dreadnought|9|1||Volkite falconet battery|Devastating Wounds|30|Ranged|6|3|9|0|2
3625|Deredeo Dreadnought|10|1||Armoured feet||Melee|Melee|6|3|6|0|1
260170|Eight-blessed Lord|1|1||Bladed horn|Extra Attacks, Lance|Melee|Melee|4|3|6|-1|2
2630|Eightbound|1|1||Chainblades||Melee|Melee|5|3|8|-2|2
2631|Exalted Eightbound|1|1||Chainblades|Anti-MONSTER 3+, Anti-VEHICLE 3+|Melee|Melee|4|3|8|-3|2
3689|Falchion|1|1||Heavy bolter|Sustained Hits 1|36|Ranged|3|3|5|-1|2
3689|Falchion|2|1||Heavy flamer|Ignores Cover, Torrent|12|Ranged|D6|-|5|-1|1
3689|Falchion|3|1||Laser destroyer|Heavy|36|Ranged|3|3|14|-4|D6+1
3689|Falchion|4|1||Multi-melta|Melta 2|18|Ranged|2|3|9|-4|D6
3689|Falchion|5|1||Quad lascannon||48|Ranged|4|3|12|-3|D6+1
3689|Falchion|6|1||Storm bolter|Rapid Fire 2|24|Ranged|2|3|4|0|1
3689|Falchion|7|1||Twin Falchion volcano cannon|Blast, Twin-linked|120|Ranged|D3+1|3|24|-5|12
3689|Falchion|8|1||Twin heavy bolter|Sustained Hits 1, Twin-linked|36|Ranged|3|3|5|-1|2
3689|Falchion|9|1||Twin heavy flamer|Ignores Cover, Torrent, Twin-linked|12|Ranged|D6|-|5|-1|1
3689|Falchion|10|1||Armoured tracks||Melee|Melee|6|4|8|0|1
3653|Fellblade|1|1||Combi-weapon|Anti-INFANTRY 3+, Devastating Wounds, Rapid Fire 1|24|Ranged|1|3|4|0|1
3653|Fellblade|2|1||Demolisher cannon|Blast|24|Ranged|D6+3|3|14|-3|D6
3653|Fellblade|3|1||Fellblade accelerator cannon - AP shells||72|Ranged|2|3|14|-3|6
3653|Fellblade|4|2||Fellblade accelerator cannon - HE shells|Blast|72|Ranged|2D6|3|8|-1|2
3653|Fellblade|5|1||Havoc launcher|Blast|48|Ranged|D6|3|5|0|1
3653|Fellblade|6|1||Heavy bolter|Sustained Hits 1|36|Ranged|3|3|5|-1|2
3653|Fellblade|7|1||Heavy flamer|Ignores Cover, Torrent|12|Ranged|D6|-|5|-1|1
3653|Fellblade|8|1||Laser destroyer|Heavy|36|Ranged|3|3|14|-4|D6+1
3653|Fellblade|9|1||Multi-melta|Melta 2|18|Ranged|2|3|9|-4|D6
3653|Fellblade|10|1||Quad heavy bolter|Sustained Hits 1, Twin-linked|36|Ranged|6|3|5|-1|2
3653|Fellblade|11|1||Quad lascannon||48|Ranged|4|3|12|-3|D6+1
3653|Fellblade|12|1||Storm bolter|Rapid Fire 2|24|Ranged|2|3|4|0|1
3653|Fellblade|13|1||Twin heavy bolter|Sustained Hits 1, Twin-linked|36|Ranged|3|3|5|-1|2
3653|Fellblade|14|1||Twin heavy flamer|Ignores Cover, Torrent, Twin-linked|12|Ranged|D6|-|5|-1|1
3653|Fellblade|15|1||Armoured tracks||Melee|Melee|6|4|8|0|1
3617|Fire Raptor Gunship|1|1||Quad heavy bolter|Twin-linked, Sustained Hits 1|36|Ranged|6|3|5|-1|2
3617|Fire Raptor Gunship|2|1||Twin autocannon|Twin-linked|48|Ranged|2|3|9|-1|3
3617|Fire Raptor Gunship|3|1||Twin avenger bolt cannon|Twin-linked|36|Ranged|10|3|6|-1|2
3617|Fire Raptor Gunship|4|1||Twin hellstrike launcher|Anti-Fly 2+, Twin-linked|72|Ranged|2|3|10|-3|D6
3617|Fire Raptor Gunship|5|1||Twin lascannon|Twin-linked|48|Ranged|1|3|12|-3|D6+1
3617|Fire Raptor Gunship|6|1||Armoured hull||Melee|Melee|6|4|8|0|1
4108|Flesh Hounds|1|1||Burning roar|Ignores Cover, Torrent|12|Ranged|D6|-|4|0|1
4108|Flesh Hounds|2|1||Gore-drenched fangs||Melee|Melee|3|3|5|-1|1
2638|Forgefiend|1|1||Ectoplasma cannon|Blast, Rapid Fire 1|36|Ranged|D3|4|10|-3|3
2638|Forgefiend|2|1||Hades autocannon|Rapid Fire 4|36|Ranged|6|4|8|-1|2
2638|Forgefiend|3|1||Forgefiend claws||Melee|Melee|6|3|6|0|1
2638|Forgefiend|4|1||Forgefiend jaws||Melee|Melee|8|3|7|-1|2
4076|Goremongers|1|1||Autopistol|Pistol|12|Ranged|1|4|3|0|1
4076|Goremongers|2|1||Blood harpoon|Assault, Sustained Hits D3|18|Ranged|1|4|5|-1|2
4076|Goremongers|3|1||Chainblade|Lance|Melee|Melee|3|4|3|0|1
4076|Goremongers|4|1||Close combat weapon||Melee|Melee|2|4|3|0|1
3589|Greater Brass Scorpion|1|1||Demolisher cannon|Blast|24|Ranged|D6+3|3|14|-3|D6
3589|Greater Brass Scorpion|2|1||Hellmaw flame cannons|Ignores Cover, Torrent|12|Ranged|2D6|-|8|-1|1
3589|Greater Brass Scorpion|3|1||Scorpion cannon|Sustained Hits 1|36|Ranged|15|3|5|-1|2
3589|Greater Brass Scorpion|4|1||Hellcrusher claws - strike||Melee|Melee|6|3|14|-3|6
3589|Greater Brass Scorpion|5|2||Hellcrusher claws - sweep||Melee|Melee|18|3|8|-2|2
2632|Helbrute|1|1||Combi-bolter|Rapid Fire 4|24|Ranged|2|4|5|-1|1
2632|Helbrute|2|1||Heavy flamer|Ignores Cover, Torrent|12|Ranged|D6|-|5|-1|1
2632|Helbrute|3|1||Missile launcher - frag|Blast, Rapid Fire 3|48|Ranged|D6|4|4|0|1
2632|Helbrute|4|2||Missile launcher - krak|Rapid Fire 1|48|Ranged|1|4|9|-2|D6
2632|Helbrute|5|1||Multi-melta|Melta 2, Rapid Fire 1|18|Ranged|2|4|9|-4|D6
2632|Helbrute|6|1||Plasma cannon|Blast, Hazardous, Rapid Fire D3|36|Ranged|D3|4|8|-3|3
2632|Helbrute|7|1||Twin autocannon|Rapid Fire 2, Twin-linked|48|Ranged|2|4|9|-1|3
2632|Helbrute|8|1||Twin heavy bolter|Rapid Fire 2, Sustained Hits 1, Twin-linked|36|Ranged|3|4|5|-1|2
2632|Helbrute|9|1||Twin lascannon|Rapid Fire 1, Twin-linked|48|Ranged|1|4|12|-3|D6+1
2632|Helbrute|10|1||Close combat weapon||Melee|Melee|6|3|6|0|1
2632|Helbrute|11|1||Helbrute fist||Melee|Melee|6|3|12|-2|3
2632|Helbrute|12|1||Helbrute hammer||Melee|Melee|6|4|14|-3|D6+1
2632|Helbrute|13|1||Power scourge||Melee|Melee|10|3|7|-1|2
2641|Heldrake|1|1||Baleflamer|Ignores Cover, Torrent|12|Ranged|D6+3|-|6|-1|2
2641|Heldrake|2|1||Hades autocannon|Rapid Fire 4|36|Ranged|6|4|8|-1|2
2641|Heldrake|3|1||Heldrake claws|Anti-FLY 2+, Devastating Wounds|Melee|Melee|6|3|7|-1|2
3602|Hell Talon|1|1||Autocannon||48|Ranged|2|3|9|-1|3
3602|Hell Talon|2|1||Havoc launcher|Blast|48|Ranged|D6|4|5|0|1
3602|Hell Talon|3|1||Twin lascannon|Rapid Fire 1, Twin-linked|48|Ranged|1|4|12|-3|D6+1
3602|Hell Talon|4|1||Armoured hull||Melee|Melee|6|4|6|0|1
3601|Hellblade|1|1||Armoured hull||Melee|Melee|3|4|6|0|1
2628|Jakhal|1|1||Autopistol|Pistol|12|Ranged|1|4|3|0|1
2628|Jakhal|2|1||Chainblades||Melee|Melee|3|4|3|0|1
2628|Jakhal|3|1||Mauler chainblade||Melee|Melee|3|5|4|-1|2
2628|Jakhal|4|1||Paired manglers||Melee|Melee|4|4|4|0|1
2628|Jakhal|5|1||Skullsmasher and mangler||Melee|Melee|2|4|4|-1|2
2622|Khârn the Betrayer|1|1||Plasma pistol - standard|Pistol|12|Ranged|1|3|7|-2|1
2622|Khârn the Betrayer|2|2||Plasma pistol - supercharge|Hazardous, Pistol|12|Ranged|1|3|8|-3|2
2622|Khârn the Betrayer|3|1||Gorechild||Melee|Melee|8|2|7|-2|3
2627|Khorne Berzerker|1|1||Bolt pistol|Pistol|12|Ranged|1|4|5|-1|1
2627|Khorne Berzerker|2|1||Plasma pistol - standard|Pistol|12|Ranged|1|4|7|-2|1
2627|Khorne Berzerker|3|2||Plasma pistol - supercharge|Hazardous, Pistol|12|Ranged|1|4|8|-3|2
2627|Khorne Berzerker|4|1||Chainblade||Melee|Melee|4|3|5|-1|1
2627|Khorne Berzerker|5|1||Khornate eviscerator||Melee|Melee|3|3|8|-2|2
2642|Khorne Lord of Skulls|1|1||Daemongore cannon|Blast, Rapid Fire 3|18|Ranged|D6|4|14|-4|D6+2
2642|Khorne Lord of Skulls|2|1||Gorestorm cannon|Blast, Rapid Fire 3|24|Ranged|D6+3|4|10|-2|3
2642|Khorne Lord of Skulls|3|1||Hades gatling cannon|Rapid Fire 6, Sustained Hits 1|48|Ranged|12|4|8|-2|2
2642|Khorne Lord of Skulls|4|1||Ichor cannon|Blast, Rapid Fire 4|48|Ranged|2D6|4|7|-2|2
2642|Khorne Lord of Skulls|5|1||Skullhurler|Rapid Fire 3|60|Ranged|2D6|4|14|-3|3
2642|Khorne Lord of Skulls|6|1||Great cleaver of Khorne - strike||Melee|Melee|6|3|16|-4|8
2642|Khorne Lord of Skulls|7|2||Great cleaver of Khorne - sweep||Melee|Melee|18|3|8|-2|2
3633|Kratos|1|1||Autocannon||48|Ranged|2|3|9|-1|3
3633|Kratos|2|1||Combi-weapon|Anti-INFANTRY 3+, Devastating Wounds, Rapid Fire 1|24|Ranged|1|3|4|0|1
3633|Kratos|3|1||Havoc launcher|Blast|48|Ranged|D6|3|5|0|1
3633|Kratos|4|1||Heavy bolter|Sustained Hits 1|36|Ranged|3|3|5|-1|2
3633|Kratos|5|1||Heavy flamer|Ignores Cover, Torrent|12|Ranged|D6|-|5|-1|1
3633|Kratos|6|1||Hunter-killer missile|One Shot|48|Ranged|1|2|14|-3|D6
3633|Kratos|7|1||Kratos battlecannon - AP|Heavy|36|Ranged|1|3|18|-4|D6+3
3633|Kratos|8|2||Kratos battlecannon - HE|Blast|36|Ranged|D6+3|3|10|-1|3
3633|Kratos|9|1||Lascannon||48|Ranged|1|3|12|-3|D6+1
3633|Kratos|10|1||Melta blast-gun|Melta 2|24|Ranged|4|3|12|-4|D6
3633|Kratos|11|1||Multi-melta|Melta 2|18|Ranged|2|3|9|-4|D6
3633|Kratos|12|1||Twin boltgun|Twin-linked|24|Ranged|2|3|4|0|1
3633|Kratos|13|1||Volkite caliver|Devastating Wounds|24|Ranged|2|3|5|0|2
3633|Kratos|14|1||Volkite cardanelle|Devastating Wounds|36|Ranged|9|3|9|0|3
3633|Kratos|15|1||Volkite culverin|Devastating Wounds|36|Ranged|4|3|6|0|2
3633|Kratos|16|1||Armoured tracks||Melee|Melee|6|4|8|0|1
3590|Kytan Ravager|1|1||Kytan gatling cannon||36|Ranged|18|3|6|-2|2
3590|Kytan Ravager|2|1||Kytan cleaver - strike||Melee|Melee|4|3|14|-4|6
3590|Kytan Ravager|3|2||Kytan cleaver - sweep||Melee|Melee|12|3|9|-3|2
3609|Land Raider Achilles|1|1||Heavy bolter|Sustained Hits 1|36|Ranged|3|3|5|-1|2
3609|Land Raider Achilles|2|1||Hunter-killer missile|One Shot|48|Ranged|1|2|14|-3|D6
3609|Land Raider Achilles|3|1||Multi-melta|Melta 2|18|Ranged|2|3|9|-4|D6
3609|Land Raider Achilles|4|1||Quad launcher - shatter shells||24|Ranged|4|3|9|-2|3
3609|Land Raider Achilles|5|2||Quad launcher - thunderfire shells|Blast, Indirect Fire|60|Ranged|D6+4|3|5|0|1
3609|Land Raider Achilles|6|1||Storm bolter|Rapid Fire 2|24|Ranged|2|3|4|0|1
3609|Land Raider Achilles|7|1||Twin heavy bolter|Sustained Hits 1, Twin-linked|36|Ranged|3|3|5|-1|2
3609|Land Raider Achilles|8|1||Twin heavy flamer|Ignores Cover, Torrent, Twin-linked|12|Ranged|D6|-|5|-1|1
3609|Land Raider Achilles|9|1||Twin multi-melta|Melta 2, Twin-linked|18|Ranged|2|3|9|-4|D6
3609|Land Raider Achilles|10|1||Twin volkite culverin|Devastating Wounds, Twin-linked|36|Ranged|4|3|6|0|2
3609|Land Raider Achilles|11|1||Armoured tracks||Melee|Melee|6|4|8|0|1
3613|Land Raider Proteus|1|1||Heavy bolter|Sustained Hits 1|36|Ranged|3|3|5|-1|2
3613|Land Raider Proteus|2|1||Hunter-killer missile|One Shot|48|Ranged|1|2|14|-3|D6
3613|Land Raider Proteus|3|1||Multi-melta|Melta 2|18|Ranged|2|3|9|-4|D6
3613|Land Raider Proteus|4|1||Storm bolter|Rapid Fire 2|24|Ranged|2|3|4|0|1
3613|Land Raider Proteus|5|1||Twin heavy bolter|Sustained Hits 1, Twin-linked|36|Ranged|3|3|5|-1|2
3613|Land Raider Proteus|6|1||Twin heavy flamer|Ignores Cover, Torrent, Twin-linked|12|Ranged|D6|-|5|-1|1
3613|Land Raider Proteus|7|1||Twin lascannon|Twin-linked|48|Ranged|1|3|12|-3|D6+1
3613|Land Raider Proteus|8|1||Armoured tracks||Melee|Melee|6|4|8|0|1
3649|Leviathan Dreadnought|1|1||Cyclonic melta-lance|Melta 2|18|Ranged|D6|3|9|-4|D6
3649|Leviathan Dreadnought|2|1||Grav-flux bombard|Anti-Vehicle 2+, Blast|24|Ranged|2D3|3|8|-1|2
3649|Leviathan Dreadnought|3|1||Heavy flamer|Ignores Cover, Torrent|12|Ranged|D6|-|5|-1|1
3649|Leviathan Dreadnought|4|1||Hunter-killer missile|One Shot|48|Ranged|1|2|14|-3|D6
3649|Leviathan Dreadnought|5|1||Meltagun|Melta 2|12|Ranged|1|3|9|-4|D6
3649|Leviathan Dreadnought|6|1||Storm cannon|Twin-linked|36|Ranged|4|3|9|-1|3
3649|Leviathan Dreadnought|7|1||Twin volkite caliver|Devastating Wounds, Twin-linked|24|Ranged|2|3|5|0|2
3649|Leviathan Dreadnought|8|1||Armoured feet||Melee|Melee|6|3|6|0|1
3649|Leviathan Dreadnought|9|1||Leviathan siege claw||Melee|Melee|5|3|12|-2|3
3649|Leviathan Dreadnought|10|1||Leviathan siege drill|Anti-VEHICLE 3+|Melee|Melee|4|3|12|-2|3
2623|Lord Invocatus|1|1||Bolt pistol|Pistol|12|Ranged|1|2|5|-1|1
2623|Lord Invocatus|2|1||Bladed horn|Extra Attacks, Lance|Melee|Melee|4|3|6|-1|2
2623|Lord Invocatus|3|1||Coward's Bane|Devastating Wounds|Melee|Melee|7|2|6|-2|2
2625|Lord on Juggernaut|1|1||Plasma pistol - standard|Pistol|12|Ranged|1|3|7|-2|1
2625|Lord on Juggernaut|2|2||Plasma pistol - supercharge|Hazardous, Pistol|12|Ranged|1|3|8|-3|2
2625|Lord on Juggernaut|3|1||Bladed horn|Extra Attacks, Lance|Melee|Melee|4|3|6|-1|2
2625|Lord on Juggernaut|4|1||Exalted chainblade||Melee|Melee|7|2|6|-1|2
2626|Master of Executions|1|1||Bolt pistol|Pistol|12|Ranged|1|3|5|-1|1
2626|Master of Executions|2|1||Axe of dismemberment|Devastating Wounds, Precision|Melee|Melee|5|2|7|-2|2
3645|Mastodon|1|1||Heavy bolter|Sustained Hits 1|36|Ranged|3|3|5|-1|2
3645|Mastodon|2|1||Heavy flamer|Ignores Cover, Torrent|12|Ranged|D6|-|5|-1|1
3645|Mastodon|3|1||Lascannon||48|Ranged|1|3|12|-3|D6+1
3645|Mastodon|4|1||Siege melta array|Melta 2|24|Ranged|6|3|9|-4|D6
3645|Mastodon|5|1||Skyreaper battery|Anti-FLY 4+|48|Ranged|8|3|7|-1|2
3645|Mastodon|6|1||Volkite culverin|Devastating Wounds|36|Ranged|4|3|6|0|2
3645|Mastodon|7|1||Armoured tracks||Melee|Melee|6|4|8|0|1
2639|Maulerfiend|1|1||Magma cutter|Melta 2, Rapid Fire 1|6|Ranged|2|4|9|-4|D6
2639|Maulerfiend|2|1||Lasher tendrils|Extra Attacks|Melee|Melee|6|3|7|-1|1
2639|Maulerfiend|3|1||Maulerfiend fists||Melee|Melee|8|3|14|-2|D6+1
3669|Rapier Carrier|1|1||Boltgun||24|Ranged|2|3|4|0|1
3669|Rapier Carrier|2|1||Graviton cannon|Anti-Vehicle 2+, Blast, Heavy|36|Ranged|D6|3|6|-2|2
3669|Rapier Carrier|3|1||Laser destroyer|Heavy|36|Ranged|3|3|14|-4|D6+1
3669|Rapier Carrier|4|1||Quad heavy bolter|Heavy, Twin-linked, Sustained Hits 1|36|Ranged|6|3|5|-1|2
3669|Rapier Carrier|5|1||Quad launcher - shatter shells|Heavy|24|Ranged|4|3|9|-2|3
3669|Rapier Carrier|6|2||Quad launcher - thunderfire shells|Blast, Heavy, Indirect Fire|60|Ranged|D6+4|3|5|0|1
3669|Rapier Carrier|7|1||Close combat weapon||Melee|Melee|2|3|4|0|1
3657|Relic Contemptor Dreadnought|1|1||Combi-bolter|Rapid Fire 2|24|Ranged|2|3|4|0|1
3657|Relic Contemptor Dreadnought|2|1||Conversion beam cannon|Conversion, Sustained Hits D3|24|Ranged|1|3|7|-1|3
3657|Relic Contemptor Dreadnought|3|1||Cyclone missile launcher - frag|Blast|36|Ranged|2D6|3|4|0|1
3657|Relic Contemptor Dreadnought|4|2||Cyclone missile launcher - krak||36|Ranged|2|3|9|-2|D6
3657|Relic Contemptor Dreadnought|5|1||Graviton blaster|Anti-Vehicle 2+|18|Ranged|2|3|5|-1|1
3657|Relic Contemptor Dreadnought|6|1||Heavy flamer|Ignores Cover, Torrent|12|Ranged|D6|-|5|-1|1
3657|Relic Contemptor Dreadnought|7|1||Heavy plasma cannon - standard|Blast|36|Ranged|D3|3|7|-2|2
3657|Relic Contemptor Dreadnought|8|2||Heavy plasma cannon - supercharge|Blast, Hazardous|36|Ranged|D3|3|8|-3|3
3657|Relic Contemptor Dreadnought|9|1||Kheres assault cannon|Devastating Wounds|24|Ranged|6|3|7|-1|1
3657|Relic Contemptor Dreadnought|10|1||Multi-melta|Melta 2|18|Ranged|2|3|9|-4|D6
3657|Relic Contemptor Dreadnought|11|1||Plasma blaster - standard||18|Ranged|2|3|7|-2|1
3657|Relic Contemptor Dreadnought|12|2||Plasma blaster - supercharge|Hazardous|18|Ranged|2|3|8|-3|2
3657|Relic Contemptor Dreadnought|13|1||Twin autocannon|Twin-linked|48|Ranged|2|3|9|-1|3
3657|Relic Contemptor Dreadnought|14|1||Twin heavy bolter|Sustained Hits 1, Twin-linked|36|Ranged|3|3|5|-1|2
3657|Relic Contemptor Dreadnought|15|1||Twin lascannon|Twin-linked|48|Ranged|1|3|12|-3|D6+1
3657|Relic Contemptor Dreadnought|16|1||Twin volkite culverin|Devastating Wounds, Twin-linked|36|Ranged|4|3|6|0|2
3657|Relic Contemptor Dreadnought|17|1||Armoured feet||Melee|Melee|6|3|6|0|1
3657|Relic Contemptor Dreadnought|18|1||Dreadnought chainfist|Anti-VEHICLE 3+|Melee|Melee|4|3|12|-2|3
3657|Relic Contemptor Dreadnought|19|1||Dreadnought combat weapon||Melee|Melee|5|3|12|-2|3
3641|Sicaran Battle Tank|1|1||Heavy bolter|Sustained Hits 1|36|Ranged|3|3|5|-1|2
3641|Sicaran Battle Tank|2|1||Herakles-pattern autocannon|Rapid Fire 2|48|Ranged|6|3|9|-1|3
3641|Sicaran Battle Tank|3|1||Hunter-killer missile|One Shot|48|Ranged|1|2|14|-3|D6
3641|Sicaran Battle Tank|4|1||Lascannon||48|Ranged|1|3|12|-3|D6+1
3641|Sicaran Battle Tank|5|1||Storm bolter|Rapid Fire 2|24|Ranged|2|3|4|0|1
3641|Sicaran Battle Tank|6|1||Armoured tracks||Melee|Melee|6|4|8|0|1
3685|Sicaran Punisher|1|1||Heavy bolter|Sustained Hits 1|36|Ranged|3|3|5|-1|2
3685|Sicaran Punisher|2|1||Hunter-killer missile|One Shot|48|Ranged|1|2|14|-3|D6
3685|Sicaran Punisher|3|1||Lascannon||48|Ranged|1|3|12|-3|D6+1
3685|Sicaran Punisher|4|1||Punisher rotary cannon|Devastating Wounds|36|Ranged|18|4|6|0|1
3685|Sicaran Punisher|5|1||Storm bolter|Rapid Fire 2|24|Ranged|2|3|4|0|1
3685|Sicaran Punisher|6|1||Armoured tracks||Melee|Melee|6|4|8|0|1
3677|Sicaran Venator|1|1||Heavy bolter|Sustained Hits 1|36|Ranged|3|3|5|-1|2
3677|Sicaran Venator|2|1||Hunter-killer missile|One Shot|48|Ranged|1|2|14|-3|D6
3677|Sicaran Venator|3|1||Lascannon||48|Ranged|1|3|12|-3|D6+1
3677|Sicaran Venator|4|1||Storm bolter|Rapid Fire 2|24|Ranged|2|3|4|0|1
3677|Sicaran Venator|5|1||Venator neutron laser|Heavy|48|Ranged|3|3|16|-4|D3+3
3677|Sicaran Venator|6|1||Armoured tracks||Melee|Melee|6|4|8|0|1
4104|Skarbrand|1|1||Bellow of endless fury|Ignores Cover, Torrent|12|Ranged|2D6|-|8|-1|1
4104|Skarbrand|2|1||Slaughter and Carnage - strike||Melee|Melee|8|2|16|-4|6
4104|Skarbrand|3|2||Slaughter and Carnage - sweep||Melee|Melee|16|2|8|-2|2
4103|Slaughterbound|1|1||Lacerator and daemonic claw||Melee|Melee|6|2|10|-2|2
3637|Sokar-pattern Stormbird|1|1||Hellstrike missile battery|Anti-Fly 3+|48|Ranged|4|3|10|-3|D6
3637|Sokar-pattern Stormbird|2|1||Twin heavy bolter|Sustained Hits 1, Twin-linked|36|Ranged|3|3|5|-1|2
3637|Sokar-pattern Stormbird|3|1||Twin lascannon|Twin-linked|48|Ranged|1|3|12|-3|D6+1
3637|Sokar-pattern Stormbird|4|1||Armoured hull||Melee|Melee|9|4|9|0|1
3621|Spartan|1|1||Heavy bolter|Sustained Hits 1|36|Ranged|3|3|5|-1|2
3621|Spartan|2|1||Heavy flamer|Ignores Cover, Torrent|12|Ranged|D6|-|5|-1|1
3621|Spartan|3|1||Laser destroyer|Heavy|36|Ranged|3|3|14|-4|D6+1
3621|Spartan|4|1||Multi-melta|Melta 2|18|Ranged|2|3|9|-4|D6
3621|Spartan|5|1||Quad lascannon||48|Ranged|4|3|12|-3|D6+1
3621|Spartan|6|1||Storm bolter|Rapid Fire 2|24|Ranged|2|3|4|0|1
3621|Spartan|7|1||Twin heavy bolter|Sustained Hits 1, Twin-linked|36|Ranged|3|3|5|-1|2
3621|Spartan|8|1||Twin heavy flamer|Ignores Cover, Torrent, Twin-linked|12|Ranged|D6|-|5|-1|1
3621|Spartan|9|1||Armoured tracks||Melee|Melee|6|4|8|0|1
3673|Storm Eagle Gunship|1|1||Twin heavy bolter|Sustained Hits 1, Twin-linked|36|Ranged|3|3|5|-1|2
3673|Storm Eagle Gunship|2|1||Twin hellstrike launcher|Anti-Fly 2+, Twin-linked|72|Ranged|2|3|10|-3|D6
3673|Storm Eagle Gunship|3|1||Twin lascannon|Twin-linked|48|Ranged|1|3|12|-3|D6+1
3673|Storm Eagle Gunship|4|1||Twin multi-melta|Melta 2, Twin-linked|18|Ranged|2|3|9|-4|D6
3673|Storm Eagle Gunship|5|1||Typhoon missile launcher - frag|Blast|48|Ranged|2D6|3|4|0|1
3673|Storm Eagle Gunship|6|2||Typhoon missile launcher - krak||48|Ranged|2|3|9|-2|D6
3673|Storm Eagle Gunship|7|1||Vengeance launcher|Blast|48|Ranged|2D6|3|6|0|1
3673|Storm Eagle Gunship|8|1||Armoured hull||Melee|Melee|6|4|8|0|1
3605|Terrax-pattern Termite|1|1||Terrax melta cutter|Melta 2|12|Ranged|5|3|9|-4|D6
3605|Terrax-pattern Termite|2|1||Termite drill|Anti-VEHICLE 3+|Melee|Melee|6|4|14|-2|D3+3
3681|Typhon|1|1||Dreadhammer siege cannon|Blast|24|Ranged|D6+6|3|14|-3|D6
3681|Typhon|2|1||Heavy bolter|Sustained Hits 1|36|Ranged|3|3|5|-1|2
3681|Typhon|3|1||Heavy flamer|Ignores Cover, Torrent|12|Ranged|D6|-|5|-1|1
3681|Typhon|4|1||Lascannon||48|Ranged|1|3|12|-3|D6+1
3681|Typhon|5|1||Multi-melta|Melta 2|18|Ranged|2|3|9|-4|D6
3681|Typhon|6|1||Storm bolter|Rapid Fire 2|24|Ranged|2|3|4|0|1
3681|Typhon|7|1||Armoured tracks||Melee|Melee|6|4|8|0|1
3661|Whirlwind Scorpius|1|1||Hunter-killer missile|One Shot|48|Ranged|1|2|14|-3|D6
3661|Whirlwind Scorpius|2|1||Scorpius multi-launcher|Blast, Indirect Fire|48|Ranged|2D3+3|3|6|-1|2
3661|Whirlwind Scorpius|3|1||Storm bolter|Rapid Fire 2|24|Ranged|2|3|4|0|1
3661|Whirlwind Scorpius|4|1||Armoured tracks||Melee|Melee|3|4|6|0|1
3665|Xiphon Interceptor|1|1||Twin lascannon|Twin-linked|48|Ranged|1|3|12|-3|D6+1
3665|Xiphon Interceptor|2|1||Xiphon missile battery|Anti-FLY 2+|60|Ranged|3|3|7|-1|3
3665|Xiphon Interceptor|3|1||Armoured hull||Melee|Melee|3|4|6|0|1
