datasheet_id|line|name|MOV|RES|TS|TS+|Note|W|Ld|OC|base_size|fac|faction
2480|1|Aestred Thurga|"6"""|3|2+|4||4|6+|1|32mm|AS|Adepta Sororitas
2480|2|Agathae Dolan|"6"""|3|6+|4||3|7+|1|25mm|AS|Adepta Sororitas
896|1|Arco-Flagellants|"7"""|3|7+|6||2|8+|1|25mm|AS|Adepta Sororitas
2068|1|Battle Sanctum|-|11|3+|-||20|7+|0||AS|Adepta Sororitas
903|1|Battle Sister|"6"""|3|3+|6||1|7+|2|32mm|AS|Adepta Sororitas
3714|1|Canoness|"6"""|3|3+|4||4|7+|1|32mm|AS|Adepta Sororitas
189375|1|Canoness with Jump Pack|"12"""|3|3+|4||3|7+|1||AS|Adepta Sororitas
2484|1|Castigator|"10"""|10|3+|6||11|7+|3||AS|Adepta Sororitas
4189|1|Celestian Insidiants|"6"""|3|3+|5||1|7+|1|32mm|AS|Adepta Sororitas
4189|2|Celestian Insidiant Superior|"6"""|3|3+|5||1|7+|1||AS|Adepta Sororitas
3811|1|Celestian Sacresant Aveline|"6"""|3|3+|4||4|7+|1|50mm|AS|Adepta Sororitas
2481|1|Celestian Sacresant|"6"""|3|3+|4||1|7+|1|32mm|AS|Adepta Sororitas
894|1|Crusader|"6"""|3|3+|4||2|7+|1|25mm|AS|Adepta Sororitas
2771|1|Ephrael Stern|"8"""|3|3+|4||5|7+|1|32mm|AS|Adepta Sororitas
2771|2|Kyganil of the Bloody Tears|"8"""|3|6+|4||3|7+|1|32mm|AS|Adepta Sororitas
895|1|Death Cult Assassin|"7"""|3|5+|5||1|7+|1|25mm|AS|Adepta Sororitas
902|1|Dialogus|"6"""|3|3+|4||3|6+|1|40mm|AS|Adepta Sororitas
2482|1|Dogmata|"6"""|3|3+|6||3|6+|1|32mm|AS|Adepta Sororitas
909|1|Dominion Superior|"6"""|3|3+|6||1|7+|1|32mm|AS|Adepta Sororitas
909|2|Dominion|"6"""|3|3+|6||1|7+|1|32mm|AS|Adepta Sororitas
912|1|Exorcist|"10"""|10|3+|6||11|7+|3||AS|Adepta Sororitas
901|1|Hospitaller|"6"""|3|3+|6||3|7+|1|50mm|AS|Adepta Sororitas
900|1|Imagifier|"6"""|3|3+|4||3|6+|1|32mm|AS|Adepta Sororitas
911|1|Immolator|"12"""|10|3+|6||11|7+|2||AS|Adepta Sororitas
311487|1|Inspiring Devotee|"6"""|3|3+|6||3|6+|1||AS|Adepta Sororitas
4215|1|Intranzia Fraye|"8"""|7|3+|4||8|6+|3|60mm|AS|Adepta Sororitas
2064|1|Junith Eruita|"8"""|5|2+|4||8|6+|2|50mm|AS|Adepta Sororitas
152741|1|Militant Commander|"6"""|3|3+|4||4|7+|1||AS|Adepta Sororitas
908795|1|Ministorum Priest|"6"""|3|6+|4||3|7+|1|32mm|AS|Adepta Sororitas
2067|1|Mortifier|"8"""|6|4+|6||5|7+|2|50mm|AS|Adepta Sororitas
2479|1|Morvenn Vahl|"8"""|7|2+|4||8|6+|3|60mm|AS|Adepta Sororitas
2472|1|Palatine|"6"""|3|3+|4||4|7+|1|32mm|AS|Adepta Sororitas
2483|1|Paragon Warsuit|"8"""|7|2+|4||4|7+|2|50mm|AS|Adepta Sororitas
2483|2|Paragon Superior|"8"""|7|2+|4||4|7+|2||AS|Adepta Sororitas
897|1|Penitent Engine|"8"""|6|4+|6||5|7+|2|50mm|AS|Adepta Sororitas
813497|1|Reliquant Knight|"8"""|7|2+|4||4|7+|2||AS|Adepta Sororitas
907|1|Sister Repentia|"7"""|3|7+|6||1|8+|1||AS|Adepta Sororitas
907|2|Repentia Superior|"7"""|3|3+|6||1|7+|1|32mm|AS|Adepta Sororitas
1199|1|Repressor|"12"""|10|3+|6||12|7+|2||AS|Adepta Sororitas
908|1|Retributor Superior|"6"""|3|3+|6||1|7+|1|32mm|AS|Adepta Sororitas
908|2|Retributor|"6"""|3|3+|6||1|7+|1|32mm|AS|Adepta Sororitas
898|1|Saint Celestine|"12"""|3|2+|4||5|6+|1||AS|Adepta Sororitas
898|2|Geminae Superia|"12"""|3|2+|4||2|7+|1|32mm|AS|Adepta Sororitas
4075|1|Sanctifiers|"6"""|3|6+|5||1|7+|1|25mm|AS|Adepta Sororitas
904|1|Seraphim|"12"""|3|3+|5||1|7+|1|32mm|AS|Adepta Sororitas
2507|1|Novitiate Superior|"6"""|3|3+|6||1|7+|2|32mm|AS|Adepta Sororitas
2507|2|Sister Novitiate|"6"""|3|4+|6||1|8+|2|28.5mm|AS|Adepta Sororitas
910|1|Sororitas Rhino|"12"""|9|3+|6||10|7+|2||AS|Adepta Sororitas
2063|1|Triumph of Saint Katherine|"6"""|3|3+|4||18|6+|6|120 x 92mm|AS|Adepta Sororitas
2066|1|Zephyrim|"12"""|3|3+|5||1|7+|1|32mm|AS|Adepta Sororitas
1560|1|Agamatus Custodians|"12"""|6|2+|4||4|6+|2|60mm|AC|Adeptus Custodes
2088|1|Aleya|"6"""|3|3+|5||4|6+|1|32mm|AC|Adeptus Custodes
1453|1|Allarus Custodian|"5"""|7|2+|4||4|6+|2|40mm|AC|Adeptus Custodes
2524|1|Anathema Psykana Rhino|"12"""|9|3+|-||10|6+|2||AC|Adeptus Custodes
1558|1|Aquilon Custodian|"5"""|7|2+|4||4|6+|2|50mm|AC|Adeptus Custodes
1680|1|Ares Gunship|-|12|2+|5||22|6+|-|160mm|AC|Adeptus Custodes
2518|1|Blade Champion|"6"""|6|2+|4||6|6+|2|40mm|AC|Adeptus Custodes
1460|1|Caladius Grav-tank|"10"""|11|2+|5||14|6+|4|170 x 109mm|AC|Adeptus Custodes
1458|1|Contemptor-Achillus Dreadnought|"6"""|9|2+|5||10|6+|3|60mm|AC|Adeptus Custodes
1557|1|Contemptor-Galatus Dreadnought|"6"""|9|2+|4||10|6+|3|60mm|AC|Adeptus Custodes
1461|1|Coronus Grav-carrier|"12"""|12|2+|5||16|6+|5||AC|Adeptus Custodes
882|1|Custodian Guard|"6"""|6|2+|4||3|6+|2|40mm|AC|Adeptus Custodes
882|2|Custodian Guard (Shield)|"6"""|6|2+|4||3|6+|2||AC|Adeptus Custodes
882|3|Custodian Guard (Vexilla)|"6"""|6|2+|4||3|6+|2||AC|Adeptus Custodes
1559|1|Custodian Guard|"6"""|6|2+|4||3|6+|2|40mm|AC|Adeptus Custodes
1450|1|Custodian Warden|"6"""|6|2+|4||3|6+|2|40mm|AC|Adeptus Custodes
352933|1|Guardian of the Throne|"6"""|6|2+|4||6|6+|2||AC|Adeptus Custodes
278884|1|Kataphraktoi Exemplar|"12"""|7|2+|4||8|6+|2||AC|Adeptus Custodes
2520|1|Knight-Centura|"6"""|3|3+|5||4|6+|1|32mm|AC|Adeptus Custodes
816917|1|Null Maiden|"6"""|3|3+|5||4|6+|1||AC|Adeptus Custodes
1564|1|Orion Assault Dropship|"14"""|12|2+|5||22|6+|0|160mm|AC|Adeptus Custodes
1562|1|Palas Grav-attack|"12"""|8|2+|5||9|6+|2|105 x 70mm|AC|Adeptus Custodes
2521|1|Prosecutor Sister Superior|"6"""|3|3+|-||1|6+|2|32mm|AC|Adeptus Custodes
2521|2|Prosecutor|"6"""|3|3+|-||1|6+|2|32mm|AC|Adeptus Custodes
1563|1|Sagittarum Custodian|"6"""|6|2+|4||3|6+|2|40mm|AC|Adeptus Custodes
1447|1|Shield-Captain|"6"""|6|2+|4||6|6+|2|40mm|AC|Adeptus Custodes
1448|1|Shield-Captain in Allarus Terminator Armour|"5"""|7|2+|4||7|6+|2|40mm|AC|Adeptus Custodes
1449|1|Shield-Captain on Dawneagle Jetbike|"12"""|7|2+|4||8|6+|2|75 x 42mm|AC|Adeptus Custodes
1479|1|Telemon Heavy Dreadnought|"8"""|10|2+|4||12|6+|4|100mm|AC|Adeptus Custodes
1446|1|Trajann Valoris|"6"""|6|2+|4||7|5+|2|40mm|AC|Adeptus Custodes
2519|1|Valerian|"6"""|6|2+|4||6|6+|2|40mm|AC|Adeptus Custodes
1561|1|Venatari Custodian|"10"""|6|2+|4||3|6+|2|40mm|AC|Adeptus Custodes
1561|2|Venatari Custodian (Tarsis Buckler)|"10"""|6|2+|4||4|6+|2||AC|Adeptus Custodes
883|1|Venerable Contemptor Dreadnought|"6"""|9|2+|5||10|6+|3|60mm|AC|Adeptus Custodes
884|1|Venerable Land Raider|"10"""|12|2+|-||16|6+|5||AC|Adeptus Custodes
1454|1|Vertus Praetors|"12"""|7|2+|4||5|6+|2|75 x 42mm|AC|Adeptus Custodes
2522|1|Vigilator Sister Superior|"6"""|3|3+|-||1|6+|1|32mm|AC|Adeptus Custodes
2522|2|Vigilator|"6"""|3|3+|-||1|6+|1|32mm|AC|Adeptus Custodes
2523|1|Witchseeker Sister Superior|"6"""|3|3+|-||1|6+|1|32mm|AC|Adeptus Custodes
2523|2|Witchseeker|"6"""|3|3+|-||1|6+|1|32mm|AC|Adeptus Custodes
2087|1|Archaeopter Fusilave|-|9|3+|-||10|7+|-|170 x 109mm|AdM|Adeptus Mechanicus
2086|1|Archaeopter Stratoraptor|-|9|3+|-||10|7+|-|170 x 109mm|AdM|Adeptus Mechanicus
2085|1|Archaeopter Transvector|"14"""|9|3+|-||10|7+|0|170 x 109mm|AdM|Adeptus Mechanicus
838|1|Belisarius Cawl|"8"""|8|2+|4||10|6+|3|105 x 70mm|AdM|Adeptus Mechanicus
818448|1|Cohort Commander|"6"""|3|4+|5||3|6+|1||AdM|Adeptus Mechanicus
844|1|Corpuscarii Electro-Priests|"6"""|3|7+|5||1|7+|1|32mm|AdM|Adeptus Mechanicus
846|1|Cybernetica Datasmith|"6"""|4|2+|5||3|7+|1|32mm|AdM|Adeptus Mechanicus
843|1|Fulgurite Electro-Priests|"6"""|3|7+|5||1|7+|1|32mm|AdM|Adeptus Mechanicus
4211|1|Hastarii Exterminator Alpha|"5"""|4|3+|5||2|7+|1|32mm|AdM|Adeptus Mechanicus
4211|2|Hastarii Exterminators|"5"""|4|3+|5||2|7+|1|32mm|AdM|Adeptus Mechanicus
4212|1|Hastarii Fusilier Alpha|"5"""|4|3+|5||2|7+|1|32mm|AdM|Adeptus Mechanicus
4212|2|Hastarii Fusilier|"5"""|4|3+|5||2|7+|1|32mm|AdM|Adeptus Mechanicus
657967|1|Ironstrider Alpha|"10"""|7|3+|5||7|7+|2||AdM|Adeptus Mechanicus
852|1|Ironstrider Ballistarii|"10"""|7|3+|5||7|7+|2|105 x 70mm|AdM|Adeptus Mechanicus
845|1|Kastelan Robot|"6"""|9|2+|5||7|7+|2|60mm|AdM|Adeptus Mechanicus
841|1|Kataphron Breachers|"5"""|7|3+|6||3|7+|1|60mm|AdM|Adeptus Mechanicus
842|1|Kataphron Destroyers|"5"""|6|3+|6||3|7+|1|60mm|AdM|Adeptus Mechanicus
281912|1|Magos|"6"""|4|2+|5||4|7+|1||AdM|Adeptus Mechanicus
854|1|Onager Dunecrawler|"8"""|10|2+|4||11|7+|3|130mm|AdM|Adeptus Mechanicus
2084|1|Pteraxii Skystalkers|"12"""|4|4+|5||2|7+|1|40mm|AdM|Adeptus Mechanicus
2084|2|Pteraxii Skystalker Alpha|"12"""|4|4+|-||2|7+|1||AdM|Adeptus Mechanicus
2083|1|Pteraxii Sterylizors|"12"""|4|4+|5||2|7+|1|40mm|AdM|Adeptus Mechanicus
2083|2|Pteraxii Skystalker Alpha|"12"""|4|4+|-||2|7+|1||AdM|Adeptus Mechanicus
1525|1|Secutarii Hoplites|"6"""|3|5+|4||1|7+|1|25mm|AdM|Adeptus Mechanicus
1526|1|Secutarii Peltasts|"6"""|3|5+|6||1|7+|1|25mm|AdM|Adeptus Mechanicus
2082|1|Serberys Raiders|"12"""|4|4+|5||2|7+|2|60 x 35.5mm|AdM|Adeptus Mechanicus
2081|1|Serberys Sulphurhounds|"12"""|4|4+|5||2|7+|2|60 x 35.5mm|AdM|Adeptus Mechanicus
4119|1|Combat Servitor|"6"""|4|4+|6||1|8+|1||AdM|Adeptus Mechanicus
4119|2|Servitor Underseer|"6"""|4|4+|-||2|7+|1|32mm|AdM|Adeptus Mechanicus
119177|1|Servitors|"6"""|3|4+|6||1|8+|0|25mm|AdM|Adeptus Mechanicus
850|1|Sicarian Infiltrators|"8"""|4|4+|5||2|7+|1|40mm|AdM|Adeptus Mechanicus
851|1|Sicarian Ruststalkers|"8"""|4|4+|5||2|7+|1|40mm|AdM|Adeptus Mechanicus
2478|1|Skitarii Marshal|"6"""|3|4+|5||3|6+|1|32mm|AdM|Adeptus Mechanicus
848|1|Skitarii Rangers|"6"""|3|4+|5||1|7+|2|25mm|AdM|Adeptus Mechanicus
849|1|Skitarii Vanguard|"6"""|3|4+|5||1|7+|2|25mm|AdM|Adeptus Mechanicus
1651|1|Skorpius Disintegrator|"10"""|10|2+|-||12|7+|3||AdM|Adeptus Mechanicus
1650|1|Skorpius Dunerider|"12"""|9|3+|-||11|7+|2||AdM|Adeptus Mechanicus
3694|1|Sydonian Dragoons|"10"""|7|3+|5||7|7+|2|105 x 70mm|AdM|Adeptus Mechanicus
191400|1|Sydonian Dragoons (Radium Jezzail)|"10"""|7|3+|5||7|7+|2||AdM|Adeptus Mechanicus
3695|1|Sydonian Skatros|"8"""|4|4+|5||4|7+|1|40mm|AdM|Adeptus Mechanicus
839|1|Tech-Priest Dominus|"6"""|4|2+|5||4|7+|1|50mm|AdM|Adeptus Mechanicus
840|1|Tech-Priest Enginseer|"6"""|4|3+|5||3|7+|1|32mm|AdM|Adeptus Mechanicus
1580|1|Tech-Priest Manipulus|"6"""|4|2+|5||4|7+|1|50mm|AdM|Adeptus Mechanicus
2477|1|Technoarcheologist|"6"""|4|3+|5||3|7+|1|32mm|AdM|Adeptus Mechanicus
1533|1|Terrax-pattern Termite|"8"""|10|3+|-||14|6+|2||AdM|Adeptus Mechanicus
4210|1|Thulia Ghuld|"8"""|8|2+|4||10|6+|3|80mm|AdM|Adeptus Mechanicus
868|1|Reaver Titan|"12"""|14|2+|5 (Ranged)|Invulnerabile: 5+ (Ranged)|60|6+|20||TL|Adeptus Titanicus
2077|1|Warbringer Nemesis Titan|"12"""|14|2+|5 (Ranged)|Invulnerabile: 5+ (Ranged)|80|6+|20||TL|Adeptus Titanicus
867|1|Warhound Titan|"14"""|13|2+|5 (Ranged)|Invulnerabile: 5+ (Ranged)|40|6+|16||TL|Adeptus Titanicus
869|1|Warlord Titan|"10"""|16|2+|5 (Ranged)|Invulnerabile: 5+ (Ranged)|100|6+|30||TL|Adeptus Titanicus
1598|1|Amallyn Shadowguide|"7"""|3|5+|4||3|6+|1|32mm|AE|Aeldari
571|1|Asurmen|"7"""|3|2+|4||5|6+|1|40mm|AE|Aeldari
577|1|Autarch|"7"""|3|3+|4||4|6+|1|32mm|AE|Aeldari
580|1|Autarch Skyrunner|"14"""|4|3+|4||5|6+|2|32mm|AE|Aeldari
2759|1|Autarch Wayleaper|"14"""|3|3+|4||4|6+|1|32mm|AE|Aeldari
581|1|Avatar of Khaine|"10"""|11|2+|4||14|6+|5|80mm|AE|Aeldari
575|1|Baharroth|"14"""|3|2+|4||5|6+|1|40mm|AE|Aeldari
1400|1|Bonesinger|"7"""|3|6+|4||3|6+|1|25mm|AE|Aeldari
4238|1|Clanblade|"10"""|5|4+|-||4|6+|2|75 x 42mm|AE|Aeldari
622|1|Cobra|"14"""|11|2+|5||24|6+|8||AE|Aeldari
629|1|Corsair Cloud Dancer|"14"""|4|3+|-||2|6+|2|32mm|AE|Aeldari
632|1|Corsair Reaver Band|"7"""|3|5+|-||3|6+|2|25mm|AE|Aeldari
4196|1|Corsair Skyreaver|"12"""|3|5+|-||1|7+|1|28.5mm|AE|Aeldari
2531|1|Corsair Voidreaver|"7"""|3|4+|-||1|7+|2|28.5mm|AE|Aeldari
2532|1|Corsair Voidscarred|"7"""|3|4+|-||1|6+|1|28.5mm|AE|Aeldari
550369|1|Craftworld Warleader|"7"""|3|6+|4||4|6+|1||AE|Aeldari
603|1|Crimson Hunter|-|8|3+|5||12|6+|-|120 x 92mm|AE|Aeldari
3910|1|D-Cannon Platform|"7"""|6|4+|-||5|7+|1|40mm|AE|Aeldari
607|1|Dark Reaper|"6"""|3|3+|5||1|6+|1|28.5mm|AE|Aeldari
607|2|Dark Reaper Exarch|"6"""|3|3+|5||2|6+|1|28.5mm|AE|Aeldari
2537|1|Death Jester|"8"""|3|6+|4||4|6+|1|25mm|AE|Aeldari
593|1|Dire Avenger|"7"""|3|4+|5||1|6+|1|28.5mm|AE|Aeldari
593|2|Dire Avenger Exarch|"7"""|3|4+|5||2|6+|1|28.5mm|AE|Aeldari
4235|1|Dragon Knight|"10"""|5|4+|-||4|7+|2|75 x 42mm|AE|Aeldari
568|1|Eldrad Ulthran|"7"""|4|6+|4||5|6+|1|32mm|AE|Aeldari
609|1|Falcon|"14"""|9|3+|-||12|7+|3|60mm|AE|Aeldari
582|1|Farseer|"7"""|3|6+|4||4|6+|1|25mm|AE|Aeldari
583|1|Farseer Skyrunner|"14"""|4|6+|4||5|6+|2|32mm|AE|Aeldari
596|1|Fire Dragon|"7"""|3|3+|5||1|6+|1|28.5mm|AE|Aeldari
596|2|Fire Dragon Exarch|"7"""|3|3+|5||2|6+|1|28.5mm|AE|Aeldari
610|1|Fire Prism|"14"""|9|3+|-||12|7+|3|60mm|AE|Aeldari
1393|1|Firestorm|"14"""|9|3+|-||12|6+|3|60mm|AE|Aeldari
574|1|Fuegan|"7"""|3|2+|4||5|6+|1|40mm|AE|Aeldari
382942|1|Ghost Warrior|"8"""|10|2+|-||10|6+|3||AE|Aeldari
589|1|Guardian Defender|"7"""|3|4+|-||1|7+|2|28.5mm|AE|Aeldari
589|2|Heavy Weapon Platform|"7"""|3|4+|-||2|7+|0|40mm|AE|Aeldari
606|1|Hemlock Wraithfighter|-|8|3+|-||12|6+|-|120 x 92mm|AE|Aeldari
618|1|Hornet|"14"""|7|3+|-||8|6+|2|60mm|AE|Aeldari
594|1|Howling Banshee|"8"""|3|4+|4* / 5|Invulnerabile: 4+* / 5+|1|6+|1|28.5mm|AE|Aeldari
594|2|Howling Banshee Exarch|"8"""|3|4+|4* / 5|Invulnerabile: 4+* / 5+|2|6+|1|28.5mm|AE|Aeldari
570|1|Illic Nightspear|"7"""|3|5+|5||3|6+|1|25mm|AE|Aeldari
630|1|Irillyth|"12"""|3|2+|4||5|6+|1|25mm|AE|Aeldari
572|1|Jain Zar|"8"""|3|2+|4||5|6+|1|40mm|AE|Aeldari
573|1|Karandras|"7"""|3|2+|4||5|6+|1|25mm|AE|Aeldari
116300|1|Kharseth|"7"""|3|6+|4||4|6+|1||AE|Aeldari
4236|1|Leystalker|"10"""|5|4+|-||4|7+|2|75 x 42mm|AE|Aeldari
3909|1|Lhykhis|"12"""|3|2+|4||5|6+|1|40mm|AE|Aeldari
620|1|Lynx|"14"""|9|3+|5||16|6+|4||AE|Aeldari
576|1|Maugan Ra|"7"""|3|2+|4||5|6+|1|40mm|AE|Aeldari
611|1|Night Spinner|"14"""|9|3+|-||12|7+|3|60mm|AE|Aeldari
623|1|Nightwing|-|8|3+|5||12|6+|-|120 x 92mm|AE|Aeldari
631|1|Phantom Titan|"14"""|14|2+|4*|Invulnerabile: 4+*|55|6+|20||AE|Aeldari
624|1|Phoenix|-|9|3+|-||16|6+|-|120 x 92mm|AE|Aeldari
4194|1|Prince Yriel|"7"""|3|3+|4||5|6+|1|32mm|AE|Aeldari
592|1|Rangers|"7"""|3|5+|5*|Invulnerabile: 5+*|1|7+|1|28.5mm|AE|Aeldari
628|1|Revenant Titan|"16"""|13|2+|4*|Invulnerabile: 4+*|30|6+|16||AE|Aeldari
621|1|Scorpion|"14"""|11|2+|5||24|6+|8||AE|Aeldari
615|1|Shadow Spectre Exarch|"12"""|3|3+|5||2|6+|1|25mm|AE|Aeldari
615|2|Shadow Spectre|"12"""|3|3+|5||1|6+|1|25mm|AE|Aeldari
3911|1|Shadow Weaver Platform|"7"""|6|4+|-||5|7+|1|40mm|AE|Aeldari
2535|1|Shadowseer|"8"""|3|6+|4||4|6+|1|25mm|AE|Aeldari
602|1|Shining Spear|"14"""|4|3+|5||2|6+|2|60mm|AE|Aeldari
602|2|Shining Spear Exarch|"14"""|4|3+|5||3|6+|2|60mm|AE|Aeldari
2533|1|Shroud Runner|"14"""|4|5+|5*|Invulnerabile: 5+*|3|7+|2|60mm|AE|Aeldari
627|1|Skathach Wraithknight|"10"""|12|2+|-||18|6+|10|120 x 92mm|AE|Aeldari
185496|1|Skyrunner|"14"""|4|6+|4||5|6+|2||AE|Aeldari
2539|1|Skyweaver|"14"""|4|4+|4||3|6+|2|60mm|AE|Aeldari
2538|1|Solitaire|"12"""|3|6+|4||4|6+|1|25mm|AE|Aeldari
588|1|Spiritseer|"7"""|3|6+|4||3|6+|1|25mm|AE|Aeldari
4195|1|Starfang|"14"""|6|3+|-||6|7+|2|105 x 70mm|AE|Aeldari
2541|1|Starweaver|"14"""|6|4+|4||6|6+|2|65mm|AE|Aeldari
4237|1|Stonesinger|"10"""|5|4+|-||4|7+|2|75 x 42mm|AE|Aeldari
590|1|Serpent's Scale Platform|"7"""|3|4+|-||2|7+|0|40mm|AE|Aeldari
590|2|Storm Guardian|"7"""|3|4+|-||1|7+|2|28.5mm|AE|Aeldari
595|1|Striking Scorpion|"7"""|3|3+|5||1|6+|1|28.5mm|AE|Aeldari
595|2|Striking Scorpion Exarch|"7"""|3|3+|5||2|6+|1|28.5mm|AE|Aeldari
600|1|Swooping Hawk|"14"""|3|4+|5||1|6+|1|32mm|AE|Aeldari
600|2|Swooping Hawk Exarch|"14"""|3|4+|5||2|6+|1|32mm|AE|Aeldari
2543|1|The Visarch|"8"""|3|2+|4||5|6+|1|32mm|AE|Aeldari
2544|1|The Yncarne|"10"""|10|2+|4||12|6+|3|80mm|AE|Aeldari
2536|1|Troupe|"8"""|3|6+|4||1|6+|1|25mm|AE|Aeldari
2534|1|Troupe Master|"8"""|3|6+|4||4|6+|1|25mm|AE|Aeldari
626|1|Vampire Hunter|-|12|3+|4||30|6+|-|170 x 109mm|AE|Aeldari
625|1|Vampire Raider|-|12|3+|4||30|6+|-|170 x 109mm|AE|Aeldari
3912|1|Vibro Cannon Platform|"7"""|6|4+|-||5|7+|1|40mm|AE|Aeldari
2540|1|Voidweaver|"14"""|6|4+|4||6|6+|2|65mm|AE|Aeldari
605|1|Vyper|"14"""|6|3+|-||6|7+|2|105 x 70mm|AE|Aeldari
612|1|War Walker|"10"""|7|3+|5||6|7+|2|60mm|AE|Aeldari
585|1|Warlock|"7"""|3|6+|4||2|6+|1|32mm|AE|Aeldari
584|1|Warlock|"7"""|3|6+|4||2|6+|1|32mm|AE|Aeldari
587|1|Warlock Skyrunner|"14"""|4|6+|4||3|6+|2|32mm|AE|Aeldari
619|1|Warp Hunter|"14"""|9|3+|-||12|6+|3||AE|Aeldari
601|1|Warp Spider|"12"""|3|3+|5||1|6+|1|28.5mm|AE|Aeldari
601|2|Warp Spider Exarch|"12"""|3|3+|5||2|6+|1|28.5mm|AE|Aeldari
616|1|Wasp Assault Walker|"10"""|7|3+|4||6|6+|2|60mm|AE|Aeldari
599|1|Wave Serpent|"14"""|9|3+|5||13|7+|2|60mm|AE|Aeldari
2459|1|Webway Gate|-|12|3+|-||14|6+|0||AE|Aeldari
591|1|Windriders|"14"""|4|4+|6||2|7+|2|32mm|AE|Aeldari
598|1|Wraithblade|"6"""|6|2+|-||3|8+|1|40mm|AE|Aeldari
597|1|Wraithguard|"6"""|6|2+|-||3|8+|1|40mm|AE|Aeldari
3913|1|Wraithknight|"12"""|12|2+|-||18|6+|10|120 x 92mm|AE|Aeldari
146913|1|Wraithknight|"12"""|12|2+|-||18|6+|10|120 x 92mm|AE|Aeldari
613|1|Wraithlord|"8"""|10|2+|-||10|8+|3|60mm|AE|Aeldari
617|1|Wraithseer|"8"""|11|2+|5||10|6+|3|60mm|AE|Aeldari
3914|1|Archon|"8"""|3|4+|2*|Invulnerabile: 2+*|4|6+|1|32mm|AE|Aeldari
3918|1|Incubi|"7"""|3|3+|5||1|6+|1|28.5mm|AE|Aeldari
3918|2|Klaivex|"7"""|3|3+|5||2|6+|1|28.5mm|AE|Aeldari
3916|1|Kabalite Warriors|"8"""|3|4+|6||1|6+|2|25mm|AE|Aeldari
3920|1|Raider|"14"""|8|4+|6||10|6+|2|60mm|AE|Aeldari
3919|1|Reavers|"16"""|4|4+|6||2|6+|2|32mm|AE|Aeldari
3915|1|Succubus|"8"""|3|6+|4||4|6+|1|25mm|AE|Aeldari
3921|1|Venom|"14"""|6|4+|6||6|6+|1|60mm|AE|Aeldari
3917|1|Wyches|"8"""|3|6+|4* / 6|Invulnerabile: 4+* / 6+|1|6+|2|25mm|AE|Aeldari
2542|1|Yvraine|"8"""|3|6+|4||4|6+|1|75 x 42mm|AE|Aeldari
713|1|‘Iron Hand’ Straken|"6"""|3|3+|4||4|7+|1|25mm|AM|Astra Militarum
2619|1|Aegis Defence Line|-|12|2+|-||10|7+|0||AM|Astra Militarum
778|1|Aquila Lander|"14"""|9|3+|-||12|7+|0|120 x 92mm|AM|Astra Militarum
764|1|Arkurian Stormhammer|"9"""|13|2+|-||24|7+|8||AM|Astra Militarum
739|1|Armageddon-pattern Medusa|"10"""|9|3+|-||11|7+|3||AM|Astra Militarum
691|1|Armoured Sentinel|"8"""|8|2+|-||7|7+|2|80mm|AM|Astra Militarum
3897|1|Artillery Team|"3"""|7|3+|-||10|7+|3|100mm|AM|Astra Militarum
779|1|Arvus Lighter|"14"""|8|3+|-||8|7+|0|120 x 92mm|AM|Astra Militarum
728|1|Atlas Recovery Vehicle|"10"""|9|3+|-||10|7+|3||AM|Astra Militarum
2616|1|Attilan Rough Rider|"12"""|4|4+|-||2|7+|1|60 x 35.5mm|AM|Astra Militarum
410613|1|Augmented Bone 'Ead|"6"""|3|4+|-||3|6+|1||AM|Astra Militarum
780|1|Avenger Strike Fighter|-|9|3+|-||14|7+|-|120 x 92mm|AM|Astra Militarum
702|1|Baneblade|"12"""|13|2+|-||24|7+|8||AM|Astra Militarum
703|1|Banehammer|"12"""|13|2+|-||24|7+|8||AM|Astra Militarum
704|1|Banesword|"12"""|13|2+|-||24|7+|8||AM|Astra Militarum
695|1|Basilisk|"10"""|9|3+|-||11|7+|3||AM|Astra Militarum
723|1|Bullgryn|"6"""|6|3+|-||3|7+|1|40mm|AM|Astra Militarum
2607|1|Cadian Castellan|"6"""|3|5+|5||4|7+|1|28.5mm|AM|Astra Militarum
2609|1|Cadian Commander|"6"""|3|5+|-||3|7+|1|28.5mm|AM|Astra Militarum
2609|2|Cadian Veteran Guardsman|"6"""|3|5+|-||1|7+|1|28.5mm|AM|Astra Militarum
2374|1|Heavy Weapons Team|"6"""|3|5+|-||2|7+|2|60mm|AM|Astra Militarum
4224|1|Cadian Recon Squad|"6"""|3|5+|-||1|7+|1|28.5mm|AM|Astra Militarum
2612|1|Shock Trooper|"6"""|3|5+|-||1|7+|2|25mm|AM|Astra Militarum
1994|1|Carnodon|"12"""|10|2+|-||12|7+|3||AM|Astra Militarum
3891|1|Veteran Guardsman|"6"""|3|5+|-||1|7+|1|25mm|AM|Astra Militarum
3891|2|Catachan Commander|"6"""|3|5+|-||3|7+|1|25mm|AM|Astra Militarum
3894|1|Heavy Weapons Team|"6"""|3|5+|-||2|7+|2|60mm|AM|Astra Militarum
2614|1|Catachan Jungle Fighter|"6"""|3|5+|-||1|7+|2|25mm|AM|Astra Militarum
731|1|Centaur Light Carrier|"10"""|7|3+|-||7|7+|1||AM|Astra Militarum
4220|1|Centaur RSV|"12"""|7|3+|-||10|7+|2||AM|Astra Militarum
692|1|Chimera|"10"""|9|3+|-||11|7+|2||AM|Astra Militarum
443848|1|Ciaphas Cain|"6"""|3|4+|5||5|6+|3||AM|Astra Militarum
740|1|Colossus|"10"""|10|2+|-||11|7+|3||AM|Astra Militarum
4244|1|Commissar|"6"""|3|5+|5||3|6+|1|28.5mm|AM|Astra Militarum
4217|1|Commissar Graves|"12"""|8|3+|4||12|6+|5||AM|Astra Militarum
4218|1|Commissar Graves on Foot|"6"""|3|4+|5||4|6+|1|32mm|AM|Astra Militarum
4216|1|Commissar Yarrick|"6"""|4|4+|4||5|6+|1|32mm|AM|Astra Militarum
766|1|Crassus|"10"""|11|2+|-||18|7+|5||AM|Astra Militarum
741|1|Cyclops Demolition Vehicle|"8"""|4|3+|-||4|8+|0||AM|Astra Militarum
928225|1|Grenadier|"6"""|3|4+|-||1|7+|1|25mm|AM|Astra Militarum
928225|2|Heavy Weapons Team|"6"""|3|4+|-||2|7+|2|60mm|AM|Astra Militarum
2613|1|Death Korps of Krieg|"6"""|3|5+|-||1|7+|2|25mm|AM|Astra Militarum
2378|1|Death Rider Commissar|"12"""|4|4+|5||4|6+|1|40mm|AM|Astra Militarum
3898|1|Death Rider|"10"""|4|4+|-||2|7+|1|60 x 35.5mm|AM|Astra Militarum
699|1|Deathstrike|"10"""|10|3+|-||11|7+|3||AM|Astra Militarum
767|1|Dominus Armoured Siege Bombard|"9"""|13|2+|-||20|7+|8||AM|Astra Militarum
705|1|Doomhammer|"12"""|13|2+|-||24|7+|8||AM|Astra Militarum
743|1|Earthshaker Carriage Battery|"4"""|7|4+|-||6|7+|2||AM|Astra Militarum
2739|1|Earthshaker Platform|-|8|3+|-||8|7+|2||AM|Astra Militarum
2740|1|Elysian Drop Sentinel|"10"""|6|3+|-||6|7+|2|60mm|AM|Astra Militarum
2377|1|Elysian Sniper Team|"6"""|3|5+|-||2|7+|2|60mm|AM|Astra Militarum
623381|1|Field Ordnance Battery|"3"""|5|4+|-||6|7+|2||AM|Astra Militarum
762304|1|Front-line Commander|"6"""|3|5+|-||4|7+|1||AM|Astra Militarum
2485|1|Ibram Gaunt|"6"""|3|4+|5||3|6+|1|28.5mm|AM|Astra Militarum
2485|2|Tanith Ghost|"6"""|3|5+|-||2|7+|1|28.5mm|AM|Astra Militarum
768|1|Gorgon Heavy Transport|"9"""|13|2+|5*|Invulnerabile: 5+*|20|7+|8||AM|Astra Militarum
744|1|Griffon Mortar Carrier|"10"""|9|3+|-||11|7+|3||AM|Astra Militarum
730|1|Hades Breaching Drill|"6"""|9|3+|-||8|7+|2||AM|Astra Militarum
745|1|Heavy Mortar Team|"4"""|5|3+|-||4|7+|2||AM|Astra Militarum
746|1|Heavy Quad Launcher Team|"4"""|5|3+|-||4|7+|2||AM|Astra Militarum
3922|1|Minka Lesk|"6"""|3|5+|5||3|7+|1||AM|Astra Militarum
3922|2|Lesk's Veterans|"6"""|3|5+|5||2|7+|1||AM|Astra Militarum
706|1|Hellhammer|"12"""|13|2+|-||24|7+|8||AM|Astra Militarum
694|1|Hellhound|"10"""|10|2+|-||11|7+|3||AM|Astra Militarum
4219|1|Hippogriff AFV|"12"""|8|3+|-||7|7+|2||AM|Astra Militarum
696|1|Hydra|"10"""|9|3+|-||11|7+|3||AM|Astra Militarum
747|1|Hydra Platform|-|8|3+|-||8|7+|2||AM|Astra Militarum
2615|1|Kasrkin|"6"""|3|4+|-||1|7+|1|28.5mm|AM|Astra Militarum
3893|1|Krieg Combat Engineers|"6"""|3|4+|-||1|7+|1|25mm|AM|Astra Militarum
3889|1|Lord Commissar|"6"""|3|5+|-||3|6+|1|32mm|AM|Astra Militarum
3889|2|Veteran Guardsman|"6"""|3|5+|-||1|7+|1|25mm|AM|Astra Militarum
3895|1|Heavy Weapons Gunner|"4"""|3|4+|-||2|7+|1|50mm|AM|Astra Militarum
3895|2|Fire Coordinator|"6"""|3|5+|-||1|7+|1|25mm|AM|Astra Militarum
700|1|Leman Russ Battle Tank|"10"""|11|2+|-||13|7+|3||AM|Astra Militarum
680|1|Leman Russ Commander|"10"""|11|2+|-||13|7+|3||AM|Astra Militarum
701|1|Leman Russ Battle Tank|"10"""|11|2+|-||13|7+|3||AM|Astra Militarum
2741|1|Leman Russ Battle Tank|"10"""|11|2+|-||13|7+|3||AM|Astra Militarum
2742|1|Leman Russ Battle Tank|"10"""|11|2+|-||13|7+|3||AM|Astra Militarum
2743|1|Leman Russ Battle Tank|"10"""|11|2+|-||13|7+|3||AM|Astra Militarum
2744|1|Leman Russ Battle Tank|"10"""|11|2+|-||13|7+|3||AM|Astra Militarum
2745|1|Leman Russ Battle Tank|"10"""|11|2+|-||13|7+|3||AM|Astra Militarum
3890|1|Lord Marshal Dreir|"10"""|4|4+|4||6|7+|2|75 x 42mm|AM|Astra Militarum
2605|1|Lord Solar Leontus|"12"""|4|3+|4||8|6+|2|80mm|AM|Astra Militarum
769|1|Macharius|"9"""|13|2+|-||20|7+|8||AM|Astra Militarum
770|1|Macharius Omega|"9"""|13|2+|-||20|7+|8||AM|Astra Militarum
771|1|Macharius Vanquisher|"9"""|13|2+|-||20|7+|8||AM|Astra Militarum
772|1|Macharius Vulcan|"9"""|13|2+|-||20|7+|8||AM|Astra Militarum
753|1|Malcador|"10"""|11|2+|-||18|7+|5||AM|Astra Militarum
751|1|Malcador Annihilator|"10"""|11|2+|-||18|7+|5||AM|Astra Militarum
752|1|Malcador Defender|"10"""|11|2+|-||18|7+|5||AM|Astra Militarum
754|1|Malcador Infernus|"10"""|11|2+|-||18|7+|5||AM|Astra Militarum
698|1|Manticore|"10"""|10|3+|-||11|7+|3||AM|Astra Militarum
755|1|Manticore Platform|-|8|3+|-||8|7+|2||AM|Astra Militarum
773|1|Marauder Bomber|-|10|2+|-||20|7+|-||AM|Astra Militarum
774|1|Marauder Destroyer|-|10|2+|-||20|7+|-||AM|Astra Militarum
756|1|Medusa Carriage Battery|"4"""|7|4+|-||6|7+|2||AM|Astra Militarum
719|1|Tempestus Scion|"6"""|3|4+|-||1|7+|1|25mm|AM|Astra Militarum
719|2|Tempestor Prime|"6"""|3|4+|-||3|7+|1|25mm|AM|Astra Militarum
1394|1|Ministorum Priest|"6"""|3|6+|4||3|7+|1|32mm|AM|Astra Militarum
775|1|Minotaur|"10"""|11|2+|-||18|7+|5||AM|Astra Militarum
1383|1|Mukaali Rider|"8"""|6|4+|-||5|7+|2|40mm|AM|Astra Militarum
1397|1|Munitorum Servitor|"6"""|3|4+|6||1|8+|0|25mm|AM|Astra Militarum
725|1|Nork Deddog|"6"""|6|4+|-||6|7+|1|40mm|AM|Astra Militarum
1398|1|Ogryn Bodyguard|"6"""|6|5+|-||6|7+|1|40mm|AM|Astra Militarum
722|1|Ogryns|"6"""|6|5+|-||3|7+|1|40mm|AM|Astra Militarum
776|1|Praetor|"10"""|11|2+|-||18|7+|5||AM|Astra Militarum
889|1|Primaris Psyker|"6"""|3|5+|-||3|7+|1|32mm|AM|Astra Militarum
448857|1|Provisionally Prepared|"6"""|2|6+|-||2|8+|2||AM|Astra Militarum
2375|1|Quartermaster Revenant|"6"""|3|4+|-||3|7+|1|25mm|AM|Astra Militarum
2375|2|Medicae Servitors|"6"""|3|4+|-||1|8+|0|25mm|AM|Astra Militarum
757|1|Rapier Laser Destroyer Battery|"6"""|4|4+|-||3|7+|1||AM|Astra Militarum
3937|1|Ratlings|"6"""|2|6+|-||1|8+|1||AM|Astra Militarum
2610|1|Regimental Attachés|"6"""|3|5+|-||1|7+|1||AM|Astra Militarum
1596|1|Rein|"6"""|2|6+|-||1|8+|1|25mm|AM|Astra Militarum
1596|2|Raus|"6"""|2|6+|-||1|8+|1||AM|Astra Militarum
2617|1|Rogal Dorn Battle Tank|"10"""|12|2+|-||18|7+|5||AM|Astra Militarum
702692|1|Rogal Dorn Commander|"10"""|12|2+|-||18|7+|5||AM|Astra Militarum
758|1|Sabre Weapons Battery|-|4|4+|-||4|7|1||AM|Astra Militarum
729|1|Salamander Command Vehicle|"12"""|8|3+|-||10|7+|3||AM|Astra Militarum
735|1|Salamander Scout Vehicle|"12"""|8|3+|-||10|7+|3||AM|Astra Militarum
690|1|Scout Sentinel|"10"""|7|3+|-||7|7+|2|80mm|AM|Astra Militarum
133151|1|Sentinel Commander|"10"""|7|3+|-||7|7+|2||AM|Astra Militarum
759|1|Sentinel Powerlifter|"8"""|7|3+|-||6|7+|2||AM|Astra Militarum
714|1|Sergeant Harker|"6"""|4|5+|-||3|7+|1|25mm|AM|Astra Militarum
707|1|Shadowsword|"12"""|13|2+|-||24|7+|8||AM|Astra Militarum
1406|1|Sly Marbo|"6"""|3|5+|-||4|7+|1|32mm|AM|Astra Militarum
2379|1|Storm Chimera|"10"""|9|3+|-||11|7+|2||AM|Astra Militarum
763|1|Stormblade|"9"""|13|2+|-||24|7+|8||AM|Astra Militarum
708|1|Stormlord|"12"""|13|2+|-||24|7+|8||AM|Astra Militarum
709|1|Stormsword|"12"""|13|2+|-||24|7+|8||AM|Astra Militarum
760|1|Stygies Destroyer Tank Hunter|"10"""|11|2+|-||13|7+|3||AM|Astra Militarum
762|1|Tarantula Battery|-|5|3+|-||4|7+|0||AM|Astra Militarum
736|1|Tauros Assault Vehicle|"12"""|6|4+|-||6|7+|2||AM|Astra Militarum
737|1|Tauros Venator|"12"""|6|4+|-||6|7+|2||AM|Astra Militarum
693|1|Taurox|"12"""|8|3+|-||10|7+|2||AM|Astra Militarum
721|1|Taurox Prime|"12"""|8|3+|-||10|7+|2||AM|Astra Militarum
1396|1|Tech-Priest Enginseer|"6"""|4|3+|5||3|7+|1|32mm|AM|Astra Militarum
3834|1|Tempestus Aquilons|"6"""|3|4+|-||1|7+|1|28.5mm|AM|Astra Militarum
2746|1|Tempestus Scions|"6"""|3|4+|-||1|7+|1|25mm|AM|Astra Militarum
733|1|Trojan Support Vehicle|"10"""|9|3+|-||11|7+|2||AM|Astra Militarum
2606|1|Ursula Creed|"6"""|3|4+|5||4|7+|1|32mm|AM|Astra Militarum
777|1|Valdor|"9"""|13|2+|-||20|7+|8||AM|Astra Militarum
727|1|Valkyrie|"14"""|10|2+|-||14|7+|-|120 x 92mm|AM|Astra Militarum
1237|1|Valkyrie Sky Talon|"14"""|10|2+|-||14|7+|0|120 x 92mm|AM|Astra Militarum
783|1|Vendetta Gunship|"14"""|10|2+|-||14|7+|0|120 x 92mm|AM|Astra Militarum
781|1|Voss-pattern Lightning|-|9|3+|-||14|7+|-|120 x 92mm|AM|Astra Militarum
784|1|Vulture Gunship|"14"""|10|2+|-||14|7+|0|120 x 92mm|AM|Astra Militarum
697|1|Wyvern|"10"""|9|3+|-||11|7+|3||AM|Astra Militarum
4052|1|Torment|"6"""|4|6+|-||3|7+|1|40mm|CD|Chaos Daemons
4052|2|Mutant|"6"""|4|6+|-||1|7+|1|25mm|CD|Chaos Daemons
1333|1|Aetaos'rau'keres|"12"""|10|6+|4||24|6+|6|130mm|CD|Chaos Daemons
1329|1|An'ggrath the Unbound|"12"""|11|4+|4||24|6+|6|130mm|CD|Chaos Daemons
1148|1|Be'lakor|"12"""|11|3+|4||20|6+|5|100mm|CD|Chaos Daemons
1134|1|Beast of Nurgle|"6"""|9|6+|5||7|7+|3|60mm|CD|Chaos Daemons
1115|1|Bloodcrushers|"10"""|7|3+|5||4|7+|2|90 x 52mm|CD|Chaos Daemons
1114|1|Bloodletters|"8"""|4|7+|5||1|7+|2|32mm|CD|Chaos Daemons
1455|1|Bloodmaster|"8"""|4|5+|4||4|7+|1|40mm|CD|Chaos Daemons
2582|1|Bloodthirster|"12"""|11|3+|4||18|6+|5|120 x 92mm|CD|Chaos Daemons
2583|1|Blue Horror|"6"""|3|7+|4||1|8+|1|25mm|CD|Chaos Daemons
1128|1|Burning Chariot|"12"""|8|7+|4||9|7+|3|120 x 92mm|CD|Chaos Daemons
1462|1|Changecaster|"6"""|3|6+|4||3|7+|1|32mm|CD|Chaos Daemons
4038|1|Chaos Lord|"6"""|5|3+|4||5|6+|1|40mm|CD|Chaos Daemons
4037|1|Chaos Lord in Terminator Armour|"5"""|6|2+|4||6|6+|1|40mm|CD|Chaos Daemons
590638|1|Chaos Lord with Jump Pack|"12"""|5|3+|4||5|6+|1||CD|Chaos Daemons
4043|1|Chaos Terminator|"5"""|6|2+|4||3|6+|1|40mm|CD|Chaos Daemons
4043|2|Terminator Champion|"5"""|6|2+|4||3|6+|1||CD|Chaos Daemons
4044|1|Chosen|"6"""|5|3+|-||3|6+|1|32mm|CD|Chaos Daemons
4044|2|Chosen Champion|"6"""|5|3+|-||3|6+|1||CD|Chaos Daemons
1647|1|Contorted Epitome|"9"""|6|5+|4||8|7+|2|75 x 42mm|CD|Chaos Daemons
4045|1|Cultist Firebrand|"6"""|4|4+|-||4|6+|1|32mm|CD|Chaos Daemons
4050|1|Cultist Mob|"6"""|3|6+|-||1|7+|1|25mm|CD|Chaos Daemons
4050|2|Cultist Champion|"6"""|3|6+|-||1|7+|1||CD|Chaos Daemons
4051|1|Cultist Mob|"6"""|3|6+|-||1|7+|1|25mm|CD|Chaos Daemons
1149|1|Daemon Prince of Chaos|"8"""|10|2+|4||10|6+|3|60mm|CD|Chaos Daemons
2758|1|Daemon Prince of Chaos with wings|"12"""|9|2+|4||10|6+|3|60mm|CD|Chaos Daemons
1142|1|Daemonettes|"9"""|3|7+|5||1|7+|2|25mm|CD|Chaos Daemons
342842|1|Daemonic Charioteer|"6"""|7|6+|-||8|7+|3||CD|Chaos Daemons
735983|1|Daemonic Herald|"6"""|3|7+|-||3|7+|1||CD|Chaos Daemons
4062|1|Dark Apostle|"6"""|5|3+|4||4|5+|1|40mm|CD|Chaos Daemons
4062|2|Dark Disciple|"6"""|5|6+|4||1|7+|1|25mm|CD|Chaos Daemons
4046|1|Blessed Blade|"6"""|3|6+|-||1|7+|1||CD|Chaos Daemons
4046|2|Iconarch|"6"""|3|6+|-||1|7+|1||CD|Chaos Daemons
4046|3|Mindwitch|"6"""|3|6+|-||1|7+|1||CD|Chaos Daemons
4046|4|Cult Demagogue|"6"""|3|6+|-||4|6+|1|32mm|CD|Chaos Daemons
1129|1|Epidemius|"5"""|5|6+|5||8|7+|2|60mm|CD|Chaos Daemons
1126|1|Exalted Flamer|"9"""|4|7+|4||6|7+|1|75 x 42mm|CD|Chaos Daemons
218182|1|Exalted Seeker Chariot|"14"""|6|5+|4||12|7+|5||CD|Chaos Daemons
1463|1|Fateskimmer|"12"""|7|6+|4||9|7+|3|120 x 92mm|CD|Chaos Daemons
1470|1|Feculent Gnarlmaw|-|9|4+|-||9|7+|0||CD|Chaos Daemons
4053|1|Fellgor Beastmen|"6"""|4|5+|-||1|7+|1|32mm|CD|Chaos Daemons
1143|1|Fiends|"12"""|5|7+|5||4|7+|2|75 x 42mm|CD|Chaos Daemons
1125|1|Flamers|"9"""|4|7+|4||3|7+|1|32mm|CD|Chaos Daemons
1112|1|Flesh Hounds|"12"""|4|7+|5||2|7+|1|60 x 35.5mm|CD|Chaos Daemons
1464|1|Fluxmaster|"12"""|4|6+|4||4|7+|1|60mm|CD|Chaos Daemons
1150|1|Furies|"12"""|3|7+|5||1|8+|1|25mm|CD|Chaos Daemons
4055|1|Gellerpox Mutant|"5"""|5|6+|-||1|7+|1|25mm|CD|Chaos Daemons
4055|2|Nightmare Hulk|"5"""|5|6+|-||4|7+|1|40mm|CD|Chaos Daemons
1339|1|Giant Chaos Spawn|"10"""|8|4+|5||10|7+|3|100mm|CD|Chaos Daemons
1130|1|Great Unclean One|"7"""|12|5+|4||20|6+|5|130mm|CD|Chaos Daemons
4063|1|Havoc Champion|"5"""|5|3+|-||3|6+|1|40mm|CD|Chaos Daemons
4063|2|Havocs|"5"""|5|3+|-||3|6+|1|40mm|CD|Chaos Daemons
1144|1|Hellflayer|"14"""|6|5+|5||7|7+|3|120 x 92mm|CD|Chaos Daemons
1139|1|Herald of Slaanesh on Steed of Slaanesh|"14"""|4|7+|5||4|7+|2|60 x 35.5mm|CD|Chaos Daemons
1466|1|Horticulous Slimux|"6"""|10|3+|4||10|7+|2|105 x 70mm|CD|Chaos Daemons
890899|1|Immortal Champion|"8"""|10|2+|-||10|6+|3||CD|Chaos Daemons
1589|1|Infernal Enrapturess|"9"""|3|7+|5||3|7+|1|60 x 35.5mm|CD|Chaos Daemons
1117|1|Kairos Fateweaver|"12"""|10|6+|4||20|6+|5|100mm|CD|Chaos Daemons
1104|1|Karanak|"12"""|4|7+|4||5|7+|3|75 x 42mm|CD|Chaos Daemons
1137|1|Keeper of Secrets|"14"""|10|5+|4||18|6+|5|100mm|CD|Chaos Daemons
1151|1|Soul Grinder|"8"""|11|3+|4||14|7+|5|160mm|CD|Chaos Daemons
4064|1|Aspiring Champion|"6"""|5|3+|-||2|6+|2|32mm|CD|Chaos Daemons
4064|2|Legionaries|"6"""|5|3+|-||2|6+|2|32mm|CD|Chaos Daemons
1120|1|Lord of Change|"12"""|10|6+|4||18|6+|5|100mm|CD|Chaos Daemons
4065|1|Master of Possession|"8"""|5|3+|5||4|6+|1|40mm|CD|Chaos Daemons
4056|1|Mutoid Vermin|"8"""|2|7+|-||1|8+|0|25mm|CD|Chaos Daemons
4057|1|Negavolt Cultists|"6"""|3|7+|5||1|7+|1|32mm|CD|Chaos Daemons
699173|1|Soul Grinder|"8"""|11|3+|4||14|7+|5|160mm|CD|Chaos Daemons
1133|1|Nurglings|"5"""|3|7+|5||4|8+|0|40mm|CD|Chaos Daemons
2584|1|Blue/Brimstone Horror (ref. only)|"6"""|3|7+|4||1|8+|1|32mm|CD|Chaos Daemons
2584|2|Pink Horror|"6"""|3|7+|4||1|7+|2|32mm|CD|Chaos Daemons
1135|1|Plague Drones|"10"""|8|6+|5||5|7+|2|60mm|CD|Chaos Daemons
1336|1|Plague Toads|"7"""|8|6+|5||4|7+|2|60mm|CD|Chaos Daemons
1132|1|Plaguebearers|"5"""|5|7+|5||2|7+|2|32mm|CD|Chaos Daemons
4066|1|Possessed|"9"""|6|3+|5||3|6+|1|40mm|CD|Chaos Daemons
1337|1|Pox Riders|"7"""|8|6+|5||5|7+|2|60mm|CD|Chaos Daemons
1467|1|Poxbringer|"5"""|5|7+|5||5|7+|1|32mm|CD|Chaos Daemons
4067|1|Raptors|"12"""|5|3+|-||2|6+|1|32mm|CD|Chaos Daemons
4067|2|Raptor Champion|"12"""|5|3+|-||2|6+|1||CD|Chaos Daemons
1111|1|Rendmaster on Blood Throne|"8"""|9|4+|4||9|7+|3|120 x 92mm|CD|Chaos Daemons
4048|1|Renegade Enforcer|"6"""|3|5+|5||3|6+|1|25mm|CD|Chaos Daemons
4058|1|Renegade Heavy Weapons Squad|"6"""|3|5+|-||2|7+|2|40mm|CD|Chaos Daemons
4059|1|Ogryn Pack Master|"6"""|6|5+|-||4|7+|1|40mm|CD|Chaos Daemons
4059|2|Chaos Mauler Hound|"6"""|4|6+|-||1|7+|1|60 x 35.5mm|CD|Chaos Daemons
4060|1|Renegade Ogryn Brutes|"6"""|6|5+|-||3|7+|1|40mm|CD|Chaos Daemons
4061|1|Renegade Plague Ogryns|"5"""|7|5+|-||3|7+|1|40mm|CD|Chaos Daemons
4049|1|Rogue Psyker|"6"""|3|5+|-||3|7+|1|32mm|CD|Chaos Daemons
1465|1|Rotigus|"7"""|12|5+|4||22|6+|5|130mm|CD|Chaos Daemons
1340|1|Scabeiathrax the Bloated|"7"""|12|5+|4||22|6+|5||CD|Chaos Daemons
1127|1|Screamer|"14"""|4|6+|4||3|7+|1|32mm|CD|Chaos Daemons
605578|1|Seeker Chariot|"14"""|6|5+|4||7|7+|3||CD|Chaos Daemons
1145|1|Seeker|"14"""|4|7+|5||2|7+|1|60 x 35.5mm|CD|Chaos Daemons
1145|2|Heartseeker|"14"""|4|7+|5||2|7+|1||CD|Chaos Daemons
1648|1|Shalaxi Helbane|"14"""|10|3+|4||20|6+|5|100mm|CD|Chaos Daemons
1105|1|Skarbrand|"10"""|11|3+|4||20|6+|5|100mm|CD|Chaos Daemons
1588|1|Skull Altar|-|12|3+|-||10|7+|0||CD|Chaos Daemons
1116|1|Skull Cannon|"8"""|9|4+|4||9|7+|3|120 x 92mm|CD|Chaos Daemons
1456|1|Skullmaster|"10"""|7|3+|4||6|7+|2|60mm|CD|Chaos Daemons
1106|1|Skulltaker|"8"""|4|4+|4||5|7+|1|40mm|CD|Chaos Daemons
108116|1|Soul Grinder|"8"""|11|3+|4||14|7+|5|160mm|CD|Chaos Daemons
1468|1|Sloppity Bilepiper|"5"""|5|7+|5||5|7+|1|32mm|CD|Chaos Daemons
4068|1|Sorcerer|"6"""|5|3+|-||4|6+|1|40mm|CD|Chaos Daemons
4072|1|Sorcerer in Terminator Armour|"5"""|6|2+|4||5|6+|1|40mm|CD|Chaos Daemons
1338|1|Spined Chaos Beast|"10"""|10|4+|5||12|7+|4||CD|Chaos Daemons
1469|1|Spoilpox Scrivener|"5"""|5|7+|5||5|6+|1|40mm|CD|Chaos Daemons
1649|1|Syll'esske|"9"""|6|6+|4||9|6+|2|50mm|CD|Chaos Daemons
1119|1|The Blue Scribes|"12"""|4|6+|4||6|8+|2|60mm|CD|Chaos Daemons
1118|1|The Changeling|"6"""|3|7+|4||5|7+|1|40mm|CD|Chaos Daemons
1136|1|The Masque of Slaanesh|"9"""|3|7+|4||4|7+|1|32mm|CD|Chaos Daemons
4100|1|Tormentbringer|"14"""|6|5+|4||12|7+|3|120 x 92mm|CD|Chaos Daemons
4047|1|Traitor Enforcer|"6"""|3|5+|5||3|6+|1|32mm|CD|Chaos Daemons
4047|2|Traitor Ogryn|"6"""|6|5+|-||4|7+|1|40mm|CD|Chaos Daemons
4054|1|Traitor Guardsmen Squad|"6"""|3|5+|-||1|7+|2|25mm|CD|Chaos Daemons
1138|1|Tranceweaver|"9"""|3|7+|5||3|7+|1|32mm|CD|Chaos Daemons
980067|1|Soul Grinder|"8"""|11|3+|4||14|7+|5|160mm|CD|Chaos Daemons
4073|1|Warp Talon Champion|"12"""|5|3+|5||2|6+|1|32mm|CD|Chaos Daemons
4073|2|Warp Talons|"12"""|5|3+|5||2|6+|1|32mm|CD|Chaos Daemons
1332|1|Zarakynel|"14"""|10|5+|4||20|6+|5|105 x 70mm|CD|Chaos Daemons
3851|1|Torment|"6"""|4|6+|-||3|7+|1|40mm|QT|Chaos Knights
3851|2|Mutant|"6"""|4|6+|-||1|7+|1|25mm|QT|Chaos Knights
1662|1|Chaos Acastus Knight Asterius|"8"""|13|2+|5*|Invulnerabile: 5+*|30|6+|10||QT|Chaos Knights
1099|1|Chaos Acastus Knight Porphyrion|"8"""|13|2+|5*|Invulnerabile: 5+*|30|6+|10||QT|Chaos Knights
1094|1|Chaos Cerastus Knight Acheron|"12"""|11|3+|5*|Invulnerabile: 5+*|28|6+|10|170 x 109mm|QT|Chaos Knights
1097|1|Chaos Cerastus Knight Atrapos|"12"""|11|3+|5||28|6+|10|170 x 109mm|QT|Chaos Knights
1096|1|Chaos Cerastus Knight Castigator|"12"""|11|3+|5*|Invulnerabile: 5+*|28|6+|10|170 x 109mm|QT|Chaos Knights
1095|1|Chaos Cerastus Knight Lancer|"14"""|11|3+|4||28|6+|10|170 x 109mm|QT|Chaos Knights
1098|1|Chaos Questoris Knight Magaera|"10"""|11|3+|5||26|6+|10|170 x 109mm|QT|Chaos Knights
1100|1|Chaos Questoris Knight Styrix|"10"""|11|3+|5||26|6+|10|170 x 109mm|QT|Chaos Knights
3844|1|Cultist Firebrand|"6"""|4|4+|-||4|6+|1|32mm|QT|Chaos Knights
3849|1|Cultist Mob|"6"""|3|6+|-||1|7+|1|25mm|QT|Chaos Knights
3849|2|Cultist Champion|"6"""|3|6+|-||1|7+|1||QT|Chaos Knights
3850|1|Cultist Mob|"6"""|3|6+|-||1|7+|1|25mm|QT|Chaos Knights
3845|1|Blessed Blade|"6"""|3|6+|-||1|7+|1||QT|Chaos Knights
3845|2|Iconarch|"6"""|3|6+|-||1|7+|1||QT|Chaos Knights
3845|3|Mindwitch|"6"""|3|6+|-||1|7+|1||QT|Chaos Knights
3845|4|Cult Demagogue|"6"""|3|6+|-||4|6+|1|32mm|QT|Chaos Knights
3852|1|Fellgor Beastmen|"6"""|4|5+|-||1|7+|1|32mm|QT|Chaos Knights
3854|1|Gellerpox Mutant|"5"""|5|6+|-||1|7+|1|25mm|QT|Chaos Knights
3854|2|Nightmare Hulk|"5"""|5|6+|-||4|7+|1|40mm|QT|Chaos Knights
2567|1|Knight Abominant|"10"""|11|3+|5*|Invulnerabile: 5+*|26|6+|10|170 x 109mm|QT|Chaos Knights
1660|1|Knight Desecrator|"10"""|11|3+|5*|Invulnerabile: 5+*|26|6+|10|170 x 109mm|QT|Chaos Knights
1658|1|Knight Despoiler|"10"""|11|3+|5*|Invulnerabile: 5+*|26|6+|10|170 x 109mm|QT|Chaos Knights
1661|1|Knight Rampager|"12"""|11|3+|5*|Invulnerabile: 5+*|26|6+|10|170 x 109mm|QT|Chaos Knights
4134|1|Knight Ruinator|"10"""|11|3+|5*|Invulnerabile: 5+*|26|6+|10|170 x 109mm|QT|Chaos Knights
1659|1|Knight Tyrant|"8"""|12|3+|5*|Invulnerabile: 5+*|28|6+|10|170 x 109mm|QT|Chaos Knights
3855|1|Mutoid Vermin|"8"""|2|7+|-||1|8+|0|25mm|QT|Chaos Knights
3856|1|Negavolt Cultists|"6"""|3|7+|5||1|7+|1|32mm|QT|Chaos Knights
3847|1|Renegade Enforcer|"6"""|3|5+|5||3|6+|1|25mm|QT|Chaos Knights
3857|1|Renegade Heavy Weapons Squad|"6"""|3|5+|-||2|7+|2|40mm|QT|Chaos Knights
3858|1|Ogryn Pack Master|"6"""|6|5+|-||4|7+|1|40mm|QT|Chaos Knights
3858|2|Chaos Mauler Hound|"6"""|4|6+|-||1|7+|1|60 x 35.5mm|QT|Chaos Knights
3859|1|Renegade Ogryn Brutes|"6"""|6|5+|-||3|7+|1|40mm|QT|Chaos Knights
3860|1|Renegade Plague Ogryns|"5"""|7|5+|-||3|7+|1|40mm|QT|Chaos Knights
3848|1|Rogue Psyker|"6"""|3|5+|-||3|7+|1|32mm|QT|Chaos Knights
3846|1|Traitor Enforcer|"6"""|3|5+|5||3|6+|1|32mm|QT|Chaos Knights
3846|2|Traitor Ogryn|"6"""|6|5+|-||4|7+|1|40mm|QT|Chaos Knights
3853|1|Traitor Guardsmen Squad|"6"""|3|5+|-||1|7+|2|25mm|QT|Chaos Knights
2565|1|War Dog Brigand|"12"""|9|3+|5*|Invulnerabile: 5+*|14|7+|6|100mm|QT|Chaos Knights
2562|1|War Dog Executioner|"12"""|9|3+|5*|Invulnerabile: 5+*|14|7+|6|100mm|QT|Chaos Knights
2566|1|War Dog Huntsman|"12"""|9|3+|5*|Invulnerabile: 5+*|14|7+|6|100mm|QT|Chaos Knights
2564|1|War Dog Karnivore|"14"""|9|3+|5*|Invulnerabile: 5+*|14|7+|6|100mm|QT|Chaos Knights
1663|1|War Dog Moirax|"12"""|9|3+|5*|Invulnerabile: 5+*|14|7+|6|100mm|QT|Chaos Knights
2563|1|War Dog Stalker|"12"""|9|3+|5*|Invulnerabile: 5+*|14|7+|6|100mm|QT|Chaos Knights
924|1|Abaddon the Despoiler|"5"""|6|2+|4||9|5+|4|60mm|CSM|Chaos Space Marines
2571|1|Torment|"6"""|4|6+|-||3|7+|1|40mm|CSM|Chaos Space Marines
2571|2|Mutant|"6"""|4|6+|-||1|7+|1|25mm|CSM|Chaos Space Marines
1293|1|Blood Slaughterer|"12"""|9|3+|5||10|6+|3||CSM|Chaos Space Marines
3630|1|Cerberus|"10"""|12|2+|-||18|6+|6||CSM|Chaos Space Marines
957|1|Chaos Bikers|"12"""|6|3+|-||3|6+|2|75 x 42mm|CSM|Chaos Space Marines
957|2|Biker Champion|"12"""|6|3+|-||3|6+|2||CSM|Chaos Space Marines
1302|1|Chaos Deimos Predator|"10"""|10|3+|-||11|6+|3||CSM|Chaos Space Marines
962|1|Chaos Land Raider|"10"""|12|2+|-||16|6+|5||CSM|Chaos Space Marines
3711|1|Chaos Lord|"6"""|5|3+|4||5|6+|1|40mm|CSM|Chaos Space Marines
930|1|Chaos Lord in Terminator Armour|"5"""|6|2+|4||6|6+|1|40mm|CSM|Chaos Space Marines
931|1|Chaos Lord on Bike|"12"""|5|3+|4||6|6+|2|75 x 25mm|CSM|Chaos Space Marines
933|1|Chaos Lord on Disc of Tzeentch|"12"""|4|3+|4||6|6+|1|40mm|CSM|Chaos Space Marines
932|1|Chaos Lord on Juggernaut|"10"""|6|2+|4||7|6+|2|90 x 52mm|CSM|Chaos Space Marines
934|1|Chaos Lord on Palanquin of Nurgle|"5"""|5|3+|4||8|6+|2|60mm|CSM|Chaos Space Marines
935|1|Chaos Lord on Steed of Slaanesh|"14"""|5|3+|4||6|6+|2|60 x 35.5mm|CSM|Chaos Space Marines
601802|1|Chaos Lord with Jump Pack|"12"""|5|3+|4||5|6+|1||CSM|Chaos Space Marines
2572|1|Chaos Predator Annihilator|"10"""|10|3+|-||11|6+|3||CSM|Chaos Space Marines
963|1|Chaos Predator Destructor|"10"""|10|3+|-||11|6+|3||CSM|Chaos Space Marines
956|1|Chaos Rhino|"12"""|9|3+|-||10|6+|2||CSM|Chaos Space Marines
960|1|Chaos Spawn|"8"""|5|4+|-||4|7+|0|50mm|CSM|Chaos Space Marines
947|1|Chaos Terminator|"5"""|6|2+|4||3|6+|1|40mm|CSM|Chaos Space Marines
947|2|Terminator Champion|"5"""|6|2+|4||3|6+|1||CSM|Chaos Space Marines
1321|1|Chaos Thunderhawk|"20""+"|12|2+|-||30|6+|0|120 x 92mm|CSM|Chaos Space Marines
964|1|Chaos Vindicator|"9"""|11|2+|-||11|6+|3||CSM|Chaos Space Marines
952|1|Chosen|"6"""|5|3+|-||3|6+|1|32mm|CSM|Chaos Space Marines
952|2|Chosen Champion|"6"""|5|3+|-||3|6+|1||CSM|Chaos Space Marines
3712|1|Cultist Firebrand|"6"""|4|4+|-||4|6+|1|32mm|CSM|Chaos Space Marines
946|1|Cultist Mob|"6"""|3|6+|-||1|7+|1|25mm|CSM|Chaos Space Marines
946|2|Cultist Champion|"6"""|3|6+|-||1|7+|1||CSM|Chaos Space Marines
3713|1|Cultist Mob|"6"""|3|6+|-||1|7+|1|25mm|CSM|Chaos Space Marines
926|1|Cypher|"6"""|5|3+|4||5|6+|1|32mm|CSM|Chaos Space Marines
936|1|Dark Apostle|"6"""|5|3+|4||4|5+|1|40mm|CSM|Chaos Space Marines
936|2|Dark Disciple|"6"""|5|6+|4||1|7+|1|25mm|CSM|Chaos Space Marines
2569|1|Blessed Blade|"6"""|3|6+|-||1|7+|1||CSM|Chaos Space Marines
2569|2|Iconarch|"6"""|3|6+|-||1|7+|1||CSM|Chaos Space Marines
2569|3|Mindwitch|"6"""|3|6+|-||1|7+|1||CSM|Chaos Space Marines
2569|4|Cult Demagogue|"6"""|3|6+|-||4|6+|1|32mm|CSM|Chaos Space Marines
1295|1|Decimator|"10"""|10|3+|5||12|6+|4|60mm|CSM|Chaos Space Marines
969|1|Defiler|"12"""|11|3+|5||18|6+|5|160mm|CSM|Chaos Space Marines
3626|1|Deredeo Dreadnought|"6"""|9|2+|5||12|6+|3|80mm|CSM|Chaos Space Marines
1310|1|Dreadclaw Drop Pod|"12"""|7|3+|-||9|6+|2|120 x 92mm|CSM|Chaos Space Marines
1355|1|Exalted Champion (Crucible)|"6"""|4|3+|-||4|6+|1|40mm|CSM|Chaos Space Marines
103635|1|Exalted Champion|"6"""|4|3+|-||4|6+|1|40mm|CSM|Chaos Space Marines
928|1|Fabius Bile|"6"""|5|3+|-||5|6+|1|40mm|CSM|Chaos Space Marines
928|2|Surgeon Acolyte|"6"""|5|6+|-||1|7+|1|32mm|CSM|Chaos Space Marines
3690|1|Falchion|"9"""|13|2+|-||24|6+|8||CSM|Chaos Space Marines
3654|1|Fellblade|"9"""|13|2+|-||24|6+|8||CSM|Chaos Space Marines
1604|1|Fellgor Beastmen|"6"""|4|5+|-||1|7+|1|32mm|CSM|Chaos Space Marines
3618|1|Fire Raptor Gunship|"20+"""|10|3+|-||18|6+|0|120 x 92mm|CSM|Chaos Space Marines
967|1|Forgefiend|"8"""|10|3+|5||12|6+|3|120 x 92mm|CSM|Chaos Space Marines
2592|1|Gellerpox Mutant|"5"""|5|6+|-||1|7+|1|25mm|CSM|Chaos Space Marines
2592|2|Nightmare Hulk|"5"""|5|6+|-||4|7+|1|40mm|CSM|Chaos Space Marines
1294|1|Greater Blight Drone|"10"""|9|3+|5||10|6+|3|60mm|CSM|Chaos Space Marines
1298|1|Greater Brass Scorpion|"12"""|12|3+|5||26|6+|10||CSM|Chaos Space Marines
1556|1|Haarken Worldclaimer|"12"""|5|3+|4||5|6+|1|40mm|CSM|Chaos Space Marines
966|1|Havoc Champion|"5"""|5|3+|-||3|6+|1|40mm|CSM|Chaos Space Marines
966|2|Havocs|"5"""|5|3+|-||3|6+|1|40mm|CSM|Chaos Space Marines
954|1|Helbrute|"6"""|9|2+|-||8|6+|3|60mm|CSM|Chaos Space Marines
961|1|Heldrake|"12"""|9|3+|5||12|6+|0|120 x 92mm|CSM|Chaos Space Marines
1317|1|Hell Blade|"20+"""|8|3+|5||10|6+|0|120 x 92mm|CSM|Chaos Space Marines
1318|1|Hell Talon|"20+"""|9|3+|5||14|6+|0|120 x 92mm|CSM|Chaos Space Marines
937|1|Heretic Astartes Daemon Prince|"8"""|10|2+|4||10|6+|3|60mm|CSM|Chaos Space Marines
2730|1|Heretic Astartes Daemon Prince|"12"""|9|2+|4||10|6+|3|60mm|CSM|Chaos Space Marines
925|1|Huron Blackheart|"6"""|6|3+|4||5|6+|1|50mm|CSM|Chaos Space Marines
1311|1|Kharybdis Assault Claw|"12"""|11|3+|-||20|6+|4|120 x 92mm|CSM|Chaos Space Marines
3582|1|Khorne Berzerker Champion|"8"""|5|3+|-||2|6+|2|32mm|CSM|Chaos Space Marines
3582|2|Khorne Berzerker|"8"""|5|3+|-||2|6+|2|32mm|CSM|Chaos Space Marines
970|1|Khorne Lord of Skulls|"8"""|13|3+|5||24|6+|8||CSM|Chaos Space Marines
3634|1|Kratos|"10"""|12|2+|-||18|6+|6||CSM|Chaos Space Marines
4205|1|Kravek Morne|"5"""|6|2+|4||6|6+|1|50mm|CSM|Chaos Space Marines
1297|1|Kytan Ravager|"10"""|12|3+|5||24|6+|10|170 x 109mm|CSM|Chaos Space Marines
3610|1|Land Raider Achilles|"10"""|12|2+|4||16|6+|5||CSM|Chaos Space Marines
3614|1|Land Raider Proteus|"12"""|12|2+|-||16|6+|5||CSM|Chaos Space Marines
3876|1|Aspiring Champion|"6"""|5|3+|-||2|6+|2|32mm|CSM|Chaos Space Marines
3876|2|Legionaries|"6"""|5|3+|-||2|6+|2|32mm|CSM|Chaos Space Marines
3650|1|Leviathan Dreadnought|"8"""|10|2+|5||12|6+|4|80mm|CSM|Chaos Space Marines
1583|1|Lord Discordant on Helstalker|"14"""|9|2+|4||10|6+|4|120 x 92mm|CSM|Chaos Space Marines
1584|1|Master of Executions|"6"""|5|3+|-||4|6+|1|40mm|CSM|Chaos Space Marines
1581|1|Master of Possession|"8"""|5|3+|5||4|6+|1|40mm|CSM|Chaos Space Marines
217319|1|Garreon the Corpsemaster|"6"""|5|3+|-||4|6+|1||CSM|Chaos Space Marines
217319|2|Garlon Souleater|"6"""|5|3+|-||4|6+|1||CSM|Chaos Space Marines
217319|3|Katar Garrix|"6"""|5|3+|-||4|6+|1||CSM|Chaos Space Marines
217319|4|Captain Sargotta|"6"""|3|4+|-||3|6+|1||CSM|Chaos Space Marines
217319|5|The Enforcer|"6"""|3|4+|-||3|6+|1||CSM|Chaos Space Marines
3646|1|Mastodon|"9"""|14|2+|-||30|6+|12||CSM|Chaos Space Marines
968|1|Maulerfiend|"10"""|10|3+|5||12|6+|3|120 x 92mm|CSM|Chaos Space Marines
4206|1|Mutilator|"5"""|7|2+|5||5|6+|2|50mm|CSM|Chaos Space Marines
2591|1|Mutoid Vermin|"8"""|2|7+|-||1|8+|0|25mm|CSM|Chaos Space Marines
1601|1|Negavolt Cultists|"6"""|3|7+|5||1|7+|1|32mm|CSM|Chaos Space Marines
969742|1|Nemesis Claw|"6"""|5|3+|-||2|6+|1||CSM|Chaos Space Marines
1587|1|Noctilith Crown|-|11|3+|-||14|6+|0||CSM|Chaos Space Marines
4099|1|Disharmonist|"6"""|5|3+|-||3|6+|1|40mm|CSM|Chaos Space Marines
4099|2|Noise Marines|"6"""|5|3+|-||3|6+|1|40mm|CSM|Chaos Space Marines
965|1|Obliterators|"4"""|7|2+|5||5|6+|2|50mm|CSM|Chaos Space Marines
3584|1|Plague Marine|"5"""|6|3+|-||2|6+|2|32mm|CSM|Chaos Space Marines
953|1|Possessed|"9"""|6|3+|5||3|6+|1|40mm|CSM|Chaos Space Marines
3670|1|Rapier Carrier|"3"""|6|2+|-||6|6+|2||CSM|Chaos Space Marines
958|1|Raptors|"12"""|5|3+|-||2|6+|1|32mm|CSM|Chaos Space Marines
958|2|Raptor Champion|"12"""|5|3+|-||2|6+|1||CSM|Chaos Space Marines
4191|1|Red Corsairs Raider Champion|"6"""|5|3+|-||3|6+|2|32mm|CSM|Chaos Space Marines
4191|2|Red Corsairs Raider|"6"""|5|3+|-||3|6+|2|32mm|CSM|Chaos Space Marines
4192|1|Red Corsairs Reave-Captain|"6"""|5|3+|4||5|6+|1|40mm|CSM|Chaos Space Marines
3658|1|Relic Contemptor Dreadnought|"6"""|9|2+|5||10|6+|3|60mm|CSM|Chaos Space Marines
2731|1|Renegade Enforcer|"6"""|3|5+|5||3|6+|1|25mm|CSM|Chaos Space Marines
2732|1|Renegade Heavy Weapons Squad|"6"""|3|5+|-||2|7+|2|40mm|CSM|Chaos Space Marines
2733|1|Ogryn Pack Master|"6"""|6|5+|-||4|7+|1|40mm|CSM|Chaos Space Marines
2733|2|Chaos Mauler Hound|"6"""|4|6+|-||1|7+|1|60 x 35.5mm|CSM|Chaos Space Marines
2734|1|Renegade Ogryn Brutes|"6"""|6|5+|-||3|7+|1|40mm|CSM|Chaos Space Marines
2735|1|Renegade Plague Ogryns|"5"""|7|5+|-||3|7+|1|40mm|CSM|Chaos Space Marines
1600|1|Rogue Psyker|"6"""|3|5+|-||3|7+|1|32mm|CSM|Chaos Space Marines
3583|1|Rubric Marine|"6"""|5|3+|5||2|7+|2|32mm|CSM|Chaos Space Marines
3583|2|Aspiring Sorcerer|"6"""|5|3+|5||3|6+|2|32mm|CSM|Chaos Space Marines
3642|1|Sicaran Battle Tank|"10"""|11|2+|-||14|6+|4||CSM|Chaos Space Marines
3686|1|Sicaran Punisher|"10"""|11|2+|-||14|6+|4||CSM|Chaos Space Marines
3678|1|Sicaran Venator|"10"""|11|2+|-||14|6+|4||CSM|Chaos Space Marines
3638|1|Sokar-pattern Stormbird|"20""+"|13|2+|5 (Ranged)|Invulnerabile: 5+ (Ranged)|40|6+|0||CSM|Chaos Space Marines
938|1|Sorcerer|"6"""|5|3+|-||4|6+|1|40mm|CSM|Chaos Space Marines
939|1|Sorcerer in Terminator Armour|"5"""|6|2+|4||5|6+|1|40mm|CSM|Chaos Space Marines
940|1|Sorcerer on Bike|"12"""|5|3+|-||5|6+|2|75 x 25mm|CSM|Chaos Space Marines
941|1|Sorcerer on Disc of Tzeentch|"12"""|4|3+|-||5|6+|1|40mm|CSM|Chaos Space Marines
942|1|Sorcerer on Palanquin of Nurgle|"5"""|5|3+|-||7|6+|2|60mm|CSM|Chaos Space Marines
943|1|Sorcerer on Steed of Slaanesh|"14"""|5|3+|-||5|6+|2|60 x 35.5mm|CSM|Chaos Space Marines
870802|1|Sorcerous Champion (Crucible)|"6"""|4|3+|-||4|6+|1||CSM|Chaos Space Marines
813940|1|Soul Forge Tyrant (Crucible)|"10"""|9|2+|5||10|6+|4||CSM|Chaos Space Marines
3622|1|Spartan|"10"""|12|2+|-||18|6+|6||CSM|Chaos Space Marines
3674|1|Storm Eagle Gunship|"20+"""|10|3+|-||18|6+|0|120 x 92mm|CSM|Chaos Space Marines
3606|1|Terrax-pattern Termite|"8"""|10|3+|-||14|6+|2||CSM|Chaos Space Marines
2589|1|Traitor Enforcer|"6"""|3|5+|5||3|6+|1|32mm|CSM|Chaos Space Marines
2589|2|Traitor Ogryn|"6"""|6|5+|-||4|7+|1|40mm|CSM|Chaos Space Marines
2590|1|Traitor Guardsmen Squad|"6"""|3|5+|-||1|7+|2|25mm|CSM|Chaos Space Marines
3682|1|Typhon|"10"""|12|2+|-||18|6+|6||CSM|Chaos Space Marines
2679|1|Vashtorr the Arkifane|"12"""|10|2+|4||14|6+|3|80mm|CSM|Chaos Space Marines
1586|1|Venomcrawler|"12"""|9|3+|5||9|6+|3|100mm|CSM|Chaos Space Marines
959|1|Warp Talon Champion|"12"""|5|3+|5||2|6+|1|32mm|CSM|Chaos Space Marines
959|2|Warp Talons|"12"""|5|3+|5||2|6+|1|32mm|CSM|Chaos Space Marines
944|1|Warpsmith|"6"""|5|2+|-||4|6+|1|60 x 35.5mm|CSM|Chaos Space Marines
3662|1|Whirlwind Scorpius|"10"""|10|3+|-||11|6+|3||CSM|Chaos Space Marines
3666|1|Xiphon Interceptor|20+|9|3+|-||12|6+|0|120 x 92mm|CSM|Chaos Space Marines
4115|1|Beasts of Nurgle|"6"""|9|6+|5||7|7+|3|60mm|DG|Death Guard
1368|1|Biologus Putrifier|"5"""|6|3+|-||4|6+|1|40mm|DG|Death Guard
1372|1|Blightlord Terminators|"5"""|7|2+|4||3|6+|1|40mm|DG|Death Guard
3628|1|Cerberus|"10"""|12|2+|-||18|6+|6||DG|Death Guard
1049|1|Chaos Land Raider|"10"""|12|2+|-||16|6+|5||DG|Death Guard
3592|1|Chaos Lord on Palanquin of Nurgle|"5"""|5|3+|4||8|6+|2|60mm|DG|Death Guard
1050|1|Chaos Predator Annihilator|"10"""|10|3+|-||11|6+|3||DG|Death Guard
2461|1|Chaos Predator Destructor|"10"""|10|3+|-||11|6+|3||DG|Death Guard
1047|1|Chaos Rhino|"12"""|9|3+|-||10|6+|2||DG|Death Guard
1048|1|Chaos Spawn|"8"""|7|4+|-||4|7+|1|50mm|DG|Death Guard
3585|1|Chaos Thunderhawk|"20""+"|12|2+|-||30|6+|0|120 x 92mm|DG|Death Guard
1052|1|Daemon Prince of Nurgle|"8"""|12|2+|4||10|6+|3|60mm|DG|Death Guard
2749|1|Death Guard Daemon Prince with wings|"12"""|11|2+|4||10|6+|3|60mm|DG|Death Guard
526516|1|Daemonic Charioteer|"6"""|7|6+|-||8|7+|3||DG|Death Guard
954773|1|Daemonic Herald|"6"""|3|7+|-||3|7+|1||DG|Death Guard
1037|1|Death Guard Chaos Lord|"5"""|5|3+|4||5|6+|1|40mm|DG|Death Guard
1038|1|Death Guard Chaos Lord in Terminator Armour|"4"""|6|2+|4||6|6+|1|40mm|DG|Death Guard
1043|1|Death Guard Cultists|"6"""|3|6+|-||1|7+|1|25mm|DG|Death Guard
1045|1|Death Guard Possessed|"9"""|6|3+|5||3|6+|1|32mm|DG|Death Guard
1041|1|Death Guard Sorcerer in Terminator Armour|"4"""|6|2+|4||5|6+|1|40mm|DG|Death Guard
1371|1|Deathshroud Terminators|"5"""|7|2+|4||4|6+|1|40mm|DG|Death Guard
4209|1|Defiler|"12"""|11|3+|5||18|6+|5|160mm|DG|Death Guard
3624|1|Deredeo Dreadnought|"6"""|9|2+|5||12|6+|3|80mm|DG|Death Guard
3688|1|Falchion|"9"""|13|2+|-||24|6+|8||DG|Death Guard
3652|1|Fellblade|"9"""|13|2+|-||24|6+|8||DG|Death Guard
3616|1|Fire Raptor Gunship|"20+"""|10|3+|-||18|6+|0|120 x 92mm|DG|Death Guard
4110|1|Foetid Bloat-drone|"10"""|9|3+|5||10|6+|3|60mm|DG|Death Guard
270584|1|Foetid Bloat-drone with heavy blight launcher|"10"""|9|3+|5||10|6+|3||DG|Death Guard
1367|1|Foul Blightspawn|"5"""|6|3+|-||4|6+|1|40mm|DG|Death Guard
3593|1|Gellerpox Mutant|"5"""|5|6+|-||1|7+|1|25mm|DG|Death Guard
3593|2|Nightmare Hulk|"5"""|5|6+|-||4|7+|1|40mm|DG|Death Guard
4112|1|Great Unclean One|"7"""|12|5+|4||20|6+|5|130mm|DG|Death Guard
3586|1|Greater Blight Drone|"10"""|9|3+|5||10|6+|3|60mm|DG|Death Guard
1046|1|Helbrute|"7"""|9|2+|-||8|6+|3|60mm|DG|Death Guard
3595|1|Hell Talon|"20+"""|9|3+|5||14|6+|0|120 x 92mm|DG|Death Guard
3594|1|Hellblade|"20+"""|8|3+|5||10|6+|0|120 x 92mm|DG|Death Guard
2750|1|Icon Bearer|"5"""|6|3+|-||4|5+|1|32mm|DG|Death Guard
189805|1|Immortal Champion|"8"""|10|2+|-||10|6+|3||DG|Death Guard
3632|1|Kratos|"10"""|12|2+|-||18|6+|6||DG|Death Guard
3608|1|Land Raider Achilles|"10"""|12|2+|4||16|6+|5||DG|Death Guard
3612|1|Land Raider Proteus|"12"""|12|2+|-||16|6+|5||DG|Death Guard
3648|1|Leviathan Dreadnought|"8"""|10|2+|5||12|6+|4|80mm|DG|Death Guard
1054|1|Lord of Contagion|"5"""|7|2+|4||6|6+|1|40mm|DG|Death Guard
4109|1|Lord of Poxes|"5"""|6|3+|4||5|6+|1|40mm|DG|Death Guard
2460|1|Lord of Virulence|"5"""|7|2+|4||6|6+|1|50mm|DG|Death Guard
1055|1|Malignant Plaguecaster|"5"""|6|3+|-||4|6+|1|32mm|DG|Death Guard
3644|1|Mastodon|"9"""|14|2+|-||30|6+|12||DG|Death Guard
2462|1|Miasmic Malignifier|-|10|3+|-||12|6+|0||DG|Death Guard
1377|1|Mortarion|"10"""|12|2+|4||16|5+|6|100mm|DG|Death Guard
3596|1|Mutoid Vermin|"8"""|2|7+|-||1|8+|0|25mm|DG|Death Guard
1374|1|Myphitic Blight-haulers|"10"""|9|3+|5||10|6+|3|80mm|DG|Death Guard
1058|1|Noxious Blightbringer|"5"""|6|3+|-||4|6+|1|40mm|DG|Death Guard
4116|1|Nurglings|"5"""|3|7+|5||4|8+|0|40mm|DG|Death Guard
4114|1|Plague Drones|"10"""|8|6+|5||5|7+|2|60mm|DG|Death Guard
302887|1|Plague Lord|"5"""|6|3+|4||5|6+|1||DG|Death Guard
1044|1|Plague Marine|"5"""|6|3+|-||2|6+|2|32mm|DG|Death Guard
682176|1|Plague Sorcerer|"5"""|6|3+|-||4|6+|1||DG|Death Guard
1369|1|Plague Surgeon|"5"""|6|3+|-||4|6+|1|40mm|DG|Death Guard
4113|1|Plaguebearers|"5"""|5|7+|5||2|7+|2|32mm|DG|Death Guard
1376|1|Plagueburst Crawler|"10"""|10|2+|5||12|6+|3||DG|Death Guard
1056|1|Poxwalkers|"5"""|4|7+|-||1|8+|1|25mm|DG|Death Guard
3668|1|Rapier Carrier|"3"""|6|2+|-||6|6+|2||DG|Death Guard
3656|1|Relic Contemptor Dreadnought|"6"""|9|2+|5||10|6+|3|60mm|DG|Death Guard
4111|1|Rotigus|"7"""|12|5+|4||22|6+|5|130mm|DG|Death Guard
3640|1|Sicaran Battle Tank|"10"""|11|2+|-||14|6+|4||DG|Death Guard
3684|1|Sicaran Punisher|"10"""|11|2+|-||14|6+|4||DG|Death Guard
3676|1|Sicaran Venator|"10"""|11|2+|-||14|6+|4||DG|Death Guard
3636|1|Sokar-pattern Stormbird|"20""+"|13|2+|5 (Ranged)|Invulnerabile: 5+ (Ranged)|40|6+|0||DG|Death Guard
3600|1|Sorcerer on Palanquin of Nurgle|"5"""|5|3+|4||7|6+|2|60mm|DG|Death Guard
3620|1|Spartan|"10"""|12|2+|-||18|6+|6||DG|Death Guard
3672|1|Storm Eagle Gunship|"20+"""|10|3+|-||18|6+|0|120 x 92mm|DG|Death Guard
1370|1|Tallyman|"5"""|6|3+|-||4|6+|1|40mm|DG|Death Guard
3604|1|Terrax-pattern Termite|"8"""|10|3+|-||14|6+|2||DG|Death Guard
869756|1|Tri-lobe Vector|"5"""|6|3+|-||4|6+|1||DG|Death Guard
3680|1|Typhon|"10"""|12|2+|-||18|6+|6||DG|Death Guard
1053|1|Typhus|"5"""|7|2+|4||6|6+|1|50mm|DG|Death Guard
3660|1|Whirlwind Scorpius|"10"""|10|3+|-||11|6+|3||DG|Death Guard
3664|1|Xiphon Interceptor|20+|9|3+|-||12|6+|0|120 x 92mm|DG|Death Guard
634|1|Archon|"7"""|3|4+|2*|Invulnerabile: 2+*|4|6+|1|32mm|DRU|Drukhari
612746|1|Archtormentor|8|3|6+|4||4|7+|1||DRU|Drukhari
652|1|Beastmaster|"12"""|4|6+|6||3|7+|1|32mm|DRU|Drukhari
652|2|Clawed Fiend|"12"""|4|6+|6||5|8+|1|40mm|DRU|Drukhari
652|3|Khymerae|"12"""|4|6+|6||2|8+|1|40mm|DRU|Drukhari
652|4|Razorwing Flock|"12"""|4|6+|6||3|8+|1|40mm|DRU|Drukhari
4170|1|Corsair Cloud Dancer|"14"""|4|3+|-||2|6+|2|32mm|DRU|Drukhari
4171|1|Corsair Reaver Band|"7"""|3|5+|-||3|6+|2|25mm|DRU|Drukhari
4199|1|Corsair Skyreaver|"12"""|3|5+|-||1|7+|1|28.5mm|DRU|Drukhari
4168|1|Corsair Voidreaver|"7"""|3|4+|-||1|7+|2|28.5mm|DRU|Drukhari
4169|1|Corsair Voidscarred|"7"""|3|4+|-||1|6+|1|28.5mm|DRU|Drukhari
2471|1|Court of the Archon|"7"""|3|5+|5||2|7+|1|25mm|DRU|Drukhari
664|1|Cronos|"7"""|7|3+|6||7|7+|2|60mm|DRU|Drukhari
4158|1|Death Jester|"8"""|3|6+|4||4|6+|1|25mm|DRU|Drukhari
643|1|Drazhar|"7"""|3|2+|4||5|6+|1|40mm|DRU|Drukhari
249533|1|Flesh Crafter|"7"""|4|5+|6||5|7+|1||DRU|Drukhari
651|1|Grotesque|"7"""|5|6+|6||4|7+|1|40mm|DRU|Drukhari
641|1|Haemonculus|"7"""|4|5+|6||5|7+|1|25mm|DRU|Drukhari
4156|1|Kabalite Agents|"7"""|3|4+|6||1|7+|1|25mm|DRU|Drukhari
659|1|Hellions|"14"""|4|4+|6||2|7+|1|32mm|DRU|Drukhari
648|1|Incubi|"7"""|3|3+|5||1|6+|1|28.5mm|DRU|Drukhari
648|2|Klaivex|"7"""|3|3+|5||2|6+|1|28.5mm|DRU|Drukhari
644|1|Kabalite Warriors|"7"""|3|4+|6||1|7+|2|25mm|DRU|Drukhari
735806|1|Kharseth|"7"""|3|6+|4||4|6+|1||DRU|Drukhari
4155|1|Lady Malys|"7"""|3|4+|4||5|6+|2|32mm|DRU|Drukhari
640|1|Lelith Hesperax|"8"""|3|6+|4||4|6+|1|32mm|DRU|Drukhari
649|1|Mandrake|"8"""|3|7+|5||1|7+|1|28.5mm|DRU|Drukhari
4198|1|Prince Yriel|"7"""|3|3+|4||5|6+|1|40mm|DRU|Drukhari
656|1|Raider|"14"""|8|4+|6||10|7+|2|60mm|DRU|Drukhari
665|1|Ravager|"14"""|9|4+|6||11|7+|3|60mm|DRU|Drukhari
1390|1|Raven Strike Fighter|"20+"""|8|4+|5||10|7+|0|120 x 92mm|DRU|Drukhari
660|1|Razorwing Jetfighter|-|8|4+|6||10|7+|-|120 x 92mm|DRU|Drukhari
666|1|Reaper|"14"""|9|4+|6||11|7+|3||DRU|Drukhari
658|1|Reavers|"16"""|4|4+|6||2|7+|2|32mm|DRU|Drukhari
4157|1|Scourges|"14"""|3|4+|5||1|7+|1|32mm|DRU|Drukhari
749374|1|Scourges|"14"""|3|4+|5||1|7+|1|32mm|DRU|Drukhari
4159|1|Shadowseer|"8"""|3|6+|4||4|6+|1|25mm|DRU|Drukhari
4163|1|Skyweaver|"14"""|4|4+|4||3|6+|2|60mm|DRU|Drukhari
4160|1|Solitaire|"12"""|3|6+|4||4|6+|1|25mm|DRU|Drukhari
4200|1|Starfang|"14"""|6|3+|-||6|7+|2|105 x 70mm|DRU|Drukhari
4162|1|Starweaver|"14"""|6|4+|4||6|6+|2|65mm|DRU|Drukhari
639|1|Succubus|"8"""|3|6+|4||4|7+|1|25mm|DRU|Drukhari
663|1|Talos|"7"""|7|3+|6||7|7+|2|60mm|DRU|Drukhari
667|1|Tantalus|"16"""|10|4+|5||18|7+|5||DRU|Drukhari
4164|1|Troupe|"8"""|3|6+|4||1|6+|1|25mm|DRU|Drukhari
4161|1|Troupe Master|"8"""|3|6+|4||4|6+|1|25mm|DRU|Drukhari
642|1|Urien Rakarth|"7"""|4|6+|4||5|6+|1|25mm|DRU|Drukhari
657|1|Venom|"14"""|6|4+|6||6|7+|1|60mm|DRU|Drukhari
661|1|Voidraven|-|9|4+|6||12|7+|-|120 x 92mm|DRU|Drukhari
4165|1|Voidweaver|"14"""|6|4+|4||6|6+|2|65mm|DRU|Drukhari
650|1|Wracks|"7"""|4|5+|6||2|7+|2|25mm|DRU|Drukhari
646|1|Wyches|"8"""|3|6+|4* / 6|Invulnerabile: 4+* / 6+|1|7+|2|25mm|DRU|Drukhari
760179|1|Champion of Excess|"7"""|4|3+|4||4|6+|1||EC|Emperor’s Children
4082|1|Chaos Land Raider|"10"""|12|2+|-||16|6+|5||EC|Emperor’s Children
4093|1|Chaos Rhino|"12"""|9|3+|-||10|6+|2||EC|Emperor’s Children
4090|1|Chaos Spawn|"10"""|5|4+|-||4|7+|1|50mm|EC|Emperor’s Children
369206|1|Chaos Terminators|"6"""|6|2+|4||3|6+|1|40mm|EC|Emperor’s Children
4086|1|Daemon Prince of Slaanesh|"10"""|10|2+|4||10|6+|3|60mm|EC|Emperor’s Children
4087|1|Daemon Prince of Slaanesh with Wings|"14"""|9|2+|4||10|6+|3|60mm|EC|Emperor’s Children
4095|1|Daemonettes|"9"""|3|7+|5||1|7+|1|25mm|EC|Emperor’s Children
640912|1|Daemonic Charioteer|"6"""|7|6+|-||8|7+|3||EC|Emperor’s Children
101713|1|Daemonic Herald|"6"""|3|7+|-||3|7+|1||EC|Emperor’s Children
4208|1|Defiler|"12"""|11|3+|5||18|6+|5|160mm|EC|Emperor’s Children
411305|1|Excruciator|"7"""|4|3+|-||4|6+|1||EC|Emperor’s Children
4096|1|Fiends|"12"""|5|7+|5||4|7+|2|75 x 42mm|EC|Emperor’s Children
4089|1|Flawless Blades|"8"""|5|3+|5||3|6+|1|40mm|EC|Emperor’s Children
609931|1|Flawless Champion|"8"""|5|3+|5||5|6+|1||EC|Emperor’s Children
4077|1|Fulgrim|"16"""|11|2+|4||16|5+|6|130mm|EC|Emperor’s Children
4092|1|Heldrake|"12"""|10|3+|5||14|7+|0|120 x 92mm|EC|Emperor’s Children
632617|1|Immortal Champion|"8"""|10|2+|-||10|6+|3||EC|Emperor’s Children
4080|1|Infractors|"7"""|5|3+|-||2|6+|2|32mm|EC|Emperor’s Children
4097|1|Keeper of Secrets|"14"""|10|5+|4||18|6+|5|100mm|EC|Emperor’s Children
4078|1|Lord Exultant|"7"""|5|3+|4||5|6+|1|40mm|EC|Emperor’s Children
4084|1|Lord Kakophonist|"6"""|6|2+|4||6|6+|1|40mm|EC|Emperor’s Children
4083|1|Lucius the Eternal|"8"""|6|2+|4||6|6+|1|50mm|EC|Emperor’s Children
4091|1|Maulerfiend|"10"""|10|3+|5||12|6+|3|120 x 92mm|EC|Emperor’s Children
4088|1|Disharmonist|"6"""|5|3+|-||3|6+|1|40mm|EC|Emperor’s Children
4088|2|Noise Marines|"6"""|5|3+|-||3|6+|1|40mm|EC|Emperor’s Children
4098|1|Seeker|"14"""|4|7+|5||2|7+|1|60 x 35.5mm|EC|Emperor’s Children
4098|2|Heartseeker|"14"""|4|7+|5||2|7+|1||EC|Emperor’s Children
4094|1|Shalaxi Helbane|"14"""|10|3+|4||20|6+|5|100mm|EC|Emperor’s Children
4085|1|Sorcerer|"7"""|5|3+|-||4|6+|1|40mm|EC|Emperor’s Children
4079|1|Tormentors|"7"""|5|3+|-||2|6+|2|32mm|EC|Emperor’s Children
514|1|Aberrant Hypermorph|"6"""|6|5+|-||3|7+|1|32mm|GC|Genestealer Cults
514|2|Aberrant|"6"""|6|5+|-||3|7+|1|32mm|GC|Genestealer Cults
1546|1|Abominant|"6"""|6|5+|-||5|7+|1|40mm|GC|Genestealer Cults
1573|1|Achilles Ridge Runner|"12"""|7|3+|-||8|7+|3|120 x 92mm|GC|Genestealer Cults
511|1|Acolyte Hybrid|"6"""|4|5+|-||1|7+|2|32mm|GC|Genestealer Cults
3716|1|Acolyte Hybrid|"6"""|4|5+|-||1|7+|2|32mm|GC|Genestealer Cults
510|1|Acolyte Iconward|"6"""|4|5+|-||3|6+|1|32mm|GC|Genestealer Cults
3955|1|Aegis Defence Line|-|12|2+|-||10|7+|0||GC|Genestealer Cults
155653|1|Aquila Lander|"14"""|9|3+|-||12|7+|0|120 x 92mm|GC|Genestealer Cults
3994|1|Arkurian Stormhammer|"9"""|13|2+|-||24|7+|8||GC|Genestealer Cults
3995|1|Armageddon-pattern Medusa|"10"""|9|3+|-||11|7+|3||GC|Genestealer Cults
3960|1|Armoured Sentinel|"8"""|8|2+|-||7|7+|2|80mm|GC|Genestealer Cults
3972|1|Artillery Team|"3"""|7|3+|-||10|7+|3|100mm|GC|Genestealer Cults
817603|1|Arvus Lighter|"14"""|8|3+|-||8|7+|0|120 x 92mm|GC|Genestealer Cults
1574|1|Atalan Jackal|"12"""|4|5+|-||2|7+|1|60 x 35.5mm|GC|Genestealer Cults
1574|2|Atalan Wolfquad|"12"""|4|5+|-||4|7+|1|60mm|GC|Genestealer Cults
3996|1|Atlas Recovery Vehicle|"10"""|9|3+|-||10|7+|3||GC|Genestealer Cults
3962|1|Attilan Rough Rider|"12"""|4|4+|-||2|7+|1|60 x 35.5mm|GC|Genestealer Cults
969528|1|Augmented Bone 'Ead|"6"""|3|4+|-||3|6+|1||GC|Genestealer Cults
3963|1|Baneblade|"12"""|13|2+|-||24|7+|8||GC|Genestealer Cults
3964|1|Banehammer|"12"""|13|2+|-||24|7+|8||GC|Genestealer Cults
3965|1|Banesword|"12"""|13|2+|-||24|7+|8||GC|Genestealer Cults
3966|1|Basilisk|"10"""|9|3+|-||11|7+|3||GC|Genestealer Cults
3715|1|Benefictus|"6"""|3|5+|5||3|7+|1|32mm|GC|Genestealer Cults
1572|1|Biophagus|"6"""|3|5+|-||3|7+|1|25mm|GC|Genestealer Cults
3938|1|Cadian Castellan|"6"""|3|5+|5||4|7+|1|28.5mm|GC|Genestealer Cults
3939|1|Cadian Commander|"6"""|3|5+|-||3|7+|1|28.5mm|GC|Genestealer Cults
3939|2|Cadian Veteran Guardsman|"6"""|3|5+|-||1|7+|1|28.5mm|GC|Genestealer Cults
4001|1|Heavy Weapons Team|"6"""|3|5+|-||2|7+|2|60mm|GC|Genestealer Cults
354181|1|Cadian Recon Squad|"6"""|3|5+|-||1|7+|1|28.5mm|GC|Genestealer Cults
3948|1|Shock Trooper|"6"""|3|5+|-||1|7+|2|25mm|GC|Genestealer Cults
3997|1|Carnodon|"12"""|10|2+|-||12|7+|3||GC|Genestealer Cults
3941|1|Veteran Guardsman|"6"""|3|5+|-||1|7+|1|25mm|GC|Genestealer Cults
3941|2|Catachan Commander|"6"""|3|5+|-||3|7+|1|25mm|GC|Genestealer Cults
3968|1|Heavy Weapons Team|"6"""|3|5+|-||2|7+|2|60mm|GC|Genestealer Cults
3949|1|Catachan Jungle Fighter|"6"""|3|5+|-||1|7+|2|25mm|GC|Genestealer Cults
3998|1|Centaur Light Carrier|"10"""|7|3+|-||7|7+|1||GC|Genestealer Cults
4222|1|Centaur RSV|"12"""|7|3+|-||10|7+|2||GC|Genestealer Cults
3951|1|Chimera|"10"""|9|3+|-||11|7+|2||GC|Genestealer Cults
1567|1|Clamavus|"6"""|3|5+|-||3|6+|1|32mm|GC|Genestealer Cults
3999|1|Colossus|"10"""|10|2+|-||11|7+|3||GC|Genestealer Cults
4000|1|Crassus|"10"""|11|2+|-||18|7+|5||GC|Genestealer Cults
528964|1|Cult Guerrilla|"6"""|3|5+|5||3|7+|1||GC|Genestealer Cults
969787|1|Cult Insurrectionist|"6"""|3|5+|5||4|6+|1||GC|Genestealer Cults
3993|1|Cyclops Demolition Vehicle|"8"""|4|3+|-||4|8+|0||GC|Genestealer Cults
576332|1|Grenadier|"6"""|3|4+|-||1|7+|1|25mm|GC|Genestealer Cults
576332|2|Heavy Weapons Team|"6"""|3|4+|-||2|7+|2|60mm|GC|Genestealer Cults
3950|1|Death Korps of Krieg|"6"""|3|5+|-||1|7+|2|25mm|GC|Genestealer Cults
3969|1|Death Rider|"10"""|4|4+|-||2|7+|1|60 x 35.5mm|GC|Genestealer Cults
3877|1|Deathleaper|"8"""|6|3+|4||7|7+|1|60mm|GC|Genestealer Cults
3970|1|Deathstrike|"10"""|10|3+|-||11|7+|3||GC|Genestealer Cults
4002|1|Dominus Armoured Siege Bombard|"9"""|13|2+|-||20|7+|8||GC|Genestealer Cults
3971|1|Doomhammer|"12"""|13|2+|-||24|7+|8||GC|Genestealer Cults
4003|1|Earthshaker Carriage Battery|"4"""|7|4+|-||6|7+|2||GC|Genestealer Cults
3956|1|Earthshaker Platform|-|8|3+|-||8|7+|2||GC|Genestealer Cults
4004|1|Elysian Drop Sentinel|"10"""|6|3+|-||6|7+|2|60mm|GC|Genestealer Cults
4005|1|Elysian Sniper Team|"6"""|3|5+|-||2|7+|2|60mm|GC|Genestealer Cults
918516|1|Field Ordnance Battery|"3"""|5|4+|-||6|7+|2||GC|Genestealer Cults
451601|1|Front-line Commander|"6"""|3|5+|-||4|7+|1||GC|Genestealer Cults
3881|1|Gargoyles|"12"""|3|6+|-||1|8+|2|32mm|GC|Genestealer Cults
521|1|Goliath Rockgrinder|"12"""|10|3+|-||10|7+|3||GC|Genestealer Cults
516|1|Goliath Truck|"12"""|9|3+|-||10|7+|2||GC|Genestealer Cults
4006|1|Gorgon Heavy Transport|"9"""|13|2+|5*|Invulnerabile: 5+*|20|7+|8||GC|Genestealer Cults
4007|1|Griffon Mortar Carrier|"10"""|9|3+|-||11|7+|3||GC|Genestealer Cults
4008|1|Hades Breaching Drill|"6"""|9|3+|-||8|7+|2||GC|Genestealer Cults
4009|1|Heavy Mortar Team|"4"""|5|3+|-||4|7+|2||GC|Genestealer Cults
4010|1|Heavy Quad Launcher Team|"4"""|5|3+|-||4|7+|2||GC|Genestealer Cults
3973|1|Hellhammer|"12"""|13|2+|-||24|7+|8||GC|Genestealer Cults
3974|1|Hellhound|"10"""|10|2+|-||11|7+|3||GC|Genestealer Cults
4223|1|Hippogriff AFV|"12"""|8|3+|-||7|7+|2||GC|Genestealer Cults
513|1|Hybrid Metamorph|"6"""|4|5+|-||1|7+|1|32mm|GC|Genestealer Cults
513|2|Hybrid Leader|"6"""|4|5+|-||1|7+|1||GC|Genestealer Cults
3975|1|Hydra|"10"""|9|3+|-||11|7+|3||GC|Genestealer Cults
3957|1|Hydra Platform|-|8|3+|-||8|7+|2||GC|Genestealer Cults
4118|1|Ravener Prime|"10"""|5|4+|-||6|7+|1|40mm|GC|Genestealer Cults
4118|2|Ravener|"10"""|5|4+|-||3|8+|1|40mm|GC|Genestealer Cults
1565|1|Jackal Alphus|"12"""|4|5+|-||4|7+|1|60 x 35.5mm|GC|Genestealer Cults
3976|1|Kasrkin|"6"""|3|4+|-||1|7+|1|28.5mm|GC|Genestealer Cults
1570|1|Kelermorph|"6"""|3|5+|5||3|7+|1|32mm|GC|Genestealer Cults
3977|1|Krieg Combat Engineers|"6"""|3|4+|-||1|7+|1|25mm|GC|Genestealer Cults
622418|1|Lord Commissar|"6"""|3|5+|-||3|6+|1|32mm|GC|Genestealer Cults
622418|2|Veteran Guardsman|"6"""|3|5+|-||1|7+|1|25mm|GC|Genestealer Cults
3978|1|Heavy Weapons Gunner|"4"""|3|4+|-||2|7+|1|50mm|GC|Genestealer Cults
3978|2|Fire Coordinator|"6"""|3|5+|-||1|7+|1|25mm|GC|Genestealer Cults
3979|1|Leman Russ Battle Tank|"10"""|11|2+|-||13|7+|3||GC|Genestealer Cults
3942|1|Leman Russ Commander|"10"""|11|2+|-||13|7+|3||GC|Genestealer Cults
3980|1|Leman Russ Battle Tank|"10"""|11|2+|-||13|7+|3||GC|Genestealer Cults
3981|1|Leman Russ Battle Tank|"10"""|11|2+|-||13|7+|3||GC|Genestealer Cults
3982|1|Leman Russ Battle Tank|"10"""|11|2+|-||13|7+|3||GC|Genestealer Cults
3983|1|Leman Russ Battle Tank|"10"""|11|2+|-||13|7+|3||GC|Genestealer Cults
3984|1|Leman Russ Battle Tank|"10"""|11|2+|-||13|7+|3||GC|Genestealer Cults
3985|1|Leman Russ Battle Tank|"10"""|11|2+|-||13|7+|3||GC|Genestealer Cults
3883|1|Lictor|"8"""|6|4+|-||6|7+|1|50mm|GC|Genestealer Cults
1568|1|Locus|"6"""|4|5+|4||3|7+|1|32mm|GC|Genestealer Cults
4011|1|Macharius|"9"""|13|2+|-||20|7+|8||GC|Genestealer Cults
4012|1|Macharius Omega|"9"""|13|2+|-||20|7+|8||GC|Genestealer Cults
4013|1|Macharius Vanquisher|"9"""|13|2+|-||20|7+|8||GC|Genestealer Cults
4014|1|Macharius Vulcan|"9"""|13|2+|-||20|7+|8||GC|Genestealer Cults
988725|1|Macro Organism|"8"""|10|3+|-||14|8+|4||GC|Genestealer Cults
508|1|Magus|"6"""|3|5+|5||4|6+|1|32mm|GC|Genestealer Cults
4015|1|Malcador|"10"""|11|2+|-||18|7+|5||GC|Genestealer Cults
4016|1|Malcador Annihilator|"10"""|11|2+|-||18|7+|5||GC|Genestealer Cults
4017|1|Malcador Defender|"10"""|11|2+|-||18|7+|5||GC|Genestealer Cults
4018|1|Malcador Infernus|"10"""|11|2+|-||18|7+|5||GC|Genestealer Cults
3986|1|Manticore|"10"""|10|3+|-||11|7+|3||GC|Genestealer Cults
3958|1|Manticore Platform|-|8|3+|-||8|7+|2||GC|Genestealer Cults
3884|1|Mawloc|"10"""|10|3+|-||14|8+|4|120 x 92mm|GC|Genestealer Cults
4019|1|Medusa Carriage Battery|"4"""|7|4+|-||6|7+|2||GC|Genestealer Cults
4020|1|Minotaur|"10"""|11|2+|-||18|7+|5||GC|Genestealer Cults
4021|1|Mukaali Rider|"8"""|6|4+|-||5|7+|2|40mm|GC|Genestealer Cults
512|1|Neophyte Hybrid|"6"""|3|5+|-||1|7+|2|25mm|GC|Genestealer Cults
3885|1|Neurolictor|"8"""|5|4+|4||7|7+|1|50mm|GC|Genestealer Cults
1571|1|Nexos|"6"""|3|5+|-||3|7+|1|40mm|GC|Genestealer Cults
849221|1|Node Organism|"6"""|5|4+|-||6|7+|1||GC|Genestealer Cults
3878|1|Parasite of Mortrex|"12"""|5|4+|-||5|8+|1|40mm|GC|Genestealer Cults
507|1|Patriarch|"8"""|5|4+|4||6|6+|1|50mm|GC|Genestealer Cults
4023|1|Praetor|"10"""|11|2+|-||18|7+|5||GC|Genestealer Cults
3943|1|Primaris Psyker|"6"""|3|5+|-||3|7+|1|32mm|GC|Genestealer Cults
221885|1|Prime Organism|"8"""|9|2+|-||9|7+|3||GC|Genestealer Cults
509|1|Primus|"6"""|3|5+|5||4|6+|1|32mm|GC|Genestealer Cults
515|1|Purestrain Genestealer|"8"""|4|5+|5||2|7+|1|32mm|GC|Genestealer Cults
3946|1|Quartermaster Revenant|"6"""|3|4+|-||3|7+|1|25mm|GC|Genestealer Cults
3946|2|Medicae Servitors|"6"""|3|4+|-||1|8+|0|25mm|GC|Genestealer Cults
4024|1|Rapier Laser Destroyer Battery|"6"""|4|4+|-||3|7+|1||GC|Genestealer Cults
544830|1|Raveners|"10"""|5|4+|-||3|8+|1|40mm|GC|Genestealer Cults
2525|1|Reductus Saboteur|"6"""|3|5+|5||3|7+|1|32mm|GC|Genestealer Cults
4025|1|Regimental Attachés|"6"""|3|5+|-||1|7+|1||GC|Genestealer Cults
199931|1|Ripper Swarm|"6"""|2|6+|-||4|8+|0|40mm|GC|Genestealer Cults
3987|1|Rogal Dorn Battle Tank|"10"""|12|2+|-||18|7+|5||GC|Genestealer Cults
741397|1|Rogal Dorn Commander|"10"""|12|2+|-||18|7+|5||GC|Genestealer Cults
3959|1|Sabre Weapons Battery|-|4|4+|-||4|7|1||GC|Genestealer Cults
4026|1|Salamander Command Vehicle|"12"""|8|3+|-||10|7+|3||GC|Genestealer Cults
4027|1|Salamander Scout Vehicle|"12"""|8|3+|-||10|7+|3||GC|Genestealer Cults
1569|1|Sanctus|"6"""|3|5+|5||3|7+|1|32mm|GC|Genestealer Cults
3988|1|Scout Sentinel|"10"""|7|3+|-||7|7+|2|80mm|GC|Genestealer Cults
976334|1|Sentinel Commander|"10"""|7|3+|-||7|7+|2||GC|Genestealer Cults
4028|1|Sentinel Powerlifter|"8"""|7|3+|-||6|7+|2||GC|Genestealer Cults
3989|1|Shadowsword|"12"""|13|2+|-||24|7+|8||GC|Genestealer Cults
3954|1|Storm Chimera|"10"""|9|3+|-||11|7+|2||GC|Genestealer Cults
4029|1|Stormblade|"9"""|13|2+|-||24|7+|8||GC|Genestealer Cults
3990|1|Stormlord|"12"""|13|2+|-||24|7+|8||GC|Genestealer Cults
3991|1|Stormsword|"12"""|13|2+|-||24|7+|8||GC|Genestealer Cults
4030|1|Stygies Destroyer Tank Hunter|"10"""|11|2+|-||13|7+|3||GC|Genestealer Cults
4031|1|Tarantula Battery|-|5|3+|-||4|7+|0||GC|Genestealer Cults
4032|1|Tauros Assault Vehicle|"12"""|6|4+|-||6|7+|2||GC|Genestealer Cults
4033|1|Tauros Venator|"12"""|6|4+|-||6|7+|2||GC|Genestealer Cults
3952|1|Taurox|"12"""|8|3+|-||10|7+|2||GC|Genestealer Cults
3953|1|Taurox Prime|"12"""|8|3+|-||10|7+|2||GC|Genestealer Cults
1576|1|Tectonic Fragdrill|-|11|3+|-||14|7+|0||GC|Genestealer Cults
4226|1|The Red Terror|"10"""|8|3+|-||9|8+|3|100mm|GC|Genestealer Cults
4034|1|Trojan Support Vehicle|"10"""|9|3+|-||11|7+|2||GC|Genestealer Cults
3887|1|Trygon|"10"""|10|3+|-||14|8+|4|120 x 92mm|GC|Genestealer Cults
3882|1|Tyrannocyte|"8"""|9|3+|-||10|8+|2|100mm|GC|Genestealer Cults
4035|1|Valdor|"9"""|13|2+|-||20|7+|8||GC|Genestealer Cults
666328|1|Valkyrie|"14"""|10|2+|-||14|7+|-|120 x 92mm|GC|Genestealer Cults
428338|1|Valkyrie Sky Talon|"14"""|10|2+|-||14|7+|0|120 x 92mm|GC|Genestealer Cults
396425|1|Vendetta Gunship|"14"""|10|2+|-||14|7+|0|120 x 92mm|GC|Genestealer Cults
175132|1|Voice of the Patriarch|"6"""|3|5+|5||4|6+|1||GC|Genestealer Cults
3888|1|Von Ryan's Leaper|"10"""|5|4+|6||3|8+|1|40mm|GC|Genestealer Cults
353919|1|Vulture Gunship|"14"""|10|2+|-||14|7+|0|120 x 92mm|GC|Genestealer Cults
3879|1|Winged Hive Tyrant|"12"""|9|2+|4||10|7+|3|60mm|GC|Genestealer Cults
3880|1|Winged Tyranid Prime|"12"""|5|4+|-||6|7+|1|50mm|GC|Genestealer Cults
3992|1|Wyvern|"10"""|9|3+|-||11|7+|3||GC|Genestealer Cults
376|1|Brother-Captain|"5"""|6|2+|4||6|6+|1|40mm|GK|Grey Knights
377|1|Brother-Captain Stern|"5"""|5|2+|4||6|6+|1|40mm|GK|Grey Knights
379|1|Brotherhood Champion|"6"""|5|2+|4||4|6+|1|32mm|GK|Grey Knights
1362|1|Brotherhood Chaplain|"5"""|6|2+|4||5|5+|1|40mm|GK|Grey Knights
1361|1|Brotherhood Librarian|"5"""|6|2+|4||5|6+|1|40mm|GK|Grey Knights
399|1|Brotherhood Techmarine|"6"""|5|2+|-||4|6+|1|32mm|GK|Grey Knights
382|1|Terminator|"5"""|6|2+|4||3|6+|2|40mm|GK|Grey Knights
380|1|Castellan Crowe|"6"""|5|2+|4||5|6+|1|40mm|GK|Grey Knights
119175|1|Champion of Titan|"6"""|4|2+|4||4|6+|1||GK|Grey Knights
145136|1|Dreadknight Champion|"8"""|8|2+|4||13|6+|4||GK|Grey Knights
375|1|Grand Master|"5"""|6|2+|4||7|6+|1|40mm|GK|Grey Knights
1360|1|Grand Master in Nemesis Dreadknight|"8"""|9|2+|4||13|6+|4|120 x 92mm|GK|Grey Knights
374|1|Grand Master Voldus|"5"""|6|2+|4||7|6+|1|40mm|GK|Grey Knights
390|1|Grey Knights Dreadnought|"6"""|9|2+|-||8|6+|3|60mm|GK|Grey Knights
2768|1|Grey Knights Relic Razorback [Legends]|"12"""|9|3+|-||10|6+|2||GK|Grey Knights
1197|1|Grey Knights Thunderhawk Gunship|"20"""|12|2+|-||30|6+|0||GK|Grey Knights
387|1|Interceptor Squad|"12"""|5|2+|-||2|6+|1|32mm|GK|Grey Knights
373|1|Kaldor Draigo|"5"""|5|2+|4||7|6+|1|40mm|GK|Grey Knights
391|1|Land Raider|"10"""|12|2+|-||16|6+|5||GK|Grey Knights
392|1|Land Raider Crusader|"12"""|12|2+|-||16|6+|5||GK|Grey Knights
393|1|Land Raider Redeemer|"12"""|12|2+|-||16|6+|5||GK|Grey Knights
389|1|Nemesis Dreadknight|"8"""|9|2+|4||13|6+|4|120 x 92mm|GK|Grey Knights
384|1|Paladin|"5"""|6|2+|4||3|6+|1|40mm|GK|Grey Knights
388|1|Purgation Squad|"6"""|5|2+|-||2|6+|1|32mm|GK|Grey Knights
383|1|Purifier Squad|"6"""|5|2+|-||2|6+|1|32mm|GK|Grey Knights
395|1|Razorback|"12"""|9|3+|-||10|6+|2||GK|Grey Knights
396|1|Rhino|"12"""|9|3+|-||10|6+|2||GK|Grey Knights
397|1|Servitors|"6"""|4|4+|6||1|8+|0|25mm|GK|Grey Knights
1363|1|Stormhawk Interceptor|-|9|3+|-||10|6+|-|120 x 92mm|GK|Grey Knights
398|1|Stormraven Gunship|"14"""|10|3+|-||14|6+|0|120 x 92mm|GK|Grey Knights
1364|1|Stormtalon Gunship|-|9|3+|-||10|6+|-|120 x 92mm|GK|Grey Knights
381|1|Strike Squad|"6"""|5|2+|-||2|6+|2|32mm|GK|Grey Knights
330494|1|Venerable Daemon Slayer|"8"""|9|2+|-||8|6+|3||GK|Grey Knights
400|1|Venerable Dreadnought|"8"""|9|2+|-||8|6+|3|60mm|GK|Grey Knights
3816|1|Kill Team Sergeant|"6"""|4|3+|-||2|6+|2||AoI|Imperial Agents
3816|2|Deathwatch Veteran|"6"""|4|3+|-||2|6+|2|32mm|AoI|Imperial Agents
3816|3|Gravis Veteran|"5"""|6|3+|-||3|6+|2|40mm|AoI|Imperial Agents
871|1|Callidus Assassin|"7"""|4|6+|4||4|6+|1|32mm|AoI|Imperial Agents
3817|1|Corvus Blackstar|"14"""|10|3+|-||14|6+|0|120 x 92mm|AoI|Imperial Agents
873|1|Culexus Assassin|"7"""|4|6+|4||4|6+|1|32mm|AoI|Imperial Agents
3828|1|Daemonhost|"6"""|3|5+|5||3|7+|0|25mm|AoI|Imperial Agents
2761|1|Damned Legionnaires|"6"""|4|3+|4||2|6+|1|25mm|AoI|Imperial Agents
369789|1|Deathwatch Agent|"6"""|4|3+|4||5|6+|1||AoI|Imperial Agents
432947|1|Deathwatch Veteran|"6"""|4|3+|-||2|6+|2|32mm|AoI|Imperial Agents
3822|1|Deathwatch Terminator|"5"""|5|2+|4||3|6+|1|40mm|AoI|Imperial Agents
164029|1|Enthroned Agent|"8"""|7|3+|4||9|6+|3||AoI|Imperial Agents
872|1|Eversor Assassin|"9"""|4|6+|4||4|6+|1|32mm|AoI|Imperial Agents
2685|1|Exaction Squad|"6"""|3|4+|-||1|7+|1|28.5mm|AoI|Imperial Agents
3825|1|Kill Team Intercessor|"6"""|4|3+|-||2|6+|1|32mm|AoI|Imperial Agents
3825|2|Kill Team Outrider|"12"""|5|3+|-||4|6+|2|90 x 52mm|AoI|Imperial Agents
3813|1|Grey Knights Terminator Squad|"5"""|6|2+|4||3|6+|2|40mm|AoI|Imperial Agents
2587|1|Navis Armsman|"6"""|3|4+|-||1|7+|2|25mm|AoI|Imperial Agents
3830|1|Imperial Rhino|"12"""|9|3+|-||10|6+|2||AoI|Imperial Agents
3826|1|Kill Team Heavy Intercessor|"5"""|6|3+|-||3|6+|1|40mm|AoI|Imperial Agents
3826|2|Kill Team Heavy Intercessor w/ Heavy Bolter|"5"""|6|3+|-||3|6+|1||AoI|Imperial Agents
3826|3|Kill Team Heavy Intercessor w/ jump pack|"10"""|6|3+|-||3|6+|1||AoI|Imperial Agents
877|1|Inquisitor|"6"""|3|4+|5||4|6+|1|32mm|AoI|Imperial Agents
876|1|Inquisitor Coteaz|"6"""|3|2+|4||4|6+|1|40mm|AoI|Imperial Agents
2090|1|Inquisitor Draxus|"6"""|3|3+|5||4|6+|1|32mm|AoI|Imperial Agents
1579|1|Inquisitor Eisenhorn|"6"""|3|4+|5||4|6+|1|32mm|AoI|Imperial Agents
874|1|Inquisitor Greyfax|"6"""|3|3+|5||4|6+|1|32mm|AoI|Imperial Agents
2760|1|Inquisitor in Terminator Armour|"5"""|4|2+|4||5|6+|1|25mm|AoI|Imperial Agents
875|1|Inquisitor Karamazov|"8"""|9|3+|4||10|6+|3|60mm|AoI|Imperial Agents
4214|1|Inquisitor Kroyle|"12"""|4|3+|4||6|6+|2|60mm|AoI|Imperial Agents
4173|1|Inquisitor Ostromandeus|"6"""|3|3+|5||4|6+|1|32mm|AoI|Imperial Agents
4173|2|Stentor-I-52|"6"""|3|3+|-||3|8+|1|28.5mm|AoI|Imperial Agents
2767|1|Inquisitorial Agents|"6"""|3|5+|-||1|7+|1|25mm|AoI|Imperial Agents
899597|1|Inquisitorial Chimera|"10"""|9|3+|-||11|7+|2||AoI|Imperial Agents
2763|1|Janus Draik|"6"""|3|4+|4||4|6+|1|32mm|AoI|Imperial Agents
3829|1|Jokaero Weaponsmith|"6"""|3|5+|4||2|7+|0|25mm|AoI|Imperial Agents
3821|1|Chaplain Cassius|"6"""|4|3+|4||4|5+|2|32mm|AoI|Imperial Agents
3821|2|Vael Donatus|"6"""|4|3+|-||2|6+|2||AoI|Imperial Agents
3821|3|Zameon Gydrael|"6"""|4|3+|-||2|6+|2||AoI|Imperial Agents
3821|4|Rodricus Grytt|"6"""|4|3+|-||2|6+|2||AoI|Imperial Agents
3821|5|Antor Delassio|"12"""|4|3+|-||2|6+|2||AoI|Imperial Agents
3821|6|Edryc Setorax|"12"""|4|3+|-||2|6+|2||AoI|Imperial Agents
3821|7|Jensus Natorian|"6"""|4|3+|-||2|6+|2||AoI|Imperial Agents
3821|8|Drenn Redblade|"6"""|4|3+|-||2|6+|2||AoI|Imperial Agents
3821|9|Garran Branatar|"5"""|5|2+|4||3|6+|2||AoI|Imperial Agents
3821|10|Ennox Sorrlock|"6"""|4|3+|-||2|6+|2||AoI|Imperial Agents
3821|11|Jetek Suberei|"12"""|5|3+|-||3|6+|2||AoI|Imperial Agents
713876|1|Martial Agent|"6"""|3|4+|5||4|6+|1||AoI|Imperial Agents
3812|1|Ministorum Priest|"6"""|3|6+|4||3|7+|1|32mm|AoI|Imperial Agents
2765|1|Navigator|"6"""|3|5+|4||3|7+|1|32mm|AoI|Imperial Agents
2764|1|Neyam Shai Murad|"6"""|3|4+|4||4|6+|1|32mm|AoI|Imperial Agents
3824|1|Kill Team Biker|"12"""|5|3+|-||3|6+|2|75 x 42mm|AoI|Imperial Agents
3824|2|Kill Team Terminator|"5"""|5|2+|-||3|6+|1|40mm|AoI|Imperial Agents
3824|3|Kill Team Veteran w/ Jump Pack|"12"""|4|3+|-||2|6+|1||AoI|Imperial Agents
3824|4|Kill Team Veteran|"6"""|4|3+|-||2|6+|2|32mm|AoI|Imperial Agents
2762|1|Rogue Trader|"6"""|3|4+|4||4|6+|1|25mm|AoI|Imperial Agents
2762|2|Death Cult Assassin|"6"""|3|4+|4||2|7+|1|25mm|AoI|Imperial Agents
2762|3|Lectro-maester|"6"""|3|4+|4||2|7+|1||AoI|Imperial Agents
2762|4|Rejuvenant Adept|"6"""|3|4+|4||2|7+|1||AoI|Imperial Agents
4074|1|Sanctifiers|"6"""|3|6+|5||1|7+|1|25mm|AoI|Imperial Agents
3819|1|Immolator|"12"""|10|3+|6||11|7+|2||AoI|Imperial Agents
905829|1|Sisters of Battle Squad|"6"""|3|3+|6||1|7+|2||AoI|Imperial Agents
3827|1|Kill Team Infiltrator|"6"""|4|3+|-||2|6+|1|32mm|AoI|Imperial Agents
3827|2|Kill Team Infiltrator w/ Jump pack|"12"""|4|3+|-||2|6+|1||AoI|Imperial Agents
2684|1|Subductor Squad|"6"""|3|3+|4||1|7+|1|28.5mm|AoI|Imperial Agents
2766|1|UR-025|"5"""|5|3+|-||4|7+|1|32mm|AoI|Imperial Agents
3823|1|Veteran Biker Sergeant|"12"""|5|3+|-||3|6+|2|75 x 25mm|AoI|Imperial Agents
3823|2|Veteran Biker|"12"""|5|3+|-||3|6+|2||AoI|Imperial Agents
2683|1|Vigilant Squad|"6"""|3|4+|-||1|7+|2|28.5mm|AoI|Imperial Agents
870|1|Vindicare Assassin|"7"""|4|6+|4||4|6+|1|32mm|AoI|Imperial Agents
2509|1|Voidsmen-at-Arms|"6"""|3|4+|-||1|7+|2|25mm|AoI|Imperial Agents
3814|1|Watch Captain Artemis|"6"""|4|3+|4||4|6+|1|32mm|AoI|Imperial Agents
3815|1|Watch Master|"6"""|4|2+|4||5|6+|1|32mm|AoI|Imperial Agents
1664|1|Acastus Knight Asterius|"8"""|13|2+|5*|Invulnerabile: 5+*|30|6+|10||QI|Imperial Knights
860|1|Acastus Knight Porphyrion|"8"""|13|2+|5*|Invulnerabile: 5+*|30|6+|10||QI|Imperial Knights
1481|1|Armiger Helverin|"12"""|9|3+|5*|Invulnerabile: 5+*|14|7+|6|100mm|QI|Imperial Knights
2769|1|Armiger Moirax|"12"""|9|3+|5*|Invulnerabile: 5+*|14|7+|6|100mm|QI|Imperial Knights
1482|1|Armiger Warglaive|"12"""|9|3+|5*|Invulnerabile: 5+*|14|7+|6|100mm|QI|Imperial Knights
1484|1|Canis Rex|"10"""|11|3+|5*|Invulnerabile: 5+*|26|6+|10|170 x 109mm|QI|Imperial Knights
1484|2|Sir Hekhtur|"6"""|3|4+|-||3|5+|1|25mm|QI|Imperial Knights
861|1|Cerastus Knight Acheron|"12"""|11|3+|5*|Invulnerabile: 5+*|28|6+|10|170 x 109mm|QI|Imperial Knights
862|1|Cerastus Knight Atrapos|"12"""|11|3+|5||28|6+|10|170 x 109mm|QI|Imperial Knights
863|1|Cerastus Knight Castigator|"12"""|11|3+|5*|Invulnerabile: 5+*|28|6+|10|170 x 109mm|QI|Imperial Knights
864|1|Cerastus Knight Lancer|"14"""|11|3+|4||28|6+|10|170 x 109mm|QI|Imperial Knights
1485|1|Knight Castellan|"8"""|12|3+|5*|Invulnerabile: 5+*|28|6+|10|170 x 109mm|QI|Imperial Knights
859|1|Knight Crusader|"10"""|11|3+|5*|Invulnerabile: 5+*|26|6+|10|170 x 109mm|QI|Imperial Knights
4149|1|Knight Defender|"10"""|11|3+|4*|Invulnerabile: 4+*|26|6+|10|170 x 109mm|QI|Imperial Knights
4213|1|Knight Destrier|"12"""|10|3+|5*|Invulnerabile: 5+*|18|6+|8|150 x 95mm|QI|Imperial Knights
856|1|Knight Errant|"10"""|11|3+|5*|Invulnerabile: 5+*|26|6+|10|170 x 109mm|QI|Imperial Knights
858|1|Knight Gallant|"12"""|11|3+|5*|Invulnerabile: 5+*|26|6+|10|170 x 109mm|QI|Imperial Knights
855|1|Knight Paladin|"10"""|11|3+|5*|Invulnerabile: 5+*|26|6+|10|170 x 109mm|QI|Imperial Knights
1483|1|Knight Preceptor|"10"""|11|3+|5*|Invulnerabile: 5+*|26|6+|10|170 x 109mm|QI|Imperial Knights
1486|1|Knight Valiant|"8"""|12|3+|5*|Invulnerabile: 5+*|28|6+|10|170 x 109mm|QI|Imperial Knights
857|1|Knight Warden|"10"""|11|3+|5*|Invulnerabile: 5+*|26|6+|10|170 x 109mm|QI|Imperial Knights
865|1|Questoris Knight Magaera|"10"""|11|3+|5||26|6+|10|170 x 109mm|QI|Imperial Knights
866|1|Questoris Knight Styrix|"10"""|11|3+|5||26|6+|10|170 x 109mm|QI|Imperial Knights
3841|1|Skitarii Marshal|"6"""|3|4+|5||3|6+|1|32mm|QI|Imperial Knights
3842|1|Skitarii Rangers|"6"""|3|4+|5||1|7+|2|25mm|QI|Imperial Knights
3843|1|Skitarii Vanguard|"6"""|3|4+|5||1|7+|2|25mm|QI|Imperial Knights
3839|1|Tech-Priest Dominus|"6"""|4|2+|5||4|7+|1|50mm|QI|Imperial Knights
3840|1|Tech-Priest Manipulus|"6"""|4|2+|5||4|7+|1|50mm|QI|Imperial Knights
4142|1|Arkanyst Evaluator|"5"""|5|3+|-||4|7+|1|32mm|LoV|Leagues of Votann
4201|1|Berehk Stornbröw|"6"""|6|5+|5||5|7+|1|40mm|LoV|Leagues of Votann
2597|1|Brôkhyr Iron-master|"5"""|5|4+|-||4|7+|1|32mm|LoV|Leagues of Votann
2597|2|E-COG|"5"""|5|4+|-||1|7+|1|25mm|LoV|Leagues of Votann
2597|3|Ironkin Assistant|"5"""|5|4+|-||1|7+|1|28.5mm|LoV|Leagues of Votann
2603|1|Brôkhyr Thunderkyn|"5"""|6|3+|-||2|7+|1|40mm|LoV|Leagues of Votann
4140|1|Buri Aegnirssen|"5"""|6|3+|4||5|6+|1|40mm|LoV|Leagues of Votann
2600|1|Beserk|"6"""|6|5+|-||1|7+|1|28.5mm|LoV|Leagues of Votann
4145|1|Cthonian Earthshaker|"4"""|6|4+|-||6|7+|2|80mm|LoV|Leagues of Votann
2595|1|Einhyr Champion|"5"""|5|2+|-||5|7+|1|40mm|LoV|Leagues of Votann
2599|1|Einhyr Hearthguard|"5"""|5|2+|-||2|7+|1|32mm|LoV|Leagues of Votann
2596|1|Grimnyr|"5"""|5|4+|4||4|6+|1|40mm|LoV|Leagues of Votann
2596|2|CORV|"5"""|5|4+|4||1|6+|1|25mm|LoV|Leagues of Votann
2598|1|Hearthkyn Warriors|"5"""|5|4+|5||1|7+|2|28.5mm|LoV|Leagues of Votann
2604|1|Hekaton Land Fortress|"10"""|12|2+|-||16|7+|5|r_170x105mm|LoV|Leagues of Votann
2601|1|Hernkyn Pioneer|"12"""|6|4+|-||3|7+|2|90 x 52mm|LoV|Leagues of Votann
3710|1|Hernkyn Yaegirs|"6"""|5|5+|-||1|7+|1|28.5mm|LoV|Leagues of Votann
4143|1|Ironkin Steeljacks with Heavy Volkanite Disintegrators|"5"""|6|2+|-||3|7+|1|40mm|LoV|Leagues of Votann
4144|1|Ironkin Steeljacks with Melee Weapons|"5"""|6|2+|-||3|7+|1|40mm|LoV|Leagues of Votann
2594|1|Kâhl|"5"""|5|3+|4||4|7+|1|40mm|LoV|Leagues of Votann
4147|1|Kapricus Carrier|"12"""|7|4+|-||7|7+|2|105 x 70mm|LoV|Leagues of Votann
4146|1|Kapricus Defender|"12"""|7|4+|-||7|7+|2|105 x 70mm|LoV|Leagues of Votann
983177|1|Kinhost Commander|"5"""|5|3+|4||4|7+|1||LoV|Leagues of Votann
949343|1|Living Ancestor|"5"""|5|4+|4||4|6+|1||LoV|Leagues of Votann
4141|1|Memnyr Strategist|"5"""|5|4+|-||4|7+|1|32mm|LoV|Leagues of Votann
2602|1|Sagitaur|"12"""|9|3+|-||9|7+|2|r_70x40mm|LoV|Leagues of Votann
979621|1|Steeljack Elder|"5"""|6|2+|-||5|7+|1||LoV|Leagues of Votann
2593|1|Ûthar the Destined|"5"""|5|3+|4||5|6+|1|40mm|LoV|Leagues of Votann
553|1|Annihilation Barge|"10"""|8|3+|4||9|7+|3||NEC|Necrons
531|1|Anrakyr the Traveller|"5"""|5|2+|4||6|6+|1|25mm|NEC|Necrons
542|1|C'tan Shard of the Deceiver|"8"""|11|3+|4||16|6+|4|40mm|NEC|Necrons
541|1|C'tan Shard of the Nightbringer|"10"""|11|3+|4||16|6+|4|90mm|NEC|Necrons
2357|1|C'tan Shard of the Void Dragon|"10"""|11|3+|4||16|6+|4|80mm|NEC|Necrons
559|1|Canoptek Acanthrites|"12"""|5|3+|-||2|8+|2|40mm|NEC|Necrons
2115|1|Canoptek Doomstalker|"8"""|8|3+|4||12|8+|4|90mm|NEC|Necrons
4176|1|Canoptek Macrocytes|"8"""|3|4+|-||1|8+|1|28.5mm|NEC|Necrons
2112|1|Canoptek Reanimator|"8"""|6|3+|-||6|8+|3|60mm|NEC|Necrons
2114|1|Canoptek Scarab Swarms|"10"""|2|6+|-||4|8+|0|40mm|NEC|Necrons
551|1|Canoptek Spyder|"5"""|7|3+|-||6|8+|2|60mm|NEC|Necrons
4177|1|Canoptek Tomb Crawlers|"5"""|4|3+|-||3|8+|1|50mm|NEC|Necrons
560|1|Canoptek Tomb Sentinel|"10"""|9|3+|4||9|8+|3|120 x 92mm|NEC|Necrons
558|1|Canoptek Tomb Stalker|"10"""|9|3+|4||9|8+|3|120 x 92mm|NEC|Necrons
546|1|Canoptek Wraiths|"10"""|6|3+|4||4|8+|2|50mm|NEC|Necrons
533|1|Catacomb Command Barge|"10"""|8|3+|4||9|6+|3|60mm|NEC|Necrons
2354|1|Chronomancer|"5"""|4|4+|4||4|6+|1|40mm|NEC|Necrons
2361|1|Convergence of Dominion|-|9|3+|-||7|8+|0||NEC|Necrons
2111|1|Cryptothralls|"5"""|4|3+|-||3|8+|1|32mm|NEC|Necrons
537|1|Deathmarks|"5"""|5|3+|-||1|7+|1|32mm|NEC|Necrons
545|1|Doom Scythe|-|9|3+|-||12|7+|-|120 x 92mm|NEC|Necrons
554|1|Doomsday Ark|"10"""|9|3+|4||14|7+|5|60mm|NEC|Necrons
517361|1|Dynastic Conqueror|"5"""|5|3+|4||6|6+|1||NEC|Necrons
538|1|Flayed Ones|"5"""|4|4+|-||1|7+|1|28.5mm|NEC|Necrons
567|1|Gauss Pylon|-|12|3+|5||22|7+|0||NEC|Necrons
4178|1|Geomancer|"8"""|4|4+|-||4|6+|1|50mm|NEC|Necrons
543|1|Ghost Ark|"10"""|9|3+|4||14|7+|3|60mm|NEC|Necrons
2355|1|Hexmark Destroyer|"8"""|5|3+|-||5|6+|1|50mm|NEC|Necrons
697657|1|Hyperscientist|"5"""|4|4+|-||4|6+|1||NEC|Necrons
2092|1|Illuminor Szeras|"8"""|8|2+|4||9|6+|3|80mm|NEC|Necrons
535|1|Immortals|"5"""|5|3+|-||1|7+|2|32mm|NEC|Necrons
522|1|Imotekh the Stormlord|"5"""|5|2+|4||6|6+|1|40mm|NEC|Necrons
2359|1|Lokhust Destroyers|"8"""|6|3+|-||3|7+|2|60mm|NEC|Necrons
2116|1|Lokhust Heavy Destroyers|"8"""|6|3+|-||4|7+|2|60mm|NEC|Necrons
2351|1|Lokhust Lord|"8"""|6|3+|4||6|6+|2|60mm|NEC|Necrons
524|1|Lord|"5"""|5|3+|-||4|6+|1|32mm|NEC|Necrons
536|1|Lychguard|"5"""|5|3+|-||2|7+|1|32mm|NEC|Necrons
552|1|Monolith|"8"""|13|2+|-||22|7+|8|160mm|NEC|Necrons
534|1|Necron Warriors|"5"""|4|4+|-||1|7+|2|32mm|NEC|Necrons
4186|1|Nekrosor Ammentar|"10"""|8|3+|4||9|6+|3|80mm|NEC|Necrons
527|1|Nemesor Zahndrekh|"5"""|5|2+|4||6|7+|1|25mm|NEC|Necrons
544|1|Night Scythe|"14"""|9|3+|-||12|7+|0|120 x 92mm|NEC|Necrons
561|1|Night Shroud|"20+"""|9|3+|-||14|7+|0|120 x 92mm|NEC|Necrons
557|1|Obelisk|"8"""|13|2+|-||24|7+|8|120 x 92mm|NEC|Necrons
2358|1|Ophydian Destroyers|"10"""|5|4+|-||3|7+|2|50mm|NEC|Necrons
530|1|Orikan the Diviner|"5"""|4|4+|4||4|6+|1|40mm|NEC|Necrons
523|1|Overlord|"5"""|5|2+|4||6|6+|1|40mm|NEC|Necrons
3693|1|Overlord with Translocation Shroud|"5"""|5|2+|4||6|6+|1|40mm|NEC|Necrons
2108|1|Plasmancer|"5"""|4|4+|-||4|6+|1|32mm|NEC|Necrons
2353|1|Psychomancer|"5"""|4|4+|-||4|6+|1|40mm|NEC|Necrons
2350|1|Royal Warden|"5"""|5|3+|-||4|6+|1|32mm|NEC|Necrons
562|1|Sentry Pylon|-|8|3+|-||10|7+|0||NEC|Necrons
1577|1|Seraptek Heavy Construct|"10"""|12|3+|5||24|7+|10||NEC|Necrons
2110|1|Skorpekh Destroyers|"8"""|6|3+|-||3|7+|2|50mm|NEC|Necrons
2109|1|Skorpekh Lord|"8"""|7|3+|4||7|6+|2|60mm|NEC|Necrons
2352|1|Technomancer|"10"""|4|4+|-||4|6+|1|50mm|NEC|Necrons
564|1|Tesseract Ark|"9"""|9|3+|4||10|6+|3|60mm|NEC|Necrons
556|1|Tesseract Vault|"8"""|12|2+|4||24|7+|8|120 x 92mm|NEC|Necrons
2360|1|Szarekh|"8"""|10|2+|4||16|6+|6|100mm|NEC|Necrons
2360|2|Triarchal Menhir|"8"""|10|2+|4||5|6+|1|50mm|NEC|Necrons
548|1|Tomb Blade|"12"""|5|4+|-||2|7+|2|32mm|NEC|Necrons
2362|1|Tomb Citadel Walls|-|13|2+|5||50|7+|0||NEC|Necrons
555|1|Transcendent C'tan|"8"""|11|3+|4||16|6+|4|60mm|NEC|Necrons
532|1|Trazyn the Infinite|"5"""|5|2+|4||6|6+|1|25mm|NEC|Necrons
539|1|Triarch Praetorians|"10"""|5|3+|-||2|7+|1|32mm|NEC|Necrons
540|1|Triarch Stalker|"8"""|8|3+|4||12|7+|4||NEC|Necrons
691556|1|Triarchal Overseer|"8"""|8|3+|4||12|7+|4||NEC|Necrons
528|1|Vargard Obyron|"5"""|5|2+|-||5|6+|1|25mm|NEC|Necrons
4227|1|Bannernob|"6"""|5|4+|-||4|7+|3|40mm|ORK|Orks
39|1|Battlewagon|"10"""|11|3+|6||16|7+|5||ORK|Orks
2494|1|Beast Snagga Boy|"6"""|5|5+|6||1|7+|2|32mm|ORK|Orks
2494|2|Nob|"6"""|5|5+|6||3|7+|2|32mm|ORK|Orks
2489|1|Beastboss|"6"""|6|4+|5||6|6+|1|50mm|ORK|Orks
2490|1|Beastboss on Squigosaur|"10"""|9|3+|5||10|6+|3|80mm|ORK|Orks
3707|1|Big Mek|"6"""|5|3+|-||6|7+|1|50mm|ORK|Orks
4229|1|Big Mek Dakkarig|"8"""|8|3+|5||11|7+|3||ORK|Orks
6|1|Big Mek in Mega Armour|"5"""|6|2+|-||5|7+|1|40mm|ORK|Orks
1536|1|Big Mek with Shokk Attack Gun|"6"""|5|4+|-||5|7+|1|40mm|ORK|Orks
54|1|Big Trakk|"12"""|9|4+|6||12|7+|3||ORK|Orks
2499|1|Big'ed Bossbunka|-|10|3+|-||12|7+|0||ORK|Orks
4228|1|Bigboss|"6"""|5|4+|-||5|7+|1||ORK|Orks
31|1|Blitza-bommer|-|9|3+|6||12|7+|-|120 x 92mm|ORK|Orks
11|1|Boss Snikrot|"6"""|5|5+|5||6|6+|1|40mm|ORK|Orks
10|1|Boss Zagstruk|"12"""|5|4+|5||6|6+|1|40mm|ORK|Orks
16|1|Boy|"6"""|5|5+|-||1|7+|2|32mm|ORK|Orks
16|2|Nob|"6"""|5|5+|-||3|7+|2|32mm|ORK|Orks
3861|1|Breaka Boy|"6"""|5|4+|-||2|7+|1|32mm|ORK|Orks
3861|2|Nob|"6"""|5|4+|-||3|7+|1|40mm|ORK|Orks
19|1|Burna Boyz|"6"""|5|5+|-||1|7+|1|32mm|ORK|Orks
30|1|Burna-bommer|-|9|3+|6||12|7+|-|120 x 92mm|ORK|Orks
268898|1|Da Red Gobbo|"6"""|2|5+|5||3|7+|2||ORK|Orks
173330|1|Da Red Gobbo's Tinboy|"6"""|6|3+|5||5|7+|2||ORK|Orks
29|1|Dakkajet|-|9|3+|6||12|7+|-|120 x 92mm|ORK|Orks
40|1|Deff Dread|"8"""|9|2+|6||8|7+|3|60mm|ORK|Orks
1537|1|Deffkilla Wartrike|"12"""|6|4+|5||9|6+|3|150 x 95mm|ORK|Orks
28|1|Deffkoptas|"12"""|6|4+|6||4|7+|2|75 x 42mm|ORK|Orks
695410|1|Flash Gitz|"6"""|5|4+|-||3|7+|1||ORK|Orks
59|1|Gargantuan Squiggoth|"10"""|13|3+|-||30|7+|12||ORK|Orks
8|1|Ghazghkull Thraka|"8"""|10|2+|4||16|6+|4|80mm|ORK|Orks
43|1|Gorkanaut|"9"""|12|2+|6||20|7+|8|170 x 109mm|ORK|Orks
17|1|Gretchin|"6"""|2|6+|-||1|8+|1|25mm|ORK|Orks
50|1|Grot Mega-Tank|"8"""|9|3+|-||12|8+|4||ORK|Orks
49|1|Grot Tanks|"10"""|6|3+|-||5|8+|2||ORK|Orks
317549|1|Grotmas Gitz [Legends]|"10"""|3|4+|-||5|7+|2||ORK|Orks
4241|1|Gunwagon|"10"""|12|3+|6||16|7+|5||ORK|Orks
236267|1|Hordeboss|"6"""|5|4+|-||5|7+|1||ORK|Orks
2498|1|Hunta Rig|"10"""|10|3+|6||16|7+|5|170 x 109mm|ORK|Orks
9|1|Kaptin Badrukk|"6"""|5|3+|4||6|7+|1|40mm|ORK|Orks
2497|1|Kill Rig|"10"""|10|3+|6||16|7+|5|170 x 109mm|ORK|Orks
56|1|Kill Tank|"12"""|12|3+|-||24|6+|10||ORK|Orks
41|1|Killa Kan|"8"""|7|3+|6||5|8+|2|60mm|ORK|Orks
25|1|Kommando|"6"""|5|5+|-||1|7+|1|32mm|ORK|Orks
25|2|Nob|"6"""|5|5+|-||3|7+|1|32mm|ORK|Orks
53|1|Lifta Wagon|"10"""|10|3+|6||16|7+|5||ORK|Orks
44|1|Lootas|"6"""|5|5+|-||1|7+|1|32mm|ORK|Orks
15|1|Mad Dok Grotsnik|"6"""|5|5+|5||4|7+|1|32mm|ORK|Orks
24|1|Meganob|"5"""|6|2+|-||3|7+|1|40mm|ORK|Orks
12|1|Mek|"6"""|5|5+|-||4|7+|1|32mm|ORK|Orks
38|1|Mek Gun|"5"""|6|4+|6||6|8+|2||ORK|Orks
1545|1|Mekboy Workshop|-|9|4+|-||10|7+|0||ORK|Orks
42|1|Morkanaut|"9"""|12|2+|5||20|7+|8|170 x 109mm|ORK|Orks
2493|1|Mozrog Skragbad|"10"""|9|3+|4||10|6+|3|80mm|ORK|Orks
4242|1|Nazdreg|"5"""|7|2+|5||8|6+|1|60mm|ORK|Orks
688289|1|Nob|"6"""|5|4+|-||3|7+|1|40mm|ORK|Orks
2491|1|Painboss|"6"""|5|4+|6||4|7+|1|40mm|ORK|Orks
13|1|Painboy|"6"""|5|5+|-||3|7+|1|32mm|ORK|Orks
4243|1|Rukkatrukk Squigbuggy|"12"""|7|4+|6||9|7+|3|150 x 95mm|ORK|Orks
4239|1|Runtherd|"6"""|5|5+|-||2|7+|1|32mm|ORK|Orks
396121|1|Runtherd|"6"""|5|5+|-||3|7+|1|32mm|ORK|Orks
2496|1|Nob on Smasha Squig|"10"""|6|4+|6||4|7+|2|90 x 52mm|ORK|Orks
2496|2|Squighog Boyz|"10"""|6|4+|6||3|7+|2||ORK|Orks
46|1|Stompa|"10"""|14|2+|5||30|6+|12||ORK|Orks
27|1|Stormboy|"12"""|5|5+|-||1|7+|1|32mm|ORK|Orks
27|2|Nob|"12"""|5|5+|-||3|7+|1|32mm|ORK|Orks
20|1|Nob|"6"""|5|4+|-||3|7+|1|40mm|ORK|Orks
20|2|Tankbusta|"6"""|5|4+|-||2|7+|1|32mm|ORK|Orks
26|1|Trukk|"12"""|8|4+|6||10|7+|2||ORK|Orks
397017|1|Upstart Gretchin|"6"""|2|7+|-||3|8+|2||ORK|Orks
33|1|Warbiker|"12"""|6|4+|6||3|7+|2|75 x 42mm|ORK|Orks
33|2|Biker Nob|"12"""|6|4+|6||4|7+|2|75 x 42mm|ORK|Orks
1|1|Warboss|"6"""|6|4+|5||6|6+|1|40mm|ORK|Orks
2|1|Warboss in Mega Armour|"5"""|7|2+|5||7|6+|1|50mm|ORK|Orks
3|1|Warboss on Warbike|"12"""|6|4+|5||7|6+|2|100 x 40mm|ORK|Orks
36|1|Warbuggies|"12"""|7|4+|6||9|7+|3|150 x 95mm|ORK|Orks
880046|1|Warphead|"6"""|5|5+|-||4|7+|1||ORK|Orks
4240|1|Wartrakks|"12"""|6|4+|6||7|7+|3||ORK|Orks
32|1|Wazbom Blastajet|-|9|3+|6||12|7+|-|120 x 92mm|ORK|Orks
4221|1|Wazdakka Gutsmek|"14"""|8|3+|4||10|6+|3|120 x 92mm|ORK|Orks
4|1|Weirdboy|"6"""|5|5+|-||4|7+|1|50mm|ORK|Orks
2488|1|Zodgrod Wortsnagga|"6"""|5|5+|6||5|7+|1|50mm|ORK|Orks
2100|1|Adrax Agatone|"6"""|4|2+|4||5|6+|1|40mm|SM|Space Marines
4148|1|Aethon Shaan|"14"""|4|3+|4||5|6+|1|50mm|SM|Space Marines
2099|1|Aggressors|"5"""|6|3+|-||3|6+|1|40mm|SM|Space Marines
2099|2|Aggressor Sergeant|"5"""|6|3+|-||3|6+|1||SM|Space Marines
2775|1|Primaris Ancient|"6"""|4|3+|-||4|6+|1|40mm|SM|Space Marines
2677|1|Ancient in Terminator Armor|"5"""|5|2+|4||5|6+|1|40mm|SM|Space Marines
1182|1|Ancient on Bike [Legends]|"12"""|5|3+|-||5|6+|2|75 x 25mm|SM|Space Marines
2773|1|Primaris Apothecary|"6"""|4|3+|-||4|6+|1|40mm|SM|Space Marines
60|1|Apothecary Biologis|"5"""|6|3+|-||5|6+|3|40mm|SM|Space Marines
63|1|Apothecary on Bike [Legends]|"12"""|5|3+|-||5|6+|2|75 x 25mm|SM|Space Marines
317|1|Arjac Rockfist|"6"""|5|2+|4||6|6+|1|50mm|SM|Space Marines
225|1|Asmodai|"6"""|4|3+|4||4|5+|1|50mm|SM|Space Marines
1606|1|Assault Intercessor Sergeant|"6"""|4|3+|-||2|6+|2|32mm|SM|Space Marines
1606|2|Assault Intercessor|"6"""|4|3+|-||2|6+|2|32mm|SM|Space Marines
2776|1|Assault Intercessor Sergeant with Jump Pack|"12"""|4|3+|-||2|6+|1|32mm|SM|Space Marines
2776|2|Assault Intercessors with Jump Packs|"12"""|4|3+|-||2|6+|1|32mm|SM|Space Marines
61|1|Assault Sergeant|"6"""|4|3+|-||2|6+|1|32mm|SM|Space Marines
61|2|Assault Squad|"6"""|4|3+|-||2|6+|1|32mm|SM|Space Marines
64|1|Assault Sergeant with Jump Pack|"12"""|4|3+|-||2|6+|1|32mm|SM|Space Marines
64|2|Assault Squad with Jump Packs|"12"""|4|3+|-||2|6+|1|32mm|SM|Space Marines
134|1|Astartes Servitors|"6"""|4|4+|6||1|8+|0|25mm|SM|Space Marines
157|1|Astorath|"12"""|4|2+|4||5|5+|1|40mm|SM|Space Marines
2700|1|Astraeus|"10"""|12|2+|5*|Invulnerabile: 5+*|24|6+|8|160mm|SM|Space Marines
116|1|Attack Bike|"12"""|5|3+|-||5|6+|2||SM|Space Marines
218|1|Azrael|"6"""|4|2+|4||6|6+|1|50mm|SM|Space Marines
168|1|Baal Predator|"12"""|10|3+|-||11|6+|3||SM|Space Marines
91|1|Ballistus Dreadnought|"8"""|10|2+|-||12|6+|4|90mm|SM|Space Marines
219|1|Belial|"5"""|5|2+|4||6|6+|1|50mm|SM|Space Marines
913430|1|Attack Bike|"12"""|5|3+|-||5|6+|2||SM|Space Marines
913430|2|Biker Sergeant|"12"""|5|3+|-||3|6+|2||SM|Space Marines
913430|3|Space Marine Biker|"12"""|5|3+|-||3|6+|2||SM|Space Marines
302|1|Bjorn the Fell-Handed|"9"""|9|2+|5||8|6+|3|60mm|SM|Space Marines
1165|1|Bladeguard Ancient|"6"""|4|3+|4||4|6+|1|40mm|SM|Space Marines
71|1|Bladeguard Veteran|"6"""|4|3+|4||3|6+|1|40mm|SM|Space Marines
71|2|Bladeguard Veteran Sergeant|"6"""|4|3+|4||3|6+|1||SM|Space Marines
330726|1|Blood Angels Captain|"6"""|4|3+|4||5|6+|1||SM|Space Marines
303|1|Blood Claws|"7"""|4|3+|-||2|6+|2|32mm|SM|Space Marines
160|1|Brother Corbulo|"6"""|4|3+|-||4|6+|1|25mm|SM|Space Marines
136|1|Brutalis Dreadnought|"8"""|10|2+|-||12|6+|4|90mm|SM|Space Marines
414875|1|Caanok Var|"5"""|5|2+|4||6|6+|1||SM|Space Marines
72|1|Caestus Assault Ram [Legends]|"14"""|10|3+|-||18|6+|0|120 x 92mm|SM|Space Marines
288|1|Canis Wolfborn|"10"""|6|3+|-||6|6+|2|60mm|SM|Space Marines
4166|1|Captain|"6"""|4|3+|4||5|6+|1|50mm|SM|Space Marines
1172|1|Captain in Gravis Armour|"5"""|6|3+|4||6|6+|1|40mm|SM|Space Marines
2701|1|Captain in Phobos Armour|"6"""|4|3+|4||5|6+|1|40mm|SM|Space Marines
135|1|Captain in Terminator Armour|"5"""|5|2+|4||6|6+|1|50mm|SM|Space Marines
4167|1|Captain on Bike|"12"""|5|3+|4||6|6+|2|90 x 52mm|SM|Space Marines
460889|1|Captain Sicarius|"6"""|4|2+|-||5|6+|1||SM|Space Marines
4187|1|Captain Titus|"6"""|4|3+|4||6|6+|1|40mm|SM|Space Marines
152|1|Captain Tycho|"6"""|4|2+|-||4|6+|1|25mm|SM|Space Marines
83|1|Captain with Jump Pack|"12"""|4|3+|4||5|6+|1|40mm|SM|Space Marines
96|1|Carab Culln the Risen [Legends]|"8"""|10|2+|-||12|6+|4|80mm|SM|Space Marines
2793|1|Castellan|"6"""|4|3+|-||4|6+|1|40mm|SM|Space Marines
4184|1|Cato Sicarius|"6"""|4|2+|4||5|6+|1|40mm|SM|Space Marines
2703|1|Assault Centurion Sergeant|"4"""|7|2+|-||4|6+|2|50mm|SM|Space Marines
2703|2|Assault Centurion|"4"""|7|2+|-||4|6+|2||SM|Space Marines
1193|1|Devastator Centurion Sergeant|"4"""|7|2+|-||4|6+|2|50mm|SM|Space Marines
1193|2|Devastator Centurion|"4"""|7|2+|-||4|6+|2||SM|Space Marines
1153|1|Cerberus|"10"""|12|2+|-||18|6+|6||SM|Space Marines
297761|1|Champion of the Chapter|"6"""|4|3+|-||4|6+|1||SM|Space Marines
1174|1|Chaplain|"6"""|4|3+|4||4|5+|1|40mm|SM|Space Marines
3875|1|Chaplain Cassius|"6"""|4|3+|4||4|5+|1|32mm|SM|Space Marines
2792|1|Grimaldus|"6"""|4|3+|4||4|5+|1|40mm|SM|Space Marines
2792|2|Cenobyte Servitor|"6"""|4|3+|4||1|8+|1|28.5mm|SM|Space Marines
115|1|Chaplain in Terminator Armour|"5"""|5|2+|4||5|5+|1|40mm|SM|Space Marines
925599|1|Chaplain Kastiel|"6"""|4|3+|4||4|5+|1||SM|Space Marines
94|1|Chaplain on Bike|"12"""|5|3+|4||5|5+|1|90 x 52mm|SM|Space Marines
1192|1|Chaplain Venerable Dreadnought [Legends]|"6"""|9|2+|-||8|6+|3|60mm|SM|Space Marines
112|1|Chaplain with Jump Pack|"12"""|4|3+|4||4|5+|1|32mm|SM|Space Marines
155|1|Chief Librarian Mephiston|"7"""|5|2+|5||6|6+|1|40mm|SM|Space Marines
1611|1|Chief Librarian Tigurius|"6"""|4|3+|4||4|6+|1|40mm|SM|Space Marines
2103|1|Command Squad|"6"""|4|3+|-||3|6+|1|32mm|SM|Space Marines
151|1|Commander Dante|"12"""|4|2+|4||6|6+|1|50mm|SM|Space Marines
4234|1|Company Champion on Bike [Legends]|"12"""|5|3+|-||5|6+|2|75 x 25mm|SM|Space Marines
2772|1|Company Heroes|"6"""|4|3+|-||4|6+|1|40mm|SM|Space Marines
1166|1|Veteran Biker Sergeant|"12"""|5|3+|-||2|6+|2|75 x 25mm|SM|Space Marines
1166|2|Company Veterans on Bikes|"12"""|5|3+|-||2|6+|2|75 x 25mm|SM|Space Marines
358|1|Corvus Blackstar|"14"""|10|3+|-||14|6+|0|120 x 92mm|SM|Space Marines
4136|1|Crusade Ancient|"6"""|4|3+|-||4|6+|1|40mm|SM|Space Marines
2799|1|Neophytes|"6"""|4|4+|-||2|6+|2|28.5mm|SM|Space Marines
2799|2|Initiate|"6"""|4|3+|-||2|6+|2||SM|Space Marines
2799|3|Sword Brother|"6"""|4|3+|-||2|6+|2||SM|Space Marines
2805|1|Cyberwolf|"10"""|4|6+|6||2|7+|0|40mm|SM|Space Marines
2105|1|Darnath Lysander|"5"""|5|2+|4||7|6+|1|50mm|SM|Space Marines
3833|1|Death Company Captain|"6"""|4|3+|4||5|6+|1|40mm|SM|Space Marines
393369|1|Death Company Captain with Jump Pack|"12"""|4|3+|4||5|6+|1||SM|Space Marines
166|1|Death Company Dreadnought|"8"""|10|2+|-||12|6+|4|90mm|SM|Space Marines
3835|1|Death Company Dreadnought|"8"""|9|2+|-||8|6+|3|90mm|SM|Space Marines
964993|1|Death Company Intercessors|"6"""|4|3+|-||2|6+|1||SM|Space Marines
2285|1|Death Company Marines|"6"""|4|3+|-||2|6+|1|32mm|SM|Space Marines
756352|1|Death Company Marines with Bolt Rifles|"6"""|4|3+|-||2|6+|1||SM|Space Marines
3836|1|Death Company Marine|"6"""|4|3+|-||2|6+|1|32mm|SM|Space Marines
3837|1|Death Company Marine|"12"""|4|3+|-||2|6+|1|32mm|SM|Space Marines
2737|1|Death Company Marine with Jump Pack|"12"""|4|3+|-||2|6+|1|32mm|SM|Space Marines
2267|1|Deathstorm Drop Pod|-|7|3+|-||8|6+|2||SM|Space Marines
3873|1|Deathwatch Terminator|"5"""|5|2+|4||3|6+|1|40mm|SM|Space Marines
3873|2|Deathwatch Terminator Sergeant|"5"""|5|2+|4||3|6+|1||SM|Space Marines
2783|1|Deathwatch Veterans|"6"""|4|3+|-||2|6+|2|32mm|SM|Space Marines
2302|1|Deathwing Ancient|"5"""|5|2+|4||3|6+|1|40mm|SM|Space Marines
2302|2|Deathwing Apothecary|"5"""|5|2+|4||3|6+|1||SM|Space Marines
2302|3|Deathwing Champion|"5"""|5|2+|4||3|6+|1||SM|Space Marines
2302|4|Deathwing Command Terminator|"5"""|5|2+|4||3|6+|1||SM|Space Marines
2302|5|Deathwing Command Terminator w/ Shield|"5"""|5|2+|4||4|6+|1||SM|Space Marines
231|1|Deathwing Knight|"5"""|5|2+|4||4|6+|1|40mm|SM|Space Marines
231|2|Knight Master|"5"""|5|2+|4||4|6+|1||SM|Space Marines
2468|1|Deathwing Strikemaster [Legends]|"5"""|5|2+|-||5|6+|1|40mm|SM|Space Marines
230|1|Deathwing Sergeant|"5"""|5|2+|4||3|6+|1|40mm|SM|Space Marines
230|2|Deathwing Terminator|"5"""|5|2+|4||3|6+|1|40mm|SM|Space Marines
4175|1|Kill Team Sergeant|"6"""|4|3+|-||2|6+|2|32mm|SM|Space Marines
4175|2|Deathwatch Veteran|"6"""|4|3+|-||2|6+|2|32mm|SM|Space Marines
4175|3|Gravis Veteran|"5"""|6|3+|-||3|6+|2|40mm|SM|Space Marines
2268|1|Deimos Predator [Legends]|"10"""|10|3+|-||11|6+|3||SM|Space Marines
2269|1|Deredeo Dreadnought|"6"""|9|2+|5||12|6+|3|80mm|SM|Space Marines
2270|1|Desolation Squad|"6"""|4|3+|-||2|6+|1|32mm|SM|Space Marines
2270|2|Desolation Sergeant|"6"""|4|3+|-||2|6+|1||SM|Space Marines
2202|1|Devastator Marine|"6"""|4|3+|-||2|6+|1|32mm|SM|Space Marines
2202|2|Devastator Sergeant|"6"""|4|3+|-||2|6+|1||SM|Space Marines
117|1|Dreadnought|"6"""|9|2+|-||8|6+|3|60mm|SM|Space Marines
122|1|Dreadnought Drop Pod|-|7|3+|-||8|6+|2||SM|Space Marines
87|1|Drop Pod|-|7|3+|-||8|6+|0||SM|Space Marines
1668|1|Eliminator Sergeant|"6"""|4|3+|-||2|6+|1|40mm|SM|Space Marines
1668|2|Eliminator Squad|"6"""|4|3+|-||2|6+|1|40mm|SM|Space Marines
2795|1|The Emperor's Champion|"8"""|4|2+|4||5|6+|1|40mm|SM|Space Marines
904132|1|The Emperor's Champion|"8"""|4|2+|-||5|6+|1||SM|Space Marines
4231|1|Eradicator Sergeant|"5"""|6|3+|-||3|6+|1|40mm|SM|Space Marines
4231|2|Eradicator Squad|"5"""|6|3+|-||3|6+|1|40mm|SM|Space Marines
911415|1|Eradicator Squad with Heavy Bolters|"5"""|6|3+|-||3|6+|1||SM|Space Marines
4135|1|Execrator|"6"""|4|3+|4||4|5+|1|40mm|SM|Space Marines
226|1|Ezekiel|"6"""|4|2+|4||4|6+|1|25mm|SM|Space Marines
1666|1|Falchion|"9"""|13|2+|-||24|6+|8||SM|Space Marines
2704|1|Fellblade|"9"""|13|2+|-||24|6+|8||SM|Space Marines
323|1|Fenrisian Wolves|"10"""|4|6+|-||1|8+|0|40mm|SM|Space Marines
4204|1|Ferren Areios [Legends]|"6"""|4|2+|4||5|6+|1|40mm|SM|Space Marines
1609|1|Fire Raptor Gunship|"20+"""|10|3+|-||18|6+|0|120 x 92mm|SM|Space Marines
86|1|Firestrike Servo-Turrets|"3"""|6|2+|-||6|6+|2|80mm|SM|Space Marines
2780|1|Kill Team Sergeant|"6"""|4|3+|-||2|6+|2|32mm|SM|Space Marines
2780|2|Kill Team Intercessor|"6"""|4|3+|-||2|6+|2|32mm|SM|Space Marines
167|1|Furioso Dreadnought|"6"""|9|2+|-||8|6+|3|60mm|SM|Space Marines
169|1|Gabriel Seth|"6"""|4|3+|-||6|6+|1|25mm|SM|Space Marines
2787|1|Gladiator Lancer|"10"""|10|3+|-||12|6+|3|100mm|SM|Space Marines
235232|1|Black Templars Gladiator Lancer|"10"""|10|3+|-||12|6+|3|100mm|SM|Space Marines
2789|1|Black Templars Gladiator Reaper|"10"""|10|3+|-||12|6+|3|100mm|SM|Space Marines
659260|1|Gladiator Reaper|"10"""|10|3+|-||12|6+|3|100mm|SM|Space Marines
2788|1|Black Templars Gladiator Valiant|"10"""|10|3+|-||12|6+|3|100mm|SM|Space Marines
536354|1|Gladiator Valiant|"10"""|10|3+|-||12|6+|3|100mm|SM|Space Marines
305|1|Grey Hunters|"7"""|4|3+|-||2|6+|3|32mm|SM|Space Marines
97|1|Hammerfall Bunker|-|12|2+|-||14|6+|0||SM|Space Marines
287|1|Harald Deathwolf|"10"""|6|3+|4||7|6+|2|60mm|SM|Space Marines
1177|1|Heavy intercessor Squad|"5"""|6|3+|-||3|6+|2|40mm|SM|Space Marines
1177|2|Heavy Intercessor Sergeant|"5"""|6|3+|-||3|6+|2||SM|Space Marines
2098|1|Hellblaster Sergeant|"6"""|4|3+|-||2|6+|1|32mm|SM|Space Marines
2098|2|Hellblaster Squad|"6"""|4|3+|-||2|6+|1|32mm|SM|Space Marines
2794|1|High Marshal Helbrecht|"6"""|4|2+|4||6|6+|3|60mm|SM|Space Marines
2806|1|Hounds of Morkai|"6"""|4|3+|6*|Invulnerabile: 6+*|2|6+|1|32mm|SM|Space Marines
146|1|Hunter|"9"""|11|3+|-||11|6+|3||SM|Space Marines
148|1|Imperial Space Marine [Legends]|"6"""|4|3+|-||4|6+|1|32mm|SM|Space Marines
2786|1|Impulsor|"12"""|9|3+|-||11|6+|2|100mm|SM|Space Marines
581209|1|Black Templars Impulsor|"12"""|9|3+|-||11|6+|2|100mm|SM|Space Marines
125|1|Inceptor Sergeant|"10"""|6|3+|-||3|6+|1|40mm|SM|Space Marines
125|2|Inceptor Squad|"10"""|6|3+|-||3|6+|1|40mm|SM|Space Marines
1159|1|Incursor Sergeant|"6"""|4|3+|-||2|6+|1|32mm|SM|Space Marines
1159|2|Incursor Squad|"6"""|4|3+|-||2|6+|1|32mm|SM|Space Marines
2781|1|Kill Team Heavy Intercessor|"5"""|6|3+|-||3|6+|1|40mm|SM|Space Marines
2781|2|Kill Team Heavy Intercessor w/ Heavy Bolter|"5"""|6|3+|-||3|6+|1||SM|Space Marines
126|1|Infernus Squad|"6"""|4|3+|-||2|6+|1|32mm|SM|Space Marines
126|2|Infernus Sergeant|"6"""|4|3+|-||2|6+|1||SM|Space Marines
128|1|Infiltrator Squad|"6"""|4|3+|-||2|6+|1|32mm|SM|Space Marines
128|2|Infiltrator Sergeant|"6"""|4|3+|-||2|6+|1||SM|Space Marines
3698|1|Inner Circle Companion|"6"""|4|3+|-||3|6+|2|40mm|SM|Space Marines
1157|1|Intercessor Sergeant|"6"""|4|3+|-||2|6+|2|32mm|SM|Space Marines
1157|2|Intercessor Squad|"6"""|4|3+|-||2|6+|2|32mm|SM|Space Marines
2712|1|Invader ATV|"12"""|5|3+|-||8|6+|2||SM|Space Marines
1156|1|Invictor Tactical Warsuit|"8"""|8|3+|-||12|6+|4|90mm|SM|Space Marines
127|1|Iron Father Ferrios|"5"""|6|2+|-||6|6+|1|40mm|SM|Space Marines
306|1|Iron Priest|"7"""|4|2+|-||4|6+|1|32mm|SM|Space Marines
527540|1|Iron Priest on Thunderwolf|"10"""|6|2+|-||5|6+|2||SM|Space Marines
2706|1|Ironclad Dreadnought|"6"""|10|2+|-||8|6+|3|60mm|SM|Space Marines
107|1|Javelin Attack Speeder|"14"""|8|3+|-||9|6+|3|60mm|SM|Space Marines
2707|1|Judiciar|"6"""|4|3+|4*|Invulnerabile: 4+*|4|5+|1|40mm|SM|Space Marines
790015|1|Judiciar Xacharus|"6"""|4|3+|4||4|5+|1||SM|Space Marines
2708|1|Kayvaan Shrike|"12"""|4|3+|4||5|6+|1|40mm|SM|Space Marines
208668|1|Chaplain Cassius|"6"""|4|3+|-||4|5+|2|32mm|SM|Space Marines
208668|2|Vael Donatus|"6"""|4|3+|-||2|6+|2||SM|Space Marines
208668|3|Zameon Gydrael|"6"""|4|3+|-||2|6+|2||SM|Space Marines
208668|4|Rodricus Grytt|"6"""|4|3+|-||2|6+|2||SM|Space Marines
208668|5|Antor Delassio|"12"""|4|3+|-||2|6+|2||SM|Space Marines
208668|6|Edryc Setorax|"12"""|4|3+|-||2|6+|2||SM|Space Marines
208668|7|Jensus Natorian|"6"""|4|3+|-||2|6+|2||SM|Space Marines
208668|8|Drenn Redblade|"6"""|4|3+|-||2|6+|2||SM|Space Marines
208668|9|Garran Branatar|"5"""|5|2+|-||3|6+|2||SM|Space Marines
208668|10|Ennox Sorrlock|"6"""|4|3+|-||2|6+|2||SM|Space Marines
208668|11|Jetek Suberei|"12"""|5|3+|-||3|6+|2||SM|Space Marines
2709|1|Kor'sarro Khan|"6"""|4|3+|4||5|6+|1|40mm|SM|Space Marines
1175|1|Kratos|"10"""|12|2+|-||18|6+|6||SM|Space Marines
286|1|Krom Dragongaze|"6"""|4|3+|4||4|6+|1|32mm|SM|Space Marines
65|1|Land Raider|"10"""|12|2+|-||16|6+|5||SM|Space Marines
1607|1|Land Raider Achilles|"10"""|12|2+|4||16|6+|5||SM|Space Marines
4139|1|Land Raider Crusader|"12"""|12|2+|-||16|6+|5||SM|Space Marines
203465|1|Land Raider Crusader|"12"""|12|2+|-||16|6+|5||SM|Space Marines
67|1|Land Raider Excelsior [Legends]|"10"""|12|2+|-||16|6+|5||SM|Space Marines
2710|1|Land Raider Helios [Legends]|"10"""|12|2+|-||16|6+|5||SM|Space Marines
1347|1|Land Raider Prometheus|"10"""|12|2+|-||16|6+|5||SM|Space Marines
1608|1|Land Raider Proteus|"12"""|12|2+|-||16|6+|5||SM|Space Marines
2173|1|Land Raider Redeemer|"12"""|12|2+|-||16|6+|5||SM|Space Marines
2711|1|Land Speeder|"14"""|8|3+|-||9|6+|3|105 x 70mm|SM|Space Marines
132|1|Land Speeder Storm|"14"""|7|4+|-||7|6+|1|60mm|SM|Space Marines
1168|1|Land Speeder Tempest [Legends]|"14"""|8|3+|-||7|6+|2|60mm|SM|Space Marines
1169|1|Land Speeder Tornado|"14"""|7|3+|-||6|6+|2|60mm|SM|Space Marines
2102|1|Land Speeder Typhoon|"14"""|7|3+|-||6|6+|2|60mm|SM|Space Marines
242|1|Land Speeder Vengeance|"14"""|8|3+|5||10|6+|3|60mm|SM|Space Marines
2296|1|Lazarus|"6"""|4|3+|4||5|6+|1|40mm|SM|Space Marines
164|1|Lemartes|"12"""|4|3+|4||4|5+|1|40mm|SM|Space Marines
131|1|Leviathan Dreadnought|"8"""|10|2+|5||12|6+|4|80mm|SM|Space Marines
2266|1|Librarian|"6"""|4|3+|-||4|6+|1|40mm|SM|Space Marines
154|1|Librarian Dreadnought|"8"""|9|2+|-||8|6+|3|60mm|SM|Space Marines
119|1|Librarian in Phobos Armor|"6"""|4|3+|-||4|6+|1|40mm|SM|Space Marines
79|1|Librarian in Terminator Armor|"5"""|5|2+|4||5|6+|1|40mm|SM|Space Marines
1348|1|Librarian on Bike [Legends]|"12"""|5|3+|-||5|6+|2|75 x 25mm|SM|Space Marines
1344|1|Librarian|"12"""|4|3+|-||4|6+|1|40mm|SM|Space Marines
442961|1|Librarius Adept|"6"""|4|3+|-||3|6+|1||SM|Space Marines
1346|1|Lieutenant|"6"""|4|3+|-||4|6+|1|40mm|SM|Space Marines
2530|1|Lieutenant in Phobos Armor|"6"""|4|3+|-||4|6+|1|40mm|SM|Space Marines
1345|1|Lieutenant in Reiver Armor|"6"""|4|3+|-||4|6+|1|40mm|SM|Space Marines
330982|1|Lieutenant Titus|"6"""|4|3+|-||5|6+|1||SM|Space Marines
76|1|Lieutenant with Combi-weapon|"6"""|4|3+|-||4|6+|1|40mm|SM|Space Marines
2682|1|Lion El'Jonson|"8"""|9|2+|3||10|5+|4|60mm|SM|Space Marines
282|1|Logan Grimnar|"6"""|5|2+|4||8|6+|1|80mm|SM|Space Marines
283|1|Logan Grimnar on Stormrider|"10"""|6|2+|4||12|6+|4|120 x 92mm|SM|Space Marines
326|1|Long Fang Pack Leader|"6"""|4|3+|-||2|6+|1|32mm|SM|Space Marines
326|2|Long Fangs|"6"""|4|3+|-||2|6+|1|32mm|SM|Space Marines
304|1|Lukas the Trickster|"6"""|4|3+|-||4|6+|1|32mm|SM|Space Marines
4183|1|Marneus Calgar|"6"""|6|2+|-||6|6+|1|50mm|SM|Space Marines
4183|2|Victrix Honour Guard|"6"""|4|2+|-||3|6+|1|40mm|SM|Space Marines
409888|1|Marneus Calgar in Armour of Antilochus|"6"""|6|2+|4||6|6+|1||SM|Space Marines
2796|1|Marshal|"6"""|4|3+|4||5|6+|1|40mm|SM|Space Marines
1189|1|Mastodon|"9"""|14|2+|-||30|6+|12||SM|Space Marines
111|1|Mortis Dreadnought [Legends]|"6"""|9|2+|-||8|6+|3|60mm|SM|Space Marines
314|1|Murderfang|"9"""|9|2+|-||8|6+|0|60mm|SM|Space Marines
239|1|Nephilim Jetfighter|-|8|3+|-||11|6+|-|120 x 92mm|SM|Space Marines
292|1|Njal Stormcaller|"7"""|4|3+|4||4|6+|1|40mm|SM|Space Marines
368611|1|Invader ATV|"12"""|5|3+|-||8|6+|2||SM|Space Marines
368611|2|Outrider Squad|"12"""|5|3+|-||4|6+|2|90 x 52mm|SM|Space Marines
368611|3|Outrider Sergeant|"12"""|5|3+|-||4|6+|2||SM|Space Marines
2713|1|Pedro Kantor|"6"""|4|2+|4||5|6+|1|25mm|SM|Space Marines
2714|1|Predator Annihilator|10|10|3+|-||11|6+|3||SM|Space Marines
2715|1|Predator Destructor|10|10|3+|-||11|6+|3||SM|Space Marines
2234|1|Primaris Company Champion|"6"""|4|3+|-||4|6+|1|32mm|SM|Space Marines
285|1|Ragnar Blackmane|"7"""|4|3+|4||5|6+|1|40mm|SM|Space Marines
110|1|Rapier Carrier|"3"""|6|2+|-||6|6+|2||SM|Space Marines
241|1|Ravenwing Huntmaster|"12"""|5|3+|5||3|6+|2|75 x 42mm|SM|Space Marines
241|2|Ravenwing Black Knight|"12"""|5|3+|5||3|6+|2|75 x 42mm|SM|Space Marines
2748|1|Ravenwing Ancient|"12"""|5|3+|5||4|6+|2|75 x 42mm|SM|Space Marines
2748|2|Ravenwing Apothecary|"12"""|5|3+|5||4|6+|2||SM|Space Marines
2748|3|Ravenwing Champion|"12"""|5|3+|5||4|6+|2||SM|Space Marines
240|1|Ravenwing Dark Talon|-|8|3+|5||11|6+|-|120 x 92mm|SM|Space Marines
238|1|Ravenwing Darkshroud|"14"""|8|3+|-||10|6+|3|60mm|SM|Space Marines
1423|1|Ravenwing Talonmaster [Legends]|"16"""|7|3+|-||6|6+|2|65mm|SM|Space Marines
129|1|Razorback|"12"""|9|3+|-||10|6+|2||SM|Space Marines
2717|1|Redemptor Dreadnought|"8"""|10|2+|-||12|6+|4|90mm|SM|Space Marines
2718|1|Reiver Squad|"6"""|4|3+|-||2|6+|1|32mm|SM|Space Marines
2718|2|Reiver Sergeant|"6"""|4|3+|-||2|6+|1||SM|Space Marines
2719|1|Relic Contemptor Dreadnought|"6"""|9|2+|5||10|6+|3|60mm|SM|Space Marines
2720|1|Relic Razorback [Legends]|"12"""|9|3+|-||10|6+|2||SM|Space Marines
2791|1|Repulsor|"10"""|12|3+|-||16|6+|5|100mm|SM|Space Marines
543336|1|Repulsor|"10"""|12|3+|-||16|6+|5|100mm|SM|Space Marines
2790|1|Repulsor Executioner|"10"""|12|3+|-||16|6+|5|100mm|SM|Space Marines
415451|1|Black Templars Repulsor Executioner|"10"""|12|3+|-||16|6+|5|100mm|SM|Space Marines
2723|1|Rhino|"12"""|9|3+|-||10|6+|2||SM|Space Marines
85|1|Rhino Primaris [Legends]|"12"""|9|3+|-||10|6+|3||SM|Space Marines
138|1|Roboute Guilliman|"8"""|9|2+|4||10|5+|4|60mm|SM|Space Marines
2291|1|Sammael|"12"""|5|3+|4||7|6+|2|60mm|SM|Space Marines
165|1|Sanguinary Guard|"12"""|4|2+|4||3|6+|1|40mm|SM|Space Marines
158|1|Sanguinary Priest|"6"""|4|3+|-||4|6+|1|40mm|SM|Space Marines
506454|1|Sanguinary Priest on Bike|"12"""|5|3+|-||5|6+|2||SM|Space Marines
2738|1|Sanguinary Priest with Jump Pack|"12"""|4|3+|-||4|6+|1|32mm|SM|Space Marines
137|1|Scout Bike Squad|"12"""|5|4+|-||3|6+|2|75 x 25mm|SM|Space Marines
137|2|Scout Biker Sergeant|"12"""|5|4+|-||3|6+|2||SM|Space Marines
1523|1|Scout Sniper Sergeant|"6"""|4|4+|-||2|6+|1|25mm|SM|Space Marines
1523|2|Scout Sniper Squad|"6"""|4|4+|-||2|6+|1|25mm|SM|Space Marines
1160|1|Scout Squad|"6"""|4|4+|-||2|6+|1|28.5mm|SM|Space Marines
1160|2|Scout Sergeant|"6"""|4|4+|-||2|6+|1||SM|Space Marines
1524|1|Sergeant Chronus|"6"""|4|2+|-||3|6+|1|25mm|SM|Space Marines
1162|1|Sergeant Telion|"6"""|4|4+|-||3|6+|1|25mm|SM|Space Marines
1161|1|Sicaran Arcus|"10"""|11|2+|-||14|6+|4||SM|Space Marines
1185|1|Sicaran Battle Tank|"10"""|11|2+|-||14|6+|4||SM|Space Marines
1163|1|Sicaran Omega|"10"""|11|2+|-||14|6+|4||SM|Space Marines
123|1|Sicaran Punisher|"10"""|11|2+|-||14|6+|4||SM|Space Marines
92|1|Sicaran Venator|"10"""|11|2+|-||14|6+|4||SM|Space Marines
324|1|Skyclaw Pack Leader|"12"""|4|3+|-||2|6+|1|32mm|SM|Space Marines
324|2|Skyclaws|"12"""|4|3+|-||2|6+|1|32mm|SM|Space Marines
1179|1|Sokar-pattern Stormbird|"20""+"|13|2+|5 (Ranged)|Invulnerabile: 5+ (Ranged)|40|6+|0||SM|Space Marines
2252|1|Spartan|"10"""|12|2+|-||18|6+|6||SM|Space Marines
2779|1|Kill Team Infiltrator|"6"""|4|3+|-||2|6+|1|32mm|SM|Space Marines
2258|1|Stalker|"9"""|11|3+|-||11|6+|3||SM|Space Marines
4137|1|Sternguard Veteran Squad|"6"""|4|3+|-||2|6+|1|32mm|SM|Space Marines
4137|2|Sternguard Veteran Sergeant|"6"""|4|3+|-||2|6+|1||SM|Space Marines
493674|1|Sternguard Veteran Squad|"6"""|4|3+|-||2|6+|1|32mm|SM|Space Marines
493674|2|Sternguard Veteran Sergeant|"6"""|4|3+|-||2|6+|1||SM|Space Marines
113|1|Storm Eagle Gunship|"20+"""|10|3+|-||18|6+|0|120 x 92mm|SM|Space Marines
124|1|Storm Speeder Hailstrike|"14"""|9|3+|-||11|6+|3|90mm|SM|Space Marines
114|1|Storm Speeder Hammerstrike|"14"""|9|3+|-||11|6+|3|90mm|SM|Space Marines
1610|1|Storm Speeder Thunderstrike|"14"""|9|3+|-||11|6+|3|90mm|SM|Space Marines
325|1|Stormfang Gunship|"20+"""|10|3+|-||14|6+|0|120 x 92mm|SM|Space Marines
84|1|Stormhawk Interceptor|-|9|3+|-||10|6+|-|120 x 92mm|SM|Space Marines
1191|1|Stormraven Gunship|"14"""|10|3+|-||14|6+|0|120 x 92mm|SM|Space Marines
1190|1|Stormtalon Gunship|-|8|3+|-||10|6+|-|120 x 92mm|SM|Space Marines
321|1|Stormwolf|"20+"""|10|3+|-||14|6+|0|120 x 92mm|SM|Space Marines
451410|1|Suboden Khan|"12"""|5|3+|4||8|6+|2||SM|Space Marines
68|1|Suppressor Sergeant|"12"""|4|3+|-||2|6+|1|40mm|SM|Space Marines
68|2|Suppressor Squad|"12"""|4|3+|-||2|6+|1|40mm|SM|Space Marines
2798|1|Sword Brethren|"6"""|4|3+|-||3|6+|1|40mm|SM|Space Marines
70|1|Tactical Squad|"6"""|4|3+|-||2|6+|2|32mm|SM|Space Marines
70|2|Tactical Marine Sergeant|"6"""|4|3+|-||2|6+|2||SM|Space Marines
567774|1|Kill Team Sergeant w/ Jump Pack|"12"""|4|3+|-||2|6+|1||SM|Space Marines
567774|2|Kill Team Intercessor w/ Jump Pack|"12"""|4|3+|-||2|6+|1||SM|Space Marines
567774|3|Kill Team Heavy Intercessor w/ Jump Pack|"10"""|6|3+|-||3|6+|1||SM|Space Marines
930090|1|Tarantula Air Defense Battery [Legends]|-|5|3+|-||4|7+|0||SM|Space Marines
98|1|Tarantula Sentry Battery|-|6|3+|-||4|6+|1||SM|Space Marines
140|1|Techmarine|"6"""|4|2+|-||4|6+|1|40mm|SM|Space Marines
1527|1|Techmarine on Bike [Legends]|"12"""|5|3+|-||5|6+|2|75 x 25mm|SM|Space Marines
118|1|Assault Terminator w/ Storm Shield|"5"""|5|2+|4||4|6+|1|40mm|SM|Space Marines
118|2|Assault Terminator w/ Lightning Claws|"5"""|5|2+|4||3|6+|1||SM|Space Marines
118|3|Assault Terminator Sergeant|"5"""|5|2+|4||3|6+|1||SM|Space Marines
4138|1|Terminator Sergeant|"5"""|5|2+|4||3|6+|1|40mm|SM|Space Marines
4138|2|Terminator Squad|"5"""|5|2+|4||3|6+|1|40mm|SM|Space Marines
722226|1|Terminator Sergeant|"5"""|5|2+|4||3|6+|1|40mm|SM|Space Marines
722226|2|Terminator Squad|"5"""|5|2+|4||3|6+|1|40mm|SM|Space Marines
1184|1|Terminus Ultra [Legends]|"10"""|12|2+|-||16|6+|5||SM|Space Marines
1991|1|Terrax-pattern Termite|"8"""|10|3+|-||14|6+|2||SM|Space Marines
156|1|The Sanguinor|"12"""|4|2+|4||7|6+|1|40mm|SM|Space Marines
1164|1|Techmarine Gunner|"3"""|6|2+|-||6|6+|2||SM|Space Marines
1164|2|Thunderfire Cannon|"3"""|6|2+|-||6|6+|2||SM|Space Marines
139|1|Thunderhawk Gunship|"20+"""|12|2+|-||30|6+|0|120 x 92mm|SM|Space Marines
2724|1|Thunderhawk Transporter [Legends]|"20+"""|12|2+|-||30|6+|0|120 x 92mm|SM|Space Marines
322|1|Thunderwolf Cavalry|"12"""|6|3+|-||4|6+|2|60mm|SM|Space Marines
2473|1|Tor Garadon|"5"""|6|3+|4||6|6+|1|40mm|SM|Space Marines
153|1|Tycho the Lost|"6"""|4|2+|-||4|6+|1|25mm|SM|Space Marines
93|1|Typhon|"10"""|12|2+|-||18|6+|6||SM|Space Marines
297|1|Ulrik the Slayer|"7"""|4|3+|4||4|5+|1|32mm|SM|Space Marines
716446|1|Ultramarines Honor Guard|"6"""|4|2+|-||2|6+|1||SM|Space Marines
121|1|Uriel Ventris|"6"""|4|3+|4||5|6+|1|40mm|SM|Space Marines
1154|1|Vanguard Veterans|"6"""|4|3+|-||2|6+|1|32mm|SM|Space Marines
1154|2|Vanguard Veteran Sergeant|"6"""|4|3+|-||2|6+|1||SM|Space Marines
147|1|Vanguard Veterans with Jump Packs|"12"""|4|3+|-||2|6+|1|32mm|SM|Space Marines
147|2|Vanguard Veteran Sergeant with Jump Pack|"12"""|4|3+|-||2|6+|1||SM|Space Marines
918902|1|Venerable Battle-Brother|"8"""|10|2+|-||12|6+|4||SM|Space Marines
2801|1|Space Wolves Venerable Dreadnought|"8"""|9|2+|-||8|6+|3|60mm|SM|Space Marines
120|1|Venerable Dreadnought [Legends]|"6"""|9|2+|-||8|6+|3|60mm|SM|Space Marines
4185|1|Victrix Honour Guard|"6"""|4|2+|-||3|6+|2|40mm|SM|Space Marines
1188|1|Vindicator|"9"""|11|2+|-||11|6+|3||SM|Space Marines
1178|1|Vindicator Laser Destroyer|"9"""|11|2+|-||11|6+|3||SM|Space Marines
2726|1|Vulkan He'stan|"6"""|4|2+|4||5|6+|1|40mm|SM|Space Marines
4188|1|Ancient Gadriel, Veteran Sergeant Metaurus|"6"""|4|3+|-||4|6+|1|40mm|SM|Space Marines
4188|2|Gaius Silva, Aemelia Minervas, Dainal Kornelius, Lucia Vestha|"6"""|3|4+|-||3|6+|1|28.5mm|SM|Space Marines
3872|1|Watch Captain Artemis|"6"""|4|3+|-||4|6+|1|32mm|SM|Space Marines
3871|1|Watch Master|"6"""|4|2+|-||5|6+|1|32mm|SM|Space Marines
2727|1|Whirlwind|"10"""|10|3+|-||11|6+|3||SM|Space Marines
2728|1|Whirlwind Scorpius|"10"""|10|3+|-||11|6+|3||SM|Space Marines
315|1|Wolf Guard|"6"""|4|3+|-||2|5+|1|32mm|SM|Space Marines
4130|1|Wolf Guard Battle Leader|"7"""|4|3+|4||5|6+|1|40mm|SM|Space Marines
4232|1|Wolf Guard Battle Leader in Terminator Armour|"5"""|5|2+|4||5|6+|1|40mm|SM|Space Marines
4233|1|Wolf Guard Battle Leader on Thunderwolf|"10"""|6|3+|-||5|6+|2|60mm|SM|Space Marines
4131|1|Wolf Guard Headtakers|"7"""|4|3+|-||3|6+|1|40mm|SM|Space Marines
4131|2|Hunting Wolves|"10"""|4|6+|-||1|8+|0|60 x 35.5mm|SM|Space Marines
4131|3|Wolf Guard Headtaker w/ Storm Shield|"7"""|4|3+|4||3|6+|1|40mm|SM|Space Marines
4131|4|Wolf Guard Headtaker|"7"""|4|3+|-||3|6+|1|40mm|SM|Space Marines
934684|1|Wolf Guard Headtaker w/ Storm Shield|"7"""|4|3+|4||3|6+|1|40mm|SM|Space Marines
934684|2|Wolf Guard Headtaker|"7"""|4|3+|-||3|6+|1|40mm|SM|Space Marines
2804|1|Wolf Guard Pack Leader|"6"""|4|3+|-||2|6+|1|32mm|SM|Space Marines
2803|1|Wolf Guard Pack Leader in Terminator Armour|"5"""|5|2+|-||3|6+|1|40mm|SM|Space Marines
2802|1|Wolf Guard Pack Leader with Jump Pack|"12"""|4|3+|-||2|6+|1|32mm|SM|Space Marines
318|1|Wolf Guard Terminator Pack Leader|"6"""|5|2+|4||3|6+|1|40mm|SM|Space Marines
318|2|Wolf Guard Terminator|"6"""|5|2+|4||3|6+|1|40mm|SM|Space Marines
318|3|Wolf Guard Terminator (Storm shield)|"6"""|5|2+|4||4|6+|1||SM|Space Marines
284|1|Wolf Lord on Thunderwolf|"10"""|6|3+|4||6|6+|2|60mm|SM|Space Marines
4129|1|Wolf Priest|"7"""|4|3+|4||4|6+|1|40mm|SM|Space Marines
4182|1|Wolf Scouts|"7"""|4|3+|-||2|6+|1|32mm|SM|Space Marines
4182|2|Hunting Wolf|"10"""|4|6+|-||1|8+|0||SM|Space Marines
812587|1|Wolf Scout Pack Leader|"6"""|4|4+|-||2|6+|1|32mm|SM|Space Marines
812587|2|Wolf Scouts|"6"""|4|4+|-||2|6+|1|32mm|SM|Space Marines
4132|1|Wulfen|"9"""|6|4+|-||2|7+|0|40mm|SM|Space Marines
4133|1|Wulfen Dreadnought|"9"""|9|2+|-||8|6+|0|60mm|SM|Space Marines
609051|1|Wulfen|"9"""|6|4+|4||2|7+|0|40mm|SM|Space Marines
2729|1|Xiphon Interceptor|20+|9|3+|-||12|6+|0|120 x 92mm|SM|Space Marines
408|1|Aun'shi|"6"""|3|6+|5||3|7+|1|25mm|TAU|T’au Empire
409|1|Aun'va|"6"""|3|5+|4||5|7+|1|40mm|TAU|T’au Empire
409|2|Ethereal Guard|"6"""|3|5+|4||2|7+|1|25mm|TAU|T’au Empire
454|1|Tiger Shark|-|11|3+|5||18|7+|-|160mm|TAU|T’au Empire
453|1|Barracuda|-|10|3+|5||14|7+|-|120 x 92mm|TAU|T’au Empire
741489|1|Battlesuit Veteran|"8"""|4|3+|4||4|7+|1||TAU|T’au Empire
412|1|Breacher Fire Warrior|"6"""|3|4+|-||1|7+|2|25mm|TAU|T’au Empire
412|2|Breacher Fire Warrior Shas'ui|"6"""|3|4+|-||1|7+|2||TAU|T’au Empire
433|1|Broadside Shas’ui|"5"""|6|2+|-||8|7+|2|60mm|TAU|T’au Empire
433|2|Broadside Shas’vre|"5"""|6|2+|-||8|7+|2||TAU|T’au Empire
405|1|Cadre Fireblade|"6"""|3|4+|-||3|7+|1|25mm|TAU|T’au Empire
406|1|Commander Farsight|"10"""|5|2+|4||8|6+|2|60mm|TAU|T’au Empire
402|1|Commander in Coldstar Battlesuit|"12"""|5|3+|-||6|7+|2|60mm|TAU|T’au Empire
1477|1|Commander in Crisis Battlesuit|"10"""|5|3+|-||5|7+|2|50mm|TAU|T’au Empire
1478|1|Commander in Enforcer Battlesuit|"8"""|5|2+|-||6|7+|2|60mm|TAU|T’au Empire
407|1|Commander Shadowsun|"10"""|4|3+|5||6|6+|1|50mm|TAU|T’au Empire
418|1|Crisis Shas’ui|"10"""|5|3+|-||4|7+|2|50mm|TAU|T’au Empire
418|2|Crisis Shas’vre|"10"""|5|3+|-||4|7+|2||TAU|T’au Empire
447869|1|Crisis Fireknife Shas’ui|"10"""|5|3+|-||4|7+|2||TAU|T’au Empire
447869|2|Crisis Fireknife Shas’vre|"10"""|5|3+|-||4|7+|2||TAU|T’au Empire
425714|1|Crisis Starscythe Shas’ui|"10"""|5|3+|-||4|7+|2||TAU|T’au Empire
425714|2|Crisis Starscythe Shas’vre|"10"""|5|3+|-||4|7+|2||TAU|T’au Empire
3699|1|Crisis Sunforge Shas’ui|"10"""|5|3+|4||4|7+|2|50mm|TAU|T’au Empire
410|1|Darkstrider|"7"""|3|4+|-||3|7+|1|32mm|TAU|T’au Empire
424|1|Devilfish|"12"""|9|3+|-||13|7+|2|60mm|TAU|T’au Empire
459|1|Drone Sentry Turret [Legends]|-|8|4+|-||4|8+|0||TAU|T’au Empire
404|1|Ethereal|"6"""|3|5+|5||3|6+|1|40mm|TAU|T’au Empire
428|1|Firesight Team|"6"""|3|4+|-||4|7+|3|40mm|TAU|T’au Empire
420|1|Ghostkeel Battlesuit|"10"""|8|2+|-||12|7+|3|105 x 70mm|TAU|T’au Empire
1392|1|Great Knarloc [Legends]|"9"""|8|4+|-||10|7+|3|65mm|TAU|T’au Empire
432|1|Hammerhead Gunship|"10"""|10|3+|-||14|7+|3|60mm|TAU|T’au Empire
449|1|Heavy Gun Drone|"8"""|5|4+|-||2|8+|0|32mm|TAU|T’au Empire
167666|1|Kinband Champion|"7"""|3|6+|-||3|7+|1||TAU|T’au Empire
1391|1|Knarloc Riders [Legends]|"7"""|5|5+|-||4|7+|2|65mm|TAU|T’au Empire
413|1|Kroot Carnivores|"7"""|3|6+|-||1|7+|2|28.5mm|TAU|T’au Empire
2588|1|Farstalkers & Kill-broker|"7"""|3|6+|-||1|7+|1|28.5mm|TAU|T’au Empire
2588|2|Kroot Hounds|"12"""|3|6+|-||1|7+|0|28.5mm|TAU|T’au Empire
3704|1|Kroot Flesh Shaper|"7"""|3|6+|-||3|7+|1|32mm|TAU|T’au Empire
421583|1|Kroot Hounds|"12"""|3|6+|-||1|8+|0|28.5mm|TAU|T’au Empire
3705|1|Kroot Lone-spear|"12"""|5|5+|-||6|7+|2|90 x 52mm|TAU|T’au Empire
3702|1|Kroot Trail Shaper|"7"""|3|6+|-||3|7+|1|32mm|TAU|T’au Empire
3703|1|Kroot War Shaper|"7"""|3|6+|-||3|7+|1|32mm|TAU|T’au Empire
3706|1|Krootox Rampagers|"7"""|6|5+|-||5|7+|2|50mm|TAU|T’au Empire
414|1|Krootox Riders|"7"""|6|5+|-||5|7+|2|50mm|TAU|T’au Empire
431|1|Longstrike|"10"""|10|3+|-||14|7+|3|60mm|TAU|T’au Empire
457|1|Manta|"40"""|14|2+|5||60|7+|-||TAU|T’au Empire
456|1|Orca Dropship|"20"""|12|3+|-||28|7+|-||TAU|T’au Empire
422|1|Pathfinder Team|"7"""|3|4+|-||1|7+|1|25mm|TAU|T’au Empire
422|2|Pathfinder Shas'ui|"7"""|3|4+|-||1|7+|1||TAU|T’au Empire
423|1|Piranhas|"14"""|7|4+|-||7|7+|2|60mm|TAU|T’au Empire
445|1|R'varna Battlesuit|"8"""|10|2+|5||15|7+|4|120 x 92mm|TAU|T’au Empire
425|1|Razorshark Strike Fighter|-|10|3+|-||12|7+|-|120 x 92mm|TAU|T’au Empire
452|1|Remora Stealth Drone|"16"""|6|3+|-||5|7+|0|60mm|TAU|T’au Empire
458|1|Remote Sensor Tower [Legends]|-|8|4+|-||4|8+|0||TAU|T’au Empire
421|1|Riptide Battlesuit|"10"""|9|2+|4||14|7+|4|120 x 92mm|TAU|T’au Empire
323973|1|Shas'nel|"6"""|3|4+|-||3|7+|1||TAU|T’au Empire
439|1|Shas'o R'alai|"8"""|6|3+|4||6|7+|2|65mm|TAU|T’au Empire
430|1|Sky Ray Gunship|"10"""|10|3+|-||14|7+|3|60mm|TAU|T’au Empire
417|1|Stealth Shas'ui|"8"""|4|3+|-||2|7+|1|32mm|TAU|T’au Empire
417|2|Stealth Shas'vre|"8"""|4|3+|-||2|7+|1||TAU|T’au Empire
434|1|Stormsurge|"8"""|11|2+|4||20|7+|6|170 x 109mm|TAU|T’au Empire
411|1|Strike Team|"6"""|3|4+|-||1|7+|2|25mm|TAU|T’au Empire
411|2|Fire Warrior Shas'ui|"6"""|3|4+|-||1|7+|2||TAU|T’au Empire
426|1|Sun Shark Bomber|-|9|3+|-||12|7+|-|120 x 92mm|TAU|T’au Empire
446|1|Ta'unar Supremacy Armour|"8"""|13|2+|5||30|7+|10|160mm|TAU|T’au Empire
133770|1|Tactical Drones|"8"""|3|4+|-||1|7+|0||TAU|T’au Empire
447|1|Tetra|"14"""|7|4+|-||7|7+|2|60mm|TAU|T’au Empire
4203|1|The Twin Lance|"10"""|6|2+|4||8|6+|2|60mm|TAU|T’au Empire
435|1|Tidewall Droneport|"4"""|8|3+|-||10|7+|0||TAU|T’au Empire
437|1|Tidewall Gunrig|"4"""|8|3+|-||14|7+|0||TAU|T’au Empire
436|1|Tidewall Shieldline|"4"""|8|3+|5||10|7+|0||TAU|T’au Empire
483139|1|Tiger Shark|-|11|3+|5||18|7+|-|160mm|TAU|T’au Empire
448|1|TX42 Piranha|"14"""|7|4+|-||7|7+|2|60mm|TAU|T’au Empire
427|1|Vespid Stingwings|"12"""|4|4+|-||1|7+|1|28.5mm|TAU|T’au Empire
443|1|XV9 Hazard Battlesuits|"8"""|6|3+|-||4|7+|2|60mm|TAU|T’au Empire
444|1|Y'vahra Battlesuit|"10"""|9|2+|5||15|7+|4|120 x 92mm|TAU|T’au Empire
1032|1|Ahriman|"10"""|5|3+|4||6|6+|2|40mm|TS|Thousand Sons
459690|1|Blue Horror|"6"""|3|7+|4||1|8+|0|25mm|TS|Thousand Sons
478363|1|Brayherd Chieftain|"6"""|4|5+|5||4|7+|1||TS|Thousand Sons
763054|1|Brayherd Shaman|"6"""|4|5+|5||4|7+|1||TS|Thousand Sons
3627|1|Cerberus|"10"""|12|2+|-||18|6+|6||TS|Thousand Sons
1025|1|Chaos Land Raider|"10"""|12|2+|-||16|6+|5||TS|Thousand Sons
3597|1|Chaos Lord on Disc of Tzeentch|"12"""|4|3+|4||6|6+|1|40mm|TS|Thousand Sons
2501|1|Chaos Predator Annihilator|"10"""|10|3+|-||11|6+|3||TS|Thousand Sons
1026|1|Chaos Predator Destructor|"10"""|10|3+|-||11|6+|3||TS|Thousand Sons
1022|1|Chaos Rhino|"12"""|9|3+|-||10|6+|2||TS|Thousand Sons
1023|1|Chaos Spawn|"8"""|5|4+|5||4|7+|1|50mm|TS|Thousand Sons
270505|1|Chaos Spawn|"8"""|5|4+|5||4|7|1|50mm|TS|Thousand Sons
3591|1|Chaos Thunderhawk|"20""+"|12|2+|-||30|6+|0|120 x 92mm|TS|Thousand Sons
1027|1|Chaos Vindicator|"9"""|11|2+|-||11|6+|3||TS|Thousand Sons
1036|1|Daemon Prince of Tzeentch|"9"""|10|2+|4||10|6+|3|60mm|TS|Thousand Sons
4120|1|Daemon Prince of Tzeentch with wings|"13"""|9|2+|4||10|6+|3|60mm|TS|Thousand Sons
762500|1|Daemonic Charioteer|"6"""|7|6+|-||8|7+|3||TS|Thousand Sons
827557|1|Daemonic Herald|"6"""|3|7+|-||3|7+|1||TS|Thousand Sons
1030|1|Defiler|"12"""|11|3+|5||18|6+|5|160mm|TS|Thousand Sons
3623|1|Deredeo Dreadnought|"6"""|9|2+|5||12|6+|3|80mm|TS|Thousand Sons
1033|1|Exalted Sorcerer|"6"""|5|3+|4||5|6+|1|32mm|TS|Thousand Sons
2755|1|Exalted Sorcerer on Disc of Tzeentch|"10"""|5|3+|4||6|6+|2|40mm|TS|Thousand Sons
3687|1|Falchion|"9"""|13|2+|-||24|6+|8||TS|Thousand Sons
3651|1|Fellblade|"9"""|13|2+|-||24|6+|8||TS|Thousand Sons
3615|1|Fire Raptor Gunship|"20+"""|10|3+|-||18|6+|0|120 x 92mm|TS|Thousand Sons
4125|1|Flamers|"9"""|4|7+|4||3|7+|1|32mm|TS|Thousand Sons
1028|1|Forgefiend|"8"""|10|3+|5||12|6+|3|120 x 92mm|TS|Thousand Sons
1021|1|Helbrute|"8"""|9|2+|5||8|6+|3|60mm|TS|Thousand Sons
1024|1|Heldrake|"12"""|9|3+|5||12|6+|0|120 x 92mm|TS|Thousand Sons
3599|1|Hell Talon|"20+"""|9|3+|5||14|6+|0|120 x 92mm|TS|Thousand Sons
3598|1|Hellblade|"20+"""|8|3+|5||10|6+|0|120 x 92mm|TS|Thousand Sons
435965|1|Immortal Champion|"8"""|10|2+|-||10|6+|3||TS|Thousand Sons
2500|1|Infernal Master|"6"""|5|3+|5||4|6+|1|40mm|TS|Thousand Sons
4123|1|Kairos Fateweaver|"12"""|10|6+|4||20|6+|5|100mm|TS|Thousand Sons
3631|1|Kratos|"10"""|12|2+|-||18|6+|6||TS|Thousand Sons
3607|1|Land Raider Achilles|"10"""|12|2+|4||16|6+|5||TS|Thousand Sons
3611|1|Land Raider Proteus|"12"""|12|2+|-||16|6+|5||TS|Thousand Sons
3647|1|Leviathan Dreadnought|"8"""|10|2+|5||12|6+|4|80mm|TS|Thousand Sons
4124|1|Lord of Change|"12"""|10|6+|4||18|6+|5|100mm|TS|Thousand Sons
243453|1|Magister|"6"""|4|3+|5||4|6+|1||TS|Thousand Sons
1031|1|Magnus the Red|"14"""|11|2+|4||16|5+|6|100mm|TS|Thousand Sons
3643|1|Mastodon|"9"""|14|2+|-||30|6+|12||TS|Thousand Sons
1029|1|Maulerfiend|"10"""|10|3+|5||12|6+|3|120 x 92mm|TS|Thousand Sons
1476|1|Mutalith Vortex Beast|"10"""|10|4+|5||13|6+|4|120 x 92mm|TS|Thousand Sons
4127|1|Blue/Brimstone Horror (ref. only)|"6"""|3|7+|4||1|8+|0|32mm|TS|Thousand Sons
4127|2|Pink Horror|"6"""|3|7+|4||1|7+|1|32mm|TS|Thousand Sons
3667|1|Rapier Carrier|"3"""|6|2+|-||6|6+|2||TS|Thousand Sons
3655|1|Relic Contemptor Dreadnought|"6"""|9|2+|5||10|6+|3|60mm|TS|Thousand Sons
1020|1|Rubric Marine|"6"""|5|3+|5||2|7+|2|32mm|TS|Thousand Sons
1020|2|Aspiring Sorcerer|"6"""|5|3+|5||3|6+|2|32mm|TS|Thousand Sons
1035|1|Scarab Occult Sorcerer|"5"""|6|2+|4||4|6+|1|40mm|TS|Thousand Sons
1035|2|Scarab Occult Terminator|"5"""|6|2+|4||3|7+|1|40mm|TS|Thousand Sons
4126|1|Screamers|"14"""|4|6+|4||3|7+|1|32mm|TS|Thousand Sons
4121|1|Sekhetar Robots|"8"""|6|3+|5||4|7+|1|40mm|TS|Thousand Sons
3639|1|Sicaran Battle Tank|"10"""|11|2+|-||14|6+|4||TS|Thousand Sons
3683|1|Sicaran Punisher|"10"""|11|2+|-||14|6+|4||TS|Thousand Sons
3675|1|Sicaran Venator|"10"""|11|2+|-||14|6+|4||TS|Thousand Sons
3635|1|Sokar-pattern Stormbird|"20""+"|13|2+|5 (Ranged)|Invulnerabile: 5+ (Ranged)|40|6+|0||TS|Thousand Sons
1016|1|Sorcerer|"6"""|5|3+|5||4|6+|1|32mm|TS|Thousand Sons
1017|1|Sorcerer in Terminator Armour|"5"""|6|2+|4||5|6+|1|40mm|TS|Thousand Sons
3619|1|Spartan|"10"""|12|2+|-||18|6+|6||TS|Thousand Sons
3671|1|Storm Eagle Gunship|"20+"""|10|3+|-||18|6+|0|120 x 92mm|TS|Thousand Sons
3603|1|Terrax-pattern Termite|"8"""|10|3+|-||14|6+|2||TS|Thousand Sons
3679|1|Typhon|"10"""|12|2+|-||18|6+|6||TS|Thousand Sons
1474|1|Tzaangor Enlightened|"10"""|4|5+|5||2|7+|2|40mm|TS|Thousand Sons
4122|1|Tzaangor Enlightened with Fatecaster greatbows|"10"""|4|5+|5||2|7+|2|40mm|TS|Thousand Sons
1472|1|Tzaangor Shaman|"10"""|4|5+|5||4|7+|2|40mm|TS|Thousand Sons
1034|1|Tzaangors|"6"""|4|6+|6||1|7+|1|32mm|TS|Thousand Sons
3659|1|Whirlwind Scorpius|"10"""|10|3+|-||11|6+|3||TS|Thousand Sons
3663|1|Xiphon Interceptor|20+|9|3+|-||12|6+|0|120 x 92mm|TS|Thousand Sons
843788|1|Reaver Titan|"12"""|14|2+|5 (Ranged)|Invulnerabile: 5+ (Ranged)|60|6+|20||TT|Titanicus Traitoris
143439|1|Warbringer Nemesis Titan|"12"""|14|2+|5 (Ranged)|Invulnerabile: 5+ (Ranged)|80|6+|20||TT|Titanicus Traitoris
207629|1|Warhound Titan|"14"""|13|2+|5 (Ranged)|Invulnerabile: 5+ (Ranged)|40|6+|16||TT|Titanicus Traitoris
546797|1|Warlord Titan|"10"""|16|2+|5 (Ranged)|Invulnerabile: 5+ (Ranged)|100|6+|30||TT|Titanicus Traitoris
503|1|Barbed Hierodule|"8"""|12|2+|-||18|8+|5|127mm|TYR|Tyranids
2686|1|Barbgaunt|"6"""|4|4+|-||2|8+|1|40mm|TYR|Tyranids
491|1|Biovore|"5"""|6|3+|-||5|8+|1|80mm|TYR|Tyranids
463|1|Broodlord|"8"""|5|4+|4||6|7+|1|75 x 42mm|TYR|Tyranids
490|1|Carnifex|"8"""|9|2+|-||8|8+|3|105 x 70mm|TYR|Tyranids
479|1|Deathleaper|"8"""|6|3+|4||7|7+|1|60mm|TYR|Tyranids
500|1|Dimachaeron|"12"""|10|3+|5||16|7+|5|120 x 92mm|TYR|Tyranids
495|1|Exocrine|"8"""|10|3+|-||14|8+|4|120 x 92mm|TYR|Tyranids
484|1|Gargoyles|"12"""|3|6+|-||1|8+|2|32mm|TYR|Tyranids
467|1|Genestealers|"8"""|4|5+|5||2|7+|1|32mm|TYR|Tyranids
485|1|Harpy|-|9|3+|-||12|8+|-|120 x 92mm|TYR|Tyranids
504|1|Harridan|"14"""|10|3+|-||30|8+|0|120 x 92mm|TYR|Tyranids
478|1|Haruspex|"8"""|11|3+|-||14|8+|4|120 x 92mm|TYR|Tyranids
505|1|Hierophant|"12"""|14|2+|5||30|8+|12||TYR|Tyranids
486|1|Hive Crone|-|9|3+|-||12|8+|-|120 x 92mm|TYR|Tyranids
472|1|Hive Guard|"6"""|7|3+|-||4|8+|1|50mm|TYR|Tyranids
460|1|Hive Tyrant|"8"""|10|2+|4||10|7+|3|60mm|TYR|Tyranids
469|1|Hormagaunts|"10"""|3|5+|-||1|8+|2|28.5mm|TYR|Tyranids
4117|1|Ravener Prime|"10"""|5|4+|-||6|7+|1|40mm|TYR|Tyranids
4117|2|Ravener|"10"""|5|4+|-||3|8+|1|40mm|TYR|Tyranids
473|1|Lictor|"8"""|6|4+|-||6|7+|1|50mm|TYR|Tyranids
412899|1|Macro Organism|"8"""|10|3+|-||14|8+|4||TYR|Tyranids
499|1|Malanthrope|"6"""|5|4+|-||10|7+|3|60mm|TYR|Tyranids
474|1|Maleceptor|"8"""|11|3+|4||14|7+|4|120 x 92mm|TYR|Tyranids
494|1|Mawloc|"10"""|10|3+|-||14|8+|4|120 x 92mm|TYR|Tyranids
487|1|Mucolid Spore|"4"""|4|7+|-||3|8+|0|40mm|TYR|Tyranids
235575|1|Mucolid Spore|"4"""|4|7+|-||3|8+|0||TYR|Tyranids
2687|1|Neurogaunt Nodebeast|"6"""|3|6+|-||1|8+|1|25mm|TYR|Tyranids
2687|2|Neurogaunt|"6"""|3|6+|-||1|8+|1|25mm|TYR|Tyranids
2753|1|Neurolictor|"8"""|5|4+|4||7|7+|1|50mm|TYR|Tyranids
2688|1|Neurotyrant|"6"""|8|4+|4||9|7+|3|50mm|TYR|Tyranids
879195|1|Node Organism|"6"""|5|4+|-||6|7+|1||TYR|Tyranids
2752|1|Norn Assimilator|"10"""|11|2+|-||16|7+|5|100mm|TYR|Tyranids
2751|1|Norn Emissary|"10"""|11|2+|4||16|7+|5|100mm|TYR|Tyranids
462|1|Old One Eye|"8"""|9|2+|-||9|8+|3|105 x 70mm|TYR|Tyranids
2529|1|Parasite of Mortrex|"12"""|5|4+|-||5|8+|1|40mm|TYR|Tyranids
474819|1|Prime Organism|"8"""|9|2+|-||9|7+|3||TYR|Tyranids
2689|1|Psychophage|"12"""|9|3+|-||10|8+|3|120 x 92mm|TYR|Tyranids
477|1|Pyrovores|"5"""|6|3+|-||5|8+|1|80mm|TYR|Tyranids
171844|1|Raveners|"10"""|5|4+|-||3|8+|1|40mm|TYR|Tyranids
470|1|Ripper Swarm|"6"""|2|6+|-||4|8+|0|40mm|TYR|Tyranids
473569|1|Ripper Swarm|"6"""|2|6+|-||4|8+|0|40mm|TYR|Tyranids
2690|1|Screamer-killer|"8"""|9|2+|-||10|8+|3|90mm|TYR|Tyranids
506|1|Scythed Hierodule|"12"""|12|2+|-||18|8+|5|127mm|TYR|Tyranids
483|1|Sky-slasher Swarms|"12"""|2|6+|-||4|8+|0|40mm|TYR|Tyranids
488|1|Spore Mine|"4"""|1|7+|-||1|8+|0|25mm|TYR|Tyranids
299699|1|Spore Mine|"4"""|1|7+|-||1|8+|0||TYR|Tyranids
472623|1|Spore Mine|"4"""|1|7+|-||1|8+|0||TYR|Tyranids
498|1|Sporocyst|-|10|3+|-||10|8+|0|100mm|TYR|Tyranids
468|1|Termagants|"6"""|3|5+|-||1|8+|2|28.5mm|TYR|Tyranids
465|1|Tervigon|"8"""|11|2+|-||16|7+|5|120 x 92mm|TYR|Tyranids
4225|1|The Red Terror|"10"""|8|3+|-||9|8+|3|100mm|TYR|Tyranids
461|1|The Swarmlord|"8"""|10|2+|4||10|7+|3|60mm|TYR|Tyranids
497|1|Toxicrene|"8"""|11|3+|-||14|8+|4|120 x 92mm|TYR|Tyranids
493|1|Trygon|"10"""|10|3+|-||14|8+|4|120 x 92mm|TYR|Tyranids
4202|1|Tyranid Prime with Lash Whip|"10"""|5|3+|-||6|7+|1|50mm|TYR|Tyranids
2691|1|Tyranid Prime|"6"""|5|4+|-||3|7+|2|50mm|TYR|Tyranids
2691|2|Tyranid Warrior|"6"""|5|4+|-||3|7+|2||TYR|Tyranids
2692|1|Tyranid Prime|"6"""|5|4+|-||3|7+|2|50mm|TYR|Tyranids
2692|2|Tyranid Warrior|"6"""|5|4+|-||3|7+|2||TYR|Tyranids
489|1|Tyrannocyte|"8"""|9|3+|-||10|8+|2|100mm|TYR|Tyranids
496|1|Tyrannofex|"9"""|12|2+|-||16|8+|5|120 x 92mm|TYR|Tyranids
471|1|Tyrant Guard|"6"""|8|3+|-||4|8+|1|50mm|TYR|Tyranids
476|1|Venomthropes|"6"""|5|4+|-||3|8+|1|40mm|TYR|Tyranids
2693|1|Von Ryan's Leaper|"10"""|5|4+|6||3|8+|1|40mm|TYR|Tyranids
2528|1|Winged Hive Tyrant|"12"""|9|2+|4||10|7+|3|60mm|TYR|Tyranids
2694|1|Winged Tyranid Prime|"12"""|5|4+|-||6|7+|1|50mm|TYR|Tyranids
475|1|Zoanthrope|"5"""|5|5+|4||3|7+|1|40mm|TYR|Tyranids
2621|1|Angron|"14"""|11|2+|4||16|5+|6|100mm|WE|World Eaters
3587|1|Blood Slaughterer|"12"""|9|3+|5||10|6+|3||WE|World Eaters
4107|1|Bloodcrushers|"10"""|7|3+|5||4|7+|2|90 x 52mm|WE|World Eaters
820361|1|Bloodcult Champion|"7"""|4|6+|5||3|6+|1||WE|World Eaters
4106|1|Bloodletters|"8"""|4|7+|5||1|7+|1|32mm|WE|World Eaters
4105|1|Bloodthirster|"12"""|11|3+|4||18|6+|5|120 x 92mm|WE|World Eaters
263062|1|Butcherlord|"8"""|4|3+|4||5|6+|1||WE|World Eaters
3629|1|Cerberus|"10"""|12|2+|-||18|6+|6||WE|World Eaters
2634|1|Chaos Land Raider|"10"""|12|2+|-||16|6+|5||WE|World Eaters
2637|1|Chaos Predator Annihilator|"10"""|10|3+|-||11|6+|3||WE|World Eaters
2636|1|Chaos Predator Destructor|"10"""|10|3+|-||11|6+|3||WE|World Eaters
2640|1|Chaos Rhino|"12"""|9|3+|-||10|6+|2||WE|World Eaters
2633|1|Chaos Spawn|"10"""|5|4+|-||4|7+|1|50mm|WE|World Eaters
2629|1|Chaos Terminators|"7"""|6|2+|4||3|6+|1|40mm|WE|World Eaters
3588|1|Chaos Thunderhawk|"20""+"|12|2+|-||30|6+|0|120 x 92mm|WE|World Eaters
2624|1|Daemon Prince of Khorne|"10"""|10|2+|4||10|6+|3|60mm|WE|World Eaters
2757|1|Daemon Prince of Khorne with wings|"14"""|9|2+|4||10|6+|3|60mm|WE|World Eaters
558263|1|Daemonic Charioteer|"6"""|7|6+|-||8|7+|3||WE|World Eaters
836586|1|Daemonic Herald|"6"""|3|7+|-||3|7+|1||WE|World Eaters
4207|1|Defiler|"14"""|11|3+|5||18|6+|5|160mm|WE|World Eaters
3625|1|Deredeo Dreadnought|"6"""|9|2+|5||12|6+|3|80mm|WE|World Eaters
260170|1|Eight-blessed Lord|"10"""|6|3+|4||7|6+|2||WE|World Eaters
2630|1|Eightbound|"10"""|6|3+|5||3|6+|1|40mm|WE|World Eaters
2631|1|Exalted Eightbound|"10"""|6|3+|5||3|6+|1|40mm|WE|World Eaters
3689|1|Falchion|"9"""|13|2+|-||24|6+|8||WE|World Eaters
3653|1|Fellblade|"9"""|13|2+|-||24|6+|8||WE|World Eaters
3617|1|Fire Raptor Gunship|"20+"""|10|3+|-||18|6+|0|120 x 92mm|WE|World Eaters
4108|1|Flesh Hounds|"12"""|4|7+|5||2|7+|1|60 x 35.5mm|WE|World Eaters
2638|1|Forgefiend|"10"""|10|3+|5||12|6+|3|120 x 92mm|WE|World Eaters
4076|1|Goremongers|"9"""|4|6+|-||1|7+|1|32mm|WE|World Eaters
3589|1|Greater Brass Scorpion|"12"""|12|3+|5||26|6+|10||WE|World Eaters
2632|1|Helbrute|"9"""|9|2+|-||8|6+|3|60mm|WE|World Eaters
2641|1|Heldrake|"12"""|9|3+|5||12|6+|0|120 x 92mm|WE|World Eaters
3602|1|Hell Talon|"20+"""|9|3+|5||14|6+|0|120 x 92mm|WE|World Eaters
3601|1|Hellblade|"20+"""|8|3+|5||10|6+|0|120 x 92mm|WE|World Eaters
785566|1|Immortal Champion|"8"""|10|2+|-||10|6+|3||WE|World Eaters
2628|1|Jakhal|"7"""|4|6+|-||1|7+|1|28.5mm|WE|World Eaters
2622|1|Khârn the Betrayer|"8"""|5|3+|4||5|6+|1|40mm|WE|World Eaters
2627|1|Khorne Berzerker|"8"""|5|3+|-||2|6+|2|32mm|WE|World Eaters
2642|1|Khorne Lord of Skulls|"12"""|13|3+|5||24|6+|8||WE|World Eaters
3633|1|Kratos|"10"""|12|2+|-||18|6+|6||WE|World Eaters
3590|1|Kytan Ravager|"10"""|12|3+|5||24|6+|10|170 x 109mm|WE|World Eaters
3609|1|Land Raider Achilles|"10"""|12|2+|4||16|6+|5||WE|World Eaters
3613|1|Land Raider Proteus|"12"""|12|2+|-||16|6+|5||WE|World Eaters
3649|1|Leviathan Dreadnought|"8"""|10|2+|5||12|6+|4|80mm|WE|World Eaters
2623|1|Lord Invocatus|"10"""|6|3+|4||8|6+|2|90 x 52mm|WE|World Eaters
2625|1|Lord on Juggernaut|"10"""|6|3+|4||7|6+|2|90 x 52mm|WE|World Eaters
2626|1|Master of Executions|"8"""|5|3+|-||4|6+|1|40mm|WE|World Eaters
3645|1|Mastodon|"9"""|14|2+|-||30|6+|12||WE|World Eaters
2639|1|Maulerfiend|"12"""|10|3+|5||12|6+|3|120 x 92mm|WE|World Eaters
3669|1|Rapier Carrier|"3"""|6|2+|-||6|6+|2||WE|World Eaters
3657|1|Relic Contemptor Dreadnought|"6"""|9|2+|5||10|6+|3|60mm|WE|World Eaters
3641|1|Sicaran Battle Tank|"10"""|11|2+|-||14|6+|4||WE|World Eaters
3685|1|Sicaran Punisher|"10"""|11|2+|-||14|6+|4||WE|World Eaters
3677|1|Sicaran Venator|"10"""|11|2+|-||14|6+|4||WE|World Eaters
4104|1|Skarbrand|"10"""|11|3+|4||20|6+|5|100mm|WE|World Eaters
4103|1|Slaughterbound|"10"""|6|3+|5||6|6+|1|50mm|WE|World Eaters
3637|1|Sokar-pattern Stormbird|"20""+"|13|2+|5 (Ranged)|Invulnerabile: 5+ (Ranged)|40|6+|0||WE|World Eaters
3621|1|Spartan|"10"""|12|2+|-||18|6+|6||WE|World Eaters
3673|1|Storm Eagle Gunship|"20+"""|10|3+|-||18|6+|0|120 x 92mm|WE|World Eaters
3605|1|Terrax-pattern Termite|"8"""|10|3+|-||14|6+|2||WE|World Eaters
3681|1|Typhon|"10"""|12|2+|-||18|6+|6||WE|World Eaters
3661|1|Whirlwind Scorpius|"10"""|10|3+|-||11|6+|3||WE|World Eaters
3665|1|Xiphon Interceptor|20+|9|3+|-||12|6+|0|120 x 92mm|WE|World Eaters
