datasheet_id|name|keyword|model|is_faction_keyword
1|Warboss|Orks||true
1|Warboss|Character||false
1|Warboss|Explosives||false
1|Warboss|Warboss||false
1|Warboss|Infantry||false
2|Warboss In Mega Armour|Orks||true
2|Warboss In Mega Armour|Mega Armour||false
2|Warboss In Mega Armour|Warboss||false
2|Warboss In Mega Armour|Character||false
2|Warboss In Mega Armour|Infantry||false
3|Warboss on Warbike|Orks||true
3|Warboss on Warbike|Speed Freeks||false
3|Warboss on Warbike|Mounted||false
3|Warboss on Warbike|Explosives||false
3|Warboss on Warbike|Character||false
4|Weirdboy|Orks||true
4|Weirdboy|Psyker||false
4|Weirdboy|Character||false
4|Weirdboy|Infantry||false
6|Big Mek In Mega Armour|Orks||true
6|Big Mek In Mega Armour|Mega Armour||false
6|Big Mek In Mega Armour|Explosives||false
6|Big Mek In Mega Armour|Character||false
6|Big Mek In Mega Armour|Big Mek||false
6|Big Mek In Mega Armour|Infantry||false
8|Ghazghkull Thraka|Orks||true
8|Ghazghkull Thraka|Epic Hero||false
8|Ghazghkull Thraka|Infantry||false
8|Ghazghkull Thraka|Character||false
8|Ghazghkull Thraka|Explosives||false
8|Ghazghkull Thraka|Warboss||false
9|Kaptin Badrukk|Orks||true
9|Kaptin Badrukk|Infantry||false
9|Kaptin Badrukk|Epic Hero||false
9|Kaptin Badrukk|Character||false
10|Boss Zagstruk|Orks||true
10|Boss Zagstruk|Character||false
10|Boss Zagstruk|Jump Pack||false
10|Boss Zagstruk|Infantry||false
10|Boss Zagstruk|Fly||false
10|Boss Zagstruk|Epic Hero||false
11|Boss Snikrot|Orks||true
11|Boss Snikrot|Explosives||false
11|Boss Snikrot|Epic Hero||false
11|Boss Snikrot|Character||false
11|Boss Snikrot|Infantry||false
11|Boss Snikrot|Smoke||false
12|Mek|Orks||true
12|Mek|Infantry||false
12|Mek|Character||false
12|Mek|Explosives||false
13|Painboy|Orks||true
13|Painboy|Infantry||false
13|Painboy|Character||false
15|Mad Dok Grotsnik|Orks||true
15|Mad Dok Grotsnik|Painboy||false
15|Mad Dok Grotsnik|Infantry||false
15|Mad Dok Grotsnik|Epic Hero||false
15|Mad Dok Grotsnik|Character||false
16|Boyz|Orks||true
16|Boyz|Mob||false
16|Boyz|Explosives||false
16|Boyz|Infantry||false
16|Boyz|Battleline||false
17|Gretchin|Orks||true
17|Gretchin|Grots||false
17|Gretchin|Infantry||false
19|Burna Boyz|Orks||true
19|Burna Boyz|Infantry||false
20|Tankbustas|Orks||true
20|Tankbustas|Explosives||false
20|Tankbustas|Infantry||false
21|Nobz|Orks||true
21|Nobz|Infantry||false
21|Nobz|Explosives||false
24|Meganobz|Orks||true
24|Meganobz|Infantry||false
24|Meganobz|Explosives||false
24|Meganobz|Mega Armour||false
25|Kommandos|Orks||true
25|Kommandos|Smoke||false
25|Kommandos|Explosives||false
25|Kommandos|Infantry||false
26|Trukk|Orks||true
26|Trukk|Speed Freeks||false
26|Trukk|Dedicated Transport||false
26|Trukk|Vehicle||false
26|Trukk|Transport||false
26|Trukk|Frame||false
27|Stormboyz|Orks||true
27|Stormboyz|Jump Pack||false
27|Stormboyz|Fly||false
27|Stormboyz|Explosives||false
27|Stormboyz|Infantry||false
28|Deffkoptas|Orks||true
28|Deffkoptas|Explosives||false
28|Deffkoptas|Mounted||false
28|Deffkoptas|Speed Freeks||false
28|Deffkoptas|Fly||false
29|Dakkajet|Orks||true
29|Dakkajet|Speed Freeks||false
29|Dakkajet|Fly||false
29|Dakkajet|Aircraft||false
29|Dakkajet|Vehicle||false
30|Burna-bommer|Orks||true
30|Burna-bommer|Speed Freeks||false
30|Burna-bommer|Fly||false
30|Burna-bommer|Aircraft||false
30|Burna-bommer|Vehicle||false
31|Blitza-bommer|Orks||true
31|Blitza-bommer|Aircraft||false
31|Blitza-bommer|Fly||false
31|Blitza-bommer|Speed Freeks||false
31|Blitza-bommer|Vehicle||false
32|Wazbom Blastajet|Orks||true
32|Wazbom Blastajet|Vehicle||false
32|Wazbom Blastajet|Aircraft||false
32|Wazbom Blastajet|Fly||false
32|Wazbom Blastajet|Smoke||false
32|Wazbom Blastajet|Speed Freeks||false
33|Warbikers|Orks||true
33|Warbikers|Explosives||false
33|Warbikers|Mounted||false
33|Warbikers|Speed Freeks||false
36|Warbuggies|Orks||true
36|Warbuggies|Speed Freeks||false
36|Warbuggies|Explosives||false
36|Warbuggies|Vehicle||false
38|Mek Gunz|Orks||true
38|Mek Gunz|Frame||false
38|Mek Gunz|Vehicle||false
38|Mek Gunz|Grots||false
39|Battlewagon|Orks||true
39|Battlewagon|Transport||false
39|Battlewagon|Wagon||false
39|Battlewagon|Vehicle||false
39|Battlewagon|Frame||false
40|Deff Dread|Orks||true
40|Deff Dread|Vehicle||false
40|Deff Dread|Walker||false
41|Killa Kans|Orks||true
41|Killa Kans|Grots||false
41|Killa Kans|Walker||false
41|Killa Kans|Vehicle||false
42|Morkanaut|Orks||true
42|Morkanaut|Towering||false
42|Morkanaut|Transport||false
42|Morkanaut|Walker||false
42|Morkanaut|Vehicle||false
42|Morkanaut|Titanic||false
43|Gorkanaut|Orks||true
43|Gorkanaut|Vehicle||false
43|Gorkanaut|Titanic||false
43|Gorkanaut|Towering||false
43|Gorkanaut|Transport||false
43|Gorkanaut|Walker||false
44|Lootas|Orks||true
44|Lootas|Infantry||false
45|Flash Gitz|Orks||true
45|Flash Gitz|Infantry||false
45|Flash Gitz|Explosives||false
46|Stompa|Orks||true
46|Stompa|Frame||false
46|Stompa|Titanic||false
46|Stompa|Towering||false
46|Stompa|Transport||false
46|Stompa|Walker||false
46|Stompa|Vehicle||false
49|Grot Tanks|Orks||true
49|Grot Tanks|Frame||false
49|Grot Tanks|Grots||false
49|Grot Tanks|Vehicle||false
50|Grot Mega-tank|Orks||true
50|Grot Mega-tank|Grots||false
50|Grot Mega-tank|Vehicle||false
50|Grot Mega-tank|Frame||false
53|Lifta Wagon|Orks||true
53|Lifta Wagon|Frame||false
53|Lifta Wagon|Wagon||false
53|Lifta Wagon|Vehicle||false
54|Big Trakk|Orks||true
54|Big Trakk|Vehicle||false
54|Big Trakk|Transport||false
54|Big Trakk|Frame||false
56|Kill Tank|Orks||true
56|Kill Tank|Transport||false
56|Kill Tank|Frame||false
56|Kill Tank|Wagon||false
56|Kill Tank|Vehicle||false
59|Gargantuan Squiggoth|Orks||true
59|Gargantuan Squiggoth|Monster||false
59|Gargantuan Squiggoth|Gargantuan Squiggoth||false
59|Gargantuan Squiggoth|Frame||false
59|Gargantuan Squiggoth|Titanic||false
59|Gargantuan Squiggoth|Transport||false
59|Gargantuan Squiggoth|Towering||false
60|Apothecary Biologis|Adeptus Astartes||true
60|Apothecary Biologis|Character||false
60|Apothecary Biologis|Imperium||false
60|Apothecary Biologis|Biologis||false
60|Apothecary Biologis|Apothecary||false
60|Apothecary Biologis|Infantry||false
60|Apothecary Biologis|Gravis||false
61|Assault Squad|Adeptus Astartes||true
61|Assault Squad|Infantry||false
61|Assault Squad|Grenades||false
61|Assault Squad|Imperium||false
61|Assault Squad|Assault Squad||false
63|Apothecary on Bike|Adeptus Astartes||true
63|Apothecary on Bike|Mounted||false
63|Apothecary on Bike|Character||false
63|Apothecary on Bike|Grenades||false
63|Apothecary on Bike|Imperium||false
63|Apothecary on Bike|Ravenwing||false
63|Apothecary on Bike|Apothecary||false
64|Assault Squad with Jump Packs|Adeptus Astartes||true
64|Assault Squad with Jump Packs|Fly||false
64|Assault Squad with Jump Packs|Jump Pack||false
64|Assault Squad with Jump Packs|Grenades||false
64|Assault Squad with Jump Packs|Infantry||false
64|Assault Squad with Jump Packs|Assault Squad with Jump Packs||false
64|Assault Squad with Jump Packs|Imperium||false
65|Land Raider|Adeptus Astartes||true
65|Land Raider|Smoke||false
65|Land Raider|Land Raider||false
65|Land Raider|Frame||false
65|Land Raider|Imperium||false
65|Land Raider|Transport||false
65|Land Raider|Vehicle||false
65|Land Raider|Deathwing||false
66|Land Raider Crusader|Adeptus Astartes||true
66|Land Raider Crusader|Land Raider Crusader||false
66|Land Raider Crusader|Land Raider||false
66|Land Raider Crusader|Deathwing||false
66|Land Raider Crusader|Smoke||false
66|Land Raider Crusader|Transport||false
66|Land Raider Crusader|Imperium||false
66|Land Raider Crusader|Frame||false
66|Land Raider Crusader|Vehicle||false
66|Land Raider Crusader|Grenades||false
67|Land Raider Excelsior|Adeptus Astartes||true
67|Land Raider Excelsior|Land Raider Excelsior||false
67|Land Raider Excelsior|Vehicle||false
67|Land Raider Excelsior|Smoke||false
67|Land Raider Excelsior|Transport||false
67|Land Raider Excelsior|Frame||false
67|Land Raider Excelsior|Imperium||false
68|Suppressor Squad|Adeptus Astartes||true
68|Suppressor Squad|Jump Pack||false
68|Suppressor Squad|Fly||false
68|Suppressor Squad|Imperium||false
68|Suppressor Squad|Suppressor Squad||false
68|Suppressor Squad|Infantry||false
68|Suppressor Squad|Grenades||false
68|Suppressor Squad|Smoke||false
70|Tactical Squad|Adeptus Astartes||true
70|Tactical Squad|Infantry||false
70|Tactical Squad|Battleline||false
70|Tactical Squad|Grenades||false
70|Tactical Squad|Imperium||false
70|Tactical Squad|Tactical Squad||false
71|Bladeguard Veteran Squad|Adeptus Astartes||true
71|Bladeguard Veteran Squad|Grenades||false
71|Bladeguard Veteran Squad|Tacticus||false
71|Bladeguard Veteran Squad|Infantry||false
71|Bladeguard Veteran Squad|Bladeguard Veteran Squad||false
71|Bladeguard Veteran Squad|Imperium||false
71|Bladeguard Veteran Squad|Deathwing||false
72|Caestus Assault Ram|Adeptus Astartes||true
72|Caestus Assault Ram|Fly||false
72|Caestus Assault Ram|Imperium||false
72|Caestus Assault Ram|Caestus Assault Ram||false
72|Caestus Assault Ram|Transport||false
72|Caestus Assault Ram|Aircraft||false
72|Caestus Assault Ram|Vehicle||false
72|Caestus Assault Ram|Ravenwing||false
73|Captain|Adeptus Astartes||true
73|Captain|Captain||false
73|Captain|Tacticus||false
73|Captain|Imperium||false
73|Captain|Character||false
73|Captain|Infantry||false
73|Captain|Grenades||false
76|Lieutenant with Combi-weapon|Adeptus Astartes||true
76|Lieutenant with Combi-weapon|Phobos||false
76|Lieutenant with Combi-weapon|Lieutenant with Combi-weapon||false
76|Lieutenant with Combi-weapon|Imperium||false
76|Lieutenant with Combi-weapon|Grenades||false
76|Lieutenant with Combi-weapon|Lieutenant||false
76|Lieutenant with Combi-weapon|Infantry||false
76|Lieutenant with Combi-weapon|Character||false
79|Librarian In Terminator Armour|Adeptus Astartes||true
79|Librarian In Terminator Armour|Librarian||false
79|Librarian In Terminator Armour|Deathwing||false
79|Librarian In Terminator Armour|Terminator||false
79|Librarian In Terminator Armour|Imperium||false
79|Librarian In Terminator Armour|Character||false
79|Librarian In Terminator Armour|Infantry||false
79|Librarian In Terminator Armour|Psyker||false
83|Captain With Jump Pack|Adeptus Astartes||true
83|Captain With Jump Pack|Character||false
83|Captain With Jump Pack|Infantry||false
83|Captain With Jump Pack|Tacticus||false
83|Captain With Jump Pack|Captain||false
83|Captain With Jump Pack|Imperium||false
83|Captain With Jump Pack|Grenades||false
83|Captain With Jump Pack|Fly||false
83|Captain With Jump Pack|Jump Pack||false
84|Stormhawk Interceptor|Adeptus Astartes||true
84|Stormhawk Interceptor|Vehicle||false
84|Stormhawk Interceptor|Fly||false
84|Stormhawk Interceptor|Aircraft||false
84|Stormhawk Interceptor|Imperium||false
84|Stormhawk Interceptor|Smoke||false
84|Stormhawk Interceptor|Stormhawk Interceptor||false
84|Stormhawk Interceptor|Ravenwing||false
85|Rhino Primaris|Adeptus Astartes||true
85|Rhino Primaris|Vehicle||false
85|Rhino Primaris|Smoke||false
85|Rhino Primaris|Transport||false
85|Rhino Primaris|Frame||false
85|Rhino Primaris|Imperium||false
85|Rhino Primaris|Rhino Primaris||false
86|Firestrike Servo-turrets|Adeptus Astartes||true
86|Firestrike Servo-turrets|Vehicle||false
86|Firestrike Servo-turrets|Artillery||false
86|Firestrike Servo-turrets|Firestrike Servo-turrets||false
86|Firestrike Servo-turrets|Imperium||false
87|Drop Pod|Adeptus Astartes||true
87|Drop Pod|Drop Pod||false
87|Drop Pod|Imperium||false
87|Drop Pod|Dedicated Transport||false
87|Drop Pod|Frame||false
87|Drop Pod|Vehicle||false
87|Drop Pod|Transport||false
91|Ballistus Dreadnought|Adeptus Astartes||true
91|Ballistus Dreadnought|Deathwing||false
91|Ballistus Dreadnought|Dreadnought||false
91|Ballistus Dreadnought|Imperium||false
91|Ballistus Dreadnought|Walker||false
91|Ballistus Dreadnought|Vehicle||false
91|Ballistus Dreadnought|Ballistus Dreadnought||false
92|Sicaran Venator|Adeptus Astartes||true
92|Sicaran Venator|Frame||false
92|Sicaran Venator|Vehicle||false
92|Sicaran Venator|Imperium||false
92|Sicaran Venator|Sicaran Venator||false
92|Sicaran Venator|Smoke||false
93|Typhon|Adeptus Astartes||true
93|Typhon|Frame||false
93|Typhon|Imperium||false
93|Typhon|Smoke||false
93|Typhon|Typhon||false
93|Typhon|Vehicle||false
94|Chaplain On Bike|Adeptus Astartes||true
94|Chaplain On Bike|Imperium||false
94|Chaplain On Bike|Character||false
94|Chaplain On Bike|Grenades||false
94|Chaplain On Bike|Chaplain||false
94|Chaplain On Bike|Mounted||false
94|Chaplain On Bike|Ravenwing||false
96|Carab Culln The Risen|Adeptus Astartes||true
96|Carab Culln The Risen|Walker||false
96|Carab Culln The Risen|Imperium||false
96|Carab Culln The Risen|Carab Culln the Risen||false
96|Carab Culln The Risen|Dreadnought||false
96|Carab Culln The Risen|Epic Hero||false
96|Carab Culln The Risen|Character||false
96|Carab Culln The Risen|Smoke||false
96|Carab Culln The Risen|Vehicle||false
96|Carab Culln The Risen|Deathwing||false
97|Hammerfall Bunker|Adeptus Astartes||true
97|Hammerfall Bunker|Imperium||false
97|Hammerfall Bunker|Fortification||false
97|Hammerfall Bunker|Vehicle||false
97|Hammerfall Bunker|Hammerfall Bunker||false
97|Hammerfall Bunker|Frame||false
98|Tarantula Sentry Battery|Adeptus Astartes||true
98|Tarantula Sentry Battery|Imperium||false
98|Tarantula Sentry Battery|Tarantula Sentry Battery||false
98|Tarantula Sentry Battery|Artillery||false
98|Tarantula Sentry Battery|Vehicle||false
98|Tarantula Sentry Battery|Frame||false
99|Tarantula Air Defence Battery|Adeptus Astartes||true
99|Tarantula Air Defence Battery|Tarantula Air Defence Battery||false
99|Tarantula Air Defence Battery|Imperium||false
99|Tarantula Air Defence Battery|Frame||false
99|Tarantula Air Defence Battery|Vehicle||false
103|Eradicator Squad|Adeptus Astartes||true
103|Eradicator Squad|Grenades||false
103|Eradicator Squad|Infantry||false
103|Eradicator Squad|Gravis||false
103|Eradicator Squad|Eradicator Squad||false
103|Eradicator Squad|Imperium||false
104|Relic Terminator Squad|Adeptus Astartes||true
104|Relic Terminator Squad|Infantry||false
104|Relic Terminator Squad|Imperium||false
104|Relic Terminator Squad|Terminator||false
104|Relic Terminator Squad|Relic Terminator Squad||false
104|Relic Terminator Squad|Deathwing||false
107|Javelin Attack Speeder|Adeptus Astartes||true
107|Javelin Attack Speeder|Ravenwing||false
107|Javelin Attack Speeder|Javelin Attack Speeder||false
107|Javelin Attack Speeder|Fly||false
107|Javelin Attack Speeder|Imperium||false
107|Javelin Attack Speeder|Vehicle||false
110|Rapier Carrier|Adeptus Astartes||true
110|Rapier Carrier|Vehicle||false
110|Rapier Carrier|Imperium||false
110|Rapier Carrier|Artillery||false
110|Rapier Carrier|Rapier Carrier||false
110|Rapier Carrier|Frame||false
111|Mortis Dreadnought|Adeptus Astartes||true
111|Mortis Dreadnought|Deathwing||false
111|Mortis Dreadnought|Mortis Dreadnought||false
111|Mortis Dreadnought|Dreadnought||false
111|Mortis Dreadnought|Imperium||false
111|Mortis Dreadnought|Walker||false
111|Mortis Dreadnought|Vehicle||false
112|Chaplain With Jump Pack|Adeptus Astartes||true
112|Chaplain With Jump Pack|Character||false
112|Chaplain With Jump Pack|Jump Pack||false
112|Chaplain With Jump Pack|Fly||false
112|Chaplain With Jump Pack|Imperium||false
112|Chaplain With Jump Pack|Chaplain||false
112|Chaplain With Jump Pack|Infantry||false
113|Storm Eagle Gunship|Adeptus Astartes||true
113|Storm Eagle Gunship|Transport||false
113|Storm Eagle Gunship|Vehicle||false
113|Storm Eagle Gunship|Fly||false
113|Storm Eagle Gunship|Aircraft||false
113|Storm Eagle Gunship|Imperium||false
113|Storm Eagle Gunship|Storm Eagle Gunship||false
113|Storm Eagle Gunship|Ravenwing||false
114|Storm Speeder Hammerstrike|Adeptus Astartes||true
114|Storm Speeder Hammerstrike|Ravenwing||false
114|Storm Speeder Hammerstrike|Vehicle||false
114|Storm Speeder Hammerstrike|Fly||false
114|Storm Speeder Hammerstrike|Imperium||false
114|Storm Speeder Hammerstrike|Frame||false
114|Storm Speeder Hammerstrike|Storm Speeder Hammerstrike||false
115|Chaplain In Terminator Armour|Adeptus Astartes||true
115|Chaplain In Terminator Armour|Deathwing||false
115|Chaplain In Terminator Armour|Chaplain||false
115|Chaplain In Terminator Armour|Infantry||false
115|Chaplain In Terminator Armour|Terminator||false
115|Chaplain In Terminator Armour|Imperium||false
115|Chaplain In Terminator Armour|Character||false
116|Bike Squad|Adeptus Astartes||true
116|Bike Squad|Ravenwing||false
116|Bike Squad|Imperium||false
116|Bike Squad|Grenades||false
116|Bike Squad|Mounted||false
116|Bike Squad|Bike Squad||false
117|Dreadnought|Adeptus Astartes||true
117|Dreadnought|Smoke||false
117|Dreadnought|Deathwing||false
117|Dreadnought|Dreadnought||false
117|Dreadnought|Imperium||false
117|Dreadnought|Walker||false
117|Dreadnought|Vehicle||false
118|Terminator Assault Squad|Adeptus Astartes||true
118|Terminator Assault Squad|Terminator Assault Squad||false
118|Terminator Assault Squad|Deathwing||false
118|Terminator Assault Squad|Imperium||false
118|Terminator Assault Squad|Infantry||false
118|Terminator Assault Squad|Terminators||false
119|Librarian In Phobos Armour|Adeptus Astartes||true
119|Librarian In Phobos Armour|Phobos||false
119|Librarian In Phobos Armour|Librarian||false
119|Librarian In Phobos Armour|Imperium||false
119|Librarian In Phobos Armour|Infantry||false
119|Librarian In Phobos Armour|Character||false
119|Librarian In Phobos Armour|Grenades||false
119|Librarian In Phobos Armour|Psyker||false
120|Venerable Dreadnought|Adeptus Astartes||true
120|Venerable Dreadnought|Deathwing||false
120|Venerable Dreadnought|Dreadnought||false
120|Venerable Dreadnought|Venerable||false
120|Venerable Dreadnought|Imperium||false
120|Venerable Dreadnought|Smoke||false
120|Venerable Dreadnought|Walker||false
120|Venerable Dreadnought|Vehicle||false
121|Uriel Ventris|Ultramarines||true
121|Uriel Ventris|Adeptus Astartes||true
121|Uriel Ventris|Infantry||false
121|Uriel Ventris|Character||false
121|Uriel Ventris|Epic Hero||false
121|Uriel Ventris|Imperium||false
121|Uriel Ventris|Tacticus||false
121|Uriel Ventris|Captain||false
121|Uriel Ventris|Uriel Ventris||false
122|Dreadnought Drop Pod|Adeptus Astartes||true
122|Dreadnought Drop Pod|Vehicle||false
122|Dreadnought Drop Pod|Frame||false
122|Dreadnought Drop Pod|Imperium||false
122|Dreadnought Drop Pod|Transport||false
122|Dreadnought Drop Pod|Dreadnought Drop Pod||false
123|Sicaran Punisher|Adeptus Astartes||true
123|Sicaran Punisher|Vehicle||false
123|Sicaran Punisher|Frame||false
123|Sicaran Punisher|Imperium||false
123|Sicaran Punisher|Smoke||false
123|Sicaran Punisher|Sicaran Punisher||false
124|Storm Speeder Hailstrike|Adeptus Astartes||true
124|Storm Speeder Hailstrike|Vehicle||false
124|Storm Speeder Hailstrike|Ravenwing||false
124|Storm Speeder Hailstrike|Storm Speeder Hailstrike||false
124|Storm Speeder Hailstrike|Frame||false
124|Storm Speeder Hailstrike|Imperium||false
124|Storm Speeder Hailstrike|Fly||false
125|Inceptor Squad|Adeptus Astartes||true
125|Inceptor Squad|Inceptor Squad||false
125|Inceptor Squad|Infantry||false
125|Inceptor Squad|Gravis||false
125|Inceptor Squad|Imperium||false
125|Inceptor Squad|Fly||false
125|Inceptor Squad|Jump Pack||false
126|Infernus Squad|Adeptus Astartes||true
126|Infernus Squad|Grenades||false
126|Infernus Squad|Infantry||false
126|Infernus Squad|Imperium||false
126|Infernus Squad|Tacticus||false
126|Infernus Squad|Infernus Squad||false
127|Iron Father Feirros|Adeptus Astartes||true
127|Iron Father Feirros|Iron Hands||true
127|Iron Father Feirros|Infantry||false
127|Iron Father Feirros|Imperium||false
127|Iron Father Feirros|Iron Father Feirros||false
127|Iron Father Feirros|Gravis||false
127|Iron Father Feirros|Epic Hero||false
127|Iron Father Feirros|Character||false
128|Infiltrator Squad|Adeptus Astartes||true
128|Infiltrator Squad|Phobos||false
128|Infiltrator Squad|Imperium||false
128|Infiltrator Squad|Infiltrator Squad||false
128|Infiltrator Squad|Infantry||false
128|Infiltrator Squad|Grenades||false
128|Infiltrator Squad|Smoke||false
129|Razorback|Adeptus Astartes||true
129|Razorback|Razorback||false
129|Razorback|Dedicated Transport||false
129|Razorback|Imperium||false
129|Razorback|Smoke||false
129|Razorback|Frame||false
129|Razorback|Transport||false
129|Razorback|Vehicle||false
131|Leviathan Dreadnought|Adeptus Astartes||true
131|Leviathan Dreadnought|Dreadnought||false
131|Leviathan Dreadnought|Smoke||false
131|Leviathan Dreadnought|Deathwing||false
131|Leviathan Dreadnought|Vehicle||false
131|Leviathan Dreadnought|Walker||false
131|Leviathan Dreadnought|Imperium||false
131|Leviathan Dreadnought|Leviathan Dreadnought||false
132|Land Speeder Storm|Adeptus Astartes||true
132|Land Speeder Storm|Ravenwing||false
132|Land Speeder Storm|Land Speeder Storm||false
132|Land Speeder Storm|Imperium||false
132|Land Speeder Storm|Dedicated Transport||false
132|Land Speeder Storm|Transport||false
132|Land Speeder Storm|Fly||false
132|Land Speeder Storm|Vehicle||false
134|Astartes Servitors|Adeptus Astartes||true
134|Astartes Servitors|Infantry||false
134|Astartes Servitors|Imperium||false
134|Astartes Servitors|Astartes Servitors||false
135|Captain In Terminator Armour|Adeptus Astartes||true
135|Captain In Terminator Armour|Terminator||false
135|Captain In Terminator Armour|Captain||false
135|Captain In Terminator Armour|Deathwing||false
135|Captain In Terminator Armour|Character||false
135|Captain In Terminator Armour|Infantry||false
135|Captain In Terminator Armour|Imperium||false
136|Brutalis Dreadnought|Adeptus Astartes||true
136|Brutalis Dreadnought|Vehicle||false
136|Brutalis Dreadnought|Walker||false
136|Brutalis Dreadnought|Imperium||false
136|Brutalis Dreadnought|Dreadnought||false
136|Brutalis Dreadnought|Brutalis Dreadnought||false
136|Brutalis Dreadnought|Deathwing||false
137|Scout Bike Squad|Adeptus Astartes||true
137|Scout Bike Squad|Mounted||false
137|Scout Bike Squad|Grenades||false
137|Scout Bike Squad|Smoke||false
137|Scout Bike Squad|Imperium||false
137|Scout Bike Squad|Scout Bike Squad||false
137|Scout Bike Squad|Ravenwing||false
138|Roboute Guilliman|Ultramarines||true
138|Roboute Guilliman|Adeptus Astartes||true
138|Roboute Guilliman|Mobile||false
138|Roboute Guilliman|Imperium||false
138|Roboute Guilliman|Primarch||false
138|Roboute Guilliman|Roboute Guilliman||false
138|Roboute Guilliman|Epic Hero||false
138|Roboute Guilliman|Monster||false
138|Roboute Guilliman|Character||false
139|Thunderhawk Gunship|Adeptus Astartes||true
139|Thunderhawk Gunship|Fly||false
139|Thunderhawk Gunship|Vehicle||false
139|Thunderhawk Gunship|Transport||false
139|Thunderhawk Gunship|Imperium||false
139|Thunderhawk Gunship|Thunderhawk Gunship||false
139|Thunderhawk Gunship|Ravenwing||false
139|Thunderhawk Gunship|Titanic||false
140|Techmarine|Adeptus Astartes||true
140|Techmarine|Character||false
140|Techmarine|Tacticus||false
140|Techmarine|Imperium||false
140|Techmarine|Infantry||false
140|Techmarine|Techmarine||false
140|Techmarine|Grenades||false
146|Hunter|Adeptus Astartes||true
146|Hunter|Frame||false
146|Hunter|Smoke||false
146|Hunter|Hunter||false
146|Hunter|Vehicle||false
146|Hunter|Imperium||false
147|Vanguard Veteran Squad With Jump Packs|Adeptus Astartes||true
147|Vanguard Veteran Squad With Jump Packs|Fly||false
147|Vanguard Veteran Squad With Jump Packs|Deathwing||false
147|Vanguard Veteran Squad With Jump Packs|Vanguard Veteran Squad with Jump Packs||false
147|Vanguard Veteran Squad With Jump Packs|Vanguard Veteran Squad||false
147|Vanguard Veteran Squad With Jump Packs|Jump Pack||false
147|Vanguard Veteran Squad With Jump Packs|Grenades||false
147|Vanguard Veteran Squad With Jump Packs|Infantry||false
147|Vanguard Veteran Squad With Jump Packs|Imperium||false
148|Imperial Space Marine|Adeptus Astartes||true
148|Imperial Space Marine|Imperium||false
148|Imperial Space Marine|Infantry||false
148|Imperial Space Marine|Character||false
148|Imperial Space Marine|Grenades||false
148|Imperial Space Marine|Imperial Space Marine||false
151|Commander Dante|Blood Angels||true
151|Commander Dante|Adeptus Astartes||true
151|Commander Dante|Infantry||false
151|Commander Dante|Character||false
151|Commander Dante|Epic Hero||false
151|Commander Dante|Grenades||false
151|Commander Dante|Imperium||false
151|Commander Dante|Tacticus||false
151|Commander Dante|Fly||false
151|Commander Dante|Commander Dante||false
151|Commander Dante|Jump Pack||false
151|Commander Dante|Chapter Master||false
152|Captain Tycho|Adeptus Astartes||true
152|Captain Tycho|Blood Angels||true
152|Captain Tycho|Character||false
152|Captain Tycho|Infantry||false
152|Captain Tycho|Captain||false
152|Captain Tycho|Tycho||false
152|Captain Tycho|Imperium||false
152|Captain Tycho|Grenades||false
152|Captain Tycho|Epic Hero||false
153|Tycho The Lost|Adeptus Astartes||true
153|Tycho The Lost|Blood Angels||true
153|Tycho The Lost|Captain||false
153|Tycho The Lost|Imperium||false
153|Tycho The Lost|Grenades||false
153|Tycho The Lost|Epic Hero||false
153|Tycho The Lost|Character||false
153|Tycho The Lost|Infantry||false
153|Tycho The Lost|Tycho the Lost||false
154|Librarian Dreadnought|Blood Angels||true
154|Librarian Dreadnought|Adeptus Astartes||true
154|Librarian Dreadnought|Smoke||false
154|Librarian Dreadnought|Librarian Dreadnought||false
154|Librarian Dreadnought|Dreadnought||false
154|Librarian Dreadnought|Imperium||false
154|Librarian Dreadnought|Psyker||false
154|Librarian Dreadnought|Walker||false
154|Librarian Dreadnought|Vehicle||false
155|Chief Librarian Mephiston|Blood Angels||true
155|Chief Librarian Mephiston|Adeptus Astartes||true
155|Chief Librarian Mephiston|Epic Hero||false
155|Chief Librarian Mephiston|Character||false
155|Chief Librarian Mephiston|Infantry||false
155|Chief Librarian Mephiston|Imperium||false
155|Chief Librarian Mephiston|Chief Librarian Mephiston||false
155|Chief Librarian Mephiston|Grenades||false
155|Chief Librarian Mephiston|Psyker||false
155|Chief Librarian Mephiston|Tacticus||false
156|The Sanguinor|Adeptus Astartes||true
156|The Sanguinor|Blood Angels||true
156|The Sanguinor|The Sanguinor||false
156|The Sanguinor|Imperium||false
156|The Sanguinor|Jump Pack||false
156|The Sanguinor|Fly||false
156|The Sanguinor|Character||false
156|The Sanguinor|Infantry||false
156|The Sanguinor|Epic Hero||false
156|The Sanguinor|Tacticus||false
157|Astorath|Adeptus Astartes||true
157|Astorath|Blood Angels||true
157|Astorath|Astorath||false
157|Astorath|Chaplain||false
157|Astorath|Tacticus||false
157|Astorath|Imperium||false
157|Astorath|Jump Pack||false
157|Astorath|Fly||false
157|Astorath|Epic Hero||false
157|Astorath|Character||false
157|Astorath|Infantry||false
158|Sanguinary Priest|Adeptus Astartes||true
158|Sanguinary Priest|Blood Angels||true
158|Sanguinary Priest|Grenades||false
158|Sanguinary Priest|Sanguinary Priest||false
158|Sanguinary Priest|Tacticus||false
158|Sanguinary Priest|Infantry||false
158|Sanguinary Priest|Imperium||false
158|Sanguinary Priest|Character||false
160|Brother Corbulo|Adeptus Astartes||true
160|Brother Corbulo|Blood Angels||true
160|Brother Corbulo|Grenades||false
160|Brother Corbulo|Epic Hero||false
160|Brother Corbulo|Character||false
160|Brother Corbulo|Infantry||false
160|Brother Corbulo|Imperium||false
160|Brother Corbulo|Sanguinary Priest||false
160|Brother Corbulo|Brother Corbulo||false
164|Lemartes|Adeptus Astartes||true
164|Lemartes|Blood Angels||true
164|Lemartes|Grenades||false
164|Lemartes|Jump Pack||false
164|Lemartes|Fly||false
164|Lemartes|Epic Hero||false
164|Lemartes|Lemartes||false
164|Lemartes|Character||false
164|Lemartes|Infantry||false
164|Lemartes|Chaplain||false
164|Lemartes|Tacticus||false
164|Lemartes|Imperium||false
165|Sanguinary Guard|Adeptus Astartes||true
165|Sanguinary Guard|Blood Angels||true
165|Sanguinary Guard|Imperium||false
165|Sanguinary Guard|Infantry||false
165|Sanguinary Guard|Fly||false
165|Sanguinary Guard|Jump Pack||false
165|Sanguinary Guard|Sanguinary Guard||false
165|Sanguinary Guard|Grenades||false
165|Sanguinary Guard|Tacticus||false
166|Death Company Dreadnought|Adeptus Astartes||true
166|Death Company Dreadnought|Blood Angels||true
166|Death Company Dreadnought|Vehicle||false
166|Death Company Dreadnought|Death Company Dreadnought||false
166|Death Company Dreadnought|Death Company||false
166|Death Company Dreadnought|Dreadnought||false
166|Death Company Dreadnought|Imperium||false
166|Death Company Dreadnought|Walker||false
167|Furioso Dreadnought|Blood Angels||true
167|Furioso Dreadnought|Adeptus Astartes||true
167|Furioso Dreadnought|Furioso Dreadnought||false
167|Furioso Dreadnought|Dreadnought||false
167|Furioso Dreadnought|Imperium||false
167|Furioso Dreadnought|Walker||false
167|Furioso Dreadnought|Vehicle||false
168|Baal Predator|Blood Angels||true
168|Baal Predator|Adeptus Astartes||true
168|Baal Predator|Vehicle||false
168|Baal Predator|Baal Predator||false
168|Baal Predator|Imperium||false
168|Baal Predator|Smoke||false
168|Baal Predator|Frame||false
169|Gabriel Seth|Blood Angels||true
169|Gabriel Seth|Adeptus Astartes||true
169|Gabriel Seth|Gabriel Seth||false
169|Gabriel Seth|Chapter Master||false
169|Gabriel Seth|Imperium||false
169|Gabriel Seth|Grenades||false
169|Gabriel Seth|Epic Hero||false
169|Gabriel Seth|Character||false
169|Gabriel Seth|Infantry||false
218|Azrael|Adeptus Astartes||true
218|Azrael|Dark Angels||true
218|Azrael|Chapter Master||false
218|Azrael|Tacticus||false
218|Azrael|Deathwing||false
218|Azrael|Azrael||false
218|Azrael|Imperium||false
218|Azrael|Grenades||false
218|Azrael|Epic Hero||false
218|Azrael|Character||false
218|Azrael|Infantry||false
219|Belial|Dark Angels||true
219|Belial|Adeptus Astartes||true
219|Belial|Epic Hero||false
219|Belial|Imperium||false
219|Belial|Deathwing||false
219|Belial|Terminator||false
219|Belial|Captain||false
219|Belial|Belial||false
219|Belial|Infantry||false
219|Belial|Character||false
225|Asmodai|Dark Angels||true
225|Asmodai|Adeptus Astartes||true
225|Asmodai|Infantry||false
225|Asmodai|Asmodai||false
225|Asmodai|Grenades||false
225|Asmodai|Epic Hero||false
225|Asmodai|Tacticus||false
225|Asmodai|Character||false
225|Asmodai|Deathwing||false
225|Asmodai|Imperium||false
225|Asmodai|Chaplain||false
226|Ezekiel|Dark Angels||true
226|Ezekiel|Adeptus Astartes||true
226|Ezekiel|Character||false
226|Ezekiel|Epic Hero||false
226|Ezekiel|Psyker||false
226|Ezekiel|Infantry||false
226|Ezekiel|Grenades||false
226|Ezekiel|Deathwing||false
226|Ezekiel|Librarian||false
226|Ezekiel|Ezekiel||false
226|Ezekiel|Imperium||false
230|Deathwing Terminator Squad|Dark Angels||true
230|Deathwing Terminator Squad|Adeptus Astartes||true
230|Deathwing Terminator Squad|Deathwing||false
230|Deathwing Terminator Squad|Infantry||false
230|Deathwing Terminator Squad|Terminator||false
230|Deathwing Terminator Squad|Imperium||false
230|Deathwing Terminator Squad|Deathwing Terminator Squad||false
231|Deathwing Knights|Dark Angels||true
231|Deathwing Knights|Adeptus Astartes||true
231|Deathwing Knights|Infantry||false
231|Deathwing Knights|Imperium||false
231|Deathwing Knights|Deathwing||false
231|Deathwing Knights|Terminator||false
231|Deathwing Knights|Deathwing Knights||false
238|Ravenwing Darkshroud|Dark Angels||true
238|Ravenwing Darkshroud|Adeptus Astartes||true
238|Ravenwing Darkshroud|Ravenwing||false
238|Ravenwing Darkshroud|Ravenwing Darkshroud||false
238|Ravenwing Darkshroud|Frame||false
238|Ravenwing Darkshroud|Imperium||false
238|Ravenwing Darkshroud|Fly||false
238|Ravenwing Darkshroud|Vehicle||false
239|Nephilim Jetfighter|Dark Angels||true
239|Nephilim Jetfighter|Adeptus Astartes||true
239|Nephilim Jetfighter|Aircraft||false
239|Nephilim Jetfighter|Nephilim Jetfighter||false
239|Nephilim Jetfighter|Vehicle||false
239|Nephilim Jetfighter|Fly||false
239|Nephilim Jetfighter|Imperium||false
239|Nephilim Jetfighter|Ravenwing||false
240|Ravenwing Dark Talon|Dark Angels||true
240|Ravenwing Dark Talon|Adeptus Astartes||true
240|Ravenwing Dark Talon|Imperium||false
240|Ravenwing Dark Talon|Ravenwing||false
240|Ravenwing Dark Talon|Dark Talon||false
240|Ravenwing Dark Talon|Vehicle||false
240|Ravenwing Dark Talon|Aircraft||false
240|Ravenwing Dark Talon|Fly||false
241|Ravenwing Black Knights|Dark Angels||true
241|Ravenwing Black Knights|Adeptus Astartes||true
241|Ravenwing Black Knights|Grenades||false
241|Ravenwing Black Knights|Mounted||false
241|Ravenwing Black Knights|Imperium||false
241|Ravenwing Black Knights|Ravenwing||false
241|Ravenwing Black Knights|Ravenwing Black Knights||false
242|Land Speeder Vengeance|Dark Angels||true
242|Land Speeder Vengeance|Adeptus Astartes||true
242|Land Speeder Vengeance|Fly||false
242|Land Speeder Vengeance|Imperium||false
242|Land Speeder Vengeance|Ravenwing||false
242|Land Speeder Vengeance|Vehicle||false
242|Land Speeder Vengeance|Land Speeder Vengeance||false
242|Land Speeder Vengeance|Frame||false
282|Logan Grimnar|Adeptus Astartes||true
282|Logan Grimnar|Space Wolves||true
282|Logan Grimnar|Infantry||false
282|Logan Grimnar|Character||false
282|Logan Grimnar|Epic Hero||false
282|Logan Grimnar|Chapter Master||false
282|Logan Grimnar|Imperium||false
282|Logan Grimnar|Terminator||false
282|Logan Grimnar|Logan Grimnar||false
283|Logan Grimnar On Stormrider|Space Wolves||true
283|Logan Grimnar On Stormrider|Adeptus Astartes||true
283|Logan Grimnar On Stormrider|Logan Grimnar on Stormrider||false
283|Logan Grimnar On Stormrider|Imperium||false
283|Logan Grimnar On Stormrider|Epic Hero||false
283|Logan Grimnar On Stormrider|Character||false
283|Logan Grimnar On Stormrider|Mounted||false
283|Logan Grimnar On Stormrider|Chapter Master||false
284|Wolf Lord on Thunderwolf|Space Wolves||true
284|Wolf Lord on Thunderwolf|Adeptus Astartes||true
284|Wolf Lord on Thunderwolf|Wolf Lord on Thunderwolf||false
284|Wolf Lord on Thunderwolf|Imperium||false
284|Wolf Lord on Thunderwolf|Captain||false
284|Wolf Lord on Thunderwolf|Grenades||false
284|Wolf Lord on Thunderwolf|Mounted||false
284|Wolf Lord on Thunderwolf|Character||false
285|Ragnar Blackmane|Adeptus Astartes||true
285|Ragnar Blackmane|Space Wolves||true
285|Ragnar Blackmane|Imperium||false
285|Ragnar Blackmane|Epic Hero||false
285|Ragnar Blackmane|Character||false
285|Ragnar Blackmane|Ragnar Blackmane||false
285|Ragnar Blackmane|Captain||false
285|Ragnar Blackmane|Tacticus||false
285|Ragnar Blackmane|Infantry||false
285|Ragnar Blackmane|Grenades||false
286|Krom Dragongaze|Adeptus Astartes||true
286|Krom Dragongaze|Space Wolves||true
286|Krom Dragongaze|Krom Dragongaze||false
286|Krom Dragongaze|Captain||false
286|Krom Dragongaze|Character||false
286|Krom Dragongaze|Imperium||false
286|Krom Dragongaze|Infantry||false
286|Krom Dragongaze|Epic Hero||false
286|Krom Dragongaze|Grenades||false
287|Harald Deathwolf|Adeptus Astartes||true
287|Harald Deathwolf|Space Wolves||true
287|Harald Deathwolf|Harald Deathwolf||false
287|Harald Deathwolf|Captain||false
287|Harald Deathwolf|Imperium||false
287|Harald Deathwolf|Grenades||false
287|Harald Deathwolf|Epic Hero||false
287|Harald Deathwolf|Character||false
287|Harald Deathwolf|Mounted||false
288|Canis Wolfborn|Adeptus Astartes||true
288|Canis Wolfborn|Space Wolves||true
288|Canis Wolfborn|Mounted||false
288|Canis Wolfborn|Character||false
288|Canis Wolfborn|Epic Hero||false
288|Canis Wolfborn|Imperium||false
288|Canis Wolfborn|Canis Wolfborn||false
292|Njal Stormcaller|Adeptus Astartes||true
292|Njal Stormcaller|Space Wolves||true
292|Njal Stormcaller|Imperium||false
292|Njal Stormcaller|Psyker||false
292|Njal Stormcaller|Character||false
292|Njal Stormcaller|Infantry||false
292|Njal Stormcaller|Epic Hero||false
292|Njal Stormcaller|Njal Stormcaller||false
292|Njal Stormcaller|Tacticus||false
297|Ulrik The Slayer|Space Wolves||true
297|Ulrik The Slayer|Adeptus Astartes||true
297|Ulrik The Slayer|Epic Hero||false
297|Ulrik The Slayer|Grenades||false
297|Ulrik The Slayer|Imperium||false
297|Ulrik The Slayer|Wolf Priest||false
297|Ulrik The Slayer|Ulrik the Slayer||false
297|Ulrik The Slayer|Character||false
297|Ulrik The Slayer|Infantry||false
302|Bjorn The Fell-handed|Space Wolves||true
302|Bjorn The Fell-handed|Adeptus Astartes||true
302|Bjorn The Fell-handed|Walker||false
302|Bjorn The Fell-handed|Character||false
302|Bjorn The Fell-handed|Epic Hero||false
302|Bjorn The Fell-handed|Smoke||false
302|Bjorn The Fell-handed|Imperium||false
302|Bjorn The Fell-handed|Dreadnought||false
302|Bjorn The Fell-handed|Bjorn the Fell-handed||false
302|Bjorn The Fell-handed|Vehicle||false
303|Blood Claws|Space Wolves||true
303|Blood Claws|Adeptus Astartes||true
303|Blood Claws|Infantry||false
303|Blood Claws|Blood Claws||false
303|Blood Claws|Grenades||false
303|Blood Claws|Tacticus||false
303|Blood Claws|Imperium||false
303|Blood Claws|Battleline||false
304|Lukas The Trickster|Space Wolves||true
304|Lukas The Trickster|Adeptus Astartes||true
304|Lukas The Trickster|Imperium||false
304|Lukas The Trickster|Grenades||false
304|Lukas The Trickster|Epic Hero||false
304|Lukas The Trickster|Character||false
304|Lukas The Trickster|Infantry||false
304|Lukas The Trickster|Lukas the Trickster||false
305|Grey Hunters|Space Wolves||true
305|Grey Hunters|Adeptus Astartes||true
305|Grey Hunters|Tacticus||false
305|Grey Hunters|Battleline||false
305|Grey Hunters|Grey Hunters||false
305|Grey Hunters|Grenades||false
305|Grey Hunters|Infantry||false
305|Grey Hunters|Imperium||false
306|Iron Priest|Space Wolves||true
306|Iron Priest|Adeptus Astartes||true
306|Iron Priest|Imperium||false
306|Iron Priest|Iron Priest||false
306|Iron Priest|Techmarine||false
306|Iron Priest|Infantry||false
306|Iron Priest|Character||false
311|Wulfen|Adeptus Astartes||true
311|Wulfen|Space Wolves||true
311|Wulfen|Wulfen||false
311|Wulfen|Imperium||false
311|Wulfen|Infantry||false
314|Murderfang|Adeptus Astartes||true
314|Murderfang|Space Wolves||true
314|Murderfang|Dreadnought||false
314|Murderfang|Imperium||false
314|Murderfang|Murderfang||false
314|Murderfang|Wulfen||false
314|Murderfang|Vehicle||false
314|Murderfang|Walker||false
314|Murderfang|Character||false
314|Murderfang|Epic Hero||false
315|Wolf Guard|Space Wolves||true
315|Wolf Guard|Adeptus Astartes||true
315|Wolf Guard|Wolf Guard||false
315|Wolf Guard|Infantry||false
315|Wolf Guard|Grenades||false
315|Wolf Guard|Imperium||false
317|Arjac Rockfist|Adeptus Astartes||true
317|Arjac Rockfist|Space Wolves||true
317|Arjac Rockfist|Infantry||false
317|Arjac Rockfist|Epic Hero||false
317|Arjac Rockfist|Arjac Rockfist||false
317|Arjac Rockfist|Terminator||false
317|Arjac Rockfist|Character||false
317|Arjac Rockfist|Imperium||false
318|Wolf Guard Terminators|Adeptus Astartes||true
318|Wolf Guard Terminators|Space Wolves||true
318|Wolf Guard Terminators|Terminator||false
318|Wolf Guard Terminators|Wolf Guard||false
318|Wolf Guard Terminators|Wolf Guard Terminators||false
318|Wolf Guard Terminators|Imperium||false
318|Wolf Guard Terminators|Infantry||false
321|Stormwolf|Space Wolves||true
321|Stormwolf|Adeptus Astartes||true
321|Stormwolf|Aircraft||false
321|Stormwolf|Vehicle||false
321|Stormwolf|Fly||false
321|Stormwolf|Transport||false
321|Stormwolf|Imperium||false
321|Stormwolf|Stormwolf||false
322|Thunderwolf Cavalry|Adeptus Astartes||true
322|Thunderwolf Cavalry|Space Wolves||true
322|Thunderwolf Cavalry|Mounted||false
322|Thunderwolf Cavalry|Grenades||false
322|Thunderwolf Cavalry|Imperium||false
322|Thunderwolf Cavalry|Thunderwolf Cavalry||false
323|Fenrisian Wolves|Adeptus Astartes||true
323|Fenrisian Wolves|Space Wolves||true
323|Fenrisian Wolves|Imperium||false
323|Fenrisian Wolves|Beasts||false
323|Fenrisian Wolves|Fenrisian Wolves||false
324|Skyclaws|Adeptus Astartes||true
324|Skyclaws|Space Wolves||true
324|Skyclaws|Jump Pack||false
324|Skyclaws|Fly||false
324|Skyclaws|Grenades||false
324|Skyclaws|Imperium||false
324|Skyclaws|Skyclaws||false
324|Skyclaws|Infantry||false
325|Stormfang Gunship|Space Wolves||true
325|Stormfang Gunship|Adeptus Astartes||true
325|Stormfang Gunship|Stormfang Gunship||false
325|Stormfang Gunship|Imperium||false
325|Stormfang Gunship|Transport||false
325|Stormfang Gunship|Fly||false
325|Stormfang Gunship|Aircraft||false
325|Stormfang Gunship|Vehicle||false
326|Long Fangs|Adeptus Astartes||true
326|Long Fangs|Space Wolves||true
326|Long Fangs|Infantry||false
326|Long Fangs|Grenades||false
326|Long Fangs|Long Fangs||false
326|Long Fangs|Imperium||false
358|Corvus Blackstar|Adeptus Astartes||true
358|Corvus Blackstar|Deathwatch||true
358|Corvus Blackstar|Imperium||false
358|Corvus Blackstar|Transport||false
358|Corvus Blackstar|Corvus Blackstar||false
358|Corvus Blackstar|Fly||false
358|Corvus Blackstar|Vehicle||false
358|Corvus Blackstar|Frame||false
373|Kaldor Draigo|Grey Knights||true
373|Kaldor Draigo|Grenades||false
373|Kaldor Draigo|Infantry||false
373|Kaldor Draigo|Character||false
373|Kaldor Draigo|Epic Hero||false
373|Kaldor Draigo|Psyker||false
373|Kaldor Draigo|Terminator||false
373|Kaldor Draigo|Kaldor Draigo||false
373|Kaldor Draigo|Imperium||false
374|Grand Master Voldus|Grey Knights||true
374|Grand Master Voldus|Character||false
374|Grand Master Voldus|Imperium||false
374|Grand Master Voldus|Psyker||false
374|Grand Master Voldus|Epic Hero||false
374|Grand Master Voldus|Terminator||false
374|Grand Master Voldus|Infantry||false
374|Grand Master Voldus|Grand Master Voldus||false
375|Grand Master|Grey Knights||true
375|Grand Master|Terminator||false
375|Grand Master|Imperium||false
375|Grand Master|Grand Master||false
375|Grand Master|Infantry||false
375|Grand Master|Character||false
375|Grand Master|Psyker||false
375|Grand Master|Grenades||false
376|Brother-captain|Grey Knights||true
376|Brother-captain|Brother-Captain||false
376|Brother-captain|Infantry||false
376|Brother-captain|Character||false
376|Brother-captain|Grenades||false
376|Brother-captain|Terminator||false
376|Brother-captain|Imperium||false
376|Brother-captain|Psyker||false
377|Brother-captain Stern|Grey Knights||true
377|Brother-captain Stern|Brother-Captain Stern||false
377|Brother-captain Stern|Infantry||false
377|Brother-captain Stern|Character||false
377|Brother-captain Stern|Epic Hero||false
377|Brother-captain Stern|Psyker||false
377|Brother-captain Stern|Imperium||false
377|Brother-captain Stern|Terminator||false
379|Brotherhood Champion|Grey Knights||true
379|Brotherhood Champion|Imperium||false
379|Brotherhood Champion|Infantry||false
379|Brotherhood Champion|Character||false
379|Brotherhood Champion|Psyker||false
379|Brotherhood Champion|Grenades||false
379|Brotherhood Champion|Brotherhood Champion||false
380|Castellan Crowe|Grey Knights||true
380|Castellan Crowe|Character||false
380|Castellan Crowe|Epic Hero||false
380|Castellan Crowe|Psyker||false
380|Castellan Crowe|Imperium||false
380|Castellan Crowe|Castellan Crowe||false
380|Castellan Crowe|Infantry||false
380|Castellan Crowe|Grenades||false
381|Strike Squad|Grey Knights||true
381|Strike Squad|Imperium||false
381|Strike Squad|Psyker||false
381|Strike Squad|Infantry||false
381|Strike Squad|Strike Squad||false
381|Strike Squad|Grenades||false
381|Strike Squad|Battleline||false
382|Brotherhood Terminator Squad|Grey Knights||true
382|Brotherhood Terminator Squad|Brotherhood Terminator Squad||false
382|Brotherhood Terminator Squad|Imperium||false
382|Brotherhood Terminator Squad|Infantry||false
382|Brotherhood Terminator Squad|Battleline||false
382|Brotherhood Terminator Squad|Psyker||false
382|Brotherhood Terminator Squad|Terminator||false
382|Brotherhood Terminator Squad|Grenades||false
383|Purifier Squad|Grey Knights||true
383|Purifier Squad|Purifier Squad||false
383|Purifier Squad|Imperium||false
383|Purifier Squad|Grenades||false
383|Purifier Squad|Psyker||false
383|Purifier Squad|Infantry||false
384|Paladin Squad|Grey Knights||true
384|Paladin Squad|Psyker||false
384|Paladin Squad|Paladin Squad||false
384|Paladin Squad|Imperium||false
384|Paladin Squad|Grenades||false
384|Paladin Squad|Terminator||false
384|Paladin Squad|Infantry||false
387|Interceptor Squad|Grey Knights||true
387|Interceptor Squad|Interceptor Squad||false
387|Interceptor Squad|Imperium||false
387|Interceptor Squad|Grenades||false
387|Interceptor Squad|Fly||false
387|Interceptor Squad|Psyker||false
387|Interceptor Squad|Infantry||false
388|Purgation Squad|Grey Knights||true
388|Purgation Squad|Infantry||false
388|Purgation Squad|Psyker||false
388|Purgation Squad|Grenades||false
388|Purgation Squad|Imperium||false
388|Purgation Squad|Purgation Squad||false
389|Nemesis Dreadknight|Grey Knights||true
389|Nemesis Dreadknight|Imperium||false
389|Nemesis Dreadknight|Nemesis Dreadknight||false
389|Nemesis Dreadknight|Walker||false
389|Nemesis Dreadknight|Psyker||false
389|Nemesis Dreadknight|Vehicle||false
390|Grey Knights Dreadnought|Grey Knights||true
390|Grey Knights Dreadnought|Imperium||false
390|Grey Knights Dreadnought|Dreadnought||false
390|Grey Knights Dreadnought|Psyker||false
390|Grey Knights Dreadnought|Smoke||false
390|Grey Knights Dreadnought|Walker||false
390|Grey Knights Dreadnought|Vehicle||false
391|Land Raider|Grey Knights||true
391|Land Raider|Land Raider||false
391|Land Raider|Imperium||false
391|Land Raider|Smoke||false
391|Land Raider|Transport||false
391|Land Raider|Frame||false
391|Land Raider|Vehicle||false
392|Land Raider Crusader|Grey Knights||true
392|Land Raider Crusader|Grenades||false
392|Land Raider Crusader|Imperium||false
392|Land Raider Crusader|Vehicle||false
392|Land Raider Crusader|Land Raider||false
392|Land Raider Crusader|Crusader||false
392|Land Raider Crusader|Transport||false
392|Land Raider Crusader|Frame||false
392|Land Raider Crusader|Smoke||false
393|Land Raider Redeemer|Grey Knights||true
393|Land Raider Redeemer|Transport||false
393|Land Raider Redeemer|Frame||false
393|Land Raider Redeemer|Smoke||false
393|Land Raider Redeemer|Vehicle||false
393|Land Raider Redeemer|Grenades||false
393|Land Raider Redeemer|Imperium||false
393|Land Raider Redeemer|Land Raider||false
393|Land Raider Redeemer|Redeemer||false
395|Razorback|Grey Knights||true
395|Razorback|Razorback||false
395|Razorback|Imperium||false
395|Razorback|Vehicle||false
395|Razorback|Frame||false
395|Razorback|Transport||false
395|Razorback|Dedicated Transport||false
395|Razorback|Smoke||false
396|Rhino|Grey Knights||true
396|Rhino|Dedicated Transport||false
396|Rhino|Smoke||false
396|Rhino|Imperium||false
396|Rhino|Rhino||false
396|Rhino|Frame||false
396|Rhino|Vehicle||false
396|Rhino|Transport||false
397|Servitors|Grey Knights||true
397|Servitors|Infantry||false
397|Servitors|Servitors||false
397|Servitors|Imperium||false
398|Stormraven Gunship|Grey Knights||true
398|Stormraven Gunship|Fly||false
398|Stormraven Gunship|Imperium||false
398|Stormraven Gunship|Stormraven Gunship||false
398|Stormraven Gunship|Transport||false
398|Stormraven Gunship|Vehicle||false
399|Brotherhood Techmarine|Grey Knights||true
399|Brotherhood Techmarine|Infantry||false
399|Brotherhood Techmarine|Psyker||false
399|Brotherhood Techmarine|Grenades||false
399|Brotherhood Techmarine|Character||false
399|Brotherhood Techmarine|Imperium||false
399|Brotherhood Techmarine|Brotherhood Techmarine||false
400|Venerable Dreadnought|Grey Knights||true
400|Venerable Dreadnought|Vehicle||false
400|Venerable Dreadnought|Venerable Dreadnought||false
400|Venerable Dreadnought|Smoke||false
400|Venerable Dreadnought|Psyker||false
400|Venerable Dreadnought|Character||false
400|Venerable Dreadnought|Walker||false
400|Venerable Dreadnought|Imperium||false
402|Commander In Coldstar Battlesuit|T’au Empire||true
402|Commander In Coldstar Battlesuit|Fly||false
402|Commander In Coldstar Battlesuit|Walker||false
402|Commander In Coldstar Battlesuit|Vehicle||false
402|Commander In Coldstar Battlesuit|Commander in Coldstar Battlesuit||false
402|Commander In Coldstar Battlesuit|Character||false
402|Commander In Coldstar Battlesuit|Battlesuit||false
404|Ethereal|T’au Empire||true
404|Ethereal|Infantry||false
404|Ethereal|Character||false
404|Ethereal|Ethereal||false
405|Cadre Fireblade|T’au Empire||true
405|Cadre Fireblade|Character||false
405|Cadre Fireblade|Infantry||false
405|Cadre Fireblade|Cadre Fireblade||false
405|Cadre Fireblade|Grenades||false
406|Commander Farsight|T’au Empire||true
406|Commander Farsight|Walker||false
406|Commander Farsight|Epic Hero||false
406|Commander Farsight|Battlesuit||false
406|Commander Farsight|Commander Farsight||false
406|Commander Farsight|Vehicle||false
406|Commander Farsight|Character||false
406|Commander Farsight|Fly||false
407|Commander Shadowsun|T’au Empire||true
407|Commander Shadowsun|Infantry||false
407|Commander Shadowsun|Fly||false
407|Commander Shadowsun|Character||false
407|Commander Shadowsun|Epic Hero||false
407|Commander Shadowsun|Battlesuit||false
407|Commander Shadowsun|Commander Shadowsun||false
408|Aun’shi|T’au Empire||true
408|Aun’shi|Ethereal||false
408|Aun’shi|Aun’Shi||false
408|Aun’shi|Epic Hero||false
408|Aun’shi|Character||false
408|Aun’shi|Infantry||false
409|Aun’va|T’au Empire||true
409|Aun’va|Aun’Va|AUN’VA|false
409|Aun’va|Epic Hero|AUN’VA|false
409|Aun’va|Character|AUN’VA|false
409|Aun’va|Ethereal|AUN’VA|false
409|Aun’va|Infantry|ALL MODELS|false
410|Darkstrider|T’au Empire||true
410|Darkstrider|Infantry||false
410|Darkstrider|Character||false
410|Darkstrider|Darkstrider||false
410|Darkstrider|Markerlight||false
410|Darkstrider|Epic Hero||false
411|Strike Team|T’au Empire||true
411|Strike Team|Infantry||false
411|Strike Team|Strike Team||false
411|Strike Team|Fire Warrior||false
411|Strike Team|Markerlight||false
411|Strike Team|Grenades||false
411|Strike Team|Battleline||false
412|Breacher Team|T’au Empire||true
412|Breacher Team|Markerlight||false
412|Breacher Team|Grenades||false
412|Breacher Team|Battleline||false
412|Breacher Team|Infantry||false
412|Breacher Team|Breacher Team||false
412|Breacher Team|Fire Warrior||false
413|Kroot Carnivores|T’au Empire||true
413|Kroot Carnivores|Grenades||false
413|Kroot Carnivores|Kroot||false
413|Kroot Carnivores|Carnivores||false
413|Kroot Carnivores|Infantry||false
414|Krootox Riders|T’au Empire||true
414|Krootox Riders|Kroot||false
414|Krootox Riders|Grenades||false
414|Krootox Riders|Mounted||false
414|Krootox Riders|Krootox Riders||false
415|Kroot Hounds|T’au Empire||true
415|Kroot Hounds|Kroot||false
415|Kroot Hounds|Beasts||false
415|Kroot Hounds|Hounds||false
417|Stealth Battlesuits|T’au Empire||true
417|Stealth Battlesuits|Fly||false
417|Stealth Battlesuits|Grenades||false
417|Stealth Battlesuits|Stealth||false
417|Stealth Battlesuits|Markerlight||false
417|Stealth Battlesuits|Battlesuit||false
417|Stealth Battlesuits|Infantry||false
418|Crisis Battlesuits|T’au Empire||true
418|Crisis Battlesuits|Crisis||false
418|Crisis Battlesuits|Battlesuit||false
418|Crisis Battlesuits|Fly||false
418|Crisis Battlesuits|Walker||false
418|Crisis Battlesuits|Vehicle||false
420|Ghostkeel Battlesuit|T’au Empire||true
420|Ghostkeel Battlesuit|Battlesuit||false
420|Ghostkeel Battlesuit|Ghostkeel||false
420|Ghostkeel Battlesuit|Walker||false
420|Ghostkeel Battlesuit|Smoke||false
420|Ghostkeel Battlesuit|Fly||false
420|Ghostkeel Battlesuit|Vehicle||false
421|Riptide Battlesuit|T’au Empire||true
421|Riptide Battlesuit|Battlesuit||false
421|Riptide Battlesuit|Vehicle||false
421|Riptide Battlesuit|Riptide||false
421|Riptide Battlesuit|Walker||false
421|Riptide Battlesuit|Fly||false
422|Pathfinder Team|T’au Empire||true
422|Pathfinder Team|Infantry||false
422|Pathfinder Team|Markerlight||false
422|Pathfinder Team|Grenades||false
422|Pathfinder Team|Pathfinder Team||false
423|Piranhas|T’au Empire||true
423|Piranhas|Piranhas||false
423|Piranhas|Frame||false
423|Piranhas|Vehicle||false
423|Piranhas|Fly||false
424|Devilfish|T’au Empire||true
424|Devilfish|Vehicle||false
424|Devilfish|Frame||false
424|Devilfish|Dedicated Transport||false
424|Devilfish|Transport||false
424|Devilfish|Fly||false
424|Devilfish|Devilfish||false
425|Razorshark Strike Fighter|T’au Empire||true
425|Razorshark Strike Fighter|Frame||false
425|Razorshark Strike Fighter|Fly||false
425|Razorshark Strike Fighter|Aircraft||false
425|Razorshark Strike Fighter|Vehicle||false
425|Razorshark Strike Fighter|Razorshark Strike Fighter||false
426|Sun Shark Bomber|T’au Empire||true
426|Sun Shark Bomber|Aircraft||false
426|Sun Shark Bomber|Vehicle||false
426|Sun Shark Bomber|Sun Shark Bomber||false
426|Sun Shark Bomber|Frame||false
426|Sun Shark Bomber|Fly||false
427|Vespid Stingwings|T’au Empire||true
427|Vespid Stingwings|Vespid Stingwings||false
427|Vespid Stingwings|Fly||false
427|Vespid Stingwings|Infantry||false
428|Firesight Team|T’au Empire||true
428|Firesight Team|Firesight Team||false
428|Firesight Team|Markerlight||false
428|Firesight Team|Character||false
428|Firesight Team|Infantry||false
430|Sky Ray Gunship|T’au Empire||true
430|Sky Ray Gunship|Markerlight||false
430|Sky Ray Gunship|Frame||false
430|Sky Ray Gunship|Fly||false
430|Sky Ray Gunship|Vehicle||false
430|Sky Ray Gunship|Sky Ray Gunship||false
431|Longstrike|T’au Empire||true
431|Longstrike|Fly||false
431|Longstrike|Vehicle||false
431|Longstrike|Longstrike||false
431|Longstrike|Epic Hero||false
431|Longstrike|Character||false
432|Hammerhead Gunship|T’au Empire||true
432|Hammerhead Gunship|Hammerhead Gunship||false
432|Hammerhead Gunship|Frame||false
432|Hammerhead Gunship|Fly||false
432|Hammerhead Gunship|Vehicle||false
433|Broadside Battlesuits|T’au Empire||true
433|Broadside Battlesuits|Broadside||false
433|Broadside Battlesuits|Battlesuit||false
433|Broadside Battlesuits|Walker||false
433|Broadside Battlesuits|Vehicle||false
434|Stormsurge|T’au Empire||true
434|Stormsurge|Walker||false
434|Stormsurge|Stormsurge||false
434|Stormsurge|Towering||false
434|Stormsurge|Vehicle||false
434|Stormsurge|Titanic||false
435|Tidewall Droneport|T’au Empire||true
435|Tidewall Droneport|Fortification||false
435|Tidewall Droneport|Vehicle||false
435|Tidewall Droneport|Transport||false
435|Tidewall Droneport|Fly||false
435|Tidewall Droneport|Frame||false
435|Tidewall Droneport|Tidewall Droneport||false
436|Tidewall Shieldline|T’au Empire||true
436|Tidewall Shieldline|Fortification||false
436|Tidewall Shieldline|Vehicle||false
436|Tidewall Shieldline|Transport||false
436|Tidewall Shieldline|Frame||false
436|Tidewall Shieldline|Fly||false
436|Tidewall Shieldline|Tidewall Shieldline||false
437|Tidewall Gunrig|T’au Empire||true
437|Tidewall Gunrig|Tidewall Gunrig||false
437|Tidewall Gunrig|Frame||false
437|Tidewall Gunrig|Fly||false
437|Tidewall Gunrig|Transport||false
437|Tidewall Gunrig|Vehicle||false
437|Tidewall Gunrig|Fortification||false
439|Shas’o R’alai|T’au Empire||true
439|Shas’o R’alai|Epic Hero||false
439|Shas’o R’alai|Battlesuit||false
439|Shas’o R’alai|Shas'o R'alai||false
439|Shas’o R’alai|Vehicle||false
439|Shas’o R’alai|Walker||false
439|Shas’o R’alai|Fly||false
439|Shas’o R’alai|Character||false
439|Shas’o R’alai|Markerlight||false
443|Xv9 Hazard Battlesuits|T’au Empire||true
443|Xv9 Hazard Battlesuits|Battlesuit||false
443|Xv9 Hazard Battlesuits|XV9 Hazard||false
443|Xv9 Hazard Battlesuits|Walker||false
443|Xv9 Hazard Battlesuits|Vehicle||false
443|Xv9 Hazard Battlesuits|Fly||false
444|Y’vahra Battlesuit|T’au Empire||true
444|Y’vahra Battlesuit|Battlesuit||false
444|Y’vahra Battlesuit|Vehicle||false
444|Y’vahra Battlesuit|Y’vahra||false
444|Y’vahra Battlesuit|Fly||false
444|Y’vahra Battlesuit|Walker||false
445|R’varna Battlesuit|T’au Empire||true
445|R’varna Battlesuit|Vehicle||false
445|R’varna Battlesuit|R’varna||false
445|R’varna Battlesuit|Battlesuit||false
445|R’varna Battlesuit|Fly||false
445|R’varna Battlesuit|Walker||false
446|Ta’unar Supremacy Armour|T’au Empire||true
446|Ta’unar Supremacy Armour|Walker||false
446|Ta’unar Supremacy Armour|Titanic||false
446|Ta’unar Supremacy Armour|Towering||false
446|Ta’unar Supremacy Armour|Frame||false
446|Ta’unar Supremacy Armour|Ta’unar Supremacy Armour||false
446|Ta’unar Supremacy Armour|Vehicle||false
447|Tetras|T’au Empire||true
447|Tetras|Fly||false
447|Tetras|Tetras||false
447|Tetras|Markerlight||false
447|Tetras|Vehicle||false
448|Tx42 Piranha|T’au Empire||true
448|Tx42 Piranha|TX42 Piranha||false
448|Tx42 Piranha|Vehicle||false
448|Tx42 Piranha|Fly||false
449|Heavy Gun Drones|T’au Empire||true
449|Heavy Gun Drones|Fly||false
449|Heavy Gun Drones|Vehicle||false
449|Heavy Gun Drones|Heavy Gun Drones||false
452|Remora Stealth Drones|T’au Empire||true
452|Remora Stealth Drones|Vehicle||false
452|Remora Stealth Drones|Fly||false
452|Remora Stealth Drones|Markerlight||false
452|Remora Stealth Drones|Remora Stealth Drones||false
453|Barracuda|T’au Empire||true
453|Barracuda|Aircraft||false
453|Barracuda|Fly||false
453|Barracuda|Barracuda||false
453|Barracuda|Vehicle||false
454|Tiger Shark|T’au Empire||true
454|Tiger Shark|Aircraft||false
454|Tiger Shark|Vehicle||false
454|Tiger Shark|Fly||false
454|Tiger Shark|Tiger Shark||false
455|AX-1-0 Tiger Shark|T’au Empire||true
455|AX-1-0 Tiger Shark|Fly||false
455|AX-1-0 Tiger Shark|AX-1-0 Tiger Shark||false
455|AX-1-0 Tiger Shark|Vehicle||false
455|AX-1-0 Tiger Shark|Aircraft||false
456|Orca Dropship|T’au Empire||true
456|Orca Dropship|Vehicle||false
456|Orca Dropship|Aircraft||false
456|Orca Dropship|Fly||false
456|Orca Dropship|Titanic||false
456|Orca Dropship|Transport||false
456|Orca Dropship|Orca Dropship||false
457|Manta|T’au Empire||true
457|Manta|Transport||false
457|Manta|Titanic||false
457|Manta|Frame||false
457|Manta|Fly||false
457|Manta|Markerlight||false
457|Manta|Manta||false
457|Manta|Vehicle||false
457|Manta|Aircraft||false
458|Remote Sensor Tower|T’au Empire||true
458|Remote Sensor Tower|Remote sensor tower||false
458|Remote Sensor Tower|Frame||false
458|Remote Sensor Tower|Fortification||false
459|Drone Sentry Turret|T’au Empire||true
459|Drone Sentry Turret|Drone Sentry Turret||false
459|Drone Sentry Turret|Frame||false
459|Drone Sentry Turret|Vehicle||false
459|Drone Sentry Turret|Fortification||false
460|Hive Tyrant|Tyranids||true
460|Hive Tyrant|Character||false
460|Hive Tyrant|Monster||false
460|Hive Tyrant|Hive Tyrant||false
460|Hive Tyrant|Synapse||false
460|Hive Tyrant|Great Devourer||false
460|Hive Tyrant|Psyker||false
461|The Swarmlord|Tyranids||true
461|The Swarmlord|Synapse||false
461|The Swarmlord|Monster||false
461|The Swarmlord|Character||false
461|The Swarmlord|Epic Hero||false
461|The Swarmlord|Psyker||false
461|The Swarmlord|Great Devourer||false
461|The Swarmlord|Hive Tyrant||false
461|The Swarmlord|The Swarmlord||false
462|Old One Eye|Tyranids||true
462|Old One Eye|Old One Eye||false
462|Old One Eye|Great Devourer||false
462|Old One Eye|Character||false
462|Old One Eye|Monster||false
462|Old One Eye|Epic Hero||false
463|Broodlord|Tyranids||true
463|Broodlord|Infantry||false
463|Broodlord|Broodlord||false
463|Broodlord|Vanguard Invader||false
463|Broodlord|Synapse||false
463|Broodlord|Great Devourer||false
463|Broodlord|Psyker||false
463|Broodlord|Character||false
465|Tervigon|Tyranids||true
465|Tervigon|Tervigon||false
465|Tervigon|Synapse||false
465|Tervigon|Great Devourer||false
465|Tervigon|Psyker||false
465|Tervigon|Character||false
465|Tervigon|Monster||false
467|Genestealers|Tyranids||true
467|Genestealers|Infantry||false
467|Genestealers|Great Devourer||false
467|Genestealers|Genestealers||false
467|Genestealers|Vanguard Invader||false
468|Termagants|Tyranids||true
468|Termagants|Infantry||false
468|Termagants|Battleline||false
468|Termagants|Great Devourer||false
468|Termagants|Endless Multitude||false
468|Termagants|Termagants||false
469|Hormagaunts|Tyranids||true
469|Hormagaunts|Infantry||false
469|Hormagaunts|Endless Multitude||false
469|Hormagaunts|Battleline||false
469|Hormagaunts|Hormagaunts||false
469|Hormagaunts|Great Devourer||false
470|Ripper Swarms|Tyranids||true
470|Ripper Swarms|Swarm||false
470|Ripper Swarms|Great Devourer||false
470|Ripper Swarms|Ripper Swarms||false
470|Ripper Swarms|Harvester||false
471|Tyrant Guard|Tyranids||true
471|Tyrant Guard|Tyrant Guard||false
471|Tyrant Guard|Great Devourer||false
471|Tyrant Guard|Infantry||false
472|Hive Guard|Tyranids||true
472|Hive Guard|Great Devourer||false
472|Hive Guard|Hive Guard||false
472|Hive Guard|Infantry||false
473|Lictor|Tyranids||true
473|Lictor|Great Devourer||false
473|Lictor|Infantry||false
473|Lictor|Lictor||false
473|Lictor|Vanguard Invader||false
474|Maleceptor|Tyranids||true
474|Maleceptor|Maleceptor||false
474|Maleceptor|Monster||false
474|Maleceptor|Psyker||false
474|Maleceptor|Great Devourer||false
474|Maleceptor|Synapse||false
475|Zoanthropes|Tyranids||true
475|Zoanthropes|Psyker||false
475|Zoanthropes|Fly||false
475|Zoanthropes|Zoanthropes||false
475|Zoanthropes|Great Devourer||false
475|Zoanthropes|Synapse||false
475|Zoanthropes|Infantry||false
476|Venomthropes|Tyranids||true
476|Venomthropes|Infantry||false
476|Venomthropes|Fly||false
476|Venomthropes|Great Devourer||false
476|Venomthropes|Venomthropes||false
477|Pyrovores|Tyranids||true
477|Pyrovores|Pyrovores||false
477|Pyrovores|Great Devourer||false
477|Pyrovores|Infantry||false
477|Pyrovores|Harvester||false
478|Haruspex|Tyranids||true
478|Haruspex|Haruspex||false
478|Haruspex|Harvester||false
478|Haruspex|Great Devourer||false
478|Haruspex|Monster||false
479|Deathleaper|Tyranids||true
479|Deathleaper|Character||false
479|Deathleaper|Deathleaper||false
479|Deathleaper|Vanguard Invader||false
479|Deathleaper|Great Devourer||false
479|Deathleaper|Epic Hero||false
479|Deathleaper|Infantry||false
482|Raveners|Tyranids||true
482|Raveners|Infantry||false
482|Raveners|Vanguard Invader||false
482|Raveners|Burrowers||false
482|Raveners|Great Devourer||false
482|Raveners|Raveners||false
483|Sky-slasher Swarms|Tyranids||true
483|Sky-slasher Swarms|Swarm||false
483|Sky-slasher Swarms|Great Devourer||false
483|Sky-slasher Swarms|Fly||false
483|Sky-slasher Swarms|Sky-slasher Swarms||false
484|Gargoyles|Tyranids||true
484|Gargoyles|Infantry||false
484|Gargoyles|Battleline||false
484|Gargoyles|Fly||false
484|Gargoyles|Great Devourer||false
484|Gargoyles|Vanguard Invader||false
484|Gargoyles|Endless Multitude||false
484|Gargoyles|Gargoyles||false
485|Harpy|Tyranids||true
485|Harpy|Monster||false
485|Harpy|Harpy||false
485|Harpy|Fly||false
485|Harpy|Aircraft||false
485|Harpy|Great Devourer||false
485|Harpy|Vanguard Invader||false
486|Hive Crone|Tyranids||true
486|Hive Crone|Vanguard Invader||false
486|Hive Crone|Fly||false
486|Hive Crone|Aircraft||false
486|Hive Crone|Great Devourer||false
486|Hive Crone|Monster||false
486|Hive Crone|Hive Crone||false
487|Mucolid Spores|Tyranids||true
487|Mucolid Spores|Fly||false
487|Mucolid Spores|Great Devourer||false
487|Mucolid Spores|Mucolid Spores||false
487|Mucolid Spores|Beast||false
488|Spore Mines|Tyranids||true
488|Spore Mines|Beast||false
488|Spore Mines|Fly||false
488|Spore Mines|Great Devourer||false
488|Spore Mines|Spore Mines||false
489|Tyrannocyte|Tyranids||true
489|Tyrannocyte|Fly||false
489|Tyrannocyte|Vanguard Invader||false
489|Tyrannocyte|Great Devourer||false
489|Tyrannocyte|Transport||false
489|Tyrannocyte|Frame||false
489|Tyrannocyte|Monster||false
489|Tyrannocyte|Tyrannocyte||false
489|Tyrannocyte|Dedicated Transport||false
490|Carnifexes|Tyranids||true
490|Carnifexes|Monster||false
490|Carnifexes|Great Devourer||false
490|Carnifexes|Carnifexes||false
491|Biovores|Tyranids||true
491|Biovores|Great Devourer||false
491|Biovores|Infantry||false
491|Biovores|Biovores||false
493|Trygon|Tyranids||true
493|Trygon|Trygon||false
493|Trygon|Burrower||false
493|Trygon|Vanguard Invader||false
493|Trygon|Great Devourer||false
493|Trygon|Monster||false
494|Mawloc|Tyranids||true
494|Mawloc|Mawloc||false
494|Mawloc|Burrower||false
494|Mawloc|Vanguard Invader||false
494|Mawloc|Monster||false
494|Mawloc|Great Devourer||false
495|Exocrine|Tyranids||true
495|Exocrine|Exocrine||false
495|Exocrine|Great Devourer||false
495|Exocrine|Monster||false
496|Tyrannofex|Tyranids||true
496|Tyrannofex|Great Devourer||false
496|Tyrannofex|Monster||false
496|Tyrannofex|Frame||false
496|Tyrannofex|Tyrannofex||false
497|Toxicrene|Tyranids||true
497|Toxicrene|Monster||false
497|Toxicrene|Great Devourer||false
497|Toxicrene|Toxicrene||false
497|Toxicrene|Frame||false
498|Sporocyst|Tyranids||true
498|Sporocyst|Monster||false
498|Sporocyst|Great Devourer||false
498|Sporocyst|Sporocyst||false
499|Malanthrope|Tyranids||true
499|Malanthrope|Infantry||false
499|Malanthrope|Character||false
499|Malanthrope|Fly||false
499|Malanthrope|Great Devourer||false
499|Malanthrope|Synapse||false
499|Malanthrope|Malanthrope||false
500|Dimachaeron|Tyranids||true
500|Dimachaeron|Monster||false
500|Dimachaeron|Frame||false
500|Dimachaeron|Great Devourer||false
500|Dimachaeron|Dimachaeron||false
503|Barbed Hierodule|Tyranids||true
503|Barbed Hierodule|Great Devourer||false
503|Barbed Hierodule|Barbed Hierodule||false
503|Barbed Hierodule|Monster||false
503|Barbed Hierodule|Frame||false
504|Harridan|Tyranids||true
504|Harridan|Fly||false
504|Harridan|Transport||false
504|Harridan|Great Devourer||false
504|Harridan|Harridan||false
504|Harridan|Monster||false
504|Harridan|Titanic||false
505|Hierophant|Tyranids||true
505|Hierophant|Monster||false
505|Hierophant|Titanic||false
505|Hierophant|Towering||false
505|Hierophant|Frame||false
505|Hierophant|Transport||false
505|Hierophant|Great Devourer||false
505|Hierophant|Hierophant||false
506|Scythed Hierodule|Tyranids||true
506|Scythed Hierodule|Frame||false
506|Scythed Hierodule|Great Devourer||false
506|Scythed Hierodule|Scythed Hierodule||false
506|Scythed Hierodule|Monster||false
507|Patriarch|Genestealer Cults||true
507|Patriarch|Patriarch||false
507|Patriarch|Great Devourer||false
507|Patriarch|Psyker||false
507|Patriarch|Character||false
507|Patriarch|Infantry||false
508|Magus|Genestealer Cults||true
508|Magus|Magus||false
508|Magus|Great Devourer||false
508|Magus|Psyker||false
508|Magus|Character||false
508|Magus|Infantry||false
509|Primus|Genestealer Cults||true
509|Primus|Primus||false
509|Primus|Great Devourer||false
509|Primus|Character||false
509|Primus|Infantry||false
510|Acolyte Iconward|Genestealer Cults||true
510|Acolyte Iconward|Acolyte Iconward||false
510|Acolyte Iconward|Infantry||false
510|Acolyte Iconward|Great Devourer||false
510|Acolyte Iconward|Grenades||false
510|Acolyte Iconward|Character||false
511|Acolyte Hybrids With Autopistols|Genestealer Cults||true
511|Acolyte Hybrids With Autopistols|Battleline||false
511|Acolyte Hybrids With Autopistols|Grenades||false
511|Acolyte Hybrids With Autopistols|Great Devourer||false
511|Acolyte Hybrids With Autopistols|Acolyte Hybrids||false
511|Acolyte Hybrids With Autopistols|Acolyte Hybrids With Autopistols||false
511|Acolyte Hybrids With Autopistols|Infantry||false
512|Neophyte Hybrids|Genestealer Cults||true
512|Neophyte Hybrids|Infantry||false
512|Neophyte Hybrids|Battleline||false
512|Neophyte Hybrids|Grenades||false
512|Neophyte Hybrids|Great Devourer||false
512|Neophyte Hybrids|Neophyte Hybrids||false
513|Hybrid Metamorphs|Genestealer Cults||true
513|Hybrid Metamorphs|Infantry||false
513|Hybrid Metamorphs|Grenades||false
513|Hybrid Metamorphs|Great Devourer||false
513|Hybrid Metamorphs|Hybrid Metamorphs||false
514|Aberrants|Genestealer Cults||true
514|Aberrants|Infantry||false
514|Aberrants|Great Devourer||false
514|Aberrants|Aberrants||false
515|Purestrain Genestealers|Genestealer Cults||true
515|Purestrain Genestealers|Infantry||false
515|Purestrain Genestealers|Great Devourer||false
515|Purestrain Genestealers|Purestrain Genestealers||false
516|Goliath Truck|Genestealer Cults||true
516|Goliath Truck|Goliath Truck||false
516|Goliath Truck|Great Devourer||false
516|Goliath Truck|Dedicated Transport||false
516|Goliath Truck|Frame||false
516|Goliath Truck|Transport||false
516|Goliath Truck|Vehicle||false
521|Goliath Rockgrinder|Genestealer Cults||true
521|Goliath Rockgrinder|Frame||false
521|Goliath Rockgrinder|Vehicle||false
521|Goliath Rockgrinder|Transport||false
521|Goliath Rockgrinder|Great Devourer||false
521|Goliath Rockgrinder|Goliath Rockgrinder||false
522|Imotekh The Stormlord|Necrons||true
522|Imotekh The Stormlord|Infantry||false
522|Imotekh The Stormlord|Character||false
522|Imotekh The Stormlord|Epic Hero||false
522|Imotekh The Stormlord|Noble||false
522|Imotekh The Stormlord|Imotekh the Stormlord||false
523|Overlord|Necrons||true
523|Overlord|Overlord||false
523|Overlord|Infantry||false
523|Overlord|Character||false
523|Overlord|Noble||false
524|Lord|Necrons||true
524|Lord|Infantry||false
524|Lord|Character||false
524|Lord|Noble||false
524|Lord|Lord||false
527|Nemesor Zahndrekh|Necrons||true
527|Nemesor Zahndrekh|Infantry||false
527|Nemesor Zahndrekh|Character||false
527|Nemesor Zahndrekh|Epic Hero||false
527|Nemesor Zahndrekh|Noble||false
527|Nemesor Zahndrekh|Nemesor Zahndrekh||false
528|Vargard Obyron|Necrons||true
528|Vargard Obyron|Infantry||false
528|Vargard Obyron|Vargard Obyron||false
528|Vargard Obyron|Character||false
528|Vargard Obyron|Epic Hero||false
530|Orikan The Diviner|Necrons||true
530|Orikan The Diviner|Cryptek||false
530|Orikan The Diviner|Epic Hero||false
530|Orikan The Diviner|Infantry||false
530|Orikan The Diviner|Character||false
530|Orikan The Diviner|Chronomancer||false
530|Orikan The Diviner|Orikan the Diviner||false
531|Anrakyr The Traveller|Necrons||true
531|Anrakyr The Traveller|Infantry||false
531|Anrakyr The Traveller|Character||false
531|Anrakyr The Traveller|Epic Hero||false
531|Anrakyr The Traveller|Noble||false
531|Anrakyr The Traveller|Anrakyr the Traveller||false
532|Trazyn The Infinite|Necrons||true
532|Trazyn The Infinite|Infantry||false
532|Trazyn The Infinite|Epic Hero||false
532|Trazyn The Infinite|Noble||false
532|Trazyn The Infinite|Trazyn the Infinite||false
532|Trazyn The Infinite|Character||false
533|Catacomb Command Barge|Necrons||true
533|Catacomb Command Barge|Catacomb Command Barge||false
533|Catacomb Command Barge|Fly||false
533|Catacomb Command Barge|Noble||false
533|Catacomb Command Barge|Character||false
533|Catacomb Command Barge|Vehicle||false
533|Catacomb Command Barge|Frame||false
534|Necron Warriors|Necrons||true
534|Necron Warriors|Infantry||false
534|Necron Warriors|Battleline||false
534|Necron Warriors|Necron Warriors||false
535|Immortals|Necrons||true
535|Immortals|Infantry||false
535|Immortals|Battleline||false
535|Immortals|Immortals||false
536|Lychguard|Necrons||true
536|Lychguard|Lychguard||false
536|Lychguard|Infantry||false
537|Deathmarks|Necrons||true
537|Deathmarks|Deathmarks||false
537|Deathmarks|Infantry||false
538|Flayed Ones|Necrons||true
538|Flayed Ones|Flayed Ones||false
538|Flayed Ones|Infantry||false
539|Triarch Praetorians|Necrons||true
539|Triarch Praetorians|Fly||false
539|Triarch Praetorians|Triarch||false
539|Triarch Praetorians|Praetorians||false
539|Triarch Praetorians|Infantry||false
540|Triarch Stalker|Necrons||true
540|Triarch Stalker|Vehicle||false
540|Triarch Stalker|Walker||false
540|Triarch Stalker|Triarch||false
540|Triarch Stalker|Frame||false
540|Triarch Stalker|Stalker||false
541|C’tan Shard of the Nightbringer|Necrons||true
541|C’tan Shard of the Nightbringer|Epic Hero||false
541|C’tan Shard of the Nightbringer|Monster||false
541|C’tan Shard of the Nightbringer|Character||false
541|C’tan Shard of the Nightbringer|Fly||false
541|C’tan Shard of the Nightbringer|C’tan Shard of the Nightbringer||false
542|C’tan Shard of the Deceiver|Necrons||true
542|C’tan Shard of the Deceiver|Character||false
542|C’tan Shard of the Deceiver|C’tan Shard of the Deceiver||false
542|C’tan Shard of the Deceiver|Epic Hero||false
542|C’tan Shard of the Deceiver|Fly||false
542|C’tan Shard of the Deceiver|Monster||false
543|Ghost Ark|Necrons||true
543|Ghost Ark|Transport||false
543|Ghost Ark|Ghost Ark||false
543|Ghost Ark|Dedicated Transport||false
543|Ghost Ark|Frame||false
543|Ghost Ark|Fly||false
543|Ghost Ark|Vehicle||false
544|Night Scythe|Necrons||true
544|Night Scythe|Fly||false
544|Night Scythe|Night Scythe||false
544|Night Scythe|Transport||false
544|Night Scythe|Vehicle||false
545|Doom Scythe|Necrons||true
545|Doom Scythe|Doom Scythe||false
545|Doom Scythe|Aircraft||false
545|Doom Scythe|Vehicle||false
545|Doom Scythe|Fly||false
546|Canoptek Wraiths|Necrons||true
546|Canoptek Wraiths|Beasts||false
546|Canoptek Wraiths|Canoptek||false
546|Canoptek Wraiths|Fly||false
546|Canoptek Wraiths|Wraiths||false
548|Tomb Blades|Necrons||true
548|Tomb Blades|Fly||false
548|Tomb Blades|Tomb Blades||false
548|Tomb Blades|Mounted||false
551|Canoptek Spyders|Necrons||true
551|Canoptek Spyders|Spyders||false
551|Canoptek Spyders|Vehicle||false
551|Canoptek Spyders|Fly||false
551|Canoptek Spyders|Canoptek||false
552|Monolith|Necrons||true
552|Monolith|Frame||false
552|Monolith|Monolith||false
552|Monolith|Towering||false
552|Monolith|Vehicle||false
552|Monolith|Titanic||false
552|Monolith|Fly||false
553|Annihilation Barge|Necrons||true
553|Annihilation Barge|Annihilation Barge||false
553|Annihilation Barge|Frame||false
553|Annihilation Barge|Fly||false
553|Annihilation Barge|Vehicle||false
554|Doomsday Ark|Necrons||true
554|Doomsday Ark|Frame||false
554|Doomsday Ark|Doomsday Ark||false
554|Doomsday Ark|Fly||false
554|Doomsday Ark|Vehicle||false
555|Transcendent C’tan|Necrons||true
555|Transcendent C’tan|Transcendent C’tan||false
555|Transcendent C’tan|Monster||false
555|Transcendent C’tan|Character||false
555|Transcendent C’tan|Fly||false
556|Tesseract Vault|Necrons||true
556|Tesseract Vault|Tesseract Vault||false
556|Tesseract Vault|Titanic||false
556|Tesseract Vault|Fly||false
556|Tesseract Vault|Towering||false
556|Tesseract Vault|Frame||false
556|Tesseract Vault|Vehicle||false
557|Obelisk|Necrons||true
557|Obelisk|Frame||false
557|Obelisk|Fly||false
557|Obelisk|Titanic||false
557|Obelisk|Vehicle||false
557|Obelisk|Obelisk||false
557|Obelisk|Towering||false
558|Canoptek Tomb Stalker|Necrons||true
558|Canoptek Tomb Stalker|Tomb Stalker||false
558|Canoptek Tomb Stalker|Canoptek||false
558|Canoptek Tomb Stalker|Monster||false
559|Canoptek Acanthrites|Necrons||true
559|Canoptek Acanthrites|Fly||false
559|Canoptek Acanthrites|Beasts||false
559|Canoptek Acanthrites|Acanthrites||false
559|Canoptek Acanthrites|Canoptek||false
560|Canoptek Tomb Sentinel|Necrons||true
560|Canoptek Tomb Sentinel|Tomb Sentinel||false
560|Canoptek Tomb Sentinel|Canoptek||false
560|Canoptek Tomb Sentinel|Monster||false
561|Night Shroud|Necrons||true
561|Night Shroud|Night Shroud||false
561|Night Shroud|Vehicle||false
561|Night Shroud|Fly||false
561|Night Shroud|Aircraft||false
562|Sentry Pylon|Necrons||true
562|Sentry Pylon|Frame||false
562|Sentry Pylon|Vehicle||false
562|Sentry Pylon|Fortification||false
562|Sentry Pylon|Sentry Pylon||false
564|Tesseract Ark|Necrons||true
564|Tesseract Ark|Tesseract Ark||false
564|Tesseract Ark|Fly||false
564|Tesseract Ark|Vehicle||false
567|Gauss Pylon|Necrons||true
567|Gauss Pylon|Titanic||false
567|Gauss Pylon|Gauss Pylon||false
567|Gauss Pylon|Vehicle||false
567|Gauss Pylon|Fortification||false
567|Gauss Pylon|Towering||false
568|Eldrad Ulthran|Asuryani||true
568|Eldrad Ulthran|||true
568|Eldrad Ulthran|Character||false
568|Eldrad Ulthran|Eldrad Ulthran||false
568|Eldrad Ulthran|Psyker||false
568|Eldrad Ulthran|Aeldari||false
568|Eldrad Ulthran|Infantry||false
568|Eldrad Ulthran|Epic Hero||false
568|Eldrad Ulthran|Farseer||false
570|Illic Nightspear|Asuryani||true
570|Illic Nightspear|||true
570|Illic Nightspear|Epic Hero||false
570|Illic Nightspear|Aeldari||false
570|Illic Nightspear|Illic Nightspear||false
570|Illic Nightspear|Infantry||false
570|Illic Nightspear|Character||false
571|Asurmen|||true
571|Asurmen|Asuryani||true
571|Asurmen|Infantry||false
571|Asurmen|Character||false
571|Asurmen|Epic Hero||false
571|Asurmen|Aeldari||false
571|Asurmen|Grenades||false
571|Asurmen|Aspect Warrior||false
571|Asurmen|Phoenix Lord||false
571|Asurmen|Asurmen||false
572|Jain Zar|||true
572|Jain Zar|Asuryani||true
572|Jain Zar|Aeldari||false
572|Jain Zar|Infantry||false
572|Jain Zar|Character||false
572|Jain Zar|Epic Hero||false
572|Jain Zar|Aspect Warrior||false
572|Jain Zar|Phoenix Lord||false
572|Jain Zar|Jain Zar||false
573|Karandras|||true
573|Karandras|Asuryani||true
573|Karandras|Infantry||false
573|Karandras|Character||false
573|Karandras|Epic Hero||false
573|Karandras|Aeldari||false
573|Karandras|Karandras||false
573|Karandras|Phoenix Lord||false
574|Fuegan|||true
574|Fuegan|Asuryani||true
574|Fuegan|Infantry||false
574|Fuegan|Character||false
574|Fuegan|Epic Hero||false
574|Fuegan|Aeldari||false
574|Fuegan|Grenades||false
574|Fuegan|Aspect Warrior||false
574|Fuegan|Phoenix Lord||false
574|Fuegan|Fuegan||false
575|Baharroth|||true
575|Baharroth|Asuryani||true
575|Baharroth|Character||false
575|Baharroth|Infantry||false
575|Baharroth|Baharroth||false
575|Baharroth|Phoenix Lord||false
575|Baharroth|Aspect Warrior||false
575|Baharroth|Grenades||false
575|Baharroth|Fly||false
575|Baharroth|Jump Pack||false
575|Baharroth|Aeldari||false
575|Baharroth|Epic Hero||false
576|Maugan Ra|||true
576|Maugan Ra|Asuryani||true
576|Maugan Ra|Phoenix Lord||false
576|Maugan Ra|Maugan Ra||false
576|Maugan Ra|Aspect Warrior||false
576|Maugan Ra|Aeldari||false
576|Maugan Ra|Epic Hero||false
576|Maugan Ra|Character||false
576|Maugan Ra|Infantry||false
577|Autarch|Asuryani||true
577|Autarch|Ynnari||true
577|Autarch|||true
577|Autarch|Character||false
577|Autarch|Aeldari||false
577|Autarch|Grenades||false
577|Autarch|Infantry||false
577|Autarch|Autarch||false
580|Autarch Skyrunner|Asuryani||true
580|Autarch Skyrunner|Ynnari||true
580|Autarch Skyrunner|||true
580|Autarch Skyrunner|Character||false
580|Autarch Skyrunner|Mounted||false
580|Autarch Skyrunner|Autarch||false
580|Autarch Skyrunner|Autarch Skyrunner||false
580|Autarch Skyrunner|Aeldari||false
580|Autarch Skyrunner|Fly||false
581|Avatar of Khaine|||true
581|Avatar of Khaine|Asuryani||true
581|Avatar of Khaine|Avatar of Khaine||false
581|Avatar of Khaine|Daemon||false
581|Avatar of Khaine|Character||false
581|Avatar of Khaine|Epic Hero||false
581|Avatar of Khaine|Aeldari||false
581|Avatar of Khaine|Monster||false
582|Farseer|||true
582|Farseer|Ynnari||true
582|Farseer|Asuryani||true
582|Farseer|Psyker||false
582|Farseer|Farseer||false
582|Farseer|Aeldari||false
582|Farseer|Infantry||false
582|Farseer|Character||false
583|Farseer Skyrunner|||true
583|Farseer Skyrunner|Ynnari||true
583|Farseer Skyrunner|Asuryani||true
583|Farseer Skyrunner|Psyker||false
583|Farseer Skyrunner|Farseer||false
583|Farseer Skyrunner|Farseer Skyrunner||false
583|Farseer Skyrunner|Aeldari||false
583|Farseer Skyrunner|Fly||false
583|Farseer Skyrunner|Mounted||false
583|Farseer Skyrunner|Character||false
584|Warlock Conclave|||true
584|Warlock Conclave|Asuryani||true
584|Warlock Conclave|Ynnari||true
584|Warlock Conclave|Infantry||false
584|Warlock Conclave|Aeldari||false
584|Warlock Conclave|Psyker||false
584|Warlock Conclave|Warlocks||false
584|Warlock Conclave|Warlock Conclave||false
585|Warlock|||true
585|Warlock|Asuryani||true
585|Warlock|Ynnari||true
585|Warlock|Aeldari||false
585|Warlock|Warlock||false
585|Warlock|Infantry||false
585|Warlock|Psyker||false
585|Warlock|Character||false
587|Warlock Skyrunners|||true
587|Warlock Skyrunners|Ynnari||true
587|Warlock Skyrunners|Asuryani||true
587|Warlock Skyrunners|Warlock Skyrunners||false
587|Warlock Skyrunners|Warlocks||false
587|Warlock Skyrunners|Psyker||false
587|Warlock Skyrunners|Fly||false
587|Warlock Skyrunners|Aeldari||false
587|Warlock Skyrunners|Mounted||false
588|Spiritseer|Ynnari||true
588|Spiritseer|Asuryani||true
588|Spiritseer|||true
588|Spiritseer|Psyker||false
588|Spiritseer|Spiritseer||false
588|Spiritseer|Infantry||false
588|Spiritseer|Character||false
588|Spiritseer|Aeldari||false
589|Guardian Defenders|Asuryani||true
589|Guardian Defenders|||true
589|Guardian Defenders|Ynnari||true
589|Guardian Defenders|Aeldari||false
589|Guardian Defenders|Infantry||false
589|Guardian Defenders|Battleline||false
589|Guardian Defenders|Guardians||false
589|Guardian Defenders|Guardian Defenders||false
589|Guardian Defenders|Grenades||false
590|Storm Guardians|Ynnari||true
590|Storm Guardians|||true
590|Storm Guardians|Asuryani||true
590|Storm Guardians|Infantry||false
590|Storm Guardians|Battleline||false
590|Storm Guardians|Aeldari||false
590|Storm Guardians|Grenades||false
590|Storm Guardians|Guardians||false
590|Storm Guardians|Storm Guardians||false
591|Windriders|Asuryani||true
591|Windriders|Ynnari||true
591|Windriders|||true
591|Windriders|Mounted||false
591|Windriders|Aeldari||false
591|Windriders|Windriders||false
591|Windriders|Fly||false
592|Rangers|Asuryani||true
592|Rangers|Ynnari||true
592|Rangers|||true
592|Rangers|Rangers||false
592|Rangers|Infantry||false
592|Rangers|Aeldari||false
593|Dire Avengers|Asuryani||true
593|Dire Avengers|Ynnari||true
593|Dire Avengers|||true
593|Dire Avengers|Aeldari||false
593|Dire Avengers|Aspect Warriors||false
593|Dire Avengers|Dire Avengers||false
593|Dire Avengers|Grenades||false
593|Dire Avengers|Infantry||false
594|Howling Banshees|Asuryani||true
594|Howling Banshees|||true
594|Howling Banshees|Ynnari||true
594|Howling Banshees|Aspect Warriors||false
594|Howling Banshees|Howling Banshees||false
594|Howling Banshees|Infantry||false
594|Howling Banshees|Aeldari||false
595|Striking Scorpions|||true
595|Striking Scorpions|Ynnari||true
595|Striking Scorpions|Asuryani||true
595|Striking Scorpions|Aspect Warriors||false
595|Striking Scorpions|Striking Scorpions||false
595|Striking Scorpions|Infantry||false
595|Striking Scorpions|Aeldari||false
596|Fire Dragons|Ynnari||true
596|Fire Dragons|Asuryani||true
596|Fire Dragons|||true
596|Fire Dragons|Infantry||false
596|Fire Dragons|Aeldari||false
596|Fire Dragons|Grenades||false
596|Fire Dragons|Aspect Warriors||false
596|Fire Dragons|Fire Dragons||false
597|Wraithguard|Ynnari||true
597|Wraithguard|||true
597|Wraithguard|Asuryani||true
597|Wraithguard|Infantry||false
597|Wraithguard|Aeldari||false
597|Wraithguard|Wraithguard||false
597|Wraithguard|Wraith Construct||false
598|Wraithblades|Ynnari||true
598|Wraithblades|Asuryani||true
598|Wraithblades|||true
598|Wraithblades|Wraith Construct||false
598|Wraithblades|Wraithblades||false
598|Wraithblades|Infantry||false
598|Wraithblades|Aeldari||false
599|Wave Serpent|Ynnari||true
599|Wave Serpent|Asuryani||true
599|Wave Serpent|||true
599|Wave Serpent|Wave Serpent||false
599|Wave Serpent|Aeldari||false
599|Wave Serpent|Transport||false
599|Wave Serpent|Dedicated Transport||false
599|Wave Serpent|Fly||false
599|Wave Serpent|Frame||false
599|Wave Serpent|Vehicle||false
600|Swooping Hawks|Ynnari||true
600|Swooping Hawks|Asuryani||true
600|Swooping Hawks|||true
600|Swooping Hawks|Swooping Hawks||false
600|Swooping Hawks|Aspect Warriors||false
600|Swooping Hawks|Grenades||false
600|Swooping Hawks|Fly||false
600|Swooping Hawks|Aeldari||false
600|Swooping Hawks|Jump Pack||false
600|Swooping Hawks|Infantry||false
601|Warp Spiders|Asuryani||true
601|Warp Spiders|||true
601|Warp Spiders|Ynnari||true
601|Warp Spiders|Jump Pack||false
601|Warp Spiders|Aeldari||false
601|Warp Spiders|Fly||false
601|Warp Spiders|Aspect Warriors||false
601|Warp Spiders|Warp Spiders||false
601|Warp Spiders|Infantry||false
602|Shining Spears|Asuryani||true
602|Shining Spears|Ynnari||true
602|Shining Spears|||true
602|Shining Spears|Shining Spears||false
602|Shining Spears|Aspect Warriors||false
602|Shining Spears|Fly||false
602|Shining Spears|Mounted||false
602|Shining Spears|Aeldari||false
603|Crimson Hunter|||true
603|Crimson Hunter|Ynnari||true
603|Crimson Hunter|Asuryani||true
603|Crimson Hunter|Fly||false
603|Crimson Hunter|Aeldari||false
603|Crimson Hunter|Vehicle||false
603|Crimson Hunter|Aspect Warrior||false
603|Crimson Hunter|Crimson Hunter||false
603|Crimson Hunter|Aircraft||false
605|Vypers|Asuryani||true
605|Vypers|||true
605|Vypers|Ynnari||true
605|Vypers|Vehicle||false
605|Vypers|Aeldari||false
605|Vypers|Fly||false
605|Vypers|Vypers||false
606|Hemlock Wraithfighter|||true
606|Hemlock Wraithfighter|Asuryani||true
606|Hemlock Wraithfighter|Ynnari||true
606|Hemlock Wraithfighter|Vehicle||false
606|Hemlock Wraithfighter|Aeldari||false
606|Hemlock Wraithfighter|Hemlock Wraithfighter||false
606|Hemlock Wraithfighter|Wraith Construct||false
606|Hemlock Wraithfighter|Psyker||false
606|Hemlock Wraithfighter|Aircraft||false
606|Hemlock Wraithfighter|Fly||false
607|Dark Reapers|Asuryani||true
607|Dark Reapers|Ynnari||true
607|Dark Reapers|||true
607|Dark Reapers|Infantry||false
607|Dark Reapers|Aspect Warriors||false
607|Dark Reapers|Aeldari||false
607|Dark Reapers|Dark Reapers||false
609|Falcon|||true
609|Falcon|Ynnari||true
609|Falcon|Asuryani||true
609|Falcon|Vehicle||false
609|Falcon|Aeldari||false
609|Falcon|Fly||false
609|Falcon|Transport||false
609|Falcon|Frame||false
609|Falcon|Falcon||false
610|Fire Prism|Asuryani||true
610|Fire Prism|||true
610|Fire Prism|Ynnari||true
610|Fire Prism|Frame||false
610|Fire Prism|Fly||false
610|Fire Prism|Aeldari||false
610|Fire Prism|Vehicle||false
610|Fire Prism|Fire Prism||false
611|Night Spinner|Asuryani||true
611|Night Spinner|Ynnari||true
611|Night Spinner|||true
611|Night Spinner|Night Spinner||false
611|Night Spinner|Frame||false
611|Night Spinner|Fly||false
611|Night Spinner|Aeldari||false
611|Night Spinner|Vehicle||false
612|War Walkers|||true
612|War Walkers|Asuryani||true
612|War Walkers|Ynnari||true
612|War Walkers|War Walkers||false
612|War Walkers|Walker||false
612|War Walkers|Aeldari||false
612|War Walkers|Vehicle||false
613|Wraithlord|Ynnari||true
613|Wraithlord|||true
613|Wraithlord|Asuryani||true
613|Wraithlord|Wraithlord||false
613|Wraithlord|Aeldari||false
613|Wraithlord|Monster||false
613|Wraithlord|Walker||false
613|Wraithlord|Wraith Construct||false
614|Wraithknight|Asuryani||true
614|Wraithknight|Ynnari||true
614|Wraithknight|||true
614|Wraithknight|Towering||false
614|Wraithknight|Wraithknight||false
614|Wraithknight|Walker||false
614|Wraithknight|Wraith Construct||false
614|Wraithknight|Aeldari||false
614|Wraithknight|Monster||false
614|Wraithknight|Titanic||false
615|Shadow Spectres|||true
615|Shadow Spectres|Ynnari||true
615|Shadow Spectres|Asuryani||true
615|Shadow Spectres|Infantry||false
615|Shadow Spectres|Jump Pack||false
615|Shadow Spectres|Fly||false
615|Shadow Spectres|Shadow Spectres||false
615|Shadow Spectres|Aeldari||false
616|Wasp Assault Walker|||true
616|Wasp Assault Walker|Ynnari||true
616|Wasp Assault Walker|Asuryani||true
616|Wasp Assault Walker|Fly||false
616|Wasp Assault Walker|Walker||false
616|Wasp Assault Walker|Wasp Assault Walker||false
616|Wasp Assault Walker|Vehicle||false
616|Wasp Assault Walker|Aeldari||false
617|Wraithseer|Asuryani||true
617|Wraithseer|Ynnari||true
617|Wraithseer|||true
617|Wraithseer|Monster||false
617|Wraithseer|Wraith Construct||false
617|Wraithseer|Walker||false
617|Wraithseer|Psyker||false
617|Wraithseer|Aeldari||false
617|Wraithseer|Wraithseer||false
618|Hornet|Ynnari||true
618|Hornet|||true
618|Hornet|Asuryani||true
618|Hornet|Aeldari||false
618|Hornet|Fly||false
618|Hornet|Hornet||false
618|Hornet|Vehicle||false
619|Warp Hunter|Asuryani||true
619|Warp Hunter|||true
619|Warp Hunter|Ynnari||true
619|Warp Hunter|Aeldari||false
619|Warp Hunter|Vehicle||false
619|Warp Hunter|Fly||false
619|Warp Hunter|Warp Hunter||false
620|Lynx|Ynnari||true
620|Lynx|Asuryani||true
620|Lynx|||true
620|Lynx|Vehicle||false
620|Lynx|Lynx||false
620|Lynx|Fly||false
620|Lynx|Aeldari||false
621|Scorpion|Ynnari||true
621|Scorpion|Asuryani||true
621|Scorpion|||true
621|Scorpion|Vehicle||false
621|Scorpion|Titanic||false
621|Scorpion|Fly||false
621|Scorpion|Aeldari||false
621|Scorpion|Scorpion||false
622|Cobra|Ynnari||true
622|Cobra|||true
622|Cobra|Asuryani||true
622|Cobra|Aeldari||false
622|Cobra|Fly||false
622|Cobra|Titanic||false
622|Cobra|Vehicle||false
622|Cobra|Cobra||false
623|Nightwing|||true
623|Nightwing|Ynnari||true
623|Nightwing|Asuryani||true
623|Nightwing|Aeldari||false
623|Nightwing|Vehicle||false
623|Nightwing|Nightwing||false
623|Nightwing|Aircraft||false
623|Nightwing|Fly||false
624|Phoenix|||true
624|Phoenix|Asuryani||true
624|Phoenix|Ynnari||true
624|Phoenix|Phoenix||false
624|Phoenix|Vehicle||false
624|Phoenix|Fly||false
624|Phoenix|Aircraft||false
624|Phoenix|Aeldari||false
625|Vampire Raider|||true
625|Vampire Raider|Ynnari||true
625|Vampire Raider|Asuryani||true
625|Vampire Raider|Fly||false
625|Vampire Raider|Titanic||false
625|Vampire Raider|Transport||false
625|Vampire Raider|Aeldari||false
625|Vampire Raider|Vehicle||false
625|Vampire Raider|Vampire Raider||false
626|Vampire Hunter|||true
626|Vampire Hunter|Asuryani||true
626|Vampire Hunter|Ynnari||true
626|Vampire Hunter|Fly||false
626|Vampire Hunter|Aeldari||false
626|Vampire Hunter|Vehicle||false
626|Vampire Hunter|Vampire Hunter||false
626|Vampire Hunter|Titanic||false
626|Vampire Hunter|Aircraft||false
627|Skathach Wraithknight|||true
627|Skathach Wraithknight|Ynnari||true
627|Skathach Wraithknight|Asuryani||true
627|Skathach Wraithknight|Skathach Wraithknight||false
627|Skathach Wraithknight|Aeldari||false
627|Skathach Wraithknight|Towering||false
627|Skathach Wraithknight|Wraith Construct||false
627|Skathach Wraithknight|Walker||false
627|Skathach Wraithknight|Titanic||false
627|Skathach Wraithknight|Monster||false
628|Revenant Titan|Asuryani||true
628|Revenant Titan|Ynnari||true
628|Revenant Titan|||true
628|Revenant Titan|Walker||false
628|Revenant Titan|Fly||false
628|Revenant Titan|Towering||false
628|Revenant Titan|Titanic||false
628|Revenant Titan|Monster||false
628|Revenant Titan|Revenant Titan||false
628|Revenant Titan|Aeldari||false
628|Revenant Titan|Wraith Construct||false
629|Corsair Cloud Dancer Band|Ynnari||true
629|Corsair Cloud Dancer Band|||true
629|Corsair Cloud Dancer Band|Asuryani||true
629|Corsair Cloud Dancer Band|Aeldari||false
629|Corsair Cloud Dancer Band|Corsair Cloud Dancer Band||false
629|Corsair Cloud Dancer Band|Anhrathe||false
629|Corsair Cloud Dancer Band|Grenades||false
629|Corsair Cloud Dancer Band|Mounted||false
630|Irillyth|Asuryani||true
630|Irillyth|||true
630|Irillyth|Aeldari||false
630|Irillyth|Epic Hero||false
630|Irillyth|Fly||false
630|Irillyth|Jump Pack||false
630|Irillyth|Character||false
630|Irillyth|Phoenix Lord||false
630|Irillyth|Infantry||false
630|Irillyth|Irillyth||false
631|Phantom Titan|Ynnari||true
631|Phantom Titan|||true
631|Phantom Titan|Asuryani||true
631|Phantom Titan|Wraith Construct||false
631|Phantom Titan|Walker||false
631|Phantom Titan|Towering||false
631|Phantom Titan|Titanic||false
631|Phantom Titan|Monster||false
631|Phantom Titan|Phantom Titan||false
631|Phantom Titan|Aeldari||false
632|Corsair Reaver Band|Ynnari||true
632|Corsair Reaver Band|Asuryani||true
632|Corsair Reaver Band|||true
632|Corsair Reaver Band|Aeldari||false
632|Corsair Reaver Band|Anhrathe||false
632|Corsair Reaver Band|Infantry||false
632|Corsair Reaver Band|Grenades||false
632|Corsair Reaver Band|Corsair Reaver Band||false
634|Archon|Drukhari||true
634|Archon|Character||false
634|Archon|Kabal||false
634|Archon|Infantry||false
634|Archon|Aeldari||false
634|Archon|Archon||false
639|Succubus|Drukhari||true
639|Succubus|Succubus||false
639|Succubus|Aeldari||false
639|Succubus|Character||false
639|Succubus|Wych Cult||false
639|Succubus|Infantry||false
640|Lelith Hesperax|Drukhari||true
640|Lelith Hesperax|Infantry||false
640|Lelith Hesperax|Succubus||false
640|Lelith Hesperax|Wych Cult||false
640|Lelith Hesperax|Aeldari||false
640|Lelith Hesperax|Lelith Hesperax||false
640|Lelith Hesperax|Epic Hero||false
640|Lelith Hesperax|Character||false
641|Haemonculus|Drukhari||true
641|Haemonculus|Character||false
641|Haemonculus|Aeldari||false
641|Haemonculus|Haemonculus Covens||false
641|Haemonculus|Infantry||false
641|Haemonculus|Haemonculus||false
642|Urien Rakarth|Drukhari||true
642|Urien Rakarth|Urien Rakarth||false
642|Urien Rakarth|Haemonculus||false
642|Urien Rakarth|Haemonculus Covens||false
642|Urien Rakarth|Character||false
642|Urien Rakarth|Infantry||false
642|Urien Rakarth|Epic Hero||false
642|Urien Rakarth|Aeldari||false
643|Drazhar|Drukhari||true
643|Drazhar|Infantry||false
643|Drazhar|Blades for Hire||false
643|Drazhar|Character||false
643|Drazhar|Epic Hero||false
643|Drazhar|Aeldari||false
643|Drazhar|Drazhar||false
644|Kabalite Warriors|Drukhari||true
644|Kabalite Warriors|Kabalite Warriors||false
644|Kabalite Warriors|Kabal||false
644|Kabalite Warriors|Battleline||false
644|Kabalite Warriors|Aeldari||false
644|Kabalite Warriors|Infantry||false
646|Wyches|Drukhari||true
646|Wyches|Wyches||false
646|Wyches|Wych Cult||false
646|Wyches|Grenades||false
646|Wyches|Infantry||false
646|Wyches|Battleline||false
646|Wyches|Aeldari||false
648|Incubi|Drukhari||true
648|Incubi|Incubi||false
648|Incubi|Aeldari||false
648|Incubi|Infantry||false
648|Incubi|Blades for Hire||false
649|Mandrakes|Drukhari||true
649|Mandrakes|Mandrakes||false
649|Mandrakes|Blades for Hire||false
649|Mandrakes|Aeldari||false
649|Mandrakes|Infantry||false
650|Wracks|Drukhari||true
650|Wracks|Infantry||false
650|Wracks|Haemonculus Covens||false
650|Wracks|Wracks||false
650|Wracks|Aeldari||false
650|Wracks|Battleline||false
651|Grotesques|Drukhari||true
651|Grotesques|Aeldari||false
651|Grotesques|Grotesques||false
651|Grotesques|Haemonculus Covens||false
651|Grotesques|Infantry||false
652|Beastmaster|Drukhari||true
652|Beastmaster|Fly|RAZORWING FLOCKS|false
652|Beastmaster|Aeldari|ALL MODELS|false
652|Beastmaster|Beasts|ALL MODELS|false
652|Beastmaster|Fly|BEASTMASTER|false
652|Beastmaster|Mounted|BEASTMASTER|false
652|Beastmaster|Character|BEASTMASTER|false
652|Beastmaster|Beastmaster|BEASTMASTER|false
656|Raider|Drukhari||true
656|Raider|Transport||false
656|Raider|Frame||false
656|Raider|Aeldari||false
656|Raider|Dedicated Transport||false
656|Raider|Raider||false
656|Raider|Fly||false
656|Raider|Vehicle||false
657|Venom|Drukhari||true
657|Venom|Venom||false
657|Venom|Frame||false
657|Venom|Fly||false
657|Venom|Transport||false
657|Venom|Vehicle||false
657|Venom|Dedicated Transport||false
657|Venom|Aeldari||false
658|Reavers|Drukhari||true
658|Reavers|Reavers||false
658|Reavers|Fly||false
658|Reavers|Aeldari||false
658|Reavers|Wych Cult||false
658|Reavers|Mounted||false
659|Hellions|Drukhari||true
659|Hellions|Mounted||false
659|Hellions|Fly||false
659|Hellions|Aeldari||false
659|Hellions|Wych Cult||false
659|Hellions|Hellions||false
660|Razorwing Jetfighter|Drukhari||true
660|Razorwing Jetfighter|Fly||false
660|Razorwing Jetfighter|Vehicle||false
660|Razorwing Jetfighter|Aircraft||false
660|Razorwing Jetfighter|Razorwing Jetfighter||false
660|Razorwing Jetfighter|Aeldari||false
661|Voidraven Bomber|Drukhari||true
661|Voidraven Bomber|Voidraven Bomber||false
661|Voidraven Bomber|Aeldari||false
661|Voidraven Bomber|Fly||false
661|Voidraven Bomber|Aircraft||false
661|Voidraven Bomber|Vehicle||false
662|Scourges with Heavy Weapons|Drukhari||true
662|Scourges with Heavy Weapons|Fly||false
662|Scourges with Heavy Weapons|Scourges with Heavy Weapons||false
662|Scourges with Heavy Weapons|Scourges||false
662|Scourges with Heavy Weapons|Blades for Hire||false
662|Scourges with Heavy Weapons|Aeldari||false
662|Scourges with Heavy Weapons|Jump Pack||false
662|Scourges with Heavy Weapons|Grenades||false
662|Scourges with Heavy Weapons|Infantry||false
663|Talos|Drukhari||true
663|Talos|Monster||false
663|Talos|Talos||false
663|Talos|Haemonculus Covens||false
663|Talos|Fly||false
663|Talos|Aeldari||false
664|Cronos|Drukhari||true
664|Cronos|Cronos||false
664|Cronos|Aeldari||false
664|Cronos|Fly||false
664|Cronos|Monster||false
664|Cronos|Haemonculus Covens||false
665|Ravager|Drukhari||true
665|Ravager|Ravager||false
665|Ravager|Aeldari||false
665|Ravager|Frame||false
665|Ravager|Fly||false
665|Ravager|Kabal||false
665|Ravager|Vehicle||false
666|Reaper|Drukhari||true
666|Reaper|Kabal||false
666|Reaper|Vehicle||false
666|Reaper|Reaper||false
666|Reaper|Aeldari||false
666|Reaper|Fly||false
667|Tantalus|Drukhari||true
667|Tantalus|Vehicle||false
667|Tantalus|Transport||false
667|Tantalus|Fly||false
667|Tantalus|Tantalus||false
667|Tantalus|Aeldari||false
680|Leman Russ Commander|Astra Militarum||true
680|Leman Russ Commander|Vehicle||false
680|Leman Russ Commander|Character||false
680|Leman Russ Commander|Squadron||false
680|Leman Russ Commander|Smoke||false
680|Leman Russ Commander|Leman Russ Commander||false
680|Leman Russ Commander|Frame||false
680|Leman Russ Commander|Officer||false
680|Leman Russ Commander|Imperium||false
686|Cadian Heavy Weapons Squad|Astra Militarum||true
686|Cadian Heavy Weapons Squad|Imperium||false
686|Cadian Heavy Weapons Squad|Regiment||false
686|Cadian Heavy Weapons Squad|Cadian Heavy Weapons Squad||false
686|Cadian Heavy Weapons Squad|Infantry||false
686|Cadian Heavy Weapons Squad|Grenades||false
690|Scout Sentinels|Astra Militarum||true
690|Scout Sentinels|Walker||false
690|Scout Sentinels|Smoke||false
690|Scout Sentinels|Imperium||false
690|Scout Sentinels|Regiment||false
690|Scout Sentinels|Squadron||false
690|Scout Sentinels|Scout Sentinels||false
690|Scout Sentinels|Vehicle||false
691|Armoured Sentinels|Astra Militarum||true
691|Armoured Sentinels|Squadron||false
691|Armoured Sentinels|Armoured Sentinels||false
691|Armoured Sentinels|Vehicle||false
691|Armoured Sentinels|Imperium||false
691|Armoured Sentinels|Walker||false
691|Armoured Sentinels|Regiment||false
691|Armoured Sentinels|Smoke||false
692|Chimera|Astra Militarum||true
692|Chimera|Vehicle||false
692|Chimera|Smoke||false
692|Chimera|Imperium||false
692|Chimera|Chimera||false
692|Chimera|Dedicated Transport||false
692|Chimera|Transport||false
692|Chimera|Squadron||false
692|Chimera|Frame||false
693|Taurox|Astra Militarum||true
693|Taurox|Transport||false
693|Taurox|Squadron||false
693|Taurox|Frame||false
693|Taurox|Dedicated Transport||false
693|Taurox|Taurox||false
693|Taurox|Imperium||false
693|Taurox|Vehicle||false
694|Hellhound|Astra Militarum||true
694|Hellhound|Vehicle||false
694|Hellhound|Imperium||false
694|Hellhound|Squadron||false
694|Hellhound|Hellhound||false
694|Hellhound|Frame||false
694|Hellhound|Smoke||false
695|Basilisk|Astra Militarum||true
695|Basilisk|Vehicle||false
695|Basilisk|Smoke||false
695|Basilisk|Imperium||false
695|Basilisk|Squadron||false
695|Basilisk|Frame||false
695|Basilisk|Basilisk||false
695|Basilisk|Artillery||false
696|Hydra|Astra Militarum||true
696|Hydra|Vehicle||false
696|Hydra|Smoke||false
696|Hydra|Imperium||false
696|Hydra|Squadron||false
696|Hydra|Hydra||false
696|Hydra|Frame||false
697|Wyvern|Astra Militarum||true
697|Wyvern|Imperium||false
697|Wyvern|Squadron||false
697|Wyvern|Wyvern||false
697|Wyvern|Artillery||false
697|Wyvern|Vehicle||false
697|Wyvern|Smoke||false
697|Wyvern|Frame||false
698|Manticore|Astra Militarum||true
698|Manticore|Smoke||false
698|Manticore|Artillery||false
698|Manticore|Vehicle||false
698|Manticore|Manticore||false
698|Manticore|Squadron||false
698|Manticore|Imperium||false
698|Manticore|Frame||false
699|Deathstrike|Astra Militarum||true
699|Deathstrike|Vehicle||false
699|Deathstrike|Artillery||false
699|Deathstrike|Smoke||false
699|Deathstrike|Imperium||false
699|Deathstrike|Squadron||false
699|Deathstrike|Deathstrike||false
699|Deathstrike|Frame||false
700|Leman Russ Battle Tank|Astra Militarum||true
700|Leman Russ Battle Tank|Frame||false
700|Leman Russ Battle Tank|Leman Russ Battle Tank||false
700|Leman Russ Battle Tank|Smoke||false
700|Leman Russ Battle Tank|Vehicle||false
700|Leman Russ Battle Tank|Imperium||false
700|Leman Russ Battle Tank|Squadron||false
701|Leman Russ Demolisher|Astra Militarum||true
701|Leman Russ Demolisher|Vehicle||false
701|Leman Russ Demolisher|Smoke||false
701|Leman Russ Demolisher|Imperium||false
701|Leman Russ Demolisher|Squadron||false
701|Leman Russ Demolisher|Frame||false
701|Leman Russ Demolisher|Leman Russ Demolisher||false
702|Baneblade|Astra Militarum||true
702|Baneblade|Vehicle||false
702|Baneblade|Smoke||false
702|Baneblade|Imperium||false
702|Baneblade|Baneblade||false
702|Baneblade|Frame||false
702|Baneblade|Titanic||false
703|Banehammer|Astra Militarum||true
703|Banehammer|Vehicle||false
703|Banehammer|Titanic||false
703|Banehammer|Smoke||false
703|Banehammer|Imperium||false
703|Banehammer|Banehammer||false
703|Banehammer|Frame||false
703|Banehammer|Transport||false
704|Banesword|Astra Militarum||true
704|Banesword|Frame||false
704|Banesword|Vehicle||false
704|Banesword|Imperium||false
704|Banesword|Smoke||false
704|Banesword|Banesword||false
704|Banesword|Titanic||false
705|Doomhammer|Astra Militarum||true
705|Doomhammer|Frame||false
705|Doomhammer|Vehicle||false
705|Doomhammer|Titanic||false
705|Doomhammer|Smoke||false
705|Doomhammer|Imperium||false
705|Doomhammer|Transport||false
705|Doomhammer|Doomhammer||false
706|Hellhammer|Astra Militarum||true
706|Hellhammer|Titanic||false
706|Hellhammer|Frame||false
706|Hellhammer|Vehicle||false
706|Hellhammer|Smoke||false
706|Hellhammer|Imperium||false
706|Hellhammer|Hellhammer||false
707|Shadowsword|Astra Militarum||true
707|Shadowsword|Shadowsword||false
707|Shadowsword|Vehicle||false
707|Shadowsword|Smoke||false
707|Shadowsword|Titanic||false
707|Shadowsword|Imperium||false
707|Shadowsword|Frame||false
708|Stormlord|Astra Militarum||true
708|Stormlord|Transport||false
708|Stormlord|Frame||false
708|Stormlord|Stormlord||false
708|Stormlord|Vehicle||false
708|Stormlord|Titanic||false
708|Stormlord|Smoke||false
708|Stormlord|Imperium||false
709|Stormsword|Astra Militarum||true
709|Stormsword|Vehicle||false
709|Stormsword|Smoke||false
709|Stormsword|Imperium||false
709|Stormsword|Frame||false
709|Stormsword|Stormsword||false
709|Stormsword|Titanic||false
713|‘Iron Hand’ Straken|Astra Militarum||true
713|‘Iron Hand’ Straken|Character||false
713|‘Iron Hand’ Straken|Epic Hero||false
713|‘Iron Hand’ Straken|Officer||false
713|‘Iron Hand’ Straken|‘Iron Hand’ Straken||false
713|‘Iron Hand’ Straken|Grenades||false
713|‘Iron Hand’ Straken|Imperium||false
713|‘Iron Hand’ Straken|Infantry||false
714|Sergeant Harker|Astra Militarum||true
714|Sergeant Harker|Officer||false
714|Sergeant Harker|Grenades||false
714|Sergeant Harker|Imperium||false
714|Sergeant Harker|Epic Hero||false
714|Sergeant Harker|Character||false
714|Sergeant Harker|Infantry||false
714|Sergeant Harker|Sergeant Harker||false
716|Commissar|Astra Militarum||true
716|Commissar|Character||false
716|Commissar|Imperium||false
716|Commissar|Officer||false
716|Commissar|Commissar||false
716|Commissar|Infantry||false
719|Militarum Tempestus Command Squad|Astra Militarum||true
719|Militarum Tempestus Command Squad|Infantry|ALL MODELS|false
719|Militarum Tempestus Command Squad|Grenades|ALL MODELS|false
719|Militarum Tempestus Command Squad|Imperium|ALL MODELS|false
719|Militarum Tempestus Command Squad|Militarum Tempestus|ALL MODELS|false
719|Militarum Tempestus Command Squad|Command Squad|ALL MODELS|false
719|Militarum Tempestus Command Squad|Character|TEMPESTOR PRIME|false
719|Militarum Tempestus Command Squad|Officer|TEMPESTOR PRIME|false
721|Taurox Prime|Astra Militarum||true
721|Taurox Prime|Imperium||false
721|Taurox Prime|Vehicle||false
721|Taurox Prime|Squadron||false
721|Taurox Prime|Frame||false
721|Taurox Prime|Transport||false
721|Taurox Prime|Dedicated Transport||false
721|Taurox Prime|Taurox Prime||false
722|Ogryn Squad|Astra Militarum||true
722|Ogryn Squad|Infantry||false
722|Ogryn Squad|Grenades||false
722|Ogryn Squad|Imperium||false
722|Ogryn Squad|Ogryn||false
722|Ogryn Squad|Ogryn Squad||false
723|Bullgryn Squad|Astra Militarum||true
723|Bullgryn Squad|Imperium||false
723|Bullgryn Squad|Bullgryn Squad||false
723|Bullgryn Squad|Ogryn||false
723|Bullgryn Squad|Infantry||false
723|Bullgryn Squad|Grenades||false
724|Ratlings|Astra Militarum||true
724|Ratlings|Infantry||false
724|Ratlings|Imperium||false
724|Ratlings|Ratlings||false
725|Nork Deddog|Astra Militarum||true
725|Nork Deddog|Nork Deddog||false
725|Nork Deddog|Grenades||false
725|Nork Deddog|Infantry||false
725|Nork Deddog|Character||false
725|Nork Deddog|Epic Hero||false
725|Nork Deddog|Imperium||false
725|Nork Deddog|Loyal Protector||false
725|Nork Deddog|Ogryn||false
727|Valkyrie|Astra Militarum||true
727|Valkyrie|Transport||false
727|Valkyrie|Imperium||false
727|Valkyrie|Valkyrie||false
727|Valkyrie|Fly||false
727|Valkyrie|Vehicle||false
728|Atlas Recovery Vehicle|Astra Militarum||true
728|Atlas Recovery Vehicle|Frame||false
728|Atlas Recovery Vehicle|Vehicle||false
728|Atlas Recovery Vehicle|Squadron||false
728|Atlas Recovery Vehicle|Atlas Recovery Vehicle||false
728|Atlas Recovery Vehicle|Smoke||false
728|Atlas Recovery Vehicle|Imperium||false
729|Salamander Command Vehicle|Astra Militarum||true
729|Salamander Command Vehicle|Imperium||false
729|Salamander Command Vehicle|Salamander Command Vehicle||false
729|Salamander Command Vehicle|Squadron||false
729|Salamander Command Vehicle|Frame||false
729|Salamander Command Vehicle|Vehicle||false
729|Salamander Command Vehicle|Smoke||false
730|Hades Breaching Drill|Astra Militarum||true
730|Hades Breaching Drill|Frame||false
730|Hades Breaching Drill|Hades Breaching Drill||false
730|Hades Breaching Drill|Imperium||false
730|Hades Breaching Drill|Vehicle||false
731|Centaur Light Carrier|Astra Militarum||true
731|Centaur Light Carrier|Transport||false
731|Centaur Light Carrier|Squadron||false
731|Centaur Light Carrier|Frame||false
731|Centaur Light Carrier|Vehicle||false
731|Centaur Light Carrier|Imperium||false
731|Centaur Light Carrier|Centaur Light Carrier||false
731|Centaur Light Carrier|Smoke||false
733|Trojan Support Vehicle|Astra Militarum||true
733|Trojan Support Vehicle|Vehicle||false
733|Trojan Support Vehicle|Squadron||false
733|Trojan Support Vehicle|Smoke||false
733|Trojan Support Vehicle|Frame||false
733|Trojan Support Vehicle|Imperium||false
733|Trojan Support Vehicle|Trojan Support Vehicle||false
735|Salamander Scout Vehicle|Astra Militarum||true
735|Salamander Scout Vehicle|Frame||false
735|Salamander Scout Vehicle|Imperium||false
735|Salamander Scout Vehicle|Squadron||false
735|Salamander Scout Vehicle|Smoke||false
735|Salamander Scout Vehicle|Salamander Scout Vehicle||false
735|Salamander Scout Vehicle|Vehicle||false
736|Tauros Assault Vehicle|Astra Militarum||true
736|Tauros Assault Vehicle|Regiment||false
736|Tauros Assault Vehicle|Frame||false
736|Tauros Assault Vehicle|Imperium||false
736|Tauros Assault Vehicle|Tauros||false
736|Tauros Assault Vehicle|Tauros Assault Vehicle||false
736|Tauros Assault Vehicle|Mounted||false
737|Tauros Venator|Astra Militarum||true
737|Tauros Venator|Mounted||false
737|Tauros Venator|Regiment||false
737|Tauros Venator|Frame||false
737|Tauros Venator|Imperium||false
737|Tauros Venator|Tauros||false
737|Tauros Venator|Tauros Venator||false
739|Armageddon-pattern Medusa|Astra Militarum||true
739|Armageddon-pattern Medusa|Frame||false
739|Armageddon-pattern Medusa|Artillery||false
739|Armageddon-pattern Medusa|Smoke||false
739|Armageddon-pattern Medusa|Squadron||false
739|Armageddon-pattern Medusa|Imperium||false
739|Armageddon-pattern Medusa|Armageddon-pattern Medusa||false
739|Armageddon-pattern Medusa|Vehicle||false
740|Colossus|Astra Militarum||true
740|Colossus|Frame||false
740|Colossus|Imperium||false
740|Colossus|Squadron||false
740|Colossus|Smoke||false
740|Colossus|Vehicle||false
740|Colossus|Colossus||false
741|Cyclops Demolition Vehicle|Astra Militarum||true
741|Cyclops Demolition Vehicle|Vehicle||false
741|Cyclops Demolition Vehicle|Frame||false
741|Cyclops Demolition Vehicle|Imperium||false
741|Cyclops Demolition Vehicle|Cyclops Demolition Vehicle||false
743|Earthshaker Carriage Battery|Astra Militarum||true
743|Earthshaker Carriage Battery|Imperium||false
743|Earthshaker Carriage Battery|Frame||false
743|Earthshaker Carriage Battery|Artillery||false
743|Earthshaker Carriage Battery|Infantry||false
743|Earthshaker Carriage Battery|Regiment||false
743|Earthshaker Carriage Battery|Earthshaker Carriage Battery||false
743|Earthshaker Carriage Battery|Grenades||false
744|Griffon Mortar Carrier|Astra Militarum||true
744|Griffon Mortar Carrier|Imperium||false
744|Griffon Mortar Carrier|Artillery||false
744|Griffon Mortar Carrier|Vehicle||false
744|Griffon Mortar Carrier|Smoke||false
744|Griffon Mortar Carrier|Frame||false
744|Griffon Mortar Carrier|Griffon Mortar Carrier||false
744|Griffon Mortar Carrier|Squadron||false
745|Heavy Mortar Team|Astra Militarum||true
745|Heavy Mortar Team|Heavy Mortar Team||false
745|Heavy Mortar Team|Artillery||false
745|Heavy Mortar Team|Imperium||false
745|Heavy Mortar Team|Grenades||false
745|Heavy Mortar Team|Regiment||false
745|Heavy Mortar Team|Infantry||false
746|Heavy Quad Launcher Team|Astra Militarum||true
746|Heavy Quad Launcher Team|Heavy Quad Launcher Team||false
746|Heavy Quad Launcher Team|Infantry||false
746|Heavy Quad Launcher Team|Artillery||false
746|Heavy Quad Launcher Team|Imperium||false
746|Heavy Quad Launcher Team|Grenades||false
746|Heavy Quad Launcher Team|Regiment||false
747|Hydra Platform|Astra Militarum||true
747|Hydra Platform|Imperium||false
747|Hydra Platform|Fortification||false
747|Hydra Platform|Frame||false
747|Hydra Platform|Artillery||false
747|Hydra Platform|Hydra Platform||false
751|Malcador Annihilator|Astra Militarum||true
751|Malcador Annihilator|Smoke||false
751|Malcador Annihilator|Imperium||false
751|Malcador Annihilator|Squadron||false
751|Malcador Annihilator|Malcador Annihilator||false
751|Malcador Annihilator|Vehicle||false
751|Malcador Annihilator|Frame||false
752|Malcador Defender|Astra Militarum||true
752|Malcador Defender|Frame||false
752|Malcador Defender|Imperium||false
752|Malcador Defender|Malcador Defender||false
752|Malcador Defender|Squadron||false
752|Malcador Defender|Smoke||false
752|Malcador Defender|Vehicle||false
753|Malcador|Astra Militarum||true
753|Malcador|Imperium||false
753|Malcador|Squadron||false
753|Malcador|Smoke||false
753|Malcador|Malcador||false
753|Malcador|Vehicle||false
753|Malcador|Frame||false
754|Malcador Infernus|Astra Militarum||true
754|Malcador Infernus|Vehicle||false
754|Malcador Infernus|Frame||false
754|Malcador Infernus|Squadron||false
754|Malcador Infernus|Smoke||false
754|Malcador Infernus|Malcador Infernus||false
754|Malcador Infernus|Imperium||false
755|Manticore Platform|Astra Militarum||true
755|Manticore Platform|Manticore Platform||false
755|Manticore Platform|Fortification||false
755|Manticore Platform|Frame||false
755|Manticore Platform|Imperium||false
755|Manticore Platform|Artillery||false
756|Medusa Carriage Battery|Astra Militarum||true
756|Medusa Carriage Battery|Medusa Carriage Battery||false
756|Medusa Carriage Battery|Artillery||false
756|Medusa Carriage Battery|Infantry||false
756|Medusa Carriage Battery|Regiment||false
756|Medusa Carriage Battery|Grenades||false
756|Medusa Carriage Battery|Imperium||false
757|Rapier Laser Destroyer Battery|Astra Militarum||true
757|Rapier Laser Destroyer Battery|Artillery||false
757|Rapier Laser Destroyer Battery|Infantry||false
757|Rapier Laser Destroyer Battery|Rapier Laser Destroyer Battery||false
757|Rapier Laser Destroyer Battery|Imperium||false
757|Rapier Laser Destroyer Battery|Regiment||false
757|Rapier Laser Destroyer Battery|Grenades||false
758|Sabre Weapons Battery|Astra Militarum||true
758|Sabre Weapons Battery|Fortification||false
758|Sabre Weapons Battery|Imperium||false
758|Sabre Weapons Battery|Artillery||false
758|Sabre Weapons Battery|Sabre Weapons Battery||false
759|Sentinel Powerlifter|Astra Militarum||true
759|Sentinel Powerlifter|Regiment||false
759|Sentinel Powerlifter|Squadron||false
759|Sentinel Powerlifter|Sentinel Powerlifter||false
759|Sentinel Powerlifter|Smoke||false
759|Sentinel Powerlifter|Vehicle||false
759|Sentinel Powerlifter|Imperium||false
759|Sentinel Powerlifter|Frame||false
759|Sentinel Powerlifter|Walker||false
760|Stygies Destroyer Tank Hunter|Astra Militarum||true
760|Stygies Destroyer Tank Hunter|Stygies Destroyer Tank Hunter||false
760|Stygies Destroyer Tank Hunter|Smoke||false
760|Stygies Destroyer Tank Hunter|Vehicle||false
760|Stygies Destroyer Tank Hunter|Imperium||false
760|Stygies Destroyer Tank Hunter|Frame||false
760|Stygies Destroyer Tank Hunter|Squadron||false
762|Tarantula Battery|Astra Militarum||true
762|Tarantula Battery|Imperium||false
762|Tarantula Battery|Vehicle||false
762|Tarantula Battery|Tarantula Battery||false
763|Stormblade|Astra Militarum||true
763|Stormblade|Stormblade||false
763|Stormblade|Smoke||false
763|Stormblade|Imperium||false
763|Stormblade|Frame||false
763|Stormblade|Titanic||false
763|Stormblade|Vehicle||false
764|Arkurian Stormhammer|Astra Militarum||true
764|Arkurian Stormhammer|Titanic||false
764|Arkurian Stormhammer|Arkurian Stormhammer||false
764|Arkurian Stormhammer|Smoke||false
764|Arkurian Stormhammer|Imperium||false
764|Arkurian Stormhammer|Frame||false
764|Arkurian Stormhammer|Vehicle||false
766|Crassus|Astra Militarum||true
766|Crassus|Frame||false
766|Crassus|Vehicle||false
766|Crassus|Imperium||false
766|Crassus|Crassus||false
766|Crassus|Squadron||false
766|Crassus|Smoke||false
766|Crassus|Transport||false
767|Dominus Armoured Siege Bombard|Astra Militarum||true
767|Dominus Armoured Siege Bombard|Titanic||false
767|Dominus Armoured Siege Bombard|Smoke||false
767|Dominus Armoured Siege Bombard|Vehicle||false
767|Dominus Armoured Siege Bombard|Frame||false
767|Dominus Armoured Siege Bombard|Dominus Armoured Siege Bombard||false
767|Dominus Armoured Siege Bombard|Imperium||false
768|Gorgon Heavy Transport|Astra Militarum||true
768|Gorgon Heavy Transport|Titanic||false
768|Gorgon Heavy Transport|Frame||false
768|Gorgon Heavy Transport|Imperium||false
768|Gorgon Heavy Transport|Smoke||false
768|Gorgon Heavy Transport|Transport||false
768|Gorgon Heavy Transport|Gorgon Heavy Transport||false
768|Gorgon Heavy Transport|Vehicle||false
769|Macharius|Astra Militarum||true
769|Macharius|Frame||false
769|Macharius|Titanic||false
769|Macharius|Imperium||false
769|Macharius|Smoke||false
769|Macharius|Macharius||false
769|Macharius|Vehicle||false
770|Macharius Omega|Astra Militarum||true
770|Macharius Omega|Vehicle||false
770|Macharius Omega|Frame||false
770|Macharius Omega|Titanic||false
770|Macharius Omega|Imperium||false
770|Macharius Omega|Smoke||false
770|Macharius Omega|Macharius Omega||false
771|Macharius Vanquisher|Astra Militarum||true
771|Macharius Vanquisher|Vehicle||false
771|Macharius Vanquisher|Frame||false
771|Macharius Vanquisher|Titanic||false
771|Macharius Vanquisher|Imperium||false
771|Macharius Vanquisher|Smoke||false
771|Macharius Vanquisher|Macharius Vanquisher||false
772|Macharius Vulcan|Astra Militarum||true
772|Macharius Vulcan|Titanic||false
772|Macharius Vulcan|Smoke||false
772|Macharius Vulcan|Macharius Vulcan||false
772|Macharius Vulcan|Frame||false
772|Macharius Vulcan|Vehicle||false
772|Macharius Vulcan|Imperium||false
773|Marauder Bomber|Astra Militarum||true
773|Marauder Bomber|Aircraft||false
773|Marauder Bomber|Marauder Bomber||false
773|Marauder Bomber|Vehicle||false
773|Marauder Bomber|Imperium||false
773|Marauder Bomber|Titanic||false
773|Marauder Bomber|Fly||false
774|Marauder Destroyer|Astra Militarum||true
774|Marauder Destroyer|Marauder Destroyer||false
774|Marauder Destroyer|Vehicle||false
774|Marauder Destroyer|Titanic||false
774|Marauder Destroyer|Fly||false
774|Marauder Destroyer|Aircraft||false
774|Marauder Destroyer|Imperium||false
775|Minotaur|Astra Militarum||true
775|Minotaur|Vehicle||false
775|Minotaur|Frame||false
775|Minotaur|Imperium||false
775|Minotaur|Artillery||false
775|Minotaur|Squadron||false
775|Minotaur|Transport||false
775|Minotaur|Smoke||false
775|Minotaur|Minotaur||false
776|Praetor|Astra Militarum||true
776|Praetor|Vehicle||false
776|Praetor|Frame||false
776|Praetor|Squadron||false
776|Praetor|Imperium||false
776|Praetor|Smoke||false
776|Praetor|Praetor||false
777|Valdor|Astra Militarum||true
777|Valdor|Vehicle||false
777|Valdor|Titanic||false
777|Valdor|Frame||false
777|Valdor|Imperium||false
777|Valdor|Smoke||false
777|Valdor|Valdor||false
778|Aquila Lander|Astra Militarum||true
778|Aquila Lander|Transport||false
778|Aquila Lander|Aquila Lander||false
778|Aquila Lander|Imperium||false
778|Aquila Lander|Fly||false
778|Aquila Lander|Vehicle||false
779|Arvus Lighter|Astra Militarum||true
779|Arvus Lighter|Fly||false
779|Arvus Lighter|Vehicle||false
779|Arvus Lighter|Arvus Lighter||false
779|Arvus Lighter|Transport||false
779|Arvus Lighter|Imperium||false
780|Avenger Strike Fighter|Astra Militarum||true
780|Avenger Strike Fighter|Imperium||false
780|Avenger Strike Fighter|Fly||false
780|Avenger Strike Fighter|Vehicle||false
780|Avenger Strike Fighter|Avenger Strike Fighter||false
780|Avenger Strike Fighter|Aircraft||false
781|Voss-pattern Lightning|Astra Militarum||true
781|Voss-pattern Lightning|Vehicle||false
781|Voss-pattern Lightning|Fly||false
781|Voss-pattern Lightning|Aircraft||false
781|Voss-pattern Lightning|Imperium||false
781|Voss-pattern Lightning|Voss-pattern Lightning||false
783|Vendetta Gunship|Astra Militarum||true
783|Vendetta Gunship|Vehicle||false
783|Vendetta Gunship|Fly||false
783|Vendetta Gunship|Imperium||false
783|Vendetta Gunship|Transport||false
783|Vendetta Gunship|Vendetta Gunship||false
784|Vulture Gunship|Astra Militarum||true
784|Vulture Gunship|Vehicle||false
784|Vulture Gunship|Fly||false
784|Vulture Gunship|Imperium||false
784|Vulture Gunship|Vulture Gunship||false
838|Belisarius Cawl|Adeptus Mechanicus||true
838|Belisarius Cawl|Belisarius Cawl||false
838|Belisarius Cawl|Cult Mechanicus||false
838|Belisarius Cawl|Epic Hero||false
838|Belisarius Cawl|Mobile||false
838|Belisarius Cawl|Character||false
838|Belisarius Cawl|Tech-Priest||false
838|Belisarius Cawl|Monster||false
838|Belisarius Cawl|Imperium||false
839|Tech-priest Dominus|Adeptus Mechanicus||true
839|Tech-priest Dominus|Dominus||false
839|Tech-priest Dominus|Cult Mechanicus||false
839|Tech-priest Dominus|Imperium||false
839|Tech-priest Dominus|Character||false
839|Tech-priest Dominus|Infantry||false
839|Tech-priest Dominus|Tech-Priest||false
840|Tech-priest Enginseer|Adeptus Mechanicus||true
840|Tech-priest Enginseer|Cult Mechanicus||false
840|Tech-priest Enginseer|Enginseer||false
840|Tech-priest Enginseer|Tech-Priest||false
840|Tech-priest Enginseer|Character||false
840|Tech-priest Enginseer|Infantry||false
840|Tech-priest Enginseer|Imperium||false
841|Kataphron Breachers|Adeptus Mechanicus||true
841|Kataphron Breachers|Breachers||false
841|Kataphron Breachers|Kataphron||false
841|Kataphron Breachers|Cult Mechanicus||false
841|Kataphron Breachers|Imperium||false
841|Kataphron Breachers|Infantry||false
842|Kataphron Destroyers|Adeptus Mechanicus||true
842|Kataphron Destroyers|Imperium||false
842|Kataphron Destroyers|Cult Mechanicus||false
842|Kataphron Destroyers|Kataphron||false
842|Kataphron Destroyers|Destroyers||false
842|Kataphron Destroyers|Infantry||false
843|Fulgurite Electro-priests|Adeptus Mechanicus||true
843|Fulgurite Electro-priests|Imperium||false
843|Fulgurite Electro-priests|Cult Mechanicus||false
843|Fulgurite Electro-priests|Electro-Priests||false
843|Fulgurite Electro-priests|Fulgurite||false
843|Fulgurite Electro-priests|Infantry||false
844|Corpuscarii Electro-priests|Adeptus Mechanicus||true
844|Corpuscarii Electro-priests|Electro-Priests||false
844|Corpuscarii Electro-priests|Corpuscarii||false
844|Corpuscarii Electro-priests|Imperium||false
844|Corpuscarii Electro-priests|Infantry||false
844|Corpuscarii Electro-priests|Cult Mechanicus||false
845|Kastelan Robots|Adeptus Mechanicus||true
845|Kastelan Robots|Legio Cybernetica||false
845|Kastelan Robots|Walker||false
845|Kastelan Robots|Vehicle||false
845|Kastelan Robots|Imperium||false
845|Kastelan Robots|Kastelan Robots||false
846|Cybernetica Datasmith|Adeptus Mechanicus||true
846|Cybernetica Datasmith|Cybernetica Datasmith||false
846|Cybernetica Datasmith|Vehicle||false
846|Cybernetica Datasmith|Character||false
846|Cybernetica Datasmith|Imperium||false
846|Cybernetica Datasmith|Legio Cybernetica||false
846|Cybernetica Datasmith|Tech-Priest||false
848|Skitarii Rangers|Adeptus Mechanicus||true
848|Skitarii Rangers|Rangers||false
848|Skitarii Rangers|Skitarii||false
848|Skitarii Rangers|Imperium||false
848|Skitarii Rangers|Infantry||false
848|Skitarii Rangers|Battleline||false
849|Skitarii Vanguard|Adeptus Mechanicus||true
849|Skitarii Vanguard|Vanguard||false
849|Skitarii Vanguard|Skitarii||false
849|Skitarii Vanguard|Imperium||false
849|Skitarii Vanguard|Battleline||false
849|Skitarii Vanguard|Infantry||false
850|Sicarian Infiltrators|Adeptus Mechanicus||true
850|Sicarian Infiltrators|Imperium||false
850|Sicarian Infiltrators|Infiltrators||false
850|Sicarian Infiltrators|Sicarian||false
850|Sicarian Infiltrators|Skitarii||false
850|Sicarian Infiltrators|Infantry||false
851|Sicarian Ruststalkers|Adeptus Mechanicus||true
851|Sicarian Ruststalkers|Ruststalkers||false
851|Sicarian Ruststalkers|Sicarian||false
851|Sicarian Ruststalkers|Skitarii||false
851|Sicarian Ruststalkers|Imperium||false
851|Sicarian Ruststalkers|Infantry||false
852|Ironstrider Ballistarii|Adeptus Mechanicus||true
852|Ironstrider Ballistarii|Smoke||false
852|Ironstrider Ballistarii|Vehicle||false
852|Ironstrider Ballistarii|Walker||false
852|Ironstrider Ballistarii|Ironstrider Ballistarii||false
852|Ironstrider Ballistarii|Skitarii||false
852|Ironstrider Ballistarii|Imperium||false
853|Sydonian Dragoons With Taser Lances|Adeptus Mechanicus||true
853|Sydonian Dragoons With Taser Lances|Smoke||false
853|Sydonian Dragoons With Taser Lances|Walker||false
853|Sydonian Dragoons With Taser Lances|Vehicle||false
853|Sydonian Dragoons With Taser Lances|Imperium||false
853|Sydonian Dragoons With Taser Lances|Skitarii||false
853|Sydonian Dragoons With Taser Lances|Sydonian||false
853|Sydonian Dragoons With Taser Lances|Dragoons With Taser Lances||false
854|Onager Dunecrawler|Adeptus Mechanicus||true
854|Onager Dunecrawler|Imperium||false
854|Onager Dunecrawler|Skitarii||false
854|Onager Dunecrawler|Smoke||false
854|Onager Dunecrawler|Onager Dunecrawler||false
854|Onager Dunecrawler|Walker||false
854|Onager Dunecrawler|Vehicle||false
855|Knight Paladin|Imperial Knights||true
855|Knight Paladin|Imperium||false
855|Knight Paladin|Character||false
855|Knight Paladin|Vehicle||false
855|Knight Paladin|Walker||false
855|Knight Paladin|Titanic||false
855|Knight Paladin|Questoris||false
855|Knight Paladin|Towering||false
855|Knight Paladin|Knight Paladin||false
856|Knight Errant|Imperial Knights||true
856|Knight Errant|Towering||false
856|Knight Errant|Walker||false
856|Knight Errant|Vehicle||false
856|Knight Errant|Knight Errant||false
856|Knight Errant|Imperium||false
856|Knight Errant|Questoris||false
856|Knight Errant|Titanic||false
856|Knight Errant|Character||false
857|Knight Warden|Imperial Knights||true
857|Knight Warden|Knight Warden||false
857|Knight Warden|Walker||false
857|Knight Warden|Titanic||false
857|Knight Warden|Towering||false
857|Knight Warden|Questoris||false
857|Knight Warden|Character||false
857|Knight Warden|Imperium||false
857|Knight Warden|Vehicle||false
858|Knight Gallant|Imperial Knights||true
858|Knight Gallant|Vehicle||false
858|Knight Gallant|Walker||false
858|Knight Gallant|Titanic||false
858|Knight Gallant|Towering||false
858|Knight Gallant|Questoris||false
858|Knight Gallant|Character||false
858|Knight Gallant|Knight Gallant||false
858|Knight Gallant|Imperium||false
859|Knight Crusader|Imperial Knights||true
859|Knight Crusader|Vehicle||false
859|Knight Crusader|Walker||false
859|Knight Crusader|Titanic||false
859|Knight Crusader|Towering||false
859|Knight Crusader|Questoris||false
859|Knight Crusader|Character||false
859|Knight Crusader|Imperium||false
859|Knight Crusader|Knight Crusader||false
860|Acastus Knight Porphyrion|Imperial Knights||true
860|Acastus Knight Porphyrion|Walker||false
860|Acastus Knight Porphyrion|Titanic||false
860|Acastus Knight Porphyrion|Towering||false
860|Acastus Knight Porphyrion|Imperium||false
860|Acastus Knight Porphyrion|Acastus||false
860|Acastus Knight Porphyrion|Knight Porphyrion||false
860|Acastus Knight Porphyrion|Vehicle||false
861|Cerastus Knight Acheron|Imperial Knights||true
861|Cerastus Knight Acheron|Towering||false
861|Cerastus Knight Acheron|Titanic||false
861|Cerastus Knight Acheron|Character||false
861|Cerastus Knight Acheron|Vehicle||false
861|Cerastus Knight Acheron|Walker||false
861|Cerastus Knight Acheron|Knight Acheron||false
861|Cerastus Knight Acheron|Cerastus||false
861|Cerastus Knight Acheron|Imperium||false
862|Cerastus Knight Atrapos|Imperial Knights||true
862|Cerastus Knight Atrapos|Knight Atrapos||false
862|Cerastus Knight Atrapos|Cerastus||false
862|Cerastus Knight Atrapos|Walker||false
862|Cerastus Knight Atrapos|Imperium||false
862|Cerastus Knight Atrapos|Titanic||false
862|Cerastus Knight Atrapos|Towering||false
862|Cerastus Knight Atrapos|Character||false
862|Cerastus Knight Atrapos|Vehicle||false
863|Cerastus Knight Castigator|Imperial Knights||true
863|Cerastus Knight Castigator|Imperium||false
863|Cerastus Knight Castigator|Knight Castigator||false
863|Cerastus Knight Castigator|Vehicle||false
863|Cerastus Knight Castigator|Walker||false
863|Cerastus Knight Castigator|Titanic||false
863|Cerastus Knight Castigator|Towering||false
863|Cerastus Knight Castigator|Cerastus||false
863|Cerastus Knight Castigator|Character||false
864|Cerastus Knight Lancer|Imperial Knights||true
864|Cerastus Knight Lancer|Character||false
864|Cerastus Knight Lancer|Walker||false
864|Cerastus Knight Lancer|Titanic||false
864|Cerastus Knight Lancer|Towering||false
864|Cerastus Knight Lancer|Imperium||false
864|Cerastus Knight Lancer|Vehicle||false
864|Cerastus Knight Lancer|Knight Lancer||false
864|Cerastus Knight Lancer|Cerastus||false
865|Questoris Knight Magaera|Imperial Knights||true
865|Questoris Knight Magaera|Towering||false
865|Questoris Knight Magaera|Titanic||false
865|Questoris Knight Magaera|Knight Magaera||false
865|Questoris Knight Magaera|Questoris||false
865|Questoris Knight Magaera|Imperium||false
865|Questoris Knight Magaera|Character||false
865|Questoris Knight Magaera|Walker||false
865|Questoris Knight Magaera|Vehicle||false
866|Questoris Knight Styrix|Imperial Knights||true
866|Questoris Knight Styrix|Knight Styrix||false
866|Questoris Knight Styrix|Questoris||false
866|Questoris Knight Styrix|Imperium||false
866|Questoris Knight Styrix|Walker||false
866|Questoris Knight Styrix|Vehicle||false
866|Questoris Knight Styrix|Titanic||false
866|Questoris Knight Styrix|Character||false
866|Questoris Knight Styrix|Towering||false
867|Warhound Titan|Adeptus Titanicus||true
867|Warhound Titan|Imperium||false
867|Warhound Titan|Towering||false
867|Warhound Titan|Frame||false
867|Warhound Titan|Walker||false
867|Warhound Titan|Vehicle||false
867|Warhound Titan|Titanic||false
867|Warhound Titan|Warhound Titan||false
868|Reaver Titan|Adeptus Titanicus||true
868|Reaver Titan|Walker||false
868|Reaver Titan|Titanic||false
868|Reaver Titan|Frame||false
868|Reaver Titan|Imperium||false
868|Reaver Titan|Vehicle||false
868|Reaver Titan|Towering||false
868|Reaver Titan|Reaver Titan||false
869|Warlord Titan|Adeptus Titanicus||true
869|Warlord Titan|Frame||false
869|Warlord Titan|Towering||false
869|Warlord Titan|Titanic||false
869|Warlord Titan|Walker||false
869|Warlord Titan|Vehicle||false
869|Warlord Titan|Warlord Titan||false
869|Warlord Titan|Imperium||false
870|Vindicare Assassin|Agents of the Imperium||true
870|Vindicare Assassin|Smoke||false
870|Vindicare Assassin|Epic Hero||false
870|Vindicare Assassin|Character||false
870|Vindicare Assassin|Infantry||false
870|Vindicare Assassin|Officio Assassinorum||false
870|Vindicare Assassin|Imperium||false
870|Vindicare Assassin|Vindicare Assassin||false
871|Callidus Assassin|Agents of the Imperium||true
871|Callidus Assassin|Epic Hero||false
871|Callidus Assassin|Callidus Assassin||false
871|Callidus Assassin|Officio Assassinorum||false
871|Callidus Assassin|Imperium||false
871|Callidus Assassin|Character||false
871|Callidus Assassin|Infantry||false
872|Eversor Assassin|Agents of the Imperium||true
872|Eversor Assassin|Epic Hero||false
872|Eversor Assassin|Infantry||false
872|Eversor Assassin|Eversor Assassin||false
872|Eversor Assassin|Officio Assassinorum||false
872|Eversor Assassin|Imperium||false
872|Eversor Assassin|Grenades||false
872|Eversor Assassin|Character||false
873|Culexus Assassin|Agents of the Imperium||true
873|Culexus Assassin|Officio Assassinorum||false
873|Culexus Assassin|Imperium||false
873|Culexus Assassin|Grenades||false
873|Culexus Assassin|Epic Hero||false
873|Culexus Assassin|Character||false
873|Culexus Assassin|Infantry||false
873|Culexus Assassin|Culexus Assassin||false
874|Inquisitor Greyfax|Agents of the Imperium||true
874|Inquisitor Greyfax|Ordo Hereticus||false
874|Inquisitor Greyfax|Imperium||false
874|Inquisitor Greyfax|Grenades||false
874|Inquisitor Greyfax|Psyker||false
874|Inquisitor Greyfax|Epic Hero||false
874|Inquisitor Greyfax|Character||false
874|Inquisitor Greyfax|Infantry||false
874|Inquisitor Greyfax|Inquisitor||false
874|Inquisitor Greyfax|Greyfax||false
875|Inquisitor Karamazov|Agents of the Imperium||true
875|Inquisitor Karamazov|Vehicle||false
875|Inquisitor Karamazov|Walker||false
875|Inquisitor Karamazov|Character||false
875|Inquisitor Karamazov|Karamazov||false
875|Inquisitor Karamazov|Ordo Hereticus||false
875|Inquisitor Karamazov|Inquisitor||false
875|Inquisitor Karamazov|Epic Hero||false
875|Inquisitor Karamazov|Imperium||false
876|Inquisitor Coteaz|Agents of the Imperium||true
876|Inquisitor Coteaz|Inquisitor||false
876|Inquisitor Coteaz|Ordo Malleus||false
876|Inquisitor Coteaz|Imperium||false
876|Inquisitor Coteaz|Character||false
876|Inquisitor Coteaz|Psyker||false
876|Inquisitor Coteaz|Infantry||false
876|Inquisitor Coteaz|Coteaz||false
876|Inquisitor Coteaz|Epic Hero||false
877|Inquisitor|Agents of the Imperium||true
877|Inquisitor|Imperium||false
877|Inquisitor|Infantry||false
877|Inquisitor|Grenades||false
877|Inquisitor|Inquisitor||false
877|Inquisitor|Character||false
882|Custodian Guard|Adeptus Custodes||true
882|Custodian Guard|Custodian Guard||false
882|Custodian Guard|Imperium||false
882|Custodian Guard|Battleline||false
882|Custodian Guard|Infantry||false
883|Venerable Contemptor Dreadnought|Adeptus Custodes||true
883|Venerable Contemptor Dreadnought|Vehicle||false
883|Venerable Contemptor Dreadnought|Imperium||false
883|Venerable Contemptor Dreadnought|Venerable Contemptor Dreadnought||false
883|Venerable Contemptor Dreadnought|Walker||false
884|Venerable Land Raider|Adeptus Custodes||true
884|Venerable Land Raider|Venerable Land Raider||false
884|Venerable Land Raider|Vehicle||false
884|Venerable Land Raider|Frame||false
884|Venerable Land Raider|Imperium||false
884|Venerable Land Raider|Transport||false
884|Venerable Land Raider|Smoke||false
889|Primaris Psyker|Astra Militarum||true
889|Primaris Psyker|Primaris Psyker||false
889|Primaris Psyker|Imperium||false
889|Primaris Psyker|Psyker||false
889|Primaris Psyker|Character||false
889|Primaris Psyker|Infantry||false
894|Crusaders|Adepta Sororitas||true
894|Crusaders|Infantry||false
894|Crusaders|Imperium||false
894|Crusaders|Crusaders||false
895|Death Cult Assassins|Adepta Sororitas||true
895|Death Cult Assassins|Death Cult Assassins||false
895|Death Cult Assassins|Imperium||false
895|Death Cult Assassins|Infantry||false
896|Arco-flagellants|Adepta Sororitas||true
896|Arco-flagellants|Penitent||false
896|Arco-flagellants|Infantry||false
896|Arco-flagellants|Arco-flagellants||false
896|Arco-flagellants|Imperium||false
897|Penitent Engines|Adepta Sororitas||true
897|Penitent Engines|Walker||false
897|Penitent Engines|Penitent Engines||false
897|Penitent Engines|Penitent||false
897|Penitent Engines|Vehicle||false
897|Penitent Engines|Imperium||false
898|Saint Celestine|Adepta Sororitas||true
898|Saint Celestine|Imperium|ALL MODELS|false
898|Saint Celestine|Fly|ALL MODELS|false
898|Saint Celestine|Saint Celestine|SAINT CELESTINE|false
898|Saint Celestine|Epic Hero|SAINT CELESTINE|false
898|Saint Celestine|Character|SAINT CELESTINE|false
898|Saint Celestine|Grenades|ALL MODELS|false
898|Saint Celestine|Jump Pack|ALL MODELS|false
898|Saint Celestine|Infantry|ALL MODELS|false
899|Canoness|Adepta Sororitas||true
899|Canoness|Grenades||false
899|Canoness|Imperium||false
899|Canoness|Canoness||false
899|Canoness|Character||false
899|Canoness|Infantry||false
900|Imagifier|Adepta Sororitas||true
900|Imagifier|Infantry||false
900|Imagifier|Grenades||false
900|Imagifier|Character||false
900|Imagifier|Imperium||false
900|Imagifier|Imagifier||false
901|Hospitaller|Adepta Sororitas||true
901|Hospitaller|Character||false
901|Hospitaller|Imperium||false
901|Hospitaller|Infantry||false
901|Hospitaller|Hospitaller||false
902|Dialogus|Adepta Sororitas||true
902|Dialogus|Infantry||false
902|Dialogus|Character||false
902|Dialogus|Imperium||false
902|Dialogus|Dialogus||false
903|Battle Sisters Squad|Adepta Sororitas||true
903|Battle Sisters Squad|Battle Sisters Squad||false
903|Battle Sisters Squad|Infantry||false
903|Battle Sisters Squad|Grenades||false
903|Battle Sisters Squad|Battleline||false
903|Battle Sisters Squad|Imperium||false
904|Seraphim Squad|Adepta Sororitas||true
904|Seraphim Squad|Seraphim Squad||false
904|Seraphim Squad|Imperium||false
904|Seraphim Squad|Grenades||false
904|Seraphim Squad|Fly||false
904|Seraphim Squad|Jump Pack||false
904|Seraphim Squad|Infantry||false
907|Repentia Squad|Adepta Sororitas||true
907|Repentia Squad|Infantry||false
907|Repentia Squad|Repentia Squad||false
907|Repentia Squad|Penitent||false
907|Repentia Squad|Imperium||false
907|Repentia Squad|Grenades||false
908|Retributor Squad|Adepta Sororitas||true
908|Retributor Squad|Grenades||false
908|Retributor Squad|Infantry||false
908|Retributor Squad|Retributor Squad||false
908|Retributor Squad|Imperium||false
909|Dominion Squad|Adepta Sororitas||true
909|Dominion Squad|Dominion Squad||false
909|Dominion Squad|Imperium||false
909|Dominion Squad|Grenades||false
909|Dominion Squad|Infantry||false
910|Sororitas Rhino|Adepta Sororitas||true
910|Sororitas Rhino|Frame||false
910|Sororitas Rhino|Vehicle||false
910|Sororitas Rhino|Transport||false
910|Sororitas Rhino|Dedicated Transport||false
910|Sororitas Rhino|Smoke||false
910|Sororitas Rhino|Imperium||false
910|Sororitas Rhino|Sororitas Rhino||false
911|Immolator|Adepta Sororitas||true
911|Immolator|Vehicle||false
911|Immolator|Smoke||false
911|Immolator|Dedicated Transport||false
911|Immolator|Imperium||false
911|Immolator|Frame||false
911|Immolator|Immolator||false
911|Immolator|Transport||false
912|Exorcist|Adepta Sororitas||true
912|Exorcist|Smoke||false
912|Exorcist|Imperium||false
912|Exorcist|Vehicle||false
912|Exorcist|Exorcist||false
912|Exorcist|Frame||false
924|Abaddon The Despoiler|Heretic Astartes||true
924|Abaddon The Despoiler|Chaos||false
924|Abaddon The Despoiler|Chaos Undivided||false
924|Abaddon The Despoiler|Terminator||false
924|Abaddon The Despoiler|Epic Hero||false
924|Abaddon The Despoiler|Character||false
924|Abaddon The Despoiler|Infantry||false
924|Abaddon The Despoiler|Abaddon the Despoiler||false
925|Huron Blackheart|Heretic Astartes||true
925|Huron Blackheart|Character||false
925|Huron Blackheart|Chaos||false
925|Huron Blackheart|Epic Hero||false
925|Huron Blackheart|Infantry||false
925|Huron Blackheart|Huron Blackheart||false
925|Huron Blackheart|Chaos Undivided||false
926|Cypher|Heretic Astartes||true
926|Cypher|Cypher||false
926|Cypher|Fallen||false
926|Cypher|Chaos||false
926|Cypher|Epic Hero||false
926|Cypher|Infantry||false
926|Cypher|Character||false
928|Fabius Bile|Heretic Astartes||true
928|Fabius Bile|Epic Hero|FABIUS BILE ONLY|false
928|Fabius Bile|Fabius Bile|FABIUS BILE ONLY|false
928|Fabius Bile|Infantry|ALL MODELS|false
928|Fabius Bile|Chaos|ALL MODELS|false
928|Fabius Bile|Chaos Undivided|ALL MODELS|false
928|Fabius Bile|Character|FABIUS BILE ONLY|false
929|Chaos Lord|Heretic Astartes||true
929|Chaos Lord|Infantry||false
929|Chaos Lord|Chaos Lord||false
929|Chaos Lord|Chaos||false
929|Chaos Lord|Grenades||false
929|Chaos Lord|Character||false
930|Chaos Lord In Terminator Armour|Heretic Astartes||true
930|Chaos Lord In Terminator Armour|Chaos Lord in Terminator Armour||false
930|Chaos Lord In Terminator Armour|Terminator||false
930|Chaos Lord In Terminator Armour|Chaos Lord||false
930|Chaos Lord In Terminator Armour|Character||false
930|Chaos Lord In Terminator Armour|Infantry||false
930|Chaos Lord In Terminator Armour|Chaos||false
931|Chaos Lord On Bike|Heretic Astartes||true
931|Chaos Lord On Bike|Grenades||false
931|Chaos Lord On Bike|Chaos||false
931|Chaos Lord On Bike|Chaos Lord on Bike||false
931|Chaos Lord On Bike|Character||false
931|Chaos Lord On Bike|Mounted||false
932|Chaos Lord On Juggernaut|Heretic Astartes||true
932|Chaos Lord On Juggernaut|Mounted||false
932|Chaos Lord On Juggernaut|Khorne||false
932|Chaos Lord On Juggernaut|Chaos Lord||false
932|Chaos Lord On Juggernaut|Juggernaut||false
932|Chaos Lord On Juggernaut|Character||false
932|Chaos Lord On Juggernaut|Chaos||false
932|Chaos Lord On Juggernaut|Grenades||false
933|Chaos Lord On Disc Of Tzeentch|Heretic Astartes||true
933|Chaos Lord On Disc Of Tzeentch|Chaos Lord||false
933|Chaos Lord On Disc Of Tzeentch|Infantry||false
933|Chaos Lord On Disc Of Tzeentch|Fly||false
933|Chaos Lord On Disc Of Tzeentch|Character||false
933|Chaos Lord On Disc Of Tzeentch|Disc of Tzeentch||false
933|Chaos Lord On Disc Of Tzeentch|Tzeentch||false
933|Chaos Lord On Disc Of Tzeentch|Grenades||false
933|Chaos Lord On Disc Of Tzeentch|Chaos||false
934|Chaos Lord On Palanquin Of Nurgle|Heretic Astartes||true
934|Chaos Lord On Palanquin Of Nurgle|Grenades||false
934|Chaos Lord On Palanquin Of Nurgle|Chaos||false
934|Chaos Lord On Palanquin Of Nurgle|Nurgle||false
934|Chaos Lord On Palanquin Of Nurgle|Chaos Lord||false
934|Chaos Lord On Palanquin Of Nurgle|Infantry||false
934|Chaos Lord On Palanquin Of Nurgle|Character||false
934|Chaos Lord On Palanquin Of Nurgle|Palanquin of Nurgle||false
935|Chaos Lord On Steed Of Slaanesh|Heretic Astartes||true
935|Chaos Lord On Steed Of Slaanesh|Steed of Slaanesh||false
935|Chaos Lord On Steed Of Slaanesh|Chaos Lord||false
935|Chaos Lord On Steed Of Slaanesh|Slaanesh||false
935|Chaos Lord On Steed Of Slaanesh|Chaos||false
935|Chaos Lord On Steed Of Slaanesh|Grenades||false
935|Chaos Lord On Steed Of Slaanesh|Character||false
935|Chaos Lord On Steed Of Slaanesh|Mounted||false
936|Dark Apostle|Heretic Astartes||true
936|Dark Apostle|Grenades|ALL MODELS|false
936|Dark Apostle|Character|DARK APOSTLE ONLY|false
936|Dark Apostle|Chaos|ALL MODELS|false
936|Dark Apostle|Infantry|ALL MODELS|false
936|Dark Apostle|Dark Apostle|DARK APOSTLE ONLY|false
937|Heretic Astartes Daemon Prince|Heretic Astartes||true
937|Heretic Astartes Daemon Prince|Monster||false
937|Heretic Astartes Daemon Prince|Character||false
937|Heretic Astartes Daemon Prince|Chaos||false
937|Heretic Astartes Daemon Prince|Daemon||false
937|Heretic Astartes Daemon Prince|Daemon Prince||false
938|Sorcerer|Heretic Astartes||true
938|Sorcerer|Character||false
938|Sorcerer|Psyker||false
938|Sorcerer|Sorcerer||false
938|Sorcerer|Infantry||false
938|Sorcerer|Grenades||false
938|Sorcerer|Chaos||false
939|Sorcerer In Terminator Armour|Heretic Astartes||true
939|Sorcerer In Terminator Armour|Sorcerer in Terminator Armour||false
939|Sorcerer In Terminator Armour|Terminator||false
939|Sorcerer In Terminator Armour|Chaos||false
939|Sorcerer In Terminator Armour|Psyker||false
939|Sorcerer In Terminator Armour|Character||false
939|Sorcerer In Terminator Armour|Infantry||false
940|Sorcerer On Bike|Heretic Astartes||true
940|Sorcerer On Bike|Mounted||false
940|Sorcerer On Bike|Sorcerer on Bike||false
940|Sorcerer On Bike|Psyker||false
940|Sorcerer On Bike|Chaos||false
940|Sorcerer On Bike|Grenades||false
940|Sorcerer On Bike|Character||false
941|Sorcerer On Disc Of Tzeentch|Heretic Astartes||true
941|Sorcerer On Disc Of Tzeentch|Fly||false
941|Sorcerer On Disc Of Tzeentch|Psyker||false
941|Sorcerer On Disc Of Tzeentch|Chaos||false
941|Sorcerer On Disc Of Tzeentch|Grenades||false
941|Sorcerer On Disc Of Tzeentch|Character||false
941|Sorcerer On Disc Of Tzeentch|Infantry||false
941|Sorcerer On Disc Of Tzeentch|Tzeentch||false
941|Sorcerer On Disc Of Tzeentch|Disc of Tzeentch||false
941|Sorcerer On Disc Of Tzeentch|Sorcerer||false
942|Sorcerer On Palanquin Of Nurgle|Heretic Astartes||true
942|Sorcerer On Palanquin Of Nurgle|Character||false
942|Sorcerer On Palanquin Of Nurgle|Grenades||false
942|Sorcerer On Palanquin Of Nurgle|Chaos||false
942|Sorcerer On Palanquin Of Nurgle|Psyker||false
942|Sorcerer On Palanquin Of Nurgle|Nurgle||false
942|Sorcerer On Palanquin Of Nurgle|Palanquin of Nurgle||false
942|Sorcerer On Palanquin Of Nurgle|Sorcerer||false
942|Sorcerer On Palanquin Of Nurgle|Infantry||false
943|Sorcerer On Steed Of Slaanesh|Heretic Astartes||true
943|Sorcerer On Steed Of Slaanesh|Character||false
943|Sorcerer On Steed Of Slaanesh|Mounted||false
943|Sorcerer On Steed Of Slaanesh|Steed of Slaanesh||false
943|Sorcerer On Steed Of Slaanesh|Sorcerer||false
943|Sorcerer On Steed Of Slaanesh|Slaanesh||false
943|Sorcerer On Steed Of Slaanesh|Chaos||false
943|Sorcerer On Steed Of Slaanesh|Grenades||false
944|Warpsmith|Heretic Astartes||true
944|Warpsmith|Warpsmith||false
944|Warpsmith|Chaos||false
944|Warpsmith|Grenades||false
944|Warpsmith|Character||false
944|Warpsmith|Infantry||false
946|Cultist Mob|Heretic Astartes||true
946|Cultist Mob|Cultist Mob||false
946|Cultist Mob|Damned||false
946|Cultist Mob|Chaos||false
946|Cultist Mob|Grenades||false
946|Cultist Mob|Infantry||false
946|Cultist Mob|Battleline||false
947|Chaos Terminator Squad|Heretic Astartes||true
947|Chaos Terminator Squad|Terminator||false
947|Chaos Terminator Squad|Chaos Terminator Squad||false
947|Chaos Terminator Squad|Chaos||false
947|Chaos Terminator Squad|Infantry||false
952|Chosen|Heretic Astartes||true
952|Chosen|Chaos||false
952|Chosen|Chosen||false
952|Chosen|Infantry||false
952|Chosen|Grenades||false
953|Possessed|Heretic Astartes||true
953|Possessed|Infantry||false
953|Possessed|Daemon||false
953|Possessed|Possessed||false
953|Possessed|Chaos||false
954|Helbrute|Heretic Astartes||true
954|Helbrute|Helbrute||false
954|Helbrute|Vehicle||false
954|Helbrute|Walker||false
954|Helbrute|Chaos||false
956|Chaos Rhino|Heretic Astartes||true
956|Chaos Rhino|Vehicle||false
956|Chaos Rhino|Transport||false
956|Chaos Rhino|Dedicated Transport||false
956|Chaos Rhino|Smoke||false
956|Chaos Rhino|Frame||false
956|Chaos Rhino|Chaos||false
956|Chaos Rhino|Rhino||false
957|Chaos Bikers|Heretic Astartes||true
957|Chaos Bikers|Chaos Bikers||false
957|Chaos Bikers|Mounted||false
957|Chaos Bikers|Grenades||false
957|Chaos Bikers|Chaos||false
958|Raptors|Heretic Astartes||true
958|Raptors|Infantry||false
958|Raptors|Chaos||false
958|Raptors|Grenades||false
958|Raptors|Raptors||false
958|Raptors|Fly||false
958|Raptors|Jump Packs||false
959|Warp Talons|Heretic Astartes||true
959|Warp Talons|Fly||false
959|Warp Talons|Jump Packs||false
959|Warp Talons|Grenades||false
959|Warp Talons|Chaos||false
959|Warp Talons|Warp Talons||false
959|Warp Talons|Daemon||false
959|Warp Talons|Infantry||false
960|Chaos Spawn|Heretic Astartes||true
960|Chaos Spawn|Chaos||false
960|Chaos Spawn|Chaos Spawn||false
960|Chaos Spawn|Beast||false
961|Heldrake|Heretic Astartes||true
961|Heldrake|Daemon||false
961|Heldrake|Chaos||false
961|Heldrake|Heldrake||false
961|Heldrake|Fly||false
961|Heldrake|Vehicle||false
962|Chaos Land Raider|Heretic Astartes||true
962|Chaos Land Raider|Vehicle||false
962|Chaos Land Raider|Transport||false
962|Chaos Land Raider|Land Raider||false
962|Chaos Land Raider|Chaos||false
962|Chaos Land Raider|Frame||false
962|Chaos Land Raider|Smoke||false
963|Chaos Predator Destructor|Heretic Astartes||true
963|Chaos Predator Destructor|Predator Destructor||false
963|Chaos Predator Destructor|Chaos||false
963|Chaos Predator Destructor|Smoke||false
963|Chaos Predator Destructor|Frame||false
963|Chaos Predator Destructor|Vehicle||false
964|Chaos Vindicator|Heretic Astartes||true
964|Chaos Vindicator|Smoke||false
964|Chaos Vindicator|Frame||false
964|Chaos Vindicator|Vehicle||false
964|Chaos Vindicator|Vindicator||false
964|Chaos Vindicator|Chaos||false
965|Obliterators|Heretic Astartes||true
965|Obliterators|Daemon||false
965|Obliterators|Infantry||false
965|Obliterators|Obliterators||false
965|Obliterators|Chaos||false
966|Havocs|Heretic Astartes||true
966|Havocs|Havocs||false
966|Havocs|Chaos||false
966|Havocs|Infantry||false
967|Forgefiend|Heretic Astartes||true
967|Forgefiend|Vehicle||false
967|Forgefiend|Forgefiend||false
967|Forgefiend|Daemon||false
967|Forgefiend|Chaos||false
967|Forgefiend|Walker||false
968|Maulerfiend|Heretic Astartes||true
968|Maulerfiend|Vehicle||false
968|Maulerfiend|Daemon||false
968|Maulerfiend|Maulerfiend||false
968|Maulerfiend|Chaos||false
968|Maulerfiend|Walker||false
969|Defiler|Heretic Astartes||true
969|Defiler|Chaos||false
969|Defiler|Walker||false
969|Defiler|Vehicle||false
969|Defiler|Daemon||false
969|Defiler|Defiler||false
970|Khorne Lord Of Skulls|Heretic Astartes||true
970|Khorne Lord Of Skulls|Towering||false
970|Khorne Lord Of Skulls|Vehicle||false
970|Khorne Lord Of Skulls|Titanic||false
970|Khorne Lord Of Skulls|Frame||false
970|Khorne Lord Of Skulls|Chaos||false
970|Khorne Lord Of Skulls|Khorne||false
970|Khorne Lord Of Skulls|Daemon||false
970|Khorne Lord Of Skulls|Lord of Skulls||false
1016|Sorcerer|||true
1016|Sorcerer|Thousand Sons||true
1016|Sorcerer|Tzeentch||false
1016|Sorcerer|Infantry||false
1016|Sorcerer|Chaos||false
1016|Sorcerer|Grenades||false
1016|Sorcerer|Psyker||false
1016|Sorcerer|Character||false
1016|Sorcerer|Sorcerer||false
1017|Sorcerer In Terminator Armour|||true
1017|Sorcerer In Terminator Armour|Thousand Sons||true
1017|Sorcerer In Terminator Armour|Infantry||false
1017|Sorcerer In Terminator Armour|Character||false
1017|Sorcerer In Terminator Armour|Sorcerer||false
1017|Sorcerer In Terminator Armour|Tzeentch||false
1017|Sorcerer In Terminator Armour|Chaos||false
1017|Sorcerer In Terminator Armour|Terminator||false
1017|Sorcerer In Terminator Armour|Psyker||false
1020|Rubric Marines|||true
1020|Rubric Marines|Thousand Sons||true
1020|Rubric Marines|Battleline|ALL MODELS|false
1020|Rubric Marines|Infantry|ALL MODELS|false
1020|Rubric Marines|Psyker|ASPIRING SORCERER ONLY|false
1020|Rubric Marines|Rubric Marines|ALL MODELS|false
1020|Rubric Marines|Rubricae|ALL MODELS|false
1020|Rubric Marines|Tzeentch|ALL MODELS|false
1020|Rubric Marines|Chaos|ALL MODELS|false
1021|Helbrute|||true
1021|Helbrute|Thousand Sons||true
1021|Helbrute|Vehicle||false
1021|Helbrute|Walker||false
1021|Helbrute|Chaos||false
1021|Helbrute|Tzeentch||false
1021|Helbrute|Helbrute||false
1022|Chaos Rhino|||true
1022|Chaos Rhino|Thousand Sons||true
1022|Chaos Rhino|Tzeentch||false
1022|Chaos Rhino|Vehicle||false
1022|Chaos Rhino|Frame||false
1022|Chaos Rhino|Dedicated Transport||false
1022|Chaos Rhino|Smoke||false
1022|Chaos Rhino|Chaos||false
1022|Chaos Rhino|Rhino||false
1022|Chaos Rhino|Transport||false
1023|Chaos Spawn|||true
1023|Chaos Spawn|Thousand Sons||true
1023|Chaos Spawn|Mutant||false
1023|Chaos Spawn|Chaos Spawn||false
1023|Chaos Spawn|Chaos||false
1023|Chaos Spawn|Beast||false
1023|Chaos Spawn|Tzeentch||false
1024|Heldrake|Thousand Sons||true
1024|Heldrake|||true
1024|Heldrake|Vehicle||false
1024|Heldrake|Fly||false
1024|Heldrake|Daemon||false
1024|Heldrake|Chaos||false
1024|Heldrake|Tzeentch||false
1024|Heldrake|Heldrake||false
1025|Chaos Land Raider|||true
1025|Chaos Land Raider|Thousand Sons||true
1025|Chaos Land Raider|Smoke||false
1025|Chaos Land Raider|Transport||false
1025|Chaos Land Raider|Chaos||false
1025|Chaos Land Raider|Frame||false
1025|Chaos Land Raider|Vehicle||false
1025|Chaos Land Raider|Land Raider||false
1025|Chaos Land Raider|Tzeentch||false
1026|Chaos Predator Destructor|||true
1026|Chaos Predator Destructor|Thousand Sons||true
1026|Chaos Predator Destructor|Tzeentch||false
1026|Chaos Predator Destructor|Predator Destructor||false
1026|Chaos Predator Destructor|Chaos||false
1026|Chaos Predator Destructor|Smoke||false
1026|Chaos Predator Destructor|Frame||false
1026|Chaos Predator Destructor|Vehicle||false
1027|Chaos Vindicator|Thousand Sons||true
1027|Chaos Vindicator|||true
1027|Chaos Vindicator|Vehicle||false
1027|Chaos Vindicator|Smoke||false
1027|Chaos Vindicator|Chaos||false
1027|Chaos Vindicator|Tzeentch||false
1027|Chaos Vindicator|Vindicator||false
1027|Chaos Vindicator|Frame||false
1028|Forgefiend|||true
1028|Forgefiend|Thousand Sons||true
1028|Forgefiend|Forgefiend||false
1028|Forgefiend|Chaos||false
1028|Forgefiend|Daemon||false
1028|Forgefiend|Walker||false
1028|Forgefiend|Vehicle||false
1028|Forgefiend|Tzeentch||false
1029|Maulerfiend|Thousand Sons||true
1029|Maulerfiend|||true
1029|Maulerfiend|Maulerfiend||false
1029|Maulerfiend|Tzeentch||false
1029|Maulerfiend|Vehicle||false
1029|Maulerfiend|Walker||false
1029|Maulerfiend|Daemon||false
1029|Maulerfiend|Chaos||false
1030|Defiler|Thousand Sons||true
1030|Defiler|||true
1030|Defiler|Tzeentch||false
1030|Defiler|Daemon||false
1030|Defiler|Defiler||false
1030|Defiler|Chaos||false
1030|Defiler|Walker||false
1030|Defiler|Vehicle||false
1031|Magnus The Red|Thousand Sons||true
1031|Magnus The Red|||true
1031|Magnus The Red|Fly||false
1031|Magnus The Red|Magnus the Red||false
1031|Magnus The Red|Tzeentch||false
1031|Magnus The Red|Chaos||false
1031|Magnus The Red|Psyker||false
1031|Magnus The Red|Primarch||false
1031|Magnus The Red|Daemon||false
1031|Magnus The Red|Epic Hero||false
1031|Magnus The Red|Character||false
1031|Magnus The Red|Monster||false
1032|Ahriman|||true
1032|Ahriman|Thousand Sons||true
1032|Ahriman|Epic Hero||false
1032|Ahriman|Ahriman||false
1032|Ahriman|Tzeentch||false
1032|Ahriman|Chaos||false
1032|Ahriman|Psyker||false
1032|Ahriman|Fly||false
1032|Ahriman|Character||false
1032|Ahriman|Infantry||false
1032|Ahriman|Mounted||false
1033|Exalted Sorcerer|||true
1033|Exalted Sorcerer|Thousand Sons||true
1033|Exalted Sorcerer|Grenades||false
1033|Exalted Sorcerer|Psyker||false
1033|Exalted Sorcerer|Infantry||false
1033|Exalted Sorcerer|Tzeentch||false
1033|Exalted Sorcerer|Character||false
1033|Exalted Sorcerer|Chaos||false
1033|Exalted Sorcerer|Exalted Sorcerer||false
1034|Tzaangors|||true
1034|Tzaangors|Thousand Sons||true
1034|Tzaangors|Mutant||false
1034|Tzaangors|Tzeentch||false
1034|Tzaangors|Tzaangors||false
1034|Tzaangors|Infantry||false
1034|Tzaangors|Chaos||false
1035|Scarab Occult Terminators|||true
1035|Scarab Occult Terminators|Thousand Sons||true
1035|Scarab Occult Terminators|Psyker|SCARAB OCCULT SORCERER ONLY|false
1035|Scarab Occult Terminators|Tzeentch|ALL MODELS|false
1035|Scarab Occult Terminators|Rubricae|ALL MODELS|false
1035|Scarab Occult Terminators|Infantry|ALL MODELS|false
1035|Scarab Occult Terminators|Terminator|ALL MODELS|false
1035|Scarab Occult Terminators|Scarab Occult|ALL MODELS|false
1035|Scarab Occult Terminators|Chaos|ALL MODELS|false
1036|Daemon Prince of Tzeentch|Thousand Sons||true
1036|Daemon Prince of Tzeentch|||true
1036|Daemon Prince of Tzeentch|Chaos||false
1036|Daemon Prince of Tzeentch|Tzeentch||false
1036|Daemon Prince of Tzeentch|Daemon||false
1036|Daemon Prince of Tzeentch|Character||false
1036|Daemon Prince of Tzeentch|Monster||false
1036|Daemon Prince of Tzeentch|Psyker||false
1036|Daemon Prince of Tzeentch|Daemon Prince||false
1037|Death Guard Chaos Lord|||true
1037|Death Guard Chaos Lord|Character||false
1037|Death Guard Chaos Lord|Infantry||false
1037|Death Guard Chaos Lord|Chaos||false
1037|Death Guard Chaos Lord|Nurgle||false
1037|Death Guard Chaos Lord|Grenades||false
1037|Death Guard Chaos Lord|Chaos Lord||false
1038|Death Guard Chaos Lord In Terminator Armour|||true
1038|Death Guard Chaos Lord In Terminator Armour|Chaos||false
1038|Death Guard Chaos Lord In Terminator Armour|Terminator||false
1038|Death Guard Chaos Lord In Terminator Armour|Character||false
1038|Death Guard Chaos Lord In Terminator Armour|Chaos Lord||false
1038|Death Guard Chaos Lord In Terminator Armour|Nurgle||false
1038|Death Guard Chaos Lord In Terminator Armour|Infantry||false
1041|Death Guard Sorcerer In Terminator Armour|||true
1041|Death Guard Sorcerer In Terminator Armour|Chaos||false
1041|Death Guard Sorcerer In Terminator Armour|Nurgle||false
1041|Death Guard Sorcerer In Terminator Armour|Terminator||false
1041|Death Guard Sorcerer In Terminator Armour|Sorcerer||false
1041|Death Guard Sorcerer In Terminator Armour|Infantry||false
1041|Death Guard Sorcerer In Terminator Armour|Character||false
1041|Death Guard Sorcerer In Terminator Armour|Psyker||false
1043|Death Guard Cultists|||true
1043|Death Guard Cultists|Infantry||false
1043|Death Guard Cultists|Chaos||false
1043|Death Guard Cultists|Nurgle||false
1043|Death Guard Cultists|Cultists||false
1044|Plague Marines|Death Guard||true
1044|Plague Marines|||true
1044|Plague Marines|Chaos||false
1044|Plague Marines|Grenades||false
1044|Plague Marines|Battleline||false
1044|Plague Marines|Infantry||false
1044|Plague Marines|Plague Marines||false
1044|Plague Marines|Nurgle||false
1045|Death Guard Possessed|Death Guard||true
1045|Death Guard Possessed|||true
1045|Death Guard Possessed|Infantry||false
1045|Death Guard Possessed|Chaos||false
1045|Death Guard Possessed|Possessed||false
1045|Death Guard Possessed|Daemon||false
1046|Helbrute|||true
1046|Helbrute|Death Guard||true
1046|Helbrute|Helbrute||false
1046|Helbrute|Nurgle||false
1046|Helbrute|Walker||false
1046|Helbrute|Vehicle||false
1046|Helbrute|Chaos||false
1047|Chaos Rhino|||true
1047|Chaos Rhino|Death Guard||true
1047|Chaos Rhino|Dedicated Transport||false
1047|Chaos Rhino|Transport||false
1047|Chaos Rhino|Nurgle||false
1047|Chaos Rhino|Smoke||false
1047|Chaos Rhino|Chaos||false
1047|Chaos Rhino|Vehicle||false
1047|Chaos Rhino|Frame||false
1047|Chaos Rhino|Rhino||false
1048|Chaos Spawn|||true
1048|Chaos Spawn|Death Guard||true
1048|Chaos Spawn|Nurgle||false
1048|Chaos Spawn|Chaos||false
1048|Chaos Spawn|Chaos Spawn||false
1048|Chaos Spawn|Beast||false
1049|Chaos Land Raider|||true
1049|Chaos Land Raider|Death Guard||true
1049|Chaos Land Raider|Transport||false
1049|Chaos Land Raider|Frame||false
1049|Chaos Land Raider|Land Raider||false
1049|Chaos Land Raider|Vehicle||false
1049|Chaos Land Raider|Nurgle||false
1049|Chaos Land Raider|Chaos||false
1049|Chaos Land Raider|Smoke||false
1050|Chaos Predator Annihilator|||true
1050|Chaos Predator Annihilator|Death Guard||true
1050|Chaos Predator Annihilator|Predator Annihilator||false
1050|Chaos Predator Annihilator|Nurgle||false
1050|Chaos Predator Annihilator|Chaos||false
1050|Chaos Predator Annihilator|Smoke||false
1050|Chaos Predator Annihilator|Vehicle||false
1050|Chaos Predator Annihilator|Frame||false
1052|Daemon Prince of Nurgle|||true
1052|Daemon Prince of Nurgle|Death Guard||true
1052|Daemon Prince of Nurgle|Character||false
1052|Daemon Prince of Nurgle|Chaos||false
1052|Daemon Prince of Nurgle|Nurgle||false
1052|Daemon Prince of Nurgle|Daemon||false
1052|Daemon Prince of Nurgle|Daemon Prince||false
1052|Daemon Prince of Nurgle|Monster||false
1053|Typhus|||true
1053|Typhus|Death Guard||true
1053|Typhus|Psyker||false
1053|Typhus|Infantry||false
1053|Typhus|Nurgle||false
1053|Typhus|Chaos||false
1053|Typhus|Terminator||false
1053|Typhus|Epic Hero||false
1053|Typhus|Character||false
1053|Typhus|Typhus||false
1054|Lord of Contagion|Death Guard||true
1054|Lord of Contagion|||true
1054|Lord of Contagion|Character||false
1054|Lord of Contagion|Grenades||false
1054|Lord of Contagion|Chaos||false
1054|Lord of Contagion|Nurgle||false
1054|Lord of Contagion|Terminator||false
1054|Lord of Contagion|Infantry||false
1054|Lord of Contagion|Lord of Contagion||false
1055|Malignant Plaguecaster|Death Guard||true
1055|Malignant Plaguecaster|||true
1055|Malignant Plaguecaster|Character||false
1055|Malignant Plaguecaster|Chaos||false
1055|Malignant Plaguecaster|Nurgle||false
1055|Malignant Plaguecaster|Malignant Plaguecaster||false
1055|Malignant Plaguecaster|Infantry||false
1055|Malignant Plaguecaster|Psyker||false
1056|Poxwalkers|Death Guard||true
1056|Poxwalkers|||true
1056|Poxwalkers|Nurgle||false
1056|Poxwalkers|Infantry||false
1056|Poxwalkers|Chaos||false
1056|Poxwalkers|Poxwalkers||false
1057|Foetid Bloat-drone|Death Guard||true
1057|Foetid Bloat-drone|||true
1057|Foetid Bloat-drone|Chaos||false
1057|Foetid Bloat-drone|Nurgle||false
1057|Foetid Bloat-drone|Daemon||false
1057|Foetid Bloat-drone|Foetid Bloat-drone||false
1057|Foetid Bloat-drone|Vehicle||false
1057|Foetid Bloat-drone|Fly||false
1058|Noxious Blightbringer|Death Guard||true
1058|Noxious Blightbringer|||true
1058|Noxious Blightbringer|Noxious Blightbringer||false
1058|Noxious Blightbringer|Nurgle||false
1058|Noxious Blightbringer|Chaos||false
1058|Noxious Blightbringer|Character||false
1058|Noxious Blightbringer|Infantry||false
1094|Chaos Cerastus Knight Acheron|Chaos Knights||true
1094|Chaos Cerastus Knight Acheron|Walker||false
1094|Chaos Cerastus Knight Acheron|Chaos||false
1094|Chaos Cerastus Knight Acheron|Cerastus||false
1094|Chaos Cerastus Knight Acheron|Knight Acheron||false
1094|Chaos Cerastus Knight Acheron|Vehicle||false
1094|Chaos Cerastus Knight Acheron|Character||false
1094|Chaos Cerastus Knight Acheron|Titanic||false
1094|Chaos Cerastus Knight Acheron|Towering||false
1095|Chaos Cerastus Knight Lancer|Chaos Knights||true
1095|Chaos Cerastus Knight Lancer|Walker||false
1095|Chaos Cerastus Knight Lancer|Character||false
1095|Chaos Cerastus Knight Lancer|Titanic||false
1095|Chaos Cerastus Knight Lancer|Towering||false
1095|Chaos Cerastus Knight Lancer|Knight Lancer||false
1095|Chaos Cerastus Knight Lancer|Cerastus||false
1095|Chaos Cerastus Knight Lancer|Chaos||false
1095|Chaos Cerastus Knight Lancer|Vehicle||false
1096|Chaos Cerastus Knight Castigator|Chaos Knights||true
1096|Chaos Cerastus Knight Castigator|Chaos||false
1096|Chaos Cerastus Knight Castigator|Towering||false
1096|Chaos Cerastus Knight Castigator|Cerastus||false
1096|Chaos Cerastus Knight Castigator|Knight Castigator||false
1096|Chaos Cerastus Knight Castigator|Walker||false
1096|Chaos Cerastus Knight Castigator|Character||false
1096|Chaos Cerastus Knight Castigator|Titanic||false
1096|Chaos Cerastus Knight Castigator|Vehicle||false
1097|Chaos Cerastus Knight Atrapos|Chaos Knights||true
1097|Chaos Cerastus Knight Atrapos|Vehicle||false
1097|Chaos Cerastus Knight Atrapos|Cerastus||false
1097|Chaos Cerastus Knight Atrapos|Knight Atrapos||false
1097|Chaos Cerastus Knight Atrapos|Chaos||false
1097|Chaos Cerastus Knight Atrapos|Titanic||false
1097|Chaos Cerastus Knight Atrapos|Towering||false
1097|Chaos Cerastus Knight Atrapos|Walker||false
1097|Chaos Cerastus Knight Atrapos|Character||false
1098|Chaos Questoris Knight Magaera|Chaos Knights||true
1098|Chaos Questoris Knight Magaera|Walker||false
1098|Chaos Questoris Knight Magaera|Vehicle||false
1098|Chaos Questoris Knight Magaera|Character||false
1098|Chaos Questoris Knight Magaera|Chaos||false
1098|Chaos Questoris Knight Magaera|Towering||false
1098|Chaos Questoris Knight Magaera|Abhorrent||false
1098|Chaos Questoris Knight Magaera|Knight Magaera||false
1098|Chaos Questoris Knight Magaera|Titanic||false
1099|Chaos Acastus Knight Porphyrion|Chaos Knights||true
1099|Chaos Acastus Knight Porphyrion|Vehicle||false
1099|Chaos Acastus Knight Porphyrion|Acastus||false
1099|Chaos Acastus Knight Porphyrion|Knight Porphyrion||false
1099|Chaos Acastus Knight Porphyrion|Chaos||false
1099|Chaos Acastus Knight Porphyrion|Frame||false
1099|Chaos Acastus Knight Porphyrion|Towering||false
1099|Chaos Acastus Knight Porphyrion|Titanic||false
1099|Chaos Acastus Knight Porphyrion|Walker||false
1100|Chaos Questoris Knight Styrix|Chaos Knights||true
1100|Chaos Questoris Knight Styrix|Character||false
1100|Chaos Questoris Knight Styrix|Walker||false
1100|Chaos Questoris Knight Styrix|Titanic||false
1100|Chaos Questoris Knight Styrix|Vehicle||false
1100|Chaos Questoris Knight Styrix|Towering||false
1100|Chaos Questoris Knight Styrix|Chaos||false
1100|Chaos Questoris Knight Styrix|Abhorrent||false
1100|Chaos Questoris Knight Styrix|Knight Styrix||false
1104|Karanak|Legiones Daemonica||true
1104|Karanak|Chaos||false
1104|Karanak|Epic Hero||false
1104|Karanak|Character||false
1104|Karanak|Beast||false
1104|Karanak|Daemon||false
1104|Karanak|Karanak||false
1104|Karanak|Khorne||false
1105|Skarbrand|Legiones Daemonica||true
1105|Skarbrand|Skarbrand||false
1105|Skarbrand|Khorne||false
1105|Skarbrand|Daemon||false
1105|Skarbrand|Chaos||false
1105|Skarbrand|Epic Hero||false
1105|Skarbrand|Character||false
1105|Skarbrand|Monster||false
1106|Skulltaker|Legiones Daemonica||true
1106|Skulltaker|Skulltaker||false
1106|Skulltaker|Khorne||false
1106|Skulltaker|Daemon||false
1106|Skulltaker|Chaos||false
1106|Skulltaker|Epic Hero||false
1106|Skulltaker|Character||false
1106|Skulltaker|Infantry||false
1111|Rendmaster On Blood Throne|Legiones Daemonica||true
1111|Rendmaster On Blood Throne|Mounted||false
1111|Rendmaster On Blood Throne|Character||false
1111|Rendmaster On Blood Throne|Chaos||false
1111|Rendmaster On Blood Throne|Daemon||false
1111|Rendmaster On Blood Throne|Rendmaster on Blood throne||false
1111|Rendmaster On Blood Throne|Khorne||false
1111|Rendmaster On Blood Throne|Shadow Legion||false
1112|Flesh Hounds|Legiones Daemonica||true
1112|Flesh Hounds|Chaos||false
1112|Flesh Hounds|Daemon||false
1112|Flesh Hounds|Khorne||false
1112|Flesh Hounds|Flesh Hounds||false
1112|Flesh Hounds|Shadow Legion||false
1112|Flesh Hounds|Beast||false
1114|Bloodletters|Legiones Daemonica||true
1114|Bloodletters|Daemon||false
1114|Bloodletters|Khorne||false
1114|Bloodletters|Bloodletters||false
1114|Bloodletters|Shadow Legion||false
1114|Bloodletters|Infantry||false
1114|Bloodletters|Battleline||false
1114|Bloodletters|Chaos||false
1115|Bloodcrushers|Legiones Daemonica||true
1115|Bloodcrushers|Mounted||false
1115|Bloodcrushers|Shadow Legion||false
1115|Bloodcrushers|Bloodcrushers||false
1115|Bloodcrushers|Khorne||false
1115|Bloodcrushers|Daemon||false
1115|Bloodcrushers|Chaos||false
1116|Skull Cannon|Legiones Daemonica||true
1116|Skull Cannon|Mounted||false
1116|Skull Cannon|Skull Cannon||false
1116|Skull Cannon|Shadow Legion||false
1116|Skull Cannon|Daemon||false
1116|Skull Cannon|Khorne||false
1116|Skull Cannon|Chaos||false
1117|Kairos Fateweaver|Legiones Daemonica||true
1117|Kairos Fateweaver|Monster||false
1117|Kairos Fateweaver|Fly||false
1117|Kairos Fateweaver|Daemon||false
1117|Kairos Fateweaver|Tzeentch||false
1117|Kairos Fateweaver|Chaos||false
1117|Kairos Fateweaver|Psyker||false
1117|Kairos Fateweaver|Epic Hero||false
1117|Kairos Fateweaver|Character||false
1117|Kairos Fateweaver|Kairos Fateweaver||false
1118|The Changeling|Legiones Daemonica||true
1118|The Changeling|Tzeentch||false
1118|The Changeling|Chaos||false
1118|The Changeling|Psyker||false
1118|The Changeling|Epic Hero||false
1118|The Changeling|Character||false
1118|The Changeling|Infantry||false
1118|The Changeling|Daemon||false
1118|The Changeling|The Changeling||false
1119|The Blue Scribes|Legiones Daemonica||true
1119|The Blue Scribes|Tzeentch||false
1119|The Blue Scribes|Daemon||false
1119|The Blue Scribes|Mounted||false
1119|The Blue Scribes|Chaos||false
1119|The Blue Scribes|Character||false
1119|The Blue Scribes|Fly||false
1119|The Blue Scribes|Epic Hero||false
1119|The Blue Scribes|The Blue Scribes||false
1120|Lord of Change|Legiones Daemonica||true
1120|Lord of Change|Psyker||false
1120|Lord of Change|Chaos||false
1120|Lord of Change|Character||false
1120|Lord of Change|Tzeentch||false
1120|Lord of Change|Shadow Legion||false
1120|Lord of Change|Fly||false
1120|Lord of Change|Monster||false
1120|Lord of Change|Daemon||false
1120|Lord of Change|Lord of Change||false
1125|Flamers|Legiones Daemonica||true
1125|Flamers|Tzeentch||false
1125|Flamers|Flamers||false
1125|Flamers|Daemon||false
1125|Flamers|Chaos||false
1125|Flamers|Fly||false
1125|Flamers|Infantry||false
1125|Flamers|Shadow Legion||false
1126|Exalted Flamer|Legiones Daemonica||true
1126|Exalted Flamer|Shadow Legion||false
1126|Exalted Flamer|Exalted Flamer||false
1126|Exalted Flamer|Tzeentch||false
1126|Exalted Flamer|Daemon||false
1126|Exalted Flamer|Chaos||false
1126|Exalted Flamer|Character||false
1126|Exalted Flamer|Infantry||false
1126|Exalted Flamer|Fly||false
1127|Screamers|Legiones Daemonica||true
1127|Screamers|Beast||false
1127|Screamers|Fly||false
1127|Screamers|Chaos||false
1127|Screamers|Shadow Legion||false
1127|Screamers|Screamers||false
1127|Screamers|Tzeentch||false
1127|Screamers|Daemon||false
1128|Burning Chariot|Legiones Daemonica||true
1128|Burning Chariot|Mounted||false
1128|Burning Chariot|Fly||false
1128|Burning Chariot|Chaos||false
1128|Burning Chariot|Tzeentch||false
1128|Burning Chariot|Burning Chariot||false
1128|Burning Chariot|Shadow Legion||false
1128|Burning Chariot|Daemon||false
1129|Epidemius|Legiones Daemonica||true
1129|Epidemius|Infantry||false
1129|Epidemius|Character||false
1129|Epidemius|Epic Hero||false
1129|Epidemius|Chaos||false
1129|Epidemius|Nurgle||false
1129|Epidemius|Daemon||false
1129|Epidemius|Epidemius||false
1130|Great Unclean One|Legiones Daemonica||true
1130|Great Unclean One|Shadow Legion||false
1130|Great Unclean One|Great Unclean One||false
1130|Great Unclean One|Monster||false
1130|Great Unclean One|Nurgle||false
1130|Great Unclean One|Daemon||false
1130|Great Unclean One|Psyker||false
1130|Great Unclean One|Character||false
1130|Great Unclean One|Chaos||false
1132|Plaguebearers|Legiones Daemonica||true
1132|Plaguebearers|Chaos||false
1132|Plaguebearers|Battleline||false
1132|Plaguebearers|Shadow Legion||false
1132|Plaguebearers|Plaguebearers||false
1132|Plaguebearers|Nurgle||false
1132|Plaguebearers|Daemon||false
1132|Plaguebearers|Infantry||false
1133|Nurglings|Legiones Daemonica||true
1133|Nurglings|Nurgle||false
1133|Nurglings|Swarm||false
1133|Nurglings|Shadow Legion||false
1133|Nurglings|Chaos||false
1133|Nurglings|Battleline||false
1133|Nurglings|Daemon||false
1133|Nurglings|Nurglings||false
1134|Beasts Of Nurgle|Legiones Daemonica||true
1134|Beasts Of Nurgle|Daemon||false
1134|Beasts Of Nurgle|Chaos||false
1134|Beasts Of Nurgle|Beast||false
1134|Beasts Of Nurgle|Shadow Legion||false
1134|Beasts Of Nurgle|Beasts of Nurgle||false
1134|Beasts Of Nurgle|Nurgle||false
1135|Plague Drones|Legiones Daemonica||true
1135|Plague Drones|Mounted||false
1135|Plague Drones|Fly||false
1135|Plague Drones|Chaos||false
1135|Plague Drones|Shadow Legion||false
1135|Plague Drones|Daemon||false
1135|Plague Drones|Nurgle||false
1135|Plague Drones|Plague Drones||false
1136|The Masque Of Slaanesh|Legiones Daemonica||true
1136|The Masque Of Slaanesh|Character||false
1136|The Masque Of Slaanesh|Infantry||false
1136|The Masque Of Slaanesh|Daemon||false
1136|The Masque Of Slaanesh|Chaos||false
1136|The Masque Of Slaanesh|The Masque of Slaanesh||false
1136|The Masque Of Slaanesh|Epic Hero||false
1136|The Masque Of Slaanesh|Fly||false
1136|The Masque Of Slaanesh|Slaanesh||false
1137|Keeper Of Secrets|Legiones Daemonica||true
1137|Keeper Of Secrets|Shadow Legion||false
1137|Keeper Of Secrets|Keeper of Secrets||false
1137|Keeper Of Secrets|Slaanesh||false
1137|Keeper Of Secrets|Chaos||false
1137|Keeper Of Secrets|Psyker||false
1137|Keeper Of Secrets|Daemon||false
1137|Keeper Of Secrets|Character||false
1137|Keeper Of Secrets|Monster||false
1138|Tranceweaver|Legiones Daemonica||true
1138|Tranceweaver|Psyker||false
1138|Tranceweaver|Character||false
1138|Tranceweaver|Daemon||false
1138|Tranceweaver|Slaanesh||false
1138|Tranceweaver|Chaos||false
1138|Tranceweaver|Shadow Legion||false
1138|Tranceweaver|Tranceweaver||false
1138|Tranceweaver|Infantry||false
1139|Herald Of Slaanesh On Steed Of Slaanesh|Legiones Daemonica||true
1139|Herald Of Slaanesh On Steed Of Slaanesh|Character||false
1139|Herald Of Slaanesh On Steed Of Slaanesh|Shadow Legion||false
1139|Herald Of Slaanesh On Steed Of Slaanesh|Slaanesh||false
1139|Herald Of Slaanesh On Steed Of Slaanesh|Herald of Slaanesh||false
1139|Herald Of Slaanesh On Steed Of Slaanesh|Mounted||false
1139|Herald Of Slaanesh On Steed Of Slaanesh|Psyker||false
1139|Herald Of Slaanesh On Steed Of Slaanesh|Chaos||false
1139|Herald Of Slaanesh On Steed Of Slaanesh|Daemon||false
1142|Daemonettes|Legiones Daemonica||true
1142|Daemonettes|Slaanesh||false
1142|Daemonettes|Daemon||false
1142|Daemonettes|Chaos||false
1142|Daemonettes|Battleline||false
1142|Daemonettes|Infantry||false
1142|Daemonettes|Shadow Legion||false
1142|Daemonettes|Daemonettes||false
1143|Fiends|Legiones Daemonica||true
1143|Fiends|Shadow Legion||false
1143|Fiends|Chaos||false
1143|Fiends|Fiends||false
1143|Fiends|Beast||false
1143|Fiends|Daemon||false
1143|Fiends|Slaanesh||false
1144|Hellflayers|Legiones Daemonica||true
1144|Hellflayers|Slaanesh||false
1144|Hellflayers|Hellflayers||false
1144|Hellflayers|Shadow Legion||false
1144|Hellflayers|Chaos||false
1144|Hellflayers|Mounted||false
1144|Hellflayers|Daemon||false
1145|Seekers|Legiones Daemonica||true
1145|Seekers|Slaanesh||false
1145|Seekers|Daemon||false
1145|Seekers|Shadow Legion||false
1145|Seekers|Seekers||false
1145|Seekers|Chaos||false
1145|Seekers|Mounted||false
1148|Be’lakor|Legiones Daemonica||true
1148|Be’lakor|Psyker||false
1148|Be’lakor|Fly||false
1148|Be’lakor|Epic Hero||false
1148|Be’lakor|Shadow Legion||false
1148|Be’lakor|Be’lakor||false
1148|Be’lakor|Daemon||false
1148|Be’lakor|Character||false
1148|Be’lakor|Monster||false
1148|Be’lakor|Chaos||false
1149|Daemon Prince of Chaos|Legiones Daemonica||true
1149|Daemon Prince of Chaos|Character||false
1149|Daemon Prince of Chaos|Monster||false
1149|Daemon Prince of Chaos|Chaos||false
1149|Daemon Prince of Chaos|Daemon||false
1149|Daemon Prince of Chaos|Daemon Prince of Chaos||false
1149|Daemon Prince of Chaos|Shadow Legion||false
1150|Furies|Legiones Daemonica||true
1150|Furies|Shadow Legion||false
1150|Furies|Fly||false
1150|Furies|Daemon||false
1150|Furies|Furies||false
1150|Furies|Infantry||false
1150|Furies|Chaos||false
1151|Soul Grinder|Legiones Daemonica||true
1151|Soul Grinder|Vehicle||false
1151|Soul Grinder|Walker||false
1151|Soul Grinder|Chaos||false
1151|Soul Grinder|Daemon||false
1151|Soul Grinder|Shadow Legion||false
1151|Soul Grinder|Soul Grinder||false
1153|Cerberus|Adeptus Astartes||true
1153|Cerberus|Vehicle||false
1153|Cerberus|Imperium||false
1153|Cerberus|Smoke||false
1153|Cerberus|Cerberus||false
1153|Cerberus|Frame||false
1154|Vanguard Veteran Squad|Adeptus Astartes||true
1154|Vanguard Veteran Squad|Infantry||false
1154|Vanguard Veteran Squad|Grenades||false
1154|Vanguard Veteran Squad|Vanguard Veteran Squad||false
1154|Vanguard Veteran Squad|Imperium||false
1156|Invictor Tactical Warsuit|Adeptus Astartes||true
1156|Invictor Tactical Warsuit|Phobos||false
1156|Invictor Tactical Warsuit|Imperium||false
1156|Invictor Tactical Warsuit|Invictor Tactical Warsuit||false
1156|Invictor Tactical Warsuit|Vehicle||false
1156|Invictor Tactical Warsuit|Walker||false
1157|Intercessor Squad|Adeptus Astartes||true
1157|Intercessor Squad|Intercessor Squad||false
1157|Intercessor Squad|Tacticus||false
1157|Intercessor Squad|Imperium||false
1157|Intercessor Squad|Grenades||false
1157|Intercessor Squad|Battleline||false
1157|Intercessor Squad|Infantry||false
1158|Invader ATV|Adeptus Astartes||true
1158|Invader ATV|Grenades||false
1158|Invader ATV|Mounted||false
1158|Invader ATV|Invader ATV||false
1158|Invader ATV|Frame||false
1158|Invader ATV|Ravenwing||false
1158|Invader ATV|Imperium||false
1159|Incursor Squad|Adeptus Astartes||true
1159|Incursor Squad|Smoke||false
1159|Incursor Squad|Incursor Squad||false
1159|Incursor Squad|Phobos||false
1159|Incursor Squad|Infantry||false
1159|Incursor Squad|Grenades||false
1159|Incursor Squad|Imperium||false
1160|Scout Squad|Adeptus Astartes||true
1160|Scout Squad|Scout Squad||false
1160|Scout Squad|Imperium||false
1160|Scout Squad|Smoke||false
1160|Scout Squad|Grenades||false
1160|Scout Squad|Infantry||false
1161|Sicaran Arcus|Adeptus Astartes||true
1161|Sicaran Arcus|Sicaran Arcus||false
1161|Sicaran Arcus|Imperium||false
1161|Sicaran Arcus|Smoke||false
1161|Sicaran Arcus|Frame||false
1161|Sicaran Arcus|Vehicle||false
1162|Sergeant Telion|Adeptus Astartes||true
1162|Sergeant Telion|Ultramarines||true
1162|Sergeant Telion|Imperium||false
1162|Sergeant Telion|Character||false
1162|Sergeant Telion|Sergeant Telion||false
1162|Sergeant Telion|Infantry||false
1162|Sergeant Telion|Epic Hero||false
1163|Sicaran Omega|Adeptus Astartes||true
1163|Sicaran Omega|Vehicle||false
1163|Sicaran Omega|Frame||false
1163|Sicaran Omega|Imperium||false
1163|Sicaran Omega|Smoke||false
1163|Sicaran Omega|Sicaran Omega||false
1164|Thunderfire Cannon|Adeptus Astartes||true
1164|Thunderfire Cannon|Artillery||false
1164|Thunderfire Cannon|Vehicle||false
1164|Thunderfire Cannon|Frame||false
1164|Thunderfire Cannon|Imperium||false
1164|Thunderfire Cannon|Thunderfire Cannon||false
1165|Bladeguard Ancient|Adeptus Astartes||true
1165|Bladeguard Ancient|Ancient||false
1165|Bladeguard Ancient|Bladeguard Ancient||false
1165|Bladeguard Ancient|Deathwing||false
1165|Bladeguard Ancient|Infantry||false
1165|Bladeguard Ancient|Character||false
1165|Bladeguard Ancient|Grenades||false
1165|Bladeguard Ancient|Imperium||false
1165|Bladeguard Ancient|Tacticus||false
1166|Company Veterans On Bikes|Adeptus Astartes||true
1166|Company Veterans On Bikes|Ravenwing||false
1166|Company Veterans On Bikes|Company Veterans||false
1166|Company Veterans On Bikes|Grenades||false
1166|Company Veterans On Bikes|Imperium||false
1166|Company Veterans On Bikes|Mounted||false
1168|Land Speeder Tempest|Adeptus Astartes||true
1168|Land Speeder Tempest|Fly||false
1168|Land Speeder Tempest|Imperium||false
1168|Land Speeder Tempest|Land Speeder Tempest||false
1168|Land Speeder Tempest|Ravenwing||false
1168|Land Speeder Tempest|Vehicle||false
1169|Land Speeder Tornado|Adeptus Astartes||true
1169|Land Speeder Tornado|Vehicle||false
1169|Land Speeder Tornado|Fly||false
1169|Land Speeder Tornado|Land Speeder Tornado||false
1169|Land Speeder Tornado|Ravenwing||false
1169|Land Speeder Tornado|Imperium||false
1172|Captain In Gravis Armour|Adeptus Astartes||true
1172|Captain In Gravis Armour|Gravis||false
1172|Captain In Gravis Armour|Captain||false
1172|Captain In Gravis Armour|Character||false
1172|Captain In Gravis Armour|Grenades||false
1172|Captain In Gravis Armour|Infantry||false
1172|Captain In Gravis Armour|Imperium||false
1174|Chaplain|Adeptus Astartes||true
1174|Chaplain|Chaplain||false
1174|Chaplain|Tacticus||false
1174|Chaplain|Imperium||false
1174|Chaplain|Infantry||false
1174|Chaplain|Character||false
1174|Chaplain|Grenades||false
1175|Kratos|Adeptus Astartes||true
1175|Kratos|Smoke||false
1175|Kratos|Kratos||false
1175|Kratos|Vehicle||false
1175|Kratos|Frame||false
1175|Kratos|Imperium||false
1177|Heavy Intercessor Squad|Adeptus Astartes||true
1177|Heavy Intercessor Squad|Gravis||false
1177|Heavy Intercessor Squad|Heavy Intercessor Squad||false
1177|Heavy Intercessor Squad|Battleline||false
1177|Heavy Intercessor Squad|Infantry||false
1177|Heavy Intercessor Squad|Grenades||false
1177|Heavy Intercessor Squad|Imperium||false
1178|Vindicator Laser Destroyer|Adeptus Astartes||true
1178|Vindicator Laser Destroyer|Frame||false
1178|Vindicator Laser Destroyer|Imperium||false
1178|Vindicator Laser Destroyer|Vehicle||false
1178|Vindicator Laser Destroyer|Smoke||false
1178|Vindicator Laser Destroyer|Vindicator Laser Destroyer||false
1179|Sokar-pattern Stormbird|Adeptus Astartes||true
1179|Sokar-pattern Stormbird|Ravenwing||false
1179|Sokar-pattern Stormbird|Transport||false
1179|Sokar-pattern Stormbird|Aircraft||false
1179|Sokar-pattern Stormbird|Titanic||false
1179|Sokar-pattern Stormbird|Vehicle||false
1179|Sokar-pattern Stormbird|Imperium||false
1179|Sokar-pattern Stormbird|Fly||false
1179|Sokar-pattern Stormbird|Sokar-pattern Stormbird||false
1182|Ancient on Bike|Adeptus Astartes||true
1182|Ancient on Bike|Mounted||false
1182|Ancient on Bike|Character||false
1182|Ancient on Bike|Grenades||false
1182|Ancient on Bike|Imperium||false
1182|Ancient on Bike|Ancient||false
1182|Ancient on Bike|Ravenwing||false
1183|Terminator Squad|Adeptus Astartes||true
1183|Terminator Squad|Infantry||false
1183|Terminator Squad|Imperium||false
1183|Terminator Squad|Terminator||false
1183|Terminator Squad|Terminator Squad||false
1183|Terminator Squad|Deathwing||false
1184|Terminus Ultra|Adeptus Astartes||true
1184|Terminus Ultra|Vehicle||false
1184|Terminus Ultra|Smoke||false
1184|Terminus Ultra|Frame||false
1184|Terminus Ultra|Imperium||false
1184|Terminus Ultra|Terminus Ultra||false
1184|Terminus Ultra|Transport||false
1185|Sicaran Battle Tank|Adeptus Astartes||true
1185|Sicaran Battle Tank|Vehicle||false
1185|Sicaran Battle Tank|Imperium||false
1185|Sicaran Battle Tank|Smoke||false
1185|Sicaran Battle Tank|Sicaran Battle Tank||false
1185|Sicaran Battle Tank|Frame||false
1188|Vindicator|Adeptus Astartes||true
1188|Vindicator|Imperium||false
1188|Vindicator|Frame||false
1188|Vindicator|Vindicator||false
1188|Vindicator|Smoke||false
1188|Vindicator|Vehicle||false
1189|Mastodon|Adeptus Astartes||true
1189|Mastodon|Vehicle||false
1189|Mastodon|Mastodon||false
1189|Mastodon|Smoke||false
1189|Mastodon|Transport||false
1189|Mastodon|Imperium||false
1189|Mastodon|Titanic||false
1189|Mastodon|Frame||false
1190|Stormtalon Gunship|Adeptus Astartes||true
1190|Stormtalon Gunship|Ravenwing||false
1190|Stormtalon Gunship|Stormtalon Gunship||false
1190|Stormtalon Gunship|Imperium||false
1190|Stormtalon Gunship|Aircraft||false
1190|Stormtalon Gunship|Fly||false
1190|Stormtalon Gunship|Vehicle||false
1191|Stormraven Gunship|Adeptus Astartes||true
1191|Stormraven Gunship|Transport||false
1191|Stormraven Gunship|Ravenwing||false
1191|Stormraven Gunship|Stormraven Gunship||false
1191|Stormraven Gunship|Imperium||false
1191|Stormraven Gunship|Vehicle||false
1191|Stormraven Gunship|Fly||false
1192|Chaplain Venerable Dreadnought|Adeptus Astartes||true
1192|Chaplain Venerable Dreadnought|Vehicle||false
1192|Chaplain Venerable Dreadnought|Walker||false
1192|Chaplain Venerable Dreadnought|Imperium||false
1192|Chaplain Venerable Dreadnought|Dreadnought||false
1192|Chaplain Venerable Dreadnought|Chaplain Venerable Dreadnought||false
1192|Chaplain Venerable Dreadnought|Deathwing||false
1193|Centurion Devastator Squad|Adeptus Astartes||true
1193|Centurion Devastator Squad|Centurion||false
1193|Centurion Devastator Squad|Centurion Devastator Squad||false
1193|Centurion Devastator Squad|Infantry||false
1193|Centurion Devastator Squad|Imperium||false
1197|Grey Knights Thunderhawk Gunship|Grey Knights||true
1197|Grey Knights Thunderhawk Gunship|Transport||false
1197|Grey Knights Thunderhawk Gunship|Vehicle||false
1197|Grey Knights Thunderhawk Gunship|Imperium||false
1197|Grey Knights Thunderhawk Gunship|Titanic||false
1197|Grey Knights Thunderhawk Gunship|Fly||false
1197|Grey Knights Thunderhawk Gunship|Thunderhawk Gunship||false
1199|Repressor|Adepta Sororitas||true
1199|Repressor|Transport||false
1199|Repressor|Smoke||false
1199|Repressor|Vehicle||false
1199|Repressor|Repressor||false
1199|Repressor|Imperium||false
1199|Repressor|Dedicated Transport||false
1237|Valkyrie Sky Talon|Astra Militarum||true
1237|Valkyrie Sky Talon|Imperium||false
1237|Valkyrie Sky Talon|Fly||false
1237|Valkyrie Sky Talon|Vehicle||false
1237|Valkyrie Sky Talon|Transport||false
1237|Valkyrie Sky Talon|Valkyrie Sky Talon||false
1293|Blood Slaughterer|Heretic Astartes||true
1293|Blood Slaughterer|Walker||false
1293|Blood Slaughterer|Chaos||false
1293|Blood Slaughterer|Khorne||false
1293|Blood Slaughterer|Daemon||false
1293|Blood Slaughterer|Frame||false
1293|Blood Slaughterer|Blood Slaughterer||false
1293|Blood Slaughterer|Vehicle||false
1294|Greater Blight Drone|Heretic Astartes||true
1294|Greater Blight Drone|Vehicle||false
1294|Greater Blight Drone|Fly||false
1294|Greater Blight Drone|Chaos||false
1294|Greater Blight Drone|Nurgle||false
1294|Greater Blight Drone|Daemon||false
1294|Greater Blight Drone|Greater Blight Drone||false
1295|Decimator|Heretic Astartes||true
1295|Decimator|Vehicle||false
1295|Decimator|Walker||false
1295|Decimator|Chaos||false
1295|Decimator|Daemon||false
1295|Decimator|Decimator||false
1297|Kytan Ravager|Heretic Astartes||true
1297|Kytan Ravager|Vehicle||false
1297|Kytan Ravager|Titanic||false
1297|Kytan Ravager|Walker||false
1297|Kytan Ravager|Chaos||false
1297|Kytan Ravager|Khorne||false
1297|Kytan Ravager|Daemon||false
1297|Kytan Ravager|Kytan Ravager||false
1298|Greater Brass Scorpion|Heretic Astartes||true
1298|Greater Brass Scorpion|Daemon||false
1298|Greater Brass Scorpion|Greater Brass Scorpion||false
1298|Greater Brass Scorpion|Vehicle||false
1298|Greater Brass Scorpion|Titanic||false
1298|Greater Brass Scorpion|Walker||false
1298|Greater Brass Scorpion|Chaos||false
1298|Greater Brass Scorpion|Khorne||false
1298|Greater Brass Scorpion|Frame||false
1302|Chaos Deimos Predator|Heretic Astartes||true
1302|Chaos Deimos Predator|Chaos||false
1302|Chaos Deimos Predator|Vehicle||false
1302|Chaos Deimos Predator|Smoke||false
1302|Chaos Deimos Predator|Deimos Predator||false
1310|Dreadclaw Drop Pod|Heretic Astartes||true
1310|Dreadclaw Drop Pod|Dreadclaw Drop Pod||false
1310|Dreadclaw Drop Pod|Transport||false
1310|Dreadclaw Drop Pod|Fly||false
1310|Dreadclaw Drop Pod|Frame||false
1310|Dreadclaw Drop Pod|Vehicle||false
1310|Dreadclaw Drop Pod|Chaos||false
1311|Kharybdis Assault Claw|Heretic Astartes||true
1311|Kharybdis Assault Claw|Vehicle||false
1311|Kharybdis Assault Claw|Titanic||false
1311|Kharybdis Assault Claw|Transport||false
1311|Kharybdis Assault Claw|Fly||false
1311|Kharybdis Assault Claw|Frame||false
1311|Kharybdis Assault Claw|Kharybdis Assault Claw||false
1311|Kharybdis Assault Claw|Chaos||false
1317|Hell Blade|Heretic Astartes||true
1317|Hell Blade|Chaos||false
1317|Hell Blade|Fly||false
1317|Hell Blade|Hell Blade||false
1317|Hell Blade|Aircraft||false
1317|Hell Blade|Vehicle||false
1318|Hell Talon|Heretic Astartes||true
1318|Hell Talon|Chaos||false
1318|Hell Talon|Aircraft||false
1318|Hell Talon|Vehicle||false
1318|Hell Talon|Hell Talon||false
1318|Hell Talon|Fly||false
1321|Chaos Thunderhawk|Heretic Astartes||true
1321|Chaos Thunderhawk|Vehicle||false
1321|Chaos Thunderhawk|Titanic||false
1321|Chaos Thunderhawk|Fly||false
1321|Chaos Thunderhawk|Aircraft||false
1321|Chaos Thunderhawk|Transport||false
1321|Chaos Thunderhawk|Chaos||false
1321|Chaos Thunderhawk|Thunderhawk||false
1329|An’ggrath the Unbound|Legiones Daemonica||true
1329|An’ggrath the Unbound|Character||false
1329|An’ggrath the Unbound|Epic Hero||false
1329|An’ggrath the Unbound|Titanic||false
1329|An’ggrath the Unbound|Monster||false
1329|An’ggrath the Unbound|Towering||false
1329|An’ggrath the Unbound|Chaos||false
1329|An’ggrath the Unbound|Daemon||false
1329|An’ggrath the Unbound|Khorne||false
1329|An’ggrath the Unbound|An'ggrath the Unbound||false
1332|Zarakynel|Legiones Daemonica||true
1332|Zarakynel|Character||false
1332|Zarakynel|Monster||false
1332|Zarakynel|Epic Hero||false
1332|Zarakynel|Psyker||false
1332|Zarakynel|Chaos||false
1332|Zarakynel|Daemon||false
1332|Zarakynel|Slaanesh||false
1332|Zarakynel|Zarakynel||false
1333|Aetaos’rau’keres|Legiones Daemonica||true
1333|Aetaos’rau’keres|Monster||false
1333|Aetaos’rau’keres|Titanic||false
1333|Aetaos’rau’keres|Aetaos'rau'keres||false
1333|Aetaos’rau’keres|Tzeentch||false
1333|Aetaos’rau’keres|Daemon||false
1333|Aetaos’rau’keres|Chaos||false
1333|Aetaos’rau’keres|Psyker||false
1333|Aetaos’rau’keres|Fly||false
1333|Aetaos’rau’keres|Towering||false
1333|Aetaos’rau’keres|Epic Hero||false
1333|Aetaos’rau’keres|Character||false
1336|Plague Toads|Legiones Daemonica||true
1336|Plague Toads|Shadow Legion||false
1336|Plague Toads|Plague Toads||false
1336|Plague Toads|Nurgle||false
1336|Plague Toads|Chaos||false
1336|Plague Toads|Beast||false
1336|Plague Toads|Daemon||false
1337|Pox Riders|Legiones Daemonica||true
1337|Pox Riders|Nurgle||false
1337|Pox Riders|Shadow Legion||false
1337|Pox Riders|Chaos||false
1337|Pox Riders|Mounted||false
1337|Pox Riders|Pox Riders||false
1337|Pox Riders|Daemon||false
1338|Spined Chaos Beast|Legiones Daemonica||true
1338|Spined Chaos Beast|Monster||false
1338|Spined Chaos Beast|Chaos||false
1338|Spined Chaos Beast|Spined Chaos Beast||false
1338|Spined Chaos Beast|Shadow Legion||false
1339|Giant Chaos Spawn|Legiones Daemonica||true
1339|Giant Chaos Spawn|Monster||false
1339|Giant Chaos Spawn|Chaos||false
1339|Giant Chaos Spawn|Giant Chaos Spawn||false
1339|Giant Chaos Spawn|Shadow Legion||false
1340|Scabeiathrax The Bloated|Legiones Daemonica||true
1340|Scabeiathrax The Bloated|Nurgle||false
1340|Scabeiathrax The Bloated|Daemon||false
1340|Scabeiathrax The Bloated|Character||false
1340|Scabeiathrax The Bloated|Epic Hero||false
1340|Scabeiathrax The Bloated|Psyker||false
1340|Scabeiathrax The Bloated|Chaos||false
1340|Scabeiathrax The Bloated|Scabeiathrax the Bloated||false
1340|Scabeiathrax The Bloated|Monster||false
1344|Librarian with Jump Pack|Adeptus Astartes||true
1344|Librarian with Jump Pack|Psyker||false
1344|Librarian with Jump Pack|Fly||false
1344|Librarian with Jump Pack|Jump Pack||false
1344|Librarian with Jump Pack|Character||false
1344|Librarian with Jump Pack|Infantry||false
1344|Librarian with Jump Pack|Grenades||false
1344|Librarian with Jump Pack|Imperium||false
1344|Librarian with Jump Pack|Librarian||false
1345|Lieutenant In Reiver Armour|Adeptus Astartes||true
1345|Lieutenant In Reiver Armour|Phobos||false
1345|Lieutenant In Reiver Armour|Character||false
1345|Lieutenant In Reiver Armour|Infantry||false
1345|Lieutenant In Reiver Armour|Smoke||false
1345|Lieutenant In Reiver Armour|Grenades||false
1345|Lieutenant In Reiver Armour|Imperium||false
1345|Lieutenant In Reiver Armour|Lieutenant||false
1345|Lieutenant In Reiver Armour|Lieutenant in Reiver Armour||false
1346|Lieutenant|Adeptus Astartes||true
1346|Lieutenant|Grenades||false
1346|Lieutenant|Lieutenant||false
1346|Lieutenant|Tacticus||false
1346|Lieutenant|Character||false
1346|Lieutenant|Imperium||false
1346|Lieutenant|Infantry||false
1347|Land Raider Prometheus|Adeptus Astartes||true
1347|Land Raider Prometheus|Imperium||false
1347|Land Raider Prometheus|Land Raider Prometheus||false
1347|Land Raider Prometheus|Smoke||false
1347|Land Raider Prometheus|Vehicle||false
1347|Land Raider Prometheus|Frame||false
1347|Land Raider Prometheus|Transport||false
1348|Librarian on Bike|Adeptus Astartes||true
1348|Librarian on Bike|Grenades||false
1348|Librarian on Bike|Character||false
1348|Librarian on Bike|Mounted||false
1348|Librarian on Bike|Ravenwing||false
1348|Librarian on Bike|Librarian||false
1348|Librarian on Bike|Psyker||false
1348|Librarian on Bike|Imperium||false
1355|Exalted Champion|Heretic Astartes||true
1355|Exalted Champion|Character||false
1355|Exalted Champion|Exalted Champion||false
1355|Exalted Champion|Chaos||false
1355|Exalted Champion|Grenades||false
1355|Exalted Champion|Infantry||false
1360|Grand Master In Nemesis Dreadknight|Grey Knights||true
1360|Grand Master In Nemesis Dreadknight|Walker||false
1360|Grand Master In Nemesis Dreadknight|Vehicle||false
1360|Grand Master In Nemesis Dreadknight|Character||false
1360|Grand Master In Nemesis Dreadknight|Psyker||false
1360|Grand Master In Nemesis Dreadknight|Imperium||false
1360|Grand Master In Nemesis Dreadknight|Grand Master in Nemesis Dreadknight||false
1361|Brotherhood Librarian|Grey Knights||true
1361|Brotherhood Librarian|Brotherhood Librarian||false
1361|Brotherhood Librarian|Terminator||false
1361|Brotherhood Librarian|Psyker||false
1361|Brotherhood Librarian|Imperium||false
1361|Brotherhood Librarian|Infantry||false
1361|Brotherhood Librarian|Character||false
1362|Brotherhood Chaplain|Grey Knights||true
1362|Brotherhood Chaplain|Psyker||false
1362|Brotherhood Chaplain|Infantry||false
1362|Brotherhood Chaplain|Character||false
1362|Brotherhood Chaplain|Imperium||false
1362|Brotherhood Chaplain|Brotherhood Chaplain||false
1362|Brotherhood Chaplain|Terminator||false
1363|Stormhawk Interceptor|Grey Knights||true
1363|Stormhawk Interceptor|Smoke||false
1363|Stormhawk Interceptor|Imperium||false
1363|Stormhawk Interceptor|Stormhawk Interceptor||false
1363|Stormhawk Interceptor|Fly||false
1363|Stormhawk Interceptor|Vehicle||false
1363|Stormhawk Interceptor|Aircraft||false
1364|Stormtalon Gunship|Grey Knights||true
1364|Stormtalon Gunship|Stormtalon Gunship||false
1364|Stormtalon Gunship|Fly||false
1364|Stormtalon Gunship|Imperium||false
1364|Stormtalon Gunship|Aircraft||false
1364|Stormtalon Gunship|Vehicle||false
1367|Foul Blightspawn|Death Guard||true
1367|Foul Blightspawn|||true
1367|Foul Blightspawn|Infantry||false
1367|Foul Blightspawn|Grenades||false
1367|Foul Blightspawn|Chaos||false
1367|Foul Blightspawn|Nurgle||false
1367|Foul Blightspawn|Foul Blightspawn||false
1367|Foul Blightspawn|Character||false
1368|Biologus Putrifier|||true
1368|Biologus Putrifier|Death Guard||true
1368|Biologus Putrifier|Chaos||false
1368|Biologus Putrifier|Grenades||false
1368|Biologus Putrifier|Character||false
1368|Biologus Putrifier|Infantry||false
1368|Biologus Putrifier|Biologus Putrifier||false
1368|Biologus Putrifier|Nurgle||false
1369|Plague Surgeon|||true
1369|Plague Surgeon|Death Guard||true
1369|Plague Surgeon|Infantry||false
1369|Plague Surgeon|Plague Surgeon||false
1369|Plague Surgeon|Nurgle||false
1369|Plague Surgeon|Chaos||false
1369|Plague Surgeon|Character||false
1370|Tallyman|Death Guard||true
1370|Tallyman|||true
1370|Tallyman|Character||false
1370|Tallyman|Infantry||false
1370|Tallyman|Tallyman||false
1370|Tallyman|Chaos||false
1370|Tallyman|Nurgle||false
1371|Deathshroud Terminators|Death Guard||true
1371|Deathshroud Terminators|||true
1371|Deathshroud Terminators|Infantry||false
1371|Deathshroud Terminators|Nurgle||false
1371|Deathshroud Terminators|Chaos||false
1371|Deathshroud Terminators|Terminator||false
1371|Deathshroud Terminators|Deathshroud Terminators||false
1372|Blightlord Terminators|||true
1372|Blightlord Terminators|Death Guard||true
1372|Blightlord Terminators|Nurgle||false
1372|Blightlord Terminators|Blightlord Terminators||false
1372|Blightlord Terminators|Terminator||false
1372|Blightlord Terminators|Infantry||false
1372|Blightlord Terminators|Chaos||false
1374|Myphitic Blight-hauler|||true
1374|Myphitic Blight-hauler|Death Guard||true
1374|Myphitic Blight-hauler|Smoke||false
1374|Myphitic Blight-hauler|Chaos||false
1374|Myphitic Blight-hauler|Nurgle||false
1374|Myphitic Blight-hauler|Daemon||false
1374|Myphitic Blight-hauler|Myphitic Blight-hauler||false
1374|Myphitic Blight-hauler|Vehicle||false
1376|Plagueburst Crawler|Death Guard||true
1376|Plagueburst Crawler|||true
1376|Plagueburst Crawler|Chaos||false
1376|Plagueburst Crawler|Nurgle||false
1376|Plagueburst Crawler|Daemon||false
1376|Plagueburst Crawler|Frame||false
1376|Plagueburst Crawler|Vehicle||false
1376|Plagueburst Crawler|Plagueburst Crawler||false
1377|Mortarion|Death Guard||true
1377|Mortarion|||true
1377|Mortarion|Mortarion||false
1377|Mortarion|Primarch||false
1377|Mortarion|Grenades||false
1377|Mortarion|Nurgle||false
1377|Mortarion|Daemon||false
1377|Mortarion|Chaos||false
1377|Mortarion|Epic Hero||false
1377|Mortarion|Fly||false
1377|Mortarion|Psyker||false
1377|Mortarion|Character||false
1377|Mortarion|Monster||false
1383|Mukaali Riders|Astra Militarum||true
1383|Mukaali Riders|Grenades||false
1383|Mukaali Riders|Imperium||false
1383|Mukaali Riders|Mounted||false
1383|Mukaali Riders|Regiment||false
1383|Mukaali Riders|Mukaali Riders||false
1390|Raven Strike Fighter|Drukhari||true
1390|Raven Strike Fighter|Aircraft||false
1390|Raven Strike Fighter|Fly||false
1390|Raven Strike Fighter|Vehicle||false
1390|Raven Strike Fighter|Aeldari||false
1390|Raven Strike Fighter|Raven Strike Fighter||false
1391|Knarloc Riders|T’au Empire||true
1391|Knarloc Riders|Knarloc Riders||false
1391|Knarloc Riders|Kroot||false
1391|Knarloc Riders|Mounted||false
1392|Great Knarloc|T’au Empire||true
1392|Great Knarloc|Kroot||false
1392|Great Knarloc|Monster||false
1392|Great Knarloc|Frame||false
1392|Great Knarloc|Great Knarloc||false
1393|Firestorm|Aeldari||true
1393|Firestorm|||true
1393|Firestorm|Firestorm||false
1393|Firestorm|Vehicle||false
1393|Firestorm|Fly||false
1394|Ministorum Priest|Astra Militarum||true
1394|Ministorum Priest|Imperium||false
1394|Ministorum Priest|Grenades||false
1394|Ministorum Priest|Infantry||false
1394|Ministorum Priest|Ministorum Priest||false
1394|Ministorum Priest|Character||false
1396|Tech-Priest Enginseer|Astra Militarum||true
1396|Tech-Priest Enginseer|Imperium||false
1396|Tech-Priest Enginseer|Tech-Priest Enginseer||false
1396|Tech-Priest Enginseer|Character||false
1396|Tech-Priest Enginseer|Infantry||false
1397|Munitorum Servitors|Astra Militarum||true
1397|Munitorum Servitors|Munitorum Servitors||false
1397|Munitorum Servitors|Imperium||false
1397|Munitorum Servitors|Infantry||false
1398|Ogryn Bodyguard|Astra Militarum||true
1398|Ogryn Bodyguard|Imperium||false
1398|Ogryn Bodyguard|Bodyguard||false
1398|Ogryn Bodyguard|Ogryn||false
1398|Ogryn Bodyguard|Loyal Protector||false
1398|Ogryn Bodyguard|Grenades||false
1398|Ogryn Bodyguard|Character||false
1398|Ogryn Bodyguard|Infantry||false
1400|Bonesinger|Asuryani||true
1400|Bonesinger|Ynnari||true
1400|Bonesinger|||true
1400|Bonesinger|Aeldari||false
1400|Bonesinger|Bonesinger||false
1400|Bonesinger|Psyker||false
1400|Bonesinger|Infantry||false
1400|Bonesinger|Character||false
1406|Sly Marbo|Astra Militarum||true
1406|Sly Marbo|Sly Marbo||false
1406|Sly Marbo|Infantry||false
1406|Sly Marbo|Character||false
1406|Sly Marbo|Epic Hero||false
1406|Sly Marbo|Grenades||false
1406|Sly Marbo|Imperium||false
1406|Sly Marbo|Regiment||false
1423|Ravenwing Talonmaster|Dark Angels||true
1423|Ravenwing Talonmaster|Adeptus Astartes||true
1423|Ravenwing Talonmaster|Ravenwing Talonmaster||false
1423|Ravenwing Talonmaster|Ravenwing||false
1423|Ravenwing Talonmaster|Vehicle||false
1423|Ravenwing Talonmaster|Character||false
1423|Ravenwing Talonmaster|Fly||false
1423|Ravenwing Talonmaster|Imperium||false
1446|Trajann Valoris|Adeptus Custodes||true
1446|Trajann Valoris|Infantry||false
1446|Trajann Valoris|Character||false
1446|Trajann Valoris|Epic Hero||false
1446|Trajann Valoris|Imperium||false
1446|Trajann Valoris|Trajann Valoris||false
1447|Shield-captain|Adeptus Custodes||true
1447|Shield-captain|Infantry||false
1447|Shield-captain|Character||false
1447|Shield-captain|Imperium||false
1447|Shield-captain|Shield-Captain||false
1448|Shield-captain In Allarus Terminator Armour|Adeptus Custodes||true
1448|Shield-captain In Allarus Terminator Armour|Terminator||false
1448|Shield-captain In Allarus Terminator Armour|Infantry||false
1448|Shield-captain In Allarus Terminator Armour|Character||false
1448|Shield-captain In Allarus Terminator Armour|Imperium||false
1448|Shield-captain In Allarus Terminator Armour|Shield-Captain||false
1449|Shield-captain On Dawneagle Jetbike|Adeptus Custodes||true
1449|Shield-captain On Dawneagle Jetbike|Fly||false
1449|Shield-captain On Dawneagle Jetbike|Shield-Captain||false
1449|Shield-captain On Dawneagle Jetbike|Dawneagle Jetbike||false
1449|Shield-captain On Dawneagle Jetbike|Character||false
1449|Shield-captain On Dawneagle Jetbike|Imperium||false
1449|Shield-captain On Dawneagle Jetbike|Mounted||false
1450|Custodian Wardens|Adeptus Custodes||true
1450|Custodian Wardens|Imperium||false
1450|Custodian Wardens|Infantry||false
1450|Custodian Wardens|Custodian Wardens||false
1453|Allarus Custodians|Adeptus Custodes||true
1453|Allarus Custodians|Infantry||false
1453|Allarus Custodians|Imperium||false
1453|Allarus Custodians|Terminator||false
1453|Allarus Custodians|Allarus Custodians||false
1454|Vertus Praetors|Adeptus Custodes||true
1454|Vertus Praetors|Fly||false
1454|Vertus Praetors|Imperium||false
1454|Vertus Praetors|Vertus Praetors||false
1454|Vertus Praetors|Mounted||false
1455|Bloodmaster|Legiones Daemonica||true
1455|Bloodmaster|Chaos||false
1455|Bloodmaster|Shadow Legion||false
1455|Bloodmaster|Daemon||false
1455|Bloodmaster|Khorne||false
1455|Bloodmaster|Bloodmaster||false
1455|Bloodmaster|Character||false
1455|Bloodmaster|Infantry||false
1456|Skullmaster|Legiones Daemonica||true
1456|Skullmaster|Skullmaster||false
1456|Skullmaster|Khorne||false
1456|Skullmaster|Daemon||false
1456|Skullmaster|Chaos||false
1456|Skullmaster|Character||false
1456|Skullmaster|Mounted||false
1456|Skullmaster|Shadow Legion||false
1458|Contemptor-achillus Dreadnought|Adeptus Custodes||true
1458|Contemptor-achillus Dreadnought|Imperium||false
1458|Contemptor-achillus Dreadnought|Contemptor-Achillus Dreadnought||false
1458|Contemptor-achillus Dreadnought|Vehicle||false
1458|Contemptor-achillus Dreadnought|Walker||false
1460|Caladius Grav-tank|Adeptus Custodes||true
1460|Caladius Grav-tank|Caladius Grav-tank||false
1460|Caladius Grav-tank|Vehicle||false
1460|Caladius Grav-tank|Fly||false
1460|Caladius Grav-tank|Frame||false
1460|Caladius Grav-tank|Imperium||false
1461|Coronus Grav-carrier|Adeptus Custodes||true
1461|Coronus Grav-carrier|Coronus Grav-carrier||false
1461|Coronus Grav-carrier|Vehicle||false
1461|Coronus Grav-carrier|Transport||false
1461|Coronus Grav-carrier|Fly||false
1461|Coronus Grav-carrier|Frame||false
1461|Coronus Grav-carrier|Imperium||false
1462|Changecaster|Legiones Daemonica||true
1462|Changecaster|Changecaster||false
1462|Changecaster|Daemon||false
1462|Changecaster|Chaos||false
1462|Changecaster|Character||false
1462|Changecaster|Tzeentch||false
1462|Changecaster|Shadow Legion||false
1462|Changecaster|Infantry||false
1462|Changecaster|Psyker||false
1463|Fateskimmer|Legiones Daemonica||true
1463|Fateskimmer|Mounted||false
1463|Fateskimmer|Shadow Legion||false
1463|Fateskimmer|Fateskimmer||false
1463|Fateskimmer|Character||false
1463|Fateskimmer|Fly||false
1463|Fateskimmer|Psyker||false
1463|Fateskimmer|Daemon||false
1463|Fateskimmer|Tzeentch||false
1463|Fateskimmer|Chaos||false
1464|Fluxmaster|Legiones Daemonica||true
1464|Fluxmaster|Shadow Legion||false
1464|Fluxmaster|Fluxmaster||false
1464|Fluxmaster|Tzeentch||false
1464|Fluxmaster|Chaos||false
1464|Fluxmaster|Fly||false
1464|Fluxmaster|Character||false
1464|Fluxmaster|Mounted||false
1464|Fluxmaster|Daemon||false
1464|Fluxmaster|Psyker||false
1465|Rotigus|Legiones Daemonica||true
1465|Rotigus|Character||false
1465|Rotigus|Monster||false
1465|Rotigus|Epic Hero||false
1465|Rotigus|Chaos||false
1465|Rotigus|Daemon||false
1465|Rotigus|Nurgle||false
1465|Rotigus|Rotigus||false
1465|Rotigus|Psyker||false
1466|Horticulous Slimux|Legiones Daemonica||true
1466|Horticulous Slimux|Nurgle||false
1466|Horticulous Slimux|Daemon||false
1466|Horticulous Slimux|Chaos||false
1466|Horticulous Slimux|Character||false
1466|Horticulous Slimux|Mounted||false
1466|Horticulous Slimux|Epic Hero||false
1466|Horticulous Slimux|Horticulous Slimux||false
1467|Poxbringer|Legiones Daemonica||true
1467|Poxbringer|Chaos||false
1467|Poxbringer|Daemon||false
1467|Poxbringer|Infantry||false
1467|Poxbringer|Character||false
1467|Poxbringer|Psyker||false
1467|Poxbringer|Nurgle||false
1467|Poxbringer|Poxbringer||false
1467|Poxbringer|Shadow Legion||false
1468|Sloppity Bilepiper|Legiones Daemonica||true
1468|Sloppity Bilepiper|Sloppity Bilepiper||false
1468|Sloppity Bilepiper|Nurgle||false
1468|Sloppity Bilepiper|Daemon||false
1468|Sloppity Bilepiper|Chaos||false
1468|Sloppity Bilepiper|Character||false
1468|Sloppity Bilepiper|Infantry||false
1468|Sloppity Bilepiper|Shadow Legion||false
1469|Spoilpox Scrivener|Legiones Daemonica||true
1469|Spoilpox Scrivener|Shadow Legion||false
1469|Spoilpox Scrivener|Infantry||false
1469|Spoilpox Scrivener|Character||false
1469|Spoilpox Scrivener|Chaos||false
1469|Spoilpox Scrivener|Daemon||false
1469|Spoilpox Scrivener|Nurgle||false
1469|Spoilpox Scrivener|Spoilpox Scrivener||false
1470|Feculent Gnarlmaw|Legiones Daemonica||true
1470|Feculent Gnarlmaw|Feculent Gnarlmaw||false
1470|Feculent Gnarlmaw|Shadow Legion||false
1470|Feculent Gnarlmaw|Daemon||false
1470|Feculent Gnarlmaw|Chaos||false
1470|Feculent Gnarlmaw|Fortification||false
1470|Feculent Gnarlmaw|Frame||false
1470|Feculent Gnarlmaw|Nurgle||false
1472|Tzaangor Shaman|||true
1472|Tzaangor Shaman|Thousand Sons||true
1472|Tzaangor Shaman|Chaos||false
1472|Tzaangor Shaman|Tzeentch||false
1472|Tzaangor Shaman|Mutant||false
1472|Tzaangor Shaman|Tzaangor Shaman||false
1472|Tzaangor Shaman|Infantry||false
1472|Tzaangor Shaman|Mounted||false
1472|Tzaangor Shaman|Character||false
1472|Tzaangor Shaman|Fly||false
1472|Tzaangor Shaman|Psyker||false
1474|Tzaangor Enlightened|Thousand Sons||true
1474|Tzaangor Enlightened|||true
1474|Tzaangor Enlightened|Tzeentch||false
1474|Tzaangor Enlightened|Chaos||false
1474|Tzaangor Enlightened|Fly||false
1474|Tzaangor Enlightened|Tzaangor Enlightened||false
1474|Tzaangor Enlightened|Mounted||false
1474|Tzaangor Enlightened|Mutant||false
1476|Mutalith Vortex Beast|||true
1476|Mutalith Vortex Beast|Thousand Sons||true
1476|Mutalith Vortex Beast|Chaos||false
1476|Mutalith Vortex Beast|Monster||false
1476|Mutalith Vortex Beast|Mutalith Vortex Beast||false
1476|Mutalith Vortex Beast|Mutant||false
1476|Mutalith Vortex Beast|Tzeentch||false
1477|Commander In Crisis Battlesuit|T’au Empire||true
1477|Commander In Crisis Battlesuit|Vehicle||false
1477|Commander In Crisis Battlesuit|Walker||false
1477|Commander In Crisis Battlesuit|Fly||false
1477|Commander In Crisis Battlesuit|Character||false
1477|Commander In Crisis Battlesuit|Battlesuit||false
1477|Commander In Crisis Battlesuit|Commander in Crisis Battlesuit||false
1478|Commander In Enforcer Battlesuit|T’au Empire||true
1478|Commander In Enforcer Battlesuit|Commander in Enforcer Battlesuit||false
1478|Commander In Enforcer Battlesuit|Battlesuit||false
1478|Commander In Enforcer Battlesuit|Character||false
1478|Commander In Enforcer Battlesuit|Walker||false
1478|Commander In Enforcer Battlesuit|Vehicle||false
1478|Commander In Enforcer Battlesuit|Fly||false
1479|Telemon Heavy Dreadnought|Adeptus Custodes||true
1479|Telemon Heavy Dreadnought|Walker||false
1479|Telemon Heavy Dreadnought|Vehicle||false
1479|Telemon Heavy Dreadnought|Imperium||false
1479|Telemon Heavy Dreadnought|Telemon Heavy Dreadnought||false
1481|Armiger Helverin|Imperial Knights||true
1481|Armiger Helverin|Armiger||false
1481|Armiger Helverin|Helverin||false
1481|Armiger Helverin|Imperium||false
1481|Armiger Helverin|Walker||false
1481|Armiger Helverin|Vehicle||false
1482|Armiger Warglaive|Imperial Knights||true
1482|Armiger Warglaive|Vehicle||false
1482|Armiger Warglaive|Imperium||false
1482|Armiger Warglaive|Warglaive||false
1482|Armiger Warglaive|Armiger||false
1482|Armiger Warglaive|Walker||false
1483|Knight Preceptor|Imperial Knights||true
1483|Knight Preceptor|Knight Preceptor||false
1483|Knight Preceptor|Imperium||false
1483|Knight Preceptor|Questoris||false
1483|Knight Preceptor|Towering||false
1483|Knight Preceptor|Titanic||false
1483|Knight Preceptor|Walker||false
1483|Knight Preceptor|Vehicle||false
1483|Knight Preceptor|Character||false
1484|Canis Rex|Imperial Knights||true
1484|Canis Rex|Vehicle||false
1484|Canis Rex|Imperium||false
1484|Canis Rex|Epic Hero||false
1484|Canis Rex|Character||false
1484|Canis Rex|Questoris||false
1484|Canis Rex|Canis Rex||false
1484|Canis Rex|Towering||false
1484|Canis Rex|Titanic||false
1484|Canis Rex|Walker||false
1485|Knight Castellan|Imperial Knights||true
1485|Knight Castellan|Towering||false
1485|Knight Castellan|Vehicle||false
1485|Knight Castellan|Walker||false
1485|Knight Castellan|Titanic||false
1485|Knight Castellan|Dominus||false
1485|Knight Castellan|Character||false
1485|Knight Castellan|Imperium||false
1485|Knight Castellan|Knight Castellan||false
1486|Knight Valiant|Imperial Knights||true
1486|Knight Valiant|Walker||false
1486|Knight Valiant|Dominus||false
1486|Knight Valiant|Titanic||false
1486|Knight Valiant|Knight Valiant||false
1486|Knight Valiant|Vehicle||false
1486|Knight Valiant|Towering||false
1486|Knight Valiant|Character||false
1486|Knight Valiant|Imperium||false
1523|Scout Sniper Squad|Adeptus Astartes||true
1523|Scout Sniper Squad|Imperium||false
1523|Scout Sniper Squad|Infantry||false
1523|Scout Sniper Squad|Scout Sniper Squad||false
1523|Scout Sniper Squad|Grenades||false
1523|Scout Sniper Squad|Smoke||false
1524|Sergeant Chronus|Ultramarines||true
1524|Sergeant Chronus|Adeptus Astartes||true
1524|Sergeant Chronus|Character||false
1524|Sergeant Chronus|Epic Hero||false
1524|Sergeant Chronus|Imperium||false
1524|Sergeant Chronus|Sergeant Chronus||false
1524|Sergeant Chronus|Infantry||false
1525|Secutarii Hoplites|Adeptus Mechanicus||true
1525|Secutarii Hoplites|Infantry||false
1525|Secutarii Hoplites|Imperium||false
1525|Secutarii Hoplites|Skitarii||false
1525|Secutarii Hoplites|Secutarii Hoplites||false
1526|Secutarii Peltasts|Adeptus Mechanicus||true
1526|Secutarii Peltasts|Imperium||false
1526|Secutarii Peltasts|Infantry||false
1526|Secutarii Peltasts|Skitarii||false
1526|Secutarii Peltasts|Secutarii Peltasts||false
1527|Techmarine on Bike|Adeptus Astartes||true
1527|Techmarine on Bike|Mounted||false
1527|Techmarine on Bike|Imperium||false
1527|Techmarine on Bike|Ravenwing||false
1527|Techmarine on Bike|Techmarine||false
1527|Techmarine on Bike|Grenades||false
1527|Techmarine on Bike|Character||false
1533|Terrax-pattern Termite|Adeptus Mechanicus||true
1533|Terrax-pattern Termite|Terrax-pattern Termite||false
1533|Terrax-pattern Termite|Dedicated Transport||false
1533|Terrax-pattern Termite|Imperium||false
1533|Terrax-pattern Termite|Frame||false
1533|Terrax-pattern Termite|Transport||false
1533|Terrax-pattern Termite|Vehicle||false
1536|Big Mek With Shokk Attack Gun|Orks||true
1536|Big Mek With Shokk Attack Gun|Character||false
1536|Big Mek With Shokk Attack Gun|Explosives||false
1536|Big Mek With Shokk Attack Gun|Infantry||false
1536|Big Mek With Shokk Attack Gun|Big Mek||false
1537|Deffkilla Wartrike|Orks||true
1537|Deffkilla Wartrike|Warboss||false
1537|Deffkilla Wartrike|Mounted||false
1537|Deffkilla Wartrike|Character||false
1537|Deffkilla Wartrike|Speed Freeks||false
1545|Mekboy Workshop|Orks||true
1545|Mekboy Workshop|Vehicle||false
1545|Mekboy Workshop|Fortification||false
1545|Mekboy Workshop|Frame||false
1546|Abominant|Genestealer Cults||true
1546|Abominant|Infantry||false
1546|Abominant|Great Devourer||false
1546|Abominant|Abominant||false
1546|Abominant|Character||false
1553|Ministorum Priest|Adepta Sororitas||true
1553|Ministorum Priest|Character||false
1553|Ministorum Priest|Imperium||false
1553|Ministorum Priest|Penitent||false
1553|Ministorum Priest|Ministorum Priest||false
1553|Ministorum Priest|Infantry||false
1556|Haarken Worldclaimer|Heretic Astartes||true
1556|Haarken Worldclaimer|Jump Pack||false
1556|Haarken Worldclaimer|Fly||false
1556|Haarken Worldclaimer|Haarken Worldclaimer||false
1556|Haarken Worldclaimer|Character||false
1556|Haarken Worldclaimer|Infantry||false
1556|Haarken Worldclaimer|Epic Hero||false
1556|Haarken Worldclaimer|Chaos||false
1556|Haarken Worldclaimer|Chaos Undivided||false
1557|Contemptor-galatus Dreadnought|Adeptus Custodes||true
1557|Contemptor-galatus Dreadnought|Walker||false
1557|Contemptor-galatus Dreadnought|Contemptor-Galatus Dreadnought||false
1557|Contemptor-galatus Dreadnought|Vehicle||false
1557|Contemptor-galatus Dreadnought|Imperium||false
1558|Aquilon Custodians|Adeptus Custodes||true
1558|Aquilon Custodians|Terminator||false
1558|Aquilon Custodians|Imperium||false
1558|Aquilon Custodians|Aquilon Custodians||false
1558|Aquilon Custodians|Infantry||false
1559|Custodian Guard With Adrasite And Pyrithite Spears|Adeptus Custodes||true
1559|Custodian Guard With Adrasite And Pyrithite Spears|Infantry||false
1559|Custodian Guard With Adrasite And Pyrithite Spears|Imperium||false
1559|Custodian Guard With Adrasite And Pyrithite Spears|Custodian Guard with Adrasite and Pyrithite Spears||false
1560|Agamatus Custodians|Adeptus Custodes||true
1560|Agamatus Custodians|Mounted||false
1560|Agamatus Custodians|Fly||false
1560|Agamatus Custodians|Imperium||false
1560|Agamatus Custodians|Frame||false
1560|Agamatus Custodians|Agamatus Custodians||false
1561|Venatari Custodians|Adeptus Custodes||true
1561|Venatari Custodians|Venatari Custodians||false
1561|Venatari Custodians|Infantry||false
1561|Venatari Custodians|Fly||false
1561|Venatari Custodians|Jump Pack||false
1561|Venatari Custodians|Imperium||false
1562|Pallas Grav-attack|Adeptus Custodes||true
1562|Pallas Grav-attack|Vehicle||false
1562|Pallas Grav-attack|Frame||false
1562|Pallas Grav-attack|Imperium||false
1562|Pallas Grav-attack|Pallas Grav-attack||false
1562|Pallas Grav-attack|Fly||false
1563|Sagittarum Custodians|Adeptus Custodes||true
1563|Sagittarum Custodians|Sagittarum Custodians||false
1563|Sagittarum Custodians|Imperium||false
1563|Sagittarum Custodians|Infantry||false
1564|Orion Assault Dropship|Adeptus Custodes||true
1564|Orion Assault Dropship|Vehicle||false
1564|Orion Assault Dropship|Transport||false
1564|Orion Assault Dropship|Fly||false
1564|Orion Assault Dropship|Imperium||false
1564|Orion Assault Dropship|Orion Assault Dropship||false
1565|Jackal Alphus|Genestealer Cults||true
1565|Jackal Alphus|Grenades||false
1565|Jackal Alphus|Character||false
1565|Jackal Alphus|Mounted||false
1565|Jackal Alphus|Jackal Alphus||false
1565|Jackal Alphus|Great Devourer||false
1567|Clamavus|Genestealer Cults||true
1567|Clamavus|Great Devourer||false
1567|Clamavus|Clamavus||false
1567|Clamavus|Character||false
1567|Clamavus|Infantry||false
1568|Locus|Genestealer Cults||true
1568|Locus|Character||false
1568|Locus|Locus||false
1568|Locus|Great Devourer||false
1568|Locus|Infantry||false
1569|Sanctus|Genestealer Cults||true
1569|Sanctus|Great Devourer||false
1569|Sanctus|Character||false
1569|Sanctus|Infantry||false
1569|Sanctus|Sanctus||false
1570|Kelermorph|Genestealer Cults||true
1570|Kelermorph|Infantry||false
1570|Kelermorph|Character||false
1570|Kelermorph|Great Devourer||false
1570|Kelermorph|Kelermorph||false
1571|Nexos|Genestealer Cults||true
1571|Nexos|Nexos||false
1571|Nexos|Infantry||false
1571|Nexos|Character||false
1571|Nexos|Great Devourer||false
1572|Biophagus|Genestealer Cults||true
1572|Biophagus|Great Devourer||false
1572|Biophagus|Biophagus||false
1572|Biophagus|Character||false
1572|Biophagus|Infantry||false
1573|Achilles Ridgerunners|Genestealer Cults||true
1573|Achilles Ridgerunners|Great Devourer||false
1573|Achilles Ridgerunners|Achilles Ridgerunners||false
1573|Achilles Ridgerunners|Vehicle||false
1574|Atalan Jackals|Genestealer Cults||true
1574|Atalan Jackals|Grenades||false
1574|Atalan Jackals|Atalan Jackals||false
1574|Atalan Jackals|Great Devourer||false
1574|Atalan Jackals|Mounted||false
1576|Tectonic Fragdrill|Genestealer Cults||true
1576|Tectonic Fragdrill|Tectonic Fragdrill||false
1576|Tectonic Fragdrill|Frame||false
1576|Tectonic Fragdrill|Vehicle||false
1576|Tectonic Fragdrill|Fortification||false
1577|Seraptek Heavy Construct|Necrons||true
1577|Seraptek Heavy Construct|Towering||false
1577|Seraptek Heavy Construct|Titanic||false
1577|Seraptek Heavy Construct|Walker||false
1577|Seraptek Heavy Construct|Vehicle||false
1577|Seraptek Heavy Construct|Seraptek Heavy Construct||false
1579|Inquisitor Eisenhorn|Agents of the Imperium||true
1579|Inquisitor Eisenhorn|Character||false
1579|Inquisitor Eisenhorn|Infantry||false
1579|Inquisitor Eisenhorn|Epic Hero||false
1579|Inquisitor Eisenhorn|Psyker||false
1579|Inquisitor Eisenhorn|Grenades||false
1579|Inquisitor Eisenhorn|Imperium||false
1579|Inquisitor Eisenhorn|Inquisitor||false
1579|Inquisitor Eisenhorn|Eisenhorn||false
1579|Inquisitor Eisenhorn|Ordo Xenos||false
1580|Tech-priest Manipulus|Adeptus Mechanicus||true
1580|Tech-priest Manipulus|Infantry||false
1580|Tech-priest Manipulus|Character||false
1580|Tech-priest Manipulus|Cult Mechanicus||false
1580|Tech-priest Manipulus|Tech-Priest||false
1580|Tech-priest Manipulus|Imperium||false
1580|Tech-priest Manipulus|Manipulus||false
1581|Master Of Possession|Heretic Astartes||true
1581|Master Of Possession|Character||false
1581|Master Of Possession|Psyker||false
1581|Master Of Possession|Chaos||false
1581|Master Of Possession|Master of Possession||false
1581|Master Of Possession|Infantry||false
1583|Lord Discordant On Helstalker|Heretic Astartes||true
1583|Lord Discordant On Helstalker|Chaos||false
1583|Lord Discordant On Helstalker|Daemon||false
1583|Lord Discordant On Helstalker|Character||false
1583|Lord Discordant On Helstalker|Mounted||false
1583|Lord Discordant On Helstalker|Lord Discordant||false
1584|Master Of Executions|Heretic Astartes||true
1584|Master Of Executions|Master of Executions||false
1584|Master Of Executions|Infantry||false
1584|Master Of Executions|Character||false
1584|Master Of Executions|Chaos||false
1584|Master Of Executions|Grenades||false
1586|Venomcrawler|Heretic Astartes||true
1586|Venomcrawler|Vehicle||false
1586|Venomcrawler|Venomcrawler||false
1586|Venomcrawler|Walker||false
1586|Venomcrawler|Chaos||false
1586|Venomcrawler|Daemon||false
1587|Noctilith Crown|Heretic Astartes||true
1587|Noctilith Crown|Chaos||false
1587|Noctilith Crown|Fortification||false
1587|Noctilith Crown|Frame||false
1587|Noctilith Crown|Noctilith Crown||false
1588|Skull Altar|Legiones Daemonica||true
1588|Skull Altar|Fortification||false
1588|Skull Altar|Daemon||false
1588|Skull Altar|Khorne||false
1588|Skull Altar|Skull Altar||false
1588|Skull Altar|Chaos||false
1588|Skull Altar|Frame||false
1588|Skull Altar|Shadow Legion||false
1589|Infernal Enrapturess|Legiones Daemonica||true
1589|Infernal Enrapturess|Infantry||false
1589|Infernal Enrapturess|Shadow Legion||false
1589|Infernal Enrapturess|Infernal Enrapturess||false
1589|Infernal Enrapturess|Slaanesh||false
1589|Infernal Enrapturess|Daemon||false
1589|Infernal Enrapturess|Chaos||false
1589|Infernal Enrapturess|Character||false
1596|Rein And Raus|Astra Militarum||true
1596|Rein And Raus|Infantry||false
1596|Rein And Raus|Rein and Raus||false
1596|Rein And Raus|Epic Hero||false
1596|Rein And Raus|Character||false
1596|Rein And Raus|Imperium||false
1598|Amallyn Shadowguide|Asuryani||true
1598|Amallyn Shadowguide|||true
1598|Amallyn Shadowguide|Aeldari||false
1598|Amallyn Shadowguide|Epic Hero||false
1598|Amallyn Shadowguide|Grenades||false
1598|Amallyn Shadowguide|Character||false
1598|Amallyn Shadowguide|Infantry||false
1598|Amallyn Shadowguide|Amallyn Shadowguide||false
1600|Rogue Psyker|Heretic Astartes||true
1600|Rogue Psyker|Rogue Psyker||false
1600|Rogue Psyker|Damned||false
1600|Rogue Psyker|Character||false
1600|Rogue Psyker|Infantry||false
1600|Rogue Psyker|Psyker||false
1600|Rogue Psyker|Chaos||false
1601|Negavolt Cultists|Heretic Astartes||true
1601|Negavolt Cultists|Infantry||false
1601|Negavolt Cultists|Negavolt Cultists||false
1601|Negavolt Cultists|Damned||false
1601|Negavolt Cultists|Chaos||false
1604|Fellgor Beastmen|Heretic Astartes||true
1604|Fellgor Beastmen|Chaos||false
1604|Fellgor Beastmen|Fellgor Beastmen||false
1604|Fellgor Beastmen|Grenades||false
1604|Fellgor Beastmen|Infantry||false
1604|Fellgor Beastmen|Damned||false
1606|Assault Intercessor Squad|Adeptus Astartes||true
1606|Assault Intercessor Squad|Grenades||false
1606|Assault Intercessor Squad|Imperium||false
1606|Assault Intercessor Squad|Battleline||false
1606|Assault Intercessor Squad|Infantry||false
1606|Assault Intercessor Squad|Tacticus||false
1606|Assault Intercessor Squad|Assault Intercessor Squad||false
1607|Land Raider Achilles|Adeptus Astartes||true
1607|Land Raider Achilles|Land Raider Achilles||false
1607|Land Raider Achilles|Imperium||false
1607|Land Raider Achilles|Frame||false
1607|Land Raider Achilles|Smoke||false
1607|Land Raider Achilles|Vehicle||false
1607|Land Raider Achilles|Transport||false
1608|Land Raider Proteus|Adeptus Astartes||true
1608|Land Raider Proteus|Land Raider Proteus||false
1608|Land Raider Proteus|Imperium||false
1608|Land Raider Proteus|Frame||false
1608|Land Raider Proteus|Smoke||false
1608|Land Raider Proteus|Transport||false
1608|Land Raider Proteus|Vehicle||false
1609|Fire Raptor Gunship|Adeptus Astartes||true
1609|Fire Raptor Gunship|Fly||false
1609|Fire Raptor Gunship|Aircraft||false
1609|Fire Raptor Gunship|Fire Raptor Gunship||false
1609|Fire Raptor Gunship|Ravenwing||false
1609|Fire Raptor Gunship|Vehicle||false
1609|Fire Raptor Gunship|Imperium||false
1610|Storm Speeder Thunderstrike|Adeptus Astartes||true
1610|Storm Speeder Thunderstrike|Vehicle||false
1610|Storm Speeder Thunderstrike|Imperium||false
1610|Storm Speeder Thunderstrike|Ravenwing||false
1610|Storm Speeder Thunderstrike|Storm Speeder Thunderstrike||false
1610|Storm Speeder Thunderstrike|Frame||false
1610|Storm Speeder Thunderstrike|Fly||false
1611|Chief Librarian Tigurius|Ultramarines||true
1611|Chief Librarian Tigurius|Adeptus Astartes||true
1611|Chief Librarian Tigurius|Chief Librarian Tigurius||false
1611|Chief Librarian Tigurius|Tacticus||false
1611|Chief Librarian Tigurius|Imperium||false
1611|Chief Librarian Tigurius|Psyker||false
1611|Chief Librarian Tigurius|Epic Hero||false
1611|Chief Librarian Tigurius|Character||false
1611|Chief Librarian Tigurius|Infantry||false
1647|Contorted Epitome|Legiones Daemonica||true
1647|Contorted Epitome|Infantry||false
1647|Contorted Epitome|Psyker||false
1647|Contorted Epitome|Chaos||false
1647|Contorted Epitome|Slaanesh||false
1647|Contorted Epitome|Contorted Epitome||false
1647|Contorted Epitome|Shadow Legion||false
1647|Contorted Epitome|Character||false
1648|Shalaxi Helbane|Legiones Daemonica||true
1648|Shalaxi Helbane|Monster||false
1648|Shalaxi Helbane|Character||false
1648|Shalaxi Helbane|Chaos||false
1648|Shalaxi Helbane|Daemon||false
1648|Shalaxi Helbane|Slaanesh||false
1648|Shalaxi Helbane|Shalaxi Helbane||false
1648|Shalaxi Helbane|Epic Hero||false
1648|Shalaxi Helbane|Psyker||false
1649|Syll’esske|Legiones Daemonica||true
1649|Syll’esske|Syll’Esske||false
1649|Syll’esske|Epic Hero||false
1649|Syll’esske|Psyker||false
1649|Syll’esske|Chaos||false
1649|Syll’esske|Daemon||false
1649|Syll’esske|Slaanesh||false
1649|Syll’esske|Character||false
1649|Syll’esske|Monster||false
1650|Skorpius Dunerider|Adeptus Mechanicus||true
1650|Skorpius Dunerider|Vehicle||false
1650|Skorpius Dunerider|Imperium||false
1650|Skorpius Dunerider|Frame||false
1650|Skorpius Dunerider|Skitarii||false
1650|Skorpius Dunerider|Skorpius Dunerider||false
1650|Skorpius Dunerider|Smoke||false
1650|Skorpius Dunerider|Transport||false
1650|Skorpius Dunerider|Dedicated Transport||false
1651|Skorpius Disintegrator|Adeptus Mechanicus||true
1651|Skorpius Disintegrator|Skitarii||false
1651|Skorpius Disintegrator|Imperium||false
1651|Skorpius Disintegrator|Vehicle||false
1651|Skorpius Disintegrator|Frame||false
1651|Skorpius Disintegrator|Skorpius Disintegrator||false
1651|Skorpius Disintegrator|Smoke||false
1658|Knight Despoiler|Chaos Knights||true
1658|Knight Despoiler|Towering||false
1658|Knight Despoiler|Titanic||false
1658|Knight Despoiler|Knight Despoiler||false
1658|Knight Despoiler|Vehicle||false
1658|Knight Despoiler|Abhorrent||false
1658|Knight Despoiler|Walker||false
1658|Knight Despoiler|Character||false
1658|Knight Despoiler|Chaos||false
1659|Knight Tyrant|Chaos Knights||true
1659|Knight Tyrant|Walker||false
1659|Knight Tyrant|Knight Tyrant||false
1659|Knight Tyrant|Chaos||false
1659|Knight Tyrant|Titanic||false
1659|Knight Tyrant|Towering||false
1659|Knight Tyrant|Vehicle||false
1659|Knight Tyrant|Character||false
1660|Knight Desecrator|Chaos Knights||true
1660|Knight Desecrator|Titanic||false
1660|Knight Desecrator|Walker||false
1660|Knight Desecrator|Knight Desecrator||false
1660|Knight Desecrator|Chaos||false
1660|Knight Desecrator|Character||false
1660|Knight Desecrator|Abhorrent||false
1660|Knight Desecrator|Towering||false
1660|Knight Desecrator|Vehicle||false
1661|Knight Rampager|Chaos Knights||true
1661|Knight Rampager|Abhorrent||false
1661|Knight Rampager|Character||false
1661|Knight Rampager|Chaos||false
1661|Knight Rampager|Walker||false
1661|Knight Rampager|Knight Rampager||false
1661|Knight Rampager|Vehicle||false
1661|Knight Rampager|Titanic||false
1661|Knight Rampager|Towering||false
1662|Chaos Acastus Knight Asterius|Chaos Knights||true
1662|Chaos Acastus Knight Asterius|Vehicle||false
1662|Chaos Acastus Knight Asterius|Chaos||false
1662|Chaos Acastus Knight Asterius|Knight Asterius||false
1662|Chaos Acastus Knight Asterius|Towering||false
1662|Chaos Acastus Knight Asterius|Titanic||false
1662|Chaos Acastus Knight Asterius|Frame||false
1662|Chaos Acastus Knight Asterius|Walker||false
1662|Chaos Acastus Knight Asterius|Acastus||false
1663|War Dog Moirax|Chaos Knights||true
1663|War Dog Moirax|Moirax||false
1663|War Dog Moirax|War Dog||false
1663|War Dog Moirax|Chaos||false
1663|War Dog Moirax|Vehicle||false
1663|War Dog Moirax|Walker||false
1664|Acastus Knight Asterius|Imperial Knights||true
1664|Acastus Knight Asterius|Towering||false
1664|Acastus Knight Asterius|Titanic||false
1664|Acastus Knight Asterius|Walker||false
1664|Acastus Knight Asterius|Imperium||false
1664|Acastus Knight Asterius|Vehicle||false
1664|Acastus Knight Asterius|Knight Asterius||false
1664|Acastus Knight Asterius|Acastus||false
1666|Falchion|Adeptus Astartes||true
1666|Falchion|Frame||false
1666|Falchion|Titanic||false
1666|Falchion|Vehicle||false
1666|Falchion|Falchion||false
1666|Falchion|Smoke||false
1666|Falchion|Imperium||false
1667|Gladiator Reaper|Adeptus Astartes||true
1667|Gladiator Reaper|Gladiator Reaper||false
1667|Gladiator Reaper|Frame||false
1667|Gladiator Reaper|Imperium||false
1667|Gladiator Reaper|Smoke||false
1667|Gladiator Reaper|Vehicle||false
1668|Eliminator Squad|Adeptus Astartes||true
1668|Eliminator Squad|Infantry||false
1668|Eliminator Squad|Eliminator Squad||false
1668|Eliminator Squad|Phobos||false
1668|Eliminator Squad|Imperium||false
1668|Eliminator Squad|Grenades||false
1680|Ares Gunship|Adeptus Custodes||true
1680|Ares Gunship|Ares Gunship||false
1680|Ares Gunship|Vehicle||false
1680|Ares Gunship|Imperium||false
1680|Ares Gunship|Fly||false
1680|Ares Gunship|Aircraft||false
1822|X-101|Adeptus Mechanicus||true
1822|X-101|Cult Mechanicus||false
1822|X-101|Character||false
1822|X-101|Imperium||false
1822|X-101|Epic Hero||false
1822|X-101|X-101||false
1822|X-101|Infantry||false
1825|Gladiator Valiant|Adeptus Astartes||true
1825|Gladiator Valiant|Vehicle||false
1825|Gladiator Valiant|Smoke||false
1825|Gladiator Valiant|Imperium||false
1825|Gladiator Valiant|Frame||false
1825|Gladiator Valiant|Gladiator Valiant||false
1991|Terrax-pattern Termite|Adeptus Astartes||true
1991|Terrax-pattern Termite|Terrax-pattern Termite||false
1991|Terrax-pattern Termite|Dedicated Transport||false
1991|Terrax-pattern Termite|Transport||false
1991|Terrax-pattern Termite|Imperium||false
1991|Terrax-pattern Termite|Frame||false
1991|Terrax-pattern Termite|Vehicle||false
1994|Carnodon|Astra Militarum||true
1994|Carnodon|Imperium||false
1994|Carnodon|Squadron||false
1994|Carnodon|Smoke||false
1994|Carnodon|Carnodon||false
1994|Carnodon|Vehicle||false
1994|Carnodon|Frame||false
1997|Death Company Marines|Adeptus Astartes||true
1997|Death Company Marines|Blood Angels||true
1997|Death Company Marines|Death Company Marines||false
1997|Death Company Marines|Infantry||false
1997|Death Company Marines|Death Company||false
1997|Death Company Marines|Grenades||false
1997|Death Company Marines|Imperium||false
1997|Death Company Marines|Tacticus||false
2063|Triumph Of Saint Katherine|Adepta Sororitas||true
2063|Triumph Of Saint Katherine|Character||false
2063|Triumph Of Saint Katherine|Grenades||false
2063|Triumph Of Saint Katherine|Infantry||false
2063|Triumph Of Saint Katherine|Imperium||false
2063|Triumph Of Saint Katherine|Epic Hero||false
2063|Triumph Of Saint Katherine|Triumph of Saint Katherine||false
2064|Junith Eruita|Adepta Sororitas||true
2064|Junith Eruita|Junith Eruita||false
2064|Junith Eruita|Mounted||false
2064|Junith Eruita|Imperium||false
2064|Junith Eruita|Epic Hero||false
2064|Junith Eruita|Fly||false
2064|Junith Eruita|Character||false
2066|Zephyrim Squad|Adepta Sororitas||true
2066|Zephyrim Squad|Jump Pack||false
2066|Zephyrim Squad|Infantry||false
2066|Zephyrim Squad|Fly||false
2066|Zephyrim Squad|Grenades||false
2066|Zephyrim Squad|Imperium||false
2066|Zephyrim Squad|Zephyrim Squad||false
2067|Mortifiers|Adepta Sororitas||true
2067|Mortifiers|Imperium||false
2067|Mortifiers|Penitent||false
2067|Mortifiers|Walker||false
2067|Mortifiers|Vehicle||false
2067|Mortifiers|Mortifiers||false
2068|Battle Sanctum|Adepta Sororitas||true
2068|Battle Sanctum|Fortification||false
2068|Battle Sanctum|Imperium||false
2068|Battle Sanctum|Towering||false
2068|Battle Sanctum|Battle Sanctum||false
2076|Attack Bike Squad|Adeptus Astartes||true
2076|Attack Bike Squad|Mounted||false
2076|Attack Bike Squad|Imperium||false
2076|Attack Bike Squad|Attack Bike Squad||false
2076|Attack Bike Squad|Ravenwing||false
2076|Attack Bike Squad|Grenades||false
2077|Warbringer Nemesis Titan|Adeptus Titanicus||true
2077|Warbringer Nemesis Titan|Walker||false
2077|Warbringer Nemesis Titan|Vehicle||false
2077|Warbringer Nemesis Titan|Warbringer Nemesis Titan||false
2077|Warbringer Nemesis Titan|Frame||false
2077|Warbringer Nemesis Titan|Towering||false
2077|Warbringer Nemesis Titan|Imperium||false
2077|Warbringer Nemesis Titan|Titanic||false
2081|Serberys Sulphurhounds|Adeptus Mechanicus||true
2081|Serberys Sulphurhounds|Skitarii||false
2081|Serberys Sulphurhounds|Imperium||false
2081|Serberys Sulphurhounds|Serberys Sulphurhounds||false
2081|Serberys Sulphurhounds|Mounted||false
2082|Serberys Raiders|Adeptus Mechanicus||true
2082|Serberys Raiders|Imperium||false
2082|Serberys Raiders|Skitarii||false
2082|Serberys Raiders|Serberys Raiders||false
2082|Serberys Raiders|Mounted||false
2083|Pteraxii Sterylizors|Adeptus Mechanicus||true
2083|Pteraxii Sterylizors|Fly||false
2083|Pteraxii Sterylizors|Infantry||false
2083|Pteraxii Sterylizors|Jump Pack||false
2083|Pteraxii Sterylizors|Imperium||false
2083|Pteraxii Sterylizors|Skitarii||false
2083|Pteraxii Sterylizors|Pteraxii||false
2083|Pteraxii Sterylizors|Sterylizors||false
2084|Pteraxii Skystalkers|Adeptus Mechanicus||true
2084|Pteraxii Skystalkers|Jump Pack||false
2084|Pteraxii Skystalkers|Infantry||false
2084|Pteraxii Skystalkers|Grenades||false
2084|Pteraxii Skystalkers|Skystalkers||false
2084|Pteraxii Skystalkers|Fly||false
2084|Pteraxii Skystalkers|Imperium||false
2084|Pteraxii Skystalkers|Pteraxii||false
2084|Pteraxii Skystalkers|Skitarii||false
2085|Archaeopter Transvector|Adeptus Mechanicus||true
2085|Archaeopter Transvector|Vehicle||false
2085|Archaeopter Transvector|Transport||false
2085|Archaeopter Transvector|Fly||false
2085|Archaeopter Transvector|Skitarii||false
2085|Archaeopter Transvector|Archaeopter Transvector||false
2085|Archaeopter Transvector|Imperium||false
2086|Archaeopter Stratoraptor|Adeptus Mechanicus||true
2086|Archaeopter Stratoraptor|Fly||false
2086|Archaeopter Stratoraptor|Imperium||false
2086|Archaeopter Stratoraptor|Archaeopter Stratoraptor||false
2086|Archaeopter Stratoraptor|Skitarii||false
2086|Archaeopter Stratoraptor|Vehicle||false
2086|Archaeopter Stratoraptor|Aircraft||false
2087|Archaeopter Fusilave|Adeptus Mechanicus||true
2087|Archaeopter Fusilave|Fly||false
2087|Archaeopter Fusilave|Aircraft||false
2087|Archaeopter Fusilave|Vehicle||false
2087|Archaeopter Fusilave|Archaeopter Fusilave||false
2087|Archaeopter Fusilave|Skitarii||false
2087|Archaeopter Fusilave|Imperium||false
2088|Aleya|Adeptus Custodes||true
2088|Aleya|Anathema Psykana||false
2088|Aleya|Imperium||false
2088|Aleya|Epic Hero||false
2088|Aleya|Character||false
2088|Aleya|Infantry||false
2088|Aleya|Aleya||false
2090|Inquisitor Draxus|Agents of the Imperium||true
2090|Inquisitor Draxus|Ordo Xenos||false
2090|Inquisitor Draxus|Inquisitor||false
2090|Inquisitor Draxus|Draxus||false
2090|Inquisitor Draxus|Psyker||false
2090|Inquisitor Draxus|Imperium||false
2090|Inquisitor Draxus|Grenades||false
2090|Inquisitor Draxus|Infantry||false
2090|Inquisitor Draxus|Character||false
2090|Inquisitor Draxus|Epic Hero||false
2092|Illuminor Szeras|Necrons||true
2092|Illuminor Szeras|Infantry||false
2092|Illuminor Szeras|Epic Hero||false
2092|Illuminor Szeras|Character||false
2092|Illuminor Szeras|Cryptek||false
2092|Illuminor Szeras|Illuminor Szeras||false
2098|Hellblaster Squad|Adeptus Astartes||true
2098|Hellblaster Squad|Grenades||false
2098|Hellblaster Squad|Infantry||false
2098|Hellblaster Squad|Imperium||false
2098|Hellblaster Squad|Tacticus||false
2098|Hellblaster Squad|Hellblaster Squad||false
2099|Aggressor Squad|Adeptus Astartes||true
2099|Aggressor Squad|Infantry||false
2099|Aggressor Squad|Imperium||false
2099|Aggressor Squad|Gravis||false
2099|Aggressor Squad|Aggressor Squad||false
2100|Adrax Agatone|Adeptus Astartes||true
2100|Adrax Agatone|Salamanders||true
2100|Adrax Agatone|Epic Hero||false
2100|Adrax Agatone|Imperium||false
2100|Adrax Agatone|Infantry||false
2100|Adrax Agatone|Character||false
2100|Adrax Agatone|Tacticus||false
2100|Adrax Agatone|Captain||false
2100|Adrax Agatone|Adrax Agatone||false
2102|Land Speeder Typhoon|Adeptus Astartes||true
2102|Land Speeder Typhoon|Vehicle||false
2102|Land Speeder Typhoon|Imperium||false
2102|Land Speeder Typhoon|Land Speeder Typhoon||false
2102|Land Speeder Typhoon|Ravenwing||false
2102|Land Speeder Typhoon|Fly||false
2103|Command Squad|Adeptus Astartes||true
2103|Command Squad|Grenades||false
2103|Command Squad|Imperium||false
2103|Command Squad|Infantry||false
2103|Command Squad|Command Squad||false
2105|Darnath Lysander|Imperial Fists||true
2105|Darnath Lysander|Adeptus Astartes||true
2105|Darnath Lysander|Epic Hero||false
2105|Darnath Lysander|Darnath Lysander||false
2105|Darnath Lysander|Captain||false
2105|Darnath Lysander|Terminator||false
2105|Darnath Lysander|Imperium||false
2105|Darnath Lysander|Character||false
2105|Darnath Lysander|Infantry||false
2108|Plasmancer|Necrons||true
2108|Plasmancer|Cryptek||false
2108|Plasmancer|Infantry||false
2108|Plasmancer|Character||false
2108|Plasmancer|Plasmancer||false
2109|Skorpekh Lord|Necrons||true
2109|Skorpekh Lord|Infantry||false
2109|Skorpekh Lord|Character||false
2109|Skorpekh Lord|Destroyer Cult||false
2109|Skorpekh Lord|Skorpekh Lord||false
2110|Skorpekh Destroyers|Necrons||true
2110|Skorpekh Destroyers|Skorpekh Destroyers||false
2110|Skorpekh Destroyers|Destroyer Cult||false
2110|Skorpekh Destroyers|Infantry||false
2111|Cryptothralls|Necrons||true
2111|Cryptothralls|Cryptothralls||false
2111|Cryptothralls|Infantry||false
2112|Canoptek Reanimator|Necrons||true
2112|Canoptek Reanimator|Canoptek||false
2112|Canoptek Reanimator|Walker||false
2112|Canoptek Reanimator|Reanimator||false
2112|Canoptek Reanimator|Vehicle||false
2114|Canoptek Scarab Swarms|Necrons||true
2114|Canoptek Scarab Swarms|Swarm||false
2114|Canoptek Scarab Swarms|Fly||false
2114|Canoptek Scarab Swarms|Canoptek||false
2114|Canoptek Scarab Swarms|Scarab Swarms||false
2115|Canoptek Doomstalker|Necrons||true
2115|Canoptek Doomstalker|Doomstalker||false
2115|Canoptek Doomstalker|Canoptek||false
2115|Canoptek Doomstalker|Walker||false
2115|Canoptek Doomstalker|Vehicle||false
2116|Lokhust Heavy Destroyers|Necrons||true
2116|Lokhust Heavy Destroyers|Lokhust Heavy Destroyers||false
2116|Lokhust Heavy Destroyers|Destroyer Cult||false
2116|Lokhust Heavy Destroyers|Fly||false
2116|Lokhust Heavy Destroyers|Mounted||false
2173|Land Raider Redeemer|Adeptus Astartes||true
2173|Land Raider Redeemer|Smoke||false
2173|Land Raider Redeemer|Grenades||false
2173|Land Raider Redeemer|Land Raider Redeemer||false
2173|Land Raider Redeemer|Land Raider||false
2173|Land Raider Redeemer|Frame||false
2173|Land Raider Redeemer|Transport||false
2173|Land Raider Redeemer|Deathwing||false
2173|Land Raider Redeemer|Imperium||false
2173|Land Raider Redeemer|Vehicle||false
2202|Devastator Squad|Adeptus Astartes||true
2202|Devastator Squad|Infantry||false
2202|Devastator Squad|Grenades||false
2202|Devastator Squad|Imperium||false
2202|Devastator Squad|Devastator Squad||false
2234|Primaris Company Champion|Adeptus Astartes||true
2234|Primaris Company Champion|Tacticus||false
2234|Primaris Company Champion|Primaris Company Champion||false
2234|Primaris Company Champion|Infantry||false
2234|Primaris Company Champion|Character||false
2234|Primaris Company Champion|Grenades||false
2234|Primaris Company Champion|Imperium||false
2252|Spartan|Adeptus Astartes||true
2252|Spartan|Vehicle||false
2252|Spartan|Frame||false
2252|Spartan|Imperium||false
2252|Spartan|Transport||false
2252|Spartan|Smoke||false
2252|Spartan|Spartan||false
2255|Sternguard Veteran Squad|Adeptus Astartes||true
2255|Sternguard Veteran Squad|Deathwing||false
2255|Sternguard Veteran Squad|Infantry||false
2255|Sternguard Veteran Squad|Grenades||false
2255|Sternguard Veteran Squad|Imperium||false
2255|Sternguard Veteran Squad|Tacticus||false
2255|Sternguard Veteran Squad|Sternguard Veteran Squad||false
2258|Stalker|Adeptus Astartes||true
2258|Stalker|Frame||false
2258|Stalker|Stalker||false
2258|Stalker|Imperium||false
2258|Stalker|Smoke||false
2258|Stalker|Vehicle||false
2266|Librarian|Adeptus Astartes||true
2266|Librarian|Infantry||false
2266|Librarian|Character||false
2266|Librarian|Grenades||false
2266|Librarian|Psyker||false
2266|Librarian|Tacticus||false
2266|Librarian|Librarian||false
2266|Librarian|Imperium||false
2267|Deathstorm Drop Pod|Adeptus Astartes||true
2267|Deathstorm Drop Pod|Deathstorm Drop Pod||false
2267|Deathstorm Drop Pod|Imperium||false
2267|Deathstorm Drop Pod|Frame||false
2267|Deathstorm Drop Pod|Vehicle||false
2268|Deimos Predator|Adeptus Astartes||true
2268|Deimos Predator|Frame||false
2268|Deimos Predator|Smoke||false
2268|Deimos Predator|Vehicle||false
2268|Deimos Predator|Imperium||false
2268|Deimos Predator|Deimos Predator||false
2269|Deredeo Dreadnought|Adeptus Astartes||true
2269|Deredeo Dreadnought|Imperium||false
2269|Deredeo Dreadnought|Smoke||false
2269|Deredeo Dreadnought|Dreadnought||false
2269|Deredeo Dreadnought|Deredeo Dreadnought||false
2269|Deredeo Dreadnought|Deathwing||false
2269|Deredeo Dreadnought|Vehicle||false
2269|Deredeo Dreadnought|Walker||false
2270|Desolation Squad|Adeptus Astartes||true
2270|Desolation Squad|Desolation Squad||false
2270|Desolation Squad|Imperium||false
2270|Desolation Squad|Grenades||false
2270|Desolation Squad|Infantry||false
2270|Desolation Squad|Tacticus||false
2285|Death Company Marines with Bolt Rifles|Adeptus Astartes||true
2285|Death Company Marines with Bolt Rifles|Blood Angels||true
2285|Death Company Marines with Bolt Rifles|Tacticus||false
2285|Death Company Marines with Bolt Rifles|Grenades||false
2285|Death Company Marines with Bolt Rifles|Imperium||false
2285|Death Company Marines with Bolt Rifles|Death Company Marines with Bolt Rifles||false
2285|Death Company Marines with Bolt Rifles|Death Company||false
2285|Death Company Marines with Bolt Rifles|Infantry||false
2291|Sammael|Adeptus Astartes||true
2291|Sammael|Dark Angels||true
2291|Sammael|Sammael||false
2291|Sammael|Epic Hero||false
2291|Sammael|Fly||false
2291|Sammael|Grenades||false
2291|Sammael|Imperium||false
2291|Sammael|Frame||false
2291|Sammael|Ravenwing||false
2291|Sammael|Captain||false
2291|Sammael|Character||false
2291|Sammael|Mounted||false
2296|Lazarus|Adeptus Astartes||true
2296|Lazarus|Dark Angels||true
2296|Lazarus|Captain||false
2296|Lazarus|Tacticus||false
2296|Lazarus|Deathwing||false
2296|Lazarus|Grenades||false
2296|Lazarus|Epic Hero||false
2296|Lazarus|Character||false
2296|Lazarus|Infantry||false
2296|Lazarus|Lazarus||false
2296|Lazarus|Imperium||false
2302|Deathwing Command Squad|Dark Angels||true
2302|Deathwing Command Squad|Adeptus Astartes||true
2302|Deathwing Command Squad|Terminator||false
2302|Deathwing Command Squad|Deathwing||false
2302|Deathwing Command Squad|Infantry||false
2302|Deathwing Command Squad|Imperium||false
2302|Deathwing Command Squad|Deathwing Command Squad||false
2350|Royal Warden|Necrons||true
2350|Royal Warden|Royal Warden||false
2350|Royal Warden|Character||false
2350|Royal Warden|Infantry||false
2351|Lokhust Lord|Necrons||true
2351|Lokhust Lord|Lokhust Lord||false
2351|Lokhust Lord|Destroyer Cult||false
2351|Lokhust Lord|Fly||false
2351|Lokhust Lord|Mounted||false
2351|Lokhust Lord|Character||false
2352|Technomancer|Necrons||true
2352|Technomancer|Technomancer||false
2352|Technomancer|Infantry||false
2352|Technomancer|Character||false
2352|Technomancer|Cryptek||false
2352|Technomancer|Fly||false
2353|Psychomancer|Necrons||true
2353|Psychomancer|Psychomancer||false
2353|Psychomancer|Infantry||false
2353|Psychomancer|Character||false
2353|Psychomancer|Cryptek||false
2354|Chronomancer|Necrons||true
2354|Chronomancer|Infantry||false
2354|Chronomancer|Character||false
2354|Chronomancer|Chronomancer||false
2354|Chronomancer|Cryptek||false
2355|Hexmark Destroyer|Necrons||true
2355|Hexmark Destroyer|Hexmark Destroyer||false
2355|Hexmark Destroyer|Destroyer Cult||false
2355|Hexmark Destroyer|Character||false
2355|Hexmark Destroyer|Infantry||false
2357|C’tan Shard of the Void Dragon|Necrons||true
2357|C’tan Shard of the Void Dragon|Character||false
2357|C’tan Shard of the Void Dragon|C’tan Shard of the Void Dragon||false
2357|C’tan Shard of the Void Dragon|Fly||false
2357|C’tan Shard of the Void Dragon|Epic Hero||false
2357|C’tan Shard of the Void Dragon|Monster||false
2358|Ophydian Destroyers|Necrons||true
2358|Ophydian Destroyers|Ophydian Destroyers||false
2358|Ophydian Destroyers|Destroyer Cult||false
2358|Ophydian Destroyers|Infantry||false
2359|Lokhust Destroyers|Necrons||true
2359|Lokhust Destroyers|Lokhust Destroyers||false
2359|Lokhust Destroyers|Destroyer Cult||false
2359|Lokhust Destroyers|Fly||false
2359|Lokhust Destroyers|Mounted||false
2360|The Silent King|Necrons||true
2360|The Silent King|Vehicle|ALL MODELS|false
2360|The Silent King|The Silent King|SZAREKH MODEL|false
2360|The Silent King|Epic Hero|ALL MODELS|false
2360|The Silent King|Triarch|ALL MODELS|false
2360|The Silent King|Character|SZAREKH MODEL|false
2361|Convergence Of Dominion|Necrons||true
2361|Convergence Of Dominion|Vehicle||false
2361|Convergence Of Dominion|Fortification||false
2361|Convergence Of Dominion|Frame||false
2361|Convergence Of Dominion|Convergence of Dominion||false
2362|Tomb Citadel Walls|Necrons||true
2362|Tomb Citadel Walls|Tomb Citadel||false
2362|Tomb Citadel Walls|Frame||false
2362|Tomb Citadel Walls|Fortification||false
2362|Tomb Citadel Walls|Vehicle||false
2362|Tomb Citadel Walls|Titanic||false
2374|Death Korps Grenadier Squad|Astra Militarum||true
2374|Death Korps Grenadier Squad|Regiment||false
2374|Death Korps Grenadier Squad|Grenades||false
2374|Death Korps Grenadier Squad|Imperium||false
2374|Death Korps Grenadier Squad|Infantry||false
2374|Death Korps Grenadier Squad|Platoon||false
2374|Death Korps Grenadier Squad|Krieg||false
2374|Death Korps Grenadier Squad|Death Korps Grenadier Squad||false
2375|Quartermaster Cadre Squad|Astra Militarum||true
2375|Quartermaster Cadre Squad|Character|QUARTERMASTER REVENANT|false
2375|Quartermaster Cadre Squad|Infantry|ALL MODELS|false
2375|Quartermaster Cadre Squad|Imperium|ALL MODELS|false
2375|Quartermaster Cadre Squad|Quartermaster Cadre Squad|ALL MODELS|false
2375|Quartermaster Cadre Squad|Grenades|ALL MODELS|false
2375|Quartermaster Cadre Squad|Regiment|ALL MODELS|false
2377|Elysian Sniper Squad|Astra Militarum||true
2377|Elysian Sniper Squad|Regiment||false
2377|Elysian Sniper Squad|Infantry||false
2377|Elysian Sniper Squad|Grenades||false
2377|Elysian Sniper Squad|Elysian Sniper Squad||false
2377|Elysian Sniper Squad|Imperium||false
2378|Death Rider Commissar|Astra Militarum||true
2378|Death Rider Commissar|Imperium||false
2378|Death Rider Commissar|Officer||false
2378|Death Rider Commissar|Mounted||false
2378|Death Rider Commissar|Character||false
2378|Death Rider Commissar|Grenades||false
2378|Death Rider Commissar|Death Rider Commissar||false
2379|Storm Chimera|Astra Militarum||true
2379|Storm Chimera|Squadron||false
2379|Storm Chimera|Imperium||false
2379|Storm Chimera|Frame||false
2379|Storm Chimera|Vehicle||false
2379|Storm Chimera|Storm Chimera||false
2379|Storm Chimera|Smoke||false
2379|Storm Chimera|Dedicated Transport||false
2379|Storm Chimera|Transport||false
2459|Webway Gate|Asuryani||true
2459|Webway Gate|||true
2459|Webway Gate|Ynnari||true
2459|Webway Gate|Frame||false
2459|Webway Gate|Fortification||false
2459|Webway Gate|Webway Gate||false
2459|Webway Gate|Aeldari||false
2460|Lord of Virulence|Death Guard||true
2460|Lord of Virulence|||true
2460|Lord of Virulence|Terminator||false
2460|Lord of Virulence|Nurgle||false
2460|Lord of Virulence|Chaos||false
2460|Lord of Virulence|Character||false
2460|Lord of Virulence|Infantry||false
2460|Lord of Virulence|Lord of Virulence||false
2461|Chaos Predator Destructor|||true
2461|Chaos Predator Destructor|Death Guard||true
2461|Chaos Predator Destructor|Predator Destructor||false
2461|Chaos Predator Destructor|Frame||false
2461|Chaos Predator Destructor|Smoke||false
2461|Chaos Predator Destructor|Chaos||false
2461|Chaos Predator Destructor|Nurgle||false
2461|Chaos Predator Destructor|Vehicle||false
2462|Miasmic Malignifier|Death Guard||true
2462|Miasmic Malignifier|||true
2462|Miasmic Malignifier|Miasmic Malignifier||false
2462|Miasmic Malignifier|Nurgle||false
2462|Miasmic Malignifier|Chaos||false
2462|Miasmic Malignifier|Frame||false
2462|Miasmic Malignifier|Fortification||false
2468|Deathwing Strikemaster|Adeptus Astartes||true
2468|Deathwing Strikemaster|Dark Angels||true
2468|Deathwing Strikemaster|Character||false
2468|Deathwing Strikemaster|Infantry||false
2468|Deathwing Strikemaster|Deathwing||false
2468|Deathwing Strikemaster|Deathwing Strikemaster||false
2468|Deathwing Strikemaster|Lieutenant||false
2468|Deathwing Strikemaster|Terminator||false
2468|Deathwing Strikemaster|Imperium||false
2471|Court of the Archon|Drukhari||true
2471|Court of the Archon|Infantry||false
2471|Court of the Archon|Kabal||false
2471|Court of the Archon|Court of the Archon||false
2471|Court of the Archon|Aeldari||false
2472|Palatine|Adepta Sororitas||true
2472|Palatine|Infantry||false
2472|Palatine|Palatine||false
2472|Palatine|Imperium||false
2472|Palatine|Grenades||false
2472|Palatine|Character||false
2473|Tor Garadon|Adeptus Astartes||true
2473|Tor Garadon|Imperial Fists||true
2473|Tor Garadon|Tor Garadon||false
2473|Tor Garadon|Epic Hero||false
2473|Tor Garadon|Character||false
2473|Tor Garadon|Infantry||false
2473|Tor Garadon|Captain||false
2473|Tor Garadon|Gravis||false
2473|Tor Garadon|Imperium||false
2477|Technoarcheologist|Adeptus Mechanicus||true
2477|Technoarcheologist|Tech-Priest||false
2477|Technoarcheologist|Imperium||false
2477|Technoarcheologist|Technoarcheologist||false
2477|Technoarcheologist|Character||false
2477|Technoarcheologist|Infantry||false
2477|Technoarcheologist|Cult Mechanicus||false
2478|Skitarii Marshal|Adeptus Mechanicus||true
2478|Skitarii Marshal|Infantry||false
2478|Skitarii Marshal|Character||false
2478|Skitarii Marshal|Imperium||false
2478|Skitarii Marshal|Skitarii||false
2478|Skitarii Marshal|Marshal||false
2479|Morvenn Vahl|Adepta Sororitas||true
2479|Morvenn Vahl|Walker||false
2479|Morvenn Vahl|Vehicle||false
2479|Morvenn Vahl|Imperium||false
2479|Morvenn Vahl|Morvenn Vahl||false
2479|Morvenn Vahl|Character||false
2479|Morvenn Vahl|Epic Hero||false
2480|Aestred Thurga And Agathae Dolan|Adepta Sororitas||true
2480|Aestred Thurga And Agathae Dolan|Infantry||false
2480|Aestred Thurga And Agathae Dolan|Epic Hero||false
2480|Aestred Thurga And Agathae Dolan|Character||false
2480|Aestred Thurga And Agathae Dolan|Agathae Dolan||false
2480|Aestred Thurga And Agathae Dolan|Grenades||false
2480|Aestred Thurga And Agathae Dolan|Aestred Thurga||false
2480|Aestred Thurga And Agathae Dolan|Imperium||false
2481|Celestian Sacresants|Adepta Sororitas||true
2481|Celestian Sacresants|Celestian Sacresants||false
2481|Celestian Sacresants|Celestian||false
2481|Celestian Sacresants|Imperium||false
2481|Celestian Sacresants|Grenades||false
2481|Celestian Sacresants|Infantry||false
2482|Dogmata|Adepta Sororitas||true
2482|Dogmata|Dogmata||false
2482|Dogmata|Imperium||false
2482|Dogmata|Grenades||false
2482|Dogmata|Infantry||false
2482|Dogmata|Character||false
2483|Paragon Warsuits|Adepta Sororitas||true
2483|Paragon Warsuits|Walker||false
2483|Paragon Warsuits|Vehicle||false
2483|Paragon Warsuits|Paragon Warsuits||false
2483|Paragon Warsuits|Imperium||false
2483|Paragon Warsuits|Grenades||false
2484|Castigator|Adepta Sororitas||true
2484|Castigator|Imperium||false
2484|Castigator|Castigator||false
2484|Castigator|Frame||false
2484|Castigator|Vehicle||false
2484|Castigator|Smoke||false
2485|Gaunt’s Ghosts|Astra Militarum||true
2485|Gaunt’s Ghosts|Officer|IBRAM GAUNT|false
2485|Gaunt’s Ghosts|Epic Hero|IBRAM GAUNT|false
2485|Gaunt’s Ghosts|Grenades|ALL MODELS|false
2485|Gaunt’s Ghosts|Character|IBRAM GAUNT|false
2485|Gaunt’s Ghosts|Gaunt’s Ghosts|ALL MODELS|false
2485|Gaunt’s Ghosts|Imperium|ALL MODELS|false
2485|Gaunt’s Ghosts|Infantry|ALL MODELS|false
2488|Zodgrod Wortsnagga|Orks||true
2488|Zodgrod Wortsnagga|Runtherd||false
2488|Zodgrod Wortsnagga|Infantry||false
2488|Zodgrod Wortsnagga|Character||false
2488|Zodgrod Wortsnagga|Epic Hero||false
2489|Beastboss|Orks||true
2489|Beastboss|Beast Snagga||false
2489|Beastboss|Infantry||false
2489|Beastboss|Character||false
2489|Beastboss|Warboss||false
2490|Beastboss on Squigosaur|Orks||true
2490|Beastboss on Squigosaur|Monster||false
2490|Beastboss on Squigosaur|Warboss||false
2490|Beastboss on Squigosaur|Beast Snagga||false
2490|Beastboss on Squigosaur|Character||false
2491|Painboss|Orks||true
2491|Painboss|Character||false
2491|Painboss|Beast Snagga||false
2491|Painboss|Infantry||false
2493|Mozrog Skragbad|Orks||true
2493|Mozrog Skragbad|Epic Hero||false
2493|Mozrog Skragbad|Character||false
2493|Mozrog Skragbad|Beast Snagga||false
2493|Mozrog Skragbad|Monster||false
2494|Beast Snagga Boyz|Orks||true
2494|Beast Snagga Boyz|Battleline||false
2494|Beast Snagga Boyz|Beast Snagga||false
2494|Beast Snagga Boyz|Infantry||false
2494|Beast Snagga Boyz|Mob||false
2496|Squighog Boyz|Orks||true
2496|Squighog Boyz|Beast Snagga||false
2496|Squighog Boyz|Mounted||false
2496|Squighog Boyz|Mobile||false
2496|Squighog Boyz|Explosives||false
2497|Kill Rig|Orks||true
2497|Kill Rig|Beast Snagga||false
2497|Kill Rig|Monster||false
2497|Kill Rig|Psyker||false
2497|Kill Rig|Wagon||false
2497|Kill Rig|Transport||false
2498|Hunta Rig|Orks||true
2498|Hunta Rig|Wagon||false
2498|Hunta Rig|Transport||false
2498|Hunta Rig|Beast Snagga||false
2498|Hunta Rig|Monster||false
2499|Big’ed Bossbunka|Orks||true
2499|Big’ed Bossbunka|Frame||false
2499|Big’ed Bossbunka|Fortification||false
2499|Big’ed Bossbunka|Vehicle||false
2499|Big’ed Bossbunka|Transport||false
2500|Infernal Master|||true
2500|Infernal Master|Thousand Sons||true
2500|Infernal Master|Grenades||false
2500|Infernal Master|Psyker||false
2500|Infernal Master|Tzeentch||false
2500|Infernal Master|Infernal Master||false
2500|Infernal Master|Infantry||false
2500|Infernal Master|Chaos||false
2500|Infernal Master|Character||false
2501|Chaos Predator Annihilator|||true
2501|Chaos Predator Annihilator|Thousand Sons||true
2501|Chaos Predator Annihilator|Vehicle||false
2501|Chaos Predator Annihilator|Chaos||false
2501|Chaos Predator Annihilator|Tzeentch||false
2501|Chaos Predator Annihilator|Predator Annihilator||false
2501|Chaos Predator Annihilator|Smoke||false
2501|Chaos Predator Annihilator|Frame||false
2507|Sisters Novitiate Squad|Adepta Sororitas||true
2507|Sisters Novitiate Squad|Sisters Novitiate Squad||false
2507|Sisters Novitiate Squad|Imperium||false
2507|Sisters Novitiate Squad|Grenades||false
2507|Sisters Novitiate Squad|Infantry||false
2509|Voidsmen-at-arms|Agents of the Imperium||true
2509|Voidsmen-at-arms|Voidfarers||false
2509|Voidsmen-at-arms|Retinue||false
2509|Voidsmen-at-arms|Grenades||false
2509|Voidsmen-at-arms|Voidsmen-at-Arms||false
2509|Voidsmen-at-arms|Infantry||false
2509|Voidsmen-at-arms|Imperium||false
2518|Blade Champion|Adeptus Custodes||true
2518|Blade Champion|Imperium||false
2518|Blade Champion|Blade Champion||false
2518|Blade Champion|Infantry||false
2518|Blade Champion|Character||false
2519|Valerian|Adeptus Custodes||true
2519|Valerian|Valerian||false
2519|Valerian|Shield-Captain||false
2519|Valerian|Imperium||false
2519|Valerian|Epic Hero||false
2519|Valerian|Character||false
2519|Valerian|Infantry||false
2520|Knight-centura|Adeptus Custodes||true
2520|Knight-centura|Character||false
2520|Knight-centura|Infantry||false
2520|Knight-centura|Imperium||false
2520|Knight-centura|Anathema Psykana||false
2520|Knight-centura|Knight-Centura||false
2521|Prosecutors|Adeptus Custodes||true
2521|Prosecutors|Infantry||false
2521|Prosecutors|Imperium||false
2521|Prosecutors|Anathema Psykana||false
2521|Prosecutors|Prosecutors||false
2522|Vigilators|Adeptus Custodes||true
2522|Vigilators|Infantry||false
2522|Vigilators|Anathema Psykana||false
2522|Vigilators|Vigilators||false
2522|Vigilators|Imperium||false
2523|Witchseekers|Adeptus Custodes||true
2523|Witchseekers|Anathema Psykana||false
2523|Witchseekers|Infantry||false
2523|Witchseekers|Witchseekers||false
2523|Witchseekers|Imperium||false
2524|Anathema Psykana Rhino|Adeptus Custodes||true
2524|Anathema Psykana Rhino|Transport||false
2524|Anathema Psykana Rhino|Vehicle||false
2524|Anathema Psykana Rhino|Rhino||false
2524|Anathema Psykana Rhino|Anathema Psykana||false
2524|Anathema Psykana Rhino|Imperium||false
2524|Anathema Psykana Rhino|Smoke||false
2524|Anathema Psykana Rhino|Dedicated Transport||false
2524|Anathema Psykana Rhino|Frame||false
2525|Reductus Saboteur|Genestealer Cults||true
2525|Reductus Saboteur|Great Devourer||false
2525|Reductus Saboteur|Grenades||false
2525|Reductus Saboteur|Character||false
2525|Reductus Saboteur|Infantry||false
2525|Reductus Saboteur|Reductus Saboteur||false
2528|Winged Hive Tyrant|Tyranids||true
2528|Winged Hive Tyrant|Monster||false
2528|Winged Hive Tyrant|Great Devourer||false
2528|Winged Hive Tyrant|Psyker||false
2528|Winged Hive Tyrant|Character||false
2528|Winged Hive Tyrant|Synapse||false
2528|Winged Hive Tyrant|Fly||false
2528|Winged Hive Tyrant|Winged Hive Tyrant||false
2528|Winged Hive Tyrant|Hive Tyrant||false
2528|Winged Hive Tyrant|Vanguard Invader||false
2529|Parasite Of Mortrex|Tyranids||true
2529|Parasite Of Mortrex|Synapse||false
2529|Parasite Of Mortrex|Fly||false
2529|Parasite Of Mortrex|Character||false
2529|Parasite Of Mortrex|Infantry||false
2529|Parasite Of Mortrex|Parasite of Mortrex||false
2529|Parasite Of Mortrex|Vanguard Invader||false
2529|Parasite Of Mortrex|Great Devourer||false
2530|Lieutenant In Phobos Armour|Adeptus Astartes||true
2530|Lieutenant In Phobos Armour|Lieutenant||false
2530|Lieutenant In Phobos Armour|Phobos||false
2530|Lieutenant In Phobos Armour|Imperium||false
2530|Lieutenant In Phobos Armour|Grenades||false
2530|Lieutenant In Phobos Armour|Character||false
2530|Lieutenant In Phobos Armour|Infantry||false
2531|Corsair Voidreavers|||true
2531|Corsair Voidreavers|Asuryani||true
2531|Corsair Voidreavers|Ynnari||true
2531|Corsair Voidreavers|Grenades||false
2531|Corsair Voidreavers|Infantry||false
2531|Corsair Voidreavers|Battleline||false
2531|Corsair Voidreavers|Aeldari||false
2531|Corsair Voidreavers|Corsair Voidreavers||false
2531|Corsair Voidreavers|Anhrathe||false
2532|Corsair Voidscarred|||true
2532|Corsair Voidscarred|Asuryani||true
2532|Corsair Voidscarred|Ynnari||true
2532|Corsair Voidscarred|Aeldari|ALL MODELS|false
2532|Corsair Voidscarred|Psyker|WAY SEEKER|false
2532|Corsair Voidscarred|Corsair Voidscarred|ALL MODELS|false
2532|Corsair Voidscarred|Anhrathe|ALL MODELS|false
2532|Corsair Voidscarred|Grenades|ALL MODELS|false
2532|Corsair Voidscarred|Infantry|ALL MODELS|false
2533|Shroud Runners|||true
2533|Shroud Runners|Asuryani||true
2533|Shroud Runners|Ynnari||true
2533|Shroud Runners|Aeldari||false
2533|Shroud Runners|Fly||false
2533|Shroud Runners|Shroud Runners||false
2533|Shroud Runners|Mounted||false
2534|Troupe Master|||true
2534|Troupe Master|Harlequins||true
2534|Troupe Master|Character||false
2534|Troupe Master|Infantry||false
2534|Troupe Master|Aeldari||false
2534|Troupe Master|Grenades||false
2534|Troupe Master|Troupe Master||false
2535|Shadowseer|||true
2535|Shadowseer|Harlequins||true
2535|Shadowseer|Infantry||false
2535|Shadowseer|Shadowseer||false
2535|Shadowseer|Grenades||false
2535|Shadowseer|Psyker||false
2535|Shadowseer|Aeldari||false
2535|Shadowseer|Character||false
2536|Troupe|||true
2536|Troupe|Harlequins||true
2536|Troupe|Grenades||false
2536|Troupe|Infantry||false
2536|Troupe|Aeldari||false
2536|Troupe|Troupe||false
2537|Death Jester|Harlequins||true
2537|Death Jester|||true
2537|Death Jester|Aeldari||false
2537|Death Jester|Death Jester||false
2537|Death Jester|Character||false
2537|Death Jester|Infantry||false
2538|Solitaire|Harlequins||true
2538|Solitaire|||true
2538|Solitaire|Infantry||false
2538|Solitaire|Character||false
2538|Solitaire|Epic Hero||false
2538|Solitaire|Aeldari||false
2538|Solitaire|Solitaire||false
2539|Skyweavers|||true
2539|Skyweavers|Harlequins||true
2539|Skyweavers|Aeldari||false
2539|Skyweavers|Mounted||false
2539|Skyweavers|Skyweavers||false
2539|Skyweavers|Smoke||false
2539|Skyweavers|Fly||false
2540|Voidweaver|Harlequins||true
2540|Voidweaver|||true
2540|Voidweaver|Fly||false
2540|Voidweaver|Frame||false
2540|Voidweaver|Voidweaver||false
2540|Voidweaver|Aeldari||false
2540|Voidweaver|Vehicle||false
2541|Starweaver|||true
2541|Starweaver|Harlequins||true
2541|Starweaver|Frame||false
2541|Starweaver|Fly||false
2541|Starweaver|Smoke||false
2541|Starweaver|Dedicated Transport||false
2541|Starweaver|Transport||false
2541|Starweaver|Aeldari||false
2541|Starweaver|Vehicle||false
2541|Starweaver|Starweaver||false
2542|Yvraine|||true
2542|Yvraine|Ynnari||true
2542|Yvraine|Aeldari||false
2542|Yvraine|Epic Hero||false
2542|Yvraine|Character||false
2542|Yvraine|Infantry||false
2542|Yvraine|Yvraine||false
2542|Yvraine|Psyker||false
2543|The Visarch|Ynnari||true
2543|The Visarch|||true
2543|The Visarch|The Visarch||false
2543|The Visarch|Aeldari||false
2543|The Visarch|Epic Hero||false
2543|The Visarch|Character||false
2543|The Visarch|Infantry||false
2544|The Yncarne|Ynnari||true
2544|The Yncarne|||true
2544|The Yncarne|Daemon||false
2544|The Yncarne|The Yncarne||false
2544|The Yncarne|Epic Hero||false
2544|The Yncarne|Aeldari||false
2544|The Yncarne|Fly||false
2544|The Yncarne|Psyker||false
2544|The Yncarne|Character||false
2544|The Yncarne|Monster||false
2562|War Dog Executioner|Chaos Knights||true
2562|War Dog Executioner|Executioner||false
2562|War Dog Executioner|War Dog||false
2562|War Dog Executioner|Chaos||false
2562|War Dog Executioner|Vehicle||false
2562|War Dog Executioner|Walker||false
2563|War Dog Stalker|Chaos Knights||true
2563|War Dog Stalker|Stalker||false
2563|War Dog Stalker|Chaos||false
2563|War Dog Stalker|Walker||false
2563|War Dog Stalker|Vehicle||false
2563|War Dog Stalker|War Dog||false
2564|War Dog Karnivore|Chaos Knights||true
2564|War Dog Karnivore|War Dog||false
2564|War Dog Karnivore|Karnivore||false
2564|War Dog Karnivore|Walker||false
2564|War Dog Karnivore|Vehicle||false
2564|War Dog Karnivore|Chaos||false
2565|War Dog Brigand|Chaos Knights||true
2565|War Dog Brigand|Vehicle||false
2565|War Dog Brigand|Walker||false
2565|War Dog Brigand|War Dog||false
2565|War Dog Brigand|Brigand||false
2565|War Dog Brigand|Chaos||false
2566|War Dog Huntsman|Chaos Knights||true
2566|War Dog Huntsman|War Dog||false
2566|War Dog Huntsman|Huntsman||false
2566|War Dog Huntsman|Chaos||false
2566|War Dog Huntsman|Walker||false
2566|War Dog Huntsman|Vehicle||false
2567|Knight Abominant|Chaos Knights||true
2567|Knight Abominant|Character||false
2567|Knight Abominant|Abhorrent||false
2567|Knight Abominant|Towering||false
2567|Knight Abominant|Psyker||false
2567|Knight Abominant|Knight Abominant||false
2567|Knight Abominant|Chaos||false
2567|Knight Abominant|Vehicle||false
2567|Knight Abominant|Titanic||false
2567|Knight Abominant|Walker||false
2568|Impulsor|Adeptus Astartes||true
2568|Impulsor|Imperium||false
2568|Impulsor|Dedicated Transport||false
2568|Impulsor|Transport||false
2568|Impulsor|Vehicle||false
2568|Impulsor|Impulsor||false
2568|Impulsor|Frame||false
2569|Dark Commune|Heretic Astartes||true
2569|Dark Commune|Cult Demagogue|CULT DEMAGOGUE ONLY|false
2569|Dark Commune|Character|CULT DEMAGOGUE ONLY|false
2569|Dark Commune|Psyker|MINDWITCH ONLY|false
2569|Dark Commune|Dark Commune|ALL MODELS|false
2569|Dark Commune|Damned|ALL MODELS|false
2569|Dark Commune|Infantry|ALL MODELS|false
2569|Dark Commune|Chaos|ALL MODELS|false
2569|Dark Commune|Grenades|ALL MODELS|false
2570|Legionaries|Heretic Astartes||true
2570|Legionaries|Legionaries||false
2570|Legionaries|Chaos||false
2570|Legionaries|Battleline||false
2570|Legionaries|Infantry||false
2570|Legionaries|Grenades||false
2571|Accursed Cultists|Heretic Astartes||true
2571|Accursed Cultists|Damned||false
2571|Accursed Cultists|Chaos||false
2571|Accursed Cultists|Infantry||false
2571|Accursed Cultists|Accursed Cultists||false
2572|Chaos Predator Annihilator|Heretic Astartes||true
2572|Chaos Predator Annihilator|Frame||false
2572|Chaos Predator Annihilator|Vehicle||false
2572|Chaos Predator Annihilator|Predator Annihilator||false
2572|Chaos Predator Annihilator|Chaos||false
2572|Chaos Predator Annihilator|Smoke||false
2582|Bloodthirster|Legiones Daemonica||true
2582|Bloodthirster|Monster||false
2582|Bloodthirster|Character||false
2582|Bloodthirster|Fly||false
2582|Bloodthirster|Shadow Legion||false
2582|Bloodthirster|Daemon||false
2582|Bloodthirster|Khorne||false
2582|Bloodthirster|Bloodthirster||false
2582|Bloodthirster|Chaos||false
2583|Blue Horrors|Legiones Daemonica||true
2583|Blue Horrors|Shadow Legion||false
2583|Blue Horrors|Brimstone|BRIMSTONE HORRORS|false
2583|Blue Horrors|Blue|BLUE HORRORS|false
2583|Blue Horrors|Tzeentch|ALL MODELS|false
2583|Blue Horrors|Daemon|ALL MODELS|false
2583|Blue Horrors|Chaos|ALL MODELS|false
2583|Blue Horrors|Battleline|ALL MODELS|false
2583|Blue Horrors|Infantry|ALL MODELS|false
2583|Blue Horrors|Horrors|ALL MODELS|false
2584|Pink Horrors|Legiones Daemonica||true
2584|Pink Horrors|Daemon|ALL MODELS|false
2584|Pink Horrors|Pink|PINK HORRORS|false
2584|Pink Horrors|Blue|BLUE HORRORS|false
2584|Pink Horrors|Brimstone|BRIMSTONE HORRORS|false
2584|Pink Horrors|Shadow Legion||false
2584|Pink Horrors|Horrors|ALL MODELS|false
2584|Pink Horrors|Infantry|ALL MODELS|false
2584|Pink Horrors|Battleline|ALL MODELS|false
2584|Pink Horrors|Tzeentch|ALL MODELS|false
2584|Pink Horrors|Chaos|ALL MODELS|false
2587|Imperial Navy Breachers|Agents of the Imperium||true
2587|Imperial Navy Breachers|Imperial Navy Breachers||false
2587|Imperial Navy Breachers|Smoke||false
2587|Imperial Navy Breachers|Grenades||false
2587|Imperial Navy Breachers|Battleline||false
2587|Imperial Navy Breachers|Infantry||false
2587|Imperial Navy Breachers|Voidfarers||false
2587|Imperial Navy Breachers|Imperium||false
2587|Imperial Navy Breachers|Retinue||false
2588|Kroot Farstalkers|T’au Empire||true
2588|Kroot Farstalkers|Farstalkers||false
2588|Kroot Farstalkers|Grenades||false
2588|Kroot Farstalkers|Kroot||false
2588|Kroot Farstalkers|Infantry||false
2589|Traitor Enforcer|Heretic Astartes||true
2589|Traitor Enforcer|Traitor Enforcer|TRAITOR ENFORCER ONLY|false
2589|Traitor Enforcer|Character|TRAITOR ENFORCER ONLY|false
2589|Traitor Enforcer|Infantry|ALL MODELS|false
2589|Traitor Enforcer|Chaos|ALL MODELS|false
2589|Traitor Enforcer|Grenades|ALL MODELS|false
2589|Traitor Enforcer|Damned|ALL MODELS|false
2590|Traitor Guardsmen Squad|Heretic Astartes||true
2590|Traitor Guardsmen Squad|Traitor Guardsmen Squad||false
2590|Traitor Guardsmen Squad|Chaos||false
2590|Traitor Guardsmen Squad|Infantry||false
2590|Traitor Guardsmen Squad|Grenades||false
2590|Traitor Guardsmen Squad|Damned||false
2591|Mutoid Vermin|Heretic Astartes||true
2591|Mutoid Vermin|Mutoid Vermin||false
2591|Mutoid Vermin|Chaos||false
2591|Mutoid Vermin|Swarm||false
2591|Mutoid Vermin|Nurgle||false
2591|Mutoid Vermin|Damned||false
2592|Gellerpox Infected|Heretic Astartes||true
2592|Gellerpox Infected|Nurgle||false
2592|Gellerpox Infected|Chaos||false
2592|Gellerpox Infected|Damned||false
2592|Gellerpox Infected|Infantry||false
2592|Gellerpox Infected|Gellerpox Infected||false
2593|Ûthar the Destined|Leagues of Votann||true
2593|Ûthar the Destined|Infantry||false
2593|Ûthar the Destined|Epic Hero||false
2593|Ûthar the Destined|Kâhl||false
2593|Ûthar the Destined|Character||false
2593|Ûthar the Destined|Ûthar the Destined||false
2594|Kâhl|Leagues of Votann||true
2594|Kâhl|Character||false
2594|Kâhl|Kâhl||false
2594|Kâhl|Infantry||false
2595|Einhyr Champion|Leagues of Votann||true
2595|Einhyr Champion|Character||false
2595|Einhyr Champion|Exoarmour||false
2595|Einhyr Champion|Einhyr Champion||false
2595|Einhyr Champion|Infantry||false
2596|Grimnyr|Leagues of Votann||true
2596|Grimnyr|Grimnyr|GRIMNYR MODEL|false
2596|Grimnyr|Psyker|GRIMNYR MODEL|false
2596|Grimnyr|Character|GRIMNYR MODEL|false
2596|Grimnyr|Infantry|ALL MODELS|false
2597|Brôkhyr Iron-master|Leagues of Votann||true
2597|Brôkhyr Iron-master|Iron-master|BRÔKHYR IRON-MASTER MODEL|false
2597|Brôkhyr Iron-master|Character|BRÔKHYR IRON-MASTER MODEL|false
2597|Brôkhyr Iron-master|Infantry|ALL MODELS|false
2597|Brôkhyr Iron-master|Brôkhyr|ALL MODELS|false
2598|Hearthkyn Warriors|Leagues of Votann||true
2598|Hearthkyn Warriors|Battleline||false
2598|Hearthkyn Warriors|Hearthkyn Warriors||false
2598|Hearthkyn Warriors|Grenades||false
2598|Hearthkyn Warriors|Infantry||false
2599|Einhyr Hearthguard|Leagues of Votann||true
2599|Einhyr Hearthguard|Exoarmour||false
2599|Einhyr Hearthguard|Einhyr Hearthguard||false
2599|Einhyr Hearthguard|Infantry||false
2600|Cthonian Beserks|Leagues of Votann||true
2600|Cthonian Beserks|Cthonian||false
2600|Cthonian Beserks|Infantry||false
2600|Cthonian Beserks|Beserks||false
2601|Hernkyn Pioneers|Leagues of Votann||true
2601|Hernkyn Pioneers|Fly||false
2601|Hernkyn Pioneers|Grenades||false
2601|Hernkyn Pioneers|Pioneers||false
2601|Hernkyn Pioneers|Mounted||false
2601|Hernkyn Pioneers|Hernkyn||false
2602|Sagitaur|Leagues of Votann||true
2602|Sagitaur|Frame||false
2602|Sagitaur|Dedicated Transport||false
2602|Sagitaur|Vehicle||false
2602|Sagitaur|Transport||false
2602|Sagitaur|Sagitaur||false
2603|Brôkhyr Thunderkyn|Leagues of Votann||true
2603|Brôkhyr Thunderkyn|Thunderkyn||false
2603|Brôkhyr Thunderkyn|Brôkhyr||false
2603|Brôkhyr Thunderkyn|Exoframe||false
2603|Brôkhyr Thunderkyn|Infantry||false
2604|Hekaton Land Fortress|Leagues of Votann||true
2604|Hekaton Land Fortress|Frame||false
2604|Hekaton Land Fortress|Hekaton Land Fortress||false
2604|Hekaton Land Fortress|Transport||false
2604|Hekaton Land Fortress|Vehicle||false
2605|Lord Solar Leontus|Astra Militarum||true
2605|Lord Solar Leontus|Officer||false
2605|Lord Solar Leontus|Mounted||false
2605|Lord Solar Leontus|Character||false
2605|Lord Solar Leontus|Lord Solar Leontus||false
2605|Lord Solar Leontus|Imperium||false
2605|Lord Solar Leontus|Epic Hero||false
2606|Ursula Creed|Astra Militarum||true
2606|Ursula Creed|Ursula Creed||false
2606|Ursula Creed|Officer||false
2606|Ursula Creed|Imperium||false
2606|Ursula Creed|Epic Hero||false
2606|Ursula Creed|Character||false
2606|Ursula Creed|Infantry||false
2607|Cadian Castellan|Astra Militarum||true
2607|Cadian Castellan|Grenades||false
2607|Cadian Castellan|Character||false
2607|Cadian Castellan|Infantry||false
2607|Cadian Castellan|Cadian Castellan||false
2607|Cadian Castellan|Officer||false
2607|Cadian Castellan|Imperium||false
2609|Cadian Command Squad|Astra Militarum||true
2609|Cadian Command Squad|Infantry|ALL MODELS|false
2609|Cadian Command Squad|Grenades|ALL MODELS|false
2609|Cadian Command Squad|Imperium|ALL MODELS|false
2609|Cadian Command Squad|Platoon|ALL MODELS|false
2609|Cadian Command Squad|Cadian|ALL MODELS|false
2609|Cadian Command Squad|Command Squad|ALL MODELS|false
2609|Cadian Command Squad|Character|CADIAN COMMANDER|false
2609|Cadian Command Squad|Officer|CADIAN COMMANDER|false
2610|Regimental Attachés|Astra Militarum||true
2610|Regimental Attachés|Regimental Attachés|ALL MODELS|false
2610|Regimental Attachés|Psyker|ASTROPATH|false
2610|Regimental Attachés|Infantry|ALL MODELS|false
2610|Regimental Attachés|Imperium|ALL MODELS|false
2612|Cadian Shock Troops|Astra Militarum||true
2612|Cadian Shock Troops|Cadian||false
2612|Cadian Shock Troops|Cadian Shock Troops||false
2612|Cadian Shock Troops|Infantry||false
2612|Cadian Shock Troops|Battleline||false
2612|Cadian Shock Troops|Imperium||false
2612|Cadian Shock Troops|Grenades||false
2612|Cadian Shock Troops|Regiment||false
2612|Cadian Shock Troops|Platoon||false
2613|Death Korps Of Krieg|Astra Militarum||true
2613|Death Korps Of Krieg|Infantry||false
2613|Death Korps Of Krieg|Grenades||false
2613|Death Korps Of Krieg|Battleline||false
2613|Death Korps Of Krieg|Death Korps of Krieg||false
2613|Death Korps Of Krieg|Platoon||false
2613|Death Korps Of Krieg|Regiment||false
2613|Death Korps Of Krieg|Imperium||false
2614|Catachan Jungle Fighters|Astra Militarum||true
2614|Catachan Jungle Fighters|Regiment||false
2614|Catachan Jungle Fighters|Infantry||false
2614|Catachan Jungle Fighters|Battleline||false
2614|Catachan Jungle Fighters|Imperium||false
2614|Catachan Jungle Fighters|Platoon||false
2614|Catachan Jungle Fighters|Catachan Jungle Fighters||false
2614|Catachan Jungle Fighters|Grenades||false
2615|Kasrkin|Astra Militarum||true
2615|Kasrkin|Regiment||false
2615|Kasrkin|Infantry||false
2615|Kasrkin|Grenades||false
2615|Kasrkin|Imperium||false
2615|Kasrkin|Kasrkin||false
2616|Attilan Rough Riders|Astra Militarum||true
2616|Attilan Rough Riders|Imperium||false
2616|Attilan Rough Riders|Mounted||false
2616|Attilan Rough Riders|Grenades||false
2616|Attilan Rough Riders|Regiment||false
2616|Attilan Rough Riders|Attilan Rough Riders||false
2617|Rogal Dorn Battle Tank|Astra Militarum||true
2617|Rogal Dorn Battle Tank|Frame||false
2617|Rogal Dorn Battle Tank|Rogal Dorn Battle Tank||false
2617|Rogal Dorn Battle Tank|Vehicle||false
2617|Rogal Dorn Battle Tank|Smoke||false
2617|Rogal Dorn Battle Tank|Imperium||false
2617|Rogal Dorn Battle Tank|Squadron||false
2619|Aegis Defence Line|Astra Militarum||true
2619|Aegis Defence Line|Frame||false
2619|Aegis Defence Line|Aegis Defence Line||false
2619|Aegis Defence Line|Imperium||false
2619|Aegis Defence Line|Fortification||false
2621|Angron|World Eaters||true
2621|Angron|||true
2621|Angron|Epic Hero||false
2621|Angron|Angron||false
2621|Angron|Primarch||false
2621|Angron|Monster||false
2621|Angron|Character||false
2621|Angron|Fly||false
2621|Angron|Chaos||false
2621|Angron|Khorne||false
2621|Angron|Daemon||false
2622|Khârn The Betrayer|World Eaters||true
2622|Khârn The Betrayer|||true
2622|Khârn The Betrayer|Epic Hero||false
2622|Khârn The Betrayer|Character||false
2622|Khârn The Betrayer|Infantry||false
2622|Khârn The Betrayer|Khorne||false
2622|Khârn The Betrayer|Khârn the Betrayer||false
2622|Khârn The Betrayer|Chaos||false
2622|Khârn The Betrayer|Grenades||false
2623|Lord Invocatus|||true
2623|Lord Invocatus|World Eaters||true
2623|Lord Invocatus|Character||false
2623|Lord Invocatus|Mounted||false
2623|Lord Invocatus|Chaos||false
2623|Lord Invocatus|Lord Invocatus||false
2623|Lord Invocatus|Epic Hero||false
2623|Lord Invocatus|Khorne||false
2624|Daemon Prince of Khorne|World Eaters||true
2624|Daemon Prince of Khorne|||true
2624|Daemon Prince of Khorne|Character||false
2624|Daemon Prince of Khorne|Monster||false
2624|Daemon Prince of Khorne|Chaos||false
2624|Daemon Prince of Khorne|Khorne||false
2624|Daemon Prince of Khorne|Daemon||false
2624|Daemon Prince of Khorne|Daemon Prince||false
2625|Lord on Juggernaut|World Eaters||true
2625|Lord on Juggernaut|||true
2625|Lord on Juggernaut|Mounted||false
2625|Lord on Juggernaut|Character||false
2625|Lord on Juggernaut|Chaos||false
2625|Lord on Juggernaut|Khorne||false
2625|Lord on Juggernaut|Lord on Juggernaut||false
2626|Master of Executions|World Eaters||true
2626|Master of Executions|||true
2626|Master of Executions|Infantry||false
2626|Master of Executions|Character||false
2626|Master of Executions|Chaos||false
2626|Master of Executions|Master of Executions||false
2626|Master of Executions|Khorne||false
2627|Khorne Berzerkers|World Eaters||true
2627|Khorne Berzerkers|||true
2627|Khorne Berzerkers|Infantry||false
2627|Khorne Berzerkers|Battleline||false
2627|Khorne Berzerkers|Grenades||false
2627|Khorne Berzerkers|Chaos||false
2627|Khorne Berzerkers|Berzerkers||false
2627|Khorne Berzerkers|Khorne||false
2628|Jakhals|World Eaters||true
2628|Jakhals|||true
2628|Jakhals|Chaos||false
2628|Jakhals|Khorne||false
2628|Jakhals|Grenades||false
2628|Jakhals|Jakhals||false
2628|Jakhals|Infantry||false
2629|Chaos Terminators|||true
2629|Chaos Terminators|World Eaters||true
2629|Chaos Terminators|Terminator Squad||false
2629|Chaos Terminators|Infantry||false
2629|Chaos Terminators|Chaos||false
2629|Chaos Terminators|Khorne||false
2629|Chaos Terminators|Terminator||false
2630|Eightbound|World Eaters||true
2630|Eightbound|||true
2630|Eightbound|Eightbound||false
2630|Eightbound|Daemon||false
2630|Eightbound|Possessed||false
2630|Eightbound|Khorne||false
2630|Eightbound|Chaos||false
2630|Eightbound|Infantry||false
2631|Exalted Eightbound|World Eaters||true
2631|Exalted Eightbound|||true
2631|Exalted Eightbound|Infantry||false
2631|Exalted Eightbound|Khorne||false
2631|Exalted Eightbound|Chaos||false
2631|Exalted Eightbound|Exalted Eightbound||false
2631|Exalted Eightbound|Possessed||false
2631|Exalted Eightbound|Daemon||false
2632|Helbrute|World Eaters||true
2632|Helbrute|||true
2632|Helbrute|Walker||false
2632|Helbrute|Vehicle||false
2632|Helbrute|Khorne||false
2632|Helbrute|Chaos||false
2632|Helbrute|Helbrute||false
2633|Chaos Spawn|World Eaters||true
2633|Chaos Spawn|||true
2633|Chaos Spawn|Spawn||false
2633|Chaos Spawn|Khorne||false
2633|Chaos Spawn|Chaos||false
2633|Chaos Spawn|Beast||false
2634|Chaos Land Raider|World Eaters||true
2634|Chaos Land Raider|||true
2634|Chaos Land Raider|Smoke||false
2634|Chaos Land Raider|Land Raider||false
2634|Chaos Land Raider|Khorne||false
2634|Chaos Land Raider|Chaos||false
2634|Chaos Land Raider|Frame||false
2634|Chaos Land Raider|Transport||false
2634|Chaos Land Raider|Vehicle||false
2636|Chaos Predator Destructor|World Eaters||true
2636|Chaos Predator Destructor|||true
2636|Chaos Predator Destructor|Vehicle||false
2636|Chaos Predator Destructor|Frame||false
2636|Chaos Predator Destructor|Smoke||false
2636|Chaos Predator Destructor|Chaos||false
2636|Chaos Predator Destructor|Khorne||false
2636|Chaos Predator Destructor|Predator Destructor||false
2637|Chaos Predator Annihilator|||true
2637|Chaos Predator Annihilator|World Eaters||true
2637|Chaos Predator Annihilator|Frame||false
2637|Chaos Predator Annihilator|Vehicle||false
2637|Chaos Predator Annihilator|Smoke||false
2637|Chaos Predator Annihilator|Chaos||false
2637|Chaos Predator Annihilator|Khorne||false
2637|Chaos Predator Annihilator|Predator Annihilator||false
2638|Forgefiend|||true
2638|Forgefiend|World Eaters||true
2638|Forgefiend|Daemon||false
2638|Forgefiend|Khorne||false
2638|Forgefiend|Vehicle||false
2638|Forgefiend|Forgefiend||false
2638|Forgefiend|Walker||false
2638|Forgefiend|Chaos||false
2639|Maulerfiend|||true
2639|Maulerfiend|World Eaters||true
2639|Maulerfiend|Khorne||false
2639|Maulerfiend|Walker||false
2639|Maulerfiend|Vehicle||false
2639|Maulerfiend|Daemon||false
2639|Maulerfiend|Maulerfiend||false
2639|Maulerfiend|Chaos||false
2640|Chaos Rhino|World Eaters||true
2640|Chaos Rhino|||true
2640|Chaos Rhino|Khorne||false
2640|Chaos Rhino|Chaos||false
2640|Chaos Rhino|Vehicle||false
2640|Chaos Rhino|Smoke||false
2640|Chaos Rhino|Dedicated Transport||false
2640|Chaos Rhino|Frame||false
2640|Chaos Rhino|Transport||false
2640|Chaos Rhino|Rhino||false
2641|Heldrake|||true
2641|Heldrake|World Eaters||true
2641|Heldrake|Fly||false
2641|Heldrake|Vehicle||false
2641|Heldrake|Heldrake||false
2641|Heldrake|Daemon||false
2641|Heldrake|Khorne||false
2641|Heldrake|Chaos||false
2642|Khorne Lord of Skulls|||true
2642|Khorne Lord of Skulls|World Eaters||true
2642|Khorne Lord of Skulls|Lord of Skulls||false
2642|Khorne Lord of Skulls|Chaos||false
2642|Khorne Lord of Skulls|Towering||false
2642|Khorne Lord of Skulls|Titanic||false
2642|Khorne Lord of Skulls|Frame||false
2642|Khorne Lord of Skulls|Khorne||false
2642|Khorne Lord of Skulls|Vehicle||false
2642|Khorne Lord of Skulls|Daemon||false
2677|Ancient In Terminator Armour|Adeptus Astartes||true
2677|Ancient In Terminator Armour|Imperium||false
2677|Ancient In Terminator Armour|Terminator||false
2677|Ancient In Terminator Armour|Ancient||false
2677|Ancient In Terminator Armour|Deathwing||false
2677|Ancient In Terminator Armour|Infantry||false
2677|Ancient In Terminator Armour|Character||false
2678|Chaplain Cassius|Ultramarines||true
2678|Chaplain Cassius|Adeptus Astartes||true
2678|Chaplain Cassius|Chaplain Cassius||false
2678|Chaplain Cassius|Imperium||false
2678|Chaplain Cassius|Epic Hero||false
2678|Chaplain Cassius|Character||false
2678|Chaplain Cassius|Infantry||false
2679|Vashtorr The Arkifane|Heretic Astartes||true
2679|Vashtorr The Arkifane|Character||false
2679|Vashtorr The Arkifane|Epic Hero||false
2679|Vashtorr The Arkifane|Fly||false
2679|Vashtorr The Arkifane|Chaos||false
2679|Vashtorr The Arkifane|Daemon||false
2679|Vashtorr The Arkifane|Vashtorr the Arkifane||false
2679|Vashtorr The Arkifane|Monster||false
2682|Lion El’jonson|Dark Angels||true
2682|Lion El’jonson|Adeptus Astartes||true
2682|Lion El’jonson|Monster||false
2682|Lion El’jonson|Character||false
2682|Lion El’jonson|Epic Hero||false
2682|Lion El’jonson|Primarch||false
2682|Lion El’jonson|Lion El’Jonson||false
2682|Lion El’jonson|Imperium||false
2682|Lion El’jonson|Mobile||false
2683|Vigilant Squad|Agents of the Imperium||true
2683|Vigilant Squad|Imperium||false
2683|Vigilant Squad|Retinue||false
2683|Vigilant Squad|Infantry||false
2683|Vigilant Squad|Battleline||false
2683|Vigilant Squad|Grenades||false
2683|Vigilant Squad|Vigilant Squad||false
2683|Vigilant Squad|Adeptus Arbites||false
2684|Subductor Squad|Agents of the Imperium||true
2684|Subductor Squad|Subductor Squad||false
2684|Subductor Squad|Adeptus Arbites||false
2684|Subductor Squad|Imperium||false
2684|Subductor Squad|Grenades||false
2684|Subductor Squad|Infantry||false
2684|Subductor Squad|Retinue||false
2685|Exaction Squad|Agents of the Imperium||true
2685|Exaction Squad|Adeptus Arbites||false
2685|Exaction Squad|Exaction Squad||false
2685|Exaction Squad|Imperium||false
2685|Exaction Squad|Retinue||false
2685|Exaction Squad|Grenades||false
2685|Exaction Squad|Infantry||false
2686|Barbgaunts|Tyranids||true
2686|Barbgaunts|Infantry||false
2686|Barbgaunts|Great Devourer||false
2686|Barbgaunts|Barbgaunts||false
2687|Neurogaunts|Tyranids||true
2687|Neurogaunts|Endless Multitude||false
2687|Neurogaunts|Neurogaunts||false
2687|Neurogaunts|Infantry||false
2687|Neurogaunts|Great Devourer||false
2688|Neurotyrant|Tyranids||true
2688|Neurotyrant|Monster||false
2688|Neurotyrant|Character||false
2688|Neurotyrant|Fly||false
2688|Neurotyrant|Psyker||false
2688|Neurotyrant|Neurotyrant||false
2688|Neurotyrant|Great Devourer||false
2688|Neurotyrant|Synapse||false
2689|Psychophage|Tyranids||true
2689|Psychophage|Psychophage||false
2689|Psychophage|Great Devourer||false
2689|Psychophage|Monster||false
2689|Psychophage|Smoke||false
2689|Psychophage|Harvester||false
2690|Screamer-killer|Tyranids||true
2690|Screamer-killer|Screamer-Killer||false
2690|Screamer-killer|Great Devourer||false
2690|Screamer-killer|Monster||false
2691|Tyranid Warriors With Melee Bio-weapons|Tyranids||true
2691|Tyranid Warriors With Melee Bio-weapons|Great Devourer||false
2691|Tyranid Warriors With Melee Bio-weapons|Infantry||false
2691|Tyranid Warriors With Melee Bio-weapons|Tyranid Warriors with Melee Bio-weapons||false
2691|Tyranid Warriors With Melee Bio-weapons|Synapse||false
2692|Tyranid Warriors With Ranged Bio-weapons|Tyranids||true
2692|Tyranid Warriors With Ranged Bio-weapons|Infantry||false
2692|Tyranid Warriors With Ranged Bio-weapons|Great Devourer||false
2692|Tyranid Warriors With Ranged Bio-weapons|Synapse||false
2692|Tyranid Warriors With Ranged Bio-weapons|Tyranid Warriors with Ranged Bio-weapons||false
2693|Von Ryan’s Leapers|Tyranids||true
2693|Von Ryan’s Leapers|Von Ryan’s Leapers||false
2693|Von Ryan’s Leapers|Infantry||false
2693|Von Ryan’s Leapers|Vanguard Invader||false
2693|Von Ryan’s Leapers|Great Devourer||false
2694|Winged Tyranid Prime|Tyranids||true
2694|Winged Tyranid Prime|Infantry||false
2694|Winged Tyranid Prime|Character||false
2694|Winged Tyranid Prime|Fly||false
2694|Winged Tyranid Prime|Great Devourer||false
2694|Winged Tyranid Prime|Synapse||false
2694|Winged Tyranid Prime|Vanguard Invader||false
2694|Winged Tyranid Prime|Winged Tyranid Prime||false
2700|Astraeus|Adeptus Astartes||true
2700|Astraeus|Astraeus||false
2700|Astraeus|Titanic||false
2700|Astraeus|Vehicle||false
2700|Astraeus|Imperium||false
2701|Captain In Phobos Armour|Adeptus Astartes||true
2701|Captain In Phobos Armour|Captain||false
2701|Captain In Phobos Armour|Phobos||false
2701|Captain In Phobos Armour|Imperium||false
2701|Captain In Phobos Armour|Grenades||false
2701|Captain In Phobos Armour|Character||false
2701|Captain In Phobos Armour|Infantry||false
2702|Captain on Bike|Adeptus Astartes||true
2702|Captain on Bike|Imperium||false
2702|Captain on Bike|Ravenwing||false
2702|Captain on Bike|Captain||false
2702|Captain on Bike|Grenades||false
2702|Captain on Bike|Character||false
2702|Captain on Bike|Mounted||false
2703|Centurion Assault Squad|Adeptus Astartes||true
2703|Centurion Assault Squad|Imperium||false
2703|Centurion Assault Squad|Infantry||false
2703|Centurion Assault Squad|Centurion Assault Squad||false
2703|Centurion Assault Squad|Centurion||false
2704|Fellblade|Adeptus Astartes||true
2704|Fellblade|Vehicle||false
2704|Fellblade|Titanic||false
2704|Fellblade|Frame||false
2704|Fellblade|Imperium||false
2704|Fellblade|Fellblade||false
2704|Fellblade|Smoke||false
2705|Gladiator Lancer|Adeptus Astartes||true
2705|Gladiator Lancer|Frame||false
2705|Gladiator Lancer|Gladiator Lancer||false
2705|Gladiator Lancer|Imperium||false
2705|Gladiator Lancer|Smoke||false
2705|Gladiator Lancer|Vehicle||false
2706|Ironclad Dreadnought|Adeptus Astartes||true
2706|Ironclad Dreadnought|Ironclad Dreadnought||false
2706|Ironclad Dreadnought|Deathwing||false
2706|Ironclad Dreadnought|Vehicle||false
2706|Ironclad Dreadnought|Walker||false
2706|Ironclad Dreadnought|Smoke||false
2706|Ironclad Dreadnought|Imperium||false
2706|Ironclad Dreadnought|Dreadnought||false
2707|Judiciar|Adeptus Astartes||true
2707|Judiciar|Infantry||false
2707|Judiciar|Character||false
2707|Judiciar|Imperium||false
2707|Judiciar|Tacticus||false
2707|Judiciar|Judiciar||false
2708|Kayvaan Shrike|Raven Guard||true
2708|Kayvaan Shrike|Adeptus Astartes||true
2708|Kayvaan Shrike|Infantry||false
2708|Kayvaan Shrike|Character||false
2708|Kayvaan Shrike|Kayvaan Shrike||false
2708|Kayvaan Shrike|Fly||false
2708|Kayvaan Shrike|Jump Pack||false
2708|Kayvaan Shrike|Imperium||false
2708|Kayvaan Shrike|Phobos||false
2708|Kayvaan Shrike|Chapter Master||false
2708|Kayvaan Shrike|Epic Hero||false
2709|Kor’sarro Khan|Adeptus Astartes||true
2709|Kor’sarro Khan|White Scars||true
2709|Kor’sarro Khan|Imperium||false
2709|Kor’sarro Khan|Infantry||false
2709|Kor’sarro Khan|Kor’sarro Khan||false
2709|Kor’sarro Khan|Captain||false
2709|Kor’sarro Khan|Tacticus||false
2709|Kor’sarro Khan|Epic Hero||false
2709|Kor’sarro Khan|Character||false
2710|Land Raider Helios|Adeptus Astartes||true
2710|Land Raider Helios|Land Raider Helios||false
2710|Land Raider Helios|Vehicle||false
2710|Land Raider Helios|Smoke||false
2710|Land Raider Helios|Transport||false
2710|Land Raider Helios|Frame||false
2710|Land Raider Helios|Imperium||false
2711|Land Speeder|Adeptus Astartes||true
2711|Land Speeder|Fly||false
2711|Land Speeder|Land Speeder||false
2711|Land Speeder|Vehicle||false
2711|Land Speeder|Ravenwing||false
2711|Land Speeder|Imperium||false
2712|Outrider Squad|Adeptus Astartes||true
2712|Outrider Squad|Ravenwing||false
2712|Outrider Squad|Outrider Squad||false
2712|Outrider Squad|Mounted||false
2712|Outrider Squad|Grenades||false
2712|Outrider Squad|Imperium||false
2713|Pedro Kantor|Imperial Fists||true
2713|Pedro Kantor|Adeptus Astartes||true
2713|Pedro Kantor|Imperium||false
2713|Pedro Kantor|Grenades||false
2713|Pedro Kantor|Epic Hero||false
2713|Pedro Kantor|Character||false
2713|Pedro Kantor|Infantry||false
2713|Pedro Kantor|Chapter Master||false
2713|Pedro Kantor|Pedro Kantor||false
2713|Pedro Kantor|Tacticus||false
2714|Predator Annihilator|Adeptus Astartes||true
2714|Predator Annihilator|Frame||false
2714|Predator Annihilator|Smoke||false
2714|Predator Annihilator|Vehicle||false
2714|Predator Annihilator|Predator Annihilator||false
2714|Predator Annihilator|Imperium||false
2715|Predator Destructor|Adeptus Astartes||true
2715|Predator Destructor|Smoke||false
2715|Predator Destructor|Imperium||false
2715|Predator Destructor|Frame||false
2715|Predator Destructor|Predator Destructor||false
2715|Predator Destructor|Vehicle||false
2717|Redemptor Dreadnought|Adeptus Astartes||true
2717|Redemptor Dreadnought|Vehicle||false
2717|Redemptor Dreadnought|Imperium||false
2717|Redemptor Dreadnought|Dreadnought||false
2717|Redemptor Dreadnought|Redemptor Dreadnought||false
2717|Redemptor Dreadnought|Deathwing||false
2717|Redemptor Dreadnought|Walker||false
2718|Reiver Squad|Adeptus Astartes||true
2718|Reiver Squad|Smoke||false
2718|Reiver Squad|Imperium||false
2718|Reiver Squad|Phobos||false
2718|Reiver Squad|Reiver Squad||false
2718|Reiver Squad|Infantry||false
2718|Reiver Squad|Grenades||false
2719|Relic Contemptor Dreadnought|Adeptus Astartes||true
2719|Relic Contemptor Dreadnought|Imperium||false
2719|Relic Contemptor Dreadnought|Dreadnought||false
2719|Relic Contemptor Dreadnought|Relic Contemptor Dreadnought||false
2719|Relic Contemptor Dreadnought|Deathwing||false
2719|Relic Contemptor Dreadnought|Walker||false
2719|Relic Contemptor Dreadnought|Vehicle||false
2720|Relic Razorback|Adeptus Astartes||true
2720|Relic Razorback|Vehicle||false
2720|Relic Razorback|Smoke||false
2720|Relic Razorback|Transport||false
2720|Relic Razorback|Dedicated Transport||false
2720|Relic Razorback|Frame||false
2720|Relic Razorback|Imperium||false
2720|Relic Razorback|Relic Razorback||false
2721|Repulsor|Adeptus Astartes||true
2721|Repulsor|Vehicle||false
2721|Repulsor|Smoke||false
2721|Repulsor|Transport||false
2721|Repulsor|Imperium||false
2721|Repulsor|Frame||false
2721|Repulsor|Repulsor||false
2721|Repulsor|Deathwing||false
2722|Repulsor Executioner|Adeptus Astartes||true
2722|Repulsor Executioner|Smoke||false
2722|Repulsor Executioner|Deathwing||false
2722|Repulsor Executioner|Transport||false
2722|Repulsor Executioner|Imperium||false
2722|Repulsor Executioner|Frame||false
2722|Repulsor Executioner|Repulsor Executioner||false
2722|Repulsor Executioner|Vehicle||false
2723|Rhino|Adeptus Astartes||true
2723|Rhino|Transport||false
2723|Rhino|Dedicated Transport||false
2723|Rhino|Imperium||false
2723|Rhino|Frame||false
2723|Rhino|Rhino||false
2723|Rhino|Vehicle||false
2723|Rhino|Smoke||false
2724|Thunderhawk Transporter|Adeptus Astartes||true
2724|Thunderhawk Transporter|Vehicle||false
2724|Thunderhawk Transporter|Fly||false
2724|Thunderhawk Transporter|Transport||false
2724|Thunderhawk Transporter|Imperium||false
2724|Thunderhawk Transporter|Thunderhawk Transporter||false
2724|Thunderhawk Transporter|Ravenwing||false
2724|Thunderhawk Transporter|Titanic||false
2724|Thunderhawk Transporter|Aircraft||false
2725|Tyrannic War Veterans|Adeptus Astartes||true
2725|Tyrannic War Veterans|Ultramarines||true
2725|Tyrannic War Veterans|Infantry||false
2725|Tyrannic War Veterans|Grenades||false
2725|Tyrannic War Veterans|Imperium||false
2725|Tyrannic War Veterans|Tyrannic War Veterans||false
2726|Vulkan He’stan|Adeptus Astartes||true
2726|Vulkan He’stan|Salamanders||true
2726|Vulkan He’stan|Infantry||false
2726|Vulkan He’stan|Character||false
2726|Vulkan He’stan|Epic Hero||false
2726|Vulkan He’stan|Grenades||false
2726|Vulkan He’stan|Imperium||false
2726|Vulkan He’stan|Tacticus||false
2726|Vulkan He’stan|Captain||false
2726|Vulkan He’stan|Vulkan He’stan||false
2727|Whirlwind|Adeptus Astartes||true
2727|Whirlwind|Vehicle||false
2727|Whirlwind|Smoke||false
2727|Whirlwind|Imperium||false
2727|Whirlwind|Frame||false
2727|Whirlwind|Whirlwind||false
2728|Whirlwind Scorpius|Adeptus Astartes||true
2728|Whirlwind Scorpius|Vehicle||false
2728|Whirlwind Scorpius|Smoke||false
2728|Whirlwind Scorpius|Frame||false
2728|Whirlwind Scorpius|Imperium||false
2728|Whirlwind Scorpius|Whirlwind Scorpius||false
2729|Xiphon Interceptor|Adeptus Astartes||true
2729|Xiphon Interceptor|Vehicle||false
2729|Xiphon Interceptor|Fly||false
2729|Xiphon Interceptor|Aircraft||false
2729|Xiphon Interceptor|Imperium||false
2729|Xiphon Interceptor|Xiphon Interceptor||false
2729|Xiphon Interceptor|Ravenwing||false
2730|Heretic Astartes Daemon Prince With Wings|Heretic Astartes||true
2730|Heretic Astartes Daemon Prince With Wings|Monster||false
2730|Heretic Astartes Daemon Prince With Wings|Fly||false
2730|Heretic Astartes Daemon Prince With Wings|Character||false
2730|Heretic Astartes Daemon Prince With Wings|Chaos||false
2730|Heretic Astartes Daemon Prince With Wings|Daemon||false
2730|Heretic Astartes Daemon Prince With Wings|Daemon Prince with Wings||false
2731|Renegade Enforcer|Heretic Astartes||true
2731|Renegade Enforcer|Infantry||false
2731|Renegade Enforcer|Character||false
2731|Renegade Enforcer|Grenades||false
2731|Renegade Enforcer|Damned||false
2731|Renegade Enforcer|Chaos||false
2731|Renegade Enforcer|Renegade Enforcer||false
2732|Renegade Heavy Weapons Squad|Heretic Astartes||true
2732|Renegade Heavy Weapons Squad|Chaos||false
2732|Renegade Heavy Weapons Squad|Damned||false
2732|Renegade Heavy Weapons Squad|Grenades||false
2732|Renegade Heavy Weapons Squad|Renegade Heavy Weapons Squad||false
2732|Renegade Heavy Weapons Squad|Infantry||false
2733|Renegade Ogryn Beast Handler|Heretic Astartes||true
2733|Renegade Ogryn Beast Handler|Beasts||false
2733|Renegade Ogryn Beast Handler|Chaos||false
2733|Renegade Ogryn Beast Handler|Damned||false
2733|Renegade Ogryn Beast Handler|Renegade Ogryn Beast Handler||false
2734|Renegade Ogryn Brutes|Heretic Astartes||true
2734|Renegade Ogryn Brutes|Infantry||false
2734|Renegade Ogryn Brutes|Chaos||false
2734|Renegade Ogryn Brutes|Renegade Ogryn Brutes||false
2734|Renegade Ogryn Brutes|Damned||false
2735|Renegade Plague Ogryns|Heretic Astartes||true
2735|Renegade Plague Ogryns|Damned||false
2735|Renegade Plague Ogryns|Chaos||false
2735|Renegade Plague Ogryns|Renegade Plague Ogryns||false
2735|Renegade Plague Ogryns|Infantry||false
2735|Renegade Plague Ogryns|Nurgle||false
2737|Death Company Marines With Jump Packs|Adeptus Astartes||true
2737|Death Company Marines With Jump Packs|Blood Angels||true
2737|Death Company Marines With Jump Packs|Death Company||false
2737|Death Company Marines With Jump Packs|Death Company Marines with Jump Packs||false
2737|Death Company Marines With Jump Packs|Jump Pack||false
2737|Death Company Marines With Jump Packs|Grenades||false
2737|Death Company Marines With Jump Packs|Fly||false
2737|Death Company Marines With Jump Packs|Infantry||false
2737|Death Company Marines With Jump Packs|Tacticus||false
2737|Death Company Marines With Jump Packs|Imperium||false
2738|Sanguinary Priest With Jump Pack|Blood Angels||true
2738|Sanguinary Priest With Jump Pack|Adeptus Astartes||true
2738|Sanguinary Priest With Jump Pack|Infantry||false
2738|Sanguinary Priest With Jump Pack|Character||false
2738|Sanguinary Priest With Jump Pack|Grenades||false
2738|Sanguinary Priest With Jump Pack|Imperium||false
2738|Sanguinary Priest With Jump Pack|Fly||false
2738|Sanguinary Priest With Jump Pack|Jump Pack||false
2738|Sanguinary Priest With Jump Pack|Sanguinary Priest||false
2739|Earthshaker Platform|Astra Militarum||true
2739|Earthshaker Platform|Fortification||false
2739|Earthshaker Platform|Imperium||false
2739|Earthshaker Platform|Artillery||false
2739|Earthshaker Platform|Earthshaker Platform||false
2739|Earthshaker Platform|Frame||false
2740|Elysian Drop Sentinel|Astra Militarum||true
2740|Elysian Drop Sentinel|Squadron||false
2740|Elysian Drop Sentinel|Vehicle||false
2740|Elysian Drop Sentinel|Walker||false
2740|Elysian Drop Sentinel|Smoke||false
2740|Elysian Drop Sentinel|Elysian Drop Sentinel||false
2740|Elysian Drop Sentinel|Imperium||false
2740|Elysian Drop Sentinel|Regiment||false
2741|Leman Russ Eradicator|Astra Militarum||true
2741|Leman Russ Eradicator|Smoke||false
2741|Leman Russ Eradicator|Imperium||false
2741|Leman Russ Eradicator|Squadron||false
2741|Leman Russ Eradicator|Frame||false
2741|Leman Russ Eradicator|Leman Russ Eradicator||false
2741|Leman Russ Eradicator|Vehicle||false
2742|Leman Russ Executioner|Astra Militarum||true
2742|Leman Russ Executioner|Vehicle||false
2742|Leman Russ Executioner|Smoke||false
2742|Leman Russ Executioner|Imperium||false
2742|Leman Russ Executioner|Squadron||false
2742|Leman Russ Executioner|Frame||false
2742|Leman Russ Executioner|Leman Russ Executioner||false
2743|Leman Russ Exterminator|Astra Militarum||true
2743|Leman Russ Exterminator|Imperium||false
2743|Leman Russ Exterminator|Frame||false
2743|Leman Russ Exterminator|Squadron||false
2743|Leman Russ Exterminator|Leman Russ Exterminator||false
2743|Leman Russ Exterminator|Smoke||false
2743|Leman Russ Exterminator|Vehicle||false
2744|Leman Russ Punisher|Astra Militarum||true
2744|Leman Russ Punisher|Leman Russ Punisher||false
2744|Leman Russ Punisher|Smoke||false
2744|Leman Russ Punisher|Squadron||false
2744|Leman Russ Punisher|Imperium||false
2744|Leman Russ Punisher|Frame||false
2744|Leman Russ Punisher|Vehicle||false
2745|Leman Russ Vanquisher|Astra Militarum||true
2745|Leman Russ Vanquisher|Smoke||false
2745|Leman Russ Vanquisher|Imperium||false
2745|Leman Russ Vanquisher|Squadron||false
2745|Leman Russ Vanquisher|Frame||false
2745|Leman Russ Vanquisher|Leman Russ Vanquisher||false
2745|Leman Russ Vanquisher|Vehicle||false
2746|Tempestus Scions|Astra Militarum||true
2746|Tempestus Scions|Regiment||false
2746|Tempestus Scions|Imperium||false
2746|Tempestus Scions|Infantry||false
2746|Tempestus Scions|Tempestus Scions||false
2746|Tempestus Scions|Militarum Tempestus||false
2746|Tempestus Scions|Grenades||false
2748|Ravenwing Command Squad|Adeptus Astartes||true
2748|Ravenwing Command Squad|Dark Angels||true
2748|Ravenwing Command Squad|Ravenwing Command Squad|ALL MODELS|false
2748|Ravenwing Command Squad|Ravenwing|ALL MODELS|false
2748|Ravenwing Command Squad|Mounted|ALL MODELS|false
2748|Ravenwing Command Squad|Imperium|ALL MODELS|false
2748|Ravenwing Command Squad|Grenades|ALL MODELS|false
2748|Ravenwing Command Squad|Character|RAVENWING CHAMPION|false
2749|Daemon Prince of Nurgle with Wings|Death Guard||true
2749|Daemon Prince of Nurgle with Wings|||true
2749|Daemon Prince of Nurgle with Wings|Chaos||false
2749|Daemon Prince of Nurgle with Wings|Daemon Prince with Wings||false
2749|Daemon Prince of Nurgle with Wings|Fly||false
2749|Daemon Prince of Nurgle with Wings|Character||false
2749|Daemon Prince of Nurgle with Wings|Monster||false
2749|Daemon Prince of Nurgle with Wings|Nurgle||false
2749|Daemon Prince of Nurgle with Wings|Daemon||false
2750|Icon Bearer|Death Guard||true
2750|Icon Bearer|||true
2750|Icon Bearer|Chaos||false
2750|Icon Bearer|Icon Bearer||false
2750|Icon Bearer|Nurgle||false
2750|Icon Bearer|Grenades||false
2750|Icon Bearer|Character||false
2750|Icon Bearer|Infantry||false
2751|Norn Emissary|Tyranids||true
2751|Norn Emissary|Psyker||false
2751|Norn Emissary|Great Devourer||false
2751|Norn Emissary|Monster||false
2751|Norn Emissary|Norn Emissary||false
2751|Norn Emissary|Synapse||false
2752|Norn Assimilator|Tyranids||true
2752|Norn Assimilator|Great Devourer||false
2752|Norn Assimilator|Monster||false
2752|Norn Assimilator|Synapse||false
2752|Norn Assimilator|Norn Assimilator||false
2752|Norn Assimilator|Harvester||false
2753|Neurolictor|Tyranids||true
2753|Neurolictor|Neurolictor||false
2753|Neurolictor|Synapse||false
2753|Neurolictor|Vanguard Invader||false
2753|Neurolictor|Great Devourer||false
2753|Neurolictor|Infantry||false
2755|Exalted Sorcerer on Disc of Tzeentch|Thousand Sons||true
2755|Exalted Sorcerer on Disc of Tzeentch|||true
2755|Exalted Sorcerer on Disc of Tzeentch|Tzeentch||false
2755|Exalted Sorcerer on Disc of Tzeentch|Grenades||false
2755|Exalted Sorcerer on Disc of Tzeentch|Fly||false
2755|Exalted Sorcerer on Disc of Tzeentch|Mounted||false
2755|Exalted Sorcerer on Disc of Tzeentch|Infantry||false
2755|Exalted Sorcerer on Disc of Tzeentch|Chaos||false
2755|Exalted Sorcerer on Disc of Tzeentch|Exalted Sorcerer||false
2755|Exalted Sorcerer on Disc of Tzeentch|Character||false
2755|Exalted Sorcerer on Disc of Tzeentch|Psyker||false
2757|Daemon Prince of Khorne with Wings|World Eaters||true
2757|Daemon Prince of Khorne with Wings|||true
2757|Daemon Prince of Khorne with Wings|Daemon||false
2757|Daemon Prince of Khorne with Wings|Monster||false
2757|Daemon Prince of Khorne with Wings|Character||false
2757|Daemon Prince of Khorne with Wings|Fly||false
2757|Daemon Prince of Khorne with Wings|Chaos||false
2757|Daemon Prince of Khorne with Wings|Daemon Prince||false
2757|Daemon Prince of Khorne with Wings|Khorne||false
2758|Daemon Prince Of Chaos With Wings|Legiones Daemonica||true
2758|Daemon Prince Of Chaos With Wings|Chaos||false
2758|Daemon Prince Of Chaos With Wings|Daemon Prince of Chaos with Wings||false
2758|Daemon Prince Of Chaos With Wings|Shadow Legion||false
2758|Daemon Prince Of Chaos With Wings|Daemon||false
2758|Daemon Prince Of Chaos With Wings|Fly||false
2758|Daemon Prince Of Chaos With Wings|Character||false
2758|Daemon Prince Of Chaos With Wings|Monster||false
2759|Autarch Wayleaper|||true
2759|Autarch Wayleaper|Ynnari||true
2759|Autarch Wayleaper|Asuryani||true
2759|Autarch Wayleaper|Grenades||false
2759|Autarch Wayleaper|Autarch Wayleaper||false
2759|Autarch Wayleaper|Infantry||false
2759|Autarch Wayleaper|Character||false
2759|Autarch Wayleaper|Aeldari||false
2759|Autarch Wayleaper|Jump Pack||false
2759|Autarch Wayleaper|Fly||false
2760|Inquisitor In Terminator Armour|Agents of the Imperium||true
2760|Inquisitor In Terminator Armour|Terminator||false
2760|Inquisitor In Terminator Armour|Imperium||false
2760|Inquisitor In Terminator Armour|Inquisitor||false
2760|Inquisitor In Terminator Armour|Character||false
2760|Inquisitor In Terminator Armour|Grenades||false
2760|Inquisitor In Terminator Armour|Infantry||false
2761|Damned Legionnaires|Agents of the Imperium||true
2761|Damned Legionnaires|Imperium||false
2761|Damned Legionnaires|Infantry||false
2761|Damned Legionnaires|Grenades||false
2761|Damned Legionnaires|Retinue||false
2761|Damned Legionnaires|Damned Legionnaires||false
2762|Rogue Trader Entourage|Agents of the Imperium||true
2762|Rogue Trader Entourage|Rogue Trader Entourage|ALL MODELS|false
2762|Rogue Trader Entourage|Infantry|ALL MODELS|false
2762|Rogue Trader Entourage|Grenades|ALL MODELS|false
2762|Rogue Trader Entourage|Imperium|ALL MODELS|false
2762|Rogue Trader Entourage|Voidfarers|ALL MODELS|false
2762|Rogue Trader Entourage|Character|ROGUE TRADER|false
2763|Janus Draik|Agents of the Imperium||true
2763|Janus Draik|Infantry||false
2763|Janus Draik|Grenades||false
2763|Janus Draik|Imperium||false
2763|Janus Draik|Character||false
2763|Janus Draik|Epic Hero||false
2763|Janus Draik|Janus Draik||false
2763|Janus Draik|Voidfarers||false
2764|Neyam Shai Murad|Agents of the Imperium||true
2764|Neyam Shai Murad|Imperium||false
2764|Neyam Shai Murad|Grenades||false
2764|Neyam Shai Murad|Infantry||false
2764|Neyam Shai Murad|Character||false
2764|Neyam Shai Murad|Voidfarers||false
2764|Neyam Shai Murad|Epic Hero||false
2764|Neyam Shai Murad|Neyam Shai Murad||false
2765|Navigator|Agents of the Imperium||true
2765|Navigator|Infantry||false
2765|Navigator|Character||false
2765|Navigator|Psyker||false
2765|Navigator|Imperium||false
2765|Navigator|Voidfarers||false
2765|Navigator|Navigator||false
2766|UR-025|Agents of the Imperium||true
2766|UR-025|Infantry||false
2766|UR-025|Character||false
2766|UR-025|Epic Hero||false
2766|UR-025|UR-025||false
2766|UR-025|Imperium||false
2767|Inquisitorial Agents|Agents of the Imperium||true
2767|Inquisitorial Agents|Inquisitorial Agents||false
2767|Inquisitorial Agents|Infantry||false
2767|Inquisitorial Agents|Grenades||false
2767|Inquisitorial Agents|Imperium||false
2767|Inquisitorial Agents|Retinue||false
2768|Grey Knights Relic Razorback|Grey Knights||true
2768|Grey Knights Relic Razorback|Relic Razorback||false
2768|Grey Knights Relic Razorback|Imperium||false
2768|Grey Knights Relic Razorback|Dedicated Transport||false
2768|Grey Knights Relic Razorback|Transport||false
2768|Grey Knights Relic Razorback|Smoke||false
2768|Grey Knights Relic Razorback|Vehicle||false
2769|Armiger Moirax|Imperial Knights||true
2769|Armiger Moirax|Vehicle||false
2769|Armiger Moirax|Moirax||false
2769|Armiger Moirax|Armiger||false
2769|Armiger Moirax|Imperium||false
2769|Armiger Moirax|Walker||false
2770|Sir Hekhtur|Imperial Knights||true
2770|Sir Hekhtur|Epic Hero||false
2770|Sir Hekhtur|Character||false
2770|Sir Hekhtur|Infantry||false
2770|Sir Hekhtur|Sir Hekhtur||false
2770|Sir Hekhtur|Imperium||false
2771|Daemonifuge|Adepta Sororitas||true
2771|Daemonifuge|Epic Hero||false
2771|Daemonifuge|Imperium||false
2771|Daemonifuge|Daemonifuge||false
2771|Daemonifuge|Infantry||false
2771|Daemonifuge|Grenades||false
2771|Daemonifuge|Character||false
2772|Company Heroes|Adeptus Astartes||true
2772|Company Heroes|Infantry|ALL MODELS|false
2772|Company Heroes|Grenades|ALL MODELS|false
2772|Company Heroes|Imperium|ALL MODELS|false
2772|Company Heroes|Tacticus|ALL MODELS|false
2772|Company Heroes|Ancient|ANCIENT|false
2772|Company Heroes|Company Heroes|ALL MODELS|false
2773|Apothecary|Adeptus Astartes||true
2773|Apothecary|Grenades||false
2773|Apothecary|Imperium||false
2773|Apothecary|Tacticus||false
2773|Apothecary|Apothecary||false
2773|Apothecary|Character||false
2773|Apothecary|Infantry||false
2775|Ancient|Adeptus Astartes||true
2775|Ancient|Character||false
2775|Ancient|Infantry||false
2775|Ancient|Grenades||false
2775|Ancient|Imperium||false
2775|Ancient|Tacticus||false
2775|Ancient|Ancient||false
2776|Assault Intercessors With Jump Packs|Adeptus Astartes||true
2776|Assault Intercessors With Jump Packs|Jump Pack||false
2776|Assault Intercessors With Jump Packs|Infantry||false
2776|Assault Intercessors With Jump Packs|Grenades||false
2776|Assault Intercessors With Jump Packs|Fly||false
2776|Assault Intercessors With Jump Packs|Imperium||false
2776|Assault Intercessors With Jump Packs|Tacticus||false
2776|Assault Intercessors With Jump Packs|Assault Intercessors With Jump Packs||false
2779|Spectrus Kill Team|Deathwatch||true
2779|Spectrus Kill Team|Adeptus Astartes||true
2779|Spectrus Kill Team|Phobos||false
2779|Spectrus Kill Team|Imperium||false
2779|Spectrus Kill Team|Infantry||false
2779|Spectrus Kill Team|Smoke||false
2779|Spectrus Kill Team|Spectrus Kill Team||false
2779|Spectrus Kill Team|Kill Team||false
2779|Spectrus Kill Team|Grenades||false
2780|Fortis Kill Team|Deathwatch||true
2780|Fortis Kill Team|Adeptus Astartes||true
2780|Fortis Kill Team|Fortis Kill Team||false
2780|Fortis Kill Team|Tacticus||false
2780|Fortis Kill Team|Imperium||false
2780|Fortis Kill Team|Grenades||false
2780|Fortis Kill Team|Infantry||false
2780|Fortis Kill Team|Kill Team||false
2781|Indomitor Kill Team|Deathwatch||true
2781|Indomitor Kill Team|Adeptus Astartes||true
2781|Indomitor Kill Team|Imperium||false
2781|Indomitor Kill Team|Infantry||false
2781|Indomitor Kill Team|Gravis||false
2781|Indomitor Kill Team|Kill Team||false
2781|Indomitor Kill Team|Indomitor Kill Team||false
2781|Indomitor Kill Team|Grenades||false
2783|Deathwatch Veterans|Deathwatch||true
2783|Deathwatch Veterans|Adeptus Astartes||true
2783|Deathwatch Veterans|Deathwatch Veterans||false
2783|Deathwatch Veterans|Kill Team||false
2783|Deathwatch Veterans|Infantry||false
2783|Deathwatch Veterans|Battleline||false
2783|Deathwatch Veterans|Grenades||false
2783|Deathwatch Veterans|Imperium||false
2786|Impulsor|Adeptus Astartes||true
2786|Impulsor|Black Templars||true
2786|Impulsor|Impulsor||false
2786|Impulsor|Frame||false
2786|Impulsor|Dedicated Transport||false
2786|Impulsor|Transport||false
2786|Impulsor|Vehicle||false
2786|Impulsor|Imperium||false
2787|Gladiator Lancer|Adeptus Astartes||true
2787|Gladiator Lancer|Black Templars||true
2787|Gladiator Lancer|Smoke||false
2787|Gladiator Lancer|Imperium||false
2787|Gladiator Lancer|Frame||false
2787|Gladiator Lancer|Gladiator Lancer||false
2787|Gladiator Lancer|Vehicle||false
2788|Gladiator Valiant|Adeptus Astartes||true
2788|Gladiator Valiant|Black Templars||true
2788|Gladiator Valiant|Frame||false
2788|Gladiator Valiant|Imperium||false
2788|Gladiator Valiant|Vehicle||false
2788|Gladiator Valiant|Gladiator Valiant||false
2788|Gladiator Valiant|Smoke||false
2789|Gladiator Reaper|Black Templars||true
2789|Gladiator Reaper|Adeptus Astartes||true
2789|Gladiator Reaper|Vehicle||false
2789|Gladiator Reaper|Smoke||false
2789|Gladiator Reaper|Frame||false
2789|Gladiator Reaper|Imperium||false
2789|Gladiator Reaper|Gladiator Reaper||false
2790|Repulsor Executioner|Adeptus Astartes||true
2790|Repulsor Executioner|Black Templars||true
2790|Repulsor Executioner|Vehicle||false
2790|Repulsor Executioner|Frame||false
2790|Repulsor Executioner|Smoke||false
2790|Repulsor Executioner|Imperium||false
2790|Repulsor Executioner|Repulsor Executioner||false
2790|Repulsor Executioner|Transport||false
2791|Repulsor|Adeptus Astartes||true
2791|Repulsor|Black Templars||true
2791|Repulsor|Vehicle||false
2791|Repulsor|Smoke||false
2791|Repulsor|Transport||false
2791|Repulsor|Frame||false
2791|Repulsor|Repulsor||false
2791|Repulsor|Imperium||false
2792|Chaplain Grimaldus|Adeptus Astartes||true
2792|Chaplain Grimaldus|Black Templars||true
2792|Chaplain Grimaldus|Chaplain Grimaldus|GRIMALDUS|false
2792|Chaplain Grimaldus|Grenades|GRIMALDUS|false
2792|Chaplain Grimaldus|Epic Hero|GRIMALDUS|false
2792|Chaplain Grimaldus|Character|GRIMALDUS|false
2792|Chaplain Grimaldus|Imperium|ALL MODELS|false
2792|Chaplain Grimaldus|Infantry|ALL MODELS|false
2792|Chaplain Grimaldus|Tacticus|ALL MODELS|false
2793|Castellan|Black Templars||true
2793|Castellan|Adeptus Astartes||true
2793|Castellan|Infantry||false
2793|Castellan|Lieutenant||false
2793|Castellan|Character||false
2793|Castellan|Castellan||false
2793|Castellan|Tacticus||false
2793|Castellan|Imperium||false
2793|Castellan|Grenades||false
2794|High Marshal Helbrecht|Black Templars||true
2794|High Marshal Helbrecht|Adeptus Astartes||true
2794|High Marshal Helbrecht|Imperium||false
2794|High Marshal Helbrecht|Grenades||false
2794|High Marshal Helbrecht|Epic Hero||false
2794|High Marshal Helbrecht|Character||false
2794|High Marshal Helbrecht|Infantry||false
2794|High Marshal Helbrecht|Chapter Master||false
2794|High Marshal Helbrecht|High Marshal Helbrecht||false
2794|High Marshal Helbrecht|Tacticus||false
2795|Emperor’s Champion|Black Templars||true
2795|Emperor’s Champion|Adeptus Astartes||true
2795|Emperor’s Champion|Character||false
2795|Emperor’s Champion|Infantry||false
2795|Emperor’s Champion|Emperor’s Champion||false
2795|Emperor’s Champion|Tacticus||false
2795|Emperor’s Champion|Imperium||false
2795|Emperor’s Champion|Grenades||false
2796|Marshal|Black Templars||true
2796|Marshal|Adeptus Astartes||true
2796|Marshal|Tacticus||false
2796|Marshal|Imperium||false
2796|Marshal|Character||false
2796|Marshal|Infantry||false
2796|Marshal|Grenades||false
2796|Marshal|Marshal||false
2796|Marshal|Captain||false
2798|Sword Brethren Squad|Black Templars||true
2798|Sword Brethren Squad|Adeptus Astartes||true
2798|Sword Brethren Squad|Grenades||false
2798|Sword Brethren Squad|Infantry||false
2798|Sword Brethren Squad|Imperium||false
2798|Sword Brethren Squad|Tacticus||false
2798|Sword Brethren Squad|Sword Brethren Squad||false
2799|Crusader Squad|Black Templars||true
2799|Crusader Squad|Adeptus Astartes||true
2799|Crusader Squad|Crusader Squad||false
2799|Crusader Squad|Tacticus||false
2799|Crusader Squad|Imperium||false
2799|Crusader Squad|Grenades||false
2799|Crusader Squad|Battleline||false
2799|Crusader Squad|Infantry||false
2801|Venerable Dreadnought|Adeptus Astartes||true
2801|Venerable Dreadnought|Space Wolves||true
2801|Venerable Dreadnought|Smoke||false
2801|Venerable Dreadnought|Walker||false
2801|Venerable Dreadnought|Vehicle||false
2801|Venerable Dreadnought|Dreadnought||false
2801|Venerable Dreadnought|Venerable Dreadnought||false
2801|Venerable Dreadnought|Imperium||false
2802|Wolf Guard Pack Leader With Jump Pack|Adeptus Astartes||true
2802|Wolf Guard Pack Leader With Jump Pack|Space Wolves||true
2802|Wolf Guard Pack Leader With Jump Pack|Jump Pack||false
2802|Wolf Guard Pack Leader With Jump Pack|Character||false
2802|Wolf Guard Pack Leader With Jump Pack|Infantry||false
2802|Wolf Guard Pack Leader With Jump Pack|Wolf Guard Pack Leader with Jump Pack||false
2802|Wolf Guard Pack Leader With Jump Pack|Pack Leader||false
2802|Wolf Guard Pack Leader With Jump Pack|Imperium||false
2802|Wolf Guard Pack Leader With Jump Pack|Grenades||false
2802|Wolf Guard Pack Leader With Jump Pack|Fly||false
2803|Wolf Guard Pack Leader In Terminator Armour|Adeptus Astartes||true
2803|Wolf Guard Pack Leader In Terminator Armour|Space Wolves||true
2803|Wolf Guard Pack Leader In Terminator Armour|Grenades||false
2803|Wolf Guard Pack Leader In Terminator Armour|Wolf Guard Pack Leader in Terminator Armour||false
2803|Wolf Guard Pack Leader In Terminator Armour|Pack Leader||false
2803|Wolf Guard Pack Leader In Terminator Armour|Terminator||false
2803|Wolf Guard Pack Leader In Terminator Armour|Imperium||false
2803|Wolf Guard Pack Leader In Terminator Armour|Character||false
2803|Wolf Guard Pack Leader In Terminator Armour|Infantry||false
2804|Wolf Guard Pack Leader|Adeptus Astartes||true
2804|Wolf Guard Pack Leader|Space Wolves||true
2804|Wolf Guard Pack Leader|Wolf Guard Pack Leader||false
2804|Wolf Guard Pack Leader|Pack Leader||false
2804|Wolf Guard Pack Leader|Imperium||false
2804|Wolf Guard Pack Leader|Grenades||false
2804|Wolf Guard Pack Leader|Character||false
2804|Wolf Guard Pack Leader|Infantry||false
2805|Cyberwolf|Adeptus Astartes||true
2805|Cyberwolf|Space Wolves||true
2805|Cyberwolf|Imperium||false
2805|Cyberwolf|Character||false
2805|Cyberwolf|Beast||false
2805|Cyberwolf|Cyberwolf||false
2806|Hounds Of Morkai|Adeptus Astartes||true
2806|Hounds Of Morkai|Space Wolves||true
2806|Hounds Of Morkai|Smoke||false
2806|Hounds Of Morkai|Imperium||false
2806|Hounds Of Morkai|Phobos||false
2806|Hounds Of Morkai|Hounds of Morkai||false
2806|Hounds Of Morkai|Infantry||false
2806|Hounds Of Morkai|Grenades||false
3582|Khorne Berzerkers|World Eaters||true
3582|Khorne Berzerkers|Heretic Astartes||true
3582|Khorne Berzerkers|Infantry||false
3582|Khorne Berzerkers|Grenades||false
3582|Khorne Berzerkers|Battleline||false
3582|Khorne Berzerkers|Chaos||false
3582|Khorne Berzerkers|Khorne||false
3582|Khorne Berzerkers|Berzerkers||false
3583|Rubric Marines|Thousand Sons||true
3583|Rubric Marines|Heretic Astartes||true
3583|Rubric Marines|Infantry|ALL MODELS|false
3583|Rubric Marines|Battleline|ALL MODELS|false
3583|Rubric Marines|Psyker|ASPIRING SORCERER ONLY|false
3583|Rubric Marines|Rubric Marines|ALL MODELS|false
3583|Rubric Marines|Rubricae|ALL MODELS|false
3583|Rubric Marines|Tzeentch|ALL MODELS|false
3583|Rubric Marines|Chaos|ALL MODELS|false
3584|Plague Marines|Death Guard||true
3584|Plague Marines|Heretic Astartes||true
3584|Plague Marines|Plague Marines||false
3584|Plague Marines|Nurgle||false
3584|Plague Marines|Chaos||false
3584|Plague Marines|Grenades||false
3584|Plague Marines|Battleline||false
3584|Plague Marines|Infantry||false
3585|Chaos Thunderhawk|||true
3585|Chaos Thunderhawk|Death Guard||true
3585|Chaos Thunderhawk|Fly||false
3585|Chaos Thunderhawk|Aircraft||false
3585|Chaos Thunderhawk|Transport||false
3585|Chaos Thunderhawk|Chaos||false
3585|Chaos Thunderhawk|Thunderhawk||false
3585|Chaos Thunderhawk|Titanic||false
3585|Chaos Thunderhawk|Vehicle||false
3586|Greater Blight Drone|||true
3586|Greater Blight Drone|Death Guard||true
3586|Greater Blight Drone|Nurgle||false
3586|Greater Blight Drone|Chaos||false
3586|Greater Blight Drone|Vehicle||false
3586|Greater Blight Drone|Fly||false
3586|Greater Blight Drone|Greater Blight Drone||false
3586|Greater Blight Drone|Daemon||false
3587|Blood Slaughterer|||true
3587|Blood Slaughterer|World Eaters||true
3587|Blood Slaughterer|Blood Slaughterer||false
3587|Blood Slaughterer|Walker||false
3587|Blood Slaughterer|Chaos||false
3587|Blood Slaughterer|Vehicle||false
3587|Blood Slaughterer|Khorne||false
3587|Blood Slaughterer|Frame||false
3587|Blood Slaughterer|Daemon||false
3588|Chaos Thunderhawk|World Eaters||true
3588|Chaos Thunderhawk|||true
3588|Chaos Thunderhawk|Vehicle||false
3588|Chaos Thunderhawk|Transport||false
3588|Chaos Thunderhawk|Aircraft||false
3588|Chaos Thunderhawk|Thunderhawk||false
3588|Chaos Thunderhawk|Chaos||false
3588|Chaos Thunderhawk|Fly||false
3588|Chaos Thunderhawk|Titanic||false
3589|Greater Brass Scorpion|||true
3589|Greater Brass Scorpion|World Eaters||true
3589|Greater Brass Scorpion|Daemon||false
3589|Greater Brass Scorpion|Greater Brass Scorpion||false
3589|Greater Brass Scorpion|Chaos||false
3589|Greater Brass Scorpion|Vehicle||false
3589|Greater Brass Scorpion|Titanic||false
3589|Greater Brass Scorpion|Walker||false
3589|Greater Brass Scorpion|Khorne||false
3589|Greater Brass Scorpion|Frame||false
3590|Kytan Ravager|||true
3590|Kytan Ravager|World Eaters||true
3590|Kytan Ravager|Vehicle||false
3590|Kytan Ravager|Titanic||false
3590|Kytan Ravager|Chaos||false
3590|Kytan Ravager|Khorne||false
3590|Kytan Ravager|Daemon||false
3590|Kytan Ravager|Kytan Ravager||false
3590|Kytan Ravager|Walker||false
3591|Chaos Thunderhawk|||true
3591|Chaos Thunderhawk|Thousand Sons||true
3591|Chaos Thunderhawk|Fly||false
3591|Chaos Thunderhawk|Aircraft||false
3591|Chaos Thunderhawk|Transport||false
3591|Chaos Thunderhawk|Chaos||false
3591|Chaos Thunderhawk|Thunderhawk||false
3591|Chaos Thunderhawk|Vehicle||false
3591|Chaos Thunderhawk|Titanic||false
3592|Chaos Lord On Palanquin Of Nurgle|Death Guard||true
3592|Chaos Lord On Palanquin Of Nurgle|||true
3592|Chaos Lord On Palanquin Of Nurgle|Palanquin of Nurgle||false
3592|Chaos Lord On Palanquin Of Nurgle|Chaos Lord||false
3592|Chaos Lord On Palanquin Of Nurgle|Nurgle||false
3592|Chaos Lord On Palanquin Of Nurgle|Grenades||false
3592|Chaos Lord On Palanquin Of Nurgle|Character||false
3592|Chaos Lord On Palanquin Of Nurgle|Infantry||false
3592|Chaos Lord On Palanquin Of Nurgle|Chaos||false
3593|Gellerpox Infected|||true
3593|Gellerpox Infected|Death Guard||true
3593|Gellerpox Infected|Infantry||false
3593|Gellerpox Infected|Gellerpox Infected||false
3593|Gellerpox Infected|Nurgle||false
3593|Gellerpox Infected|Damned||false
3593|Gellerpox Infected|Chaos||false
3594|Hell Blade|||true
3594|Hell Blade|Death Guard||true
3594|Hell Blade|Hell Blade||false
3594|Hell Blade|Vehicle||false
3594|Hell Blade|Chaos||false
3594|Hell Blade|Aircraft||false
3594|Hell Blade|Nurgle||false
3594|Hell Blade|Aircraft||false
3594|Hell Blade|Fly||false
3594|Hell Blade|Vehicle||false
3594|Hell Blade|Fly||false
3594|Hell Blade|Nurgle||false
3594|Hell Blade|Hell Blade||false
3594|Hell Blade|Vehicle||false
3594|Hell Blade|Chaos||false
3594|Hell Blade|Chaos||false
3594|Hell Blade|Aircraft||false
3594|Hell Blade|Nurgle||false
3594|Hell Blade|Hell Blade||false
3594|Hell Blade|Vehicle||false
3594|Hell Blade|Chaos||false
3594|Hell Blade|Aircraft||false
3594|Hell Blade|Hell Blade||false
3594|Hell Blade|Vehicle||false
3594|Hell Blade|Chaos||false
3594|Hell Blade|Fly||false
3594|Hell Blade|Fly||false
3594|Hell Blade|Hell Blade||false
3594|Hell Blade|Fly||false
3594|Hell Blade|Nurgle||false
3594|Hell Blade|Nurgle||false
3594|Hell Blade|Aircraft||false
3595|Hell Talon|Death Guard||true
3595|Hell Talon|||true
3595|Hell Talon|Hell Talon||false
3595|Hell Talon|Vehicle||false
3595|Hell Talon|Hell Talon||false
3595|Hell Talon|Chaos||false
3595|Hell Talon|Nurgle||false
3595|Hell Talon|Fly||false
3595|Hell Talon|Hell Talon||false
3595|Hell Talon|Aircraft||false
3595|Hell Talon|Chaos||false
3595|Hell Talon|Vehicle||false
3595|Hell Talon|Nurgle||false
3595|Hell Talon|Aircraft||false
3595|Hell Talon|Fly||false
3595|Hell Talon|Aircraft||false
3595|Hell Talon|Vehicle||false
3595|Hell Talon|Nurgle||false
3595|Hell Talon|Fly||false
3595|Hell Talon|Aircraft||false
3595|Hell Talon|Chaos||false
3595|Hell Talon|Vehicle||false
3595|Hell Talon|Hell Talon||false
3595|Hell Talon|Aircraft||false
3595|Hell Talon|Nurgle||false
3595|Hell Talon|Fly||false
3595|Hell Talon|Hell Talon||false
3595|Hell Talon|Chaos||false
3595|Hell Talon|Vehicle||false
3595|Hell Talon|Nurgle||false
3595|Hell Talon|Fly||false
3595|Hell Talon|Chaos||false
3596|Mutoid Vermin|Death Guard||true
3596|Mutoid Vermin|||true
3596|Mutoid Vermin|Chaos||false
3596|Mutoid Vermin|Mutoid Vermin||false
3596|Mutoid Vermin|Nurgle||false
3596|Mutoid Vermin|Damned||false
3596|Mutoid Vermin|Swarm||false
3597|Chaos Lord On Disc Of Tzeentch|||true
3597|Chaos Lord On Disc Of Tzeentch|Thousand Sons||true
3597|Chaos Lord On Disc Of Tzeentch|Infantry||false
3597|Chaos Lord On Disc Of Tzeentch|Character||false
3597|Chaos Lord On Disc Of Tzeentch|Grenades||false
3597|Chaos Lord On Disc Of Tzeentch|Chaos||false
3597|Chaos Lord On Disc Of Tzeentch|Fly||false
3597|Chaos Lord On Disc Of Tzeentch|Disc of Tzeentch||false
3597|Chaos Lord On Disc Of Tzeentch|Tzeentch||false
3597|Chaos Lord On Disc Of Tzeentch|Chaos Lord||false
3598|Hell Blade|Thousand Sons||true
3598|Hell Blade|||true
3598|Hell Blade|Chaos||false
3598|Hell Blade|Vehicle||false
3598|Hell Blade|Hell Blade||false
3598|Hell Blade|Tzeentch||false
3598|Hell Blade|Fly||false
3598|Hell Blade|Aircraft||false
3598|Hell Blade|Chaos||false
3598|Hell Blade|Vehicle||false
3598|Hell Blade|Hell Blade||false
3598|Hell Blade|Tzeentch||false
3598|Hell Blade|Fly||false
3598|Hell Blade|Aircraft||false
3598|Hell Blade|Chaos||false
3598|Hell Blade|Vehicle||false
3598|Hell Blade|Hell Blade||false
3598|Hell Blade|Tzeentch||false
3598|Hell Blade|Fly||false
3598|Hell Blade|Tzeentch||false
3598|Hell Blade|Chaos||false
3598|Hell Blade|Vehicle||false
3598|Hell Blade|Aircraft||false
3598|Hell Blade|Hell Blade||false
3598|Hell Blade|Tzeentch||false
3598|Hell Blade|Fly||false
3598|Hell Blade|Vehicle||false
3598|Hell Blade|Aircraft||false
3598|Hell Blade|Chaos||false
3598|Hell Blade|Hell Blade||false
3598|Hell Blade|Fly||false
3598|Hell Blade|Aircraft||false
3599|Hell Talon|Thousand Sons||true
3599|Hell Talon|||true
3599|Hell Talon|Hell Talon||false
3599|Hell Talon|Chaos||false
3599|Hell Talon|Aircraft||false
3599|Hell Talon|Fly||false
3599|Hell Talon|Tzeentch||false
3599|Hell Talon|Chaos||false
3599|Hell Talon|Chaos||false
3599|Hell Talon|Aircraft||false
3599|Hell Talon|Vehicle||false
3599|Hell Talon|Fly||false
3599|Hell Talon|Aircraft||false
3599|Hell Talon|Fly||false
3599|Hell Talon|Tzeentch||false
3599|Hell Talon|Hell Talon||false
3599|Hell Talon|Tzeentch||false
3599|Hell Talon|Aircraft||false
3599|Hell Talon|Vehicle||false
3599|Hell Talon|Chaos||false
3599|Hell Talon|Hell Talon||false
3599|Hell Talon|Vehicle||false
3599|Hell Talon|Chaos||false
3599|Hell Talon|Fly||false
3599|Hell Talon|Tzeentch||false
3599|Hell Talon|Hell Talon||false
3599|Hell Talon|Vehicle||false
3599|Hell Talon|Aircraft||false
3599|Hell Talon|Fly||false
3599|Hell Talon|Tzeentch||false
3599|Hell Talon|Hell Talon||false
3599|Hell Talon|Vehicle||false
3600|Sorcerer On Palanquin Of Nurgle|Death Guard||true
3600|Sorcerer On Palanquin Of Nurgle|||true
3600|Sorcerer On Palanquin Of Nurgle|Palanquin of Nurgle||false
3600|Sorcerer On Palanquin Of Nurgle|Nurgle||false
3600|Sorcerer On Palanquin Of Nurgle|Infantry||false
3600|Sorcerer On Palanquin Of Nurgle|Character||false
3600|Sorcerer On Palanquin Of Nurgle|Grenades||false
3600|Sorcerer On Palanquin Of Nurgle|Chaos||false
3600|Sorcerer On Palanquin Of Nurgle|Psyker||false
3600|Sorcerer On Palanquin Of Nurgle|Sorcerer||false
3601|Hell Blade|World Eaters||true
3601|Hell Blade|||true
3601|Hell Blade|Hell Blade||false
3601|Hell Blade|Vehicle||false
3601|Hell Blade|Chaos||false
3601|Hell Blade|Aircraft||false
3601|Hell Blade|Fly||false
3601|Hell Blade|Khorne||false
3601|Hell Blade|Hell Blade||false
3601|Hell Blade|Vehicle||false
3601|Hell Blade|Chaos||false
3601|Hell Blade|Aircraft||false
3601|Hell Blade|Fly||false
3601|Hell Blade|Khorne||false
3601|Hell Blade|Hell Blade||false
3601|Hell Blade|Chaos||false
3601|Hell Blade|Aircraft||false
3601|Hell Blade|Fly||false
3601|Hell Blade|Khorne||false
3601|Hell Blade|Hell Blade||false
3601|Hell Blade|Vehicle||false
3601|Hell Blade|Vehicle||false
3601|Hell Blade|Chaos||false
3601|Hell Blade|Aircraft||false
3601|Hell Blade|Fly||false
3601|Hell Blade|Khorne||false
3601|Hell Blade|Hell Blade||false
3601|Hell Blade|Vehicle||false
3601|Hell Blade|Chaos||false
3601|Hell Blade|Aircraft||false
3601|Hell Blade|Fly||false
3601|Hell Blade|Khorne||false
3602|Hell Talon|World Eaters||true
3602|Hell Talon|||true
3602|Hell Talon|Khorne||false
3602|Hell Talon|Fly||false
3602|Hell Talon|Aircraft||false
3602|Hell Talon|Vehicle||false
3602|Hell Talon|Chaos||false
3602|Hell Talon|Vehicle||false
3602|Hell Talon|Hell Talon||false
3602|Hell Talon|Aircraft||false
3602|Hell Talon|Khorne||false
3602|Hell Talon|Fly||false
3602|Hell Talon|Hell Talon||false
3602|Hell Talon|Hell Talon||false
3602|Hell Talon|Khorne||false
3602|Hell Talon|Fly||false
3602|Hell Talon|Aircraft||false
3602|Hell Talon|Chaos||false
3602|Hell Talon|Vehicle||false
3602|Hell Talon|Hell Talon||false
3602|Hell Talon|Khorne||false
3602|Hell Talon|Fly||false
3602|Hell Talon|Aircraft||false
3602|Hell Talon|Chaos||false
3602|Hell Talon|Vehicle||false
3602|Hell Talon|Hell Talon||false
3602|Hell Talon|Khorne||false
3602|Hell Talon|Fly||false
3602|Hell Talon|Aircraft||false
3602|Hell Talon|Chaos||false
3602|Hell Talon|Vehicle||false
3602|Hell Talon|Chaos||false
3603|Terrax-pattern Termite|||true
3603|Terrax-pattern Termite|Thousand Sons||true
3603|Terrax-pattern Termite|Terrax-pattern Termite||false
3603|Terrax-pattern Termite|Vehicle||false
3603|Terrax-pattern Termite|Transport||false
3603|Terrax-pattern Termite|Vehicle||false
3603|Terrax-pattern Termite|Chaos||false
3603|Terrax-pattern Termite|Tzeentch||false
3603|Terrax-pattern Termite|Transport||false
3603|Terrax-pattern Termite|Dedicated Transport||false
3603|Terrax-pattern Termite|Terrax-pattern Termite||false
3603|Terrax-pattern Termite|Vehicle||false
3603|Terrax-pattern Termite|Chaos||false
3603|Terrax-pattern Termite|Tzeentch||false
3603|Terrax-pattern Termite|Dedicated Transport||false
3603|Terrax-pattern Termite|Terrax-pattern Termite||false
3603|Terrax-pattern Termite|Vehicle||false
3603|Terrax-pattern Termite|Chaos||false
3603|Terrax-pattern Termite|Tzeentch||false
3603|Terrax-pattern Termite|Transport||false
3603|Terrax-pattern Termite|Dedicated Transport||false
3603|Terrax-pattern Termite|Terrax-pattern Termite||false
3603|Terrax-pattern Termite|Dedicated Transport||false
3603|Terrax-pattern Termite|Transport||false
3603|Terrax-pattern Termite|Tzeentch||false
3603|Terrax-pattern Termite|Chaos||false
3603|Terrax-pattern Termite|Vehicle||false
3603|Terrax-pattern Termite|Chaos||false
3603|Terrax-pattern Termite|Tzeentch||false
3603|Terrax-pattern Termite|Transport||false
3603|Terrax-pattern Termite|Dedicated Transport||false
3603|Terrax-pattern Termite|Terrax-pattern Termite||false
3603|Terrax-pattern Termite|Terrax-pattern Termite||false
3603|Terrax-pattern Termite|Vehicle||false
3603|Terrax-pattern Termite|Chaos||false
3603|Terrax-pattern Termite|Tzeentch||false
3603|Terrax-pattern Termite|Transport||false
3603|Terrax-pattern Termite|Dedicated Transport||false
3604|Terrax-pattern Termite|||true
3604|Terrax-pattern Termite|Death Guard||true
3604|Terrax-pattern Termite|Terrax-pattern Termite||false
3604|Terrax-pattern Termite|Dedicated Transport||false
3604|Terrax-pattern Termite|Transport||false
3604|Terrax-pattern Termite|Nurgle||false
3604|Terrax-pattern Termite|Chaos||false
3604|Terrax-pattern Termite|Vehicle||false
3604|Terrax-pattern Termite|Terrax-pattern Termite||false
3604|Terrax-pattern Termite|Transport||false
3604|Terrax-pattern Termite|Nurgle||false
3604|Terrax-pattern Termite|Chaos||false
3604|Terrax-pattern Termite|Vehicle||false
3604|Terrax-pattern Termite|Terrax-pattern Termite||false
3604|Terrax-pattern Termite|Dedicated Transport||false
3604|Terrax-pattern Termite|Transport||false
3604|Terrax-pattern Termite|Nurgle||false
3604|Terrax-pattern Termite|Chaos||false
3604|Terrax-pattern Termite|Vehicle||false
3604|Terrax-pattern Termite|Terrax-pattern Termite||false
3604|Terrax-pattern Termite|Dedicated Transport||false
3604|Terrax-pattern Termite|Transport||false
3604|Terrax-pattern Termite|Nurgle||false
3604|Terrax-pattern Termite|Chaos||false
3604|Terrax-pattern Termite|Vehicle||false
3604|Terrax-pattern Termite|Terrax-pattern Termite||false
3604|Terrax-pattern Termite|Dedicated Transport||false
3604|Terrax-pattern Termite|Transport||false
3604|Terrax-pattern Termite|Nurgle||false
3604|Terrax-pattern Termite|Chaos||false
3604|Terrax-pattern Termite|Vehicle||false
3604|Terrax-pattern Termite|Dedicated Transport||false
3604|Terrax-pattern Termite|Terrax-pattern Termite||false
3604|Terrax-pattern Termite|Dedicated Transport||false
3604|Terrax-pattern Termite|Transport||false
3604|Terrax-pattern Termite|Nurgle||false
3604|Terrax-pattern Termite|Chaos||false
3604|Terrax-pattern Termite|Vehicle||false
3605|Terrax-pattern Termite|World Eaters||true
3605|Terrax-pattern Termite|||true
3605|Terrax-pattern Termite|Chaos||false
3605|Terrax-pattern Termite|Khorne||false
3605|Terrax-pattern Termite|Transport||false
3605|Terrax-pattern Termite|Dedicated Transport||false
3605|Terrax-pattern Termite|Transport||false
3605|Terrax-pattern Termite|Dedicated Transport||false
3605|Terrax-pattern Termite|Terrax-pattern Termite||false
3605|Terrax-pattern Termite|Vehicle||false
3605|Terrax-pattern Termite|Vehicle||false
3605|Terrax-pattern Termite|Vehicle||false
3605|Terrax-pattern Termite|Chaos||false
3605|Terrax-pattern Termite|Terrax-pattern Termite||false
3605|Terrax-pattern Termite|Vehicle||false
3605|Terrax-pattern Termite|Vehicle||false
3605|Terrax-pattern Termite|Chaos||false
3605|Terrax-pattern Termite|Khorne||false
3605|Terrax-pattern Termite|Dedicated Transport||false
3605|Terrax-pattern Termite|Terrax-pattern Termite||false
3605|Terrax-pattern Termite|Chaos||false
3605|Terrax-pattern Termite|Khorne||false
3605|Terrax-pattern Termite|Transport||false
3605|Terrax-pattern Termite|Dedicated Transport||false
3605|Terrax-pattern Termite|Transport||false
3605|Terrax-pattern Termite|Terrax-pattern Termite||false
3605|Terrax-pattern Termite|Vehicle||false
3605|Terrax-pattern Termite|Chaos||false
3605|Terrax-pattern Termite|Khorne||false
3605|Terrax-pattern Termite|Transport||false
3605|Terrax-pattern Termite|Khorne||false
3605|Terrax-pattern Termite|Dedicated Transport||false
3605|Terrax-pattern Termite|Terrax-pattern Termite||false
3605|Terrax-pattern Termite|Chaos||false
3605|Terrax-pattern Termite|Khorne||false
3605|Terrax-pattern Termite|Transport||false
3605|Terrax-pattern Termite|Dedicated Transport||false
3605|Terrax-pattern Termite|Terrax-pattern Termite||false
3606|Terrax-pattern Termite|Heretic Astartes||true
3606|Terrax-pattern Termite|Vehicle||false
3606|Terrax-pattern Termite|Terrax-pattern Termite||false
3606|Terrax-pattern Termite|Dedicated Transport||false
3606|Terrax-pattern Termite|Chaos||false
3606|Terrax-pattern Termite|Transport||false
3606|Terrax-pattern Termite|Chaos||false
3606|Terrax-pattern Termite|Terrax-pattern Termite||false
3606|Terrax-pattern Termite|Dedicated Transport||false
3606|Terrax-pattern Termite|Chaos||false
3606|Terrax-pattern Termite|Vehicle||false
3606|Terrax-pattern Termite|Transport||false
3606|Terrax-pattern Termite|Vehicle||false
3606|Terrax-pattern Termite|Terrax-pattern Termite||false
3606|Terrax-pattern Termite|Dedicated Transport||false
3606|Terrax-pattern Termite|Transport||false
3606|Terrax-pattern Termite|Chaos||false
3606|Terrax-pattern Termite|Vehicle||false
3606|Terrax-pattern Termite|Terrax-pattern Termite||false
3606|Terrax-pattern Termite|Dedicated Transport||false
3606|Terrax-pattern Termite|Chaos||false
3606|Terrax-pattern Termite|Transport||false
3606|Terrax-pattern Termite|Dedicated Transport||false
3606|Terrax-pattern Termite|Terrax-pattern Termite||false
3606|Terrax-pattern Termite|Vehicle||false
3606|Terrax-pattern Termite|Dedicated Transport||false
3606|Terrax-pattern Termite|Transport||false
3606|Terrax-pattern Termite|Chaos||false
3606|Terrax-pattern Termite|Vehicle||false
3606|Terrax-pattern Termite|Terrax-pattern Termite||false
3606|Terrax-pattern Termite|Transport||false
3607|Land Raider Achilles|||true
3607|Land Raider Achilles|Thousand Sons||true
3607|Land Raider Achilles|Vehicle||false
3607|Land Raider Achilles|Transport||false
3607|Land Raider Achilles|Smoke||false
3607|Land Raider Achilles|Chaos||false
3607|Land Raider Achilles|Tzeentch||false
3607|Land Raider Achilles|Land Raider Achilles||false
3607|Land Raider Achilles|Vehicle||false
3607|Land Raider Achilles|Transport||false
3607|Land Raider Achilles|Smoke||false
3607|Land Raider Achilles|Chaos||false
3607|Land Raider Achilles|Tzeentch||false
3607|Land Raider Achilles|Land Raider Achilles||false
3607|Land Raider Achilles|Vehicle||false
3607|Land Raider Achilles|Transport||false
3607|Land Raider Achilles|Smoke||false
3607|Land Raider Achilles|Chaos||false
3607|Land Raider Achilles|Tzeentch||false
3607|Land Raider Achilles|Land Raider Achilles||false
3607|Land Raider Achilles|Vehicle||false
3607|Land Raider Achilles|Transport||false
3607|Land Raider Achilles|Smoke||false
3607|Land Raider Achilles|Chaos||false
3607|Land Raider Achilles|Tzeentch||false
3607|Land Raider Achilles|Land Raider Achilles||false
3607|Land Raider Achilles|Vehicle||false
3607|Land Raider Achilles|Transport||false
3607|Land Raider Achilles|Smoke||false
3607|Land Raider Achilles|Chaos||false
3607|Land Raider Achilles|Tzeentch||false
3607|Land Raider Achilles|Land Raider Achilles||false
3607|Land Raider Achilles|Vehicle||false
3607|Land Raider Achilles|Transport||false
3607|Land Raider Achilles|Smoke||false
3607|Land Raider Achilles|Chaos||false
3607|Land Raider Achilles|Tzeentch||false
3607|Land Raider Achilles|Land Raider Achilles||false
3608|Land Raider Achilles|||true
3608|Land Raider Achilles|Death Guard||true
3608|Land Raider Achilles|Chaos||false
3608|Land Raider Achilles|Vehicle||false
3608|Land Raider Achilles|Transport||false
3608|Land Raider Achilles|Smoke||false
3608|Land Raider Achilles|Chaos||false
3608|Land Raider Achilles|Nurgle||false
3608|Land Raider Achilles|Land Raider Achilles||false
3608|Land Raider Achilles|Vehicle||false
3608|Land Raider Achilles|Transport||false
3608|Land Raider Achilles|Smoke||false
3608|Land Raider Achilles|Chaos||false
3608|Land Raider Achilles|Nurgle||false
3608|Land Raider Achilles|Land Raider Achilles||false
3608|Land Raider Achilles|Chaos||false
3608|Land Raider Achilles|Vehicle||false
3608|Land Raider Achilles|Transport||false
3608|Land Raider Achilles|Smoke||false
3608|Land Raider Achilles|Land Raider Achilles||false
3608|Land Raider Achilles|Nurgle||false
3608|Land Raider Achilles|Chaos||false
3608|Land Raider Achilles|Smoke||false
3608|Land Raider Achilles|Transport||false
3608|Land Raider Achilles|Vehicle||false
3608|Land Raider Achilles|Nurgle||false
3608|Land Raider Achilles|Land Raider Achilles||false
3608|Land Raider Achilles|Nurgle||false
3608|Land Raider Achilles|Nurgle||false
3608|Land Raider Achilles|Smoke||false
3608|Land Raider Achilles|Transport||false
3608|Land Raider Achilles|Vehicle||false
3608|Land Raider Achilles|Land Raider Achilles||false
3608|Land Raider Achilles|Vehicle||false
3608|Land Raider Achilles|Transport||false
3608|Land Raider Achilles|Smoke||false
3608|Land Raider Achilles|Chaos||false
3608|Land Raider Achilles|Land Raider Achilles||false
3609|Land Raider Achilles|||true
3609|Land Raider Achilles|World Eaters||true
3609|Land Raider Achilles|Khorne||false
3609|Land Raider Achilles|Land Raider Achilles||false
3609|Land Raider Achilles|Vehicle||false
3609|Land Raider Achilles|Transport||false
3609|Land Raider Achilles|Smoke||false
3609|Land Raider Achilles|Chaos||false
3609|Land Raider Achilles|Khorne||false
3609|Land Raider Achilles|Land Raider Achilles||false
3609|Land Raider Achilles|Vehicle||false
3609|Land Raider Achilles|Transport||false
3609|Land Raider Achilles|Smoke||false
3609|Land Raider Achilles|Chaos||false
3609|Land Raider Achilles|Land Raider Achilles||false
3609|Land Raider Achilles|Smoke||false
3609|Land Raider Achilles|Chaos||false
3609|Land Raider Achilles|Khorne||false
3609|Land Raider Achilles|Land Raider Achilles||false
3609|Land Raider Achilles|Vehicle||false
3609|Land Raider Achilles|Khorne||false
3609|Land Raider Achilles|Transport||false
3609|Land Raider Achilles|Smoke||false
3609|Land Raider Achilles|Chaos||false
3609|Land Raider Achilles|Khorne||false
3609|Land Raider Achilles|Land Raider Achilles||false
3609|Land Raider Achilles|Vehicle||false
3609|Land Raider Achilles|Smoke||false
3609|Land Raider Achilles|Chaos||false
3609|Land Raider Achilles|Khorne||false
3609|Land Raider Achilles|Land Raider Achilles||false
3609|Land Raider Achilles|Vehicle||false
3609|Land Raider Achilles|Transport||false
3609|Land Raider Achilles|Smoke||false
3609|Land Raider Achilles|Chaos||false
3609|Land Raider Achilles|Transport||false
3609|Land Raider Achilles|Vehicle||false
3609|Land Raider Achilles|Transport||false
3610|Land Raider Achilles|Heretic Astartes||true
3610|Land Raider Achilles|Vehicle||false
3610|Land Raider Achilles|Transport||false
3610|Land Raider Achilles|Smoke||false
3610|Land Raider Achilles|Chaos||false
3610|Land Raider Achilles|Land Raider Achilles||false
3610|Land Raider Achilles|Transport||false
3610|Land Raider Achilles|Vehicle||false
3610|Land Raider Achilles|Land Raider Achilles||false
3610|Land Raider Achilles|Chaos||false
3610|Land Raider Achilles|Vehicle||false
3610|Land Raider Achilles|Transport||false
3610|Land Raider Achilles|Smoke||false
3610|Land Raider Achilles|Chaos||false
3610|Land Raider Achilles|Land Raider Achilles||false
3610|Land Raider Achilles|Smoke||false
3610|Land Raider Achilles|Transport||false
3610|Land Raider Achilles|Vehicle||false
3610|Land Raider Achilles|Vehicle||false
3610|Land Raider Achilles|Vehicle||false
3610|Land Raider Achilles|Transport||false
3610|Land Raider Achilles|Land Raider Achilles||false
3610|Land Raider Achilles|Chaos||false
3610|Land Raider Achilles|Smoke||false
3610|Land Raider Achilles|Transport||false
3610|Land Raider Achilles|Smoke||false
3610|Land Raider Achilles|Chaos||false
3610|Land Raider Achilles|Land Raider Achilles||false
3610|Land Raider Achilles|Chaos||false
3610|Land Raider Achilles|Land Raider Achilles||false
3610|Land Raider Achilles|Smoke||false
3611|Land Raider Proteus|Thousand Sons||true
3611|Land Raider Proteus|||true
3611|Land Raider Proteus|Chaos||false
3611|Land Raider Proteus|Smoke||false
3611|Land Raider Proteus|Transport||false
3611|Land Raider Proteus|Vehicle||false
3611|Land Raider Proteus|Land Raider Proteus||false
3611|Land Raider Proteus|Tzeentch||false
3611|Land Raider Proteus|Chaos||false
3611|Land Raider Proteus|Smoke||false
3611|Land Raider Proteus|Transport||false
3611|Land Raider Proteus|Vehicle||false
3611|Land Raider Proteus|Land Raider Proteus||false
3611|Land Raider Proteus|Tzeentch||false
3611|Land Raider Proteus|Chaos||false
3611|Land Raider Proteus|Smoke||false
3611|Land Raider Proteus|Transport||false
3611|Land Raider Proteus|Vehicle||false
3611|Land Raider Proteus|Land Raider Proteus||false
3611|Land Raider Proteus|Tzeentch||false
3611|Land Raider Proteus|Chaos||false
3611|Land Raider Proteus|Land Raider Proteus||false
3611|Land Raider Proteus|Smoke||false
3611|Land Raider Proteus|Transport||false
3611|Land Raider Proteus|Vehicle||false
3611|Land Raider Proteus|Land Raider Proteus||false
3611|Land Raider Proteus|Tzeentch||false
3611|Land Raider Proteus|Chaos||false
3611|Land Raider Proteus|Smoke||false
3611|Land Raider Proteus|Transport||false
3611|Land Raider Proteus|Vehicle||false
3611|Land Raider Proteus|Land Raider Proteus||false
3611|Land Raider Proteus|Tzeentch||false
3611|Land Raider Proteus|Chaos||false
3611|Land Raider Proteus|Smoke||false
3611|Land Raider Proteus|Transport||false
3611|Land Raider Proteus|Vehicle||false
3611|Land Raider Proteus|Tzeentch||false
3612|Land Raider Proteus|||true
3612|Land Raider Proteus|Death Guard||true
3612|Land Raider Proteus|Smoke||false
3612|Land Raider Proteus|Chaos||false
3612|Land Raider Proteus|Nurgle||false
3612|Land Raider Proteus|Land Raider Proteus||false
3612|Land Raider Proteus|Vehicle||false
3612|Land Raider Proteus|Transport||false
3612|Land Raider Proteus|Smoke||false
3612|Land Raider Proteus|Chaos||false
3612|Land Raider Proteus|Nurgle||false
3612|Land Raider Proteus|Land Raider Proteus||false
3612|Land Raider Proteus|Vehicle||false
3612|Land Raider Proteus|Transport||false
3612|Land Raider Proteus|Smoke||false
3612|Land Raider Proteus|Chaos||false
3612|Land Raider Proteus|Smoke||false
3612|Land Raider Proteus|Nurgle||false
3612|Land Raider Proteus|Land Raider Proteus||false
3612|Land Raider Proteus|Vehicle||false
3612|Land Raider Proteus|Transport||false
3612|Land Raider Proteus|Smoke||false
3612|Land Raider Proteus|Chaos||false
3612|Land Raider Proteus|Nurgle||false
3612|Land Raider Proteus|Land Raider Proteus||false
3612|Land Raider Proteus|Vehicle||false
3612|Land Raider Proteus|Transport||false
3612|Land Raider Proteus|Chaos||false
3612|Land Raider Proteus|Nurgle||false
3612|Land Raider Proteus|Land Raider Proteus||false
3612|Land Raider Proteus|Chaos||false
3612|Land Raider Proteus|Nurgle||false
3612|Land Raider Proteus|Vehicle||false
3612|Land Raider Proteus|Transport||false
3612|Land Raider Proteus|Smoke||false
3612|Land Raider Proteus|Land Raider Proteus||false
3612|Land Raider Proteus|Vehicle||false
3612|Land Raider Proteus|Transport||false
3613|Land Raider Proteus|World Eaters||true
3613|Land Raider Proteus|||true
3613|Land Raider Proteus|Smoke||false
3613|Land Raider Proteus|Chaos||false
3613|Land Raider Proteus|Khorne||false
3613|Land Raider Proteus|Land Raider Proteus||false
3613|Land Raider Proteus|Vehicle||false
3613|Land Raider Proteus|Transport||false
3613|Land Raider Proteus|Smoke||false
3613|Land Raider Proteus|Chaos||false
3613|Land Raider Proteus|Khorne||false
3613|Land Raider Proteus|Land Raider Proteus||false
3613|Land Raider Proteus|Vehicle||false
3613|Land Raider Proteus|Transport||false
3613|Land Raider Proteus|Smoke||false
3613|Land Raider Proteus|Chaos||false
3613|Land Raider Proteus|Khorne||false
3613|Land Raider Proteus|Land Raider Proteus||false
3613|Land Raider Proteus|Vehicle||false
3613|Land Raider Proteus|Transport||false
3613|Land Raider Proteus|Smoke||false
3613|Land Raider Proteus|Khorne||false
3613|Land Raider Proteus|Land Raider Proteus||false
3613|Land Raider Proteus|Khorne||false
3613|Land Raider Proteus|Chaos||false
3613|Land Raider Proteus|Smoke||false
3613|Land Raider Proteus|Vehicle||false
3613|Land Raider Proteus|Land Raider Proteus||false
3613|Land Raider Proteus|Khorne||false
3613|Land Raider Proteus|Chaos||false
3613|Land Raider Proteus|Smoke||false
3613|Land Raider Proteus|Transport||false
3613|Land Raider Proteus|Vehicle||false
3613|Land Raider Proteus|Chaos||false
3613|Land Raider Proteus|Land Raider Proteus||false
3613|Land Raider Proteus|Transport||false
3613|Land Raider Proteus|Vehicle||false
3613|Land Raider Proteus|Transport||false
3614|Land Raider Proteus|Heretic Astartes||true
3614|Land Raider Proteus|Smoke||false
3614|Land Raider Proteus|Chaos||false
3614|Land Raider Proteus|Land Raider Proteus||false
3614|Land Raider Proteus|Vehicle||false
3614|Land Raider Proteus|Transport||false
3614|Land Raider Proteus|Smoke||false
3614|Land Raider Proteus|Chaos||false
3614|Land Raider Proteus|Smoke||false
3614|Land Raider Proteus|Transport||false
3614|Land Raider Proteus|Vehicle||false
3614|Land Raider Proteus|Land Raider Proteus||false
3614|Land Raider Proteus|Chaos||false
3614|Land Raider Proteus|Vehicle||false
3614|Land Raider Proteus|Transport||false
3614|Land Raider Proteus|Vehicle||false
3614|Land Raider Proteus|Transport||false
3614|Land Raider Proteus|Chaos||false
3614|Land Raider Proteus|Land Raider Proteus||false
3614|Land Raider Proteus|Vehicle||false
3614|Land Raider Proteus|Transport||false
3614|Land Raider Proteus|Smoke||false
3614|Land Raider Proteus|Chaos||false
3614|Land Raider Proteus|Land Raider Proteus||false
3614|Land Raider Proteus|Smoke||false
3614|Land Raider Proteus|Land Raider Proteus||false
3614|Land Raider Proteus|Smoke||false
3614|Land Raider Proteus|Chaos||false
3614|Land Raider Proteus|Land Raider Proteus||false
3614|Land Raider Proteus|Vehicle||false
3614|Land Raider Proteus|Transport||false
3615|Fire Raptor Gunship|||true
3615|Fire Raptor Gunship|Thousand Sons||true
3615|Fire Raptor Gunship|Vehicle||false
3615|Fire Raptor Gunship|Fly||false
3615|Fire Raptor Gunship|Aircraft||false
3615|Fire Raptor Gunship|Chaos||false
3615|Fire Raptor Gunship|Tzeentch||false
3615|Fire Raptor Gunship|Fire Raptor Gunship||false
3615|Fire Raptor Gunship|Fire Raptor Gunship||false
3615|Fire Raptor Gunship|Aircraft||false
3615|Fire Raptor Gunship|Vehicle||false
3615|Fire Raptor Gunship|Fly||false
3615|Fire Raptor Gunship|Aircraft||false
3615|Fire Raptor Gunship|Chaos||false
3615|Fire Raptor Gunship|Tzeentch||false
3615|Fire Raptor Gunship|Vehicle||false
3615|Fire Raptor Gunship|Fly||false
3615|Fire Raptor Gunship|Aircraft||false
3615|Fire Raptor Gunship|Chaos||false
3615|Fire Raptor Gunship|Tzeentch||false
3615|Fire Raptor Gunship|Fire Raptor Gunship||false
3615|Fire Raptor Gunship|Vehicle||false
3615|Fire Raptor Gunship|Fly||false
3615|Fire Raptor Gunship|Chaos||false
3615|Fire Raptor Gunship|Chaos||false
3615|Fire Raptor Gunship|Tzeentch||false
3615|Fire Raptor Gunship|Fire Raptor Gunship||false
3615|Fire Raptor Gunship|Vehicle||false
3615|Fire Raptor Gunship|Fly||false
3615|Fire Raptor Gunship|Aircraft||false
3615|Fire Raptor Gunship|Chaos||false
3615|Fire Raptor Gunship|Tzeentch||false
3615|Fire Raptor Gunship|Fire Raptor Gunship||false
3615|Fire Raptor Gunship|Vehicle||false
3615|Fire Raptor Gunship|Fly||false
3615|Fire Raptor Gunship|Aircraft||false
3615|Fire Raptor Gunship|Tzeentch||false
3615|Fire Raptor Gunship|Fire Raptor Gunship||false
3616|Fire Raptor Gunship|Death Guard||true
3616|Fire Raptor Gunship|||true
3616|Fire Raptor Gunship|Aircraft||false
3616|Fire Raptor Gunship|Fly||false
3616|Fire Raptor Gunship|Vehicle||false
3616|Fire Raptor Gunship|Fire Raptor Gunship||false
3616|Fire Raptor Gunship|Nurgle||false
3616|Fire Raptor Gunship|Chaos||false
3616|Fire Raptor Gunship|Vehicle||false
3616|Fire Raptor Gunship|Fly||false
3616|Fire Raptor Gunship|Aircraft||false
3616|Fire Raptor Gunship|Chaos||false
3616|Fire Raptor Gunship|Nurgle||false
3616|Fire Raptor Gunship|Vehicle||false
3616|Fire Raptor Gunship|Chaos||false
3616|Fire Raptor Gunship|Nurgle||false
3616|Fire Raptor Gunship|Nurgle||false
3616|Fire Raptor Gunship|Chaos||false
3616|Fire Raptor Gunship|Aircraft||false
3616|Fire Raptor Gunship|Fly||false
3616|Fire Raptor Gunship|Chaos||false
3616|Fire Raptor Gunship|Fire Raptor Gunship||false
3616|Fire Raptor Gunship|Vehicle||false
3616|Fire Raptor Gunship|Fly||false
3616|Fire Raptor Gunship|Aircraft||false
3616|Fire Raptor Gunship|Fire Raptor Gunship||false
3616|Fire Raptor Gunship|Nurgle||false
3616|Fire Raptor Gunship|Fire Raptor Gunship||false
3616|Fire Raptor Gunship|Vehicle||false
3616|Fire Raptor Gunship|Fly||false
3616|Fire Raptor Gunship|Aircraft||false
3616|Fire Raptor Gunship|Fire Raptor Gunship||false
3616|Fire Raptor Gunship|Vehicle||false
3616|Fire Raptor Gunship|Fly||false
3616|Fire Raptor Gunship|Aircraft||false
3616|Fire Raptor Gunship|Chaos||false
3616|Fire Raptor Gunship|Nurgle||false
3616|Fire Raptor Gunship|Fire Raptor Gunship||false
3617|Fire Raptor Gunship|||true
3617|Fire Raptor Gunship|World Eaters||true
3617|Fire Raptor Gunship|Chaos||false
3617|Fire Raptor Gunship|Vehicle||false
3617|Fire Raptor Gunship|Fly||false
3617|Fire Raptor Gunship|Aircraft||false
3617|Fire Raptor Gunship|Chaos||false
3617|Fire Raptor Gunship|Khorne||false
3617|Fire Raptor Gunship|Fire Raptor Gunship||false
3617|Fire Raptor Gunship|Vehicle||false
3617|Fire Raptor Gunship|Fly||false
3617|Fire Raptor Gunship|Aircraft||false
3617|Fire Raptor Gunship|Chaos||false
3617|Fire Raptor Gunship|Khorne||false
3617|Fire Raptor Gunship|Fire Raptor Gunship||false
3617|Fire Raptor Gunship|Vehicle||false
3617|Fire Raptor Gunship|Fly||false
3617|Fire Raptor Gunship|Aircraft||false
3617|Fire Raptor Gunship|Chaos||false
3617|Fire Raptor Gunship|Khorne||false
3617|Fire Raptor Gunship|Fire Raptor Gunship||false
3617|Fire Raptor Gunship|Vehicle||false
3617|Fire Raptor Gunship|Fly||false
3617|Fire Raptor Gunship|Aircraft||false
3617|Fire Raptor Gunship|Khorne||false
3617|Fire Raptor Gunship|Fire Raptor Gunship||false
3617|Fire Raptor Gunship|Vehicle||false
3617|Fire Raptor Gunship|Fly||false
3617|Fire Raptor Gunship|Aircraft||false
3617|Fire Raptor Gunship|Chaos||false
3617|Fire Raptor Gunship|Khorne||false
3617|Fire Raptor Gunship|Fire Raptor Gunship||false
3617|Fire Raptor Gunship|Vehicle||false
3617|Fire Raptor Gunship|Fly||false
3617|Fire Raptor Gunship|Aircraft||false
3617|Fire Raptor Gunship|Chaos||false
3617|Fire Raptor Gunship|Khorne||false
3617|Fire Raptor Gunship|Fire Raptor Gunship||false
3618|Fire Raptor Gunship|Heretic Astartes||true
3618|Fire Raptor Gunship|Chaos||false
3618|Fire Raptor Gunship|Chaos||false
3618|Fire Raptor Gunship|Fire Raptor Gunship||false
3618|Fire Raptor Gunship|Fly||false
3618|Fire Raptor Gunship|Vehicle||false
3618|Fire Raptor Gunship|Fly||false
3618|Fire Raptor Gunship|Aircraft||false
3618|Fire Raptor Gunship|Fly||false
3618|Fire Raptor Gunship|Fire Raptor Gunship||false
3618|Fire Raptor Gunship|Vehicle||false
3618|Fire Raptor Gunship|Fly||false
3618|Fire Raptor Gunship|Aircraft||false
3618|Fire Raptor Gunship|Chaos||false
3618|Fire Raptor Gunship|Fire Raptor Gunship||false
3618|Fire Raptor Gunship|Vehicle||false
3618|Fire Raptor Gunship|Aircraft||false
3618|Fire Raptor Gunship|Aircraft||false
3618|Fire Raptor Gunship|Chaos||false
3618|Fire Raptor Gunship|Fire Raptor Gunship||false
3618|Fire Raptor Gunship|Vehicle||false
3618|Fire Raptor Gunship|Fly||false
3618|Fire Raptor Gunship|Aircraft||false
3618|Fire Raptor Gunship|Chaos||false
3618|Fire Raptor Gunship|Fire Raptor Gunship||false
3618|Fire Raptor Gunship|Vehicle||false
3618|Fire Raptor Gunship|Fly||false
3618|Fire Raptor Gunship|Aircraft||false
3618|Fire Raptor Gunship|Chaos||false
3618|Fire Raptor Gunship|Fire Raptor Gunship||false
3618|Fire Raptor Gunship|Vehicle||false
3619|Spartan|||true
3619|Spartan|Thousand Sons||true
3619|Spartan|Smoke||false
3619|Spartan|Spartan||false
3619|Spartan|Vehicle||false
3619|Spartan|Chaos||false
3619|Spartan|Tzeentch||false
3619|Spartan|Transport||false
3619|Spartan|Smoke||false
3619|Spartan|Spartan||false
3619|Spartan|Vehicle||false
3619|Spartan|Chaos||false
3619|Spartan|Tzeentch||false
3619|Spartan|Transport||false
3619|Spartan|Smoke||false
3619|Spartan|Spartan||false
3619|Spartan|Vehicle||false
3619|Spartan|Chaos||false
3619|Spartan|Tzeentch||false
3619|Spartan|Transport||false
3619|Spartan|Smoke||false
3619|Spartan|Spartan||false
3619|Spartan|Vehicle||false
3619|Spartan|Chaos||false
3619|Spartan|Tzeentch||false
3619|Spartan|Transport||false
3619|Spartan|Smoke||false
3619|Spartan|Spartan||false
3619|Spartan|Vehicle||false
3619|Spartan|Chaos||false
3619|Spartan|Tzeentch||false
3619|Spartan|Transport||false
3619|Spartan|Smoke||false
3619|Spartan|Spartan||false
3619|Spartan|Vehicle||false
3619|Spartan|Chaos||false
3619|Spartan|Tzeentch||false
3619|Spartan|Transport||false
3620|Spartan|||true
3620|Spartan|Death Guard||true
3620|Spartan|Vehicle||false
3620|Spartan|Smoke||false
3620|Spartan|Vehicle||false
3620|Spartan|Chaos||false
3620|Spartan|Nurgle||false
3620|Spartan|Transport||false
3620|Spartan|Smoke||false
3620|Spartan|Spartan||false
3620|Spartan|Vehicle||false
3620|Spartan|Chaos||false
3620|Spartan|Nurgle||false
3620|Spartan|Transport||false
3620|Spartan|Smoke||false
3620|Spartan|Spartan||false
3620|Spartan|Vehicle||false
3620|Spartan|Chaos||false
3620|Spartan|Nurgle||false
3620|Spartan|Transport||false
3620|Spartan|Smoke||false
3620|Spartan|Spartan||false
3620|Spartan|Vehicle||false
3620|Spartan|Chaos||false
3620|Spartan|Nurgle||false
3620|Spartan|Transport||false
3620|Spartan|Smoke||false
3620|Spartan|Spartan||false
3620|Spartan|Chaos||false
3620|Spartan|Nurgle||false
3620|Spartan|Transport||false
3620|Spartan|Smoke||false
3620|Spartan|Spartan||false
3620|Spartan|Vehicle||false
3620|Spartan|Chaos||false
3620|Spartan|Nurgle||false
3620|Spartan|Transport||false
3620|Spartan|Spartan||false
3621|Spartan|||true
3621|Spartan|World Eaters||true
3621|Spartan|Khorne||false
3621|Spartan|Spartan||false
3621|Spartan|Smoke||false
3621|Spartan|Transport||false
3621|Spartan|Khorne||false
3621|Spartan|Chaos||false
3621|Spartan|Vehicle||false
3621|Spartan|Spartan||false
3621|Spartan|Smoke||false
3621|Spartan|Transport||false
3621|Spartan|Vehicle||false
3621|Spartan|Spartan||false
3621|Spartan|Smoke||false
3621|Spartan|Transport||false
3621|Spartan|Khorne||false
3621|Spartan|Chaos||false
3621|Spartan|Vehicle||false
3621|Spartan|Spartan||false
3621|Spartan|Smoke||false
3621|Spartan|Khorne||false
3621|Spartan|Chaos||false
3621|Spartan|Smoke||false
3621|Spartan|Vehicle||false
3621|Spartan|Chaos||false
3621|Spartan|Vehicle||false
3621|Spartan|Spartan||false
3621|Spartan|Transport||false
3621|Spartan|Smoke||false
3621|Spartan|Transport||false
3621|Spartan|Khorne||false
3621|Spartan|Chaos||false
3621|Spartan|Transport||false
3621|Spartan|Khorne||false
3621|Spartan|Chaos||false
3621|Spartan|Vehicle||false
3621|Spartan|Spartan||false
3622|Spartan|Heretic Astartes||true
3622|Spartan|Chaos||false
3622|Spartan|Smoke||false
3622|Spartan|Spartan||false
3622|Spartan|Vehicle||false
3622|Spartan|Chaos||false
3622|Spartan|Transport||false
3622|Spartan|Smoke||false
3622|Spartan|Spartan||false
3622|Spartan|Vehicle||false
3622|Spartan|Chaos||false
3622|Spartan|Transport||false
3622|Spartan|Smoke||false
3622|Spartan|Spartan||false
3622|Spartan|Vehicle||false
3622|Spartan|Transport||false
3622|Spartan|Smoke||false
3622|Spartan|Spartan||false
3622|Spartan|Vehicle||false
3622|Spartan|Chaos||false
3622|Spartan|Transport||false
3622|Spartan|Smoke||false
3622|Spartan|Spartan||false
3622|Spartan|Vehicle||false
3622|Spartan|Chaos||false
3622|Spartan|Transport||false
3622|Spartan|Smoke||false
3622|Spartan|Spartan||false
3622|Spartan|Vehicle||false
3622|Spartan|Chaos||false
3622|Spartan|Transport||false
3623|Deredeo Dreadnought|Thousand Sons||true
3623|Deredeo Dreadnought|||true
3623|Deredeo Dreadnought|Dreadnought||false
3623|Deredeo Dreadnought|Smoke||false
3623|Deredeo Dreadnought|Tzeentch||false
3623|Deredeo Dreadnought|Walker||false
3623|Deredeo Dreadnought|Vehicle||false
3623|Deredeo Dreadnought|Deredeo Dreadnought||false
3623|Deredeo Dreadnought|Dreadnought||false
3623|Deredeo Dreadnought|Smoke||false
3623|Deredeo Dreadnought|Tzeentch||false
3623|Deredeo Dreadnought|Chaos||false
3623|Deredeo Dreadnought|Walker||false
3623|Deredeo Dreadnought|Vehicle||false
3623|Deredeo Dreadnought|Deredeo Dreadnought||false
3623|Deredeo Dreadnought|Dreadnought||false
3623|Deredeo Dreadnought|Smoke||false
3623|Deredeo Dreadnought|Chaos||false
3623|Deredeo Dreadnought|Tzeentch||false
3623|Deredeo Dreadnought|Chaos||false
3623|Deredeo Dreadnought|Chaos||false
3623|Deredeo Dreadnought|Deredeo Dreadnought||false
3623|Deredeo Dreadnought|Dreadnought||false
3623|Deredeo Dreadnought|Smoke||false
3623|Deredeo Dreadnought|Tzeentch||false
3623|Deredeo Dreadnought|Chaos||false
3623|Deredeo Dreadnought|Walker||false
3623|Deredeo Dreadnought|Vehicle||false
3623|Deredeo Dreadnought|Deredeo Dreadnought||false
3623|Deredeo Dreadnought|Dreadnought||false
3623|Deredeo Dreadnought|Smoke||false
3623|Deredeo Dreadnought|Tzeentch||false
3623|Deredeo Dreadnought|Walker||false
3623|Deredeo Dreadnought|Vehicle||false
3623|Deredeo Dreadnought|Deredeo Dreadnought||false
3623|Deredeo Dreadnought|Dreadnought||false
3623|Deredeo Dreadnought|Smoke||false
3623|Deredeo Dreadnought|Tzeentch||false
3623|Deredeo Dreadnought|Chaos||false
3623|Deredeo Dreadnought|Walker||false
3623|Deredeo Dreadnought|Vehicle||false
3623|Deredeo Dreadnought|Deredeo Dreadnought||false
3623|Deredeo Dreadnought|Dreadnought||false
3623|Deredeo Dreadnought|Smoke||false
3623|Deredeo Dreadnought|Tzeentch||false
3623|Deredeo Dreadnought|Chaos||false
3623|Deredeo Dreadnought|Walker||false
3623|Deredeo Dreadnought|Vehicle||false
3623|Deredeo Dreadnought|Deredeo Dreadnought||false
3623|Deredeo Dreadnought|Vehicle||false
3623|Deredeo Dreadnought|Walker||false
3624|Deredeo Dreadnought|Death Guard||true
3624|Deredeo Dreadnought|||true
3624|Deredeo Dreadnought|Walker||false
3624|Deredeo Dreadnought|Chaos||false
3624|Deredeo Dreadnought|Nurgle||false
3624|Deredeo Dreadnought|Smoke||false
3624|Deredeo Dreadnought|Dreadnought||false
3624|Deredeo Dreadnought|Walker||false
3624|Deredeo Dreadnought|Vehicle||false
3624|Deredeo Dreadnought|Vehicle||false
3624|Deredeo Dreadnought|Chaos||false
3624|Deredeo Dreadnought|Vehicle||false
3624|Deredeo Dreadnought|Smoke||false
3624|Deredeo Dreadnought|Chaos||false
3624|Deredeo Dreadnought|Nurgle||false
3624|Deredeo Dreadnought|Smoke||false
3624|Deredeo Dreadnought|Dreadnought||false
3624|Deredeo Dreadnought|Deredeo Dreadnought||false
3624|Deredeo Dreadnought|Vehicle||false
3624|Deredeo Dreadnought|Walker||false
3624|Deredeo Dreadnought|Walker||false
3624|Deredeo Dreadnought|Vehicle||false
3624|Deredeo Dreadnought|Deredeo Dreadnought||false
3624|Deredeo Dreadnought|Nurgle||false
3624|Deredeo Dreadnought|Dreadnought||false
3624|Deredeo Dreadnought|Smoke||false
3624|Deredeo Dreadnought|Nurgle||false
3624|Deredeo Dreadnought|Chaos||false
3624|Deredeo Dreadnought|Walker||false
3624|Deredeo Dreadnought|Vehicle||false
3624|Deredeo Dreadnought|Deredeo Dreadnought||false
3624|Deredeo Dreadnought|Deredeo Dreadnought||false
3624|Deredeo Dreadnought|Dreadnought||false
3624|Deredeo Dreadnought|Smoke||false
3624|Deredeo Dreadnought|Chaos||false
3624|Deredeo Dreadnought|Nurgle||false
3624|Deredeo Dreadnought|Dreadnought||false
3624|Deredeo Dreadnought|Deredeo Dreadnought||false
3624|Deredeo Dreadnought|Vehicle||false
3624|Deredeo Dreadnought|Smoke||false
3624|Deredeo Dreadnought|Walker||false
3624|Deredeo Dreadnought|Chaos||false
3624|Deredeo Dreadnought|Nurgle||false
3624|Deredeo Dreadnought|Dreadnought||false
3624|Deredeo Dreadnought|Deredeo Dreadnought||false
3624|Deredeo Dreadnought|Walker||false
3624|Deredeo Dreadnought|Chaos||false
3624|Deredeo Dreadnought|Nurgle||false
3624|Deredeo Dreadnought|Smoke||false
3624|Deredeo Dreadnought|Dreadnought||false
3624|Deredeo Dreadnought|Deredeo Dreadnought||false
3625|Deredeo Dreadnought|World Eaters||true
3625|Deredeo Dreadnought|||true
3625|Deredeo Dreadnought|Chaos||false
3625|Deredeo Dreadnought|Khorne||false
3625|Deredeo Dreadnought|Smoke||false
3625|Deredeo Dreadnought|Dreadnought||false
3625|Deredeo Dreadnought|Deredeo Dreadnought||false
3625|Deredeo Dreadnought|Vehicle||false
3625|Deredeo Dreadnought|Walker||false
3625|Deredeo Dreadnought|Chaos||false
3625|Deredeo Dreadnought|Khorne||false
3625|Deredeo Dreadnought|Smoke||false
3625|Deredeo Dreadnought|Dreadnought||false
3625|Deredeo Dreadnought|Deredeo Dreadnought||false
3625|Deredeo Dreadnought|Vehicle||false
3625|Deredeo Dreadnought|Walker||false
3625|Deredeo Dreadnought|Chaos||false
3625|Deredeo Dreadnought|Khorne||false
3625|Deredeo Dreadnought|Smoke||false
3625|Deredeo Dreadnought|Dreadnought||false
3625|Deredeo Dreadnought|Deredeo Dreadnought||false
3625|Deredeo Dreadnought|Vehicle||false
3625|Deredeo Dreadnought|Walker||false
3625|Deredeo Dreadnought|Chaos||false
3625|Deredeo Dreadnought|Khorne||false
3625|Deredeo Dreadnought|Smoke||false
3625|Deredeo Dreadnought|Dreadnought||false
3625|Deredeo Dreadnought|Deredeo Dreadnought||false
3625|Deredeo Dreadnought|Vehicle||false
3625|Deredeo Dreadnought|Walker||false
3625|Deredeo Dreadnought|Chaos||false
3625|Deredeo Dreadnought|Khorne||false
3625|Deredeo Dreadnought|Smoke||false
3625|Deredeo Dreadnought|Dreadnought||false
3625|Deredeo Dreadnought|Deredeo Dreadnought||false
3625|Deredeo Dreadnought|Vehicle||false
3625|Deredeo Dreadnought|Walker||false
3625|Deredeo Dreadnought|Chaos||false
3625|Deredeo Dreadnought|Khorne||false
3625|Deredeo Dreadnought|Smoke||false
3625|Deredeo Dreadnought|Dreadnought||false
3625|Deredeo Dreadnought|Deredeo Dreadnought||false
3625|Deredeo Dreadnought|Vehicle||false
3625|Deredeo Dreadnought|Walker||false
3625|Deredeo Dreadnought|Chaos||false
3625|Deredeo Dreadnought|Khorne||false
3625|Deredeo Dreadnought|Smoke||false
3625|Deredeo Dreadnought|Dreadnought||false
3625|Deredeo Dreadnought|Deredeo Dreadnought||false
3625|Deredeo Dreadnought|Vehicle||false
3625|Deredeo Dreadnought|Walker||false
3626|Deredeo Dreadnought|Heretic Astartes||true
3626|Deredeo Dreadnought|Chaos||false
3626|Deredeo Dreadnought|Dreadnought||false
3626|Deredeo Dreadnought|Smoke||false
3626|Deredeo Dreadnought|Chaos||false
3626|Deredeo Dreadnought|Walker||false
3626|Deredeo Dreadnought|Vehicle||false
3626|Deredeo Dreadnought|Deredeo Dreadnought||false
3626|Deredeo Dreadnought|Dreadnought||false
3626|Deredeo Dreadnought|Smoke||false
3626|Deredeo Dreadnought|Dreadnought||false
3626|Deredeo Dreadnought|Walker||false
3626|Deredeo Dreadnought|Chaos||false
3626|Deredeo Dreadnought|Smoke||false
3626|Deredeo Dreadnought|Deredeo Dreadnought||false
3626|Deredeo Dreadnought|Vehicle||false
3626|Deredeo Dreadnought|Walker||false
3626|Deredeo Dreadnought|Chaos||false
3626|Deredeo Dreadnought|Smoke||false
3626|Deredeo Dreadnought|Dreadnought||false
3626|Deredeo Dreadnought|Deredeo Dreadnought||false
3626|Deredeo Dreadnought|Vehicle||false
3626|Deredeo Dreadnought|Walker||false
3626|Deredeo Dreadnought|Vehicle||false
3626|Deredeo Dreadnought|Deredeo Dreadnought||false
3626|Deredeo Dreadnought|Chaos||false
3626|Deredeo Dreadnought|Smoke||false
3626|Deredeo Dreadnought|Deredeo Dreadnought||false
3626|Deredeo Dreadnought|Walker||false
3626|Deredeo Dreadnought|Dreadnought||false
3626|Deredeo Dreadnought|Smoke||false
3626|Deredeo Dreadnought|Chaos||false
3626|Deredeo Dreadnought|Walker||false
3626|Deredeo Dreadnought|Vehicle||false
3626|Deredeo Dreadnought|Deredeo Dreadnought||false
3626|Deredeo Dreadnought|Vehicle||false
3626|Deredeo Dreadnought|Dreadnought||false
3626|Deredeo Dreadnought|Chaos||false
3626|Deredeo Dreadnought|Smoke||false
3626|Deredeo Dreadnought|Dreadnought||false
3626|Deredeo Dreadnought|Deredeo Dreadnought||false
3626|Deredeo Dreadnought|Vehicle||false
3626|Deredeo Dreadnought|Walker||false
3627|Cerberus|Thousand Sons||true
3627|Cerberus|||true
3627|Cerberus|Cerberus||false
3627|Cerberus|Smoke||false
3627|Cerberus|Tzeentch||false
3627|Cerberus|Chaos||false
3627|Cerberus|Vehicle||false
3627|Cerberus|Cerberus||false
3627|Cerberus|Smoke||false
3627|Cerberus|Tzeentch||false
3627|Cerberus|Chaos||false
3627|Cerberus|Vehicle||false
3627|Cerberus|Cerberus||false
3627|Cerberus|Chaos||false
3627|Cerberus|Vehicle||false
3627|Cerberus|Cerberus||false
3627|Cerberus|Tzeentch||false
3627|Cerberus|Smoke||false
3627|Cerberus|Chaos||false
3627|Cerberus|Vehicle||false
3627|Cerberus|Smoke||false
3627|Cerberus|Chaos||false
3627|Cerberus|Vehicle||false
3627|Cerberus|Cerberus||false
3627|Cerberus|Smoke||false
3627|Cerberus|Tzeentch||false
3627|Cerberus|Tzeentch||false
3628|Cerberus|Death Guard||true
3628|Cerberus|||true
3628|Cerberus|Chaos||false
3628|Cerberus|Vehicle||false
3628|Cerberus|Cerberus||false
3628|Cerberus|Cerberus||false
3628|Cerberus|Smoke||false
3628|Cerberus|Nurgle||false
3628|Cerberus|Chaos||false
3628|Cerberus|Vehicle||false
3628|Cerberus|Smoke||false
3628|Cerberus|Nurgle||false
3628|Cerberus|Chaos||false
3628|Cerberus|Vehicle||false
3628|Cerberus|Cerberus||false
3628|Cerberus|Smoke||false
3628|Cerberus|Nurgle||false
3628|Cerberus|Chaos||false
3628|Cerberus|Vehicle||false
3628|Cerberus|Cerberus||false
3628|Cerberus|Smoke||false
3628|Cerberus|Nurgle||false
3628|Cerberus|Chaos||false
3628|Cerberus|Vehicle||false
3628|Cerberus|Cerberus||false
3628|Cerberus|Smoke||false
3628|Cerberus|Nurgle||false
3629|Cerberus|||true
3629|Cerberus|World Eaters||true
3629|Cerberus|Smoke||false
3629|Cerberus|Smoke||false
3629|Cerberus|Cerberus||false
3629|Cerberus|Vehicle||false
3629|Cerberus|Chaos||false
3629|Cerberus|Khorne||false
3629|Cerberus|Smoke||false
3629|Cerberus|Cerberus||false
3629|Cerberus|Smoke||false
3629|Cerberus|Cerberus||false
3629|Cerberus|Vehicle||false
3629|Cerberus|Chaos||false
3629|Cerberus|Khorne||false
3629|Cerberus|Cerberus||false
3629|Cerberus|Vehicle||false
3629|Cerberus|Khorne||false
3629|Cerberus|Smoke||false
3629|Cerberus|Vehicle||false
3629|Cerberus|Cerberus||false
3629|Cerberus|Vehicle||false
3629|Cerberus|Chaos||false
3629|Cerberus|Khorne||false
3629|Cerberus|Chaos||false
3629|Cerberus|Chaos||false
3629|Cerberus|Khorne||false
3630|Cerberus|Heretic Astartes||true
3630|Cerberus|Cerberus||false
3630|Cerberus|Smoke||false
3630|Cerberus|Chaos||false
3630|Cerberus|Vehicle||false
3630|Cerberus|Cerberus||false
3630|Cerberus|Smoke||false
3630|Cerberus|Chaos||false
3630|Cerberus|Vehicle||false
3630|Cerberus|Smoke||false
3630|Cerberus|Chaos||false
3630|Cerberus|Vehicle||false
3630|Cerberus|Cerberus||false
3630|Cerberus|Smoke||false
3630|Cerberus|Cerberus||false
3630|Cerberus|Smoke||false
3630|Cerberus|Vehicle||false
3630|Cerberus|Chaos||false
3630|Cerberus|Vehicle||false
3630|Cerberus|Chaos||false
3630|Cerberus|Cerberus||false
3631|Kratos|||true
3631|Kratos|Thousand Sons||true
3631|Kratos|Smoke||false
3631|Kratos|Tzeentch||false
3631|Kratos|Chaos||false
3631|Kratos|Vehicle||false
3631|Kratos|Kratos||false
3631|Kratos|Smoke||false
3631|Kratos|Tzeentch||false
3631|Kratos|Chaos||false
3631|Kratos|Vehicle||false
3631|Kratos|Vehicle||false
3631|Kratos|Kratos||false
3631|Kratos|Chaos||false
3631|Kratos|Vehicle||false
3631|Kratos|Tzeentch||false
3631|Kratos|Tzeentch||false
3631|Kratos|Smoke||false
3631|Kratos|Kratos||false
3631|Kratos|Vehicle||false
3631|Kratos|Chaos||false
3631|Kratos|Kratos||false
3631|Kratos|Smoke||false
3631|Kratos|Chaos||false
3631|Kratos|Tzeentch||false
3631|Kratos|Smoke||false
3631|Kratos|Kratos||false
3632|Kratos|||true
3632|Kratos|Death Guard||true
3632|Kratos|Kratos||false
3632|Kratos|Nurgle||false
3632|Kratos|Vehicle||false
3632|Kratos|Smoke||false
3632|Kratos|Kratos||false
3632|Kratos|Smoke||false
3632|Kratos|Vehicle||false
3632|Kratos|Chaos||false
3632|Kratos|Kratos||false
3632|Kratos|Smoke||false
3632|Kratos|Nurgle||false
3632|Kratos|Chaos||false
3632|Kratos|Vehicle||false
3632|Kratos|Nurgle||false
3632|Kratos|Smoke||false
3632|Kratos|Nurgle||false
3632|Kratos|Chaos||false
3632|Kratos|Vehicle||false
3632|Kratos|Kratos||false
3632|Kratos|Chaos||false
3632|Kratos|Nurgle||false
3632|Kratos|Chaos||false
3632|Kratos|Vehicle||false
3632|Kratos|Kratos||false
3632|Kratos|Smoke||false
3633|Kratos|World Eaters||true
3633|Kratos|||true
3633|Kratos|Khorne||false
3633|Kratos|Khorne||false
3633|Kratos|Vehicle||false
3633|Kratos|Smoke||false
3633|Kratos|Kratos||false
3633|Kratos|Vehicle||false
3633|Kratos|Chaos||false
3633|Kratos|Khorne||false
3633|Kratos|Smoke||false
3633|Kratos|Kratos||false
3633|Kratos|Vehicle||false
3633|Kratos|Chaos||false
3633|Kratos|Khorne||false
3633|Kratos|Smoke||false
3633|Kratos|Kratos||false
3633|Kratos|Chaos||false
3633|Kratos|Vehicle||false
3633|Kratos|Chaos||false
3633|Kratos|Kratos||false
3633|Kratos|Smoke||false
3633|Kratos|Chaos||false
3633|Kratos|Vehicle||false
3633|Kratos|Kratos||false
3633|Kratos|Smoke||false
3633|Kratos|Khorne||false
3634|Kratos|Heretic Astartes||true
3634|Kratos|Vehicle||false
3634|Kratos|Kratos||false
3634|Kratos|Chaos||false
3634|Kratos|Vehicle||false
3634|Kratos|Kratos||false
3634|Kratos|Smoke||false
3634|Kratos|Chaos||false
3634|Kratos|Vehicle||false
3634|Kratos|Smoke||false
3634|Kratos|Chaos||false
3634|Kratos|Vehicle||false
3634|Kratos|Kratos||false
3634|Kratos|Smoke||false
3634|Kratos|Kratos||false
3634|Kratos|Chaos||false
3634|Kratos|Vehicle||false
3634|Kratos|Kratos||false
3634|Kratos|Smoke||false
3634|Kratos|Chaos||false
3634|Kratos|Smoke||false
3635|Sokar-pattern Stormbird|||true
3635|Sokar-pattern Stormbird|Thousand Sons||true
3635|Sokar-pattern Stormbird|Tzeentch||false
3635|Sokar-pattern Stormbird|Sokar-pattern Stormbird||false
3635|Sokar-pattern Stormbird|Transport||false
3635|Sokar-pattern Stormbird|Vehicle||false
3635|Sokar-pattern Stormbird|Titanic||false
3635|Sokar-pattern Stormbird|Fly||false
3635|Sokar-pattern Stormbird|Aircraft||false
3635|Sokar-pattern Stormbird|Transport||false
3635|Sokar-pattern Stormbird|Chaos||false
3635|Sokar-pattern Stormbird|Tzeentch||false
3635|Sokar-pattern Stormbird|Sokar-pattern Stormbird||false
3635|Sokar-pattern Stormbird|Vehicle||false
3635|Sokar-pattern Stormbird|Titanic||false
3635|Sokar-pattern Stormbird|Fly||false
3635|Sokar-pattern Stormbird|Aircraft||false
3635|Sokar-pattern Stormbird|Transport||false
3635|Sokar-pattern Stormbird|Chaos||false
3635|Sokar-pattern Stormbird|Tzeentch||false
3635|Sokar-pattern Stormbird|Sokar-pattern Stormbird||false
3635|Sokar-pattern Stormbird|Vehicle||false
3635|Sokar-pattern Stormbird|Titanic||false
3635|Sokar-pattern Stormbird|Fly||false
3635|Sokar-pattern Stormbird|Aircraft||false
3635|Sokar-pattern Stormbird|Transport||false
3635|Sokar-pattern Stormbird|Chaos||false
3635|Sokar-pattern Stormbird|Tzeentch||false
3635|Sokar-pattern Stormbird|Sokar-pattern Stormbird||false
3635|Sokar-pattern Stormbird|Vehicle||false
3635|Sokar-pattern Stormbird|Titanic||false
3635|Sokar-pattern Stormbird|Fly||false
3635|Sokar-pattern Stormbird|Aircraft||false
3635|Sokar-pattern Stormbird|Chaos||false
3635|Sokar-pattern Stormbird|Tzeentch||false
3635|Sokar-pattern Stormbird|Sokar-pattern Stormbird||false
3635|Sokar-pattern Stormbird|Vehicle||false
3635|Sokar-pattern Stormbird|Titanic||false
3635|Sokar-pattern Stormbird|Fly||false
3635|Sokar-pattern Stormbird|Aircraft||false
3635|Sokar-pattern Stormbird|Transport||false
3635|Sokar-pattern Stormbird|Chaos||false
3635|Sokar-pattern Stormbird|Tzeentch||false
3635|Sokar-pattern Stormbird|Sokar-pattern Stormbird||false
3635|Sokar-pattern Stormbird|Vehicle||false
3635|Sokar-pattern Stormbird|Titanic||false
3635|Sokar-pattern Stormbird|Fly||false
3635|Sokar-pattern Stormbird|Aircraft||false
3635|Sokar-pattern Stormbird|Transport||false
3635|Sokar-pattern Stormbird|Chaos||false
3635|Sokar-pattern Stormbird|Tzeentch||false
3635|Sokar-pattern Stormbird|Sokar-pattern Stormbird||false
3635|Sokar-pattern Stormbird|Vehicle||false
3635|Sokar-pattern Stormbird|Titanic||false
3635|Sokar-pattern Stormbird|Fly||false
3635|Sokar-pattern Stormbird|Aircraft||false
3635|Sokar-pattern Stormbird|Transport||false
3635|Sokar-pattern Stormbird|Chaos||false
3635|Sokar-pattern Stormbird|Tzeentch||false
3635|Sokar-pattern Stormbird|Sokar-pattern Stormbird||false
3635|Sokar-pattern Stormbird|Vehicle||false
3635|Sokar-pattern Stormbird|Titanic||false
3635|Sokar-pattern Stormbird|Fly||false
3635|Sokar-pattern Stormbird|Aircraft||false
3635|Sokar-pattern Stormbird|Transport||false
3635|Sokar-pattern Stormbird|Chaos||false
3636|Sokar-pattern Stormbird|Death Guard||true
3636|Sokar-pattern Stormbird|||true
3636|Sokar-pattern Stormbird|Chaos||false
3636|Sokar-pattern Stormbird|Sokar-pattern Stormbird||false
3636|Sokar-pattern Stormbird|Chaos||false
3636|Sokar-pattern Stormbird|Transport||false
3636|Sokar-pattern Stormbird|Aircraft||false
3636|Sokar-pattern Stormbird|Fly||false
3636|Sokar-pattern Stormbird|Titanic||false
3636|Sokar-pattern Stormbird|Vehicle||false
3636|Sokar-pattern Stormbird|Sokar-pattern Stormbird||false
3636|Sokar-pattern Stormbird|Nurgle||false
3636|Sokar-pattern Stormbird|Chaos||false
3636|Sokar-pattern Stormbird|Transport||false
3636|Sokar-pattern Stormbird|Nurgle||false
3636|Sokar-pattern Stormbird|Aircraft||false
3636|Sokar-pattern Stormbird|Fly||false
3636|Sokar-pattern Stormbird|Titanic||false
3636|Sokar-pattern Stormbird|Vehicle||false
3636|Sokar-pattern Stormbird|Sokar-pattern Stormbird||false
3636|Sokar-pattern Stormbird|Nurgle||false
3636|Sokar-pattern Stormbird|Chaos||false
3636|Sokar-pattern Stormbird|Transport||false
3636|Sokar-pattern Stormbird|Aircraft||false
3636|Sokar-pattern Stormbird|Fly||false
3636|Sokar-pattern Stormbird|Titanic||false
3636|Sokar-pattern Stormbird|Vehicle||false
3636|Sokar-pattern Stormbird|Sokar-pattern Stormbird||false
3636|Sokar-pattern Stormbird|Nurgle||false
3636|Sokar-pattern Stormbird|Chaos||false
3636|Sokar-pattern Stormbird|Transport||false
3636|Sokar-pattern Stormbird|Aircraft||false
3636|Sokar-pattern Stormbird|Fly||false
3636|Sokar-pattern Stormbird|Titanic||false
3636|Sokar-pattern Stormbird|Vehicle||false
3636|Sokar-pattern Stormbird|Sokar-pattern Stormbird||false
3636|Sokar-pattern Stormbird|Nurgle||false
3636|Sokar-pattern Stormbird|Chaos||false
3636|Sokar-pattern Stormbird|Transport||false
3636|Sokar-pattern Stormbird|Aircraft||false
3636|Sokar-pattern Stormbird|Fly||false
3636|Sokar-pattern Stormbird|Titanic||false
3636|Sokar-pattern Stormbird|Vehicle||false
3636|Sokar-pattern Stormbird|Sokar-pattern Stormbird||false
3636|Sokar-pattern Stormbird|Nurgle||false
3636|Sokar-pattern Stormbird|Chaos||false
3636|Sokar-pattern Stormbird|Transport||false
3636|Sokar-pattern Stormbird|Aircraft||false
3636|Sokar-pattern Stormbird|Fly||false
3636|Sokar-pattern Stormbird|Titanic||false
3636|Sokar-pattern Stormbird|Sokar-pattern Stormbird||false
3636|Sokar-pattern Stormbird|Nurgle||false
3636|Sokar-pattern Stormbird|Chaos||false
3636|Sokar-pattern Stormbird|Transport||false
3636|Sokar-pattern Stormbird|Aircraft||false
3636|Sokar-pattern Stormbird|Fly||false
3636|Sokar-pattern Stormbird|Titanic||false
3636|Sokar-pattern Stormbird|Vehicle||false
3636|Sokar-pattern Stormbird|Sokar-pattern Stormbird||false
3636|Sokar-pattern Stormbird|Nurgle||false
3636|Sokar-pattern Stormbird|Vehicle||false
3636|Sokar-pattern Stormbird|Transport||false
3636|Sokar-pattern Stormbird|Aircraft||false
3636|Sokar-pattern Stormbird|Fly||false
3636|Sokar-pattern Stormbird|Titanic||false
3636|Sokar-pattern Stormbird|Vehicle||false
3637|Sokar-pattern Stormbird|||true
3637|Sokar-pattern Stormbird|World Eaters||true
3637|Sokar-pattern Stormbird|Sokar-pattern Stormbird||false
3637|Sokar-pattern Stormbird|Vehicle||false
3637|Sokar-pattern Stormbird|Titanic||false
3637|Sokar-pattern Stormbird|Fly||false
3637|Sokar-pattern Stormbird|Khorne||false
3637|Sokar-pattern Stormbird|Chaos||false
3637|Sokar-pattern Stormbird|Transport||false
3637|Sokar-pattern Stormbird|Fly||false
3637|Sokar-pattern Stormbird|Titanic||false
3637|Sokar-pattern Stormbird|Fly||false
3637|Sokar-pattern Stormbird|Aircraft||false
3637|Sokar-pattern Stormbird|Transport||false
3637|Sokar-pattern Stormbird|Chaos||false
3637|Sokar-pattern Stormbird|Vehicle||false
3637|Sokar-pattern Stormbird|Sokar-pattern Stormbird||false
3637|Sokar-pattern Stormbird|Khorne||false
3637|Sokar-pattern Stormbird|Chaos||false
3637|Sokar-pattern Stormbird|Sokar-pattern Stormbird||false
3637|Sokar-pattern Stormbird|Transport||false
3637|Sokar-pattern Stormbird|Aircraft||false
3637|Sokar-pattern Stormbird|Fly||false
3637|Sokar-pattern Stormbird|Titanic||false
3637|Sokar-pattern Stormbird|Sokar-pattern Stormbird||false
3637|Sokar-pattern Stormbird|Khorne||false
3637|Sokar-pattern Stormbird|Chaos||false
3637|Sokar-pattern Stormbird|Vehicle||false
3637|Sokar-pattern Stormbird|Aircraft||false
3637|Sokar-pattern Stormbird|Fly||false
3637|Sokar-pattern Stormbird|Titanic||false
3637|Sokar-pattern Stormbird|Vehicle||false
3637|Sokar-pattern Stormbird|Sokar-pattern Stormbird||false
3637|Sokar-pattern Stormbird|Khorne||false
3637|Sokar-pattern Stormbird|Chaos||false
3637|Sokar-pattern Stormbird|Transport||false
3637|Sokar-pattern Stormbird|Aircraft||false
3637|Sokar-pattern Stormbird|Titanic||false
3637|Sokar-pattern Stormbird|Vehicle||false
3637|Sokar-pattern Stormbird|Sokar-pattern Stormbird||false
3637|Sokar-pattern Stormbird|Khorne||false
3637|Sokar-pattern Stormbird|Chaos||false
3637|Sokar-pattern Stormbird|Transport||false
3637|Sokar-pattern Stormbird|Aircraft||false
3637|Sokar-pattern Stormbird|Fly||false
3637|Sokar-pattern Stormbird|Titanic||false
3637|Sokar-pattern Stormbird|Vehicle||false
3637|Sokar-pattern Stormbird|Transport||false
3637|Sokar-pattern Stormbird|Vehicle||false
3637|Sokar-pattern Stormbird|Titanic||false
3637|Sokar-pattern Stormbird|Fly||false
3637|Sokar-pattern Stormbird|Aircraft||false
3637|Sokar-pattern Stormbird|Transport||false
3637|Sokar-pattern Stormbird|Chaos||false
3637|Sokar-pattern Stormbird|Khorne||false
3637|Sokar-pattern Stormbird|Sokar-pattern Stormbird||false
3637|Sokar-pattern Stormbird|Aircraft||false
3637|Sokar-pattern Stormbird|Khorne||false
3637|Sokar-pattern Stormbird|Sokar-pattern Stormbird||false
3637|Sokar-pattern Stormbird|Vehicle||false
3637|Sokar-pattern Stormbird|Titanic||false
3637|Sokar-pattern Stormbird|Fly||false
3637|Sokar-pattern Stormbird|Aircraft||false
3637|Sokar-pattern Stormbird|Transport||false
3637|Sokar-pattern Stormbird|Chaos||false
3637|Sokar-pattern Stormbird|Khorne||false
3638|Sokar-pattern Stormbird|Heretic Astartes||true
3638|Sokar-pattern Stormbird|Transport||false
3638|Sokar-pattern Stormbird|Chaos||false
3638|Sokar-pattern Stormbird|Sokar-pattern Stormbird||false
3638|Sokar-pattern Stormbird|Vehicle||false
3638|Sokar-pattern Stormbird|Sokar-pattern Stormbird||false
3638|Sokar-pattern Stormbird|Chaos||false
3638|Sokar-pattern Stormbird|Sokar-pattern Stormbird||false
3638|Sokar-pattern Stormbird|Titanic||false
3638|Sokar-pattern Stormbird|Fly||false
3638|Sokar-pattern Stormbird|Aircraft||false
3638|Sokar-pattern Stormbird|Transport||false
3638|Sokar-pattern Stormbird|Chaos||false
3638|Sokar-pattern Stormbird|Sokar-pattern Stormbird||false
3638|Sokar-pattern Stormbird|Vehicle||false
3638|Sokar-pattern Stormbird|Titanic||false
3638|Sokar-pattern Stormbird|Aircraft||false
3638|Sokar-pattern Stormbird|Fly||false
3638|Sokar-pattern Stormbird|Titanic||false
3638|Sokar-pattern Stormbird|Transport||false
3638|Sokar-pattern Stormbird|Aircraft||false
3638|Sokar-pattern Stormbird|Fly||false
3638|Sokar-pattern Stormbird|Titanic||false
3638|Sokar-pattern Stormbird|Vehicle||false
3638|Sokar-pattern Stormbird|Sokar-pattern Stormbird||false
3638|Sokar-pattern Stormbird|Fly||false
3638|Sokar-pattern Stormbird|Chaos||false
3638|Sokar-pattern Stormbird|Transport||false
3638|Sokar-pattern Stormbird|Aircraft||false
3638|Sokar-pattern Stormbird|Fly||false
3638|Sokar-pattern Stormbird|Titanic||false
3638|Sokar-pattern Stormbird|Vehicle||false
3638|Sokar-pattern Stormbird|Sokar-pattern Stormbird||false
3638|Sokar-pattern Stormbird|Chaos||false
3638|Sokar-pattern Stormbird|Transport||false
3638|Sokar-pattern Stormbird|Vehicle||false
3638|Sokar-pattern Stormbird|Titanic||false
3638|Sokar-pattern Stormbird|Fly||false
3638|Sokar-pattern Stormbird|Aircraft||false
3638|Sokar-pattern Stormbird|Transport||false
3638|Sokar-pattern Stormbird|Chaos||false
3638|Sokar-pattern Stormbird|Vehicle||false
3638|Sokar-pattern Stormbird|Titanic||false
3638|Sokar-pattern Stormbird|Vehicle||false
3638|Sokar-pattern Stormbird|Fly||false
3638|Sokar-pattern Stormbird|Aircraft||false
3638|Sokar-pattern Stormbird|Transport||false
3638|Sokar-pattern Stormbird|Chaos||false
3638|Sokar-pattern Stormbird|Sokar-pattern Stormbird||false
3638|Sokar-pattern Stormbird|Vehicle||false
3638|Sokar-pattern Stormbird|Titanic||false
3638|Sokar-pattern Stormbird|Fly||false
3638|Sokar-pattern Stormbird|Aircraft||false
3638|Sokar-pattern Stormbird|Aircraft||false
3638|Sokar-pattern Stormbird|Transport||false
3638|Sokar-pattern Stormbird|Chaos||false
3638|Sokar-pattern Stormbird|Sokar-pattern Stormbird||false
3639|Sicaran Battle Tank|||true
3639|Sicaran Battle Tank|Thousand Sons||true
3639|Sicaran Battle Tank|Vehicle||false
3639|Sicaran Battle Tank|Chaos||false
3639|Sicaran Battle Tank|Chaos||false
3639|Sicaran Battle Tank|Tzeentch||false
3639|Sicaran Battle Tank|Sicaran Battle Tank||false
3639|Sicaran Battle Tank|Sicaran Battle Tank||false
3639|Sicaran Battle Tank|Chaos||false
3639|Sicaran Battle Tank|Tzeentch||false
3639|Sicaran Battle Tank|Smoke||false
3639|Sicaran Battle Tank|Vehicle||false
3639|Sicaran Battle Tank|Chaos||false
3639|Sicaran Battle Tank|Smoke||false
3639|Sicaran Battle Tank|Sicaran Battle Tank||false
3639|Sicaran Battle Tank|Vehicle||false
3639|Sicaran Battle Tank|Vehicle||false
3639|Sicaran Battle Tank|Smoke||false
3639|Sicaran Battle Tank|Vehicle||false
3639|Sicaran Battle Tank|Chaos||false
3639|Sicaran Battle Tank|Tzeentch||false
3639|Sicaran Battle Tank|Smoke||false
3639|Sicaran Battle Tank|Sicaran Battle Tank||false
3639|Sicaran Battle Tank|Tzeentch||false
3639|Sicaran Battle Tank|Smoke||false
3639|Sicaran Battle Tank|Sicaran Battle Tank||false
3639|Sicaran Battle Tank|Tzeentch||false
3640|Sicaran Battle Tank|||true
3640|Sicaran Battle Tank|Death Guard||true
3640|Sicaran Battle Tank|Sicaran Battle Tank||false
3640|Sicaran Battle Tank|Nurgle||false
3640|Sicaran Battle Tank|Sicaran Battle Tank||false
3640|Sicaran Battle Tank|Vehicle||false
3640|Sicaran Battle Tank|Nurgle||false
3640|Sicaran Battle Tank|Chaos||false
3640|Sicaran Battle Tank|Nurgle||false
3640|Sicaran Battle Tank|Smoke||false
3640|Sicaran Battle Tank|Sicaran Battle Tank||false
3640|Sicaran Battle Tank|Vehicle||false
3640|Sicaran Battle Tank|Chaos||false
3640|Sicaran Battle Tank|Nurgle||false
3640|Sicaran Battle Tank|Smoke||false
3640|Sicaran Battle Tank|Sicaran Battle Tank||false
3640|Sicaran Battle Tank|Vehicle||false
3640|Sicaran Battle Tank|Nurgle||false
3640|Sicaran Battle Tank|Smoke||false
3640|Sicaran Battle Tank|Chaos||false
3640|Sicaran Battle Tank|Chaos||false
3640|Sicaran Battle Tank|Sicaran Battle Tank||false
3640|Sicaran Battle Tank|Vehicle||false
3640|Sicaran Battle Tank|Chaos||false
3640|Sicaran Battle Tank|Smoke||false
3640|Sicaran Battle Tank|Smoke||false
3640|Sicaran Battle Tank|Vehicle||false
3641|Sicaran Battle Tank|World Eaters||true
3641|Sicaran Battle Tank|||true
3641|Sicaran Battle Tank|Smoke||false
3641|Sicaran Battle Tank|Sicaran Battle Tank||false
3641|Sicaran Battle Tank|Chaos||false
3641|Sicaran Battle Tank|Vehicle||false
3641|Sicaran Battle Tank|Chaos||false
3641|Sicaran Battle Tank|Khorne||false
3641|Sicaran Battle Tank|Smoke||false
3641|Sicaran Battle Tank|Sicaran Battle Tank||false
3641|Sicaran Battle Tank|Vehicle||false
3641|Sicaran Battle Tank|Chaos||false
3641|Sicaran Battle Tank|Khorne||false
3641|Sicaran Battle Tank|Smoke||false
3641|Sicaran Battle Tank|Sicaran Battle Tank||false
3641|Sicaran Battle Tank|Vehicle||false
3641|Sicaran Battle Tank|Chaos||false
3641|Sicaran Battle Tank|Khorne||false
3641|Sicaran Battle Tank|Smoke||false
3641|Sicaran Battle Tank|Sicaran Battle Tank||false
3641|Sicaran Battle Tank|Vehicle||false
3641|Sicaran Battle Tank|Khorne||false
3641|Sicaran Battle Tank|Smoke||false
3641|Sicaran Battle Tank|Sicaran Battle Tank||false
3641|Sicaran Battle Tank|Vehicle||false
3641|Sicaran Battle Tank|Chaos||false
3641|Sicaran Battle Tank|Khorne||false
3642|Sicaran Battle Tank|Heretic Astartes||true
3642|Sicaran Battle Tank|Sicaran Battle Tank||false
3642|Sicaran Battle Tank|Smoke||false
3642|Sicaran Battle Tank|Chaos||false
3642|Sicaran Battle Tank|Vehicle||false
3642|Sicaran Battle Tank|Vehicle||false
3642|Sicaran Battle Tank|Sicaran Battle Tank||false
3642|Sicaran Battle Tank|Vehicle||false
3642|Sicaran Battle Tank|Smoke||false
3642|Sicaran Battle Tank|Chaos||false
3642|Sicaran Battle Tank|Vehicle||false
3642|Sicaran Battle Tank|Sicaran Battle Tank||false
3642|Sicaran Battle Tank|Smoke||false
3642|Sicaran Battle Tank|Chaos||false
3642|Sicaran Battle Tank|Sicaran Battle Tank||false
3642|Sicaran Battle Tank|Smoke||false
3642|Sicaran Battle Tank|Chaos||false
3642|Sicaran Battle Tank|Vehicle||false
3642|Sicaran Battle Tank|Sicaran Battle Tank||false
3642|Sicaran Battle Tank|Smoke||false
3642|Sicaran Battle Tank|Chaos||false
3643|Mastodon|||true
3643|Mastodon|Thousand Sons||true
3643|Mastodon|Transport||false
3643|Mastodon|Tzeentch||false
3643|Mastodon|Mastodon||false
3643|Mastodon|Vehicle||false
3643|Mastodon|Titanic||false
3643|Mastodon|Chaos||false
3643|Mastodon|Tzeentch||false
3643|Mastodon|Chaos||false
3643|Mastodon|Titanic||false
3643|Mastodon|Vehicle||false
3643|Mastodon|Mastodon||false
3643|Mastodon|Smoke||false
3643|Mastodon|Mastodon||false
3643|Mastodon|Vehicle||false
3643|Mastodon|Titanic||false
3643|Mastodon|Chaos||false
3643|Mastodon|Transport||false
3643|Mastodon|Smoke||false
3643|Mastodon|Mastodon||false
3643|Mastodon|Vehicle||false
3643|Mastodon|Titanic||false
3643|Mastodon|Chaos||false
3643|Mastodon|Tzeentch||false
3643|Mastodon|Transport||false
3643|Mastodon|Smoke||false
3643|Mastodon|Mastodon||false
3643|Mastodon|Smoke||false
3643|Mastodon|Tzeentch||false
3643|Mastodon|Smoke||false
3643|Mastodon|Transport||false
3643|Mastodon|Tzeentch||false
3643|Mastodon|Chaos||false
3643|Mastodon|Vehicle||false
3643|Mastodon|Mastodon||false
3643|Mastodon|Tzeentch||false
3643|Mastodon|Vehicle||false
3643|Mastodon|Titanic||false
3643|Mastodon|Transport||false
3643|Mastodon|Chaos||false
3643|Mastodon|Titanic||false
3643|Mastodon|Transport||false
3643|Mastodon|Smoke||false
3643|Mastodon|Mastodon||false
3643|Mastodon|Vehicle||false
3643|Mastodon|Titanic||false
3643|Mastodon|Chaos||false
3643|Mastodon|Tzeentch||false
3643|Mastodon|Transport||false
3643|Mastodon|Smoke||false
3644|Mastodon|Death Guard||true
3644|Mastodon|||true
3644|Mastodon|Nurgle||false
3644|Mastodon|Chaos||false
3644|Mastodon|Titanic||false
3644|Mastodon|Vehicle||false
3644|Mastodon|Mastodon||false
3644|Mastodon|Smoke||false
3644|Mastodon|Transport||false
3644|Mastodon|Chaos||false
3644|Mastodon|Titanic||false
3644|Mastodon|Vehicle||false
3644|Mastodon|Mastodon||false
3644|Mastodon|Smoke||false
3644|Mastodon|Transport||false
3644|Mastodon|Nurgle||false
3644|Mastodon|Chaos||false
3644|Mastodon|Titanic||false
3644|Mastodon|Vehicle||false
3644|Mastodon|Mastodon||false
3644|Mastodon|Smoke||false
3644|Mastodon|Transport||false
3644|Mastodon|Nurgle||false
3644|Mastodon|Chaos||false
3644|Mastodon|Titanic||false
3644|Mastodon|Vehicle||false
3644|Mastodon|Nurgle||false
3644|Mastodon|Nurgle||false
3644|Mastodon|Mastodon||false
3644|Mastodon|Smoke||false
3644|Mastodon|Transport||false
3644|Mastodon|Nurgle||false
3644|Mastodon|Chaos||false
3644|Mastodon|Titanic||false
3644|Mastodon|Vehicle||false
3644|Mastodon|Mastodon||false
3644|Mastodon|Smoke||false
3644|Mastodon|Transport||false
3644|Mastodon|Nurgle||false
3644|Mastodon|Chaos||false
3644|Mastodon|Titanic||false
3644|Mastodon|Vehicle||false
3644|Mastodon|Mastodon||false
3644|Mastodon|Smoke||false
3644|Mastodon|Transport||false
3644|Mastodon|Chaos||false
3644|Mastodon|Titanic||false
3644|Mastodon|Vehicle||false
3644|Mastodon|Mastodon||false
3644|Mastodon|Smoke||false
3644|Mastodon|Transport||false
3645|Mastodon|World Eaters||true
3645|Mastodon|||true
3645|Mastodon|Titanic||false
3645|Mastodon|Chaos||false
3645|Mastodon|Khorne||false
3645|Mastodon|Transport||false
3645|Mastodon|Smoke||false
3645|Mastodon|Vehicle||false
3645|Mastodon|Titanic||false
3645|Mastodon|Chaos||false
3645|Mastodon|Khorne||false
3645|Mastodon|Transport||false
3645|Mastodon|Mastodon||false
3645|Mastodon|Vehicle||false
3645|Mastodon|Titanic||false
3645|Mastodon|Chaos||false
3645|Mastodon|Khorne||false
3645|Mastodon|Transport||false
3645|Mastodon|Smoke||false
3645|Mastodon|Mastodon||false
3645|Mastodon|Vehicle||false
3645|Mastodon|Titanic||false
3645|Mastodon|Smoke||false
3645|Mastodon|Chaos||false
3645|Mastodon|Khorne||false
3645|Mastodon|Transport||false
3645|Mastodon|Smoke||false
3645|Mastodon|Mastodon||false
3645|Mastodon|Vehicle||false
3645|Mastodon|Titanic||false
3645|Mastodon|Mastodon||false
3645|Mastodon|Chaos||false
3645|Mastodon|Vehicle||false
3645|Mastodon|Khorne||false
3645|Mastodon|Transport||false
3645|Mastodon|Smoke||false
3645|Mastodon|Mastodon||false
3645|Mastodon|Vehicle||false
3645|Mastodon|Mastodon||false
3645|Mastodon|Titanic||false
3645|Mastodon|Chaos||false
3645|Mastodon|Vehicle||false
3645|Mastodon|Titanic||false
3645|Mastodon|Khorne||false
3645|Mastodon|Transport||false
3645|Mastodon|Mastodon||false
3645|Mastodon|Smoke||false
3645|Mastodon|Transport||false
3645|Mastodon|Khorne||false
3645|Mastodon|Chaos||false
3645|Mastodon|Smoke||false
3646|Mastodon|Heretic Astartes||true
3646|Mastodon|Mastodon||false
3646|Mastodon|Smoke||false
3646|Mastodon|Transport||false
3646|Mastodon|Chaos||false
3646|Mastodon|Vehicle||false
3646|Mastodon|Mastodon||false
3646|Mastodon|Smoke||false
3646|Mastodon|Transport||false
3646|Mastodon|Chaos||false
3646|Mastodon|Titanic||false
3646|Mastodon|Vehicle||false
3646|Mastodon|Mastodon||false
3646|Mastodon|Smoke||false
3646|Mastodon|Transport||false
3646|Mastodon|Chaos||false
3646|Mastodon|Titanic||false
3646|Mastodon|Vehicle||false
3646|Mastodon|Mastodon||false
3646|Mastodon|Smoke||false
3646|Mastodon|Transport||false
3646|Mastodon|Chaos||false
3646|Mastodon|Titanic||false
3646|Mastodon|Vehicle||false
3646|Mastodon|Mastodon||false
3646|Mastodon|Smoke||false
3646|Mastodon|Transport||false
3646|Mastodon|Chaos||false
3646|Mastodon|Titanic||false
3646|Mastodon|Vehicle||false
3646|Mastodon|Mastodon||false
3646|Mastodon|Smoke||false
3646|Mastodon|Transport||false
3646|Mastodon|Chaos||false
3646|Mastodon|Titanic||false
3646|Mastodon|Vehicle||false
3646|Mastodon|Titanic||false
3646|Mastodon|Mastodon||false
3646|Mastodon|Smoke||false
3646|Mastodon|Transport||false
3646|Mastodon|Chaos||false
3646|Mastodon|Titanic||false
3646|Mastodon|Vehicle||false
3647|Leviathan Dreadnought|||true
3647|Leviathan Dreadnought|Thousand Sons||true
3647|Leviathan Dreadnought|Smoke||false
3647|Leviathan Dreadnought|Tzeentch||false
3647|Leviathan Dreadnought|Smoke||false
3647|Leviathan Dreadnought|Dreadnought||false
3647|Leviathan Dreadnought|Leviathan Dreadnought||false
3647|Leviathan Dreadnought|Vehicle||false
3647|Leviathan Dreadnought|Walker||false
3647|Leviathan Dreadnought|Chaos||false
3647|Leviathan Dreadnought|Tzeentch||false
3647|Leviathan Dreadnought|Smoke||false
3647|Leviathan Dreadnought|Dreadnought||false
3647|Leviathan Dreadnought|Leviathan Dreadnought||false
3647|Leviathan Dreadnought|Vehicle||false
3647|Leviathan Dreadnought|Walker||false
3647|Leviathan Dreadnought|Chaos||false
3647|Leviathan Dreadnought|Tzeentch||false
3647|Leviathan Dreadnought|Smoke||false
3647|Leviathan Dreadnought|Dreadnought||false
3647|Leviathan Dreadnought|Leviathan Dreadnought||false
3647|Leviathan Dreadnought|Vehicle||false
3647|Leviathan Dreadnought|Walker||false
3647|Leviathan Dreadnought|Chaos||false
3647|Leviathan Dreadnought|Tzeentch||false
3647|Leviathan Dreadnought|Smoke||false
3647|Leviathan Dreadnought|Dreadnought||false
3647|Leviathan Dreadnought|Leviathan Dreadnought||false
3647|Leviathan Dreadnought|Vehicle||false
3647|Leviathan Dreadnought|Walker||false
3647|Leviathan Dreadnought|Chaos||false
3647|Leviathan Dreadnought|Tzeentch||false
3647|Leviathan Dreadnought|Smoke||false
3647|Leviathan Dreadnought|Dreadnought||false
3647|Leviathan Dreadnought|Leviathan Dreadnought||false
3647|Leviathan Dreadnought|Vehicle||false
3647|Leviathan Dreadnought|Walker||false
3647|Leviathan Dreadnought|Chaos||false
3647|Leviathan Dreadnought|Tzeentch||false
3647|Leviathan Dreadnought|Dreadnought||false
3647|Leviathan Dreadnought|Leviathan Dreadnought||false
3647|Leviathan Dreadnought|Vehicle||false
3647|Leviathan Dreadnought|Walker||false
3647|Leviathan Dreadnought|Chaos||false
3647|Leviathan Dreadnought|Tzeentch||false
3647|Leviathan Dreadnought|Smoke||false
3647|Leviathan Dreadnought|Dreadnought||false
3647|Leviathan Dreadnought|Leviathan Dreadnought||false
3647|Leviathan Dreadnought|Vehicle||false
3647|Leviathan Dreadnought|Walker||false
3647|Leviathan Dreadnought|Chaos||false
3648|Leviathan Dreadnought|||true
3648|Leviathan Dreadnought|Death Guard||true
3648|Leviathan Dreadnought|Vehicle||false
3648|Leviathan Dreadnought|Walker||false
3648|Leviathan Dreadnought|Chaos||false
3648|Leviathan Dreadnought|Nurgle||false
3648|Leviathan Dreadnought|Smoke||false
3648|Leviathan Dreadnought|Dreadnought||false
3648|Leviathan Dreadnought|Leviathan Dreadnought||false
3648|Leviathan Dreadnought|Walker||false
3648|Leviathan Dreadnought|Chaos||false
3648|Leviathan Dreadnought|Nurgle||false
3648|Leviathan Dreadnought|Smoke||false
3648|Leviathan Dreadnought|Dreadnought||false
3648|Leviathan Dreadnought|Leviathan Dreadnought||false
3648|Leviathan Dreadnought|Vehicle||false
3648|Leviathan Dreadnought|Walker||false
3648|Leviathan Dreadnought|Chaos||false
3648|Leviathan Dreadnought|Nurgle||false
3648|Leviathan Dreadnought|Smoke||false
3648|Leviathan Dreadnought|Dreadnought||false
3648|Leviathan Dreadnought|Leviathan Dreadnought||false
3648|Leviathan Dreadnought|Vehicle||false
3648|Leviathan Dreadnought|Walker||false
3648|Leviathan Dreadnought|Chaos||false
3648|Leviathan Dreadnought|Nurgle||false
3648|Leviathan Dreadnought|Smoke||false
3648|Leviathan Dreadnought|Dreadnought||false
3648|Leviathan Dreadnought|Leviathan Dreadnought||false
3648|Leviathan Dreadnought|Vehicle||false
3648|Leviathan Dreadnought|Walker||false
3648|Leviathan Dreadnought|Chaos||false
3648|Leviathan Dreadnought|Nurgle||false
3648|Leviathan Dreadnought|Nurgle||false
3648|Leviathan Dreadnought|Smoke||false
3648|Leviathan Dreadnought|Dreadnought||false
3648|Leviathan Dreadnought|Leviathan Dreadnought||false
3648|Leviathan Dreadnought|Dreadnought||false
3648|Leviathan Dreadnought|Smoke||false
3648|Leviathan Dreadnought|Leviathan Dreadnought||false
3648|Leviathan Dreadnought|Vehicle||false
3648|Leviathan Dreadnought|Vehicle||false
3648|Leviathan Dreadnought|Walker||false
3648|Leviathan Dreadnought|Chaos||false
3648|Leviathan Dreadnought|Nurgle||false
3648|Leviathan Dreadnought|Smoke||false
3648|Leviathan Dreadnought|Dreadnought||false
3648|Leviathan Dreadnought|Leviathan Dreadnought||false
3648|Leviathan Dreadnought|Vehicle||false
3648|Leviathan Dreadnought|Walker||false
3648|Leviathan Dreadnought|Chaos||false
3649|Leviathan Dreadnought|World Eaters||true
3649|Leviathan Dreadnought|||true
3649|Leviathan Dreadnought|Khorne||false
3649|Leviathan Dreadnought|Chaos||false
3649|Leviathan Dreadnought|Khorne||false
3649|Leviathan Dreadnought|Walker||false
3649|Leviathan Dreadnought|Vehicle||false
3649|Leviathan Dreadnought|Leviathan Dreadnought||false
3649|Leviathan Dreadnought|Dreadnought||false
3649|Leviathan Dreadnought|Smoke||false
3649|Leviathan Dreadnought|Khorne||false
3649|Leviathan Dreadnought|Chaos||false
3649|Leviathan Dreadnought|Walker||false
3649|Leviathan Dreadnought|Vehicle||false
3649|Leviathan Dreadnought|Leviathan Dreadnought||false
3649|Leviathan Dreadnought|Dreadnought||false
3649|Leviathan Dreadnought|Smoke||false
3649|Leviathan Dreadnought|Khorne||false
3649|Leviathan Dreadnought|Chaos||false
3649|Leviathan Dreadnought|Walker||false
3649|Leviathan Dreadnought|Vehicle||false
3649|Leviathan Dreadnought|Leviathan Dreadnought||false
3649|Leviathan Dreadnought|Dreadnought||false
3649|Leviathan Dreadnought|Smoke||false
3649|Leviathan Dreadnought|Chaos||false
3649|Leviathan Dreadnought|Walker||false
3649|Leviathan Dreadnought|Vehicle||false
3649|Leviathan Dreadnought|Leviathan Dreadnought||false
3649|Leviathan Dreadnought|Dreadnought||false
3649|Leviathan Dreadnought|Smoke||false
3649|Leviathan Dreadnought|Khorne||false
3649|Leviathan Dreadnought|Chaos||false
3649|Leviathan Dreadnought|Walker||false
3649|Leviathan Dreadnought|Vehicle||false
3649|Leviathan Dreadnought|Leviathan Dreadnought||false
3649|Leviathan Dreadnought|Dreadnought||false
3649|Leviathan Dreadnought|Smoke||false
3649|Leviathan Dreadnought|Khorne||false
3649|Leviathan Dreadnought|Chaos||false
3649|Leviathan Dreadnought|Walker||false
3649|Leviathan Dreadnought|Vehicle||false
3649|Leviathan Dreadnought|Leviathan Dreadnought||false
3649|Leviathan Dreadnought|Dreadnought||false
3649|Leviathan Dreadnought|Smoke||false
3649|Leviathan Dreadnought|Khorne||false
3649|Leviathan Dreadnought|Chaos||false
3649|Leviathan Dreadnought|Walker||false
3649|Leviathan Dreadnought|Vehicle||false
3649|Leviathan Dreadnought|Leviathan Dreadnought||false
3649|Leviathan Dreadnought|Dreadnought||false
3649|Leviathan Dreadnought|Smoke||false
3650|Leviathan Dreadnought|Heretic Astartes||true
3650|Leviathan Dreadnought|Smoke||false
3650|Leviathan Dreadnought|Walker||false
3650|Leviathan Dreadnought|Dreadnought||false
3650|Leviathan Dreadnought|Leviathan Dreadnought||false
3650|Leviathan Dreadnought|Dreadnought||false
3650|Leviathan Dreadnought|Smoke||false
3650|Leviathan Dreadnought|Chaos||false
3650|Leviathan Dreadnought|Chaos||false
3650|Leviathan Dreadnought|Walker||false
3650|Leviathan Dreadnought|Vehicle||false
3650|Leviathan Dreadnought|Leviathan Dreadnought||false
3650|Leviathan Dreadnought|Dreadnought||false
3650|Leviathan Dreadnought|Smoke||false
3650|Leviathan Dreadnought|Chaos||false
3650|Leviathan Dreadnought|Leviathan Dreadnought||false
3650|Leviathan Dreadnought|Walker||false
3650|Leviathan Dreadnought|Vehicle||false
3650|Leviathan Dreadnought|Leviathan Dreadnought||false
3650|Leviathan Dreadnought|Walker||false
3650|Leviathan Dreadnought|Dreadnought||false
3650|Leviathan Dreadnought|Vehicle||false
3650|Leviathan Dreadnought|Leviathan Dreadnought||false
3650|Leviathan Dreadnought|Dreadnought||false
3650|Leviathan Dreadnought|Smoke||false
3650|Leviathan Dreadnought|Walker||false
3650|Leviathan Dreadnought|Chaos||false
3650|Leviathan Dreadnought|Smoke||false
3650|Leviathan Dreadnought|Dreadnought||false
3650|Leviathan Dreadnought|Walker||false
3650|Leviathan Dreadnought|Leviathan Dreadnought||false
3650|Leviathan Dreadnought|Smoke||false
3650|Leviathan Dreadnought|Chaos||false
3650|Leviathan Dreadnought|Chaos||false
3650|Leviathan Dreadnought|Vehicle||false
3650|Leviathan Dreadnought|Vehicle||false
3650|Leviathan Dreadnought|Walker||false
3650|Leviathan Dreadnought|Chaos||false
3650|Leviathan Dreadnought|Vehicle||false
3650|Leviathan Dreadnought|Smoke||false
3650|Leviathan Dreadnought|Dreadnought||false
3650|Leviathan Dreadnought|Leviathan Dreadnought||false
3650|Leviathan Dreadnought|Vehicle||false
3651|Fellblade|Thousand Sons||true
3651|Fellblade|||true
3651|Fellblade|Vehicle||false
3651|Fellblade|Fellblade||false
3651|Fellblade|Tzeentch||false
3651|Fellblade|Chaos||false
3651|Fellblade|Titanic||false
3651|Fellblade|Vehicle||false
3651|Fellblade|Fellblade||false
3651|Fellblade|Smoke||false
3651|Fellblade|Tzeentch||false
3651|Fellblade|Chaos||false
3651|Fellblade|Titanic||false
3651|Fellblade|Vehicle||false
3651|Fellblade|Fellblade||false
3651|Fellblade|Smoke||false
3651|Fellblade|Tzeentch||false
3651|Fellblade|Chaos||false
3651|Fellblade|Titanic||false
3651|Fellblade|Vehicle||false
3651|Fellblade|Fellblade||false
3651|Fellblade|Smoke||false
3651|Fellblade|Vehicle||false
3651|Fellblade|Titanic||false
3651|Fellblade|Chaos||false
3651|Fellblade|Tzeentch||false
3651|Fellblade|Smoke||false
3651|Fellblade|Fellblade||false
3651|Fellblade|Titanic||false
3651|Fellblade|Chaos||false
3651|Fellblade|Tzeentch||false
3651|Fellblade|Smoke||false
3651|Fellblade|Fellblade||false
3651|Fellblade|Vehicle||false
3651|Fellblade|Titanic||false
3651|Fellblade|Chaos||false
3651|Fellblade|Tzeentch||false
3651|Fellblade|Smoke||false
3652|Fellblade|||true
3652|Fellblade|Death Guard||true
3652|Fellblade|Vehicle||false
3652|Fellblade|Fellblade||false
3652|Fellblade|Smoke||false
3652|Fellblade|Nurgle||false
3652|Fellblade|Chaos||false
3652|Fellblade|Titanic||false
3652|Fellblade|Vehicle||false
3652|Fellblade|Smoke||false
3652|Fellblade|Nurgle||false
3652|Fellblade|Nurgle||false
3652|Fellblade|Chaos||false
3652|Fellblade|Titanic||false
3652|Fellblade|Vehicle||false
3652|Fellblade|Fellblade||false
3652|Fellblade|Smoke||false
3652|Fellblade|Nurgle||false
3652|Fellblade|Chaos||false
3652|Fellblade|Titanic||false
3652|Fellblade|Vehicle||false
3652|Fellblade|Fellblade||false
3652|Fellblade|Fellblade||false
3652|Fellblade|Smoke||false
3652|Fellblade|Nurgle||false
3652|Fellblade|Chaos||false
3652|Fellblade|Titanic||false
3652|Fellblade|Vehicle||false
3652|Fellblade|Fellblade||false
3652|Fellblade|Smoke||false
3652|Fellblade|Chaos||false
3652|Fellblade|Titanic||false
3652|Fellblade|Vehicle||false
3652|Fellblade|Fellblade||false
3652|Fellblade|Smoke||false
3652|Fellblade|Nurgle||false
3652|Fellblade|Chaos||false
3652|Fellblade|Titanic||false
3653|Fellblade|World Eaters||true
3653|Fellblade|||true
3653|Fellblade|Titanic||false
3653|Fellblade|Chaos||false
3653|Fellblade|Khorne||false
3653|Fellblade|Smoke||false
3653|Fellblade|Fellblade||false
3653|Fellblade|Vehicle||false
3653|Fellblade|Titanic||false
3653|Fellblade|Khorne||false
3653|Fellblade|Fellblade||false
3653|Fellblade|Vehicle||false
3653|Fellblade|Titanic||false
3653|Fellblade|Chaos||false
3653|Fellblade|Khorne||false
3653|Fellblade|Smoke||false
3653|Fellblade|Fellblade||false
3653|Fellblade|Titanic||false
3653|Fellblade|Fellblade||false
3653|Fellblade|Smoke||false
3653|Fellblade|Khorne||false
3653|Fellblade|Smoke||false
3653|Fellblade|Titanic||false
3653|Fellblade|Vehicle||false
3653|Fellblade|Fellblade||false
3653|Fellblade|Khorne||false
3653|Fellblade|Chaos||false
3653|Fellblade|Titanic||false
3653|Fellblade|Vehicle||false
3653|Fellblade|Chaos||false
3653|Fellblade|Fellblade||false
3653|Fellblade|Chaos||false
3653|Fellblade|Vehicle||false
3653|Fellblade|Smoke||false
3653|Fellblade|Vehicle||false
3653|Fellblade|Smoke||false
3653|Fellblade|Chaos||false
3653|Fellblade|Khorne||false
3654|Fellblade|Heretic Astartes||true
3654|Fellblade|Vehicle||false
3654|Fellblade|Chaos||false
3654|Fellblade|Smoke||false
3654|Fellblade|Fellblade||false
3654|Fellblade|Titanic||false
3654|Fellblade|Smoke||false
3654|Fellblade|Vehicle||false
3654|Fellblade|Titanic||false
3654|Fellblade|Chaos||false
3654|Fellblade|Smoke||false
3654|Fellblade|Fellblade||false
3654|Fellblade|Vehicle||false
3654|Fellblade|Titanic||false
3654|Fellblade|Chaos||false
3654|Fellblade|Fellblade||false
3654|Fellblade|Vehicle||false
3654|Fellblade|Titanic||false
3654|Fellblade|Chaos||false
3654|Fellblade|Smoke||false
3654|Fellblade|Fellblade||false
3654|Fellblade|Vehicle||false
3654|Fellblade|Titanic||false
3654|Fellblade|Chaos||false
3654|Fellblade|Smoke||false
3654|Fellblade|Fellblade||false
3654|Fellblade|Vehicle||false
3654|Fellblade|Titanic||false
3654|Fellblade|Chaos||false
3654|Fellblade|Smoke||false
3654|Fellblade|Fellblade||false
3655|Relic Contemptor Dreadnought|Thousand Sons||true
3655|Relic Contemptor Dreadnought|||true
3655|Relic Contemptor Dreadnought|Vehicle||false
3655|Relic Contemptor Dreadnought|Walker||false
3655|Relic Contemptor Dreadnought|Chaos||false
3655|Relic Contemptor Dreadnought|Tzeentch||false
3655|Relic Contemptor Dreadnought|Dreadnought||false
3655|Relic Contemptor Dreadnought|Relic Contemptor Dreadnought||false
3655|Relic Contemptor Dreadnought|Vehicle||false
3655|Relic Contemptor Dreadnought|Tzeentch||false
3655|Relic Contemptor Dreadnought|Relic Contemptor Dreadnought||false
3655|Relic Contemptor Dreadnought|Dreadnought||false
3655|Relic Contemptor Dreadnought|Tzeentch||false
3655|Relic Contemptor Dreadnought|Chaos||false
3655|Relic Contemptor Dreadnought|Walker||false
3655|Relic Contemptor Dreadnought|Vehicle||false
3655|Relic Contemptor Dreadnought|Relic Contemptor Dreadnought||false
3655|Relic Contemptor Dreadnought|Dreadnought||false
3655|Relic Contemptor Dreadnought|Walker||false
3655|Relic Contemptor Dreadnought|Chaos||false
3655|Relic Contemptor Dreadnought|Walker||false
3655|Relic Contemptor Dreadnought|Vehicle||false
3655|Relic Contemptor Dreadnought|Chaos||false
3655|Relic Contemptor Dreadnought|Dreadnought||false
3655|Relic Contemptor Dreadnought|Tzeentch||false
3655|Relic Contemptor Dreadnought|Relic Contemptor Dreadnought||false
3655|Relic Contemptor Dreadnought|Vehicle||false
3655|Relic Contemptor Dreadnought|Walker||false
3655|Relic Contemptor Dreadnought|Chaos||false
3655|Relic Contemptor Dreadnought|Tzeentch||false
3655|Relic Contemptor Dreadnought|Relic Contemptor Dreadnought||false
3655|Relic Contemptor Dreadnought|Dreadnought||false
3655|Relic Contemptor Dreadnought|Relic Contemptor Dreadnought||false
3655|Relic Contemptor Dreadnought|Dreadnought||false
3655|Relic Contemptor Dreadnought|Tzeentch||false
3655|Relic Contemptor Dreadnought|Chaos||false
3655|Relic Contemptor Dreadnought|Walker||false
3655|Relic Contemptor Dreadnought|Vehicle||false
3656|Relic Contemptor Dreadnought|||true
3656|Relic Contemptor Dreadnought|Death Guard||true
3656|Relic Contemptor Dreadnought|Vehicle||false
3656|Relic Contemptor Dreadnought|Chaos||false
3656|Relic Contemptor Dreadnought|Nurgle||false
3656|Relic Contemptor Dreadnought|Dreadnought||false
3656|Relic Contemptor Dreadnought|Dreadnought||false
3656|Relic Contemptor Dreadnought|Relic Contemptor Dreadnought||false
3656|Relic Contemptor Dreadnought|Vehicle||false
3656|Relic Contemptor Dreadnought|Chaos||false
3656|Relic Contemptor Dreadnought|Walker||false
3656|Relic Contemptor Dreadnought|Nurgle||false
3656|Relic Contemptor Dreadnought|Relic Contemptor Dreadnought||false
3656|Relic Contemptor Dreadnought|Dreadnought||false
3656|Relic Contemptor Dreadnought|Nurgle||false
3656|Relic Contemptor Dreadnought|Chaos||false
3656|Relic Contemptor Dreadnought|Dreadnought||false
3656|Relic Contemptor Dreadnought|Vehicle||false
3656|Relic Contemptor Dreadnought|Walker||false
3656|Relic Contemptor Dreadnought|Chaos||false
3656|Relic Contemptor Dreadnought|Nurgle||false
3656|Relic Contemptor Dreadnought|Dreadnought||false
3656|Relic Contemptor Dreadnought|Relic Contemptor Dreadnought||false
3656|Relic Contemptor Dreadnought|Vehicle||false
3656|Relic Contemptor Dreadnought|Walker||false
3656|Relic Contemptor Dreadnought|Chaos||false
3656|Relic Contemptor Dreadnought|Nurgle||false
3656|Relic Contemptor Dreadnought|Dreadnought||false
3656|Relic Contemptor Dreadnought|Relic Contemptor Dreadnought||false
3656|Relic Contemptor Dreadnought|Vehicle||false
3656|Relic Contemptor Dreadnought|Walker||false
3656|Relic Contemptor Dreadnought|Chaos||false
3656|Relic Contemptor Dreadnought|Walker||false
3656|Relic Contemptor Dreadnought|Vehicle||false
3656|Relic Contemptor Dreadnought|Relic Contemptor Dreadnought||false
3656|Relic Contemptor Dreadnought|Relic Contemptor Dreadnought||false
3656|Relic Contemptor Dreadnought|Nurgle||false
3656|Relic Contemptor Dreadnought|Walker||false
3657|Relic Contemptor Dreadnought|World Eaters||true
3657|Relic Contemptor Dreadnought|||true
3657|Relic Contemptor Dreadnought|Khorne||false
3657|Relic Contemptor Dreadnought|Chaos||false
3657|Relic Contemptor Dreadnought|Walker||false
3657|Relic Contemptor Dreadnought|Vehicle||false
3657|Relic Contemptor Dreadnought|Khorne||false
3657|Relic Contemptor Dreadnought|Relic Contemptor Dreadnought||false
3657|Relic Contemptor Dreadnought|Dreadnought||false
3657|Relic Contemptor Dreadnought|Khorne||false
3657|Relic Contemptor Dreadnought|Chaos||false
3657|Relic Contemptor Dreadnought|Walker||false
3657|Relic Contemptor Dreadnought|Vehicle||false
3657|Relic Contemptor Dreadnought|Relic Contemptor Dreadnought||false
3657|Relic Contemptor Dreadnought|Dreadnought||false
3657|Relic Contemptor Dreadnought|Chaos||false
3657|Relic Contemptor Dreadnought|Walker||false
3657|Relic Contemptor Dreadnought|Vehicle||false
3657|Relic Contemptor Dreadnought|Relic Contemptor Dreadnought||false
3657|Relic Contemptor Dreadnought|Dreadnought||false
3657|Relic Contemptor Dreadnought|Khorne||false
3657|Relic Contemptor Dreadnought|Chaos||false
3657|Relic Contemptor Dreadnought|Walker||false
3657|Relic Contemptor Dreadnought|Vehicle||false
3657|Relic Contemptor Dreadnought|Relic Contemptor Dreadnought||false
3657|Relic Contemptor Dreadnought|Dreadnought||false
3657|Relic Contemptor Dreadnought|Khorne||false
3657|Relic Contemptor Dreadnought|Chaos||false
3657|Relic Contemptor Dreadnought|Walker||false
3657|Relic Contemptor Dreadnought|Vehicle||false
3657|Relic Contemptor Dreadnought|Relic Contemptor Dreadnought||false
3657|Relic Contemptor Dreadnought|Dreadnought||false
3657|Relic Contemptor Dreadnought|Khorne||false
3657|Relic Contemptor Dreadnought|Chaos||false
3657|Relic Contemptor Dreadnought|Walker||false
3657|Relic Contemptor Dreadnought|Vehicle||false
3657|Relic Contemptor Dreadnought|Relic Contemptor Dreadnought||false
3657|Relic Contemptor Dreadnought|Dreadnought||false
3658|Relic Contemptor Dreadnought|Heretic Astartes||true
3658|Relic Contemptor Dreadnought|Vehicle||false
3658|Relic Contemptor Dreadnought|Chaos||false
3658|Relic Contemptor Dreadnought|Dreadnought||false
3658|Relic Contemptor Dreadnought|Relic Contemptor Dreadnought||false
3658|Relic Contemptor Dreadnought|Walker||false
3658|Relic Contemptor Dreadnought|Chaos||false
3658|Relic Contemptor Dreadnought|Chaos||false
3658|Relic Contemptor Dreadnought|Dreadnought||false
3658|Relic Contemptor Dreadnought|Relic Contemptor Dreadnought||false
3658|Relic Contemptor Dreadnought|Chaos||false
3658|Relic Contemptor Dreadnought|Vehicle||false
3658|Relic Contemptor Dreadnought|Walker||false
3658|Relic Contemptor Dreadnought|Dreadnought||false
3658|Relic Contemptor Dreadnought|Relic Contemptor Dreadnought||false
3658|Relic Contemptor Dreadnought|Vehicle||false
3658|Relic Contemptor Dreadnought|Walker||false
3658|Relic Contemptor Dreadnought|Chaos||false
3658|Relic Contemptor Dreadnought|Dreadnought||false
3658|Relic Contemptor Dreadnought|Relic Contemptor Dreadnought||false
3658|Relic Contemptor Dreadnought|Vehicle||false
3658|Relic Contemptor Dreadnought|Walker||false
3658|Relic Contemptor Dreadnought|Chaos||false
3658|Relic Contemptor Dreadnought|Dreadnought||false
3658|Relic Contemptor Dreadnought|Relic Contemptor Dreadnought||false
3658|Relic Contemptor Dreadnought|Vehicle||false
3658|Relic Contemptor Dreadnought|Walker||false
3658|Relic Contemptor Dreadnought|Dreadnought||false
3658|Relic Contemptor Dreadnought|Relic Contemptor Dreadnought||false
3658|Relic Contemptor Dreadnought|Vehicle||false
3658|Relic Contemptor Dreadnought|Walker||false
3659|Whirlwind Scorpius|Thousand Sons||true
3659|Whirlwind Scorpius|||true
3659|Whirlwind Scorpius|Smoke||false
3659|Whirlwind Scorpius|Chaos||false
3659|Whirlwind Scorpius|Chaos||false
3659|Whirlwind Scorpius|Smoke||false
3659|Whirlwind Scorpius|Vehicle||false
3659|Whirlwind Scorpius|Whirlwind Scorpius||false
3659|Whirlwind Scorpius|Tzeentch||false
3659|Whirlwind Scorpius|Chaos||false
3659|Whirlwind Scorpius|Vehicle||false
3659|Whirlwind Scorpius|Whirlwind Scorpius||false
3659|Whirlwind Scorpius|Tzeentch||false
3659|Whirlwind Scorpius|Smoke||false
3659|Whirlwind Scorpius|Vehicle||false
3659|Whirlwind Scorpius|Smoke||false
3659|Whirlwind Scorpius|Chaos||false
3659|Whirlwind Scorpius|Tzeentch||false
3659|Whirlwind Scorpius|Whirlwind Scorpius||false
3659|Whirlwind Scorpius|Vehicle||false
3659|Whirlwind Scorpius|Whirlwind Scorpius||false
3659|Whirlwind Scorpius|Smoke||false
3659|Whirlwind Scorpius|Chaos||false
3659|Whirlwind Scorpius|Tzeentch||false
3659|Whirlwind Scorpius|Tzeentch||false
3659|Whirlwind Scorpius|Whirlwind Scorpius||false
3659|Whirlwind Scorpius|Vehicle||false
3660|Whirlwind Scorpius|||true
3660|Whirlwind Scorpius|Death Guard||true
3660|Whirlwind Scorpius|Vehicle||false
3660|Whirlwind Scorpius|Whirlwind Scorpius||false
3660|Whirlwind Scorpius|Chaos||false
3660|Whirlwind Scorpius|Smoke||false
3660|Whirlwind Scorpius|Vehicle||false
3660|Whirlwind Scorpius|Whirlwind Scorpius||false
3660|Whirlwind Scorpius|Nurgle||false
3660|Whirlwind Scorpius|Chaos||false
3660|Whirlwind Scorpius|Smoke||false
3660|Whirlwind Scorpius|Vehicle||false
3660|Whirlwind Scorpius|Whirlwind Scorpius||false
3660|Whirlwind Scorpius|Nurgle||false
3660|Whirlwind Scorpius|Chaos||false
3660|Whirlwind Scorpius|Smoke||false
3660|Whirlwind Scorpius|Vehicle||false
3660|Whirlwind Scorpius|Whirlwind Scorpius||false
3660|Whirlwind Scorpius|Whirlwind Scorpius||false
3660|Whirlwind Scorpius|Smoke||false
3660|Whirlwind Scorpius|Chaos||false
3660|Whirlwind Scorpius|Nurgle||false
3660|Whirlwind Scorpius|Nurgle||false
3660|Whirlwind Scorpius|Vehicle||false
3660|Whirlwind Scorpius|Smoke||false
3660|Whirlwind Scorpius|Chaos||false
3660|Whirlwind Scorpius|Nurgle||false
3661|Whirlwind Scorpius|||true
3661|Whirlwind Scorpius|World Eaters||true
3661|Whirlwind Scorpius|Khorne||false
3661|Whirlwind Scorpius|Whirlwind Scorpius||false
3661|Whirlwind Scorpius|Vehicle||false
3661|Whirlwind Scorpius|Smoke||false
3661|Whirlwind Scorpius|Chaos||false
3661|Whirlwind Scorpius|Smoke||false
3661|Whirlwind Scorpius|Khorne||false
3661|Whirlwind Scorpius|Chaos||false
3661|Whirlwind Scorpius|Khorne||false
3661|Whirlwind Scorpius|Whirlwind Scorpius||false
3661|Whirlwind Scorpius|Vehicle||false
3661|Whirlwind Scorpius|Smoke||false
3661|Whirlwind Scorpius|Whirlwind Scorpius||false
3661|Whirlwind Scorpius|Vehicle||false
3661|Whirlwind Scorpius|Smoke||false
3661|Whirlwind Scorpius|Chaos||false
3661|Whirlwind Scorpius|Khorne||false
3661|Whirlwind Scorpius|Whirlwind Scorpius||false
3661|Whirlwind Scorpius|Vehicle||false
3661|Whirlwind Scorpius|Chaos||false
3661|Whirlwind Scorpius|Khorne||false
3661|Whirlwind Scorpius|Whirlwind Scorpius||false
3661|Whirlwind Scorpius|Vehicle||false
3661|Whirlwind Scorpius|Smoke||false
3661|Whirlwind Scorpius|Chaos||false
3662|Whirlwind Scorpius|Heretic Astartes||true
3662|Whirlwind Scorpius|Whirlwind Scorpius||false
3662|Whirlwind Scorpius|Vehicle||false
3662|Whirlwind Scorpius|Whirlwind Scorpius||false
3662|Whirlwind Scorpius|Smoke||false
3662|Whirlwind Scorpius|Chaos||false
3662|Whirlwind Scorpius|Whirlwind Scorpius||false
3662|Whirlwind Scorpius|Chaos||false
3662|Whirlwind Scorpius|Whirlwind Scorpius||false
3662|Whirlwind Scorpius|Vehicle||false
3662|Whirlwind Scorpius|Chaos||false
3662|Whirlwind Scorpius|Vehicle||false
3662|Whirlwind Scorpius|Smoke||false
3662|Whirlwind Scorpius|Whirlwind Scorpius||false
3662|Whirlwind Scorpius|Smoke||false
3662|Whirlwind Scorpius|Vehicle||false
3662|Whirlwind Scorpius|Smoke||false
3662|Whirlwind Scorpius|Chaos||false
3662|Whirlwind Scorpius|Smoke||false
3662|Whirlwind Scorpius|Vehicle||false
3662|Whirlwind Scorpius|Chaos||false
3663|Xiphon Interceptor|||true
3663|Xiphon Interceptor|Thousand Sons||true
3663|Xiphon Interceptor|Fly||false
3663|Xiphon Interceptor|Vehicle||false
3663|Xiphon Interceptor|Xiphon Interceptor||false
3663|Xiphon Interceptor|Tzeentch||false
3663|Xiphon Interceptor|Chaos||false
3663|Xiphon Interceptor|Aircraft||false
3663|Xiphon Interceptor|Fly||false
3663|Xiphon Interceptor|Vehicle||false
3663|Xiphon Interceptor|Vehicle||false
3663|Xiphon Interceptor|Fly||false
3663|Xiphon Interceptor|Aircraft||false
3663|Xiphon Interceptor|Tzeentch||false
3663|Xiphon Interceptor|Xiphon Interceptor||false
3663|Xiphon Interceptor|Vehicle||false
3663|Xiphon Interceptor|Fly||false
3663|Xiphon Interceptor|Aircraft||false
3663|Xiphon Interceptor|Chaos||false
3663|Xiphon Interceptor|Tzeentch||false
3663|Xiphon Interceptor|Tzeentch||false
3663|Xiphon Interceptor|Xiphon Interceptor||false
3663|Xiphon Interceptor|Vehicle||false
3663|Xiphon Interceptor|Fly||false
3663|Xiphon Interceptor|Aircraft||false
3663|Xiphon Interceptor|Chaos||false
3663|Xiphon Interceptor|Tzeentch||false
3663|Xiphon Interceptor|Xiphon Interceptor||false
3663|Xiphon Interceptor|Vehicle||false
3663|Xiphon Interceptor|Fly||false
3663|Xiphon Interceptor|Aircraft||false
3663|Xiphon Interceptor|Chaos||false
3663|Xiphon Interceptor|Xiphon Interceptor||false
3663|Xiphon Interceptor|Chaos||false
3663|Xiphon Interceptor|Xiphon Interceptor||false
3663|Xiphon Interceptor|Tzeentch||false
3663|Xiphon Interceptor|Chaos||false
3663|Xiphon Interceptor|Aircraft||false
3664|Xiphon Interceptor|Death Guard||true
3664|Xiphon Interceptor|||true
3664|Xiphon Interceptor|Aircraft||false
3664|Xiphon Interceptor|Fly||false
3664|Xiphon Interceptor|Vehicle||false
3664|Xiphon Interceptor|Vehicle||false
3664|Xiphon Interceptor|Vehicle||false
3664|Xiphon Interceptor|Aircraft||false
3664|Xiphon Interceptor|Fly||false
3664|Xiphon Interceptor|Nurgle||false
3664|Xiphon Interceptor|Aircraft||false
3664|Xiphon Interceptor|Fly||false
3664|Xiphon Interceptor|Vehicle||false
3664|Xiphon Interceptor|Xiphon Interceptor||false
3664|Xiphon Interceptor|Nurgle||false
3664|Xiphon Interceptor|Chaos||false
3664|Xiphon Interceptor|Xiphon Interceptor||false
3664|Xiphon Interceptor|Nurgle||false
3664|Xiphon Interceptor|Chaos||false
3664|Xiphon Interceptor|Aircraft||false
3664|Xiphon Interceptor|Fly||false
3664|Xiphon Interceptor|Aircraft||false
3664|Xiphon Interceptor|Chaos||false
3664|Xiphon Interceptor|Nurgle||false
3664|Xiphon Interceptor|Xiphon Interceptor||false
3664|Xiphon Interceptor|Nurgle||false
3664|Xiphon Interceptor|Xiphon Interceptor||false
3664|Xiphon Interceptor|Chaos||false
3664|Xiphon Interceptor|Aircraft||false
3664|Xiphon Interceptor|Fly||false
3664|Xiphon Interceptor|Vehicle||false
3664|Xiphon Interceptor|Xiphon Interceptor||false
3664|Xiphon Interceptor|Chaos||false
3664|Xiphon Interceptor|Fly||false
3664|Xiphon Interceptor|Vehicle||false
3664|Xiphon Interceptor|Xiphon Interceptor||false
3664|Xiphon Interceptor|Nurgle||false
3664|Xiphon Interceptor|Chaos||false
3665|Xiphon Interceptor|||true
3665|Xiphon Interceptor|World Eaters||true
3665|Xiphon Interceptor|Chaos||false
3665|Xiphon Interceptor|Aircraft||false
3665|Xiphon Interceptor|Fly||false
3665|Xiphon Interceptor|Vehicle||false
3665|Xiphon Interceptor|Xiphon Interceptor||false
3665|Xiphon Interceptor|Aircraft||false
3665|Xiphon Interceptor|Fly||false
3665|Xiphon Interceptor|Vehicle||false
3665|Xiphon Interceptor|Vehicle||false
3665|Xiphon Interceptor|Fly||false
3665|Xiphon Interceptor|Aircraft||false
3665|Xiphon Interceptor|Chaos||false
3665|Xiphon Interceptor|Khorne||false
3665|Xiphon Interceptor|Khorne||false
3665|Xiphon Interceptor|Xiphon Interceptor||false
3665|Xiphon Interceptor|Xiphon Interceptor||false
3665|Xiphon Interceptor|Vehicle||false
3665|Xiphon Interceptor|Aircraft||false
3665|Xiphon Interceptor|Chaos||false
3665|Xiphon Interceptor|Khorne||false
3665|Xiphon Interceptor|Xiphon Interceptor||false
3665|Xiphon Interceptor|Vehicle||false
3665|Xiphon Interceptor|Aircraft||false
3665|Xiphon Interceptor|Chaos||false
3665|Xiphon Interceptor|Xiphon Interceptor||false
3665|Xiphon Interceptor|Vehicle||false
3665|Xiphon Interceptor|Xiphon Interceptor||false
3665|Xiphon Interceptor|Fly||false
3665|Xiphon Interceptor|Aircraft||false
3665|Xiphon Interceptor|Chaos||false
3665|Xiphon Interceptor|Khorne||false
3665|Xiphon Interceptor|Fly||false
3665|Xiphon Interceptor|Khorne||false
3665|Xiphon Interceptor|Fly||false
3665|Xiphon Interceptor|Khorne||false
3665|Xiphon Interceptor|Chaos||false
3666|Xiphon Interceptor|Heretic Astartes||true
3666|Xiphon Interceptor|Vehicle||false
3666|Xiphon Interceptor|Fly||false
3666|Xiphon Interceptor|Aircraft||false
3666|Xiphon Interceptor|Chaos||false
3666|Xiphon Interceptor|Xiphon Interceptor||false
3666|Xiphon Interceptor|Vehicle||false
3666|Xiphon Interceptor|Fly||false
3666|Xiphon Interceptor|Aircraft||false
3666|Xiphon Interceptor|Chaos||false
3666|Xiphon Interceptor|Xiphon Interceptor||false
3666|Xiphon Interceptor|Vehicle||false
3666|Xiphon Interceptor|Fly||false
3666|Xiphon Interceptor|Aircraft||false
3666|Xiphon Interceptor|Chaos||false
3666|Xiphon Interceptor|Xiphon Interceptor||false
3666|Xiphon Interceptor|Vehicle||false
3666|Xiphon Interceptor|Fly||false
3666|Xiphon Interceptor|Aircraft||false
3666|Xiphon Interceptor|Chaos||false
3666|Xiphon Interceptor|Xiphon Interceptor||false
3666|Xiphon Interceptor|Vehicle||false
3666|Xiphon Interceptor|Fly||false
3666|Xiphon Interceptor|Aircraft||false
3666|Xiphon Interceptor|Chaos||false
3666|Xiphon Interceptor|Vehicle||false
3666|Xiphon Interceptor|Fly||false
3666|Xiphon Interceptor|Aircraft||false
3666|Xiphon Interceptor|Chaos||false
3666|Xiphon Interceptor|Xiphon Interceptor||false
3666|Xiphon Interceptor|Xiphon Interceptor||false
3667|Rapier Carrier|||true
3667|Rapier Carrier|Thousand Sons||true
3667|Rapier Carrier|Artillery||false
3667|Rapier Carrier|Vehicle||false
3667|Rapier Carrier|Chaos||false
3667|Rapier Carrier|Tzeentch||false
3667|Rapier Carrier|Rapier Carrier||false
3667|Rapier Carrier|Artillery||false
3667|Rapier Carrier|Vehicle||false
3667|Rapier Carrier|Chaos||false
3667|Rapier Carrier|Tzeentch||false
3667|Rapier Carrier|Rapier Carrier||false
3667|Rapier Carrier|Artillery||false
3667|Rapier Carrier|Vehicle||false
3667|Rapier Carrier|Chaos||false
3667|Rapier Carrier|Tzeentch||false
3667|Rapier Carrier|Rapier Carrier||false
3667|Rapier Carrier|Artillery||false
3667|Rapier Carrier|Vehicle||false
3667|Rapier Carrier|Chaos||false
3667|Rapier Carrier|Tzeentch||false
3667|Rapier Carrier|Rapier Carrier||false
3667|Rapier Carrier|Artillery||false
3667|Rapier Carrier|Vehicle||false
3667|Rapier Carrier|Chaos||false
3667|Rapier Carrier|Tzeentch||false
3667|Rapier Carrier|Rapier Carrier||false
3668|Rapier Carrier|||true
3668|Rapier Carrier|Death Guard||true
3668|Rapier Carrier|Rapier Carrier||false
3668|Rapier Carrier|Artillery||false
3668|Rapier Carrier|Vehicle||false
3668|Rapier Carrier|Chaos||false
3668|Rapier Carrier|Nurgle||false
3668|Rapier Carrier|Rapier Carrier||false
3668|Rapier Carrier|Artillery||false
3668|Rapier Carrier|Vehicle||false
3668|Rapier Carrier|Chaos||false
3668|Rapier Carrier|Nurgle||false
3668|Rapier Carrier|Rapier Carrier||false
3668|Rapier Carrier|Artillery||false
3668|Rapier Carrier|Vehicle||false
3668|Rapier Carrier|Chaos||false
3668|Rapier Carrier|Nurgle||false
3668|Rapier Carrier|Rapier Carrier||false
3668|Rapier Carrier|Artillery||false
3668|Rapier Carrier|Vehicle||false
3668|Rapier Carrier|Chaos||false
3668|Rapier Carrier|Nurgle||false
3668|Rapier Carrier|Rapier Carrier||false
3668|Rapier Carrier|Artillery||false
3668|Rapier Carrier|Vehicle||false
3668|Rapier Carrier|Chaos||false
3668|Rapier Carrier|Nurgle||false
3669|Rapier Carrier|||true
3669|Rapier Carrier|World Eaters||true
3669|Rapier Carrier|Vehicle||false
3669|Rapier Carrier|Chaos||false
3669|Rapier Carrier|Khorne||false
3669|Rapier Carrier|Rapier Carrier||false
3669|Rapier Carrier|Artillery||false
3669|Rapier Carrier|Vehicle||false
3669|Rapier Carrier|Chaos||false
3669|Rapier Carrier|Khorne||false
3669|Rapier Carrier|Rapier Carrier||false
3669|Rapier Carrier|Artillery||false
3669|Rapier Carrier|Vehicle||false
3669|Rapier Carrier|Chaos||false
3669|Rapier Carrier|Khorne||false
3669|Rapier Carrier|Rapier Carrier||false
3669|Rapier Carrier|Artillery||false
3669|Rapier Carrier|Vehicle||false
3669|Rapier Carrier|Chaos||false
3669|Rapier Carrier|Khorne||false
3669|Rapier Carrier|Rapier Carrier||false
3669|Rapier Carrier|Artillery||false
3669|Rapier Carrier|Vehicle||false
3669|Rapier Carrier|Chaos||false
3669|Rapier Carrier|Khorne||false
3669|Rapier Carrier|Rapier Carrier||false
3669|Rapier Carrier|Artillery||false
3670|Rapier Carrier|Heretic Astartes||true
3670|Rapier Carrier|Chaos||false
3670|Rapier Carrier|Rapier Carrier||false
3670|Rapier Carrier|Artillery||false
3670|Rapier Carrier|Vehicle||false
3670|Rapier Carrier|Chaos||false
3670|Rapier Carrier|Rapier Carrier||false
3670|Rapier Carrier|Artillery||false
3670|Rapier Carrier|Vehicle||false
3670|Rapier Carrier|Chaos||false
3670|Rapier Carrier|Rapier Carrier||false
3670|Rapier Carrier|Artillery||false
3670|Rapier Carrier|Vehicle||false
3670|Rapier Carrier|Chaos||false
3670|Rapier Carrier|Rapier Carrier||false
3670|Rapier Carrier|Artillery||false
3670|Rapier Carrier|Vehicle||false
3670|Rapier Carrier|Chaos||false
3670|Rapier Carrier|Rapier Carrier||false
3670|Rapier Carrier|Artillery||false
3670|Rapier Carrier|Vehicle||false
3671|Storm Eagle Gunship|||true
3671|Storm Eagle Gunship|Thousand Sons||true
3671|Storm Eagle Gunship|Aircraft||false
3671|Storm Eagle Gunship|Transport||false
3671|Storm Eagle Gunship|Chaos||false
3671|Storm Eagle Gunship|Tzeentch||false
3671|Storm Eagle Gunship|Storm Eagle Gunship||false
3671|Storm Eagle Gunship|Vehicle||false
3671|Storm Eagle Gunship|Fly||false
3671|Storm Eagle Gunship|Aircraft||false
3671|Storm Eagle Gunship|Transport||false
3671|Storm Eagle Gunship|Chaos||false
3671|Storm Eagle Gunship|Tzeentch||false
3671|Storm Eagle Gunship|Storm Eagle Gunship||false
3671|Storm Eagle Gunship|Vehicle||false
3671|Storm Eagle Gunship|Fly||false
3671|Storm Eagle Gunship|Aircraft||false
3671|Storm Eagle Gunship|Transport||false
3671|Storm Eagle Gunship|Chaos||false
3671|Storm Eagle Gunship|Tzeentch||false
3671|Storm Eagle Gunship|Storm Eagle Gunship||false
3671|Storm Eagle Gunship|Vehicle||false
3671|Storm Eagle Gunship|Fly||false
3671|Storm Eagle Gunship|Aircraft||false
3671|Storm Eagle Gunship|Transport||false
3671|Storm Eagle Gunship|Chaos||false
3671|Storm Eagle Gunship|Tzeentch||false
3671|Storm Eagle Gunship|Storm Eagle Gunship||false
3671|Storm Eagle Gunship|Vehicle||false
3671|Storm Eagle Gunship|Fly||false
3671|Storm Eagle Gunship|Aircraft||false
3671|Storm Eagle Gunship|Transport||false
3671|Storm Eagle Gunship|Chaos||false
3671|Storm Eagle Gunship|Tzeentch||false
3671|Storm Eagle Gunship|Storm Eagle Gunship||false
3671|Storm Eagle Gunship|Vehicle||false
3671|Storm Eagle Gunship|Fly||false
3671|Storm Eagle Gunship|Aircraft||false
3671|Storm Eagle Gunship|Transport||false
3671|Storm Eagle Gunship|Chaos||false
3671|Storm Eagle Gunship|Tzeentch||false
3671|Storm Eagle Gunship|Storm Eagle Gunship||false
3671|Storm Eagle Gunship|Vehicle||false
3671|Storm Eagle Gunship|Fly||false
3671|Storm Eagle Gunship|Aircraft||false
3671|Storm Eagle Gunship|Transport||false
3671|Storm Eagle Gunship|Chaos||false
3671|Storm Eagle Gunship|Tzeentch||false
3671|Storm Eagle Gunship|Storm Eagle Gunship||false
3671|Storm Eagle Gunship|Vehicle||false
3671|Storm Eagle Gunship|Fly||false
3672|Storm Eagle Gunship|||true
3672|Storm Eagle Gunship|Death Guard||true
3672|Storm Eagle Gunship|Chaos||false
3672|Storm Eagle Gunship|Nurgle||false
3672|Storm Eagle Gunship|Storm Eagle Gunship||false
3672|Storm Eagle Gunship|Vehicle||false
3672|Storm Eagle Gunship|Fly||false
3672|Storm Eagle Gunship|Aircraft||false
3672|Storm Eagle Gunship|Transport||false
3672|Storm Eagle Gunship|Chaos||false
3672|Storm Eagle Gunship|Nurgle||false
3672|Storm Eagle Gunship|Storm Eagle Gunship||false
3672|Storm Eagle Gunship|Vehicle||false
3672|Storm Eagle Gunship|Fly||false
3672|Storm Eagle Gunship|Aircraft||false
3672|Storm Eagle Gunship|Transport||false
3672|Storm Eagle Gunship|Chaos||false
3672|Storm Eagle Gunship|Nurgle||false
3672|Storm Eagle Gunship|Storm Eagle Gunship||false
3672|Storm Eagle Gunship|Vehicle||false
3672|Storm Eagle Gunship|Fly||false
3672|Storm Eagle Gunship|Aircraft||false
3672|Storm Eagle Gunship|Transport||false
3672|Storm Eagle Gunship|Chaos||false
3672|Storm Eagle Gunship|Nurgle||false
3672|Storm Eagle Gunship|Storm Eagle Gunship||false
3672|Storm Eagle Gunship|Vehicle||false
3672|Storm Eagle Gunship|Fly||false
3672|Storm Eagle Gunship|Aircraft||false
3672|Storm Eagle Gunship|Transport||false
3672|Storm Eagle Gunship|Chaos||false
3672|Storm Eagle Gunship|Nurgle||false
3672|Storm Eagle Gunship|Storm Eagle Gunship||false
3672|Storm Eagle Gunship|Vehicle||false
3672|Storm Eagle Gunship|Fly||false
3672|Storm Eagle Gunship|Aircraft||false
3672|Storm Eagle Gunship|Transport||false
3672|Storm Eagle Gunship|Chaos||false
3672|Storm Eagle Gunship|Nurgle||false
3672|Storm Eagle Gunship|Storm Eagle Gunship||false
3672|Storm Eagle Gunship|Vehicle||false
3672|Storm Eagle Gunship|Fly||false
3672|Storm Eagle Gunship|Aircraft||false
3672|Storm Eagle Gunship|Transport||false
3672|Storm Eagle Gunship|Chaos||false
3672|Storm Eagle Gunship|Aircraft||false
3672|Storm Eagle Gunship|Nurgle||false
3672|Storm Eagle Gunship|Storm Eagle Gunship||false
3672|Storm Eagle Gunship|Vehicle||false
3672|Storm Eagle Gunship|Fly||false
3672|Storm Eagle Gunship|Transport||false
3673|Storm Eagle Gunship|||true
3673|Storm Eagle Gunship|World Eaters||true
3673|Storm Eagle Gunship|Storm Eagle Gunship||false
3673|Storm Eagle Gunship|Vehicle||false
3673|Storm Eagle Gunship|Fly||false
3673|Storm Eagle Gunship|Aircraft||false
3673|Storm Eagle Gunship|Transport||false
3673|Storm Eagle Gunship|Chaos||false
3673|Storm Eagle Gunship|Khorne||false
3673|Storm Eagle Gunship|Storm Eagle Gunship||false
3673|Storm Eagle Gunship|Vehicle||false
3673|Storm Eagle Gunship|Fly||false
3673|Storm Eagle Gunship|Aircraft||false
3673|Storm Eagle Gunship|Transport||false
3673|Storm Eagle Gunship|Chaos||false
3673|Storm Eagle Gunship|Khorne||false
3673|Storm Eagle Gunship|Storm Eagle Gunship||false
3673|Storm Eagle Gunship|Vehicle||false
3673|Storm Eagle Gunship|Fly||false
3673|Storm Eagle Gunship|Aircraft||false
3673|Storm Eagle Gunship|Transport||false
3673|Storm Eagle Gunship|Chaos||false
3673|Storm Eagle Gunship|Khorne||false
3673|Storm Eagle Gunship|Storm Eagle Gunship||false
3673|Storm Eagle Gunship|Vehicle||false
3673|Storm Eagle Gunship|Fly||false
3673|Storm Eagle Gunship|Aircraft||false
3673|Storm Eagle Gunship|Transport||false
3673|Storm Eagle Gunship|Chaos||false
3673|Storm Eagle Gunship|Khorne||false
3673|Storm Eagle Gunship|Storm Eagle Gunship||false
3673|Storm Eagle Gunship|Vehicle||false
3673|Storm Eagle Gunship|Fly||false
3673|Storm Eagle Gunship|Aircraft||false
3673|Storm Eagle Gunship|Transport||false
3673|Storm Eagle Gunship|Chaos||false
3673|Storm Eagle Gunship|Khorne||false
3673|Storm Eagle Gunship|Storm Eagle Gunship||false
3673|Storm Eagle Gunship|Vehicle||false
3673|Storm Eagle Gunship|Fly||false
3673|Storm Eagle Gunship|Aircraft||false
3673|Storm Eagle Gunship|Transport||false
3673|Storm Eagle Gunship|Chaos||false
3673|Storm Eagle Gunship|Khorne||false
3673|Storm Eagle Gunship|Storm Eagle Gunship||false
3673|Storm Eagle Gunship|Vehicle||false
3673|Storm Eagle Gunship|Fly||false
3673|Storm Eagle Gunship|Aircraft||false
3673|Storm Eagle Gunship|Transport||false
3673|Storm Eagle Gunship|Chaos||false
3673|Storm Eagle Gunship|Khorne||false
3674|Storm Eagle Gunship|Heretic Astartes||true
3674|Storm Eagle Gunship|Aircraft||false
3674|Storm Eagle Gunship|Transport||false
3674|Storm Eagle Gunship|Chaos||false
3674|Storm Eagle Gunship|Storm Eagle Gunship||false
3674|Storm Eagle Gunship|Vehicle||false
3674|Storm Eagle Gunship|Fly||false
3674|Storm Eagle Gunship|Aircraft||false
3674|Storm Eagle Gunship|Transport||false
3674|Storm Eagle Gunship|Chaos||false
3674|Storm Eagle Gunship|Storm Eagle Gunship||false
3674|Storm Eagle Gunship|Vehicle||false
3674|Storm Eagle Gunship|Fly||false
3674|Storm Eagle Gunship|Aircraft||false
3674|Storm Eagle Gunship|Transport||false
3674|Storm Eagle Gunship|Chaos||false
3674|Storm Eagle Gunship|Storm Eagle Gunship||false
3674|Storm Eagle Gunship|Vehicle||false
3674|Storm Eagle Gunship|Fly||false
3674|Storm Eagle Gunship|Aircraft||false
3674|Storm Eagle Gunship|Transport||false
3674|Storm Eagle Gunship|Chaos||false
3674|Storm Eagle Gunship|Storm Eagle Gunship||false
3674|Storm Eagle Gunship|Vehicle||false
3674|Storm Eagle Gunship|Fly||false
3674|Storm Eagle Gunship|Aircraft||false
3674|Storm Eagle Gunship|Transport||false
3674|Storm Eagle Gunship|Chaos||false
3674|Storm Eagle Gunship|Storm Eagle Gunship||false
3674|Storm Eagle Gunship|Fly||false
3674|Storm Eagle Gunship|Chaos||false
3674|Storm Eagle Gunship|Vehicle||false
3674|Storm Eagle Gunship|Fly||false
3674|Storm Eagle Gunship|Aircraft||false
3674|Storm Eagle Gunship|Transport||false
3674|Storm Eagle Gunship|Storm Eagle Gunship||false
3674|Storm Eagle Gunship|Vehicle||false
3674|Storm Eagle Gunship|Fly||false
3674|Storm Eagle Gunship|Aircraft||false
3674|Storm Eagle Gunship|Transport||false
3674|Storm Eagle Gunship|Chaos||false
3674|Storm Eagle Gunship|Storm Eagle Gunship||false
3674|Storm Eagle Gunship|Vehicle||false
3675|Sicaran Venator|Thousand Sons||true
3675|Sicaran Venator|||true
3675|Sicaran Venator|Chaos||false
3675|Sicaran Venator|Vehicle||false
3675|Sicaran Venator|Smoke||false
3675|Sicaran Venator|Sicaran Venator||false
3675|Sicaran Venator|Vehicle||false
3675|Sicaran Venator|Chaos||false
3675|Sicaran Venator|Tzeentch||false
3675|Sicaran Venator|Smoke||false
3675|Sicaran Venator|Chaos||false
3675|Sicaran Venator|Tzeentch||false
3675|Sicaran Venator|Tzeentch||false
3675|Sicaran Venator|Smoke||false
3675|Sicaran Venator|Sicaran Venator||false
3675|Sicaran Venator|Vehicle||false
3675|Sicaran Venator|Chaos||false
3675|Sicaran Venator|Tzeentch||false
3675|Sicaran Venator|Smoke||false
3675|Sicaran Venator|Sicaran Venator||false
3675|Sicaran Venator|Sicaran Venator||false
3675|Sicaran Venator|Vehicle||false
3675|Sicaran Venator|Chaos||false
3675|Sicaran Venator|Tzeentch||false
3675|Sicaran Venator|Smoke||false
3675|Sicaran Venator|Sicaran Venator||false
3675|Sicaran Venator|Vehicle||false
3676|Sicaran Venator|||true
3676|Sicaran Venator|Death Guard||true
3676|Sicaran Venator|Smoke||false
3676|Sicaran Venator|Sicaran Venator||false
3676|Sicaran Venator|Vehicle||false
3676|Sicaran Venator|Chaos||false
3676|Sicaran Venator|Nurgle||false
3676|Sicaran Venator|Smoke||false
3676|Sicaran Venator|Sicaran Venator||false
3676|Sicaran Venator|Vehicle||false
3676|Sicaran Venator|Chaos||false
3676|Sicaran Venator|Nurgle||false
3676|Sicaran Venator|Smoke||false
3676|Sicaran Venator|Sicaran Venator||false
3676|Sicaran Venator|Vehicle||false
3676|Sicaran Venator|Chaos||false
3676|Sicaran Venator|Nurgle||false
3676|Sicaran Venator|Smoke||false
3676|Sicaran Venator|Sicaran Venator||false
3676|Sicaran Venator|Vehicle||false
3676|Sicaran Venator|Chaos||false
3676|Sicaran Venator|Nurgle||false
3676|Sicaran Venator|Smoke||false
3676|Sicaran Venator|Sicaran Venator||false
3676|Sicaran Venator|Vehicle||false
3676|Sicaran Venator|Chaos||false
3676|Sicaran Venator|Nurgle||false
3677|Sicaran Venator|||true
3677|Sicaran Venator|World Eaters||true
3677|Sicaran Venator|Smoke||false
3677|Sicaran Venator|Sicaran Venator||false
3677|Sicaran Venator|Vehicle||false
3677|Sicaran Venator|Chaos||false
3677|Sicaran Venator|Khorne||false
3677|Sicaran Venator|Smoke||false
3677|Sicaran Venator|Sicaran Venator||false
3677|Sicaran Venator|Smoke||false
3677|Sicaran Venator|Sicaran Venator||false
3677|Sicaran Venator|Vehicle||false
3677|Sicaran Venator|Chaos||false
3677|Sicaran Venator|Khorne||false
3677|Sicaran Venator|Smoke||false
3677|Sicaran Venator|Chaos||false
3677|Sicaran Venator|Sicaran Venator||false
3677|Sicaran Venator|Vehicle||false
3677|Sicaran Venator|Chaos||false
3677|Sicaran Venator|Khorne||false
3677|Sicaran Venator|Smoke||false
3677|Sicaran Venator|Khorne||false
3677|Sicaran Venator|Vehicle||false
3677|Sicaran Venator|Chaos||false
3677|Sicaran Venator|Vehicle||false
3677|Sicaran Venator|Sicaran Venator||false
3677|Sicaran Venator|Khorne||false
3678|Sicaran Venator|Heretic Astartes||true
3678|Sicaran Venator|Vehicle||false
3678|Sicaran Venator|Chaos||false
3678|Sicaran Venator|Smoke||false
3678|Sicaran Venator|Sicaran Venator||false
3678|Sicaran Venator|Vehicle||false
3678|Sicaran Venator|Chaos||false
3678|Sicaran Venator|Sicaran Venator||false
3678|Sicaran Venator|Vehicle||false
3678|Sicaran Venator|Chaos||false
3678|Sicaran Venator|Smoke||false
3678|Sicaran Venator|Sicaran Venator||false
3678|Sicaran Venator|Chaos||false
3678|Sicaran Venator|Smoke||false
3678|Sicaran Venator|Sicaran Venator||false
3678|Sicaran Venator|Sicaran Venator||false
3678|Sicaran Venator|Chaos||false
3678|Sicaran Venator|Vehicle||false
3678|Sicaran Venator|Smoke||false
3678|Sicaran Venator|Vehicle||false
3678|Sicaran Venator|Smoke||false
3679|Typhon|||true
3679|Typhon|Thousand Sons||true
3679|Typhon|Smoke||false
3679|Typhon|Typhon||false
3679|Typhon|Vehicle||false
3679|Typhon|Chaos||false
3679|Typhon|Tzeentch||false
3679|Typhon|Smoke||false
3679|Typhon|Typhon||false
3679|Typhon|Vehicle||false
3679|Typhon|Chaos||false
3679|Typhon|Tzeentch||false
3679|Typhon|Smoke||false
3679|Typhon|Typhon||false
3679|Typhon|Vehicle||false
3679|Typhon|Chaos||false
3679|Typhon|Tzeentch||false
3679|Typhon|Smoke||false
3679|Typhon|Typhon||false
3679|Typhon|Vehicle||false
3679|Typhon|Chaos||false
3679|Typhon|Tzeentch||false
3679|Typhon|Smoke||false
3679|Typhon|Typhon||false
3679|Typhon|Vehicle||false
3679|Typhon|Chaos||false
3679|Typhon|Tzeentch||false
3680|Typhon|||true
3680|Typhon|Death Guard||true
3680|Typhon|Typhon||false
3680|Typhon|Typhon||false
3680|Typhon|Nurgle||false
3680|Typhon|Chaos||false
3680|Typhon|Vehicle||false
3680|Typhon|Typhon||false
3680|Typhon|Nurgle||false
3680|Typhon|Nurgle||false
3680|Typhon|Smoke||false
3680|Typhon|Chaos||false
3680|Typhon|Vehicle||false
3680|Typhon|Typhon||false
3680|Typhon|Smoke||false
3680|Typhon|Smoke||false
3680|Typhon|Nurgle||false
3680|Typhon|Chaos||false
3680|Typhon|Vehicle||false
3680|Typhon|Typhon||false
3680|Typhon|Smoke||false
3680|Typhon|Vehicle||false
3680|Typhon|Chaos||false
3680|Typhon|Vehicle||false
3680|Typhon|Chaos||false
3680|Typhon|Nurgle||false
3680|Typhon|Smoke||false
3681|Typhon|||true
3681|Typhon|World Eaters||true
3681|Typhon|Vehicle||false
3681|Typhon|Chaos||false
3681|Typhon|Khorne||false
3681|Typhon|Smoke||false
3681|Typhon|Typhon||false
3681|Typhon|Chaos||false
3681|Typhon|Khorne||false
3681|Typhon|Smoke||false
3681|Typhon|Typhon||false
3681|Typhon|Vehicle||false
3681|Typhon|Smoke||false
3681|Typhon|Vehicle||false
3681|Typhon|Typhon||false
3681|Typhon|Typhon||false
3681|Typhon|Smoke||false
3681|Typhon|Khorne||false
3681|Typhon|Chaos||false
3681|Typhon|Vehicle||false
3681|Typhon|Typhon||false
3681|Typhon|Smoke||false
3681|Typhon|Khorne||false
3681|Typhon|Chaos||false
3681|Typhon|Vehicle||false
3681|Typhon|Chaos||false
3681|Typhon|Khorne||false
3682|Typhon|Heretic Astartes||true
3682|Typhon|Smoke||false
3682|Typhon|Smoke||false
3682|Typhon|Typhon||false
3682|Typhon|Typhon||false
3682|Typhon|Chaos||false
3682|Typhon|Smoke||false
3682|Typhon|Vehicle||false
3682|Typhon|Typhon||false
3682|Typhon|Smoke||false
3682|Typhon|Chaos||false
3682|Typhon|Vehicle||false
3682|Typhon|Typhon||false
3682|Typhon|Chaos||false
3682|Typhon|Vehicle||false
3682|Typhon|Vehicle||false
3682|Typhon|Chaos||false
3682|Typhon|Smoke||false
3682|Typhon|Typhon||false
3682|Typhon|Vehicle||false
3682|Typhon|Chaos||false
3683|Sicaran Punisher|||true
3683|Sicaran Punisher|Thousand Sons||true
3683|Sicaran Punisher|Sicaran Punisher||false
3683|Sicaran Punisher|Smoke||false
3683|Sicaran Punisher|Tzeentch||false
3683|Sicaran Punisher|Chaos||false
3683|Sicaran Punisher|Tzeentch||false
3683|Sicaran Punisher|Vehicle||false
3683|Sicaran Punisher|Chaos||false
3683|Sicaran Punisher|Tzeentch||false
3683|Sicaran Punisher|Chaos||false
3683|Sicaran Punisher|Smoke||false
3683|Sicaran Punisher|Vehicle||false
3683|Sicaran Punisher|Smoke||false
3683|Sicaran Punisher|Sicaran Punisher||false
3683|Sicaran Punisher|Sicaran Punisher||false
3683|Sicaran Punisher|Tzeentch||false
3683|Sicaran Punisher|Smoke||false
3683|Sicaran Punisher|Sicaran Punisher||false
3683|Sicaran Punisher|Vehicle||false
3683|Sicaran Punisher|Chaos||false
3683|Sicaran Punisher|Chaos||false
3683|Sicaran Punisher|Tzeentch||false
3683|Sicaran Punisher|Smoke||false
3683|Sicaran Punisher|Sicaran Punisher||false
3683|Sicaran Punisher|Vehicle||false
3683|Sicaran Punisher|Vehicle||false
3684|Sicaran Punisher|||true
3684|Sicaran Punisher|Death Guard||true
3684|Sicaran Punisher|Sicaran Punisher||false
3684|Sicaran Punisher|Chaos||false
3684|Sicaran Punisher|Nurgle||false
3684|Sicaran Punisher|Smoke||false
3684|Sicaran Punisher|Sicaran Punisher||false
3684|Sicaran Punisher|Vehicle||false
3684|Sicaran Punisher|Smoke||false
3684|Sicaran Punisher|Sicaran Punisher||false
3684|Sicaran Punisher|Vehicle||false
3684|Sicaran Punisher|Chaos||false
3684|Sicaran Punisher|Vehicle||false
3684|Sicaran Punisher|Chaos||false
3684|Sicaran Punisher|Nurgle||false
3684|Sicaran Punisher|Smoke||false
3684|Sicaran Punisher|Sicaran Punisher||false
3684|Sicaran Punisher|Vehicle||false
3684|Sicaran Punisher|Chaos||false
3684|Sicaran Punisher|Nurgle||false
3684|Sicaran Punisher|Smoke||false
3684|Sicaran Punisher|Sicaran Punisher||false
3684|Sicaran Punisher|Vehicle||false
3684|Sicaran Punisher|Chaos||false
3684|Sicaran Punisher|Nurgle||false
3684|Sicaran Punisher|Smoke||false
3684|Sicaran Punisher|Nurgle||false
3685|Sicaran Punisher|||true
3685|Sicaran Punisher|World Eaters||true
3685|Sicaran Punisher|Khorne||false
3685|Sicaran Punisher|Sicaran Punisher||false
3685|Sicaran Punisher|Vehicle||false
3685|Sicaran Punisher|Chaos||false
3685|Sicaran Punisher|Khorne||false
3685|Sicaran Punisher|Smoke||false
3685|Sicaran Punisher|Khorne||false
3685|Sicaran Punisher|Sicaran Punisher||false
3685|Sicaran Punisher|Sicaran Punisher||false
3685|Sicaran Punisher|Vehicle||false
3685|Sicaran Punisher|Chaos||false
3685|Sicaran Punisher|Vehicle||false
3685|Sicaran Punisher|Smoke||false
3685|Sicaran Punisher|Smoke||false
3685|Sicaran Punisher|Chaos||false
3685|Sicaran Punisher|Vehicle||false
3685|Sicaran Punisher|Sicaran Punisher||false
3685|Sicaran Punisher|Smoke||false
3685|Sicaran Punisher|Khorne||false
3685|Sicaran Punisher|Chaos||false
3685|Sicaran Punisher|Vehicle||false
3685|Sicaran Punisher|Chaos||false
3685|Sicaran Punisher|Khorne||false
3685|Sicaran Punisher|Smoke||false
3685|Sicaran Punisher|Sicaran Punisher||false
3686|Sicaran Punisher|Heretic Astartes||true
3686|Sicaran Punisher|Sicaran Punisher||false
3686|Sicaran Punisher|Smoke||false
3686|Sicaran Punisher|Chaos||false
3686|Sicaran Punisher|Vehicle||false
3686|Sicaran Punisher|Vehicle||false
3686|Sicaran Punisher|Smoke||false
3686|Sicaran Punisher|Sicaran Punisher||false
3686|Sicaran Punisher|Smoke||false
3686|Sicaran Punisher|Sicaran Punisher||false
3686|Sicaran Punisher|Chaos||false
3686|Sicaran Punisher|Vehicle||false
3686|Sicaran Punisher|Smoke||false
3686|Sicaran Punisher|Vehicle||false
3686|Sicaran Punisher|Chaos||false
3686|Sicaran Punisher|Chaos||false
3686|Sicaran Punisher|Sicaran Punisher||false
3686|Sicaran Punisher|Smoke||false
3686|Sicaran Punisher|Chaos||false
3686|Sicaran Punisher|Vehicle||false
3686|Sicaran Punisher|Sicaran Punisher||false
3687|Falchion|||true
3687|Falchion|Thousand Sons||true
3687|Falchion|Falchion||false
3687|Falchion|Vehicle||false
3687|Falchion|Titanic||false
3687|Falchion|Chaos||false
3687|Falchion|Tzeentch||false
3687|Falchion|Smoke||false
3687|Falchion|Falchion||false
3687|Falchion|Falchion||false
3687|Falchion|Vehicle||false
3687|Falchion|Titanic||false
3687|Falchion|Chaos||false
3687|Falchion|Tzeentch||false
3687|Falchion|Smoke||false
3687|Falchion|Falchion||false
3687|Falchion|Vehicle||false
3687|Falchion|Titanic||false
3687|Falchion|Chaos||false
3687|Falchion|Tzeentch||false
3687|Falchion|Smoke||false
3687|Falchion|Falchion||false
3687|Falchion|Vehicle||false
3687|Falchion|Titanic||false
3687|Falchion|Chaos||false
3687|Falchion|Tzeentch||false
3687|Falchion|Smoke||false
3687|Falchion|Vehicle||false
3687|Falchion|Titanic||false
3687|Falchion|Chaos||false
3687|Falchion|Tzeentch||false
3687|Falchion|Smoke||false
3687|Falchion|Falchion||false
3687|Falchion|Vehicle||false
3687|Falchion|Titanic||false
3687|Falchion|Chaos||false
3687|Falchion|Tzeentch||false
3687|Falchion|Smoke||false
3688|Falchion|||true
3688|Falchion|Death Guard||true
3688|Falchion|Nurgle||false
3688|Falchion|Falchion||false
3688|Falchion|Titanic||false
3688|Falchion|Vehicle||false
3688|Falchion|Chaos||false
3688|Falchion|Titanic||false
3688|Falchion|Chaos||false
3688|Falchion|Vehicle||false
3688|Falchion|Smoke||false
3688|Falchion|Falchion||false
3688|Falchion|Vehicle||false
3688|Falchion|Titanic||false
3688|Falchion|Chaos||false
3688|Falchion|Nurgle||false
3688|Falchion|Smoke||false
3688|Falchion|Falchion||false
3688|Falchion|Nurgle||false
3688|Falchion|Smoke||false
3688|Falchion|Titanic||false
3688|Falchion|Chaos||false
3688|Falchion|Nurgle||false
3688|Falchion|Smoke||false
3688|Falchion|Falchion||false
3688|Falchion|Vehicle||false
3688|Falchion|Vehicle||false
3688|Falchion|Falchion||false
3688|Falchion|Smoke||false
3688|Falchion|Nurgle||false
3688|Falchion|Chaos||false
3688|Falchion|Titanic||false
3688|Falchion|Falchion||false
3688|Falchion|Smoke||false
3688|Falchion|Nurgle||false
3688|Falchion|Chaos||false
3688|Falchion|Titanic||false
3688|Falchion|Vehicle||false
3689|Falchion|World Eaters||true
3689|Falchion|||true
3689|Falchion|Khorne||false
3689|Falchion|Smoke||false
3689|Falchion|Falchion||false
3689|Falchion|Vehicle||false
3689|Falchion|Titanic||false
3689|Falchion|Vehicle||false
3689|Falchion|Falchion||false
3689|Falchion|Smoke||false
3689|Falchion|Khorne||false
3689|Falchion|Chaos||false
3689|Falchion|Titanic||false
3689|Falchion|Vehicle||false
3689|Falchion|Falchion||false
3689|Falchion|Smoke||false
3689|Falchion|Khorne||false
3689|Falchion|Chaos||false
3689|Falchion|Falchion||false
3689|Falchion|Smoke||false
3689|Falchion|Smoke||false
3689|Falchion|Khorne||false
3689|Falchion|Titanic||false
3689|Falchion|Vehicle||false
3689|Falchion|Chaos||false
3689|Falchion|Falchion||false
3689|Falchion|Chaos||false
3689|Falchion|Titanic||false
3689|Falchion|Vehicle||false
3689|Falchion|Khorne||false
3689|Falchion|Titanic||false
3689|Falchion|Chaos||false
3689|Falchion|Khorne||false
3689|Falchion|Smoke||false
3689|Falchion|Falchion||false
3689|Falchion|Vehicle||false
3689|Falchion|Titanic||false
3689|Falchion|Chaos||false
3690|Falchion|Heretic Astartes||true
3690|Falchion|Vehicle||false
3690|Falchion|Chaos||false
3690|Falchion|Smoke||false
3690|Falchion|Titanic||false
3690|Falchion|Vehicle||false
3690|Falchion|Falchion||false
3690|Falchion|Smoke||false
3690|Falchion|Chaos||false
3690|Falchion|Titanic||false
3690|Falchion|Vehicle||false
3690|Falchion|Falchion||false
3690|Falchion|Smoke||false
3690|Falchion|Chaos||false
3690|Falchion|Titanic||false
3690|Falchion|Vehicle||false
3690|Falchion|Falchion||false
3690|Falchion|Falchion||false
3690|Falchion|Chaos||false
3690|Falchion|Titanic||false
3690|Falchion|Smoke||false
3690|Falchion|Chaos||false
3690|Falchion|Titanic||false
3690|Falchion|Vehicle||false
3690|Falchion|Falchion||false
3690|Falchion|Smoke||false
3690|Falchion|Chaos||false
3690|Falchion|Titanic||false
3690|Falchion|Vehicle||false
3690|Falchion|Falchion||false
3690|Falchion|Smoke||false
3693|Overlord with translocation shroud|Necrons||true
3693|Overlord with translocation shroud|Character||false
3693|Overlord with translocation shroud|Overlord with translocation shroud||false
3693|Overlord with translocation shroud|Overlord||false
3693|Overlord with translocation shroud|Noble||false
3693|Overlord with translocation shroud|Infantry||false
3694|Sydonian Dragoons With Radium Jezzails|Adeptus Mechanicus||true
3694|Sydonian Dragoons With Radium Jezzails|Dragoons With Radium Jezzails||false
3694|Sydonian Dragoons With Radium Jezzails|Sydonian||false
3694|Sydonian Dragoons With Radium Jezzails|Skitarii||false
3694|Sydonian Dragoons With Radium Jezzails|Walker||false
3694|Sydonian Dragoons With Radium Jezzails|Imperium||false
3694|Sydonian Dragoons With Radium Jezzails|Smoke||false
3694|Sydonian Dragoons With Radium Jezzails|Vehicle||false
3695|Sydonian Skatros|Adeptus Mechanicus||true
3695|Sydonian Skatros|Sydonian||false
3695|Sydonian Skatros|Skatros||false
3695|Sydonian Skatros|Skitarii||false
3695|Sydonian Skatros|Imperium||false
3695|Sydonian Skatros|Character||false
3695|Sydonian Skatros|Infantry||false
3698|Inner Circle Companions|Dark Angels||true
3698|Inner Circle Companions|Adeptus Astartes||true
3698|Inner Circle Companions|Inner Circle Companions||false
3698|Inner Circle Companions|Tacticus||false
3698|Inner Circle Companions|Deathwing||false
3698|Inner Circle Companions|Imperium||false
3698|Inner Circle Companions|Infantry||false
3699|Crisis Sunforge Battlesuits|T’au Empire||true
3699|Crisis Sunforge Battlesuits|Battlesuit||false
3699|Crisis Sunforge Battlesuits|Fly||false
3699|Crisis Sunforge Battlesuits|Walker||false
3699|Crisis Sunforge Battlesuits|Crisis||false
3699|Crisis Sunforge Battlesuits|Sunforge||false
3699|Crisis Sunforge Battlesuits|Vehicle||false
3700|Crisis Fireknife Battlesuits|T’au Empire||true
3700|Crisis Fireknife Battlesuits|Walker||false
3700|Crisis Fireknife Battlesuits|Fireknife||false
3700|Crisis Fireknife Battlesuits|Crisis||false
3700|Crisis Fireknife Battlesuits|Battlesuit||false
3700|Crisis Fireknife Battlesuits|Fly||false
3700|Crisis Fireknife Battlesuits|Vehicle||false
3701|Crisis Starscythe Battlesuits|T’au Empire||true
3701|Crisis Starscythe Battlesuits|Vehicle||false
3701|Crisis Starscythe Battlesuits|Starscythe||false
3701|Crisis Starscythe Battlesuits|Crisis||false
3701|Crisis Starscythe Battlesuits|Battlesuit||false
3701|Crisis Starscythe Battlesuits|Fly||false
3701|Crisis Starscythe Battlesuits|Walker||false
3702|Kroot Trail Shaper|T’au Empire||true
3702|Kroot Trail Shaper|Kroot||false
3702|Kroot Trail Shaper|Shaper||false
3702|Kroot Trail Shaper|Trail Shaper||false
3702|Kroot Trail Shaper|Infantry||false
3702|Kroot Trail Shaper|Character||false
3703|Kroot War Shaper|T’au Empire||true
3703|Kroot War Shaper|Infantry||false
3703|Kroot War Shaper|Character||false
3703|Kroot War Shaper|Kroot||false
3703|Kroot War Shaper|Shaper||false
3703|Kroot War Shaper|War shaper||false
3704|Kroot Flesh Shaper|T’au Empire||true
3704|Kroot Flesh Shaper|Character||false
3704|Kroot Flesh Shaper|Flesh Shaper||false
3704|Kroot Flesh Shaper|Shaper||false
3704|Kroot Flesh Shaper|Infantry||false
3704|Kroot Flesh Shaper|Kroot||false
3705|Kroot Lone-Spear|T’au Empire||true
3705|Kroot Lone-Spear|Kroot||false
3705|Kroot Lone-Spear|Lone-Spear||false
3705|Kroot Lone-Spear|Character||false
3705|Kroot Lone-Spear|Mounted||false
3706|Krootox Rampagers|T’au Empire||true
3706|Krootox Rampagers|Krootox Rampagers||false
3706|Krootox Rampagers|Kroot||false
3706|Krootox Rampagers|Grenades||false
3706|Krootox Rampagers|Mounted||false
3707|Big Mek|Orks||true
3707|Big Mek|Character||false
3707|Big Mek|Infantry||false
3707|Big Mek|Explosives||false
3708|Example Wargear|Adeptus Astartes||true
3710|Hernkyn Yaegirs|Leagues of Votann||true
3710|Hernkyn Yaegirs|Infantry||false
3710|Hernkyn Yaegirs|Grenades||false
3710|Hernkyn Yaegirs|Hernkyn||false
3710|Hernkyn Yaegirs|Yaegirs||false
3711|Chaos Lord with Jump Pack|Heretic Astartes||true
3711|Chaos Lord with Jump Pack|Chaos||false
3711|Chaos Lord with Jump Pack|Chaos Lord||false
3711|Chaos Lord with Jump Pack|Jump Pack||false
3711|Chaos Lord with Jump Pack|Character||false
3711|Chaos Lord with Jump Pack|Infantry||false
3711|Chaos Lord with Jump Pack|Grenades||false
3711|Chaos Lord with Jump Pack|Fly||false
3712|Cultist Firebrand|Heretic Astartes||true
3712|Cultist Firebrand|Chaos||false
3712|Cultist Firebrand|Damned||false
3712|Cultist Firebrand|Cultist Firebrand||false
3712|Cultist Firebrand|Infantry||false
3712|Cultist Firebrand|Character||false
3712|Cultist Firebrand|Grenades||false
3713|Cultist Mob with Firearms|Heretic Astartes||true
3713|Cultist Mob with Firearms|Damned||false
3713|Cultist Mob with Firearms|Cultist Mob with Firearms||false
3713|Cultist Mob with Firearms|Chaos||false
3713|Cultist Mob with Firearms|Grenades||false
3713|Cultist Mob with Firearms|Battleline||false
3713|Cultist Mob with Firearms|Infantry||false
3714|Canoness with Jump Pack|Adepta Sororitas||true
3714|Canoness with Jump Pack|Imperium||false
3714|Canoness with Jump Pack|Grenades||false
3714|Canoness with Jump Pack|Canoness||false
3714|Canoness with Jump Pack|Infantry||false
3714|Canoness with Jump Pack|Character||false
3714|Canoness with Jump Pack|Jump Pack||false
3714|Canoness with Jump Pack|Fly||false
3715|Benefictus|Genestealer Cults||true
3715|Benefictus|Psyker||false
3715|Benefictus|Character||false
3715|Benefictus|Benefictus||false
3715|Benefictus|Great Devourer||false
3715|Benefictus|Infantry||false
3716|Acolyte Hybrids With Hand Flamers|Genestealer Cults||true
3716|Acolyte Hybrids With Hand Flamers|Great Devourer||false
3716|Acolyte Hybrids With Hand Flamers|Acolyte Hybrids With Hand Flamers||false
3716|Acolyte Hybrids With Hand Flamers|Infantry||false
3716|Acolyte Hybrids With Hand Flamers|Battleline||false
3716|Acolyte Hybrids With Hand Flamers|Acolyte Hybrids||false
3716|Acolyte Hybrids With Hand Flamers|Grenades||false
3811|Celestian Sacresant Aveline|Adepta Sororitas||true
3811|Celestian Sacresant Aveline|Celestian Sacresant Aveline||false
3811|Celestian Sacresant Aveline|Epic Hero||false
3811|Celestian Sacresant Aveline|Grenades||false
3811|Celestian Sacresant Aveline|Imperium||false
3811|Celestian Sacresant Aveline|Infantry||false
3811|Celestian Sacresant Aveline|Character||false
3812|Ministorum Priest|Agents of the Imperium||true
3812|Ministorum Priest|Infantry||false
3812|Ministorum Priest|Character||false
3812|Ministorum Priest|Imperium||false
3812|Ministorum Priest|Ordo Hereticus||false
3812|Ministorum Priest|Ministorum Priest||false
3813|Grey Knights Terminator Squad|Agents of the Imperium||true
3813|Grey Knights Terminator Squad|Ordo Malleus||false
3813|Grey Knights Terminator Squad|Grenades||false
3813|Grey Knights Terminator Squad|Infantry||false
3813|Grey Knights Terminator Squad|Requisitioned||false
3813|Grey Knights Terminator Squad|Psyker||false
3813|Grey Knights Terminator Squad|Imperium||false
3813|Grey Knights Terminator Squad|Terminator||false
3813|Grey Knights Terminator Squad|Grey Knights Terminator Squad||false
3814|Watch Captain Artemis|Agents of the Imperium||true
3814|Watch Captain Artemis|Ordo Xenos||false
3814|Watch Captain Artemis|Deathwatch||false
3814|Watch Captain Artemis|Watch Captain Artemis||false
3814|Watch Captain Artemis|Infantry||false
3814|Watch Captain Artemis|Character||false
3814|Watch Captain Artemis|Epic Hero||false
3814|Watch Captain Artemis|Grenades||false
3814|Watch Captain Artemis|Imperium||false
3815|Watch Master|Agents of the Imperium||true
3815|Watch Master|Deathwatch||false
3815|Watch Master|Infantry||false
3815|Watch Master|Watch Master||false
3815|Watch Master|Character||false
3815|Watch Master|Grenades||false
3815|Watch Master|Imperium||false
3815|Watch Master|Ordo Xenos||false
3816|Deathwatch Kill Team|Agents of the Imperium||true
3816|Deathwatch Kill Team|Infantry||false
3816|Deathwatch Kill Team|Battleline||false
3816|Deathwatch Kill Team|Grenades||false
3816|Deathwatch Kill Team|Retinue||false
3816|Deathwatch Kill Team|Deathwatch||false
3816|Deathwatch Kill Team|Kill Team||false
3816|Deathwatch Kill Team|Imperium||false
3816|Deathwatch Kill Team|Ordo Xenos||false
3817|Corvus Blackstar|Agents of the Imperium||true
3817|Corvus Blackstar|Transport||false
3817|Corvus Blackstar|Fly||false
3817|Corvus Blackstar|Vehicle||false
3817|Corvus Blackstar|Deathwatch||false
3817|Corvus Blackstar|Corvus Blackstar||false
3817|Corvus Blackstar|Retinue||false
3817|Corvus Blackstar|Ordo Xenos||false
3817|Corvus Blackstar|Imperium||false
3818|Sisters of Battle Squad|Agents of the Imperium||true
3818|Sisters of Battle Squad|Grenades||false
3818|Sisters of Battle Squad|Ordo Hereticus||false
3818|Sisters of Battle Squad|Sisters of Battle Squad||false
3818|Sisters of Battle Squad|Requisitioned||false
3818|Sisters of Battle Squad|Infantry||false
3818|Sisters of Battle Squad|Imperium||false
3819|Sisters of Battle Immolator|Agents of the Imperium||true
3819|Sisters of Battle Immolator|Vehicle||false
3819|Sisters of Battle Immolator|Dedicated Transport||false
3819|Sisters of Battle Immolator|Frame||false
3819|Sisters of Battle Immolator|Transport||false
3819|Sisters of Battle Immolator|Smoke||false
3819|Sisters of Battle Immolator|Imperium||false
3819|Sisters of Battle Immolator|Ordo Hereticus||false
3819|Sisters of Battle Immolator|Immolator||false
3820|Inquisitorial Chimera|Agents of the Imperium||true
3820|Inquisitorial Chimera|Vehicle||false
3820|Inquisitorial Chimera|Smoke||false
3820|Inquisitorial Chimera|Transport||false
3820|Inquisitorial Chimera|Frame||false
3820|Inquisitorial Chimera|Dedicated Transport||false
3820|Inquisitorial Chimera|Imperium||false
3820|Inquisitorial Chimera|Inquisitorial Chimera||false
3821|Kill Team Cassius|Agents of the Imperium||true
3821|Kill Team Cassius|Kill Team Cassius|ALL|false
3821|Kill Team Cassius|Character|CHAPLAIN CASSIUS|false
3821|Kill Team Cassius|Epic Hero|CHAPLAIN CASSIUS|false
3821|Kill Team Cassius|Grenades|ALL|false
3821|Kill Team Cassius|Ordo Xenos|ALL|false
3821|Kill Team Cassius|Infantry|ALL|false
3821|Kill Team Cassius|Kill Team|ALL|false
3821|Kill Team Cassius|Imperium|ALL|false
3821|Kill Team Cassius|Deathwatch|ALL|false
3822|Deathwatch Terminator Squad|Agents of the Imperium||true
3822|Deathwatch Terminator Squad|Retinue||false
3822|Deathwatch Terminator Squad|Deathwatch||false
3822|Deathwatch Terminator Squad|Ordo Xenos||false
3822|Deathwatch Terminator Squad|Terminator||false
3822|Deathwatch Terminator Squad|Imperium||false
3822|Deathwatch Terminator Squad|Infantry||false
3822|Deathwatch Terminator Squad|Terminator Squad||false
3823|Veteran Bike Squad|Agents of the Imperium||true
3823|Veteran Bike Squad|Veteran Bike Squad||false
3823|Veteran Bike Squad|Retinue||false
3823|Veteran Bike Squad|Deathwatch||false
3823|Veteran Bike Squad|Ordo Xenos||false
3823|Veteran Bike Squad|Imperium||false
3823|Veteran Bike Squad|Grenades||false
3823|Veteran Bike Squad|Mounted||false
3824|Proteus Kill Team|Agents of the Imperium||true
3824|Proteus Kill Team|Infantry||false
3824|Proteus Kill Team|Kill Team||false
3824|Proteus Kill Team|Grenades||false
3824|Proteus Kill Team|Imperium||false
3824|Proteus Kill Team|Ordo Xenos||false
3824|Proteus Kill Team|Retinue||false
3824|Proteus Kill Team|Deathwatch||false
3824|Proteus Kill Team|Proteus Kill Team||false
3825|Fortis Kill Team|Agents of the Imperium||true
3825|Fortis Kill Team|Infantry||false
3825|Fortis Kill Team|Kill Team||false
3825|Fortis Kill Team|Fortis Kill Team||false
3825|Fortis Kill Team|Grenades||false
3825|Fortis Kill Team|Imperium||false
3825|Fortis Kill Team|Deathwatch||false
3825|Fortis Kill Team|Retinue||false
3825|Fortis Kill Team|Ordo Xenos||false
3826|Indomitor Kill Team|Agents of the Imperium||true
3826|Indomitor Kill Team|Deathwatch||false
3826|Indomitor Kill Team|Retinue||false
3826|Indomitor Kill Team|Ordo Xenos||false
3826|Indomitor Kill Team|Imperium||false
3826|Indomitor Kill Team|Kill Team||false
3826|Indomitor Kill Team|Infantry||false
3826|Indomitor Kill Team|Grenades||false
3826|Indomitor Kill Team|Indomitor Kill Team||false
3827|Spectrus Kill Team|Agents of the Imperium||true
3827|Spectrus Kill Team|Deathwatch||false
3827|Spectrus Kill Team|Grenades||false
3827|Spectrus Kill Team|Smoke||false
3827|Spectrus Kill Team|Ordo Xenos||false
3827|Spectrus Kill Team|Kill Team||false
3827|Spectrus Kill Team|Infantry||false
3827|Spectrus Kill Team|Spectrus Kill Team||false
3827|Spectrus Kill Team|Retinue||false
3827|Spectrus Kill Team|Imperium||false
3828|Daemonhost|Agents of the Imperium||true
3828|Daemonhost|Daemon||false
3828|Daemonhost|Infantry||false
3828|Daemonhost|Retinue||false
3828|Daemonhost|Imperium||false
3828|Daemonhost|Psyker||false
3828|Daemonhost|Daemonhost||false
3829|Jokaero Weaponsmith|Agents of the Imperium||true
3829|Jokaero Weaponsmith|Character||false
3829|Jokaero Weaponsmith|Infantry||false
3829|Jokaero Weaponsmith|Imperium||false
3829|Jokaero Weaponsmith|Jokaero Weaponsmith||false
3830|Imperial Rhino|Agents of the Imperium||true
3830|Imperial Rhino|Vehicle||false
3830|Imperial Rhino|Smoke||false
3830|Imperial Rhino|Transport||false
3830|Imperial Rhino|Frame||false
3830|Imperial Rhino|Dedicated Transport||false
3830|Imperial Rhino|Imperial Rhino||false
3830|Imperial Rhino|Imperium||false
3831|Blood Angels Captain|Adeptus Astartes||true
3831|Blood Angels Captain|Blood Angels||true
3831|Blood Angels Captain|Infantry||false
3831|Blood Angels Captain|Character||false
3831|Blood Angels Captain|Grenades||false
3831|Blood Angels Captain|Imperium||false
3831|Blood Angels Captain|Tacticus||false
3831|Blood Angels Captain|Captain||false
3832|Death Company Captain|Adeptus Astartes||true
3832|Death Company Captain|Blood Angels||true
3832|Death Company Captain|Imperium||false
3832|Death Company Captain|Captain||false
3832|Death Company Captain|Tacticus||false
3832|Death Company Captain|Death Company||false
3832|Death Company Captain|Character||false
3832|Death Company Captain|Infantry||false
3832|Death Company Captain|Grenades||false
3833|Death Company Captain with Jump Pack|Blood Angels||true
3833|Death Company Captain with Jump Pack|Adeptus Astartes||true
3833|Death Company Captain with Jump Pack|Captain||false
3833|Death Company Captain with Jump Pack|Infantry||false
3833|Death Company Captain with Jump Pack|Character||false
3833|Death Company Captain with Jump Pack|Jump Pack||false
3833|Death Company Captain with Jump Pack|Grenades||false
3833|Death Company Captain with Jump Pack|Imperium||false
3833|Death Company Captain with Jump Pack|Fly||false
3833|Death Company Captain with Jump Pack|Tacticus||false
3833|Death Company Captain with Jump Pack|Death Company||false
3834|Tempestus Aquilons|Astra Militarum||true
3834|Tempestus Aquilons|Grenades||false
3834|Tempestus Aquilons|Infantry||false
3834|Tempestus Aquilons|Tempestus Aquilons||false
3834|Tempestus Aquilons|Militarum Tempestus||false
3834|Tempestus Aquilons|Regiment||false
3834|Tempestus Aquilons|Imperium||false
3834|Tempestus Aquilons|Smoke||false
3835|Death Company Dreadnought with Magna-grapple|Blood Angels||true
3835|Death Company Dreadnought with Magna-grapple|Adeptus Astartes||true
3835|Death Company Dreadnought with Magna-grapple|Dreadnought||false
3835|Death Company Dreadnought with Magna-grapple|Imperium||false
3835|Death Company Dreadnought with Magna-grapple|Vehicle||false
3835|Death Company Dreadnought with Magna-grapple|Walker||false
3835|Death Company Dreadnought with Magna-grapple|Death Company Dreadnought||false
3836|Death Company Marines with Boltguns|Blood Angels||true
3836|Death Company Marines with Boltguns|Adeptus Astartes||true
3836|Death Company Marines with Boltguns|Death Company Marines with Boltguns||false
3836|Death Company Marines with Boltguns|Death Company||false
3836|Death Company Marines with Boltguns|Imperium||false
3836|Death Company Marines with Boltguns|Grenades||false
3836|Death Company Marines with Boltguns|Infantry||false
3837|Death Company Marines with Boltguns and Jump Packs|Adeptus Astartes||true
3837|Death Company Marines with Boltguns and Jump Packs|Blood Angels||true
3837|Death Company Marines with Boltguns and Jump Packs|Grenades||false
3837|Death Company Marines with Boltguns and Jump Packs|Infantry||false
3837|Death Company Marines with Boltguns and Jump Packs|Death Company Marines with boltguns and Jump Packs||false
3837|Death Company Marines with Boltguns and Jump Packs|Death Company||false
3837|Death Company Marines with Boltguns and Jump Packs|Imperium||false
3837|Death Company Marines with Boltguns and Jump Packs|Fly||false
3837|Death Company Marines with Boltguns and Jump Packs|Jump Pack||false
3839|Tech-priest Dominus|Imperial Knights||true
3839|Tech-priest Dominus|Adeptus Mechanicus||true
3839|Tech-priest Dominus|Character||false
3839|Tech-priest Dominus|Infantry||false
3839|Tech-priest Dominus|Imperium||false
3839|Tech-priest Dominus|Cult Mechanicus||false
3839|Tech-priest Dominus|Tech-Priest||false
3839|Tech-priest Dominus|Dominus||false
3840|Tech-priest Manipulus|Adeptus Mechanicus||true
3840|Tech-priest Manipulus|Imperial Knights||true
3840|Tech-priest Manipulus|Tech-Priest||false
3840|Tech-priest Manipulus|Cult Mechanicus||false
3840|Tech-priest Manipulus|Manipulus||false
3840|Tech-priest Manipulus|Character||false
3840|Tech-priest Manipulus|Infantry||false
3840|Tech-priest Manipulus|Imperium||false
3841|Skitarii Marshal|Adeptus Mechanicus||true
3841|Skitarii Marshal|Imperial Knights||true
3841|Skitarii Marshal|Skitarii||false
3841|Skitarii Marshal|Character||false
3841|Skitarii Marshal|Infantry||false
3841|Skitarii Marshal|Marshal||false
3841|Skitarii Marshal|Imperium||false
3842|Skitarii Rangers|Adeptus Mechanicus||true
3842|Skitarii Rangers|Imperial Knights||true
3842|Skitarii Rangers|Battleline||false
3842|Skitarii Rangers|Infantry||false
3842|Skitarii Rangers|Skitarii||false
3842|Skitarii Rangers|Rangers||false
3842|Skitarii Rangers|Imperium||false
3843|Skitarii Vanguard|Imperial Knights||true
3843|Skitarii Vanguard|Adeptus Mechanicus||true
3843|Skitarii Vanguard|Vanguard||false
3843|Skitarii Vanguard|Battleline||false
3843|Skitarii Vanguard|Skitarii||false
3843|Skitarii Vanguard|Infantry||false
3843|Skitarii Vanguard|Imperium||false
3844|Cultist Firebrand|Chaos Knights||true
3844|Cultist Firebrand|Heretic Astartes||true
3844|Cultist Firebrand|Grenades||false
3844|Cultist Firebrand|Character||false
3844|Cultist Firebrand|Infantry||false
3844|Cultist Firebrand|Damned||false
3844|Cultist Firebrand|Chaos||false
3844|Cultist Firebrand|Cultist Firebrand||false
3845|Dark Commune|Heretic Astartes||true
3845|Dark Commune|Chaos Knights||true
3845|Dark Commune|Chaos|ALL MODELS|false
3845|Dark Commune|Grenades|ALL MODELS|false
3845|Dark Commune|Cult Demagogue|CULT DEMAGOGUE ONLY|false
3845|Dark Commune|Infantry|ALL MODELS|false
3845|Dark Commune|Character|CULT DEMAGOGUE ONLY|false
3845|Dark Commune|Psyker|MINDWITCH ONLY|false
3845|Dark Commune|Dark Commune|ALL MODELS|false
3845|Dark Commune|Damned|ALL MODELS|false
3846|Traitor Enforcer|Heretic Astartes||true
3846|Traitor Enforcer|Chaos Knights||true
3846|Traitor Enforcer|Traitor Enforcer|TRAITOR ENFORCER ONLY|false
3846|Traitor Enforcer|Character|TRAITOR ENFORCER ONLY|false
3846|Traitor Enforcer|Damned|ALL MODELS|false
3846|Traitor Enforcer|Infantry|ALL MODELS|false
3846|Traitor Enforcer|Grenades|ALL MODELS|false
3846|Traitor Enforcer|Chaos|ALL MODELS|false
3847|Renegade Enforcer|Chaos Knights||true
3847|Renegade Enforcer|Heretic Astartes||true
3847|Renegade Enforcer|Grenades||false
3847|Renegade Enforcer|Damned||false
3847|Renegade Enforcer|Chaos||false
3847|Renegade Enforcer|Renegade Enforcer||false
3847|Renegade Enforcer|Infantry||false
3847|Renegade Enforcer|Character||false
3848|Rogue Psyker|Heretic Astartes||true
3848|Rogue Psyker|Chaos Knights||true
3848|Rogue Psyker|Infantry||false
3848|Rogue Psyker|Character||false
3848|Rogue Psyker|Chaos||false
3848|Rogue Psyker|Damned||false
3848|Rogue Psyker|Rogue Psyker||false
3848|Rogue Psyker|Psyker||false
3849|Cultist Mob|Chaos Knights||true
3849|Cultist Mob|Heretic Astartes||true
3849|Cultist Mob|Damned||false
3849|Cultist Mob|Battleline||false
3849|Cultist Mob|Infantry||false
3849|Cultist Mob|Chaos||false
3849|Cultist Mob|Cultist Mob||false
3849|Cultist Mob|Grenades||false
3850|Cultist Mob with Firearms|Heretic Astartes||true
3850|Cultist Mob with Firearms|Chaos Knights||true
3850|Cultist Mob with Firearms|Grenades||false
3850|Cultist Mob with Firearms|Battleline||false
3850|Cultist Mob with Firearms|Infantry||false
3850|Cultist Mob with Firearms|Cultist Mob with Firearms||false
3850|Cultist Mob with Firearms|Damned||false
3850|Cultist Mob with Firearms|Chaos||false
3851|Accursed Cultists|Heretic Astartes||true
3851|Accursed Cultists|Chaos Knights||true
3851|Accursed Cultists|Damned||false
3851|Accursed Cultists|Accursed Cultists||false
3851|Accursed Cultists|Infantry||false
3851|Accursed Cultists|Chaos||false
3852|Fellgor Beastmen|Heretic Astartes||true
3852|Fellgor Beastmen|Chaos Knights||true
3852|Fellgor Beastmen|Chaos||false
3852|Fellgor Beastmen|Damned||false
3852|Fellgor Beastmen|Grenades||false
3852|Fellgor Beastmen|Infantry||false
3852|Fellgor Beastmen|Fellgor Beastmen||false
3853|Traitor Guardsmen Squad|Heretic Astartes||true
3853|Traitor Guardsmen Squad|Chaos Knights||true
3853|Traitor Guardsmen Squad|Infantry||false
3853|Traitor Guardsmen Squad|Traitor Guardsmen Squad||false
3853|Traitor Guardsmen Squad|Damned||false
3853|Traitor Guardsmen Squad|Chaos||false
3853|Traitor Guardsmen Squad|Grenades||false
3854|Gellerpox Infected|Heretic Astartes||true
3854|Gellerpox Infected|Chaos Knights||true
3854|Gellerpox Infected|Gellerpox Infected||false
3854|Gellerpox Infected|Nurgle||false
3854|Gellerpox Infected|Damned||false
3854|Gellerpox Infected|Chaos||false
3854|Gellerpox Infected|Infantry||false
3855|Mutoid Vermin|Chaos Knights||true
3855|Mutoid Vermin|Heretic Astartes||true
3855|Mutoid Vermin|Damned||false
3855|Mutoid Vermin|Chaos||false
3855|Mutoid Vermin|Swarm||false
3855|Mutoid Vermin|Mutoid Vermin||false
3855|Mutoid Vermin|Nurgle||false
3856|Negavolt Cultists|Chaos Knights||true
3856|Negavolt Cultists|Heretic Astartes||true
3856|Negavolt Cultists|Chaos||false
3856|Negavolt Cultists|Infantry||false
3856|Negavolt Cultists|Negavolt Cultists||false
3856|Negavolt Cultists|Damned||false
3857|Renegade Heavy Weapons Squad|Heretic Astartes||true
3857|Renegade Heavy Weapons Squad|Chaos Knights||true
3857|Renegade Heavy Weapons Squad|Damned||false
3857|Renegade Heavy Weapons Squad|Chaos||false
3857|Renegade Heavy Weapons Squad|Infantry||false
3857|Renegade Heavy Weapons Squad|Grenades||false
3857|Renegade Heavy Weapons Squad|Renegade Heavy Weapons Squad||false
3858|Renegade Ogryn Beast Handler|Chaos Knights||true
3858|Renegade Ogryn Beast Handler|Heretic Astartes||true
3858|Renegade Ogryn Beast Handler|Chaos||false
3858|Renegade Ogryn Beast Handler|Beasts||false
3858|Renegade Ogryn Beast Handler|Renegade Ogryn Beast Handler||false
3858|Renegade Ogryn Beast Handler|Damned||false
3859|Renegade Ogryn Brutes|Heretic Astartes||true
3859|Renegade Ogryn Brutes|Chaos Knights||true
3859|Renegade Ogryn Brutes|Infantry||false
3859|Renegade Ogryn Brutes|Chaos||false
3859|Renegade Ogryn Brutes|Damned||false
3859|Renegade Ogryn Brutes|Renegade Ogryn Brutes||false
3860|Renegade Plague Ogryns|Heretic Astartes||true
3860|Renegade Plague Ogryns|Chaos Knights||true
3860|Renegade Plague Ogryns|Nurgle||false
3860|Renegade Plague Ogryns|Infantry||false
3860|Renegade Plague Ogryns|Chaos||false
3860|Renegade Plague Ogryns|Damned||false
3860|Renegade Plague Ogryns|Renegade Plague Ogryns||false
3861|Breaka Boyz|Orks||true
3861|Breaka Boyz|Infantry||false
3861|Breaka Boyz|Explosives||false
3871|Watch Master|Deathwatch||true
3871|Watch Master|Adeptus Astartes||true
3871|Watch Master|Infantry||false
3871|Watch Master|Character||false
3871|Watch Master|Grenades||false
3871|Watch Master|Imperium||false
3871|Watch Master|Captain||false
3871|Watch Master|Watch Master||false
3872|Watch Captain Artemis|Adeptus Astartes||true
3872|Watch Captain Artemis|Deathwatch||true
3872|Watch Captain Artemis|Captain||false
3872|Watch Captain Artemis|Imperium||false
3872|Watch Captain Artemis|Grenades||false
3872|Watch Captain Artemis|Epic Hero||false
3872|Watch Captain Artemis|Infantry||false
3872|Watch Captain Artemis|Character||false
3872|Watch Captain Artemis|Watch Captain Artemis||false
3873|Deathwatch Terminator Squad|Adeptus Astartes||true
3873|Deathwatch Terminator Squad|Deathwatch||true
3873|Deathwatch Terminator Squad|Infantry||false
3873|Deathwatch Terminator Squad|Imperium||false
3873|Deathwatch Terminator Squad|Terminator||false
3873|Deathwatch Terminator Squad|Kill Team||false
3873|Deathwatch Terminator Squad|Deathwatch Terminator Squad||false
3874|Talonstrike Kill Team|Adeptus Astartes||true
3874|Talonstrike Kill Team|Deathwatch||true
3874|Talonstrike Kill Team|Infantry||false
3874|Talonstrike Kill Team|Fly||false
3874|Talonstrike Kill Team|Jump Pack||false
3874|Talonstrike Kill Team|Grenades||false
3874|Talonstrike Kill Team|Imperium||false
3874|Talonstrike Kill Team|Kill Team||false
3874|Talonstrike Kill Team|Talonstrike Kill Team||false
3875|Kill Team Cassius|Deathwatch||true
3875|Kill Team Cassius|Agents of the Imperium||true
3875|Kill Team Cassius|Adeptus Astartes||true
3875|Kill Team Cassius|Epic Hero|CHAPLAIN CASSIUS|false
3875|Kill Team Cassius|Kill Team|ALL|false
3875|Kill Team Cassius|Grenades|ALL|false
3875|Kill Team Cassius|Imperium|ALL|false
3875|Kill Team Cassius|Ordo Xenos|ALL|false
3875|Kill Team Cassius|Kill Team Cassius|ALL|false
3875|Kill Team Cassius|Character|CHAPLAIN CASSIUS|false
3875|Kill Team Cassius|Ordo Xenos|ALL|false
3875|Kill Team Cassius|Imperium|ALL|false
3875|Kill Team Cassius|Grenades|ALL|false
3875|Kill Team Cassius|Infantry|ALL|false
3875|Kill Team Cassius|Epic Hero|CHAPLAIN CASSIUS|false
3875|Kill Team Cassius|Character|CHAPLAIN CASSIUS|false
3875|Kill Team Cassius|Kill Team Cassius|ALL|false
3875|Kill Team Cassius|Ordo Xenos|ALL|false
3875|Kill Team Cassius|Imperium|ALL|false
3875|Kill Team Cassius|Grenades|ALL|false
3875|Kill Team Cassius|Kill Team|ALL|false
3875|Kill Team Cassius|Infantry|ALL|false
3875|Kill Team Cassius|Infantry|ALL|false
3875|Kill Team Cassius|Kill Team|ALL|false
3875|Kill Team Cassius|Grenades|ALL|false
3875|Kill Team Cassius|Imperium|ALL|false
3875|Kill Team Cassius|Ordo Xenos|ALL|false
3875|Kill Team Cassius|Kill Team Cassius|ALL|false
3875|Kill Team Cassius|Character|CHAPLAIN CASSIUS|false
3875|Kill Team Cassius|Epic Hero|CHAPLAIN CASSIUS|false
3875|Kill Team Cassius|Infantry|ALL|false
3875|Kill Team Cassius|Kill Team|ALL|false
3875|Kill Team Cassius|Epic Hero|CHAPLAIN CASSIUS|false
3875|Kill Team Cassius|Kill Team|ALL|false
3875|Kill Team Cassius|Imperium|ALL|false
3875|Kill Team Cassius|Ordo Xenos|ALL|false
3875|Kill Team Cassius|Kill Team Cassius|ALL|false
3875|Kill Team Cassius|Character|CHAPLAIN CASSIUS|false
3875|Kill Team Cassius|Epic Hero|CHAPLAIN CASSIUS|false
3875|Kill Team Cassius|Infantry|ALL|false
3875|Kill Team Cassius|Kill Team|ALL|false
3875|Kill Team Cassius|Grenades|ALL|false
3875|Kill Team Cassius|Imperium|ALL|false
3875|Kill Team Cassius|Ordo Xenos|ALL|false
3875|Kill Team Cassius|Kill Team Cassius|ALL|false
3875|Kill Team Cassius|Character|CHAPLAIN CASSIUS|false
3875|Kill Team Cassius|Epic Hero|CHAPLAIN CASSIUS|false
3875|Kill Team Cassius|Grenades|ALL|false
3875|Kill Team Cassius|Infantry|ALL|false
3875|Kill Team Cassius|Epic Hero|CHAPLAIN CASSIUS|false
3875|Kill Team Cassius|Character|CHAPLAIN CASSIUS|false
3875|Kill Team Cassius|Kill Team Cassius|ALL|false
3875|Kill Team Cassius|Ordo Xenos|ALL|false
3875|Kill Team Cassius|Imperium|ALL|false
3875|Kill Team Cassius|Grenades|ALL|false
3875|Kill Team Cassius|Kill Team|ALL|false
3875|Kill Team Cassius|Infantry|ALL|false
3875|Kill Team Cassius|Character|CHAPLAIN CASSIUS|false
3875|Kill Team Cassius|Kill Team Cassius|ALL|false
3875|Kill Team Cassius|Ordo Xenos|ALL|false
3875|Kill Team Cassius|Imperium|ALL|false
3875|Kill Team Cassius|Grenades|ALL|false
3875|Kill Team Cassius|Kill Team|ALL|false
3875|Kill Team Cassius|Infantry|ALL|false
3875|Kill Team Cassius|Epic Hero|CHAPLAIN CASSIUS|false
3875|Kill Team Cassius|Character|CHAPLAIN CASSIUS|false
3875|Kill Team Cassius|Kill Team Cassius|ALL|false
3875|Kill Team Cassius|Ordo Xenos|ALL|false
3875|Kill Team Cassius|Imperium|ALL|false
3875|Kill Team Cassius|Grenades|ALL|false
3875|Kill Team Cassius|Kill Team|ALL|false
3875|Kill Team Cassius|Infantry|ALL|false
3875|Kill Team Cassius|Epic Hero|CHAPLAIN CASSIUS|false
3875|Kill Team Cassius|Character|CHAPLAIN CASSIUS|false
3875|Kill Team Cassius|Kill Team Cassius|ALL|false
3876|Nemesis Claw|Heretic Astartes||true
3876|Nemesis Claw|Chaos||false
3876|Nemesis Claw|Infantry||false
3876|Nemesis Claw|Psyker||false
3876|Nemesis Claw|Grenades||false
3876|Nemesis Claw|Nemesis Claw||false
3877|Deathleaper|Genestealer Cults||true
3877|Deathleaper|Tyranids||true
3877|Deathleaper|Character||false
3877|Deathleaper|Infantry||false
3877|Deathleaper|Epic Hero||false
3877|Deathleaper|Great Devourer||false
3877|Deathleaper|Vanguard Invader||false
3877|Deathleaper|Deathleaper||false
3878|Parasite Of Mortrex|Genestealer Cults||true
3878|Parasite Of Mortrex|Tyranids||true
3878|Parasite Of Mortrex|Character||false
3878|Parasite Of Mortrex|Fly||false
3878|Parasite Of Mortrex|Synapse||false
3878|Parasite Of Mortrex|Great Devourer||false
3878|Parasite Of Mortrex|Vanguard Invader||false
3878|Parasite Of Mortrex|Parasite of Mortrex||false
3878|Parasite Of Mortrex|Infantry||false
3879|Winged Hive Tyrant|Genestealer Cults||true
3879|Winged Hive Tyrant|Tyranids||true
3879|Winged Hive Tyrant|Monster||false
3879|Winged Hive Tyrant|Synapse||false
3879|Winged Hive Tyrant|Winged Hive Tyrant||false
3879|Winged Hive Tyrant|Hive Tyrant||false
3879|Winged Hive Tyrant|Vanguard Invader||false
3879|Winged Hive Tyrant|Great Devourer||false
3879|Winged Hive Tyrant|Fly||false
3879|Winged Hive Tyrant|Psyker||false
3879|Winged Hive Tyrant|Character||false
3880|Winged Tyranid Prime|Genestealer Cults||true
3880|Winged Tyranid Prime|Tyranids||true
3880|Winged Tyranid Prime|Winged Tyranid Prime||false
3880|Winged Tyranid Prime|Vanguard Invader||false
3880|Winged Tyranid Prime|Synapse||false
3880|Winged Tyranid Prime|Great Devourer||false
3880|Winged Tyranid Prime|Fly||false
3880|Winged Tyranid Prime|Character||false
3880|Winged Tyranid Prime|Infantry||false
3881|Gargoyles|Genestealer Cults||true
3881|Gargoyles|Tyranids||true
3881|Gargoyles|Gargoyles||false
3881|Gargoyles|Endless Multitude||false
3881|Gargoyles|Great Devourer||false
3881|Gargoyles|Fly||false
3881|Gargoyles|Battleline||false
3881|Gargoyles|Infantry||false
3881|Gargoyles|Vanguard Invader||false
3882|Tyrannocyte|Genestealer Cults||true
3882|Tyrannocyte|Tyranids||true
3882|Tyrannocyte|Tyrannocyte||false
3882|Tyrannocyte|Great Devourer||false
3882|Tyrannocyte|Frame||false
3882|Tyrannocyte|Vanguard Invader||false
3882|Tyrannocyte|Dedicated Transport||false
3882|Tyrannocyte|Monster||false
3882|Tyrannocyte|Fly||false
3882|Tyrannocyte|Transport||false
3883|Lictor|Genestealer Cults||true
3883|Lictor|Tyranids||true
3883|Lictor|Vanguard Invader||false
3883|Lictor|Great Devourer||false
3883|Lictor|Infantry||false
3883|Lictor|Lictor||false
3884|Mawloc|Genestealer Cults||true
3884|Mawloc|Tyranids||true
3884|Mawloc|Vanguard Invader||false
3884|Mawloc|Mawloc||false
3884|Mawloc|Great Devourer||false
3884|Mawloc|Monster||false
3884|Mawloc|Mawloc||false
3884|Mawloc|Vanguard Invader||false
3884|Mawloc|Great Devourer||false
3884|Mawloc|Monster||false
3884|Mawloc|Mawloc||false
3884|Mawloc|Great Devourer||false
3884|Mawloc|Vanguard Invader||false
3884|Mawloc|Great Devourer||false
3884|Mawloc|Monster||false
3884|Mawloc|Mawloc||false
3884|Mawloc|Vanguard Invader||false
3884|Mawloc|Great Devourer||false
3884|Mawloc|Monster||false
3884|Mawloc|Mawloc||false
3884|Mawloc|Vanguard Invader||false
3884|Mawloc|Monster||false
3885|Neurolictor|Genestealer Cults||true
3885|Neurolictor|Tyranids||true
3885|Neurolictor|Neurolictor||false
3885|Neurolictor|Great Devourer||false
3885|Neurolictor|Synapse||false
3885|Neurolictor|Vanguard Invader||false
3885|Neurolictor|Infantry||false
3886|Raveners|Genestealer Cults||true
3886|Raveners|Tyranids||true
3886|Raveners|Great Devourer||false
3886|Raveners|Infantry||false
3886|Raveners|Vanguard Invader||false
3886|Raveners|Raveners||false
3886|Raveners|Burrowers||false
3887|Trygon|Genestealer Cults||true
3887|Trygon|Tyranids||true
3887|Trygon|Monster||false
3887|Trygon|Great Devourer||false
3887|Trygon|Vanguard Invader||false
3887|Trygon|Trygon||false
3887|Trygon|Vanguard Invader||false
3887|Trygon|Monster||false
3887|Trygon|Great Devourer||false
3887|Trygon|Vanguard Invader||false
3887|Trygon|Trygon||false
3887|Trygon|Monster||false
3887|Trygon|Great Devourer||false
3887|Trygon|Vanguard Invader||false
3887|Trygon|Trygon||false
3887|Trygon|Monster||false
3887|Trygon|Great Devourer||false
3887|Trygon|Vanguard Invader||false
3887|Trygon|Trygon||false
3887|Trygon|Great Devourer||false
3887|Trygon|Monster||false
3887|Trygon|Trygon||false
3888|Von Ryan’s Leapers|Tyranids||true
3888|Von Ryan’s Leapers|Genestealer Cults||true
3888|Von Ryan’s Leapers|Infantry||false
3888|Von Ryan’s Leapers|Great Devourer||false
3888|Von Ryan’s Leapers|Vanguard Invader||false
3888|Von Ryan’s Leapers|Von Ryan’s Leapers||false
3889|Krieg Command Squad|Astra Militarum||true
3889|Krieg Command Squad|Officer|LORD COMMISSAR|false
3889|Krieg Command Squad|Infantry|ALL MODELS|false
3889|Krieg Command Squad|Grenades|ALL MODELS|false
3889|Krieg Command Squad|Imperium|ALL MODELS|false
3889|Krieg Command Squad|Krieg|ALL MODELS|false
3889|Krieg Command Squad|Command Squad|ALL MODELS|false
3889|Krieg Command Squad|Platoon|ALL MODELS|false
3889|Krieg Command Squad|Character|LORD COMMISSAR|false
3890|Lord Marshal Dreir|Astra Militarum||true
3890|Lord Marshal Dreir|Character||false
3890|Lord Marshal Dreir|Mounted||false
3890|Lord Marshal Dreir|Lord Marshal Dreir||false
3890|Lord Marshal Dreir|Officer||false
3890|Lord Marshal Dreir|Imperium||false
3890|Lord Marshal Dreir|Grenades||false
3890|Lord Marshal Dreir|Epic Hero||false
3891|Catachan Command Squad|Astra Militarum||true
3891|Catachan Command Squad|Officer|CATACHAN COMMANDER|false
3891|Catachan Command Squad|Character|CATACHAN COMMANDER|false
3891|Catachan Command Squad|Command Squad|ALL MODELS|false
3891|Catachan Command Squad|Catachan|ALL MODELS|false
3891|Catachan Command Squad|Imperium|ALL MODELS|false
3891|Catachan Command Squad|Grenades|ALL MODELS|false
3891|Catachan Command Squad|Infantry|ALL MODELS|false
3891|Catachan Command Squad|Platoon|ALL MODELS|false
3892|Rogal Dorn Commander|Astra Militarum||true
3892|Rogal Dorn Commander|Character||false
3892|Rogal Dorn Commander|Smoke||false
3892|Rogal Dorn Commander|Vehicle||false
3892|Rogal Dorn Commander|Imperium||false
3892|Rogal Dorn Commander|Rogal Dorn Commander||false
3892|Rogal Dorn Commander|Officer||false
3892|Rogal Dorn Commander|Frame||false
3892|Rogal Dorn Commander|Squadron||false
3893|Krieg Combat Engineers|Astra Militarum||true
3893|Krieg Combat Engineers|Smoke||false
3893|Krieg Combat Engineers|Infantry||false
3893|Krieg Combat Engineers|Krieg Combat Engineers||false
3893|Krieg Combat Engineers|Regiment||false
3893|Krieg Combat Engineers|Imperium||false
3893|Krieg Combat Engineers|Grenades||false
3894|Catachan Heavy Weapons Squad|Astra Militarum||true
3894|Catachan Heavy Weapons Squad|Regiment||false
3894|Catachan Heavy Weapons Squad|Catachan Heavy Weapons Squad||false
3894|Catachan Heavy Weapons Squad|Grenades||false
3894|Catachan Heavy Weapons Squad|Infantry||false
3894|Catachan Heavy Weapons Squad|Imperium||false
3895|Krieg Heavy Weapons Squad|Astra Militarum||true
3895|Krieg Heavy Weapons Squad|Infantry||false
3895|Krieg Heavy Weapons Squad|Grenades||false
3895|Krieg Heavy Weapons Squad|Imperium||false
3895|Krieg Heavy Weapons Squad|Krieg Heavy Weapons Squad||false
3895|Krieg Heavy Weapons Squad|Regiment||false
3896|Artillery Team|Astra Militarum||true
3896|Artillery Team|Imperium||false
3896|Artillery Team|Grenades||false
3896|Artillery Team|Infantry||false
3896|Artillery Team|Artillery||false
3896|Artillery Team|Artillery Team||false
3896|Artillery Team|Regiment||false
3897|Field Ordnance Battery|Astra Militarum||true
3897|Field Ordnance Battery|Field Ordnance Battery||false
3897|Field Ordnance Battery|Regiment||false
3897|Field Ordnance Battery|Imperium||false
3897|Field Ordnance Battery|Grenades||false
3897|Field Ordnance Battery|Artillery||false
3897|Field Ordnance Battery|Infantry||false
3898|Death Riders|Astra Militarum||true
3898|Death Riders|Death Riders||false
3898|Death Riders|Regiment||false
3898|Death Riders|Imperium||false
3898|Death Riders|Grenades||false
3898|Death Riders|Mounted||false
3909|Lhykhis|Asuryani||true
3909|Lhykhis|||true
3909|Lhykhis|Fly||false
3909|Lhykhis|Phoenix Lord||false
3909|Lhykhis|Aspect Warrior||false
3909|Lhykhis|Lhykhis||false
3909|Lhykhis|Character||false
3909|Lhykhis|Infantry||false
3909|Lhykhis|Epic Hero||false
3909|Lhykhis|Aeldari||false
3909|Lhykhis|Jump Pack||false
3910|D-cannon Platform|||true
3910|D-cannon Platform|Asuryani||true
3910|D-cannon Platform|Ynnari||true
3910|D-cannon Platform|Aeldari||false
3910|D-cannon Platform|D-cannon Platform||false
3910|D-cannon Platform|Support Weapon||false
3910|D-cannon Platform|Frame||false
3910|D-cannon Platform|Infantry||false
3911|Shadow Weaver Platform|Ynnari||true
3911|Shadow Weaver Platform|||true
3911|Shadow Weaver Platform|Asuryani||true
3911|Shadow Weaver Platform|Support Weapon||false
3911|Shadow Weaver Platform|Frame||false
3911|Shadow Weaver Platform|Aeldari||false
3911|Shadow Weaver Platform|Infantry||false
3911|Shadow Weaver Platform|Shadow Weaver Platform||false
3912|Vibro Cannon Platform|Asuryani||true
3912|Vibro Cannon Platform|||true
3912|Vibro Cannon Platform|Ynnari||true
3912|Vibro Cannon Platform|Infantry||false
3912|Vibro Cannon Platform|Vibro Cannon Platform||false
3912|Vibro Cannon Platform|Support Weapon||false
3912|Vibro Cannon Platform|Frame||false
3912|Vibro Cannon Platform|Aeldari||false
3913|Wraithknight with Ghostglaive|||true
3913|Wraithknight with Ghostglaive|Ynnari||true
3913|Wraithknight with Ghostglaive|Asuryani||true
3913|Wraithknight with Ghostglaive|Monster||false
3913|Wraithknight with Ghostglaive|Wraithknight with Ghostglaive||false
3913|Wraithknight with Ghostglaive|Wraith Construct||false
3913|Wraithknight with Ghostglaive|Walker||false
3913|Wraithknight with Ghostglaive|Aeldari||false
3913|Wraithknight with Ghostglaive|Towering||false
3913|Wraithknight with Ghostglaive|Titanic||false
3914|Ynnari Archon|||true
3914|Ynnari Archon|Ynnari||true
3914|Ynnari Archon|Infantry||false
3914|Ynnari Archon|Archon||false
3914|Ynnari Archon|Aeldari||false
3914|Ynnari Archon|Character||false
3915|Ynnari Succubus|||true
3915|Ynnari Succubus|Ynnari||true
3915|Ynnari Succubus|Succubus||false
3915|Ynnari Succubus|Aeldari||false
3915|Ynnari Succubus|Character||false
3915|Ynnari Succubus|Infantry||false
3916|Ynnari Kabalite Warriors|||true
3916|Ynnari Kabalite Warriors|Ynnari||true
3916|Ynnari Kabalite Warriors|Kabalite Warriors||false
3916|Ynnari Kabalite Warriors|Aeldari||false
3916|Ynnari Kabalite Warriors|Battleline||false
3916|Ynnari Kabalite Warriors|Infantry||false
3917|Ynnari Wyches|||true
3917|Ynnari Wyches|Ynnari||true
3917|Ynnari Wyches|Wyches||false
3917|Ynnari Wyches|Grenades||false
3917|Ynnari Wyches|Aeldari||false
3917|Ynnari Wyches|Battleline||false
3917|Ynnari Wyches|Infantry||false
3918|Ynnari Incubi|Ynnari||true
3918|Ynnari Incubi|||true
3918|Ynnari Incubi|Infantry||false
3918|Ynnari Incubi|Aeldari||false
3918|Ynnari Incubi|Incubi||false
3919|Ynnari Reavers|||true
3919|Ynnari Reavers|Ynnari||true
3919|Ynnari Reavers|Aeldari||false
3919|Ynnari Reavers|Fly||false
3919|Ynnari Reavers|Reavers||false
3919|Ynnari Reavers|Mounted||false
3920|Ynnari Raider|||true
3920|Ynnari Raider|Ynnari||true
3920|Ynnari Raider|Fly||false
3920|Ynnari Raider|Frame||false
3920|Ynnari Raider|Raider||false
3920|Ynnari Raider|Vehicle||false
3920|Ynnari Raider|Aeldari||false
3920|Ynnari Raider|Dedicated Transport||false
3920|Ynnari Raider|Transport||false
3921|Ynnari Venom|Ynnari||true
3921|Ynnari Venom|||true
3921|Ynnari Venom|Vehicle||false
3921|Ynnari Venom|Aeldari||false
3921|Ynnari Venom|Fly||false
3921|Ynnari Venom|Dedicated Transport||false
3921|Ynnari Venom|Venom||false
3921|Ynnari Venom|Frame||false
3921|Ynnari Venom|Transport||false
3922|Hell’s Last|Astra Militarum||true
3922|Hell’s Last|Epic Hero|MINKA LESK ONLY|false
3922|Hell’s Last|Character|MINKA LESK ONLY|false
3922|Hell’s Last|Hell’s Last| ALL MODELS|false
3922|Hell’s Last|Command Squad| ALL MODELS|false
3922|Hell’s Last|Grenades| ALL MODELS|false
3922|Hell’s Last|Platoon| ALL MODELS|false
3922|Hell’s Last|Imperium| ALL MODELS|false
3922|Hell’s Last|Officer|MINKA LESK ONLY|false
3922|Hell’s Last|Infantry| ALL MODELS|false
3937|Provisionally Prepared|Astra Militarum||true
3937|Provisionally Prepared|Epic Hero||false
3937|Provisionally Prepared|Imperium||false
3937|Provisionally Prepared|Provisionally Prepared||false
3937|Provisionally Prepared|Grenades||false
3937|Provisionally Prepared|Character||false
3937|Provisionally Prepared|Infantry||false
3938|Cadian Castellan|Genestealer Cults||true
3938|Cadian Castellan|Astra Militarum||true
3938|Cadian Castellan|Cadian Castellan||false
3938|Cadian Castellan|Officer||false
3938|Cadian Castellan|Imperium||false
3938|Cadian Castellan|Grenades||false
3938|Cadian Castellan|Character||false
3938|Cadian Castellan|Infantry||false
3939|Cadian Command Squad|Astra Militarum||true
3939|Cadian Command Squad|Genestealer Cults||true
3939|Cadian Command Squad|Cadian|ALL MODELS|false
3939|Cadian Command Squad|Platoon|ALL MODELS|false
3939|Cadian Command Squad|Imperium|ALL MODELS|false
3939|Cadian Command Squad|Infantry|ALL MODELS|false
3939|Cadian Command Squad|Officer|CADIAN COMMANDER|false
3939|Cadian Command Squad|Character|CADIAN COMMANDER|false
3939|Cadian Command Squad|Command Squad|ALL MODELS|false
3939|Cadian Command Squad|Grenades|ALL MODELS|false
3940|Catachan Command Squad|Astra Militarum||true
3940|Catachan Command Squad|Genestealer Cults||true
3940|Catachan Command Squad|Officer|CATACHAN COMMANDER|false
3940|Catachan Command Squad|Character|CATACHAN COMMANDER|false
3940|Catachan Command Squad|Command Squad|ALL MODELS|false
3940|Catachan Command Squad|Catachan|ALL MODELS|false
3940|Catachan Command Squad|Platoon|ALL MODELS|false
3940|Catachan Command Squad|Imperium|ALL MODELS|false
3940|Catachan Command Squad|Grenades|ALL MODELS|false
3940|Catachan Command Squad|Infantry|ALL MODELS|false
3941|Krieg Command Squad|Genestealer Cults||true
3941|Krieg Command Squad|Astra Militarum||true
3941|Krieg Command Squad|Officer|LORD COMMISSAR|false
3941|Krieg Command Squad|Grenades|ALL MODELS|false
3941|Krieg Command Squad|Imperium|ALL MODELS|false
3941|Krieg Command Squad|Infantry|ALL MODELS|false
3941|Krieg Command Squad|Platoon|ALL MODELS|false
3941|Krieg Command Squad|Krieg|ALL MODELS|false
3941|Krieg Command Squad|Command Squad|ALL MODELS|false
3941|Krieg Command Squad|Character|LORD COMMISSAR|false
3942|Leman Russ Commander|Astra Militarum||true
3942|Leman Russ Commander|Genestealer Cults||true
3942|Leman Russ Commander|Vehicle||false
3942|Leman Russ Commander|Character||false
3942|Leman Russ Commander|Smoke||false
3942|Leman Russ Commander|Squadron||false
3942|Leman Russ Commander|Imperium||false
3942|Leman Russ Commander|Frame||false
3942|Leman Russ Commander|Leman Russ Commander||false
3942|Leman Russ Commander|Officer||false
3943|Primaris Psyker|Genestealer Cults||true
3943|Primaris Psyker|Astra Militarum||true
3943|Primaris Psyker|Primaris Psyker||false
3943|Primaris Psyker|Infantry||false
3943|Primaris Psyker|Character||false
3943|Primaris Psyker|Psyker||false
3943|Primaris Psyker|Imperium||false
3944|Rogal Dorn Commander|Astra Militarum||true
3944|Rogal Dorn Commander|Genestealer Cults||true
3944|Rogal Dorn Commander|Officer||false
3944|Rogal Dorn Commander|Vehicle||false
3944|Rogal Dorn Commander|Character||false
3944|Rogal Dorn Commander|Frame||false
3944|Rogal Dorn Commander|Smoke||false
3944|Rogal Dorn Commander|Squadron||false
3944|Rogal Dorn Commander|Imperium||false
3944|Rogal Dorn Commander|Rogal Dorn Commander||false
3945|Death Rider Commissar|Genestealer Cults||true
3945|Death Rider Commissar|Astra Militarum||true
3945|Death Rider Commissar|Death Rider Commissar||false
3945|Death Rider Commissar|Mounted||false
3945|Death Rider Commissar|Character||false
3945|Death Rider Commissar|Imperium||false
3945|Death Rider Commissar|Grenades||false
3945|Death Rider Commissar|Officer||false
3946|Quartermaster Cadre Squad|Astra Militarum||true
3946|Quartermaster Cadre Squad|Genestealer Cults||true
3946|Quartermaster Cadre Squad|Character|QUARTERMASTER REVENANT|false
3946|Quartermaster Cadre Squad|Quartermaster Cadre Squad|ALL MODELS|false
3946|Quartermaster Cadre Squad|Regiment|ALL MODELS|false
3946|Quartermaster Cadre Squad|Grenades|ALL MODELS|false
3946|Quartermaster Cadre Squad|Imperium|ALL MODELS|false
3946|Quartermaster Cadre Squad|Infantry|ALL MODELS|false
3947|Hell’s Last|Astra Militarum||true
3947|Hell’s Last|Genestealer Cults||true
3947|Hell’s Last|Epic Hero|MINKA LESK ONLY|false
3947|Hell’s Last|Infantry| ALL MODELS|false
3947|Hell’s Last|Grenades| ALL MODELS|false
3947|Hell’s Last|Imperium| ALL MODELS|false
3947|Hell’s Last|Platoon| ALL MODELS|false
3947|Hell’s Last|Command Squad| ALL MODELS|false
3947|Hell’s Last|Hell’s Last| ALL MODELS|false
3947|Hell’s Last|Character|MINKA LESK ONLY|false
3947|Hell’s Last|Officer|MINKA LESK ONLY|false
3948|Cadian Shock Troops|Astra Militarum||true
3948|Cadian Shock Troops|Genestealer Cults||true
3948|Cadian Shock Troops|Grenades||false
3948|Cadian Shock Troops|Infantry||false
3948|Cadian Shock Troops|Battleline||false
3948|Cadian Shock Troops|Imperium||false
3948|Cadian Shock Troops|Regiment||false
3948|Cadian Shock Troops|Platoon||false
3948|Cadian Shock Troops|Cadian||false
3948|Cadian Shock Troops|Cadian Shock Troops||false
3949|Catachan Jungle Fighters|Astra Militarum||true
3949|Catachan Jungle Fighters|Genestealer Cults||true
3949|Catachan Jungle Fighters|Grenades||false
3949|Catachan Jungle Fighters|Infantry||false
3949|Catachan Jungle Fighters|Regiment||false
3949|Catachan Jungle Fighters|Battleline||false
3949|Catachan Jungle Fighters|Catachan Jungle Fighters||false
3949|Catachan Jungle Fighters|Platoon||false
3949|Catachan Jungle Fighters|Imperium||false
3950|Death Korps Of Krieg|Astra Militarum||true
3950|Death Korps Of Krieg|Genestealer Cults||true
3950|Death Korps Of Krieg|Regiment||false
3950|Death Korps Of Krieg|Infantry||false
3950|Death Korps Of Krieg|Battleline||false
3950|Death Korps Of Krieg|Imperium||false
3950|Death Korps Of Krieg|Grenades||false
3950|Death Korps Of Krieg|Platoon||false
3950|Death Korps Of Krieg|Death Korps of Krieg||false
3951|Chimera|Astra Militarum||true
3951|Chimera|Genestealer Cults||true
3951|Chimera|Transport||false
3951|Chimera|Frame||false
3951|Chimera|Dedicated Transport||false
3951|Chimera|Squadron||false
3951|Chimera|Vehicle||false
3951|Chimera|Smoke||false
3951|Chimera|Imperium||false
3951|Chimera|Chimera||false
3952|Taurox|Astra Militarum||true
3952|Taurox|Genestealer Cults||true
3952|Taurox|Vehicle||false
3952|Taurox|Imperium||false
3952|Taurox|Squadron||false
3952|Taurox|Frame||false
3952|Taurox|Transport||false
3952|Taurox|Taurox||false
3952|Taurox|Dedicated Transport||false
3953|Taurox Prime|Genestealer Cults||true
3953|Taurox Prime|Astra Militarum||true
3953|Taurox Prime|Taurox Prime||false
3953|Taurox Prime|Dedicated Transport||false
3953|Taurox Prime|Frame||false
3953|Taurox Prime|Transport||false
3953|Taurox Prime|Squadron||false
3953|Taurox Prime|Imperium||false
3953|Taurox Prime|Vehicle||false
3954|Storm Chimera|Genestealer Cults||true
3954|Storm Chimera|Astra Militarum||true
3954|Storm Chimera|Vehicle||false
3954|Storm Chimera|Frame||false
3954|Storm Chimera|Squadron||false
3954|Storm Chimera|Transport||false
3954|Storm Chimera|Dedicated Transport||false
3954|Storm Chimera|Smoke||false
3954|Storm Chimera|Storm Chimera||false
3954|Storm Chimera|Imperium||false
3955|Aegis Defence Line|Genestealer Cults||true
3955|Aegis Defence Line|Astra Militarum||true
3955|Aegis Defence Line|Frame||false
3955|Aegis Defence Line|Aegis Defence Line||false
3955|Aegis Defence Line|Imperium||false
3955|Aegis Defence Line|Fortification||false
3956|Earthshaker Platform|Genestealer Cults||true
3956|Earthshaker Platform|Astra Militarum||true
3956|Earthshaker Platform|Frame||false
3956|Earthshaker Platform|Earthshaker Platform||false
3956|Earthshaker Platform|Artillery||false
3956|Earthshaker Platform|Imperium||false
3956|Earthshaker Platform|Fortification||false
3957|Hydra Platform|Genestealer Cults||true
3957|Hydra Platform|Astra Militarum||true
3957|Hydra Platform|Hydra Platform||false
3957|Hydra Platform|Artillery||false
3957|Hydra Platform|Imperium||false
3957|Hydra Platform|Frame||false
3957|Hydra Platform|Fortification||false
3958|Manticore Platform|Genestealer Cults||true
3958|Manticore Platform|Astra Militarum||true
3958|Manticore Platform|Imperium||false
3958|Manticore Platform|Artillery||false
3958|Manticore Platform|Frame||false
3958|Manticore Platform|Manticore Platform||false
3958|Manticore Platform|Fortification||false
3959|Sabre Weapons Battery|Genestealer Cults||true
3959|Sabre Weapons Battery|Astra Militarum||true
3959|Sabre Weapons Battery|Fortification||false
3959|Sabre Weapons Battery|Imperium||false
3959|Sabre Weapons Battery|Artillery||false
3959|Sabre Weapons Battery|Sabre Weapons Battery||false
3960|Armoured Sentinels|Genestealer Cults||true
3960|Armoured Sentinels|Astra Militarum||true
3960|Armoured Sentinels|Smoke||false
3960|Armoured Sentinels|Walker||false
3960|Armoured Sentinels|Vehicle||false
3960|Armoured Sentinels|Imperium||false
3960|Armoured Sentinels|Armoured Sentinels||false
3960|Armoured Sentinels|Squadron||false
3960|Armoured Sentinels|Regiment||false
3961|Artillery Team|Genestealer Cults||true
3961|Artillery Team|Astra Militarum||true
3961|Artillery Team|Artillery Team||false
3961|Artillery Team|Regiment||false
3961|Artillery Team|Imperium||false
3961|Artillery Team|Grenades||false
3961|Artillery Team|Artillery||false
3961|Artillery Team|Infantry||false
3962|Attilan Rough Riders|Astra Militarum||true
3962|Attilan Rough Riders|Genestealer Cults||true
3962|Attilan Rough Riders|Grenades||false
3962|Attilan Rough Riders|Imperium||false
3962|Attilan Rough Riders|Mounted||false
3962|Attilan Rough Riders|Attilan Rough Riders||false
3962|Attilan Rough Riders|Regiment||false
3963|Baneblade|Genestealer Cults||true
3963|Baneblade|Astra Militarum||true
3963|Baneblade|Frame||false
3963|Baneblade|Baneblade||false
3963|Baneblade|Imperium||false
3963|Baneblade|Smoke||false
3963|Baneblade|Titanic||false
3963|Baneblade|Vehicle||false
3964|Banehammer|Genestealer Cults||true
3964|Banehammer|Astra Militarum||true
3964|Banehammer|Transport||false
3964|Banehammer|Banehammer||false
3964|Banehammer|Imperium||false
3964|Banehammer|Smoke||false
3964|Banehammer|Frame||false
3964|Banehammer|Titanic||false
3964|Banehammer|Vehicle||false
3965|Banesword|Genestealer Cults||true
3965|Banesword|Astra Militarum||true
3965|Banesword|Imperium||false
3965|Banesword|Smoke||false
3965|Banesword|Banesword||false
3965|Banesword|Frame||false
3965|Banesword|Vehicle||false
3965|Banesword|Titanic||false
3966|Basilisk|Genestealer Cults||true
3966|Basilisk|Astra Militarum||true
3966|Basilisk|Basilisk||false
3966|Basilisk|Artillery||false
3966|Basilisk|Smoke||false
3966|Basilisk|Imperium||false
3966|Basilisk|Vehicle||false
3966|Basilisk|Squadron||false
3966|Basilisk|Frame||false
3967|Cadian Heavy Weapons Squad|Astra Militarum||true
3967|Cadian Heavy Weapons Squad|Genestealer Cults||true
3967|Cadian Heavy Weapons Squad|Infantry||false
3967|Cadian Heavy Weapons Squad|Grenades||false
3967|Cadian Heavy Weapons Squad|Imperium||false
3967|Cadian Heavy Weapons Squad|Cadian Heavy Weapons Squad||false
3967|Cadian Heavy Weapons Squad|Regiment||false
3968|Catachan Heavy Weapons Squad|Genestealer Cults||true
3968|Catachan Heavy Weapons Squad|Astra Militarum||true
3968|Catachan Heavy Weapons Squad|Catachan Heavy Weapons Squad||false
3968|Catachan Heavy Weapons Squad|Imperium||false
3968|Catachan Heavy Weapons Squad|Grenades||false
3968|Catachan Heavy Weapons Squad|Infantry||false
3968|Catachan Heavy Weapons Squad|Regiment||false
3969|Death Riders|Astra Militarum||true
3969|Death Riders|Genestealer Cults||true
3969|Death Riders|Imperium||false
3969|Death Riders|Regiment||false
3969|Death Riders|Death Riders||false
3969|Death Riders|Mounted||false
3969|Death Riders|Grenades||false
3970|Deathstrike|Astra Militarum||true
3970|Deathstrike|Genestealer Cults||true
3970|Deathstrike|Smoke||false
3970|Deathstrike|Frame||false
3970|Deathstrike|Vehicle||false
3970|Deathstrike|Artillery||false
3970|Deathstrike|Deathstrike||false
3970|Deathstrike|Imperium||false
3970|Deathstrike|Squadron||false
3971|Doomhammer|Genestealer Cults||true
3971|Doomhammer|Astra Militarum||true
3971|Doomhammer|Smoke||false
3971|Doomhammer|Titanic||false
3971|Doomhammer|Vehicle||false
3971|Doomhammer|Imperium||false
3971|Doomhammer|Frame||false
3971|Doomhammer|Doomhammer||false
3971|Doomhammer|Transport||false
3972|Field Ordnance Battery|Genestealer Cults||true
3972|Field Ordnance Battery|Astra Militarum||true
3972|Field Ordnance Battery|Infantry||false
3972|Field Ordnance Battery|Artillery||false
3972|Field Ordnance Battery|Grenades||false
3972|Field Ordnance Battery|Imperium||false
3972|Field Ordnance Battery|Regiment||false
3972|Field Ordnance Battery|Field Ordnance Battery||false
3973|Hellhammer|Astra Militarum||true
3973|Hellhammer|Genestealer Cults||true
3973|Hellhammer|Hellhammer||false
3973|Hellhammer|Frame||false
3973|Hellhammer|Smoke||false
3973|Hellhammer|Vehicle||false
3973|Hellhammer|Titanic||false
3973|Hellhammer|Imperium||false
3974|Hellhound|Genestealer Cults||true
3974|Hellhound|Astra Militarum||true
3974|Hellhound|Hellhound||false
3974|Hellhound|Frame||false
3974|Hellhound|Vehicle||false
3974|Hellhound|Smoke||false
3974|Hellhound|Imperium||false
3974|Hellhound|Squadron||false
3975|Hydra|Genestealer Cults||true
3975|Hydra|Astra Militarum||true
3975|Hydra|Imperium||false
3975|Hydra|Squadron||false
3975|Hydra|Hydra||false
3975|Hydra|Vehicle||false
3975|Hydra|Smoke||false
3975|Hydra|Frame||false
3976|Kasrkin|Genestealer Cults||true
3976|Kasrkin|Astra Militarum||true
3976|Kasrkin|Regiment||false
3976|Kasrkin|Kasrkin||false
3976|Kasrkin|Infantry||false
3976|Kasrkin|Grenades||false
3976|Kasrkin|Imperium||false
3977|Krieg Combat Engineers|Astra Militarum||true
3977|Krieg Combat Engineers|Genestealer Cults||true
3977|Krieg Combat Engineers|Grenades||false
3977|Krieg Combat Engineers|Infantry||false
3977|Krieg Combat Engineers|Smoke||false
3977|Krieg Combat Engineers|Imperium||false
3977|Krieg Combat Engineers|Regiment||false
3977|Krieg Combat Engineers|Krieg Combat Engineers||false
3978|Krieg Heavy Weapons Squad|Astra Militarum||true
3978|Krieg Heavy Weapons Squad|Genestealer Cults||true
3978|Krieg Heavy Weapons Squad|Infantry||false
3978|Krieg Heavy Weapons Squad|Grenades||false
3978|Krieg Heavy Weapons Squad|Imperium||false
3978|Krieg Heavy Weapons Squad|Regiment||false
3978|Krieg Heavy Weapons Squad|Krieg Heavy Weapons Squad||false
3979|Leman Russ Battle Tank|Astra Militarum||true
3979|Leman Russ Battle Tank|Genestealer Cults||true
3979|Leman Russ Battle Tank|Vehicle||false
3979|Leman Russ Battle Tank|Imperium||false
3979|Leman Russ Battle Tank|Squadron||false
3979|Leman Russ Battle Tank|Leman Russ Battle Tank||false
3979|Leman Russ Battle Tank|Frame||false
3979|Leman Russ Battle Tank|Smoke||false
3980|Leman Russ Demolisher|Genestealer Cults||true
3980|Leman Russ Demolisher|Astra Militarum||true
3980|Leman Russ Demolisher|Vehicle||false
3980|Leman Russ Demolisher|Smoke||false
3980|Leman Russ Demolisher|Squadron||false
3980|Leman Russ Demolisher|Frame||false
3980|Leman Russ Demolisher|Leman Russ Demolisher||false
3980|Leman Russ Demolisher|Imperium||false
3981|Leman Russ Eradicator|Genestealer Cults||true
3981|Leman Russ Eradicator|Astra Militarum||true
3981|Leman Russ Eradicator|Vehicle||false
3981|Leman Russ Eradicator|Smoke||false
3981|Leman Russ Eradicator|Imperium||false
3981|Leman Russ Eradicator|Squadron||false
3981|Leman Russ Eradicator|Frame||false
3981|Leman Russ Eradicator|Leman Russ Eradicator||false
3982|Leman Russ Executioner|Astra Militarum||true
3982|Leman Russ Executioner|Genestealer Cults||true
3982|Leman Russ Executioner|Vehicle||false
3982|Leman Russ Executioner|Smoke||false
3982|Leman Russ Executioner|Imperium||false
3982|Leman Russ Executioner|Squadron||false
3982|Leman Russ Executioner|Frame||false
3982|Leman Russ Executioner|Leman Russ Executioner||false
3983|Leman Russ Exterminator|Astra Militarum||true
3983|Leman Russ Exterminator|Genestealer Cults||true
3983|Leman Russ Exterminator|Smoke||false
3983|Leman Russ Exterminator|Vehicle||false
3983|Leman Russ Exterminator|Imperium||false
3983|Leman Russ Exterminator|Frame||false
3983|Leman Russ Exterminator|Squadron||false
3983|Leman Russ Exterminator|Leman Russ Exterminator||false
3984|Leman Russ Punisher|Astra Militarum||true
3984|Leman Russ Punisher|Genestealer Cults||true
3984|Leman Russ Punisher|Vehicle||false
3984|Leman Russ Punisher|Leman Russ Punisher||false
3984|Leman Russ Punisher|Frame||false
3984|Leman Russ Punisher|Squadron||false
3984|Leman Russ Punisher|Imperium||false
3984|Leman Russ Punisher|Smoke||false
3985|Leman Russ Vanquisher|Astra Militarum||true
3985|Leman Russ Vanquisher|Genestealer Cults||true
3985|Leman Russ Vanquisher|Squadron||false
3985|Leman Russ Vanquisher|Leman Russ Vanquisher||false
3985|Leman Russ Vanquisher|Frame||false
3985|Leman Russ Vanquisher|Imperium||false
3985|Leman Russ Vanquisher|Smoke||false
3985|Leman Russ Vanquisher|Vehicle||false
3986|Manticore|Genestealer Cults||true
3986|Manticore|Astra Militarum||true
3986|Manticore|Manticore||false
3986|Manticore|Imperium||false
3986|Manticore|Frame||false
3986|Manticore|Smoke||false
3986|Manticore|Artillery||false
3986|Manticore|Vehicle||false
3986|Manticore|Squadron||false
3987|Rogal Dorn Battle Tank|Genestealer Cults||true
3987|Rogal Dorn Battle Tank|Astra Militarum||true
3987|Rogal Dorn Battle Tank|Vehicle||false
3987|Rogal Dorn Battle Tank|Rogal Dorn Battle Tank||false
3987|Rogal Dorn Battle Tank|Frame||false
3987|Rogal Dorn Battle Tank|Squadron||false
3987|Rogal Dorn Battle Tank|Imperium||false
3987|Rogal Dorn Battle Tank|Smoke||false
3988|Scout Sentinels|Genestealer Cults||true
3988|Scout Sentinels|Astra Militarum||true
3988|Scout Sentinels|Scout Sentinels||false
3988|Scout Sentinels|Squadron||false
3988|Scout Sentinels|Regiment||false
3988|Scout Sentinels|Imperium||false
3988|Scout Sentinels|Vehicle||false
3988|Scout Sentinels|Walker||false
3988|Scout Sentinels|Smoke||false
3989|Shadowsword|Astra Militarum||true
3989|Shadowsword|Genestealer Cults||true
3989|Shadowsword|Vehicle||false
3989|Shadowsword|Titanic||false
3989|Shadowsword|Smoke||false
3989|Shadowsword|Frame||false
3989|Shadowsword|Shadowsword||false
3989|Shadowsword|Imperium||false
3990|Stormlord|Genestealer Cults||true
3990|Stormlord|Astra Militarum||true
3990|Stormlord|Stormlord||false
3990|Stormlord|Frame||false
3990|Stormlord|Transport||false
3990|Stormlord|Imperium||false
3990|Stormlord|Smoke||false
3990|Stormlord|Vehicle||false
3990|Stormlord|Titanic||false
3991|Stormsword|Genestealer Cults||true
3991|Stormsword|Astra Militarum||true
3991|Stormsword|Imperium||false
3991|Stormsword|Titanic||false
3991|Stormsword|Smoke||false
3991|Stormsword|Vehicle||false
3991|Stormsword|Stormsword||false
3991|Stormsword|Frame||false
3992|Wyvern|Astra Militarum||true
3992|Wyvern|Genestealer Cults||true
3992|Wyvern|Wyvern||false
3992|Wyvern|Vehicle||false
3992|Wyvern|Artillery||false
3992|Wyvern|Smoke||false
3992|Wyvern|Imperium||false
3992|Wyvern|Frame||false
3992|Wyvern|Squadron||false
3993|Cyclops Demolition Vehicle|Astra Militarum||true
3993|Cyclops Demolition Vehicle|Genestealer Cults||true
3993|Cyclops Demolition Vehicle|Vehicle||false
3993|Cyclops Demolition Vehicle|Frame||false
3993|Cyclops Demolition Vehicle|Imperium||false
3993|Cyclops Demolition Vehicle|Cyclops Demolition Vehicle||false
3994|Arkurian Stormhammer|Astra Militarum||true
3994|Arkurian Stormhammer|Genestealer Cults||true
3994|Arkurian Stormhammer|Imperium||false
3994|Arkurian Stormhammer|Frame||false
3994|Arkurian Stormhammer|Titanic||false
3994|Arkurian Stormhammer|Vehicle||false
3994|Arkurian Stormhammer|Arkurian Stormhammer||false
3994|Arkurian Stormhammer|Smoke||false
3995|Armageddon-pattern Medusa|Astra Militarum||true
3995|Armageddon-pattern Medusa|Genestealer Cults||true
3995|Armageddon-pattern Medusa|Artillery||false
3995|Armageddon-pattern Medusa|Vehicle||false
3995|Armageddon-pattern Medusa|Frame||false
3995|Armageddon-pattern Medusa|Imperium||false
3995|Armageddon-pattern Medusa|Squadron||false
3995|Armageddon-pattern Medusa|Smoke||false
3995|Armageddon-pattern Medusa|Armageddon-pattern Medusa||false
3996|Atlas Recovery Vehicle|Astra Militarum||true
3996|Atlas Recovery Vehicle|Genestealer Cults||true
3996|Atlas Recovery Vehicle|Atlas Recovery Vehicle||false
3996|Atlas Recovery Vehicle|Vehicle||false
3996|Atlas Recovery Vehicle|Smoke||false
3996|Atlas Recovery Vehicle|Squadron||false
3996|Atlas Recovery Vehicle|Imperium||false
3996|Atlas Recovery Vehicle|Frame||false
3997|Carnodon|Astra Militarum||true
3997|Carnodon|Genestealer Cults||true
3997|Carnodon|Vehicle||false
3997|Carnodon|Frame||false
3997|Carnodon|Imperium||false
3997|Carnodon|Squadron||false
3997|Carnodon|Smoke||false
3997|Carnodon|Carnodon||false
3998|Centaur Light Carrier|Astra Militarum||true
3998|Centaur Light Carrier|Genestealer Cults||true
3998|Centaur Light Carrier|Transport||false
3998|Centaur Light Carrier|Vehicle||false
3998|Centaur Light Carrier|Frame||false
3998|Centaur Light Carrier|Imperium||false
3998|Centaur Light Carrier|Squadron||false
3998|Centaur Light Carrier|Smoke||false
3998|Centaur Light Carrier|Centaur Light Carrier||false
3999|Colossus|Astra Militarum||true
3999|Colossus|Genestealer Cults||true
3999|Colossus|Colossus||false
3999|Colossus|Vehicle||false
3999|Colossus|Frame||false
3999|Colossus|Imperium||false
3999|Colossus|Smoke||false
3999|Colossus|Squadron||false
4000|Crassus|Astra Militarum||true
4000|Crassus|Genestealer Cults||true
4000|Crassus|Crassus||false
4000|Crassus|Smoke||false
4000|Crassus|Transport||false
4000|Crassus|Squadron||false
4000|Crassus|Imperium||false
4000|Crassus|Frame||false
4000|Crassus|Vehicle||false
4001|Death Korps Grenadier Squad|Genestealer Cults||true
4001|Death Korps Grenadier Squad|Astra Militarum||true
4001|Death Korps Grenadier Squad|Regiment||false
4001|Death Korps Grenadier Squad|Krieg||false
4001|Death Korps Grenadier Squad|Death Korps Grenadier Squad||false
4001|Death Korps Grenadier Squad|Platoon||false
4001|Death Korps Grenadier Squad|Infantry||false
4001|Death Korps Grenadier Squad|Imperium||false
4001|Death Korps Grenadier Squad|Grenades||false
4002|Dominus Armoured Siege Bombard|Astra Militarum||true
4002|Dominus Armoured Siege Bombard|Genestealer Cults||true
4002|Dominus Armoured Siege Bombard|Dominus Armoured Siege Bombard||false
4002|Dominus Armoured Siege Bombard|Vehicle||false
4002|Dominus Armoured Siege Bombard|Titanic||false
4002|Dominus Armoured Siege Bombard|Frame||false
4002|Dominus Armoured Siege Bombard|Imperium||false
4002|Dominus Armoured Siege Bombard|Smoke||false
4003|Earthshaker Carriage Battery|Astra Militarum||true
4003|Earthshaker Carriage Battery|Genestealer Cults||true
4003|Earthshaker Carriage Battery|Infantry||false
4003|Earthshaker Carriage Battery|Artillery||false
4003|Earthshaker Carriage Battery|Frame||false
4003|Earthshaker Carriage Battery|Imperium||false
4003|Earthshaker Carriage Battery|Grenades||false
4003|Earthshaker Carriage Battery|Regiment||false
4003|Earthshaker Carriage Battery|Earthshaker Carriage Battery||false
4004|Elysian Drop Sentinel|Astra Militarum||true
4004|Elysian Drop Sentinel|Genestealer Cults||true
4004|Elysian Drop Sentinel|Imperium||false
4004|Elysian Drop Sentinel|Walker||false
4004|Elysian Drop Sentinel|Squadron||false
4004|Elysian Drop Sentinel|Smoke||false
4004|Elysian Drop Sentinel|Elysian Drop Sentinel||false
4004|Elysian Drop Sentinel|Regiment||false
4004|Elysian Drop Sentinel|Vehicle||false
4005|Elysian Sniper Squad|Astra Militarum||true
4005|Elysian Sniper Squad|Genestealer Cults||true
4005|Elysian Sniper Squad|Infantry||false
4005|Elysian Sniper Squad|Imperium||false
4005|Elysian Sniper Squad|Grenades||false
4005|Elysian Sniper Squad|Regiment||false
4005|Elysian Sniper Squad|Elysian Sniper Squad||false
4006|Gorgon Heavy Transport|Astra Militarum||true
4006|Gorgon Heavy Transport|Genestealer Cults||true
4006|Gorgon Heavy Transport|Gorgon Heavy Transport||false
4006|Gorgon Heavy Transport|Smoke||false
4006|Gorgon Heavy Transport|Imperium||false
4006|Gorgon Heavy Transport|Frame||false
4006|Gorgon Heavy Transport|Titanic||false
4006|Gorgon Heavy Transport|Transport||false
4006|Gorgon Heavy Transport|Vehicle||false
4007|Griffon Mortar Carrier|Astra Militarum||true
4007|Griffon Mortar Carrier|Genestealer Cults||true
4007|Griffon Mortar Carrier|Squadron||false
4007|Griffon Mortar Carrier|Vehicle||false
4007|Griffon Mortar Carrier|Artillery||false
4007|Griffon Mortar Carrier|Frame||false
4007|Griffon Mortar Carrier|Imperium||false
4007|Griffon Mortar Carrier|Smoke||false
4007|Griffon Mortar Carrier|Griffon Mortar Carrier||false
4008|Hades Breaching Drill|Astra Militarum||true
4008|Hades Breaching Drill|Genestealer Cults||true
4008|Hades Breaching Drill|Vehicle||false
4008|Hades Breaching Drill|Imperium||false
4008|Hades Breaching Drill|Hades Breaching Drill||false
4008|Hades Breaching Drill|Frame||false
4009|Heavy Mortar Team|Astra Militarum||true
4009|Heavy Mortar Team|Genestealer Cults||true
4009|Heavy Mortar Team|Heavy Mortar Team||false
4009|Heavy Mortar Team|Grenades||false
4009|Heavy Mortar Team|Infantry||false
4009|Heavy Mortar Team|Artillery||false
4009|Heavy Mortar Team|Imperium||false
4009|Heavy Mortar Team|Regiment||false
4010|Heavy Quad Launcher Team|Astra Militarum||true
4010|Heavy Quad Launcher Team|Genestealer Cults||true
4010|Heavy Quad Launcher Team|Artillery||false
4010|Heavy Quad Launcher Team|Infantry||false
4010|Heavy Quad Launcher Team|Imperium||false
4010|Heavy Quad Launcher Team|Grenades||false
4010|Heavy Quad Launcher Team|Regiment||false
4010|Heavy Quad Launcher Team|Heavy Quad Launcher Team||false
4011|Macharius|Astra Militarum||true
4011|Macharius|Genestealer Cults||true
4011|Macharius|Frame||false
4011|Macharius|Titanic||false
4011|Macharius|Imperium||false
4011|Macharius|Smoke||false
4011|Macharius|Vehicle||false
4011|Macharius|Macharius||false
4012|Macharius Omega|Astra Militarum||true
4012|Macharius Omega|Genestealer Cults||true
4012|Macharius Omega|Frame||false
4012|Macharius Omega|Titanic||false
4012|Macharius Omega|Imperium||false
4012|Macharius Omega|Smoke||false
4012|Macharius Omega|Macharius Omega||false
4012|Macharius Omega|Vehicle||false
4013|Macharius Vanquisher|Astra Militarum||true
4013|Macharius Vanquisher|Genestealer Cults||true
4013|Macharius Vanquisher|Vehicle||false
4013|Macharius Vanquisher|Frame||false
4013|Macharius Vanquisher|Titanic||false
4013|Macharius Vanquisher|Imperium||false
4013|Macharius Vanquisher|Smoke||false
4013|Macharius Vanquisher|Macharius Vanquisher||false
4014|Macharius Vulcan|Astra Militarum||true
4014|Macharius Vulcan|Genestealer Cults||true
4014|Macharius Vulcan|Smoke||false
4014|Macharius Vulcan|Macharius Vulcan||false
4014|Macharius Vulcan|Vehicle||false
4014|Macharius Vulcan|Frame||false
4014|Macharius Vulcan|Titanic||false
4014|Macharius Vulcan|Imperium||false
4015|Malcador|Astra Militarum||true
4015|Malcador|Genestealer Cults||true
4015|Malcador|Vehicle||false
4015|Malcador|Frame||false
4015|Malcador|Imperium||false
4015|Malcador|Squadron||false
4015|Malcador|Smoke||false
4015|Malcador|Malcador||false
4016|Malcador Annihilator|Astra Militarum||true
4016|Malcador Annihilator|Genestealer Cults||true
4016|Malcador Annihilator|Imperium||false
4016|Malcador Annihilator|Malcador Annihilator||false
4016|Malcador Annihilator|Frame||false
4016|Malcador Annihilator|Smoke||false
4016|Malcador Annihilator|Vehicle||false
4016|Malcador Annihilator|Squadron||false
4017|Malcador Defender|Astra Militarum||true
4017|Malcador Defender|Genestealer Cults||true
4017|Malcador Defender|Imperium||false
4017|Malcador Defender|Frame||false
4017|Malcador Defender|Vehicle||false
4017|Malcador Defender|Squadron||false
4017|Malcador Defender|Smoke||false
4017|Malcador Defender|Malcador Defender||false
4018|Malcador Infernus|Genestealer Cults||true
4018|Malcador Infernus|Astra Militarum||true
4018|Malcador Infernus|Vehicle||false
4018|Malcador Infernus|Frame||false
4018|Malcador Infernus|Squadron||false
4018|Malcador Infernus|Smoke||false
4018|Malcador Infernus|Malcador Infernus||false
4018|Malcador Infernus|Imperium||false
4019|Medusa Carriage Battery|Genestealer Cults||true
4019|Medusa Carriage Battery|Astra Militarum||true
4019|Medusa Carriage Battery|Medusa Carriage Battery||false
4019|Medusa Carriage Battery|Regiment||false
4019|Medusa Carriage Battery|Grenades||false
4019|Medusa Carriage Battery|Infantry||false
4019|Medusa Carriage Battery|Artillery||false
4019|Medusa Carriage Battery|Imperium||false
4020|Minotaur|Genestealer Cults||true
4020|Minotaur|Astra Militarum||true
4020|Minotaur|Vehicle||false
4020|Minotaur|Frame||false
4020|Minotaur|Imperium||false
4020|Minotaur|Artillery||false
4020|Minotaur|Squadron||false
4020|Minotaur|Transport||false
4020|Minotaur|Minotaur||false
4020|Minotaur|Smoke||false
4021|Mukaali Riders|Astra Militarum||true
4021|Mukaali Riders|Genestealer Cults||true
4021|Mukaali Riders|Mounted||false
4021|Mukaali Riders|Mukaali Riders||false
4021|Mukaali Riders|Grenades||false
4021|Mukaali Riders|Imperium||false
4021|Mukaali Riders|Regiment||false
4022|Munitorum Servitors|Astra Militarum||true
4022|Munitorum Servitors|Genestealer Cults||true
4022|Munitorum Servitors|Infantry||false
4022|Munitorum Servitors|Munitorum Servitors||false
4022|Munitorum Servitors|Imperium||false
4023|Praetor|Astra Militarum||true
4023|Praetor|Genestealer Cults||true
4023|Praetor|Smoke||false
4023|Praetor|Squadron||false
4023|Praetor|Imperium||false
4023|Praetor|Frame||false
4023|Praetor|Vehicle||false
4023|Praetor|Praetor||false
4024|Rapier Laser Destroyer Battery|Astra Militarum||true
4024|Rapier Laser Destroyer Battery|Genestealer Cults||true
4024|Rapier Laser Destroyer Battery|Artillery||false
4024|Rapier Laser Destroyer Battery|Rapier Laser Destroyer Battery||false
4024|Rapier Laser Destroyer Battery|Imperium||false
4024|Rapier Laser Destroyer Battery|Regiment||false
4024|Rapier Laser Destroyer Battery|Grenades||false
4024|Rapier Laser Destroyer Battery|Infantry||false
4025|Regimental Attachés|Genestealer Cults||true
4025|Regimental Attachés|Astra Militarum||true
4025|Regimental Attachés|Imperium|ALL MODELS|false
4025|Regimental Attachés|Psyker|ASTROPATH|false
4025|Regimental Attachés|Regimental Attachés|ALL MODELS|false
4025|Regimental Attachés|Infantry|ALL MODELS|false
4026|Salamander Command Vehicle|Astra Militarum||true
4026|Salamander Command Vehicle|Genestealer Cults||true
4026|Salamander Command Vehicle|Vehicle||false
4026|Salamander Command Vehicle|Frame||false
4026|Salamander Command Vehicle|Imperium||false
4026|Salamander Command Vehicle|Squadron||false
4026|Salamander Command Vehicle|Smoke||false
4026|Salamander Command Vehicle|Salamander Command Vehicle||false
4027|Salamander Scout Vehicle|Astra Militarum||true
4027|Salamander Scout Vehicle|Genestealer Cults||true
4027|Salamander Scout Vehicle|Salamander Scout Vehicle||false
4027|Salamander Scout Vehicle|Smoke||false
4027|Salamander Scout Vehicle|Squadron||false
4027|Salamander Scout Vehicle|Imperium||false
4027|Salamander Scout Vehicle|Frame||false
4027|Salamander Scout Vehicle|Vehicle||false
4028|Sentinel Powerlifter|Astra Militarum||true
4028|Sentinel Powerlifter|Genestealer Cults||true
4028|Sentinel Powerlifter|Regiment||false
4028|Sentinel Powerlifter|Squadron||false
4028|Sentinel Powerlifter|Frame||false
4028|Sentinel Powerlifter|Vehicle||false
4028|Sentinel Powerlifter|Walker||false
4028|Sentinel Powerlifter|Smoke||false
4028|Sentinel Powerlifter|Imperium||false
4028|Sentinel Powerlifter|Sentinel Powerlifter||false
4029|Stormblade|Genestealer Cults||true
4029|Stormblade|Astra Militarum||true
4029|Stormblade|Smoke||false
4029|Stormblade|Stormblade||false
4029|Stormblade|Vehicle||false
4029|Stormblade|Titanic||false
4029|Stormblade|Frame||false
4029|Stormblade|Imperium||false
4030|Stygies Destroyer Tank Hunter|Genestealer Cults||true
4030|Stygies Destroyer Tank Hunter|Astra Militarum||true
4030|Stygies Destroyer Tank Hunter|Frame||false
4030|Stygies Destroyer Tank Hunter|Smoke||false
4030|Stygies Destroyer Tank Hunter|Squadron||false
4030|Stygies Destroyer Tank Hunter|Imperium||false
4030|Stygies Destroyer Tank Hunter|Vehicle||false
4030|Stygies Destroyer Tank Hunter|Stygies Destroyer Tank Hunter||false
4031|Tarantula Battery|Genestealer Cults||true
4031|Tarantula Battery|Astra Militarum||true
4031|Tarantula Battery|Tarantula Battery||false
4031|Tarantula Battery|Imperium||false
4031|Tarantula Battery|Vehicle||false
4032|Tauros Assault Vehicle|Genestealer Cults||true
4032|Tauros Assault Vehicle|Astra Militarum||true
4032|Tauros Assault Vehicle|Imperium||false
4032|Tauros Assault Vehicle|Frame||false
4032|Tauros Assault Vehicle|Regiment||false
4032|Tauros Assault Vehicle|Mounted||false
4032|Tauros Assault Vehicle|Tauros||false
4032|Tauros Assault Vehicle|Tauros Assault Vehicle||false
4033|Tauros Venator|Genestealer Cults||true
4033|Tauros Venator|Astra Militarum||true
4033|Tauros Venator|Tauros Venator||false
4033|Tauros Venator|Tauros||false
4033|Tauros Venator|Imperium||false
4033|Tauros Venator|Frame||false
4033|Tauros Venator|Regiment||false
4033|Tauros Venator|Mounted||false
4034|Trojan Support Vehicle|Genestealer Cults||true
4034|Trojan Support Vehicle|Astra Militarum||true
4034|Trojan Support Vehicle|Trojan Support Vehicle||false
4034|Trojan Support Vehicle|Imperium||false
4034|Trojan Support Vehicle|Frame||false
4034|Trojan Support Vehicle|Smoke||false
4034|Trojan Support Vehicle|Squadron||false
4034|Trojan Support Vehicle|Vehicle||false
4035|Valdor|Astra Militarum||true
4035|Valdor|Genestealer Cults||true
4035|Valdor|Frame||false
4035|Valdor|Smoke||false
4035|Valdor|Titanic||false
4035|Valdor|Vehicle||false
4035|Valdor|Valdor||false
4035|Valdor|Imperium||false
4036|Chaos Lord|Heretic Astartes||true
4036|Chaos Lord|Legiones Daemonica||true
4036|Chaos Lord|Chaos||false
4036|Chaos Lord|Chaos Lord||false
4036|Chaos Lord|Undivided||false
4036|Chaos Lord|Shadow Legion||false
4036|Chaos Lord|Character||false
4036|Chaos Lord|Grenades||false
4036|Chaos Lord|Chaos Lord||false
4036|Chaos Lord|Undivided||false
4036|Chaos Lord|Infantry||false
4036|Chaos Lord|Character||false
4036|Chaos Lord|Grenades||false
4036|Chaos Lord|Chaos||false
4036|Chaos Lord|Chaos Lord||false
4036|Chaos Lord|Undivided||false
4036|Chaos Lord|Shadow Legion||false
4036|Chaos Lord|Chaos||false
4036|Chaos Lord|Infantry||false
4036|Chaos Lord|Shadow Legion||false
4036|Chaos Lord|Infantry||false
4036|Chaos Lord|Character||false
4036|Chaos Lord|Grenades||false
4036|Chaos Lord|Chaos||false
4036|Chaos Lord|Chaos Lord||false
4036|Chaos Lord|Undivided||false
4036|Chaos Lord|Shadow Legion||false
4036|Chaos Lord|Infantry||false
4036|Chaos Lord|Character||false
4036|Chaos Lord|Grenades||false
4036|Chaos Lord|Chaos||false
4036|Chaos Lord|Chaos Lord||false
4036|Chaos Lord|Undivided||false
4036|Chaos Lord|Shadow Legion||false
4036|Chaos Lord|Infantry||false
4036|Chaos Lord|Character||false
4036|Chaos Lord|Grenades||false
4037|Chaos Lord In Terminator Armour|Legiones Daemonica||true
4037|Chaos Lord In Terminator Armour|Heretic Astartes||true
4037|Chaos Lord In Terminator Armour|Shadow Legion||false
4037|Chaos Lord In Terminator Armour|Undivided||false
4037|Chaos Lord In Terminator Armour|Chaos Lord in Terminator Armour||false
4037|Chaos Lord In Terminator Armour|Terminator||false
4037|Chaos Lord In Terminator Armour|Chaos Lord||false
4037|Chaos Lord In Terminator Armour|Chaos||false
4037|Chaos Lord In Terminator Armour|Character||false
4037|Chaos Lord In Terminator Armour|Infantry||false
4037|Chaos Lord In Terminator Armour|Shadow Legion||false
4037|Chaos Lord In Terminator Armour|Undivided||false
4037|Chaos Lord In Terminator Armour|Chaos Lord in Terminator Armour||false
4037|Chaos Lord In Terminator Armour|Terminator||false
4037|Chaos Lord In Terminator Armour|Chaos Lord||false
4037|Chaos Lord In Terminator Armour|Chaos||false
4037|Chaos Lord In Terminator Armour|Character||false
4037|Chaos Lord In Terminator Armour|Chaos||false
4037|Chaos Lord In Terminator Armour|Chaos Lord||false
4037|Chaos Lord In Terminator Armour|Terminator||false
4037|Chaos Lord In Terminator Armour|Chaos Lord||false
4037|Chaos Lord In Terminator Armour|Infantry||false
4037|Chaos Lord In Terminator Armour|Character||false
4037|Chaos Lord In Terminator Armour|Chaos||false
4037|Chaos Lord In Terminator Armour|Chaos Lord in Terminator Armour||false
4037|Chaos Lord In Terminator Armour|Terminator||false
4037|Chaos Lord In Terminator Armour|Undivided||false
4037|Chaos Lord In Terminator Armour|Shadow Legion||false
4037|Chaos Lord In Terminator Armour|Infantry||false
4037|Chaos Lord In Terminator Armour|Chaos||false
4037|Chaos Lord In Terminator Armour|Character||false
4037|Chaos Lord In Terminator Armour|Infantry||false
4037|Chaos Lord In Terminator Armour|Character||false
4037|Chaos Lord In Terminator Armour|Undivided||false
4037|Chaos Lord In Terminator Armour|Chaos Lord||false
4037|Chaos Lord In Terminator Armour|Terminator||false
4037|Chaos Lord In Terminator Armour|Chaos Lord in Terminator Armour||false
4037|Chaos Lord In Terminator Armour|Undivided||false
4037|Chaos Lord In Terminator Armour|Shadow Legion||false
4037|Chaos Lord In Terminator Armour|Infantry||false
4037|Chaos Lord In Terminator Armour|Character||false
4037|Chaos Lord In Terminator Armour|Chaos||false
4037|Chaos Lord In Terminator Armour|Chaos Lord||false
4037|Chaos Lord In Terminator Armour|Terminator||false
4037|Chaos Lord In Terminator Armour|Chaos Lord in Terminator Armour||false
4037|Chaos Lord In Terminator Armour|Undivided||false
4037|Chaos Lord In Terminator Armour|Shadow Legion||false
4037|Chaos Lord In Terminator Armour|Chaos Lord in Terminator Armour||false
4037|Chaos Lord In Terminator Armour|Shadow Legion||false
4037|Chaos Lord In Terminator Armour|Infantry||false
4038|Chaos Lord with Jump Pack|Legiones Daemonica||true
4038|Chaos Lord with Jump Pack|Heretic Astartes||true
4038|Chaos Lord with Jump Pack|Shadow Legion||false
4038|Chaos Lord with Jump Pack|Chaos Lord||false
4038|Chaos Lord with Jump Pack|Infantry||false
4038|Chaos Lord with Jump Pack|Character||false
4038|Chaos Lord with Jump Pack|Jump Pack||false
4038|Chaos Lord with Jump Pack|Fly||false
4038|Chaos Lord with Jump Pack|Grenades||false
4038|Chaos Lord with Jump Pack|Chaos||false
4038|Chaos Lord with Jump Pack|Chaos Lord||false
4038|Chaos Lord with Jump Pack|Undivided||false
4038|Chaos Lord with Jump Pack|Shadow Legion||false
4038|Chaos Lord with Jump Pack|Infantry||false
4038|Chaos Lord with Jump Pack|Character||false
4038|Chaos Lord with Jump Pack|Jump Pack||false
4038|Chaos Lord with Jump Pack|Fly||false
4038|Chaos Lord with Jump Pack|Grenades||false
4038|Chaos Lord with Jump Pack|Chaos||false
4038|Chaos Lord with Jump Pack|Chaos Lord||false
4038|Chaos Lord with Jump Pack|Undivided||false
4038|Chaos Lord with Jump Pack|Shadow Legion||false
4038|Chaos Lord with Jump Pack|Infantry||false
4038|Chaos Lord with Jump Pack|Character||false
4038|Chaos Lord with Jump Pack|Jump Pack||false
4038|Chaos Lord with Jump Pack|Fly||false
4038|Chaos Lord with Jump Pack|Grenades||false
4038|Chaos Lord with Jump Pack|Chaos||false
4038|Chaos Lord with Jump Pack|Chaos Lord||false
4038|Chaos Lord with Jump Pack|Undivided||false
4038|Chaos Lord with Jump Pack|Shadow Legion||false
4038|Chaos Lord with Jump Pack|Infantry||false
4038|Chaos Lord with Jump Pack|Character||false
4038|Chaos Lord with Jump Pack|Jump Pack||false
4038|Chaos Lord with Jump Pack|Fly||false
4038|Chaos Lord with Jump Pack|Grenades||false
4038|Chaos Lord with Jump Pack|Chaos||false
4038|Chaos Lord with Jump Pack|Undivided||false
4038|Chaos Lord with Jump Pack|Shadow Legion||false
4038|Chaos Lord with Jump Pack|Infantry||false
4038|Chaos Lord with Jump Pack|Character||false
4038|Chaos Lord with Jump Pack|Jump Pack||false
4038|Chaos Lord with Jump Pack|Fly||false
4038|Chaos Lord with Jump Pack|Grenades||false
4038|Chaos Lord with Jump Pack|Chaos||false
4038|Chaos Lord with Jump Pack|Chaos Lord||false
4038|Chaos Lord with Jump Pack|Undivided||false
4038|Chaos Lord with Jump Pack|Shadow Legion||false
4038|Chaos Lord with Jump Pack|Infantry||false
4038|Chaos Lord with Jump Pack|Character||false
4038|Chaos Lord with Jump Pack|Jump Pack||false
4038|Chaos Lord with Jump Pack|Fly||false
4038|Chaos Lord with Jump Pack|Grenades||false
4038|Chaos Lord with Jump Pack|Chaos||false
4038|Chaos Lord with Jump Pack|Chaos Lord||false
4038|Chaos Lord with Jump Pack|Undivided||false
4038|Chaos Lord with Jump Pack|Shadow Legion||false
4038|Chaos Lord with Jump Pack|Infantry||false
4038|Chaos Lord with Jump Pack|Character||false
4038|Chaos Lord with Jump Pack|Jump Pack||false
4038|Chaos Lord with Jump Pack|Fly||false
4038|Chaos Lord with Jump Pack|Grenades||false
4038|Chaos Lord with Jump Pack|Chaos||false
4038|Chaos Lord with Jump Pack|Chaos Lord||false
4038|Chaos Lord with Jump Pack|Undivided||false
4039|Chaos Lord On Disc Of Tzeentch|Heretic Astartes||true
4039|Chaos Lord On Disc Of Tzeentch|Legiones Daemonica||true
4039|Chaos Lord On Disc Of Tzeentch|Character||false
4039|Chaos Lord On Disc Of Tzeentch|Chaos Lord||false
4039|Chaos Lord On Disc Of Tzeentch|Disc of Tzeentch||false
4039|Chaos Lord On Disc Of Tzeentch|Shadow Legion||false
4039|Chaos Lord On Disc Of Tzeentch|Undivided||false
4039|Chaos Lord On Disc Of Tzeentch|Disc of Tzeentch||false
4039|Chaos Lord On Disc Of Tzeentch|Chaos Lord||false
4039|Chaos Lord On Disc Of Tzeentch|Fly||false
4039|Chaos Lord On Disc Of Tzeentch|Tzeentch||false
4039|Chaos Lord On Disc Of Tzeentch|Chaos||false
4039|Chaos Lord On Disc Of Tzeentch|Grenades||false
4039|Chaos Lord On Disc Of Tzeentch|Character||false
4039|Chaos Lord On Disc Of Tzeentch|Infantry||false
4039|Chaos Lord On Disc Of Tzeentch|Shadow Legion||false
4039|Chaos Lord On Disc Of Tzeentch|Undivided||false
4039|Chaos Lord On Disc Of Tzeentch|Disc of Tzeentch||false
4039|Chaos Lord On Disc Of Tzeentch|Chaos Lord||false
4039|Chaos Lord On Disc Of Tzeentch|Fly||false
4039|Chaos Lord On Disc Of Tzeentch|Tzeentch||false
4039|Chaos Lord On Disc Of Tzeentch|Chaos||false
4039|Chaos Lord On Disc Of Tzeentch|Grenades||false
4039|Chaos Lord On Disc Of Tzeentch|Character||false
4039|Chaos Lord On Disc Of Tzeentch|Infantry||false
4039|Chaos Lord On Disc Of Tzeentch|Shadow Legion||false
4039|Chaos Lord On Disc Of Tzeentch|Undivided||false
4039|Chaos Lord On Disc Of Tzeentch|Disc of Tzeentch||false
4039|Chaos Lord On Disc Of Tzeentch|Chaos Lord||false
4039|Chaos Lord On Disc Of Tzeentch|Fly||false
4039|Chaos Lord On Disc Of Tzeentch|Tzeentch||false
4039|Chaos Lord On Disc Of Tzeentch|Chaos||false
4039|Chaos Lord On Disc Of Tzeentch|Grenades||false
4039|Chaos Lord On Disc Of Tzeentch|Infantry||false
4039|Chaos Lord On Disc Of Tzeentch|Shadow Legion||false
4039|Chaos Lord On Disc Of Tzeentch|Undivided||false
4039|Chaos Lord On Disc Of Tzeentch|Disc of Tzeentch||false
4039|Chaos Lord On Disc Of Tzeentch|Chaos Lord||false
4039|Chaos Lord On Disc Of Tzeentch|Fly||false
4039|Chaos Lord On Disc Of Tzeentch|Tzeentch||false
4039|Chaos Lord On Disc Of Tzeentch|Undivided||false
4039|Chaos Lord On Disc Of Tzeentch|Shadow Legion||false
4039|Chaos Lord On Disc Of Tzeentch|Chaos||false
4039|Chaos Lord On Disc Of Tzeentch|Grenades||false
4039|Chaos Lord On Disc Of Tzeentch|Character||false
4039|Chaos Lord On Disc Of Tzeentch|Infantry||false
4039|Chaos Lord On Disc Of Tzeentch|Shadow Legion||false
4039|Chaos Lord On Disc Of Tzeentch|Undivided||false
4039|Chaos Lord On Disc Of Tzeentch|Disc of Tzeentch||false
4039|Chaos Lord On Disc Of Tzeentch|Chaos Lord||false
4039|Chaos Lord On Disc Of Tzeentch|Fly||false
4039|Chaos Lord On Disc Of Tzeentch|Tzeentch||false
4039|Chaos Lord On Disc Of Tzeentch|Chaos||false
4039|Chaos Lord On Disc Of Tzeentch|Grenades||false
4039|Chaos Lord On Disc Of Tzeentch|Character||false
4039|Chaos Lord On Disc Of Tzeentch|Infantry||false
4039|Chaos Lord On Disc Of Tzeentch|Shadow Legion||false
4039|Chaos Lord On Disc Of Tzeentch|Undivided||false
4039|Chaos Lord On Disc Of Tzeentch|Disc of Tzeentch||false
4039|Chaos Lord On Disc Of Tzeentch|Chaos Lord||false
4039|Chaos Lord On Disc Of Tzeentch|Fly||false
4039|Chaos Lord On Disc Of Tzeentch|Tzeentch||false
4039|Chaos Lord On Disc Of Tzeentch|Chaos||false
4039|Chaos Lord On Disc Of Tzeentch|Grenades||false
4039|Chaos Lord On Disc Of Tzeentch|Fly||false
4039|Chaos Lord On Disc Of Tzeentch|Infantry||false
4039|Chaos Lord On Disc Of Tzeentch|Character||false
4039|Chaos Lord On Disc Of Tzeentch|Grenades||false
4039|Chaos Lord On Disc Of Tzeentch|Chaos||false
4039|Chaos Lord On Disc Of Tzeentch|Tzeentch||false
4039|Chaos Lord On Disc Of Tzeentch|Chaos Lord||false
4039|Chaos Lord On Disc Of Tzeentch|Disc of Tzeentch||false
4039|Chaos Lord On Disc Of Tzeentch|Undivided||false
4039|Chaos Lord On Disc Of Tzeentch|Shadow Legion||false
4039|Chaos Lord On Disc Of Tzeentch|Infantry||false
4039|Chaos Lord On Disc Of Tzeentch|Character||false
4039|Chaos Lord On Disc Of Tzeentch|Grenades||false
4039|Chaos Lord On Disc Of Tzeentch|Infantry||false
4039|Chaos Lord On Disc Of Tzeentch|Character||false
4039|Chaos Lord On Disc Of Tzeentch|Chaos||false
4039|Chaos Lord On Disc Of Tzeentch|Tzeentch||false
4039|Chaos Lord On Disc Of Tzeentch|Fly||false
4040|Chaos Lord On Juggernaut|Legiones Daemonica||true
4040|Chaos Lord On Juggernaut|Heretic Astartes||true
4040|Chaos Lord On Juggernaut|Character||false
4040|Chaos Lord On Juggernaut|Mounted||false
4040|Chaos Lord On Juggernaut|Shadow Legion||false
4040|Chaos Lord On Juggernaut|Undivided||false
4040|Chaos Lord On Juggernaut|Juggernaut||false
4040|Chaos Lord On Juggernaut|Chaos Lord||false
4040|Chaos Lord On Juggernaut|Khorne||false
4040|Chaos Lord On Juggernaut|Chaos||false
4040|Chaos Lord On Juggernaut|Grenades||false
4040|Chaos Lord On Juggernaut|Character||false
4040|Chaos Lord On Juggernaut|Mounted||false
4040|Chaos Lord On Juggernaut|Khorne||false
4040|Chaos Lord On Juggernaut|Juggernaut||false
4040|Chaos Lord On Juggernaut|Chaos||false
4040|Chaos Lord On Juggernaut|Grenades||false
4040|Chaos Lord On Juggernaut|Character||false
4040|Chaos Lord On Juggernaut|Mounted||false
4040|Chaos Lord On Juggernaut|Shadow Legion||false
4040|Chaos Lord On Juggernaut|Undivided||false
4040|Chaos Lord On Juggernaut|Juggernaut||false
4040|Chaos Lord On Juggernaut|Chaos Lord||false
4040|Chaos Lord On Juggernaut|Khorne||false
4040|Chaos Lord On Juggernaut|Chaos||false
4040|Chaos Lord On Juggernaut|Grenades||false
4040|Chaos Lord On Juggernaut|Character||false
4040|Chaos Lord On Juggernaut|Mounted||false
4040|Chaos Lord On Juggernaut|Shadow Legion||false
4040|Chaos Lord On Juggernaut|Undivided||false
4040|Chaos Lord On Juggernaut|Chaos Lord||false
4040|Chaos Lord On Juggernaut|Chaos Lord||false
4040|Chaos Lord On Juggernaut|Khorne||false
4040|Chaos Lord On Juggernaut|Chaos||false
4040|Chaos Lord On Juggernaut|Grenades||false
4040|Chaos Lord On Juggernaut|Character||false
4040|Chaos Lord On Juggernaut|Mounted||false
4040|Chaos Lord On Juggernaut|Shadow Legion||false
4040|Chaos Lord On Juggernaut|Undivided||false
4040|Chaos Lord On Juggernaut|Juggernaut||false
4040|Chaos Lord On Juggernaut|Chaos Lord||false
4040|Chaos Lord On Juggernaut|Khorne||false
4040|Chaos Lord On Juggernaut|Chaos||false
4040|Chaos Lord On Juggernaut|Shadow Legion||false
4040|Chaos Lord On Juggernaut|Grenades||false
4040|Chaos Lord On Juggernaut|Khorne||false
4040|Chaos Lord On Juggernaut|Chaos||false
4040|Chaos Lord On Juggernaut|Undivided||false
4040|Chaos Lord On Juggernaut|Grenades||false
4040|Chaos Lord On Juggernaut|Character||false
4040|Chaos Lord On Juggernaut|Mounted||false
4040|Chaos Lord On Juggernaut|Shadow Legion||false
4040|Chaos Lord On Juggernaut|Undivided||false
4040|Chaos Lord On Juggernaut|Juggernaut||false
4040|Chaos Lord On Juggernaut|Chaos Lord||false
4040|Chaos Lord On Juggernaut|Khorne||false
4040|Chaos Lord On Juggernaut|Chaos||false
4040|Chaos Lord On Juggernaut|Grenades||false
4040|Chaos Lord On Juggernaut|Character||false
4040|Chaos Lord On Juggernaut|Mounted||false
4040|Chaos Lord On Juggernaut|Shadow Legion||false
4040|Chaos Lord On Juggernaut|Undivided||false
4040|Chaos Lord On Juggernaut|Juggernaut||false
4040|Chaos Lord On Juggernaut|Chaos Lord||false
4040|Chaos Lord On Juggernaut|Juggernaut||false
4041|Chaos Lord On Palanquin Of Nurgle|Legiones Daemonica||true
4041|Chaos Lord On Palanquin Of Nurgle|Heretic Astartes||true
4041|Chaos Lord On Palanquin Of Nurgle|Nurgle||false
4041|Chaos Lord On Palanquin Of Nurgle|Chaos Lord||false
4041|Chaos Lord On Palanquin Of Nurgle|Palanquin of Nurgle||false
4041|Chaos Lord On Palanquin Of Nurgle|Undivided||false
4041|Chaos Lord On Palanquin Of Nurgle|Shadow Legion||false
4041|Chaos Lord On Palanquin Of Nurgle|Infantry||false
4041|Chaos Lord On Palanquin Of Nurgle|Character||false
4041|Chaos Lord On Palanquin Of Nurgle|Grenades||false
4041|Chaos Lord On Palanquin Of Nurgle|Chaos||false
4041|Chaos Lord On Palanquin Of Nurgle|Nurgle||false
4041|Chaos Lord On Palanquin Of Nurgle|Chaos Lord||false
4041|Chaos Lord On Palanquin Of Nurgle|Palanquin of Nurgle||false
4041|Chaos Lord On Palanquin Of Nurgle|Undivided||false
4041|Chaos Lord On Palanquin Of Nurgle|Shadow Legion||false
4041|Chaos Lord On Palanquin Of Nurgle|Infantry||false
4041|Chaos Lord On Palanquin Of Nurgle|Character||false
4041|Chaos Lord On Palanquin Of Nurgle|Grenades||false
4041|Chaos Lord On Palanquin Of Nurgle|Chaos||false
4041|Chaos Lord On Palanquin Of Nurgle|Nurgle||false
4041|Chaos Lord On Palanquin Of Nurgle|Chaos Lord||false
4041|Chaos Lord On Palanquin Of Nurgle|Palanquin of Nurgle||false
4041|Chaos Lord On Palanquin Of Nurgle|Undivided||false
4041|Chaos Lord On Palanquin Of Nurgle|Shadow Legion||false
4041|Chaos Lord On Palanquin Of Nurgle|Infantry||false
4041|Chaos Lord On Palanquin Of Nurgle|Character||false
4041|Chaos Lord On Palanquin Of Nurgle|Grenades||false
4041|Chaos Lord On Palanquin Of Nurgle|Chaos||false
4041|Chaos Lord On Palanquin Of Nurgle|Nurgle||false
4041|Chaos Lord On Palanquin Of Nurgle|Chaos Lord||false
4041|Chaos Lord On Palanquin Of Nurgle|Palanquin of Nurgle||false
4041|Chaos Lord On Palanquin Of Nurgle|Undivided||false
4041|Chaos Lord On Palanquin Of Nurgle|Shadow Legion||false
4041|Chaos Lord On Palanquin Of Nurgle|Infantry||false
4041|Chaos Lord On Palanquin Of Nurgle|Character||false
4041|Chaos Lord On Palanquin Of Nurgle|Grenades||false
4041|Chaos Lord On Palanquin Of Nurgle|Chaos||false
4041|Chaos Lord On Palanquin Of Nurgle|Nurgle||false
4041|Chaos Lord On Palanquin Of Nurgle|Chaos Lord||false
4041|Chaos Lord On Palanquin Of Nurgle|Palanquin of Nurgle||false
4041|Chaos Lord On Palanquin Of Nurgle|Undivided||false
4041|Chaos Lord On Palanquin Of Nurgle|Shadow Legion||false
4041|Chaos Lord On Palanquin Of Nurgle|Infantry||false
4041|Chaos Lord On Palanquin Of Nurgle|Character||false
4041|Chaos Lord On Palanquin Of Nurgle|Grenades||false
4041|Chaos Lord On Palanquin Of Nurgle|Chaos||false
4041|Chaos Lord On Palanquin Of Nurgle|Nurgle||false
4041|Chaos Lord On Palanquin Of Nurgle|Chaos Lord||false
4041|Chaos Lord On Palanquin Of Nurgle|Palanquin of Nurgle||false
4041|Chaos Lord On Palanquin Of Nurgle|Undivided||false
4041|Chaos Lord On Palanquin Of Nurgle|Shadow Legion||false
4041|Chaos Lord On Palanquin Of Nurgle|Infantry||false
4041|Chaos Lord On Palanquin Of Nurgle|Character||false
4041|Chaos Lord On Palanquin Of Nurgle|Grenades||false
4041|Chaos Lord On Palanquin Of Nurgle|Chaos||false
4041|Chaos Lord On Palanquin Of Nurgle|Nurgle||false
4041|Chaos Lord On Palanquin Of Nurgle|Chaos Lord||false
4041|Chaos Lord On Palanquin Of Nurgle|Palanquin of Nurgle||false
4041|Chaos Lord On Palanquin Of Nurgle|Undivided||false
4041|Chaos Lord On Palanquin Of Nurgle|Shadow Legion||false
4041|Chaos Lord On Palanquin Of Nurgle|Infantry||false
4041|Chaos Lord On Palanquin Of Nurgle|Character||false
4041|Chaos Lord On Palanquin Of Nurgle|Grenades||false
4041|Chaos Lord On Palanquin Of Nurgle|Chaos||false
4042|Chaos Lord On Steed Of Slaanesh|Legiones Daemonica||true
4042|Chaos Lord On Steed Of Slaanesh|Heretic Astartes||true
4042|Chaos Lord On Steed Of Slaanesh|Mounted||false
4042|Chaos Lord On Steed Of Slaanesh|Slaanesh||false
4042|Chaos Lord On Steed Of Slaanesh|Chaos||false
4042|Chaos Lord On Steed Of Slaanesh|Grenades||false
4042|Chaos Lord On Steed Of Slaanesh|Mounted||false
4042|Chaos Lord On Steed Of Slaanesh|Character||false
4042|Chaos Lord On Steed Of Slaanesh|Grenades||false
4042|Chaos Lord On Steed Of Slaanesh|Chaos||false
4042|Chaos Lord On Steed Of Slaanesh|Slaanesh||false
4042|Chaos Lord On Steed Of Slaanesh|Chaos Lord||false
4042|Chaos Lord On Steed Of Slaanesh|Steed of Slaanesh||false
4042|Chaos Lord On Steed Of Slaanesh|Undivided||false
4042|Chaos Lord On Steed Of Slaanesh|Shadow Legion||false
4042|Chaos Lord On Steed Of Slaanesh|Mounted||false
4042|Chaos Lord On Steed Of Slaanesh|Character||false
4042|Chaos Lord On Steed Of Slaanesh|Grenades||false
4042|Chaos Lord On Steed Of Slaanesh|Chaos||false
4042|Chaos Lord On Steed Of Slaanesh|Slaanesh||false
4042|Chaos Lord On Steed Of Slaanesh|Chaos Lord||false
4042|Chaos Lord On Steed Of Slaanesh|Steed of Slaanesh||false
4042|Chaos Lord On Steed Of Slaanesh|Undivided||false
4042|Chaos Lord On Steed Of Slaanesh|Chaos||false
4042|Chaos Lord On Steed Of Slaanesh|Shadow Legion||false
4042|Chaos Lord On Steed Of Slaanesh|Grenades||false
4042|Chaos Lord On Steed Of Slaanesh|Character||false
4042|Chaos Lord On Steed Of Slaanesh|Mounted||false
4042|Chaos Lord On Steed Of Slaanesh|Mounted||false
4042|Chaos Lord On Steed Of Slaanesh|Character||false
4042|Chaos Lord On Steed Of Slaanesh|Grenades||false
4042|Chaos Lord On Steed Of Slaanesh|Chaos||false
4042|Chaos Lord On Steed Of Slaanesh|Slaanesh||false
4042|Chaos Lord On Steed Of Slaanesh|Chaos Lord||false
4042|Chaos Lord On Steed Of Slaanesh|Shadow Legion||false
4042|Chaos Lord On Steed Of Slaanesh|Undivided||false
4042|Chaos Lord On Steed Of Slaanesh|Steed of Slaanesh||false
4042|Chaos Lord On Steed Of Slaanesh|Chaos Lord||false
4042|Chaos Lord On Steed Of Slaanesh|Steed of Slaanesh||false
4042|Chaos Lord On Steed Of Slaanesh|Undivided||false
4042|Chaos Lord On Steed Of Slaanesh|Shadow Legion||false
4042|Chaos Lord On Steed Of Slaanesh|Mounted||false
4042|Chaos Lord On Steed Of Slaanesh|Slaanesh||false
4042|Chaos Lord On Steed Of Slaanesh|Chaos||false
4042|Chaos Lord On Steed Of Slaanesh|Grenades||false
4042|Chaos Lord On Steed Of Slaanesh|Mounted||false
4042|Chaos Lord On Steed Of Slaanesh|Shadow Legion||false
4042|Chaos Lord On Steed Of Slaanesh|Undivided||false
4042|Chaos Lord On Steed Of Slaanesh|Steed of Slaanesh||false
4042|Chaos Lord On Steed Of Slaanesh|Chaos Lord||false
4042|Chaos Lord On Steed Of Slaanesh|Slaanesh||false
4042|Chaos Lord On Steed Of Slaanesh|Chaos||false
4042|Chaos Lord On Steed Of Slaanesh|Grenades||false
4042|Chaos Lord On Steed Of Slaanesh|Character||false
4042|Chaos Lord On Steed Of Slaanesh|Character||false
4042|Chaos Lord On Steed Of Slaanesh|Shadow Legion||false
4042|Chaos Lord On Steed Of Slaanesh|Undivided||false
4042|Chaos Lord On Steed Of Slaanesh|Steed of Slaanesh||false
4042|Chaos Lord On Steed Of Slaanesh|Chaos Lord||false
4042|Chaos Lord On Steed Of Slaanesh|Character||false
4042|Chaos Lord On Steed Of Slaanesh|Shadow Legion||false
4042|Chaos Lord On Steed Of Slaanesh|Undivided||false
4042|Chaos Lord On Steed Of Slaanesh|Steed of Slaanesh||false
4042|Chaos Lord On Steed Of Slaanesh|Chaos Lord||false
4042|Chaos Lord On Steed Of Slaanesh|Slaanesh||false
4043|Chaos Terminator Squad|Heretic Astartes||true
4043|Chaos Terminator Squad|Legiones Daemonica||true
4043|Chaos Terminator Squad|Infantry||false
4043|Chaos Terminator Squad|Undivided||false
4043|Chaos Terminator Squad|Shadow Legion||false
4043|Chaos Terminator Squad|Terminator||false
4043|Chaos Terminator Squad|Chaos Terminator Squad||false
4043|Chaos Terminator Squad|Shadow Legion||false
4043|Chaos Terminator Squad|Chaos Terminator Squad||false
4043|Chaos Terminator Squad|Terminator||false
4043|Chaos Terminator Squad|Chaos||false
4043|Chaos Terminator Squad|Shadow Legion||false
4043|Chaos Terminator Squad|Undivided||false
4043|Chaos Terminator Squad|Terminator||false
4043|Chaos Terminator Squad|Chaos||false
4043|Chaos Terminator Squad|Infantry||false
4043|Chaos Terminator Squad|Shadow Legion||false
4043|Chaos Terminator Squad|Undivided||false
4043|Chaos Terminator Squad|Chaos Terminator Squad||false
4043|Chaos Terminator Squad|Terminator||false
4043|Chaos Terminator Squad|Chaos||false
4043|Chaos Terminator Squad|Infantry||false
4043|Chaos Terminator Squad|Undivided||false
4043|Chaos Terminator Squad|Chaos Terminator Squad||false
4043|Chaos Terminator Squad|Chaos||false
4043|Chaos Terminator Squad|Infantry||false
4044|Chosen|Heretic Astartes||true
4044|Chosen|Legiones Daemonica||true
4044|Chosen|Chaos||false
4044|Chosen|Shadow Legion||false
4044|Chosen|Undivided||false
4044|Chosen|Infantry||false
4044|Chosen|Chosen||false
4044|Chosen|Infantry||false
4044|Chosen|Shadow Legion||false
4044|Chosen|Shadow Legion||false
4044|Chosen|Undivided||false
4044|Chosen|Chaos||false
4044|Chosen|Chosen||false
4044|Chosen|Grenades||false
4044|Chosen|Infantry||false
4044|Chosen|Shadow Legion||false
4044|Chosen|Undivided||false
4044|Chosen|Chaos||false
4044|Chosen|Grenades||false
4044|Chosen|Chosen||false
4044|Chosen|Infantry||false
4044|Chosen|Chaos||false
4044|Chosen|Grenades||false
4044|Chosen|Grenades||false
4044|Chosen|Undivided||false
4044|Chosen|Chosen||false
4045|Cultist Firebrand|Legiones Daemonica||true
4045|Cultist Firebrand|Heretic Astartes||true
4045|Cultist Firebrand|Infantry||false
4045|Cultist Firebrand|Character||false
4045|Cultist Firebrand|Grenades||false
4045|Cultist Firebrand|Chaos||false
4045|Cultist Firebrand|Damned||false
4045|Cultist Firebrand|Cultist Firebrand||false
4045|Cultist Firebrand|Undivided||false
4045|Cultist Firebrand|Shadow Legion||false
4045|Cultist Firebrand|Infantry||false
4045|Cultist Firebrand|Character||false
4045|Cultist Firebrand|Grenades||false
4045|Cultist Firebrand|Chaos||false
4045|Cultist Firebrand|Damned||false
4045|Cultist Firebrand|Cultist Firebrand||false
4045|Cultist Firebrand|Undivided||false
4045|Cultist Firebrand|Infantry||false
4045|Cultist Firebrand|Infantry||false
4045|Cultist Firebrand|Character||false
4045|Cultist Firebrand|Grenades||false
4045|Cultist Firebrand|Chaos||false
4045|Cultist Firebrand|Character||false
4045|Cultist Firebrand|Grenades||false
4045|Cultist Firebrand|Chaos||false
4045|Cultist Firebrand|Damned||false
4045|Cultist Firebrand|Cultist Firebrand||false
4045|Cultist Firebrand|Undivided||false
4045|Cultist Firebrand|Shadow Legion||false
4045|Cultist Firebrand|Damned||false
4045|Cultist Firebrand|Cultist Firebrand||false
4045|Cultist Firebrand|Undivided||false
4045|Cultist Firebrand|Shadow Legion||false
4045|Cultist Firebrand|Shadow Legion||false
4045|Cultist Firebrand|Infantry||false
4045|Cultist Firebrand|Character||false
4045|Cultist Firebrand|Grenades||false
4045|Cultist Firebrand|Chaos||false
4045|Cultist Firebrand|Damned||false
4045|Cultist Firebrand|Cultist Firebrand||false
4045|Cultist Firebrand|Undivided||false
4045|Cultist Firebrand|Shadow Legion||false
4045|Cultist Firebrand|Infantry||false
4045|Cultist Firebrand|Character||false
4045|Cultist Firebrand|Grenades||false
4045|Cultist Firebrand|Chaos||false
4045|Cultist Firebrand|Damned||false
4045|Cultist Firebrand|Cultist Firebrand||false
4045|Cultist Firebrand|Undivided||false
4045|Cultist Firebrand|Shadow Legion||false
4046|Dark Commune|Legiones Daemonica||true
4046|Dark Commune|Heretic Astartes||true
4046|Dark Commune|Grenades|ALL MODELS|false
4046|Dark Commune|Chaos|ALL MODELS|false
4046|Dark Commune|Damned|ALL MODELS|false
4046|Dark Commune|Dark Commune|ALL MODELS|false
4046|Dark Commune|Psyker|MINDWITCH ONLY|false
4046|Dark Commune|Character|CULT DEMAGOGUE ONLY|false
4046|Dark Commune|Cult Demagogue|CULT DEMAGOGUE ONLY|false
4046|Dark Commune|Undivided||false
4046|Dark Commune|Cult Demagogue|CULT DEMAGOGUE ONLY|false
4046|Dark Commune|Character|CULT DEMAGOGUE ONLY|false
4046|Dark Commune|Psyker|MINDWITCH ONLY|false
4046|Dark Commune|Dark Commune|ALL MODELS|false
4046|Dark Commune|Damned|ALL MODELS|false
4046|Dark Commune|Chaos|ALL MODELS|false
4046|Dark Commune|Grenades|ALL MODELS|false
4046|Dark Commune|Infantry|ALL MODELS|false
4046|Dark Commune|Shadow Legion||false
4046|Dark Commune|Infantry|ALL MODELS|false
4046|Dark Commune|Undivided||false
4046|Dark Commune|Cult Demagogue|CULT DEMAGOGUE ONLY|false
4046|Dark Commune|Character|CULT DEMAGOGUE ONLY|false
4046|Dark Commune|Grenades|ALL MODELS|false
4046|Dark Commune|Infantry|ALL MODELS|false
4046|Dark Commune|Undivided||false
4046|Dark Commune|Cult Demagogue|CULT DEMAGOGUE ONLY|false
4046|Dark Commune|Shadow Legion||false
4046|Dark Commune|Character|CULT DEMAGOGUE ONLY|false
4046|Dark Commune|Psyker|MINDWITCH ONLY|false
4046|Dark Commune|Dark Commune|ALL MODELS|false
4046|Dark Commune|Damned|ALL MODELS|false
4046|Dark Commune|Chaos|ALL MODELS|false
4046|Dark Commune|Grenades|ALL MODELS|false
4046|Dark Commune|Infantry|ALL MODELS|false
4046|Dark Commune|Shadow Legion||false
4046|Dark Commune|Undivided||false
4046|Dark Commune|Cult Demagogue|CULT DEMAGOGUE ONLY|false
4046|Dark Commune|Character|CULT DEMAGOGUE ONLY|false
4046|Dark Commune|Psyker|MINDWITCH ONLY|false
4046|Dark Commune|Dark Commune|ALL MODELS|false
4046|Dark Commune|Damned|ALL MODELS|false
4046|Dark Commune|Chaos|ALL MODELS|false
4046|Dark Commune|Grenades|ALL MODELS|false
4046|Dark Commune|Infantry|ALL MODELS|false
4046|Dark Commune|Shadow Legion||false
4046|Dark Commune|Undivided||false
4046|Dark Commune|Cult Demagogue|CULT DEMAGOGUE ONLY|false
4046|Dark Commune|Character|CULT DEMAGOGUE ONLY|false
4046|Dark Commune|Psyker|MINDWITCH ONLY|false
4046|Dark Commune|Dark Commune|ALL MODELS|false
4046|Dark Commune|Damned|ALL MODELS|false
4046|Dark Commune|Chaos|ALL MODELS|false
4046|Dark Commune|Grenades|ALL MODELS|false
4046|Dark Commune|Infantry|ALL MODELS|false
4046|Dark Commune|Shadow Legion||false
4046|Dark Commune|Undivided||false
4046|Dark Commune|Cult Demagogue|CULT DEMAGOGUE ONLY|false
4046|Dark Commune|Character|CULT DEMAGOGUE ONLY|false
4046|Dark Commune|Psyker|MINDWITCH ONLY|false
4046|Dark Commune|Dark Commune|ALL MODELS|false
4046|Dark Commune|Damned|ALL MODELS|false
4046|Dark Commune|Chaos|ALL MODELS|false
4046|Dark Commune|Grenades|ALL MODELS|false
4046|Dark Commune|Infantry|ALL MODELS|false
4046|Dark Commune|Infantry|ALL MODELS|false
4046|Dark Commune|Shadow Legion||false
4046|Dark Commune|Chaos|ALL MODELS|false
4046|Dark Commune|Damned|ALL MODELS|false
4046|Dark Commune|Dark Commune|ALL MODELS|false
4046|Dark Commune|Psyker|MINDWITCH ONLY|false
4046|Dark Commune|Undivided||false
4046|Dark Commune|Shadow Legion||false
4046|Dark Commune|Grenades|ALL MODELS|false
4046|Dark Commune|Chaos|ALL MODELS|false
4046|Dark Commune|Damned|ALL MODELS|false
4046|Dark Commune|Dark Commune|ALL MODELS|false
4046|Dark Commune|Psyker|MINDWITCH ONLY|false
4046|Dark Commune|Character|CULT DEMAGOGUE ONLY|false
4046|Dark Commune|Cult Demagogue|CULT DEMAGOGUE ONLY|false
4046|Dark Commune|Undivided||false
4046|Dark Commune|Shadow Legion||false
4047|Traitor Enforcer|Heretic Astartes||true
4047|Traitor Enforcer|Legiones Daemonica||true
4047|Traitor Enforcer|Character|TRAITOR ENFORCER ONLY|false
4047|Traitor Enforcer|Traitor Enforcer|TRAITOR ENFORCER ONLY|false
4047|Traitor Enforcer|Undivided||false
4047|Traitor Enforcer|Shadow Legion||false
4047|Traitor Enforcer|Infantry|ALL MODELS|false
4047|Traitor Enforcer|Chaos|ALL MODELS|false
4047|Traitor Enforcer|Grenades|ALL MODELS|false
4047|Traitor Enforcer|Damned|ALL MODELS|false
4047|Traitor Enforcer|Character|TRAITOR ENFORCER ONLY|false
4047|Traitor Enforcer|Traitor Enforcer|TRAITOR ENFORCER ONLY|false
4047|Traitor Enforcer|Undivided||false
4047|Traitor Enforcer|Undivided||false
4047|Traitor Enforcer|Shadow Legion||false
4047|Traitor Enforcer|Infantry|ALL MODELS|false
4047|Traitor Enforcer|Chaos|ALL MODELS|false
4047|Traitor Enforcer|Grenades|ALL MODELS|false
4047|Traitor Enforcer|Shadow Legion||false
4047|Traitor Enforcer|Infantry|ALL MODELS|false
4047|Traitor Enforcer|Character|TRAITOR ENFORCER ONLY|false
4047|Traitor Enforcer|Traitor Enforcer|TRAITOR ENFORCER ONLY|false
4047|Traitor Enforcer|Shadow Legion||false
4047|Traitor Enforcer|Infantry|ALL MODELS|false
4047|Traitor Enforcer|Chaos|ALL MODELS|false
4047|Traitor Enforcer|Grenades|ALL MODELS|false
4047|Traitor Enforcer|Character|TRAITOR ENFORCER ONLY|false
4047|Traitor Enforcer|Traitor Enforcer|TRAITOR ENFORCER ONLY|false
4047|Traitor Enforcer|Undivided||false
4047|Traitor Enforcer|Shadow Legion||false
4047|Traitor Enforcer|Chaos|ALL MODELS|false
4047|Traitor Enforcer|Grenades|ALL MODELS|false
4047|Traitor Enforcer|Damned|ALL MODELS|false
4047|Traitor Enforcer|Damned|ALL MODELS|false
4047|Traitor Enforcer|Damned|ALL MODELS|false
4047|Traitor Enforcer|Character|TRAITOR ENFORCER ONLY|false
4047|Traitor Enforcer|Traitor Enforcer|TRAITOR ENFORCER ONLY|false
4047|Traitor Enforcer|Undivided||false
4047|Traitor Enforcer|Shadow Legion||false
4047|Traitor Enforcer|Infantry|ALL MODELS|false
4047|Traitor Enforcer|Chaos|ALL MODELS|false
4047|Traitor Enforcer|Grenades|ALL MODELS|false
4047|Traitor Enforcer|Damned|ALL MODELS|false
4047|Traitor Enforcer|Infantry|ALL MODELS|false
4047|Traitor Enforcer|Chaos|ALL MODELS|false
4047|Traitor Enforcer|Grenades|ALL MODELS|false
4047|Traitor Enforcer|Damned|ALL MODELS|false
4047|Traitor Enforcer|Character|TRAITOR ENFORCER ONLY|false
4047|Traitor Enforcer|Traitor Enforcer|TRAITOR ENFORCER ONLY|false
4047|Traitor Enforcer|Undivided||false
4048|Renegade Enforcer|Heretic Astartes||true
4048|Renegade Enforcer|Legiones Daemonica||true
4048|Renegade Enforcer|Damned||false
4048|Renegade Enforcer|Chaos||false
4048|Renegade Enforcer|Infantry||false
4048|Renegade Enforcer|Shadow Legion||false
4048|Renegade Enforcer|Undivided||false
4048|Renegade Enforcer|Renegade Enforcer||false
4048|Renegade Enforcer|Character||false
4048|Renegade Enforcer|Grenades||false
4048|Renegade Enforcer|Damned||false
4048|Renegade Enforcer|Chaos||false
4048|Renegade Enforcer|Infantry||false
4048|Renegade Enforcer|Shadow Legion||false
4048|Renegade Enforcer|Undivided||false
4048|Renegade Enforcer|Renegade Enforcer||false
4048|Renegade Enforcer|Character||false
4048|Renegade Enforcer|Grenades||false
4048|Renegade Enforcer|Chaos||false
4048|Renegade Enforcer|Infantry||false
4048|Renegade Enforcer|Damned||false
4048|Renegade Enforcer|Shadow Legion||false
4048|Renegade Enforcer|Undivided||false
4048|Renegade Enforcer|Renegade Enforcer||false
4048|Renegade Enforcer|Character||false
4048|Renegade Enforcer|Grenades||false
4048|Renegade Enforcer|Damned||false
4048|Renegade Enforcer|Chaos||false
4048|Renegade Enforcer|Infantry||false
4048|Renegade Enforcer|Shadow Legion||false
4048|Renegade Enforcer|Undivided||false
4048|Renegade Enforcer|Renegade Enforcer||false
4048|Renegade Enforcer|Character||false
4048|Renegade Enforcer|Grenades||false
4048|Renegade Enforcer|Damned||false
4048|Renegade Enforcer|Chaos||false
4048|Renegade Enforcer|Infantry||false
4048|Renegade Enforcer|Shadow Legion||false
4048|Renegade Enforcer|Undivided||false
4048|Renegade Enforcer|Renegade Enforcer||false
4048|Renegade Enforcer|Character||false
4048|Renegade Enforcer|Grenades||false
4048|Renegade Enforcer|Damned||false
4048|Renegade Enforcer|Chaos||false
4048|Renegade Enforcer|Infantry||false
4048|Renegade Enforcer|Shadow Legion||false
4048|Renegade Enforcer|Undivided||false
4048|Renegade Enforcer|Renegade Enforcer||false
4048|Renegade Enforcer|Character||false
4048|Renegade Enforcer|Grenades||false
4049|Rogue Psyker|Heretic Astartes||true
4049|Rogue Psyker|Legiones Daemonica||true
4049|Rogue Psyker|Psyker||false
4049|Rogue Psyker|Chaos||false
4049|Rogue Psyker|Damned||false
4049|Rogue Psyker|Rogue Psyker||false
4049|Rogue Psyker|Undivided||false
4049|Rogue Psyker|Shadow Legion||false
4049|Rogue Psyker|Infantry||false
4049|Rogue Psyker|Character||false
4049|Rogue Psyker|Psyker||false
4049|Rogue Psyker|Chaos||false
4049|Rogue Psyker|Damned||false
4049|Rogue Psyker|Rogue Psyker||false
4049|Rogue Psyker|Undivided||false
4049|Rogue Psyker|Shadow Legion||false
4049|Rogue Psyker|Infantry||false
4049|Rogue Psyker|Character||false
4049|Rogue Psyker|Psyker||false
4049|Rogue Psyker|Chaos||false
4049|Rogue Psyker|Damned||false
4049|Rogue Psyker|Rogue Psyker||false
4049|Rogue Psyker|Undivided||false
4049|Rogue Psyker|Shadow Legion||false
4049|Rogue Psyker|Infantry||false
4049|Rogue Psyker|Character||false
4049|Rogue Psyker|Psyker||false
4049|Rogue Psyker|Chaos||false
4049|Rogue Psyker|Rogue Psyker||false
4049|Rogue Psyker|Undivided||false
4049|Rogue Psyker|Shadow Legion||false
4049|Rogue Psyker|Infantry||false
4049|Rogue Psyker|Infantry||false
4049|Rogue Psyker|Infantry||false
4049|Rogue Psyker|Damned||false
4049|Rogue Psyker|Chaos||false
4049|Rogue Psyker|Psyker||false
4049|Rogue Psyker|Character||false
4049|Rogue Psyker|Character||false
4049|Rogue Psyker|Shadow Legion||false
4049|Rogue Psyker|Undivided||false
4049|Rogue Psyker|Rogue Psyker||false
4049|Rogue Psyker|Damned||false
4049|Rogue Psyker|Chaos||false
4049|Rogue Psyker|Psyker||false
4049|Rogue Psyker|Character||false
4049|Rogue Psyker|Damned||false
4049|Rogue Psyker|Rogue Psyker||false
4049|Rogue Psyker|Undivided||false
4049|Rogue Psyker|Shadow Legion||false
4050|Cultist Mob|Heretic Astartes||true
4050|Cultist Mob|Legiones Daemonica||true
4050|Cultist Mob|Grenades||false
4050|Cultist Mob|Chaos||false
4050|Cultist Mob|Damned||false
4050|Cultist Mob|Cultist Mob||false
4050|Cultist Mob|Undivided||false
4050|Cultist Mob|Shadow Legion||false
4050|Cultist Mob|Infantry||false
4050|Cultist Mob|Battleline||false
4050|Cultist Mob|Grenades||false
4050|Cultist Mob|Chaos||false
4050|Cultist Mob|Damned||false
4050|Cultist Mob|Cultist Mob||false
4050|Cultist Mob|Undivided||false
4050|Cultist Mob|Shadow Legion||false
4050|Cultist Mob|Infantry||false
4050|Cultist Mob|Battleline||false
4050|Cultist Mob|Grenades||false
4050|Cultist Mob|Chaos||false
4050|Cultist Mob|Battleline||false
4050|Cultist Mob|Grenades||false
4050|Cultist Mob|Chaos||false
4050|Cultist Mob|Damned||false
4050|Cultist Mob|Cultist Mob||false
4050|Cultist Mob|Undivided||false
4050|Cultist Mob|Shadow Legion||false
4050|Cultist Mob|Shadow Legion||false
4050|Cultist Mob|Infantry||false
4050|Cultist Mob|Cultist Mob||false
4050|Cultist Mob|Infantry||false
4050|Cultist Mob|Damned||false
4050|Cultist Mob|Battleline||false
4050|Cultist Mob|Battleline||false
4050|Cultist Mob|Grenades||false
4050|Cultist Mob|Chaos||false
4050|Cultist Mob|Damned||false
4050|Cultist Mob|Undivided||false
4050|Cultist Mob|Cultist Mob||false
4050|Cultist Mob|Undivided||false
4050|Cultist Mob|Shadow Legion||false
4050|Cultist Mob|Infantry||false
4050|Cultist Mob|Battleline||false
4050|Cultist Mob|Grenades||false
4050|Cultist Mob|Chaos||false
4050|Cultist Mob|Damned||false
4050|Cultist Mob|Cultist Mob||false
4050|Cultist Mob|Undivided||false
4050|Cultist Mob|Shadow Legion||false
4050|Cultist Mob|Infantry||false
4051|Cultist Mob with Firearms|Legiones Daemonica||true
4051|Cultist Mob with Firearms|Heretic Astartes||true
4051|Cultist Mob with Firearms|Cultist Mob with Firearms||false
4051|Cultist Mob with Firearms|Undivided||false
4051|Cultist Mob with Firearms|Shadow Legion||false
4051|Cultist Mob with Firearms|Infantry||false
4051|Cultist Mob with Firearms|Battleline||false
4051|Cultist Mob with Firearms|Grenades||false
4051|Cultist Mob with Firearms|Chaos||false
4051|Cultist Mob with Firearms|Damned||false
4051|Cultist Mob with Firearms|Cultist Mob with Firearms||false
4051|Cultist Mob with Firearms|Undivided||false
4051|Cultist Mob with Firearms|Shadow Legion||false
4051|Cultist Mob with Firearms|Infantry||false
4051|Cultist Mob with Firearms|Battleline||false
4051|Cultist Mob with Firearms|Grenades||false
4051|Cultist Mob with Firearms|Chaos||false
4051|Cultist Mob with Firearms|Damned||false
4051|Cultist Mob with Firearms|Cultist Mob with Firearms||false
4051|Cultist Mob with Firearms|Undivided||false
4051|Cultist Mob with Firearms|Shadow Legion||false
4051|Cultist Mob with Firearms|Infantry||false
4051|Cultist Mob with Firearms|Battleline||false
4051|Cultist Mob with Firearms|Grenades||false
4051|Cultist Mob with Firearms|Chaos||false
4051|Cultist Mob with Firearms|Damned||false
4051|Cultist Mob with Firearms|Cultist Mob with Firearms||false
4051|Cultist Mob with Firearms|Undivided||false
4051|Cultist Mob with Firearms|Infantry||false
4051|Cultist Mob with Firearms|Battleline||false
4051|Cultist Mob with Firearms|Grenades||false
4051|Cultist Mob with Firearms|Chaos||false
4051|Cultist Mob with Firearms|Damned||false
4051|Cultist Mob with Firearms|Cultist Mob with Firearms||false
4051|Cultist Mob with Firearms|Undivided||false
4051|Cultist Mob with Firearms|Shadow Legion||false
4051|Cultist Mob with Firearms|Infantry||false
4051|Cultist Mob with Firearms|Battleline||false
4051|Cultist Mob with Firearms|Grenades||false
4051|Cultist Mob with Firearms|Chaos||false
4051|Cultist Mob with Firearms|Damned||false
4051|Cultist Mob with Firearms|Cultist Mob with Firearms||false
4051|Cultist Mob with Firearms|Undivided||false
4051|Cultist Mob with Firearms|Shadow Legion||false
4051|Cultist Mob with Firearms|Shadow Legion||false
4051|Cultist Mob with Firearms|Infantry||false
4051|Cultist Mob with Firearms|Battleline||false
4051|Cultist Mob with Firearms|Grenades||false
4051|Cultist Mob with Firearms|Chaos||false
4051|Cultist Mob with Firearms|Damned||false
4052|Accursed Cultists|Legiones Daemonica||true
4052|Accursed Cultists|Heretic Astartes||true
4052|Accursed Cultists|Infantry||false
4052|Accursed Cultists|Shadow Legion||false
4052|Accursed Cultists|Undivided||false
4052|Accursed Cultists|Shadow Legion||false
4052|Accursed Cultists|Accursed Cultists||false
4052|Accursed Cultists|Damned||false
4052|Accursed Cultists|Chaos||false
4052|Accursed Cultists|Infantry||false
4052|Accursed Cultists|Shadow Legion||false
4052|Accursed Cultists|Damned||false
4052|Accursed Cultists|Undivided||false
4052|Accursed Cultists|Accursed Cultists||false
4052|Accursed Cultists|Damned||false
4052|Accursed Cultists|Chaos||false
4052|Accursed Cultists|Infantry||false
4052|Accursed Cultists|Shadow Legion||false
4052|Accursed Cultists|Undivided||false
4052|Accursed Cultists|Accursed Cultists||false
4052|Accursed Cultists|Damned||false
4052|Accursed Cultists|Chaos||false
4052|Accursed Cultists|Infantry||false
4052|Accursed Cultists|Chaos||false
4052|Accursed Cultists|Undivided||false
4052|Accursed Cultists|Accursed Cultists||false
4053|Fellgor Beastmen|Heretic Astartes||true
4053|Fellgor Beastmen|Legiones Daemonica||true
4053|Fellgor Beastmen|Fellgor Beastmen||false
4053|Fellgor Beastmen|Damned||false
4053|Fellgor Beastmen|Chaos||false
4053|Fellgor Beastmen|Grenades||false
4053|Fellgor Beastmen|Infantry||false
4053|Fellgor Beastmen|Undivided||false
4053|Fellgor Beastmen|Infantry||false
4053|Fellgor Beastmen|Shadow Legion||false
4053|Fellgor Beastmen|Fellgor Beastmen||false
4053|Fellgor Beastmen|Damned||false
4053|Fellgor Beastmen|Chaos||false
4053|Fellgor Beastmen|Grenades||false
4053|Fellgor Beastmen|Infantry||false
4053|Fellgor Beastmen|Shadow Legion||false
4053|Fellgor Beastmen|Undivided||false
4053|Fellgor Beastmen|Fellgor Beastmen||false
4053|Fellgor Beastmen|Damned||false
4053|Fellgor Beastmen|Chaos||false
4053|Fellgor Beastmen|Grenades||false
4053|Fellgor Beastmen|Infantry||false
4053|Fellgor Beastmen|Shadow Legion||false
4053|Fellgor Beastmen|Undivided||false
4053|Fellgor Beastmen|Fellgor Beastmen||false
4053|Fellgor Beastmen|Damned||false
4053|Fellgor Beastmen|Chaos||false
4053|Fellgor Beastmen|Grenades||false
4053|Fellgor Beastmen|Shadow Legion||false
4053|Fellgor Beastmen|Undivided||false
4053|Fellgor Beastmen|Fellgor Beastmen||false
4053|Fellgor Beastmen|Damned||false
4053|Fellgor Beastmen|Chaos||false
4053|Fellgor Beastmen|Grenades||false
4053|Fellgor Beastmen|Infantry||false
4053|Fellgor Beastmen|Shadow Legion||false
4053|Fellgor Beastmen|Undivided||false
4054|Traitor Guardsmen Squad|Legiones Daemonica||true
4054|Traitor Guardsmen Squad|Heretic Astartes||true
4054|Traitor Guardsmen Squad|Chaos||false
4054|Traitor Guardsmen Squad|Infantry||false
4054|Traitor Guardsmen Squad|Traitor Guardsmen Squad||false
4054|Traitor Guardsmen Squad|Grenades||false
4054|Traitor Guardsmen Squad|Traitor Guardsmen Squad||false
4054|Traitor Guardsmen Squad|Grenades||false
4054|Traitor Guardsmen Squad|Damned||false
4054|Traitor Guardsmen Squad|Shadow Legion||false
4054|Traitor Guardsmen Squad|Undivided||false
4054|Traitor Guardsmen Squad|Traitor Guardsmen Squad||false
4054|Traitor Guardsmen Squad|Damned||false
4054|Traitor Guardsmen Squad|Chaos||false
4054|Traitor Guardsmen Squad|Infantry||false
4054|Traitor Guardsmen Squad|Shadow Legion||false
4054|Traitor Guardsmen Squad|Undivided||false
4054|Traitor Guardsmen Squad|Traitor Guardsmen Squad||false
4054|Traitor Guardsmen Squad|Damned||false
4054|Traitor Guardsmen Squad|Undivided||false
4054|Traitor Guardsmen Squad|Grenades||false
4054|Traitor Guardsmen Squad|Shadow Legion||false
4054|Traitor Guardsmen Squad|Undivided||false
4054|Traitor Guardsmen Squad|Infantry||false
4054|Traitor Guardsmen Squad|Traitor Guardsmen Squad||false
4054|Traitor Guardsmen Squad|Damned||false
4054|Traitor Guardsmen Squad|Chaos||false
4054|Traitor Guardsmen Squad|Grenades||false
4054|Traitor Guardsmen Squad|Infantry||false
4054|Traitor Guardsmen Squad|Shadow Legion||false
4054|Traitor Guardsmen Squad|Undivided||false
4054|Traitor Guardsmen Squad|Damned||false
4054|Traitor Guardsmen Squad|Chaos||false
4054|Traitor Guardsmen Squad|Grenades||false
4054|Traitor Guardsmen Squad|Infantry||false
4054|Traitor Guardsmen Squad|Chaos||false
4054|Traitor Guardsmen Squad|Shadow Legion||false
4055|Gellerpox Infected|Legiones Daemonica||true
4055|Gellerpox Infected|Heretic Astartes||true
4055|Gellerpox Infected|Infantry||false
4055|Gellerpox Infected|Shadow Legion||false
4055|Gellerpox Infected|Undivided||false
4055|Gellerpox Infected|Gellerpox Infected||false
4055|Gellerpox Infected|Damned||false
4055|Gellerpox Infected|Chaos||false
4055|Gellerpox Infected|Chaos||false
4055|Gellerpox Infected|Infantry||false
4055|Gellerpox Infected|Shadow Legion||false
4055|Gellerpox Infected|Undivided||false
4055|Gellerpox Infected|Gellerpox Infected||false
4055|Gellerpox Infected|Nurgle||false
4055|Gellerpox Infected|Damned||false
4055|Gellerpox Infected|Chaos||false
4055|Gellerpox Infected|Shadow Legion||false
4055|Gellerpox Infected|Infantry||false
4055|Gellerpox Infected|Shadow Legion||false
4055|Gellerpox Infected|Undivided||false
4055|Gellerpox Infected|Gellerpox Infected||false
4055|Gellerpox Infected|Nurgle||false
4055|Gellerpox Infected|Damned||false
4055|Gellerpox Infected|Chaos||false
4055|Gellerpox Infected|Infantry||false
4055|Gellerpox Infected|Undivided||false
4055|Gellerpox Infected|Nurgle||false
4055|Gellerpox Infected|Gellerpox Infected||false
4055|Gellerpox Infected|Damned||false
4055|Gellerpox Infected|Chaos||false
4055|Gellerpox Infected|Infantry||false
4055|Gellerpox Infected|Undivided||false
4055|Gellerpox Infected|Gellerpox Infected||false
4055|Gellerpox Infected|Nurgle||false
4055|Gellerpox Infected|Damned||false
4055|Gellerpox Infected|Nurgle||false
4055|Gellerpox Infected|Shadow Legion||false
4056|Mutoid Vermin|Heretic Astartes||true
4056|Mutoid Vermin|Legiones Daemonica||true
4056|Mutoid Vermin|Mutoid Vermin||false
4056|Mutoid Vermin|Nurgle||false
4056|Mutoid Vermin|Damned||false
4056|Mutoid Vermin|Chaos||false
4056|Mutoid Vermin|Swarm||false
4056|Mutoid Vermin|Shadow Legion||false
4056|Mutoid Vermin|Undivided||false
4056|Mutoid Vermin|Nurgle||false
4056|Mutoid Vermin|Damned||false
4056|Mutoid Vermin|Chaos||false
4056|Mutoid Vermin|Swarm||false
4056|Mutoid Vermin|Shadow Legion||false
4056|Mutoid Vermin|Undivided||false
4056|Mutoid Vermin|Mutoid Vermin||false
4056|Mutoid Vermin|Nurgle||false
4056|Mutoid Vermin|Damned||false
4056|Mutoid Vermin|Chaos||false
4056|Mutoid Vermin|Swarm||false
4056|Mutoid Vermin|Shadow Legion||false
4056|Mutoid Vermin|Undivided||false
4056|Mutoid Vermin|Mutoid Vermin||false
4056|Mutoid Vermin|Nurgle||false
4056|Mutoid Vermin|Damned||false
4056|Mutoid Vermin|Chaos||false
4056|Mutoid Vermin|Swarm||false
4056|Mutoid Vermin|Shadow Legion||false
4056|Mutoid Vermin|Undivided||false
4056|Mutoid Vermin|Mutoid Vermin||false
4056|Mutoid Vermin|Nurgle||false
4056|Mutoid Vermin|Damned||false
4056|Mutoid Vermin|Chaos||false
4056|Mutoid Vermin|Swarm||false
4056|Mutoid Vermin|Mutoid Vermin||false
4056|Mutoid Vermin|Shadow Legion||false
4056|Mutoid Vermin|Undivided||false
4057|Negavolt Cultists|Heretic Astartes||true
4057|Negavolt Cultists|Legiones Daemonica||true
4057|Negavolt Cultists|Undivided||false
4057|Negavolt Cultists|Shadow Legion||false
4057|Negavolt Cultists|Shadow Legion||false
4057|Negavolt Cultists|Undivided||false
4057|Negavolt Cultists|Negavolt Cultists||false
4057|Negavolt Cultists|Damned||false
4057|Negavolt Cultists|Chaos||false
4057|Negavolt Cultists|Infantry||false
4057|Negavolt Cultists|Shadow Legion||false
4057|Negavolt Cultists|Chaos||false
4057|Negavolt Cultists|Chaos||false
4057|Negavolt Cultists|Infantry||false
4057|Negavolt Cultists|Chaos||false
4057|Negavolt Cultists|Damned||false
4057|Negavolt Cultists|Negavolt Cultists||false
4057|Negavolt Cultists|Undivided||false
4057|Negavolt Cultists|Negavolt Cultists||false
4057|Negavolt Cultists|Undivided||false
4057|Negavolt Cultists|Infantry||false
4057|Negavolt Cultists|Shadow Legion||false
4057|Negavolt Cultists|Infantry||false
4057|Negavolt Cultists|Damned||false
4057|Negavolt Cultists|Damned||false
4057|Negavolt Cultists|Negavolt Cultists||false
4058|Renegade Heavy Weapons Squad|Heretic Astartes||true
4058|Renegade Heavy Weapons Squad|Legiones Daemonica||true
4058|Renegade Heavy Weapons Squad|Chaos||false
4058|Renegade Heavy Weapons Squad|Grenades||false
4058|Renegade Heavy Weapons Squad|Undivided||false
4058|Renegade Heavy Weapons Squad|Undivided||false
4058|Renegade Heavy Weapons Squad|Renegade Heavy Weapons Squad||false
4058|Renegade Heavy Weapons Squad|Grenades||false
4058|Renegade Heavy Weapons Squad|Damned||false
4058|Renegade Heavy Weapons Squad|Chaos||false
4058|Renegade Heavy Weapons Squad|Infantry||false
4058|Renegade Heavy Weapons Squad|Shadow Legion||false
4058|Renegade Heavy Weapons Squad|Undivided||false
4058|Renegade Heavy Weapons Squad|Renegade Heavy Weapons Squad||false
4058|Renegade Heavy Weapons Squad|Grenades||false
4058|Renegade Heavy Weapons Squad|Damned||false
4058|Renegade Heavy Weapons Squad|Infantry||false
4058|Renegade Heavy Weapons Squad|Shadow Legion||false
4058|Renegade Heavy Weapons Squad|Undivided||false
4058|Renegade Heavy Weapons Squad|Renegade Heavy Weapons Squad||false
4058|Renegade Heavy Weapons Squad|Grenades||false
4058|Renegade Heavy Weapons Squad|Damned||false
4058|Renegade Heavy Weapons Squad|Chaos||false
4058|Renegade Heavy Weapons Squad|Infantry||false
4058|Renegade Heavy Weapons Squad|Shadow Legion||false
4058|Renegade Heavy Weapons Squad|Renegade Heavy Weapons Squad||false
4058|Renegade Heavy Weapons Squad|Grenades||false
4058|Renegade Heavy Weapons Squad|Damned||false
4058|Renegade Heavy Weapons Squad|Undivided||false
4058|Renegade Heavy Weapons Squad|Shadow Legion||false
4058|Renegade Heavy Weapons Squad|Infantry||false
4058|Renegade Heavy Weapons Squad|Chaos||false
4058|Renegade Heavy Weapons Squad|Shadow Legion||false
4058|Renegade Heavy Weapons Squad|Chaos||false
4058|Renegade Heavy Weapons Squad|Infantry||false
4058|Renegade Heavy Weapons Squad|Damned||false
4058|Renegade Heavy Weapons Squad|Renegade Heavy Weapons Squad||false
4059|Renegade Ogryn Beast Handler|Legiones Daemonica||true
4059|Renegade Ogryn Beast Handler|Heretic Astartes||true
4059|Renegade Ogryn Beast Handler|Beasts||false
4059|Renegade Ogryn Beast Handler|Shadow Legion||false
4059|Renegade Ogryn Beast Handler|Damned||false
4059|Renegade Ogryn Beast Handler|Renegade Ogryn Beast Handler||false
4059|Renegade Ogryn Beast Handler|Undivided||false
4059|Renegade Ogryn Beast Handler|Chaos||false
4059|Renegade Ogryn Beast Handler|Chaos||false
4059|Renegade Ogryn Beast Handler|Shadow Legion||false
4059|Renegade Ogryn Beast Handler|Beasts||false
4059|Renegade Ogryn Beast Handler|Undivided||false
4059|Renegade Ogryn Beast Handler|Beasts||false
4059|Renegade Ogryn Beast Handler|Chaos||false
4059|Renegade Ogryn Beast Handler|Damned||false
4059|Renegade Ogryn Beast Handler|Renegade Ogryn Beast Handler||false
4059|Renegade Ogryn Beast Handler|Damned||false
4059|Renegade Ogryn Beast Handler|Damned||false
4059|Renegade Ogryn Beast Handler|Shadow Legion||false
4059|Renegade Ogryn Beast Handler|Undivided||false
4059|Renegade Ogryn Beast Handler|Renegade Ogryn Beast Handler||false
4059|Renegade Ogryn Beast Handler|Chaos||false
4059|Renegade Ogryn Beast Handler|Beasts||false
4059|Renegade Ogryn Beast Handler|Shadow Legion||false
4059|Renegade Ogryn Beast Handler|Undivided||false
4059|Renegade Ogryn Beast Handler|Renegade Ogryn Beast Handler||false
4060|Renegade Ogryn Brutes|Legiones Daemonica||true
4060|Renegade Ogryn Brutes|Heretic Astartes||true
4060|Renegade Ogryn Brutes|Renegade Ogryn Brutes||false
4060|Renegade Ogryn Brutes|Shadow Legion||false
4060|Renegade Ogryn Brutes|Chaos||false
4060|Renegade Ogryn Brutes|Renegade Ogryn Brutes||false
4060|Renegade Ogryn Brutes|Renegade Ogryn Brutes||false
4060|Renegade Ogryn Brutes|Damned||false
4060|Renegade Ogryn Brutes|Chaos||false
4060|Renegade Ogryn Brutes|Infantry||false
4060|Renegade Ogryn Brutes|Shadow Legion||false
4060|Renegade Ogryn Brutes|Shadow Legion||false
4060|Renegade Ogryn Brutes|Renegade Ogryn Brutes||false
4060|Renegade Ogryn Brutes|Undivided||false
4060|Renegade Ogryn Brutes|Chaos||false
4060|Renegade Ogryn Brutes|Infantry||false
4060|Renegade Ogryn Brutes|Damned||false
4060|Renegade Ogryn Brutes|Infantry||false
4060|Renegade Ogryn Brutes|Chaos||false
4060|Renegade Ogryn Brutes|Damned||false
4060|Renegade Ogryn Brutes|Infantry||false
4060|Renegade Ogryn Brutes|Shadow Legion||false
4060|Renegade Ogryn Brutes|Undivided||false
4060|Renegade Ogryn Brutes|Damned||false
4060|Renegade Ogryn Brutes|Undivided||false
4060|Renegade Ogryn Brutes|Undivided||false
4061|Renegade Plague Ogryns|Legiones Daemonica||true
4061|Renegade Plague Ogryns|Heretic Astartes||true
4061|Renegade Plague Ogryns|Chaos||false
4061|Renegade Plague Ogryns|Infantry||false
4061|Renegade Plague Ogryns|Shadow Legion||false
4061|Renegade Plague Ogryns|Undivided||false
4061|Renegade Plague Ogryns|Renegade Plague Ogryns||false
4061|Renegade Plague Ogryns|Nurgle||false
4061|Renegade Plague Ogryns|Damned||false
4061|Renegade Plague Ogryns|Chaos||false
4061|Renegade Plague Ogryns|Infantry||false
4061|Renegade Plague Ogryns|Shadow Legion||false
4061|Renegade Plague Ogryns|Undivided||false
4061|Renegade Plague Ogryns|Renegade Plague Ogryns||false
4061|Renegade Plague Ogryns|Damned||false
4061|Renegade Plague Ogryns|Chaos||false
4061|Renegade Plague Ogryns|Infantry||false
4061|Renegade Plague Ogryns|Nurgle||false
4061|Renegade Plague Ogryns|Chaos||false
4061|Renegade Plague Ogryns|Damned||false
4061|Renegade Plague Ogryns|Nurgle||false
4061|Renegade Plague Ogryns|Renegade Plague Ogryns||false
4061|Renegade Plague Ogryns|Undivided||false
4061|Renegade Plague Ogryns|Shadow Legion||false
4061|Renegade Plague Ogryns|Renegade Plague Ogryns||false
4061|Renegade Plague Ogryns|Infantry||false
4061|Renegade Plague Ogryns|Shadow Legion||false
4061|Renegade Plague Ogryns|Undivided||false
4061|Renegade Plague Ogryns|Renegade Plague Ogryns||false
4061|Renegade Plague Ogryns|Nurgle||false
4061|Renegade Plague Ogryns|Damned||false
4061|Renegade Plague Ogryns|Chaos||false
4061|Renegade Plague Ogryns|Infantry||false
4061|Renegade Plague Ogryns|Shadow Legion||false
4061|Renegade Plague Ogryns|Undivided||false
4061|Renegade Plague Ogryns|Nurgle||false
4061|Renegade Plague Ogryns|Damned||false
4062|Dark Apostle|Heretic Astartes||true
4062|Dark Apostle|Legiones Daemonica||true
4062|Dark Apostle|Chaos|ALL MODELS|false
4062|Dark Apostle|Grenades|ALL MODELS|false
4062|Dark Apostle|Infantry|ALL MODELS|false
4062|Dark Apostle|Dark Apostle|DARK APOSTLE ONLY|false
4062|Dark Apostle|Shadow Legion||false
4062|Dark Apostle|Undivided||false
4062|Dark Apostle|Chaos|ALL MODELS|false
4062|Dark Apostle|Character|DARK APOSTLE ONLY|false
4062|Dark Apostle|Chaos|ALL MODELS|false
4062|Dark Apostle|Grenades|ALL MODELS|false
4062|Dark Apostle|Dark Apostle|DARK APOSTLE ONLY|false
4062|Dark Apostle|Character|DARK APOSTLE ONLY|false
4062|Dark Apostle|Infantry|ALL MODELS|false
4062|Dark Apostle|Grenades|ALL MODELS|false
4062|Dark Apostle|Grenades|ALL MODELS|false
4062|Dark Apostle|Infantry|ALL MODELS|false
4062|Dark Apostle|Undivided||false
4062|Dark Apostle|Shadow Legion||false
4062|Dark Apostle|Dark Apostle|DARK APOSTLE ONLY|false
4062|Dark Apostle|Character|DARK APOSTLE ONLY|false
4062|Dark Apostle|Infantry|ALL MODELS|false
4062|Dark Apostle|Shadow Legion||false
4062|Dark Apostle|Undivided||false
4062|Dark Apostle|Dark Apostle|DARK APOSTLE ONLY|false
4062|Dark Apostle|Character|DARK APOSTLE ONLY|false
4062|Dark Apostle|Shadow Legion||false
4062|Dark Apostle|Chaos|ALL MODELS|false
4062|Dark Apostle|Undivided||false
4062|Dark Apostle|Shadow Legion||false
4062|Dark Apostle|Dark Apostle|DARK APOSTLE ONLY|false
4062|Dark Apostle|Character|DARK APOSTLE ONLY|false
4062|Dark Apostle|Chaos|ALL MODELS|false
4062|Dark Apostle|Grenades|ALL MODELS|false
4062|Dark Apostle|Infantry|ALL MODELS|false
4062|Dark Apostle|Undivided||false
4063|Havocs|Legiones Daemonica||true
4063|Havocs|Heretic Astartes||true
4063|Havocs|Infantry||false
4063|Havocs|Chaos||false
4063|Havocs|Undivided||false
4063|Havocs|Havocs||false
4063|Havocs|Chaos||false
4063|Havocs|Infantry||false
4063|Havocs|Shadow Legion||false
4063|Havocs|Undivided||false
4063|Havocs|Infantry||false
4063|Havocs|Chaos||false
4063|Havocs|Havocs||false
4063|Havocs|Shadow Legion||false
4063|Havocs|Undivided||false
4063|Havocs|Havocs||false
4063|Havocs|Shadow Legion||false
4064|Legionaries|Heretic Astartes||true
4064|Legionaries|Legiones Daemonica||true
4064|Legionaries|Infantry||false
4064|Legionaries|Battleline||false
4064|Legionaries|Chaos||false
4064|Legionaries|Grenades||false
4064|Legionaries|Legionaries||false
4064|Legionaries|Undivided||false
4064|Legionaries|Infantry||false
4064|Legionaries|Infantry||false
4064|Legionaries|Battleline||false
4064|Legionaries|Chaos||false
4064|Legionaries|Grenades||false
4064|Legionaries|Legionaries||false
4064|Legionaries|Shadow Legion||false
4064|Legionaries|Legionaries||false
4064|Legionaries|Undivided||false
4064|Legionaries|Undivided||false
4064|Legionaries|Shadow Legion||false
4064|Legionaries|Grenades||false
4064|Legionaries|Chaos||false
4064|Legionaries|Battleline||false
4064|Legionaries|Infantry||false
4064|Legionaries|Shadow Legion||false
4064|Legionaries|Undivided||false
4064|Legionaries|Legionaries||false
4064|Legionaries|Grenades||false
4064|Legionaries|Chaos||false
4064|Legionaries|Battleline||false
4064|Legionaries|Shadow Legion||false
4064|Legionaries|Infantry||false
4064|Legionaries|Battleline||false
4064|Legionaries|Chaos||false
4064|Legionaries|Grenades||false
4064|Legionaries|Legionaries||false
4064|Legionaries|Undivided||false
4064|Legionaries|Shadow Legion||false
4065|Master Of Possession|Legiones Daemonica||true
4065|Master Of Possession|Heretic Astartes||true
4065|Master Of Possession|Master of Possession||false
4065|Master Of Possession|Undivided||false
4065|Master Of Possession|Shadow Legion||false
4065|Master Of Possession|Chaos||false
4065|Master Of Possession|Shadow Legion||false
4065|Master Of Possession|Psyker||false
4065|Master Of Possession|Shadow Legion||false
4065|Master Of Possession|Psyker||false
4065|Master Of Possession|Psyker||false
4065|Master Of Possession|Master of Possession||false
4065|Master Of Possession|Infantry||false
4065|Master Of Possession|Character||false
4065|Master Of Possession|Psyker||false
4065|Master Of Possession|Chaos||false
4065|Master Of Possession|Character||false
4065|Master Of Possession|Infantry||false
4065|Master Of Possession|Shadow Legion||false
4065|Master Of Possession|Undivided||false
4065|Master Of Possession|Master of Possession||false
4065|Master Of Possession|Chaos||false
4065|Master Of Possession|Psyker||false
4065|Master Of Possession|Character||false
4065|Master Of Possession|Infantry||false
4065|Master Of Possession|Shadow Legion||false
4065|Master Of Possession|Undivided||false
4065|Master Of Possession|Master of Possession||false
4065|Master Of Possession|Chaos||false
4065|Master Of Possession|Character||false
4065|Master Of Possession|Infantry||false
4065|Master Of Possession|Undivided||false
4065|Master Of Possession|Master of Possession||false
4065|Master Of Possession|Chaos||false
4065|Master Of Possession|Undivided||false
4065|Master Of Possession|Character||false
4065|Master Of Possession|Infantry||false
4066|Possessed|Heretic Astartes||true
4066|Possessed|Legiones Daemonica||true
4066|Possessed|Shadow Legion||false
4066|Possessed|Undivided||false
4066|Possessed|Possessed||false
4066|Possessed|Daemon||false
4066|Possessed|Chaos||false
4066|Possessed|Infantry||false
4066|Possessed|Shadow Legion||false
4066|Possessed|Undivided||false
4066|Possessed|Possessed||false
4066|Possessed|Daemon||false
4066|Possessed|Infantry||false
4066|Possessed|Shadow Legion||false
4066|Possessed|Undivided||false
4066|Possessed|Possessed||false
4066|Possessed|Daemon||false
4066|Possessed|Chaos||false
4066|Possessed|Chaos||false
4066|Possessed|Possessed||false
4066|Possessed|Undivided||false
4066|Possessed|Daemon||false
4066|Possessed|Chaos||false
4066|Possessed|Infantry||false
4066|Possessed|Shadow Legion||false
4066|Possessed|Infantry||false
4067|Raptors|Legiones Daemonica||true
4067|Raptors|Heretic Astartes||true
4067|Raptors|Raptors||false
4067|Raptors|Undivided||false
4067|Raptors|Shadow Legion||false
4067|Raptors|Infantry||false
4067|Raptors|Jump Packs||false
4067|Raptors|Grenades||false
4067|Raptors|Chaos||false
4067|Raptors|Raptors||false
4067|Raptors|Undivided||false
4067|Raptors|Shadow Legion||false
4067|Raptors|Infantry||false
4067|Raptors|Fly||false
4067|Raptors|Jump Packs||false
4067|Raptors|Grenades||false
4067|Raptors|Chaos||false
4067|Raptors|Raptors||false
4067|Raptors|Undivided||false
4067|Raptors|Shadow Legion||false
4067|Raptors|Infantry||false
4067|Raptors|Fly||false
4067|Raptors|Jump Packs||false
4067|Raptors|Grenades||false
4067|Raptors|Chaos||false
4067|Raptors|Raptors||false
4067|Raptors|Undivided||false
4067|Raptors|Shadow Legion||false
4067|Raptors|Infantry||false
4067|Raptors|Fly||false
4067|Raptors|Jump Packs||false
4067|Raptors|Grenades||false
4067|Raptors|Chaos||false
4067|Raptors|Raptors||false
4067|Raptors|Undivided||false
4067|Raptors|Shadow Legion||false
4067|Raptors|Infantry||false
4067|Raptors|Fly||false
4067|Raptors|Jump Packs||false
4067|Raptors|Grenades||false
4067|Raptors|Chaos||false
4067|Raptors|Raptors||false
4067|Raptors|Undivided||false
4067|Raptors|Shadow Legion||false
4067|Raptors|Fly||false
4067|Raptors|Infantry||false
4067|Raptors|Fly||false
4067|Raptors|Jump Packs||false
4067|Raptors|Grenades||false
4067|Raptors|Chaos||false
4068|Sorcerer|Legiones Daemonica||true
4068|Sorcerer|Heretic Astartes||true
4068|Sorcerer|Sorcerer||false
4068|Sorcerer|Chaos||false
4068|Sorcerer|Infantry||false
4068|Sorcerer|Shadow Legion||false
4068|Sorcerer|Undivided||false
4068|Sorcerer|Sorcerer||false
4068|Sorcerer|Chaos||false
4068|Sorcerer|Grenades||false
4068|Sorcerer|Psyker||false
4068|Sorcerer|Character||false
4068|Sorcerer|Infantry||false
4068|Sorcerer|Shadow Legion||false
4068|Sorcerer|Undivided||false
4068|Sorcerer|Sorcerer||false
4068|Sorcerer|Grenades||false
4068|Sorcerer|Psyker||false
4068|Sorcerer|Grenades||false
4068|Sorcerer|Psyker||false
4068|Sorcerer|Character||false
4068|Sorcerer|Infantry||false
4068|Sorcerer|Shadow Legion||false
4068|Sorcerer|Undivided||false
4068|Sorcerer|Sorcerer||false
4068|Sorcerer|Chaos||false
4068|Sorcerer|Grenades||false
4068|Sorcerer|Psyker||false
4068|Sorcerer|Character||false
4068|Sorcerer|Infantry||false
4068|Sorcerer|Character||false
4068|Sorcerer|Shadow Legion||false
4068|Sorcerer|Undivided||false
4068|Sorcerer|Sorcerer||false
4068|Sorcerer|Chaos||false
4068|Sorcerer|Grenades||false
4068|Sorcerer|Psyker||false
4068|Sorcerer|Character||false
4068|Sorcerer|Infantry||false
4068|Sorcerer|Chaos||false
4068|Sorcerer|Shadow Legion||false
4068|Sorcerer|Undivided||false
4068|Sorcerer|Sorcerer||false
4068|Sorcerer|Chaos||false
4068|Sorcerer|Grenades||false
4068|Sorcerer|Psyker||false
4068|Sorcerer|Character||false
4068|Sorcerer|Infantry||false
4068|Sorcerer|Shadow Legion||false
4068|Sorcerer|Undivided||false
4069|Sorcerer On Disc Of Tzeentch|Legiones Daemonica||true
4069|Sorcerer On Disc Of Tzeentch|Heretic Astartes||true
4069|Sorcerer On Disc Of Tzeentch|Undivided||false
4069|Sorcerer On Disc Of Tzeentch|Shadow Legion||false
4069|Sorcerer On Disc Of Tzeentch|Infantry||false
4069|Sorcerer On Disc Of Tzeentch|Character||false
4069|Sorcerer On Disc Of Tzeentch|Infantry||false
4069|Sorcerer On Disc Of Tzeentch|Shadow Legion||false
4069|Sorcerer On Disc Of Tzeentch|Undivided||false
4069|Sorcerer On Disc Of Tzeentch|Disc of Tzeentch||false
4069|Sorcerer On Disc Of Tzeentch|Sorcerer||false
4069|Sorcerer On Disc Of Tzeentch|Fly||false
4069|Sorcerer On Disc Of Tzeentch|Tzeentch||false
4069|Sorcerer On Disc Of Tzeentch|Psyker||false
4069|Sorcerer On Disc Of Tzeentch|Chaos||false
4069|Sorcerer On Disc Of Tzeentch|Grenades||false
4069|Sorcerer On Disc Of Tzeentch|Character||false
4069|Sorcerer On Disc Of Tzeentch|Infantry||false
4069|Sorcerer On Disc Of Tzeentch|Shadow Legion||false
4069|Sorcerer On Disc Of Tzeentch|Undivided||false
4069|Sorcerer On Disc Of Tzeentch|Disc of Tzeentch||false
4069|Sorcerer On Disc Of Tzeentch|Sorcerer||false
4069|Sorcerer On Disc Of Tzeentch|Fly||false
4069|Sorcerer On Disc Of Tzeentch|Tzeentch||false
4069|Sorcerer On Disc Of Tzeentch|Psyker||false
4069|Sorcerer On Disc Of Tzeentch|Chaos||false
4069|Sorcerer On Disc Of Tzeentch|Grenades||false
4069|Sorcerer On Disc Of Tzeentch|Character||false
4069|Sorcerer On Disc Of Tzeentch|Grenades||false
4069|Sorcerer On Disc Of Tzeentch|Chaos||false
4069|Sorcerer On Disc Of Tzeentch|Psyker||false
4069|Sorcerer On Disc Of Tzeentch|Tzeentch||false
4069|Sorcerer On Disc Of Tzeentch|Fly||false
4069|Sorcerer On Disc Of Tzeentch|Sorcerer||false
4069|Sorcerer On Disc Of Tzeentch|Disc of Tzeentch||false
4069|Sorcerer On Disc Of Tzeentch|Undivided||false
4069|Sorcerer On Disc Of Tzeentch|Shadow Legion||false
4069|Sorcerer On Disc Of Tzeentch|Infantry||false
4069|Sorcerer On Disc Of Tzeentch|Character||false
4069|Sorcerer On Disc Of Tzeentch|Grenades||false
4069|Sorcerer On Disc Of Tzeentch|Chaos||false
4069|Sorcerer On Disc Of Tzeentch|Psyker||false
4069|Sorcerer On Disc Of Tzeentch|Tzeentch||false
4069|Sorcerer On Disc Of Tzeentch|Fly||false
4069|Sorcerer On Disc Of Tzeentch|Sorcerer||false
4069|Sorcerer On Disc Of Tzeentch|Disc of Tzeentch||false
4069|Sorcerer On Disc Of Tzeentch|Undivided||false
4069|Sorcerer On Disc Of Tzeentch|Shadow Legion||false
4069|Sorcerer On Disc Of Tzeentch|Infantry||false
4069|Sorcerer On Disc Of Tzeentch|Character||false
4069|Sorcerer On Disc Of Tzeentch|Grenades||false
4069|Sorcerer On Disc Of Tzeentch|Chaos||false
4069|Sorcerer On Disc Of Tzeentch|Psyker||false
4069|Sorcerer On Disc Of Tzeentch|Tzeentch||false
4069|Sorcerer On Disc Of Tzeentch|Fly||false
4069|Sorcerer On Disc Of Tzeentch|Sorcerer||false
4069|Sorcerer On Disc Of Tzeentch|Disc of Tzeentch||false
4069|Sorcerer On Disc Of Tzeentch|Undivided||false
4069|Sorcerer On Disc Of Tzeentch|Shadow Legion||false
4069|Sorcerer On Disc Of Tzeentch|Infantry||false
4069|Sorcerer On Disc Of Tzeentch|Character||false
4069|Sorcerer On Disc Of Tzeentch|Grenades||false
4069|Sorcerer On Disc Of Tzeentch|Chaos||false
4069|Sorcerer On Disc Of Tzeentch|Psyker||false
4069|Sorcerer On Disc Of Tzeentch|Tzeentch||false
4069|Sorcerer On Disc Of Tzeentch|Fly||false
4069|Sorcerer On Disc Of Tzeentch|Sorcerer||false
4069|Sorcerer On Disc Of Tzeentch|Disc of Tzeentch||false
4069|Sorcerer On Disc Of Tzeentch|Undivided||false
4069|Sorcerer On Disc Of Tzeentch|Shadow Legion||false
4069|Sorcerer On Disc Of Tzeentch|Infantry||false
4069|Sorcerer On Disc Of Tzeentch|Character||false
4069|Sorcerer On Disc Of Tzeentch|Grenades||false
4069|Sorcerer On Disc Of Tzeentch|Chaos||false
4069|Sorcerer On Disc Of Tzeentch|Psyker||false
4069|Sorcerer On Disc Of Tzeentch|Tzeentch||false
4069|Sorcerer On Disc Of Tzeentch|Fly||false
4069|Sorcerer On Disc Of Tzeentch|Sorcerer||false
4069|Sorcerer On Disc Of Tzeentch|Disc of Tzeentch||false
4069|Sorcerer On Disc Of Tzeentch|Undivided||false
4069|Sorcerer On Disc Of Tzeentch|Shadow Legion||false
4069|Sorcerer On Disc Of Tzeentch|Infantry||false
4069|Sorcerer On Disc Of Tzeentch|Character||false
4069|Sorcerer On Disc Of Tzeentch|Grenades||false
4069|Sorcerer On Disc Of Tzeentch|Chaos||false
4069|Sorcerer On Disc Of Tzeentch|Psyker||false
4069|Sorcerer On Disc Of Tzeentch|Tzeentch||false
4069|Sorcerer On Disc Of Tzeentch|Fly||false
4069|Sorcerer On Disc Of Tzeentch|Sorcerer||false
4069|Sorcerer On Disc Of Tzeentch|Disc of Tzeentch||false
4069|Sorcerer On Disc Of Tzeentch|Undivided||false
4069|Sorcerer On Disc Of Tzeentch|Shadow Legion||false
4069|Sorcerer On Disc Of Tzeentch|Infantry||false
4069|Sorcerer On Disc Of Tzeentch|Character||false
4069|Sorcerer On Disc Of Tzeentch|Grenades||false
4069|Sorcerer On Disc Of Tzeentch|Chaos||false
4069|Sorcerer On Disc Of Tzeentch|Psyker||false
4069|Sorcerer On Disc Of Tzeentch|Tzeentch||false
4069|Sorcerer On Disc Of Tzeentch|Fly||false
4069|Sorcerer On Disc Of Tzeentch|Sorcerer||false
4069|Sorcerer On Disc Of Tzeentch|Disc of Tzeentch||false
4070|Sorcerer On Palanquin Of Nurgle|Legiones Daemonica||true
4070|Sorcerer On Palanquin Of Nurgle|Heretic Astartes||true
4070|Sorcerer On Palanquin Of Nurgle|Chaos||false
4070|Sorcerer On Palanquin Of Nurgle|Infantry||false
4070|Sorcerer On Palanquin Of Nurgle|Character||false
4070|Sorcerer On Palanquin Of Nurgle|Grenades||false
4070|Sorcerer On Palanquin Of Nurgle|Chaos||false
4070|Sorcerer On Palanquin Of Nurgle|Psyker||false
4070|Sorcerer On Palanquin Of Nurgle|Nurgle||false
4070|Sorcerer On Palanquin Of Nurgle|Sorcerer||false
4070|Sorcerer On Palanquin Of Nurgle|Palanquin of Nurgle||false
4070|Sorcerer On Palanquin Of Nurgle|Undivided||false
4070|Sorcerer On Palanquin Of Nurgle|Shadow Legion||false
4070|Sorcerer On Palanquin Of Nurgle|Infantry||false
4070|Sorcerer On Palanquin Of Nurgle|Character||false
4070|Sorcerer On Palanquin Of Nurgle|Grenades||false
4070|Sorcerer On Palanquin Of Nurgle|Psyker||false
4070|Sorcerer On Palanquin Of Nurgle|Nurgle||false
4070|Sorcerer On Palanquin Of Nurgle|Sorcerer||false
4070|Sorcerer On Palanquin Of Nurgle|Palanquin of Nurgle||false
4070|Sorcerer On Palanquin Of Nurgle|Undivided||false
4070|Sorcerer On Palanquin Of Nurgle|Shadow Legion||false
4070|Sorcerer On Palanquin Of Nurgle|Infantry||false
4070|Sorcerer On Palanquin Of Nurgle|Character||false
4070|Sorcerer On Palanquin Of Nurgle|Grenades||false
4070|Sorcerer On Palanquin Of Nurgle|Chaos||false
4070|Sorcerer On Palanquin Of Nurgle|Psyker||false
4070|Sorcerer On Palanquin Of Nurgle|Nurgle||false
4070|Sorcerer On Palanquin Of Nurgle|Sorcerer||false
4070|Sorcerer On Palanquin Of Nurgle|Palanquin of Nurgle||false
4070|Sorcerer On Palanquin Of Nurgle|Undivided||false
4070|Sorcerer On Palanquin Of Nurgle|Shadow Legion||false
4070|Sorcerer On Palanquin Of Nurgle|Infantry||false
4070|Sorcerer On Palanquin Of Nurgle|Character||false
4070|Sorcerer On Palanquin Of Nurgle|Grenades||false
4070|Sorcerer On Palanquin Of Nurgle|Chaos||false
4070|Sorcerer On Palanquin Of Nurgle|Psyker||false
4070|Sorcerer On Palanquin Of Nurgle|Nurgle||false
4070|Sorcerer On Palanquin Of Nurgle|Sorcerer||false
4070|Sorcerer On Palanquin Of Nurgle|Palanquin of Nurgle||false
4070|Sorcerer On Palanquin Of Nurgle|Undivided||false
4070|Sorcerer On Palanquin Of Nurgle|Shadow Legion||false
4070|Sorcerer On Palanquin Of Nurgle|Infantry||false
4070|Sorcerer On Palanquin Of Nurgle|Character||false
4070|Sorcerer On Palanquin Of Nurgle|Grenades||false
4070|Sorcerer On Palanquin Of Nurgle|Chaos||false
4070|Sorcerer On Palanquin Of Nurgle|Psyker||false
4070|Sorcerer On Palanquin Of Nurgle|Nurgle||false
4070|Sorcerer On Palanquin Of Nurgle|Sorcerer||false
4070|Sorcerer On Palanquin Of Nurgle|Palanquin of Nurgle||false
4070|Sorcerer On Palanquin Of Nurgle|Undivided||false
4070|Sorcerer On Palanquin Of Nurgle|Shadow Legion||false
4070|Sorcerer On Palanquin Of Nurgle|Infantry||false
4070|Sorcerer On Palanquin Of Nurgle|Character||false
4070|Sorcerer On Palanquin Of Nurgle|Grenades||false
4070|Sorcerer On Palanquin Of Nurgle|Chaos||false
4070|Sorcerer On Palanquin Of Nurgle|Psyker||false
4070|Sorcerer On Palanquin Of Nurgle|Nurgle||false
4070|Sorcerer On Palanquin Of Nurgle|Sorcerer||false
4070|Sorcerer On Palanquin Of Nurgle|Palanquin of Nurgle||false
4070|Sorcerer On Palanquin Of Nurgle|Undivided||false
4070|Sorcerer On Palanquin Of Nurgle|Shadow Legion||false
4070|Sorcerer On Palanquin Of Nurgle|Infantry||false
4070|Sorcerer On Palanquin Of Nurgle|Character||false
4070|Sorcerer On Palanquin Of Nurgle|Grenades||false
4070|Sorcerer On Palanquin Of Nurgle|Chaos||false
4070|Sorcerer On Palanquin Of Nurgle|Psyker||false
4070|Sorcerer On Palanquin Of Nurgle|Nurgle||false
4070|Sorcerer On Palanquin Of Nurgle|Sorcerer||false
4070|Sorcerer On Palanquin Of Nurgle|Palanquin of Nurgle||false
4070|Sorcerer On Palanquin Of Nurgle|Undivided||false
4070|Sorcerer On Palanquin Of Nurgle|Shadow Legion||false
4070|Sorcerer On Palanquin Of Nurgle|Infantry||false
4070|Sorcerer On Palanquin Of Nurgle|Character||false
4070|Sorcerer On Palanquin Of Nurgle|Grenades||false
4070|Sorcerer On Palanquin Of Nurgle|Chaos||false
4070|Sorcerer On Palanquin Of Nurgle|Psyker||false
4070|Sorcerer On Palanquin Of Nurgle|Nurgle||false
4070|Sorcerer On Palanquin Of Nurgle|Sorcerer||false
4070|Sorcerer On Palanquin Of Nurgle|Palanquin of Nurgle||false
4070|Sorcerer On Palanquin Of Nurgle|Undivided||false
4070|Sorcerer On Palanquin Of Nurgle|Shadow Legion||false
4071|Sorcerer On Steed Of Slaanesh|Heretic Astartes||true
4071|Sorcerer On Steed Of Slaanesh|Legiones Daemonica||true
4071|Sorcerer On Steed Of Slaanesh|Undivided||false
4071|Sorcerer On Steed Of Slaanesh|Undivided||false
4071|Sorcerer On Steed Of Slaanesh|Shadow Legion||false
4071|Sorcerer On Steed Of Slaanesh|Mounted||false
4071|Sorcerer On Steed Of Slaanesh|Character||false
4071|Sorcerer On Steed Of Slaanesh|Shadow Legion||false
4071|Sorcerer On Steed Of Slaanesh|Chaos||false
4071|Sorcerer On Steed Of Slaanesh|Slaanesh||false
4071|Sorcerer On Steed Of Slaanesh|Mounted||false
4071|Sorcerer On Steed Of Slaanesh|Character||false
4071|Sorcerer On Steed Of Slaanesh|Grenades||false
4071|Sorcerer On Steed Of Slaanesh|Chaos||false
4071|Sorcerer On Steed Of Slaanesh|Slaanesh||false
4071|Sorcerer On Steed Of Slaanesh|Grenades||false
4071|Sorcerer On Steed Of Slaanesh|Sorcerer||false
4071|Sorcerer On Steed Of Slaanesh|Steed of Slaanesh||false
4071|Sorcerer On Steed Of Slaanesh|Sorcerer||false
4071|Sorcerer On Steed Of Slaanesh|Steed of Slaanesh||false
4071|Sorcerer On Steed Of Slaanesh|Undivided||false
4071|Sorcerer On Steed Of Slaanesh|Shadow Legion||false
4071|Sorcerer On Steed Of Slaanesh|Mounted||false
4071|Sorcerer On Steed Of Slaanesh|Character||false
4071|Sorcerer On Steed Of Slaanesh|Grenades||false
4071|Sorcerer On Steed Of Slaanesh|Undivided||false
4071|Sorcerer On Steed Of Slaanesh|Undivided||false
4071|Sorcerer On Steed Of Slaanesh|Shadow Legion||false
4071|Sorcerer On Steed Of Slaanesh|Shadow Legion||false
4071|Sorcerer On Steed Of Slaanesh|Mounted||false
4071|Sorcerer On Steed Of Slaanesh|Character||false
4071|Sorcerer On Steed Of Slaanesh|Character||false
4071|Sorcerer On Steed Of Slaanesh|Grenades||false
4071|Sorcerer On Steed Of Slaanesh|Chaos||false
4071|Sorcerer On Steed Of Slaanesh|Slaanesh||false
4071|Sorcerer On Steed Of Slaanesh|Sorcerer||false
4071|Sorcerer On Steed Of Slaanesh|Steed of Slaanesh||false
4071|Sorcerer On Steed Of Slaanesh|Steed of Slaanesh||false
4071|Sorcerer On Steed Of Slaanesh|Mounted||false
4071|Sorcerer On Steed Of Slaanesh|Character||false
4071|Sorcerer On Steed Of Slaanesh|Grenades||false
4071|Sorcerer On Steed Of Slaanesh|Chaos||false
4071|Sorcerer On Steed Of Slaanesh|Slaanesh||false
4071|Sorcerer On Steed Of Slaanesh|Sorcerer||false
4071|Sorcerer On Steed Of Slaanesh|Steed of Slaanesh||false
4071|Sorcerer On Steed Of Slaanesh|Undivided||false
4071|Sorcerer On Steed Of Slaanesh|Shadow Legion||false
4071|Sorcerer On Steed Of Slaanesh|Mounted||false
4071|Sorcerer On Steed Of Slaanesh|Grenades||false
4071|Sorcerer On Steed Of Slaanesh|Chaos||false
4071|Sorcerer On Steed Of Slaanesh|Slaanesh||false
4071|Sorcerer On Steed Of Slaanesh|Sorcerer||false
4071|Sorcerer On Steed Of Slaanesh|Steed of Slaanesh||false
4071|Sorcerer On Steed Of Slaanesh|Undivided||false
4071|Sorcerer On Steed Of Slaanesh|Shadow Legion||false
4071|Sorcerer On Steed Of Slaanesh|Mounted||false
4071|Sorcerer On Steed Of Slaanesh|Character||false
4071|Sorcerer On Steed Of Slaanesh|Grenades||false
4071|Sorcerer On Steed Of Slaanesh|Chaos||false
4071|Sorcerer On Steed Of Slaanesh|Slaanesh||false
4071|Sorcerer On Steed Of Slaanesh|Sorcerer||false
4071|Sorcerer On Steed Of Slaanesh|Chaos||false
4071|Sorcerer On Steed Of Slaanesh|Slaanesh||false
4071|Sorcerer On Steed Of Slaanesh|Sorcerer||false
4071|Sorcerer On Steed Of Slaanesh|Steed of Slaanesh||false
4072|Sorcerer In Terminator Armour|Heretic Astartes||true
4072|Sorcerer In Terminator Armour|Legiones Daemonica||true
4072|Sorcerer In Terminator Armour|Shadow Legion||false
4072|Sorcerer In Terminator Armour|Undivided||false
4072|Sorcerer In Terminator Armour|Sorcerer in Terminator Armour||false
4072|Sorcerer In Terminator Armour|Terminator||false
4072|Sorcerer In Terminator Armour|Chaos||false
4072|Sorcerer In Terminator Armour|Psyker||false
4072|Sorcerer In Terminator Armour|Character||false
4072|Sorcerer In Terminator Armour|Undivided||false
4072|Sorcerer In Terminator Armour|Undivided||false
4072|Sorcerer In Terminator Armour|Infantry||false
4072|Sorcerer In Terminator Armour|Infantry||false
4072|Sorcerer In Terminator Armour|Character||false
4072|Sorcerer In Terminator Armour|Psyker||false
4072|Sorcerer In Terminator Armour|Chaos||false
4072|Sorcerer In Terminator Armour|Terminator||false
4072|Sorcerer In Terminator Armour|Sorcerer in Terminator Armour||false
4072|Sorcerer In Terminator Armour|Undivided||false
4072|Sorcerer In Terminator Armour|Shadow Legion||false
4072|Sorcerer In Terminator Armour|Shadow Legion||false
4072|Sorcerer In Terminator Armour|Infantry||false
4072|Sorcerer In Terminator Armour|Infantry||false
4072|Sorcerer In Terminator Armour|Character||false
4072|Sorcerer In Terminator Armour|Psyker||false
4072|Sorcerer In Terminator Armour|Chaos||false
4072|Sorcerer In Terminator Armour|Terminator||false
4072|Sorcerer In Terminator Armour|Sorcerer in Terminator Armour||false
4072|Sorcerer In Terminator Armour|Undivided||false
4072|Sorcerer In Terminator Armour|Shadow Legion||false
4072|Sorcerer In Terminator Armour|Infantry||false
4072|Sorcerer In Terminator Armour|Character||false
4072|Sorcerer In Terminator Armour|Psyker||false
4072|Sorcerer In Terminator Armour|Chaos||false
4072|Sorcerer In Terminator Armour|Terminator||false
4072|Sorcerer In Terminator Armour|Sorcerer in Terminator Armour||false
4072|Sorcerer In Terminator Armour|Undivided||false
4072|Sorcerer In Terminator Armour|Shadow Legion||false
4072|Sorcerer In Terminator Armour|Character||false
4072|Sorcerer In Terminator Armour|Psyker||false
4072|Sorcerer In Terminator Armour|Chaos||false
4072|Sorcerer In Terminator Armour|Terminator||false
4072|Sorcerer In Terminator Armour|Sorcerer in Terminator Armour||false
4072|Sorcerer In Terminator Armour|Shadow Legion||false
4072|Sorcerer In Terminator Armour|Infantry||false
4072|Sorcerer In Terminator Armour|Character||false
4072|Sorcerer In Terminator Armour|Psyker||false
4072|Sorcerer In Terminator Armour|Chaos||false
4072|Sorcerer In Terminator Armour|Terminator||false
4072|Sorcerer In Terminator Armour|Sorcerer in Terminator Armour||false
4073|Warp Talons|Heretic Astartes||true
4073|Warp Talons|Legiones Daemonica||true
4073|Warp Talons|Shadow Legion||false
4073|Warp Talons|Infantry||false
4073|Warp Talons|Fly||false
4073|Warp Talons|Jump Packs||false
4073|Warp Talons|Shadow Legion||false
4073|Warp Talons|Grenades||false
4073|Warp Talons|Chaos||false
4073|Warp Talons|Chaos||false
4073|Warp Talons|Daemon||false
4073|Warp Talons|Warp Talons||false
4073|Warp Talons|Undivided||false
4073|Warp Talons|Shadow Legion||false
4073|Warp Talons|Grenades||false
4073|Warp Talons|Chaos||false
4073|Warp Talons|Daemon||false
4073|Warp Talons|Warp Talons||false
4073|Warp Talons|Undivided||false
4073|Warp Talons|Infantry||false
4073|Warp Talons|Fly||false
4073|Warp Talons|Jump Packs||false
4073|Warp Talons|Grenades||false
4073|Warp Talons|Daemon||false
4073|Warp Talons|Warp Talons||false
4073|Warp Talons|Undivided||false
4073|Warp Talons|Shadow Legion||false
4073|Warp Talons|Infantry||false
4073|Warp Talons|Fly||false
4073|Warp Talons|Jump Packs||false
4073|Warp Talons|Grenades||false
4073|Warp Talons|Chaos||false
4073|Warp Talons|Daemon||false
4073|Warp Talons|Warp Talons||false
4073|Warp Talons|Undivided||false
4073|Warp Talons|Jump Packs||false
4073|Warp Talons|Shadow Legion||false
4073|Warp Talons|Infantry||false
4073|Warp Talons|Fly||false
4073|Warp Talons|Jump Packs||false
4073|Warp Talons|Grenades||false
4073|Warp Talons|Chaos||false
4073|Warp Talons|Daemon||false
4073|Warp Talons|Warp Talons||false
4073|Warp Talons|Undivided||false
4073|Warp Talons|Infantry||false
4073|Warp Talons|Fly||false
4073|Warp Talons|Jump Packs||false
4073|Warp Talons|Grenades||false
4073|Warp Talons|Chaos||false
4073|Warp Talons|Daemon||false
4073|Warp Talons|Warp Talons||false
4073|Warp Talons|Undivided||false
4073|Warp Talons|Shadow Legion||false
4073|Warp Talons|Infantry||false
4073|Warp Talons|Fly||false
4073|Warp Talons|Jump Packs||false
4073|Warp Talons|Grenades||false
4073|Warp Talons|Chaos||false
4073|Warp Talons|Daemon||false
4073|Warp Talons|Warp Talons||false
4073|Warp Talons|Undivided||false
4073|Warp Talons|Shadow Legion||false
4073|Warp Talons|Infantry||false
4073|Warp Talons|Fly||false
4074|Sanctifiers|Agents of the Imperium||true
4074|Sanctifiers|Imperium||false
4074|Sanctifiers|Infantry||false
4074|Sanctifiers|Grenades||false
4074|Sanctifiers|Retinue||false
4074|Sanctifiers|Sanctifiers||false
4075|Sanctifiers|Adepta Sororitas||true
4075|Sanctifiers|Grenades||false
4075|Sanctifiers|Imperium||false
4075|Sanctifiers|Sanctifiers||false
4075|Sanctifiers|Infantry||false
4076|Goremongers|World Eaters||true
4076|Goremongers|||true
4076|Goremongers|Goremongers||false
4076|Goremongers|Khorne||false
4076|Goremongers|Chaos||false
4076|Goremongers|Grenades||false
4076|Goremongers|Infantry||false
4077|Fulgrim|||true
4077|Fulgrim|Emperor’s Children||true
4077|Fulgrim|Mobile||false
4077|Fulgrim|Monster||false
4077|Fulgrim|Chaos||false
4077|Fulgrim|Slaanesh||false
4077|Fulgrim|Fulgrim||false
4077|Fulgrim|Primarch||false
4077|Fulgrim|Daemon||false
4077|Fulgrim|Epic Hero||false
4077|Fulgrim|Character||false
4077|Fulgrim|Fly||false
4078|Lord Exultant|Emperor’s Children||true
4078|Lord Exultant|||true
4078|Lord Exultant|Slaanesh||false
4078|Lord Exultant|Grenades||false
4078|Lord Exultant|Lord Exultant||false
4078|Lord Exultant|Chaos||false
4078|Lord Exultant|Character||false
4078|Lord Exultant|Infantry||false
4079|Tormentors|Emperor’s Children||true
4079|Tormentors|||true
4079|Tormentors|Grenades||false
4079|Tormentors|Battleline||false
4079|Tormentors|Tormentors||false
4079|Tormentors|Slaanesh||false
4079|Tormentors|Chaos||false
4079|Tormentors|Infantry||false
4080|Infractors|Emperor’s Children||true
4080|Infractors|||true
4080|Infractors|Infractors||false
4080|Infractors|Chaos||false
4080|Infractors|Grenades||false
4080|Infractors|Battleline||false
4080|Infractors|Slaanesh||false
4080|Infractors|Infantry||false
4081|Chaos Terminators|Emperor’s Children||true
4081|Chaos Terminators|||true
4081|Chaos Terminators|Infantry||false
4081|Chaos Terminators|Chaos||false
4081|Chaos Terminators|Terminator||false
4081|Chaos Terminators|Terminator Squad||false
4081|Chaos Terminators|Slaanesh||false
4082|Chaos Land Raider|Emperor’s Children||true
4082|Chaos Land Raider|||true
4082|Chaos Land Raider|Land Raider||false
4082|Chaos Land Raider|Transport||false
4082|Chaos Land Raider|Vehicle||false
4082|Chaos Land Raider|Frame||false
4082|Chaos Land Raider|Smoke||false
4082|Chaos Land Raider|Chaos||false
4082|Chaos Land Raider|Slaanesh||false
4083|Lucius the Eternal|Emperor’s Children||true
4083|Lucius the Eternal|||true
4083|Lucius the Eternal|Lucius the Eternal||false
4083|Lucius the Eternal|Character||false
4083|Lucius the Eternal|Slaanesh||false
4083|Lucius the Eternal|Chaos||false
4083|Lucius the Eternal|Epic Hero||false
4083|Lucius the Eternal|Infantry||false
4084|Lord Kakophonist|Emperor’s Children||true
4084|Lord Kakophonist|||true
4084|Lord Kakophonist|Lord Kakophonist||false
4084|Lord Kakophonist|Slaanesh||false
4084|Lord Kakophonist|Chaos||false
4084|Lord Kakophonist|Grenades||false
4084|Lord Kakophonist|Character||false
4084|Lord Kakophonist|Infantry||false
4085|Sorcerer|||true
4085|Sorcerer|Emperor’s Children||true
4085|Sorcerer|Sorcerer||false
4085|Sorcerer|Slaanesh||false
4085|Sorcerer|Infantry||false
4085|Sorcerer|Character||false
4085|Sorcerer|Psyker||false
4085|Sorcerer|Grenades||false
4085|Sorcerer|Chaos||false
4086|Daemon Prince of Slaanesh|Emperor’s Children||true
4086|Daemon Prince of Slaanesh|||true
4086|Daemon Prince of Slaanesh|Character||false
4086|Daemon Prince of Slaanesh|Monster||false
4086|Daemon Prince of Slaanesh|Chaos||false
4086|Daemon Prince of Slaanesh|Daemon||false
4086|Daemon Prince of Slaanesh|Slaanesh||false
4086|Daemon Prince of Slaanesh|Daemon Prince||false
4087|Daemon Prince of Slaanesh with Wings|||true
4087|Daemon Prince of Slaanesh with Wings|Emperor’s Children||true
4087|Daemon Prince of Slaanesh with Wings|Monster||false
4087|Daemon Prince of Slaanesh with Wings|Fly||false
4087|Daemon Prince of Slaanesh with Wings|Character||false
4087|Daemon Prince of Slaanesh with Wings|Chaos||false
4087|Daemon Prince of Slaanesh with Wings|Daemon||false
4087|Daemon Prince of Slaanesh with Wings|Slaanesh||false
4087|Daemon Prince of Slaanesh with Wings|Daemon Prince with Wings||false
4088|Noise Marines|Emperor’s Children||true
4088|Noise Marines|||true
4088|Noise Marines|Infantry||false
4088|Noise Marines|Chaos||false
4088|Noise Marines|Slaanesh||false
4088|Noise Marines|Noise Marines||false
4089|Flawless Blades|||true
4089|Flawless Blades|Emperor’s Children||true
4089|Flawless Blades|Infantry||false
4089|Flawless Blades|Grenades||false
4089|Flawless Blades|Chaos||false
4089|Flawless Blades|Slaanesh||false
4089|Flawless Blades|Flawless Blades||false
4090|Chaos Spawn|||true
4090|Chaos Spawn|Emperor’s Children||true
4090|Chaos Spawn|Slaanesh||false
4090|Chaos Spawn|Chaos Spawn||false
4090|Chaos Spawn|Beast||false
4090|Chaos Spawn|Chaos||false
4091|Maulerfiend|||true
4091|Maulerfiend|Emperor’s Children||true
4091|Maulerfiend|Chaos||false
4091|Maulerfiend|Daemon||false
4091|Maulerfiend|Vehicle||false
4091|Maulerfiend|Slaanesh||false
4091|Maulerfiend|Maulerfiend||false
4091|Maulerfiend|Walker||false
4092|Heldrake|Emperor’s Children||true
4092|Heldrake|||true
4092|Heldrake|Chaos||false
4092|Heldrake|Slaanesh||false
4092|Heldrake|Heldrake||false
4092|Heldrake|Vehicle||false
4092|Heldrake|Fly||false
4092|Heldrake|Daemon||false
4093|Chaos Rhino|Emperor’s Children||true
4093|Chaos Rhino|||true
4093|Chaos Rhino|Chaos||false
4093|Chaos Rhino|Rhino||false
4093|Chaos Rhino|Slaanesh||false
4093|Chaos Rhino|Smoke||false
4093|Chaos Rhino|Dedicated Transport||false
4093|Chaos Rhino|Frame||false
4093|Chaos Rhino|Transport||false
4093|Chaos Rhino|Vehicle||false
4094|Shalaxi Helbane|Legions of Excess||true
4094|Shalaxi Helbane|||true
4094|Shalaxi Helbane|Summoned||false
4094|Shalaxi Helbane|Daemon||false
4094|Shalaxi Helbane|Chaos||false
4094|Shalaxi Helbane|Psyker||false
4094|Shalaxi Helbane|Epic Hero||false
4094|Shalaxi Helbane|Character||false
4094|Shalaxi Helbane|Monster||false
4094|Shalaxi Helbane|Slaanesh||false
4094|Shalaxi Helbane|Shalaxi Helbane||false
4095|Daemonettes|Legions of Excess||true
4095|Daemonettes|||true
4095|Daemonettes|Chaos||false
4095|Daemonettes|Infantry||false
4095|Daemonettes|Battleline||false
4095|Daemonettes|Daemon||false
4095|Daemonettes|Summoned||false
4095|Daemonettes|Slaanesh||false
4095|Daemonettes|Daemonettes||false
4096|Fiends|Legions of Excess||true
4096|Fiends|||true
4096|Fiends|Fiends||false
4096|Fiends|Slaanesh||false
4096|Fiends|Summoned||false
4096|Fiends|Beast||false
4096|Fiends|Chaos||false
4096|Fiends|Daemon||false
4097|Keeper of Secrets|Legions of Excess||true
4097|Keeper of Secrets|||true
4097|Keeper of Secrets|Psyker||false
4097|Keeper of Secrets|Character||false
4097|Keeper of Secrets|Monster||false
4097|Keeper of Secrets|Keeper of Secrets||false
4097|Keeper of Secrets|Slaanesh||false
4097|Keeper of Secrets|Summoned||false
4097|Keeper of Secrets|Daemon||false
4097|Keeper of Secrets|Chaos||false
4098|Seekers|Legions of Excess||true
4098|Seekers|||true
4098|Seekers|Chaos||false
4098|Seekers|Daemon||false
4098|Seekers|Summoned||false
4098|Seekers|Slaanesh||false
4098|Seekers|Seekers||false
4098|Seekers|Mounted||false
4099|Noise Marines|Emperor’s Children||true
4099|Noise Marines|Heretic Astartes||true
4099|Noise Marines|Infantry||false
4099|Noise Marines|Chaos||false
4099|Noise Marines|Slaanesh||false
4099|Noise Marines|Noise Marines||false
4100|Tormentbringer|Legiones Daemonica||true
4100|Tormentbringer|Chaos||false
4100|Tormentbringer|Mounted||false
4100|Tormentbringer|Character||false
4100|Tormentbringer|Psyker||false
4100|Tormentbringer|Daemon||false
4100|Tormentbringer|Slaanesh||false
4100|Tormentbringer|Tormentbringer||false
4100|Tormentbringer|Shadow Legion||false
4103|Slaughterbound|World Eaters||true
4103|Slaughterbound|||true
4103|Slaughterbound|Infantry||false
4103|Slaughterbound|Character||false
4103|Slaughterbound|Chaos||false
4103|Slaughterbound|Khorne||false
4103|Slaughterbound|Daemon||false
4103|Slaughterbound|Possessed||false
4103|Slaughterbound|Slaughterbound||false
4104|Skarbrand|Blood Legions||true
4104|Skarbrand|||true
4104|Skarbrand|Summoned||false
4104|Skarbrand|Skarbrand||false
4104|Skarbrand|Monster||false
4104|Skarbrand|Character||false
4104|Skarbrand|Epic Hero||false
4104|Skarbrand|Chaos||false
4104|Skarbrand|Khorne||false
4104|Skarbrand|Daemon||false
4105|Bloodthirster|Blood Legions||true
4105|Bloodthirster|||true
4105|Bloodthirster|Daemon||false
4105|Bloodthirster|Chaos||false
4105|Bloodthirster|Monster||false
4105|Bloodthirster|Character||false
4105|Bloodthirster|Fly||false
4105|Bloodthirster|Bloodthirster||false
4105|Bloodthirster|Summoned||false
4105|Bloodthirster|Khorne||false
4106|Bloodletters|Blood Legions||true
4106|Bloodletters|||true
4106|Bloodletters|Summoned||false
4106|Bloodletters|Bloodletters||false
4106|Bloodletters|Chaos||false
4106|Bloodletters|Battleline||false
4106|Bloodletters|Infantry||false
4106|Bloodletters|Daemon||false
4106|Bloodletters|Khorne||false
4107|Bloodcrushers|Blood Legions||true
4107|Bloodcrushers|||true
4107|Bloodcrushers|Mounted||false
4107|Bloodcrushers|Chaos||false
4107|Bloodcrushers|Daemon||false
4107|Bloodcrushers|Bloodcrushers||false
4107|Bloodcrushers|Khorne||false
4107|Bloodcrushers|Summoned||false
4108|Flesh Hounds|||true
4108|Flesh Hounds|Blood Legions||true
4108|Flesh Hounds|Chaos||false
4108|Flesh Hounds|Beast||false
4108|Flesh Hounds|Summoned||false
4108|Flesh Hounds|Khorne||false
4108|Flesh Hounds|Flesh Hounds||false
4108|Flesh Hounds|Daemon||false
4109|Lord of Poxes|Death Guard||true
4109|Lord of Poxes|||true
4109|Lord of Poxes|Lord of Poxes||false
4109|Lord of Poxes|Nurgle||false
4109|Lord of Poxes|Infantry||false
4109|Lord of Poxes|Chaos||false
4109|Lord of Poxes|Grenades||false
4109|Lord of Poxes|Character||false
4110|Foetid Bloat-drone with Heavy Blight Launcher|Death Guard||true
4110|Foetid Bloat-drone with Heavy Blight Launcher|||true
4110|Foetid Bloat-drone with Heavy Blight Launcher|Chaos||false
4110|Foetid Bloat-drone with Heavy Blight Launcher|Vehicle||false
4110|Foetid Bloat-drone with Heavy Blight Launcher|Fly||false
4110|Foetid Bloat-drone with Heavy Blight Launcher|Foetid Bloat-drone with Heavy Blight Launcher||false
4110|Foetid Bloat-drone with Heavy Blight Launcher|Daemon||false
4110|Foetid Bloat-drone with Heavy Blight Launcher|Nurgle||false
4111|Rotigus|||true
4111|Rotigus|Plague Legions||true
4111|Rotigus|Monster||false
4111|Rotigus|Epic Hero||false
4111|Rotigus|Psyker||false
4111|Rotigus|Chaos||false
4111|Rotigus|Character||false
4111|Rotigus|Nurgle||false
4111|Rotigus|Daemon||false
4111|Rotigus|Summoned||false
4111|Rotigus|Rotigus||false
4112|Great Unclean One|||true
4112|Great Unclean One|Plague Legions||true
4112|Great Unclean One|Monster||false
4112|Great Unclean One|Chaos||false
4112|Great Unclean One|Nurgle||false
4112|Great Unclean One|Great Unclean One||false
4112|Great Unclean One|Summoned||false
4112|Great Unclean One|Daemon||false
4112|Great Unclean One|Character||false
4112|Great Unclean One|Psyker||false
4113|Plaguebearers|Plague Legions||true
4113|Plaguebearers|||true
4113|Plaguebearers|Plaguebearers||false
4113|Plaguebearers|Summoned||false
4113|Plaguebearers|Daemon||false
4113|Plaguebearers|Chaos||false
4113|Plaguebearers|Battleline||false
4113|Plaguebearers|Nurgle||false
4113|Plaguebearers|Infantry||false
4114|Plague Drones|||true
4114|Plague Drones|Plague Legions||true
4114|Plague Drones|Daemon||false
4114|Plague Drones|Summoned||false
4114|Plague Drones|Chaos||false
4114|Plague Drones|Fly||false
4114|Plague Drones|Mounted||false
4114|Plague Drones|Nurgle||false
4114|Plague Drones|Plague Drones||false
4115|Beasts of Nurgle|Plague Legions||true
4115|Beasts of Nurgle|||true
4115|Beasts of Nurgle|Beasts of Nurgle||false
4115|Beasts of Nurgle|Summoned||false
4115|Beasts of Nurgle|Daemon||false
4115|Beasts of Nurgle|Beast||false
4115|Beasts of Nurgle|Nurgle||false
4115|Beasts of Nurgle|Chaos||false
4116|Nurglings|Plague Legions||true
4116|Nurglings|||true
4116|Nurglings|Daemon||false
4116|Nurglings|Nurgle||false
4116|Nurglings|Chaos||false
4116|Nurglings|Swarm||false
4116|Nurglings|Nurglings||false
4116|Nurglings|Summoned||false
4117|Hyperadapted Raveners|Tyranids||true
4117|Hyperadapted Raveners|Vanguard Invader|ALL MODELS|false
4117|Hyperadapted Raveners|Hyperadapted Raveners|ALL MODELS|false
4117|Hyperadapted Raveners|Character|RAVENER PRIME|false
4117|Hyperadapted Raveners|Synapse|RAVENER PRIME|false
4117|Hyperadapted Raveners|Infantry|ALL MODELS|false
4117|Hyperadapted Raveners|Great Devourer|ALL MODELS|false
4117|Hyperadapted Raveners|Burrowers|ALL MODELS|false
4118|Hyperadapted Raveners|Genestealer Cults||true
4118|Hyperadapted Raveners|Tyranids||true
4118|Hyperadapted Raveners|Infantry|ALL MODELS|false
4118|Hyperadapted Raveners|Synapse|RAVENER PRIME|false
4118|Hyperadapted Raveners|Character|RAVENER PRIME|false
4118|Hyperadapted Raveners|Burrowers|ALL MODELS|false
4118|Hyperadapted Raveners|Vanguard Invader|ALL MODELS|false
4118|Hyperadapted Raveners|Great Devourer|ALL MODELS|false
4118|Hyperadapted Raveners|Hyperadapted Raveners|ALL MODELS|false
4119|Servitor Battleclade|Adeptus Mechanicus||true
4119|Servitor Battleclade|Tech-Priest|UNDERSEER|false
4119|Servitor Battleclade|Cult Mechanicus|ALL MODELS|false
4119|Servitor Battleclade|Servitor Battleclade|ALL MODELS|false
4119|Servitor Battleclade|Imperium|ALL MODELS|false
4119|Servitor Battleclade|Infantry|ALL MODELS|false
4120|Daemon Prince of Tzeentch with Wings|||true
4120|Daemon Prince of Tzeentch with Wings|Thousand Sons||true
4120|Daemon Prince of Tzeentch with Wings|Monster||false
4120|Daemon Prince of Tzeentch with Wings|Character||false
4120|Daemon Prince of Tzeentch with Wings|Daemon||false
4120|Daemon Prince of Tzeentch with Wings|Fly||false
4120|Daemon Prince of Tzeentch with Wings|Tzeentch||false
4120|Daemon Prince of Tzeentch with Wings|Chaos||false
4120|Daemon Prince of Tzeentch with Wings|Psyker||false
4120|Daemon Prince of Tzeentch with Wings|Daemon Prince||false
4121|Sekhetar Robots|Thousand Sons||true
4121|Sekhetar Robots|||true
4121|Sekhetar Robots|Tzeentch||false
4121|Sekhetar Robots|Sekhetar Robots||false
4121|Sekhetar Robots|Chaos||false
4121|Sekhetar Robots|Walker||false
4121|Sekhetar Robots|Vehicle||false
4122|Tzaangor Enlightened with Fatecaster Greatbows|Thousand Sons||true
4122|Tzaangor Enlightened with Fatecaster Greatbows|||true
4122|Tzaangor Enlightened with Fatecaster Greatbows|Tzeentch||false
4122|Tzaangor Enlightened with Fatecaster Greatbows|Chaos||false
4122|Tzaangor Enlightened with Fatecaster Greatbows|Fly||false
4122|Tzaangor Enlightened with Fatecaster Greatbows|Tzaangor Enlightened with Fatecaster Greatbows||false
4122|Tzaangor Enlightened with Fatecaster Greatbows|Tzaangor Enlightened||false
4122|Tzaangor Enlightened with Fatecaster Greatbows|Mutant||false
4122|Tzaangor Enlightened with Fatecaster Greatbows|Mounted||false
4123|Kairos Fateweaver|Scintillating Legions||true
4123|Kairos Fateweaver|||true
4123|Kairos Fateweaver|Summoned||false
4123|Kairos Fateweaver|Tzeentch||false
4123|Kairos Fateweaver|Monster||false
4123|Kairos Fateweaver|Epic Hero||false
4123|Kairos Fateweaver|Fly||false
4123|Kairos Fateweaver|Psyker||false
4123|Kairos Fateweaver|Chaos||false
4123|Kairos Fateweaver|Character||false
4123|Kairos Fateweaver|Kairos Fateweaver||false
4123|Kairos Fateweaver|Daemon||false
4124|Lord of Change|Scintillating Legions||true
4124|Lord of Change|||true
4124|Lord of Change|Fly||false
4124|Lord of Change|Character||false
4124|Lord of Change|Monster||false
4124|Lord of Change|Lord of Change||false
4124|Lord of Change|Summoned||false
4124|Lord of Change|Tzeentch||false
4124|Lord of Change|Daemon||false
4124|Lord of Change|Chaos||false
4124|Lord of Change|Psyker||false
4125|Flamers|Scintillating Legions||true
4125|Flamers|||true
4125|Flamers|Infantry||false
4125|Flamers|Fly||false
4125|Flamers|Chaos||false
4125|Flamers|Daemon||false
4125|Flamers|Tzeentch||false
4125|Flamers|Summoned||false
4125|Flamers|Flamers||false
4126|Screamers|||true
4126|Screamers|Scintillating Legions||true
4126|Screamers|Beast||false
4126|Screamers|Fly||false
4126|Screamers|Chaos||false
4126|Screamers|Daemon||false
4126|Screamers|Tzeentch||false
4126|Screamers|Summoned||false
4126|Screamers|Screamers||false
4127|Pink Horrors|||true
4127|Pink Horrors|Scintillating Legions||true
4127|Pink Horrors|Summoned|ALL MODELS|false
4127|Pink Horrors|Horrors|ALL MODELS|false
4127|Pink Horrors|Pink|PINK HORRORS|false
4127|Pink Horrors|Blue|BLUE HORRORS|false
4127|Pink Horrors|Brimstone|BRIMSTONE HORRORS|false
4127|Pink Horrors|Battleline|ALL MODELS|false
4127|Pink Horrors|Infantry|ALL MODELS|false
4127|Pink Horrors|Chaos|ALL MODELS|false
4127|Pink Horrors|Tzeentch|ALL MODELS|false
4127|Pink Horrors|Daemon|ALL MODELS|false
4128|Blue Horrors|Scintillating Legions||true
4128|Blue Horrors|||true
4128|Blue Horrors|Chaos|ALL MODELS|false
4128|Blue Horrors|Battleline|ALL MODELS|false
4128|Blue Horrors|Blue|BLUE HORRORS|false
4128|Blue Horrors|Infantry|ALL MODELS|false
4128|Blue Horrors|Brimstone|BRIMSTONE HORRORS|false
4128|Blue Horrors|Daemon|ALL MODELS|false
4128|Blue Horrors|Tzeentch|ALL MODELS|false
4128|Blue Horrors|Summoned|ALL MODELS|false
4128|Blue Horrors|Horrors|ALL MODELS|false
4129|Wolf Priest|Adeptus Astartes||true
4129|Wolf Priest|Space Wolves||true
4129|Wolf Priest|Wolf Priest||false
4129|Wolf Priest|Tacticus||false
4129|Wolf Priest|Character||false
4129|Wolf Priest|Infantry||false
4129|Wolf Priest|Imperium||false
4130|Wolf Guard Battle Leader|Adeptus Astartes||true
4130|Wolf Guard Battle Leader|Space Wolves||true
4130|Wolf Guard Battle Leader|Character||false
4130|Wolf Guard Battle Leader|Imperium||false
4130|Wolf Guard Battle Leader|Tacticus||false
4130|Wolf Guard Battle Leader|Battle Leader||false
4130|Wolf Guard Battle Leader|Wolf Guard||false
4130|Wolf Guard Battle Leader|Infantry||false
4131|Wolf Guard Headtakers|Adeptus Astartes||true
4131|Wolf Guard Headtakers|Space Wolves||true
4131|Wolf Guard Headtakers|Tacticus|WOLF GUARD HEADTAKERS|false
4131|Wolf Guard Headtakers|Wolf Guard|WOLF GUARD HEADTAKERS|false
4131|Wolf Guard Headtakers|Headtakers|WOLF GUARD HEADTAKERS|false
4131|Wolf Guard Headtakers|Beasts|HUNTING WOLVES|false
4131|Wolf Guard Headtakers|Hunting Wolves|HUNTING WOLVES|false
4131|Wolf Guard Headtakers|Imperium|HUNTING WOLVES|false
4131|Wolf Guard Headtakers|Imperium|WOLF GUARD HEADTAKERS|false
4131|Wolf Guard Headtakers|Infantry|WOLF GUARD HEADTAKERS|false
4132|Wulfen with Storm Shields|Adeptus Astartes||true
4132|Wulfen with Storm Shields|Space Wolves||true
4132|Wulfen with Storm Shields|Infantry||false
4132|Wulfen with Storm Shields|Imperium||false
4132|Wulfen with Storm Shields|Wulfen with Storm Shields||false
4132|Wulfen with Storm Shields|Wulfen||false
4133|Wulfen Dreadnought|Adeptus Astartes||true
4133|Wulfen Dreadnought|Space Wolves||true
4133|Wulfen Dreadnought|Vehicle||false
4133|Wulfen Dreadnought|Walker||false
4133|Wulfen Dreadnought|Dreadnought||false
4133|Wulfen Dreadnought|Wulfen||false
4133|Wulfen Dreadnought|Imperium||false
4134|Knight Ruinator|Chaos Knights||true
4134|Knight Ruinator|Walker||false
4134|Knight Ruinator|Towering||false
4134|Knight Ruinator|Titanic||false
4134|Knight Ruinator|Vehicle||false
4134|Knight Ruinator|Knight Ruinator||false
4134|Knight Ruinator|Chaos||false
4134|Knight Ruinator|Character||false
4134|Knight Ruinator|Abhorrent||false
4135|Execrator|Black Templars||true
4135|Execrator|Adeptus Astartes||true
4135|Execrator|Execrator||false
4135|Execrator|Chaplain||false
4135|Execrator|Character||false
4135|Execrator|Tacticus||false
4135|Execrator|Imperium||false
4135|Execrator|Grenades||false
4135|Execrator|Infantry||false
4136|Crusade Ancient|Black Templars||true
4136|Crusade Ancient|Adeptus Astartes||true
4136|Crusade Ancient|Infantry||false
4136|Crusade Ancient|Grenades||false
4136|Crusade Ancient|Imperium||false
4136|Crusade Ancient|Tacticus||false
4136|Crusade Ancient|Ancient||false
4136|Crusade Ancient|Crusade Ancient||false
4136|Crusade Ancient|Character||false
4137|Sternguard Veteran Squad|Adeptus Astartes||true
4137|Sternguard Veteran Squad|Black Templars||true
4137|Sternguard Veteran Squad|Sternguard Veteran Squad||false
4137|Sternguard Veteran Squad|Tacticus||false
4137|Sternguard Veteran Squad|Infantry||false
4137|Sternguard Veteran Squad|Grenades||false
4137|Sternguard Veteran Squad|Imperium||false
4138|Terminator Squad|Adeptus Astartes||true
4138|Terminator Squad|Black Templars||true
4138|Terminator Squad|Infantry||false
4138|Terminator Squad|Imperium||false
4138|Terminator Squad|Terminator||false
4138|Terminator Squad|Terminator Squad||false
4139|Land Raider Crusader|Black Templars||true
4139|Land Raider Crusader|Adeptus Astartes||true
4139|Land Raider Crusader|Vehicle||false
4139|Land Raider Crusader|Smoke||false
4139|Land Raider Crusader|Land Raider||false
4139|Land Raider Crusader|Grenades||false
4139|Land Raider Crusader|Frame||false
4139|Land Raider Crusader|Imperium||false
4139|Land Raider Crusader|Transport||false
4139|Land Raider Crusader|Land Raider Crusader||false
4140|Buri Aegnirssen|Leagues of Votann||true
4140|Buri Aegnirssen|Buri Aegnirssen||false
4140|Buri Aegnirssen|Epic Hero||false
4140|Buri Aegnirssen|Character||false
4140|Buri Aegnirssen|Infantry||false
4141|Memnyr Strategist|Leagues of Votann||true
4141|Memnyr Strategist|Memnyr Strategist||false
4141|Memnyr Strategist|Character||false
4141|Memnyr Strategist|Infantry||false
4142|Arkanyst Evaluator|Leagues of Votann||true
4142|Arkanyst Evaluator|Character||false
4142|Arkanyst Evaluator|Arkanyst Evaluator||false
4142|Arkanyst Evaluator|Infantry||false
4143|Ironkin Steeljacks with Heavy Volkanite Disintegrators|Leagues of Votann||true
4143|Ironkin Steeljacks with Heavy Volkanite Disintegrators|Ironkin Steeljacks with Heavy Volkanite Disintegrators||false
4143|Ironkin Steeljacks with Heavy Volkanite Disintegrators|Ironkin Steeljacks||false
4143|Ironkin Steeljacks with Heavy Volkanite Disintegrators|Infantry||false
4144|Ironkin Steeljacks with Melee Weapons|Leagues of Votann||true
4144|Ironkin Steeljacks with Melee Weapons|Ironkin Steeljacks with Melee Weapons||false
4144|Ironkin Steeljacks with Melee Weapons|Ironkin Steeljacks||false
4144|Ironkin Steeljacks with Melee Weapons|Infantry||false
4145|Cthonian Earthshakers|Leagues of Votann||true
4145|Cthonian Earthshakers|Earthshakers||false
4145|Cthonian Earthshakers|Cthonian||false
4145|Cthonian Earthshakers|Artillery||false
4145|Cthonian Earthshakers|Infantry||false
4146|Kapricus Defenders|Leagues of Votann||true
4146|Kapricus Defenders|Defenders||false
4146|Kapricus Defenders|Kapricus||false
4146|Kapricus Defenders|Fly||false
4146|Kapricus Defenders|Vehicle||false
4146|Kapricus Defenders|Hernkyn||false
4147|Kapricus Carrier|Leagues of Votann||true
4147|Kapricus Carrier|Carrier||false
4147|Kapricus Carrier|Kapricus||false
4147|Kapricus Carrier|Hernkyn||false
4147|Kapricus Carrier|Dedicated Transport||false
4147|Kapricus Carrier|Transport||false
4147|Kapricus Carrier|Fly||false
4147|Kapricus Carrier|Vehicle||false
4148|Aethon Shaan|Adeptus Astartes||true
4148|Aethon Shaan|Raven Guard||true
4148|Aethon Shaan|Infantry||false
4148|Aethon Shaan|Character||false
4148|Aethon Shaan|Epic Hero||false
4148|Aethon Shaan|Fly||false
4148|Aethon Shaan|Jump Pack||false
4148|Aethon Shaan|Tacticus||false
4148|Aethon Shaan|Chapter Master||false
4148|Aethon Shaan|Aethon Shaan||false
4148|Aethon Shaan|Imperium||false
4149|Knight Defender|Imperial Knights||true
4149|Knight Defender|Vehicle||false
4149|Knight Defender|Walker||false
4149|Knight Defender|Titanic||false
4149|Knight Defender|Towering||false
4149|Knight Defender|Questoris||false
4149|Knight Defender|Character||false
4149|Knight Defender|Imperium||false
4149|Knight Defender|Knight Defender||false
4150|Greater Daemon|||true
4150|Greater Daemon|Unbound Adversaries||false
4150|Greater Daemon|Monster||false
4150|Greater Daemon|Character||false
4150|Greater Daemon|Chaos||false
4150|Greater Daemon|Daemon||false
4150|Greater Daemon|Greater Daemon||false
4151|Lesser Daemons|||true
4151|Lesser Daemons|Unbound Adversaries||false
4151|Lesser Daemons|Infantry||false
4151|Lesser Daemons|Chaos||false
4151|Lesser Daemons|Daemon||false
4151|Lesser Daemons|Lesser Daemon||false
4152|Abomination|||true
4152|Abomination|Unbound Adversaries||false
4152|Abomination|Beast||false
4152|Abomination|Chaos||false
4152|Abomination|Abomination||false
4153|Daemonic Beasts|||true
4153|Daemonic Beasts|Unbound Adversaries||false
4153|Daemonic Beasts|Chaos||false
4153|Daemonic Beasts|Beast||false
4153|Daemonic Beasts|Daemon||false
4153|Daemonic Beasts|Daemonic Beasts||false
4155|Lady Malys|Drukhari||true
4155|Lady Malys|Character||false
4155|Lady Malys|Aeldari||false
4155|Lady Malys|Archon||false
4155|Lady Malys|Epic Hero||false
4155|Lady Malys|Lady Malys||false
4155|Lady Malys|Kabal||false
4155|Lady Malys|Infantry||false
4156|Hand of the Archon|Drukhari||true
4156|Hand of the Archon|Grenades||false
4156|Hand of the Archon|Infantry||false
4156|Hand of the Archon|Kabal||false
4156|Hand of the Archon|Aeldari||false
4156|Hand of the Archon|Hand of the Archon||false
4157|Scourges with Shardcarbines|Drukhari||true
4157|Scourges with Shardcarbines|Jump Pack||false
4157|Scourges with Shardcarbines|Grenades||false
4157|Scourges with Shardcarbines|Infantry||false
4157|Scourges with Shardcarbines|Fly||false
4157|Scourges with Shardcarbines|Scourges with Shardcarbines||false
4157|Scourges with Shardcarbines|Scourges||false
4157|Scourges with Shardcarbines|Blades for Hire||false
4157|Scourges with Shardcarbines|Aeldari||false
4158|Death Jester|Harlequins||true
4158|Death Jester|Drukhari||true
4158|Death Jester|Aeldari||false
4158|Death Jester|Death Jester||false
4158|Death Jester|Infantry||false
4158|Death Jester|Character||false
4159|Shadowseer|Harlequins||true
4159|Shadowseer|Drukhari||true
4159|Shadowseer|Character||false
4159|Shadowseer|Aeldari||false
4159|Shadowseer|Psyker||false
4159|Shadowseer|Grenades||false
4159|Shadowseer|Shadowseer||false
4159|Shadowseer|Infantry||false
4160|Solitaire|Drukhari||true
4160|Solitaire|Harlequins||true
4160|Solitaire|Infantry||false
4160|Solitaire|Character||false
4160|Solitaire|Epic Hero||false
4160|Solitaire|Aeldari||false
4160|Solitaire|Solitaire||false
4161|Troupe Master|Drukhari||true
4161|Troupe Master|Harlequins||true
4161|Troupe Master|Infantry||false
4161|Troupe Master|Character||false
4161|Troupe Master|Aeldari||false
4161|Troupe Master|Grenades||false
4161|Troupe Master|Troupe Master||false
4162|Starweaver|Harlequins||true
4162|Starweaver|Drukhari||true
4162|Starweaver|Vehicle||false
4162|Starweaver|Aeldari||false
4162|Starweaver|Transport||false
4162|Starweaver|Dedicated Transport||false
4162|Starweaver|Smoke||false
4162|Starweaver|Fly||false
4162|Starweaver|Frame||false
4162|Starweaver|Starweaver||false
4163|Skyweavers|Drukhari||true
4163|Skyweavers|Harlequins||true
4163|Skyweavers|Fly||false
4163|Skyweavers|Aeldari||false
4163|Skyweavers|Smoke||false
4163|Skyweavers|Skyweavers||false
4163|Skyweavers|Mounted||false
4164|Troupe|Harlequins||true
4164|Troupe|Drukhari||true
4164|Troupe|Aeldari||false
4164|Troupe|Infantry||false
4164|Troupe|Troupe||false
4164|Troupe|Grenades||false
4165|Voidweaver|Harlequins||true
4165|Voidweaver|Drukhari||true
4165|Voidweaver|Voidweaver||false
4165|Voidweaver|Aeldari||false
4165|Voidweaver|Vehicle||false
4165|Voidweaver|Fly||false
4165|Voidweaver|Frame||false
4166|Caanok Var|Iron Hands||true
4166|Caanok Var|Adeptus Astartes||true
4166|Caanok Var|Infantry||false
4166|Caanok Var|Character||false
4166|Caanok Var|Epic Hero||false
4166|Caanok Var|Imperium||false
4166|Caanok Var|Captain||false
4166|Caanok Var|Caanok Var||false
4166|Caanok Var|Terminator||false
4167|Suboden Khan|White Scars||true
4167|Suboden Khan|Adeptus Astartes||true
4167|Suboden Khan|Mounted||false
4167|Suboden Khan|Suboden Khan||false
4167|Suboden Khan|Captain||false
4167|Suboden Khan|Grenades||false
4167|Suboden Khan|Epic Hero||false
4167|Suboden Khan|Character||false
4167|Suboden Khan|Imperium||false
4168|Corsair Voidreavers|Asuryani||true
4168|Corsair Voidreavers|Ynnari||true
4168|Corsair Voidreavers|Drukhari||true
4168|Corsair Voidreavers|Corsair Voidreavers||false
4168|Corsair Voidreavers|Anhrathe||false
4168|Corsair Voidreavers|Grenades||false
4168|Corsair Voidreavers|Aeldari||false
4168|Corsair Voidreavers|Battleline||false
4168|Corsair Voidreavers|Infantry||false
4169|Corsair Voidscarred|Ynnari||true
4169|Corsair Voidscarred|Asuryani||true
4169|Corsair Voidscarred|Drukhari||true
4169|Corsair Voidscarred|Infantry|ALL MODELS|false
4169|Corsair Voidscarred|Psyker|WAY SEEKER|false
4169|Corsair Voidscarred|Corsair Voidscarred|ALL MODELS|false
4169|Corsair Voidscarred|Anhrathe|ALL MODELS|false
4169|Corsair Voidscarred|Grenades|ALL MODELS|false
4169|Corsair Voidscarred|Aeldari|ALL MODELS|false
4170|Corsair Cloud Dancer Band|Asuryani||true
4170|Corsair Cloud Dancer Band|Drukhari||true
4170|Corsair Cloud Dancer Band|Ynnari||true
4170|Corsair Cloud Dancer Band|Mounted||false
4170|Corsair Cloud Dancer Band|Corsair Cloud Dancer Band||false
4170|Corsair Cloud Dancer Band|Aeldari||false
4170|Corsair Cloud Dancer Band|Anhrathe||false
4170|Corsair Cloud Dancer Band|Grenades||false
4171|Corsair Reaver Band|Drukhari||true
4171|Corsair Reaver Band|Asuryani||true
4171|Corsair Reaver Band|Ynnari||true
4171|Corsair Reaver Band|Anhrathe||false
4171|Corsair Reaver Band|Corsair Reaver Band||false
4171|Corsair Reaver Band|Aeldari||false
4171|Corsair Reaver Band|Grenades||false
4171|Corsair Reaver Band|Infantry||false
4173|Inquisitor Ostromandeus|Agents of the Imperium||true
4173|Inquisitor Ostromandeus|Inquisitor Ostromandeus||false
4173|Inquisitor Ostromandeus|Infantry||false
4173|Inquisitor Ostromandeus|Epic Hero||false
4173|Inquisitor Ostromandeus|Character||false
4173|Inquisitor Ostromandeus|Imperium||false
4173|Inquisitor Ostromandeus|Grenades||false
4174|Aquila Kill Team|Agents of the Imperium||true
4174|Aquila Kill Team|Battleline|ALL MODELS|false
4174|Aquila Kill Team|Imperium|ALL MODELS|false
4174|Aquila Kill Team|Ordo Xenos|ALL MODELS|false
4174|Aquila Kill Team|Retinue|ALL MODELS|false
4174|Aquila Kill Team|Deathwatch|ALL MODELS|false
4174|Aquila Kill Team|Aquila Kill Team|ALL MODELS|false
4174|Aquila Kill Team|Tacticus|KILL TEAM SERGEANT AND DEATHWATCH VETERANS|false
4174|Aquila Kill Team|Gravis|GRAVIS VETERANS|false
4174|Aquila Kill Team|Grenades|ALL MODELS|false
4174|Aquila Kill Team|Infantry|ALL MODELS|false
4175|Decimus Kill Team|Adeptus Astartes||true
4175|Decimus Kill Team|Deathwatch||true
4175|Decimus Kill Team|Infantry|ALL MODELS|false
4175|Decimus Kill Team|Grenades|ALL MODELS|false
4175|Decimus Kill Team|Tacticus|KILL TEAM SERGEANT AND DEATHWATCH VETERANS|false
4175|Decimus Kill Team|Imperium|ALL MODELS|false
4175|Decimus Kill Team|Kill Team|ALL MODELS|false
4175|Decimus Kill Team|Decimus Kill Team|ALL MODELS|false
4175|Decimus Kill Team|Gravis|GRAVIS VETERANS|false
4175|Decimus Kill Team|Battleline|ALL MODELS|false
4176|Canoptek Macrocytes|Necrons||true
4176|Canoptek Macrocytes|Macrocytes||false
4176|Canoptek Macrocytes|Canoptek||false
4176|Canoptek Macrocytes|Fly||false
4176|Canoptek Macrocytes|Beasts||false
4177|Canoptek Tomb Crawlers|Necrons||true
4177|Canoptek Tomb Crawlers|Beasts||false
4177|Canoptek Tomb Crawlers|Tomb Crawlers||false
4177|Canoptek Tomb Crawlers|Canoptek||false
4178|Geomancer|Necrons||true
4178|Geomancer|Infantry||false
4178|Geomancer|Character||false
4178|Geomancer|Geomancer||false
4178|Geomancer|Cryptek||false
4182|Wolf Scouts|Adeptus Astartes||true
4182|Wolf Scouts|Space Wolves||true
4182|Wolf Scouts|Wolf Scouts||false
4182|Wolf Scouts|Phobos||false
4182|Wolf Scouts|Smoke||false
4182|Wolf Scouts|Grenades||false
4182|Wolf Scouts|Infantry||false
4182|Wolf Scouts|Imperium||false
4183|Marneus Calgar in Armour of Antilochus|Adeptus Astartes||true
4183|Marneus Calgar in Armour of Antilochus|Ultramarines||true
4183|Marneus Calgar in Armour of Antilochus|Infantry||false
4183|Marneus Calgar in Armour of Antilochus|Imperium||false
4183|Marneus Calgar in Armour of Antilochus|Terminator||false
4183|Marneus Calgar in Armour of Antilochus|Chapter Master||false
4183|Marneus Calgar in Armour of Antilochus|Marneus Calgar||false
4183|Marneus Calgar in Armour of Antilochus|Epic Hero||false
4183|Marneus Calgar in Armour of Antilochus|Character||false
4184|Cato Sicarius|Ultramarines||true
4184|Cato Sicarius|Adeptus Astartes||true
4184|Cato Sicarius|Captain||false
4184|Cato Sicarius|Tacticus||false
4184|Cato Sicarius|Epic Hero||false
4184|Cato Sicarius|Character||false
4184|Cato Sicarius|Infantry||false
4184|Cato Sicarius|Imperium||false
4184|Cato Sicarius|Sicarius||false
4184|Cato Sicarius|Cato||false
4185|Victrix Honour Guard|Adeptus Astartes||true
4185|Victrix Honour Guard|Ultramarines||true
4185|Victrix Honour Guard|Infantry|ALL MODELS|false
4185|Victrix Honour Guard|Imperium|ALL MODELS|false
4185|Victrix Honour Guard|Tacticus|ALL MODELS|false
4185|Victrix Honour Guard|Victrix Honour Guard|ALL MODELS|false
4185|Victrix Honour Guard|Epic Hero|CHAPTER ANCIENT|false
4185|Victrix Honour Guard|Champion|CHAPTER CHAMPION|false
4185|Victrix Honour Guard|Epic Hero|CHAPTER CHAMPION|false
4185|Victrix Honour Guard|Ancient|CHAPTER ANCIENT|false
4186|Nekrosor Ammentar|Necrons||true
4186|Nekrosor Ammentar|Nekrosor Ammentar||false
4186|Nekrosor Ammentar|Destroyer Cult||false
4186|Nekrosor Ammentar|Epic Hero||false
4186|Nekrosor Ammentar|Character||false
4186|Nekrosor Ammentar|Infantry||false
4187|Captain Titus|Adeptus Astartes||true
4187|Captain Titus|Ultramarines||true
4187|Captain Titus|Infantry||false
4187|Captain Titus|Character||false
4187|Captain Titus|Epic Hero||false
4187|Captain Titus|Imperium||false
4187|Captain Titus|Tacticus||false
4187|Captain Titus|Grenades||false
4187|Captain Titus|Captain||false
4187|Captain Titus|Titus||false
4188|Wardens of Ultramar|Ultramarines||true
4188|Wardens of Ultramar|Adeptus Astartes||true
4188|Wardens of Ultramar|Epic Hero|ALL MODELS|false
4188|Wardens of Ultramar|Grenades|ALL MODELS|false
4188|Wardens of Ultramar|Imperium|ALL MODELS|false
4188|Wardens of Ultramar|Tacticus|ALL MODELS|false
4188|Wardens of Ultramar|Wardens of Ultramar|ALL MODELS|false
4188|Wardens of Ultramar|Psyker|DAINAL KORNELIUS|false
4188|Wardens of Ultramar|Infantry|ALL MODELS|false
4189|Celestian Insidiants|Adepta Sororitas||true
4189|Celestian Insidiants|Infantry||false
4189|Celestian Insidiants|Grenades||false
4189|Celestian Insidiants|Imperium||false
4189|Celestian Insidiants|Celestian||false
4189|Celestian Insidiants|Celestian Insidiants||false
4190|Masters of the Maelstrom|Heretic Astartes||true
4190|Masters of the Maelstrom|Chaos Undivided||false
4190|Masters of the Maelstrom|Masters of the Maelstrom||false
4190|Masters of the Maelstrom|Psyker|GARLON SOULEATER|false
4190|Masters of the Maelstrom|Infantry||false
4190|Masters of the Maelstrom|Epic Hero||false
4190|Masters of the Maelstrom|Grenades||false
4190|Masters of the Maelstrom|Chaos||false
4191|Red Corsairs Raiders|Heretic Astartes||true
4191|Red Corsairs Raiders|Red Corsairs Raiders||false
4191|Red Corsairs Raiders|Chaos||false
4191|Red Corsairs Raiders|Grenades||false
4191|Red Corsairs Raiders|Infantry||false
4192|Red Corsairs Reave-Captain|Heretic Astartes||true
4192|Red Corsairs Reave-Captain|Character||false
4192|Red Corsairs Reave-Captain|Chaos||false
4192|Red Corsairs Reave-Captain|Infantry||false
4192|Red Corsairs Reave-Captain|Red Corsairs Reave-captain||false
4193|Prince Yriel|Asuryani||true
4193|Prince Yriel|||true
4193|Prince Yriel|Anhrathe||false
4193|Prince Yriel|Prince Yriel||false
4193|Prince Yriel|Epic Hero||false
4193|Prince Yriel|Infantry||false
4193|Prince Yriel|Aeldari||false
4193|Prince Yriel|Character||false
4194|Kharseth|||true
4194|Kharseth|Asuryani||true
4194|Kharseth|Infantry||false
4194|Kharseth|Aeldari||false
4194|Kharseth|Character||false
4194|Kharseth|Epic Hero||false
4194|Kharseth|Kharseth||false
4194|Kharseth|Anhrathe||false
4194|Kharseth|Psyker||false
4195|Starfangs|Ynnari||true
4195|Starfangs|Asuryani||true
4195|Starfangs|||true
4195|Starfangs|Smoke||false
4195|Starfangs|Anhrathe||false
4195|Starfangs|Grenades||false
4195|Starfangs|Fly||false
4195|Starfangs|Vehicle||false
4195|Starfangs|Aeldari||false
4195|Starfangs|Starfangs||false
4196|Corsair Skyreavers|Asuryani||true
4196|Corsair Skyreavers|Ynnari||true
4196|Corsair Skyreavers|||true
4196|Corsair Skyreavers|Corsair Skyreavers||false
4196|Corsair Skyreavers|Grenades||false
4196|Corsair Skyreavers|Fly||false
4196|Corsair Skyreavers|Jump Pack||false
4196|Corsair Skyreavers|Anhrathe||false
4196|Corsair Skyreavers|Aeldari||false
4196|Corsair Skyreavers|Infantry||false
4197|Kharseth|Asuryani||true
4197|Kharseth|Drukhari||true
4197|Kharseth|Infantry||false
4197|Kharseth|Aeldari||false
4197|Kharseth|Character||false
4197|Kharseth|Epic Hero||false
4197|Kharseth|Anhrathe||false
4197|Kharseth|Kharseth||false
4197|Kharseth|Psyker||false
4198|Prince Yriel|Asuryani||true
4198|Prince Yriel|Drukhari||true
4198|Prince Yriel|Prince Yriel||false
4198|Prince Yriel|Anhrathe||false
4198|Prince Yriel|Epic Hero||false
4198|Prince Yriel|Character||false
4198|Prince Yriel|Aeldari||false
4198|Prince Yriel|Infantry||false
4199|Corsair Skyreavers|Asuryani||true
4199|Corsair Skyreavers|Ynnari||true
4199|Corsair Skyreavers|Drukhari||true
4199|Corsair Skyreavers|Fly||false
4199|Corsair Skyreavers|Grenades||false
4199|Corsair Skyreavers|Corsair Skyreavers||false
4199|Corsair Skyreavers|Jump Pack||false
4199|Corsair Skyreavers|Anhrathe||false
4199|Corsair Skyreavers|Aeldari||false
4199|Corsair Skyreavers|Infantry||false
4200|Starfangs|Asuryani||true
4200|Starfangs|Ynnari||true
4200|Starfangs|Drukhari||true
4200|Starfangs|Starfangs||false
4200|Starfangs|Aeldari||false
4200|Starfangs|Vehicle||false
4200|Starfangs|Anhrathe||false
4200|Starfangs|Fly||false
4200|Starfangs|Smoke||false
4200|Starfangs|Grenades||false
4201|Berehk Stornbröw|Leagues of Votann||true
4201|Berehk Stornbröw|Character||false
4201|Berehk Stornbröw|Epic Hero||false
4201|Berehk Stornbröw|Berehk Stornbröw||false
4201|Berehk Stornbröw|Cthonian||false
4201|Berehk Stornbröw|Infantry||false
4202|Tyranid Prime with Lash Whip|Tyranids||true
4202|Tyranid Prime with Lash Whip|Great Devourer||false
4202|Tyranid Prime with Lash Whip|Synapse||false
4202|Tyranid Prime with Lash Whip|Tyranid Prime with Lash Whip||false
4202|Tyranid Prime with Lash Whip|Infantry||false
4202|Tyranid Prime with Lash Whip|Character||false
4203|The Twin Lance|T’au Empire||true
4203|The Twin Lance|Fly||false
4203|The Twin Lance|Battlesuit||false
4203|The Twin Lance|Walker||false
4203|The Twin Lance|Vehicle||false
4203|The Twin Lance|The Twin Lance||false
4203|The Twin Lance|Epic Hero||false
4203|The Twin Lance|Character||false
4204|Ferren Areios|Adeptus Astartes||true
4204|Ferren Areios|Epic Hero||false
4204|Ferren Areios|Tacticus||false
4204|Ferren Areios|Captain||false
4204|Ferren Areios|Ferren Areios||false
4204|Ferren Areios|Character||false
4204|Ferren Areios|Imperium||false
4204|Ferren Areios|Infantry||false
4204|Ferren Areios|Grenades||false
4205|Kravek Morne|Heretic Astartes||true
4205|Kravek Morne|Epic Hero||false
4205|Kravek Morne|Chaos||false
4205|Kravek Morne|Chaos Undivided||false
4205|Kravek Morne|Terminator||false
4205|Kravek Morne|Kravek Morne||false
4205|Kravek Morne|Character||false
4205|Kravek Morne|Infantry||false
4206|Mutilators|Heretic Astartes||true
4206|Mutilators|Mutilators||false
4206|Mutilators|Daemon||false
4206|Mutilators|Chaos||false
4206|Mutilators|Infantry||false
4207|Defiler|||true
4207|Defiler|World Eaters||true
4207|Defiler|Defiler||false
4207|Defiler|Daemon||false
4207|Defiler|Khorne||false
4207|Defiler|Chaos||false
4207|Defiler|Walker||false
4207|Defiler|Vehicle||false
4208|Defiler|Emperor’s Children||true
4208|Defiler|||true
4208|Defiler|Walker||false
4208|Defiler|Vehicle||false
4208|Defiler|Daemon||false
4208|Defiler|Defiler||false
4208|Defiler|Slaanesh||false
4208|Defiler|Chaos||false
4209|Defiler|||true
4209|Defiler|Death Guard||true
4209|Defiler|Daemon||false
4209|Defiler|Nurgle||false
4209|Defiler|Chaos||false
4209|Defiler|Walker||false
4209|Defiler|Vehicle||false
4209|Defiler|Defiler||false
4210|Thulia Ghuld|Adeptus Mechanicus||true
4210|Thulia Ghuld|Monster||false
4210|Thulia Ghuld|Character||false
4210|Thulia Ghuld|Mobile||false
4210|Thulia Ghuld|Epic Hero||false
4210|Thulia Ghuld|Imperium||false
4210|Thulia Ghuld|Cult Mechanicus||false
4210|Thulia Ghuld|Tech-Priest||false
4210|Thulia Ghuld|Thulia Ghuld||false
4211|Hastarii Exterminators|Adeptus Mechanicus||true
4211|Hastarii Exterminators|Skitarii||false
4211|Hastarii Exterminators|Imperium||false
4211|Hastarii Exterminators|Hastarii||false
4211|Hastarii Exterminators|Exterminators||false
4211|Hastarii Exterminators|Infantry||false
4212|Hastarii Fusiliers|Adeptus Mechanicus||true
4212|Hastarii Fusiliers|Infantry||false
4212|Hastarii Fusiliers|Imperium||false
4212|Hastarii Fusiliers|Skitarii||false
4212|Hastarii Fusiliers|Hastarii||false
4212|Hastarii Fusiliers|Fusiliers||false
4213|Knight Destrier|Imperial Knights||true
4213|Knight Destrier|Towering||false
4213|Knight Destrier|Titanic||false
4213|Knight Destrier|Vehicle||false
4213|Knight Destrier|Character||false
4213|Knight Destrier|Knight Destrier||false
4213|Knight Destrier|Imperium||false
4213|Knight Destrier|Walker||false
4213|Knight Destrier|Bellatus||false
4214|Inquisitor Kroyle|Agents of the Imperium||true
4214|Inquisitor Kroyle|Kroyle||false
4214|Inquisitor Kroyle|Epic Hero||false
4214|Inquisitor Kroyle|Character||false
4214|Inquisitor Kroyle|Imperium||false
4214|Inquisitor Kroyle|Grenades||false
4214|Inquisitor Kroyle|Ordo Xenos||false
4214|Inquisitor Kroyle|Mounted||false
4214|Inquisitor Kroyle|Inquisitor||false
4215|Intranzia Fraye|Adepta Sororitas||true
4215|Intranzia Fraye|Character||false
4215|Intranzia Fraye|Penitent||false
4215|Intranzia Fraye|Intranzia Fraye||false
4215|Intranzia Fraye|Imperium||false
4215|Intranzia Fraye|Walker||false
4215|Intranzia Fraye|Vehicle||false
4215|Intranzia Fraye|Epic Hero||false
4216|Commissar Yarrick|Astra Militarum||true
4216|Commissar Yarrick|Infantry||false
4216|Commissar Yarrick|Epic Hero||false
4216|Commissar Yarrick|Commissar Yarrick||false
4216|Commissar Yarrick|Imperium||false
4216|Commissar Yarrick|Officer||false
4216|Commissar Yarrick|Character||false
4217|Commissar Graves|Astra Militarum||true
4217|Commissar Graves|Epic Hero||false
4217|Commissar Graves|Imperium||false
4217|Commissar Graves|Officer||false
4217|Commissar Graves|Commissar Graves||false
4217|Commissar Graves|Vehicle||false
4217|Commissar Graves|Character||false
4217|Commissar Graves|Squadron||false
4218|Commissar Graves on Foot|Astra Militarum||true
4218|Commissar Graves on Foot|Commissar Graves on Foot||false
4218|Commissar Graves on Foot|Infantry||false
4218|Commissar Graves on Foot|Character||false
4218|Commissar Graves on Foot|Epic Hero||false
4218|Commissar Graves on Foot|Imperium||false
4219|Hippogriff AFV|Astra Militarum||true
4219|Hippogriff AFV|Squadron||false
4219|Hippogriff AFV|Hippogriff AFV||false
4219|Hippogriff AFV|Vehicle||false
4219|Hippogriff AFV|Imperium||false
4219|Hippogriff AFV|Smoke||false
4220|Centaur RSV|Astra Militarum||true
4220|Centaur RSV|Vehicle||false
4220|Centaur RSV|Imperium||false
4220|Centaur RSV|Smoke||false
4220|Centaur RSV|Squadron||false
4220|Centaur RSV|Transport||false
4220|Centaur RSV|Centaur RSV||false
4220|Centaur RSV|Dedicated Transport||false
4221|Wazdakka Gutsmek|Orks||true
4221|Wazdakka Gutsmek|Mounted||false
4221|Wazdakka Gutsmek|Vehicle||false
4221|Wazdakka Gutsmek|Character||false
4221|Wazdakka Gutsmek|Epic Hero||false
4221|Wazdakka Gutsmek|Smoke||false
4221|Wazdakka Gutsmek|Speed Freeks||false
4222|Centaur RSV|Astra Militarum||true
4222|Centaur RSV|Genestealer Cults||true
4222|Centaur RSV|Dedicated Transport||false
4222|Centaur RSV|Transport||false
4222|Centaur RSV|Imperium||false
4222|Centaur RSV|Squadron||false
4222|Centaur RSV|Smoke||false
4222|Centaur RSV|Vehicle||false
4222|Centaur RSV|Centaur RSV||false
4223|Hippogriff AFV|Astra Militarum||true
4223|Hippogriff AFV|Genestealer Cults||true
4223|Hippogriff AFV|Squadron||false
4223|Hippogriff AFV|Smoke||false
4223|Hippogriff AFV|Imperium||false
4223|Hippogriff AFV|Hippogriff AFV||false
4223|Hippogriff AFV|Vehicle||false
4224|Cadian Recon Squad|Astra Militarum||true
4224|Cadian Recon Squad|Infantry||false
4224|Cadian Recon Squad|Grenades||false
4224|Cadian Recon Squad|Smoke||false
4224|Cadian Recon Squad|Imperium||false
4224|Cadian Recon Squad|Regiment||false
4224|Cadian Recon Squad|Cadian Recon Squad||false
4225|The Red Terror|Tyranids||true
4225|The Red Terror|Character||false
4225|The Red Terror|Epic Hero||false
4225|The Red Terror|Great Devourer||false
4225|The Red Terror|Monster||false
4225|The Red Terror|Mobile||false
4225|The Red Terror|Burrower||false
4225|The Red Terror|Vanguard Invader||false
4225|The Red Terror|The Red Terror||false
4226|The Red Terror|Tyranids||true
4226|The Red Terror|Genestealer Cults||true
4226|The Red Terror|Character||false
4226|The Red Terror|Epic Hero||false
4226|The Red Terror|Great Devourer||false
4226|The Red Terror|Monster||false
4226|The Red Terror|Mobile||false
4226|The Red Terror|Burrower||false
4226|The Red Terror|Vanguard Invader||false
4226|The Red Terror|The Red Terror||false
4227|Bannernob|Orks||true
4227|Bannernob|Infantry||false
4227|Bannernob|Character||false
4228|Bigboss|Orks||true
4228|Bigboss|Infantry||false
4228|Bigboss|Character||false
4229|Big Mek Dakkarig|Orks||true
4229|Big Mek Dakkarig|Vehicle||false
4229|Big Mek Dakkarig|Big Mek||false
4229|Big Mek Dakkarig|Character||false
4229|Big Mek Dakkarig|Walker||false
4231|Eradicator Squad with Heavy Bolters|Adeptus Astartes||true
4231|Eradicator Squad with Heavy Bolters|Infantry||false
4231|Eradicator Squad with Heavy Bolters|Imperium||false
4231|Eradicator Squad with Heavy Bolters|Gravis||false
4231|Eradicator Squad with Heavy Bolters|Eradicator Squad||false
4231|Eradicator Squad with Heavy Bolters|Eradicator Squad with Heavy Bolters||false
4232|Wolf Guard Battle Leader In Terminator Armour|Space Wolves||true
4232|Wolf Guard Battle Leader In Terminator Armour|Adeptus Astartes||true
4232|Wolf Guard Battle Leader In Terminator Armour|Wolf Guard Battle Leader in Terminator Armour||false
4232|Wolf Guard Battle Leader In Terminator Armour|Infantry||false
4232|Wolf Guard Battle Leader In Terminator Armour|Character||false
4232|Wolf Guard Battle Leader In Terminator Armour|Imperium||false
4232|Wolf Guard Battle Leader In Terminator Armour|Terminator||false
4233|Wolf Guard Battle Leader On Thunderwolf|Adeptus Astartes||true
4233|Wolf Guard Battle Leader On Thunderwolf|Space Wolves||true
4233|Wolf Guard Battle Leader On Thunderwolf|Mounted||false
4233|Wolf Guard Battle Leader On Thunderwolf|Character||false
4233|Wolf Guard Battle Leader On Thunderwolf|Grenades||false
4233|Wolf Guard Battle Leader On Thunderwolf|Imperium||false
4233|Wolf Guard Battle Leader On Thunderwolf|Wolf Guard Battle Leader on Thunderwolf||false
4234|Company Champion on Bike|Adeptus Astartes||true
4234|Company Champion on Bike|Character||false
4234|Company Champion on Bike|Imperium||false
4234|Company Champion on Bike|Company Champion||false
4234|Company Champion on Bike|Ravenwing||false
4234|Company Champion on Bike|Mounted||false
4234|Company Champion on Bike|Grenades||false
4235|Dragon Knights|Asuryani||true
4235|Dragon Knights|Ynnari||true
4235|Dragon Knights|||true
4235|Dragon Knights|Mounted||false
4235|Dragon Knights|Aeldari||false
4235|Dragon Knights|Exodite||false
4235|Dragon Knights|Mobile||false
4236|Leystalker|Asuryani||true
4236|Leystalker|Ynnari||true
4236|Leystalker|||true
4236|Leystalker|Character||false
4236|Leystalker|Mobile||false
4236|Leystalker|Exodite||false
4236|Leystalker|Mounted||false
4236|Leystalker|Aeldari||false
4237|Stonesinger|Asuryani||true
4237|Stonesinger|Ynnari||true
4237|Stonesinger|||true
4237|Stonesinger|Character||false
4237|Stonesinger|Aeldari||false
4237|Stonesinger|Mounted||false
4237|Stonesinger|Exodite||false
4237|Stonesinger|Mobile||false
4237|Stonesinger|Psyker||false
4238|Clanblade|Asuryani||true
4238|Clanblade|Ynnari||true
4238|Clanblade|||true
4238|Clanblade|Mounted||false
4238|Clanblade|Aeldari||false
4238|Clanblade|Character||false
4238|Clanblade|Exodite||false
4238|Clanblade|Mobile||false
4239|Runtherd|Orks||true
4239|Runtherd|Infantry||false
4239|Runtherd|Character||false
4240|Wartrakks|Orks||true
4240|Wartrakks|Mounted||false
4240|Wartrakks|Speed Freeks||false
4241|Gunwagon|Orks||true
4241|Gunwagon|Vehicle||false
4241|Gunwagon|Frame||false
4241|Gunwagon|Transport||false
4241|Gunwagon|Wagon||false
4242|Nazdreg|Orks||true
4242|Nazdreg|Infantry||false
4242|Nazdreg|Character||false
4242|Nazdreg|Epic Hero||false
4242|Nazdreg|Mega Armour||false
4242|Nazdreg|Warboss||false
4243|Rukkatrukk Squigbuggies|Orks||true
4243|Rukkatrukk Squigbuggies|Vehicle||false
4243|Rukkatrukk Squigbuggies|Explosives||false
4243|Rukkatrukk Squigbuggies|Speed Freeks||false
4244|Ciaphas Cain|Astra Militarum||true
4244|Ciaphas Cain|Infantry||false
4244|Ciaphas Cain|Character||false
4244|Ciaphas Cain|Commissar||false
4244|Ciaphas Cain|Epic Hero||false
4244|Ciaphas Cain|Imperium||false
4244|Ciaphas Cain|Officer||false
