datasheet_id|name|line|descrizione
1|Warboss|1|This model’s Kustom Choppa can be replaced with 1 Power Klaw.
1|Warboss|2|This model’s Kustom Shoota can be replaced with one of the following: • 1 Kombi-rokkit • 1 Kombi-skorcha
3|Warboss on Warbike|1|This model's Killsaw can be replaced with one of the following: 1 Big Choppa, 1 Power Klaw
6|Big Mek In Mega Armour|1|This model can be equipped with one of the following: • 1 Tellyport Blasta • 1 Kustom Force Field
6|Big Mek In Mega Armour|2|This model’s Kustom Shoota can be replaced with one of the following: • 1 Killsaw • 1 Kombi-weapon • 1 Kustom Mega-blasta
16|Boyz|1|Any number of Nob models can each have their Kustom Choppa and Kombi-skorcha replaced with 1 Big Choppa.
16|Boyz|2|Any number of Nob models can each have their Kustom Choppa replaced with 1 Power Klaw.
16|Boyz|3|Any number of Nob models can each have their Kombi-skorcha replaced with one of the following: • 1 Kombi-rokkit • 1 Kustom Shoota
16|Boyz|4|For every 10 models in this unit, 1 Boy model can have their Shoota replaced with 1 Big Shoota.
16|Boyz|5|For every 10 models in this unit, 1 Boy model can have their Shoota replaced with 1 Rokkit Launcha.
16|Boyz|6|For every 10 models in this unit, 1 Boy model can have their Shoota replaced with 1 Burna.
19|Burna Boyz|1|Any number of Spanner models can each have their Big Shoota replaced with one of the following: 1 Kustom Mega-blasta, 1 Rokkit Launcha.
20|Tankbustas|1|The Nob can have their Rokkit Pistol replaced with 1 Smash Hammer.
20|Tankbustas|2|1 Tankbusta model can be equipped with one of the following: • 1 Busta Rokkit Launcha • 1 Pulsa Rokkit
21|Nobz|1|For every 5 models in this unit, 1 model can have their Kustom Krumpa and Kustom Shoota replaced with 1 Big Skorcha and 1 Kustom Choppa.
21|Nobz|2|For every 5 models in this unit, 1 model can have their Kustom Krumpa and Kustom Shoota replaced with 1 Kustom Big Shoota and 1 Kustom Choppa.
21|Nobz|3|For every 5 models in this unit, 1 model can have their Kustom Krumpa and Kustom Shoota replaced with 1 Big Choppa.
21|Nobz|4|For every 5 models in this unit, 1 model can have their Kustom Shoota replaced with 1 Paired Krumpas.
21|Nobz|5|Any number of models can each have their Kustom Shoota replaced with 1 Kombi-rokkit.
24|Meganobz|1|Any number of models can each have their Power Klaw replaced with 1 Killsaw.
24|Meganobz|2|Any number of models can each have their Kustom Shoota replaced with 1 Kombi-weapon.
24|Meganobz|3|Any number of models can each have their Power Klaw and Kustom Shoota replaced with 1 Twin Killsaws.
25|Kommandos|1|The Nob can have their Choppa replaced with one of the following: • 1 Big Choppa • 1 Power Klaw
25|Kommandos|2|1 Kommando model can be equipped with 1 Burna.
25|Kommandos|3|1 Kommando model can be equipped with 1 Rokkit Launcha.
25|Kommandos|4|1 Kommando model can have their Choppa replaced with 1 Breacha Ram.
25|Kommandos|5|Up to 2 Kommando models can each be equipped with 1 Kustom Shoota.
26|Trukk|1|This model’s Dual Big Shoota can be replaced with 1 Rokkit Launcha.
26|Trukk|2|This model can be equipped with one of the following: • 1 Buzzsaw • 1 Grabbin' Klaw
27|Stormboyz|1|The Nob can have their Kustom Choppa replaced with 1 Power Klaw.
28|Deffkoptas|1|For every 3 models in this unit, 1 model can have their Rokkit Launcha replaced with 1 Kustom Mega-blasta.
29|Dakkajet|1|This model can be equipped with 1 Dual Supa-shoota.
30|Burna-bommer|1|This model can be equipped with 1 Skorcha Missile Rack.
32|Wazbom Blastajet|1|This model’s Dual Wazbom Mega-kannon can be replaced with 1 Dual Tellyport Mega-blasta.
32|Wazbom Blastajet|2|This model can be equipped with 1 Blastajet Force Field.
32|Wazbom Blastajet|3|This model can be equipped with 1 Dual Supa-shoota.
36|Warbuggies|1|Any number of models can each have their Mek Speshul replaced with 1 Rivet Kannon.
38|Mek Gunz|1|Any number of models can each have their Smasha Gun replaced with one of the following: • 1 Bubblechukka • 1 Kustom Mega-kannon • 1 Traktor Kannon
39|Battlewagon|1|This model can be equipped with 1 Wreckin’ Ball.
39|Battlewagon|2|This model can be equipped with up to 4 Big Shoota.
39|Battlewagon|3|This model can be equipped with 1 Grabbin’ Klaw.
40|Deff Dread|1|This model’s Big Shoota can be replaced with one of the following: • 1 Extra Klaw • 1 Kustom Mega-blasta • 1 Rokkit Launcha
40|Deff Dread|2|This model’s Skorcha can be replaced with one of the following: • 1 Extra Klaw • 1 Big Shoota • 1 Kustom Mega-blasta • 1 Rokkit Launcha
44|Lootas|1|Any number of Spanner models can each have their Big Shoota replaced with one of the following: 1 Kustom Mega-blasta, 1 Rokkit Launcha
49|Grot Tanks|1|Any number of models can each have their Grot Tank Shoota replaced with one of the following: 1 Grotzooka, 1 Kustom Mega-blasta, 1 Rokkit Launcha, 1 Skorcha
49|Grot Tanks|2|For every four models in this unit, one model can be equipped with one of the following in addition to any other weapons: • 1 Grot tank shoota • 1 grotzooka • 1 kustom mega-blasta • 1 rokkit launcha • 1 skorcha
50|Grot Mega-tank|1|This model's Dual Grotzooka can be replaced with one of the following: 1 Dual Big Shoota, 1 Dual Kustom Mega-blasta, 1 Dual Rokkit Launcha, 1 Dual Skorcha
50|Grot Mega-tank|2|This model's Dual Big Shoota can be replaced with one of the following: 1 Dual Grotzooka, 1 Dual Kustom Mega-blasta, 1 Dual Rokkit Launcha, 1 Dual Skorcha
53|Lifta Wagon|1|This model can be equipped with 1 Grabbin Klaw'
53|Lifta Wagon|2|This model can be equipped with one of the following: 1 Big Shoota and 1 Rokkit Launcha, 2 Big Shootas, 2 Rokkit Launcha
53|Lifta Wagon|3|This model can be equipped with 1 Wreckin' Ball
54|Big Trakk|1|This model can be equipped with one of the following: 1 Kannon, 1 Supa-kannon
56|Kill Tank|1|This model can be equipped with up to 4 Big Shootas.
56|Kill Tank|2|This model's 2 Big Shootas can be replaced with one of the following: 2 Rokkit Launcha, 2 Skorchas
56|Kill Tank|3|This model's Tank Kannon and Crushin' Bulk can be replaced with 1 Deff Rolla and 3 Zzap Guns.
56|Kill Tank|4|This model's Zzap Gun can be replaced with one of the following: 1 Kannon, 1 Lobba
59|Gargantuan Squiggoth|1|This model can be equipped with one of the following: • 1 kannon • 1 supa-kannon
61|Assault Squad|1|The Assault Sergeant’s bolt pistol can be replaced with one of the following: • 1 grav-pistol • 1 hand flamer • 1 inferno pistol • 1 plasma pistol
61|Assault Squad|2|The Assault Sergeant’s Astartes chainsword can be replaced with one of the following: • 1 power fist • 1 power weapon • 1 thunder hammer
61|Assault Squad|3|The Assault Sergeant can do one of the following: • Replace its bolt pistol and Astartes chainsword with 1 twin lightning claws. • Be equipped with 1 Astartes shield.
61|Assault Squad|4|Up to 2 Assault Marines can each have their bolt pistol and Astartes chainsword replaced with one of the following: • 1 plasma pistol and 1 Astartes chainsword • 1 flamer and 1 close combat weapon • 1 meltagun and 1 close combat weapon • 1 plasma gun and 1 close combat weapon
61|Assault Squad|5|For every 5 models in this unit, 1 model’s Astartes chainsword can be replaced with 1 eviscerator.
63|Apothecary on Bike|1|None
64|Assault Squad with Jump Packs|1|The Assault Sergeant with Jump Pack’s bolt pistol can be replaced with one of the following: • 1 grav-pistol • 1 hand flamer • 1 inferno pistol • 1 plasma pistol
64|Assault Squad with Jump Packs|2|The Assault Sergeant with Jump Pack’s Astartes chainsword can be replaced with one of the following: • 1 power fist • 1 power weapon • 1 thunder hammer
64|Assault Squad with Jump Packs|3|The Assault Sergeant with Jump Pack can do one of the following: • Replace its bolt pistol and Astartes chainsword with 1 twin lightning claws. • Be equipped with 1 Astartes shield.
64|Assault Squad with Jump Packs|4|Up to 2 Assault Marines with Jump Packs can each have their bolt pistol and Astartes chainsword replaced with one of the following: • 1 plasma pistol and 1 Astartes chainsword • 1 flamer and 1 close combat weapon • 1 meltagun and 1 close combat weapon • 1 plasma gun and 1 close combat weapon
64|Assault Squad with Jump Packs|5|For every 5 models in this unit, 1 model’s Astartes chainsword can be replaced with 1 eviscerator.
65|Land Raider|1|This model can be equipped with 1 hunter-killer missile.
65|Land Raider|2|This model can be equipped with 1 multi-melta.
65|Land Raider|3|This model can be equipped with 1 storm bolter.
66|Land Raider Crusader|1|This model can be equipped with 1 hunter-killer missile.
66|Land Raider Crusader|2|This model can be equipped with 1 multi-melta.
66|Land Raider Crusader|3|This model can be equipped with 1 storm bolter.
67|Land Raider Excelsior|1|This model can be equipped with 1 hunter-killer missile.
67|Land Raider Excelsior|2|This model can be equipped with 1 storm bolter.
67|Land Raider Excelsior|3|This model can be equipped with 1 multi-melta.
67|Land Raider Excelsior|4|This model can be equipped with 1 combi-weapon.
70|Tactical Squad|1|1 Tactical Marine’s boltgun can be replaced with one of the following: • 1 flamer • 1 heavy bolter • 1 grav-cannon • 1 grav-gun • 1 lascannon • 1 meltagun • 1 missile launcher • 1 multi-melta • 1 plasma cannon • 1 plasma gun
70|Tactical Squad|2|1 Tactical Marine’s boltgun can be replaced with one of the following: • 1 flamer • 1 grav-gun • 1 meltagun • 1 plasma gun
70|Tactical Squad|3|The Tactical Sergeant’s bolt pistol and boltgun can be replaced with 1 twin lightning claws, or two different weapons from the following list:* • 1 Astartes chainsword • 1 bolt pistol • 1 boltgun • 1 combi-weapon • 1 grav-pistol • 1 plasma pistol • 1 storm bolter • 1 power fist • 1 power weapon • 1 thunder hammer
70|Tactical Squad|4|* This model can only be equipped with two ranged weapons if one of them is a Pistol (and it can only have one Pistol).
71|Bladeguard Veteran Squad|1|The Bladeguard Veteran Sergeant’s heavy bolt pistol can be replaced with one of the following: • 1 neo-volkite pistol • 1 plasma pistol
72|Caestus Assault Ram|1|None
73|Captain|1|This model’s bolt pistol, master-crafted bolter and close combat weapon can be replaced with one of the following: • 1 heavy bolt pistol and 1 power fist • 1 heavy bolt pistol and 1 master-crafted power weapon • 1 neo-volkite pistol and 1 power fist • 1 neo-volkite pistol and 1 master-crafted power weapon • 1 plasma pistol and 1 power fist • 1 plasma pistol and 1 master-crafted power weapon • 1 heavy bolt pistol, 1 master-crafted power weapon and 1 relic shield
73|Captain|2|This model’s close combat weapon can be replaced with one of the following: • 1 master-crafted power weapon • 1 power fist
79|Librarian In Terminator Armour|1|This model can be equipped with one of the following: • 1 combi-weapon • 1 storm bolter
83|Captain With Jump Pack|1|This model’s heavy bolt pistol can be replaced with one of the following: • 1 plasma pistol • 1 hand flamer
83|Captain With Jump Pack|2|This model’s Astartes chainsword can be replaced with one of the following: • 1 power fist • 1 relic weapon
83|Captain With Jump Pack|3|This model’s heavy bolt pistol and Astartes chainsword can be replaced with 1 thunder hammer and 1 relic shield.
83|Captain With Jump Pack|4|If this model is equipped with a heavy bolt pistol and an Astartes chainsword, it can be equipped with 1 relic shield. This model’s heavy bolt pistol and Astartes chainsword cannot be replaced.
84|Stormhawk Interceptor|1|This model’s skyhammer missile launcher can be replaced with one of the following: • 1 twin heavy bolter • 1 typhoon missile launcher
84|Stormhawk Interceptor|2|This model’s las-talon can be replaced with 1 Icarus stormcannon.
85|Rhino Primaris|1|This model can be equipped with 1 hunter-killer missile.
86|Firestrike Servo-turrets|1|Any number of models can each have their twin Firestrike las-talon replaced with 1 twin Firestrike autocannon.
92|Sicaran Venator|1|This model can be equipped with one of the following: • 2 heavy bolters • 2 lascannons
92|Sicaran Venator|2|This model can be equipped with 1 hunter-killer missile.
92|Sicaran Venator|3|This model can be equipped with 1 storm bolter.
93|Typhon|1|This model can be equipped with one of the following: • 2 heavy bolters • 2 lascannons
93|Typhon|2|This model can be equipped with one of the following: • 1 heavy bolter • 1 heavy flamer • 1 multi-melta • 1 storm bolter
96|Carab Culln The Risen|1|None
97|Hammerfall Bunker|1|This model’s Hammerfall heavy bolter array can be replaced with 1 Hammerfall heavy flamer array.
98|Tarantula Sentry Battery|1|This model’s twin heavy bolter replaced with 1 twin lascannon.
99|Tarantula Air Defence Battery|1|None
103|Eradicator Squad|1|For every 3 models in this unit, 1 Eradicator’s melta rifle can be replaced with 1 multi-melta.
104|Relic Terminator Squad|1|The Relic Terminator Sergeant’s combi-bolter can be replaced with one of the following: • 1 plasma blaster • 1 volkite charger
104|Relic Terminator Squad|2|For every 5 models in this unit, 1 Relic Terminator’s combi-bolter can be replaced with one of the following: • 1 heavy flamer • 1 reaper autocannon
104|Relic Terminator Squad|3|For every 5 models in this unit, 1 model can be equipped with 1 grenade harness.
104|Relic Terminator Squad|4|Any number of models can each have their power fist replaced with 1 power weapon.
104|Relic Terminator Squad|5|Any number of models can each have their power fist replaced with one 1 chainfist.
104|Relic Terminator Squad|6|Any number of models can each have their combi-bolter and power fist replaced with 1 twin lightning claws.
107|Javelin Attack Speeder|1|This model’s javelin missile launcher can be replaced with 2 lascannons
107|Javelin Attack Speeder|2|This model’s heavy bolter can be replaced with 1 multi-melta.
107|Javelin Attack Speeder|3|This model can be equipped with up to 2 hunter-killer missiles.
110|Rapier Carrier|1|This model’s quad heavy bolter can be replaced with one of the following • 1 graviton cannon • 1 laser destroyer • 1 quad launcher
111|Mortis Dreadnought|1|This model’s 2 twin heavy bolters can be replaced with one of the following: • 2 assault cannons • 2 Dreadnought inferno cannons • 2 heavy plasma cannons • 2 missile launchers • 2 multi-meltas • 2 twin autocannons • 2 twin lascannons
112|Chaplain With Jump Pack|1|This model’s bolt pistol can be replaced with one of the following: • 1 boltgun • 1 combi-weapon • 1 grav-pistol • 1 hand flamer • 1 inferno pistol • 1 plasma pistol • 1 storm bolter • 1 power fist • 1 absolvor bolt pistol.
113|Storm Eagle Gunship|1|This model’s twin heavy bolter can be replaced with one of the following: • 1 twin multi-melta • 1 typhoon missile launcher
113|Storm Eagle Gunship|2|This model’s 2 twin hellstrike missile launchers can be replaced with 2 twin lascannons
115|Chaplain In Terminator Armour|1|This model’s storm bolter can be replaced with 1 relic shield.
116|Bike Squad|1|The Biker Sergeant’s bolt pistol can be replaced with one of the following: • 1 Astartes chainsword • 1 boltgun • 1 combi-weapon • 1 hand flamer • 1 grav-pistol • 1 inferno pistol • 1 plasma pistol • 1 storm bolter • 1 power fist • 1 power weapon • 1 thunder hammer
116|Bike Squad|2|Any number of Space Marine Bikers can each have their bolt pistol replaced with 1 Astartes chainsword.
116|Bike Squad|3|Up to 2 Space Marine Bikers can each have their bolt pistol replaced with one of the following: • 1 flamer • 1 grav-gun • 1 meltagun • 1 plasma gun • 1 plasma pistol
116|Bike Squad|4|An Attack Bike’s heavy bolter can be replaced with 1 multi-melta.
117|Dreadnought|1|This model’s assault cannon can be replaced with one of the following: • 1 heavy plasma cannon • 1 multi-melta • 1 twin lascannon
117|Dreadnought|2|This model’s Dreadnought combat weapon and storm bolter can be replaced with one of the following: • 1 missile launcher and 1 close combat weapon • 1 heavy flamer and 1 Dreadnought combat weapon
118|Terminator Assault Squad|1|Any number of models can each have their thunder hammer and storm shield replaced with 1 twin lightning claws.
120|Venerable Dreadnought|1|This model’s assault cannon can be replaced with one of the following: • 1 heavy plasma cannon • 1 multi-melta • 1 twin autocannon • 1 twin heavy bolter • 1 twin heavy flamer • 1 twin lascannon • 1 Dreadnought inferno cannon
120|Venerable Dreadnought|2|This model’s storm bolter and Dreadnought combat weapon can be replaced with one of the following: • 1 heavy flamer and 1 Dreadnought combat weapon • 1 missile launcher • 1 twin autocannon
122|Dreadnought Drop Pod|1|None
123|Sicaran Punisher|1|This model can be equipped with one of the following: • 2 heavy bolters • 2 lascannons
123|Sicaran Punisher|2|This model can be equipped with 1 hunter-killer missile.
123|Sicaran Punisher|3|This model can be equipped with 1 storm bolter.
125|Inceptor Squad|1|All models in this unit can each have their assault bolters replaced with 1 plasma exterminators.
128|Infiltrator Squad|1|1 Infiltrator can be equipped with 1 helix gauntlet.*
128|Infiltrator Squad|2|1 Infiltrator can be equipped with 1 Infiltrator comms array.*
128|Infiltrator Squad|3|* These options cannot be taken on the same model.
129|Razorback|1|This model’s twin heavy bolter can be replaced with 1 twin lascannon.
129|Razorback|2|This model can be equipped with 1 hunter-killer missile.
129|Razorback|3|This model can be equipped with 1 storm bolter.
131|Leviathan Dreadnought|1|Each of this model’s grav-flux bombards can be replaced with one of the following • 1 cyclonic melta lance • 1 storm cannon • 1 meltagun and 1 Leviathan siege claw • 1 meltagun and 1 Leviathan siege drill
131|Leviathan Dreadnought|2|This model’s 2 heavy flamers can be replaced with 2 twin volkite calivers.
131|Leviathan Dreadnought|3|This model can be equipped with 3 hunter-killer missiles.
132|Land Speeder Storm|1|None
134|Astartes Servitors|1|Up to 2 models can each have their Servitor servo-arm replaced with one of the following: • 1 heavy bolter and 1 close combat weapon • 1 multi-melta and 1 close combat weapon • 1 plasma cannon and 1 close combat weapon
135|Captain In Terminator Armour|1|This model’s storm bolter can be replaced with 1 combi-weapon
135|Captain In Terminator Armour|2|This model’s relic weapon can be replaced with 1 relic fist
136|Brutalis Dreadnought|1|This model’s twin heavy bolter can be replaced with 1 twin multi-melta.
136|Brutalis Dreadnought|2|This model’s Brutalis fists and Brutalis bolt rifles can be replaced with 1 Brutalis talons.
137|Scout Bike Squad|1|The Scout Biker Sergeant’s bolt pistol can be replaced with one of the following: • 1 Astartes chainsword • 1 boltgun • 1 combi-weapon • 1 hand flamer • 1 grav-pistol • 1 inferno pistol • 1 plasma pistol • 1 storm bolter • 1 power fist • 1 power weapon • 1 thunder hammer
137|Scout Bike Squad|2|Any number of models can each have their twin boltgun replaced with 1 Astartes grenade launcher.
139|Thunderhawk Gunship|1|This model’s Thunderhawk heavy cannon can be replaced with 1 turbo-laser destructor.
139|Thunderhawk Gunship|2|This model’s Thunderhawk cluster bombs can be replaced with 1 hellstrike missile battery.
146|Hunter|1|This model can be equipped with 1 hunter-killer missile.
146|Hunter|2|This model can be equipped with 1 storm bolter.
147|Vanguard Veteran Squad With Jump Packs|1|Any number of models can each have their bolt pistol replaced one of the following: • 1 storm shield • 1 grav-pistol • 1 hand flamer • 1 inferno pistol • 1 plasma pistol
147|Vanguard Veteran Squad With Jump Packs|2|All models can each have their Bolt Pistol and Vanguard Veteran Weapon replaced with: • 1 Heavy Bolt Pistol and 1 Master-crafted Power Weapon
147|Vanguard Veteran Squad With Jump Packs|3|For every 5 models in this unit, 1 model can replace their Heavy Bolt Pistol with 1 Plasma Pistol.
148|Imperial Space Marine|1|None
152|Captain Tycho|1|None
153|Tycho The Lost|1|None
154|Librarian Dreadnought|1|This model’s storm bolter can be replaced with one of the following: • 1 heavy flamer • 1 meltagun
160|Brother Corbulo|1|None
165|Sanguinary Guard|1|Any number of models can each have their encarmine blade replaced with 1 encarmine spear.
165|Sanguinary Guard|2|For every 3 models in this unit, 1 model’s Angelus boltgun can be replaced with 1 inferno pistol.
165|Sanguinary Guard|3|One model can be equipped with 1 Sanguinary banner.
166|Death Company Dreadnought|1|This model’s twin heavy bolter can be replaced with 1 twin multi-melta.
166|Death Company Dreadnought|2|This model's blood fists and blood fist bolt rifles can be replaced with 1 blood talons.
167|Furioso Dreadnought|1|This model’s heavy frag cannon and Furioso fist can be replaced with one of the following: • 1 Blood Talons and 1 meltagun • 1 twin Furioso fist and 1 meltagun
167|Furioso Dreadnought|2|This model’s storm bolter can be replaced with 1 heavy flamer.
167|Furioso Dreadnought|3|This model’s meltagun can be replaced with 1 heavy flamer.
167|Furioso Dreadnought|4|This model can be equipped with 1 magna-grapple.
168|Baal Predator|1|This model's twin assault cannon can be replaced with 1 Baal flamestorm cannon.
168|Baal Predator|2|This model can be equipped with 1 hunter-killer missile.
168|Baal Predator|3|This model can be equipped with 1 storm bolter.
168|Baal Predator|4|This model can be equipped with one of the following • 2 heavy bolters • 2 heavy flamers
169|Gabriel Seth|1|None
230|Deathwing Terminator Squad|1|Any number of Deathwing Terminators can each have their power fist replaced with 1 chainfist.
230|Deathwing Terminator Squad|2|For every 5 models in this unit, 1 Deathwing Terminator can replace its storm bolter with one of the following: • 1 assault cannon • 1 heavy flamer • 1 plasma cannon • 1 storm bolter and 1 cyclone missile launcher (this model’s storm bolter cannot be replaced)
230|Deathwing Terminator Squad|3|This unit can be equipped with 1 Watcher in the Dark.
231|Deathwing Knights|1|The Knight Master’s great weapon of the Unforgiven can be replaced with 1 relic weapon.
231|Deathwing Knights|2|All Deathwing Knights in this unit can each have their mace of absolution replaced with 1 power weapon.
231|Deathwing Knights|3|This unit can be equipped with 1 Watcher in the Dark.
238|Ravenwing Darkshroud|1|This model’s heavy bolter can be replaced with 1 assault cannon.
239|Nephilim Jetfighter|1|This model’s avenger mega bolter can be replaced with 1 Nephilim lascannons.
241|Ravenwing Black Knights|1|For every 3 models in this unit, 1 model can replace its plasma talon with 1 Astartes grenade launcher.
242|Land Speeder Vengeance|1|This model’s heavy bolter can be replaced with 1 assault cannon.
283|Logan Grimnar On Stormrider|1|None
284|Wolf Lord on Thunderwolf|1|This model’s bolt pistol can be replaced with one of the following: • 1 combi-weapon • 1 master-crafted boltgun • 1 plasma pistol • 1 storm bolter • 1 power fist • 1 relic weapon • 1 thunder hammer
284|Wolf Lord on Thunderwolf|2|This model’s relic weapon can be replaced with one of the following: • 1 plasma pistol • 1 power fist • 1 thunder hammer • 1 relic shield and 1 close combat weapon
284|Wolf Lord on Thunderwolf|3|This model’s bolt pistol and relic weapon can be replaced with 1 twin lightning claws.
286|Krom Dragongaze|1|None
287|Harald Deathwolf|1|None
288|Canis Wolfborn|1|None
302|Bjorn The Fell-handed|1|This model’s assault cannon can be replaced with one of the following: • Helfrost cannon • Multi-melta
303|Blood Claws|1|The Blood Claw Pack Leader’s bolt pistol can be replaced with 1 plasma pistol.
303|Blood Claws|2|The Blood Claw Pack Leader’s Astartes chainsword can be replaced with 1 power weapon.
304|Lukas The Trickster|1|None
305|Grey Hunters|1|The Grey Hunter Pack Leader’s bolt carbine can be replaced with 1 plasma pistol.
305|Grey Hunters|2|The Grey Hunter Pack Leader’s Astartes chainsword can be replaced with one of the following • 1 power fist • 1 power weapon
311|Wulfen|1|Any number of models can each have their death totem replaced with 1 stormfrag auto-launcher.
315|Wolf Guard|1|Any number of models can have their bolt pistol replaced with one of the following: • 1 boltgun • 1 combi-weapon • 1 plasma pistol • 1 storm bolter • 1 storm shield
318|Wolf Guard Terminators|1|Any number of models can each have their storm bolter replaced with 1 storm shield.
318|Wolf Guard Terminators|2|For every 5 models in this unit, 1 Wolf Guard Terminator can replace its storm bolter and master-crafted power weapon with 1 assault cannon and 1 powerfist.
318|Wolf Guard Terminators|3|The Wolf Guard Terminator Pack Leader’s storm bolter and master-crafted power weapon can be replaced with 1 of the following: • 1 relic greataxe • 1 twin lightning claws
321|Stormwolf|1|This model’s 2 skyhammer missile launchers can replaced with one of the following: • 2 twin heavy bolters • 2 twin multi-meltas
322|Thunderwolf Cavalry|1|Any number of models can each have their bolt pistol replaced with one of the following: • 1 boltgun • 1 storm shield
322|Thunderwolf Cavalry|2|For every 3 models in this unit, one model’s bolt pistol can be replaced with 1 plasma pistol.
324|Skyclaws|1|The Skyclaw Pack Leader’s Astartes chainsword can be replaced with one of the following: • 1 power fist • 1 power weapon
324|Skyclaws|2|The Skyclaw Pack Leader’s bolt pistol can be replaced with 1 plasma pistol.
324|Skyclaws|3|Up to 2 Skyclaws can each have their bolt pistol and Astartes chainsword replaced with one of the following: • 1 plasma pistol and 1 Astartes chainsword • 1 flamer and 1 close combat weapon • 1 grav-gun and 1 close combat weapon • 1 meltagun and 1 close combat weapon • 1 plasma gun and 1 close combat weapon
325|Stormfang Gunship|1|This model’s 2 skyhammer missile launchers can be replaced with one of the following: • 2 twin multi-meltas • 2 twin heavy bolters
325|Stormfang Gunship|2|This model’s twin stormstrike missile launcher can be replaced with 1 twin lascannon.
326|Long Fangs|1|Any number of Long Fangs can each have their boltgun replaced with one of the following: • 1 grav-cannon • 1 heavy bolter • 1 heavy flamer • 1 lascannon • 1 missile launcher • 1 multi-melta • 1 plasma cannon
326|Long Fangs|2|The Long Fang Pack Leader’s boltgun can be replace with one of the following • 1 flamer • 1 grav-gun • 1 meltagun • 1 plasma gun • 1 plasma pistol
326|Long Fangs|3|The Long Fang Pack Leader’s close combat weapon can be replaced with one of the following: • 1 Astartes chainsword • 1 power fist • 1 power weapon
358|Corvus Blackstar|1|This model’s twin assault cannon can be replaced with 1 twin lascannon.
358|Corvus Blackstar|2|This model’s 2 Blackstar rocket launchers can be replaced with 2 stormstrike missile launchers.
358|Corvus Blackstar|3|This model can be equipped with 1 hurricane bolter.
358|Corvus Blackstar|4|This model can be equipped with one of the following: • 1 auspex array • 1 infernum halo-launcher
373|Kaldor Draigo|1|None
375|Grand Master|1|This model’s storm bolter can be replaced with one of the following: • 1 incinerator • 1 psilencer • 1 psycannon
376|Brother-captain|1|This model’s storm bolter can be replaced with one of the following: • 1 incinerator • 1 psilencer • 1 psycannon
377|Brother-captain Stern|1|None
381|Strike Squad|1|For every 5 models in this unit, 1 Grey Knight’s storm bolter and Nemesis force weapon can be replaced with one of the following: • 1 incinerator and 1 close combat weapon • 1 psilencer and 1 close combat weapon • 1 psycannon and 1 close combat weapon
382|Brotherhood Terminator Squad|1|For every 5 models in this unit, 1 Terminator’s storm bolter can be replaced with one of the following: • 1 incinerator • 1 psilencer • 1 psycannon
382|Brotherhood Terminator Squad|2|1 Terminator can have its storm bolter replaced with 1 Apothecary’s narthecium.
382|Brotherhood Terminator Squad|3|1 Terminator’s storm bolter can be replaced with one of the following: • 1 incinerator and 1 Ancient’s banner • 1 psilencer and 1 Ancient’s banner • 1 psycannon and 1 Ancient’s banner • 1 storm bolter and 1 Ancient’s banner*
382|Brotherhood Terminator Squad|4|* That model’s storm bolter cannot be replaced.
383|Purifier Squad|1|For every 5 models in this unit, up to 2 Purifiers can each have their storm bolter and Nemesis force weapon replaced with one of the following: • 1 incinerator and 1 close combat weapon • 1 psilencer and 1 close combat weapon • 1 psycannon and 1 close combat weapon
384|Paladin Squad|1|For every 5 models in this unit, up to 2 Paladins can each have their storm bolter replaced with one of the following: • 1 incinerator • 1 psilencer • 1 psycannon
384|Paladin Squad|2|1 Paladin can have its storm bolter replaced with 1 Apothecary’s narthecium.
384|Paladin Squad|3|1 Paladin’s storm bolter can be replaced with one of the following: • 1 incinerator and 1 Ancient’s banner • 1 psilencer and 1 Ancient’s banner • 1 psycannon and 1 Ancient’s banner • 1 storm bolter and 1 Ancient’s banner*
384|Paladin Squad|4|* That model’s storm bolter cannot be replaced.
387|Interceptor Squad|1|For every 5 models in this unit, 1 Interceptor’s storm bolter and Nemesis force weapon can be replaced with one of the following: • 1 incinerator and 1 close combat weapon • 1 psilencer and 1 close combat weapon • 1 psycannon and 1 close combat weapon
388|Purgation Squad|1|Up to 4 Purgators can each have their storm bolter and Nemesis force weapon replaced with one of the following: • 1 incinerator and 1 close combat weapon • 1 psilencer and 1 close combat weapon • 1 psycannon and 1 close combat weapon
389|Nemesis Dreadknight|1|This model’s dreadfists can be replaced with one of the following: • 1 Nemesis daemon greathammer • 1 Nemesis greatsword
389|Nemesis Dreadknight|2|This model can be equipped with up to two of the following, but cannot take duplicates: • 1 gatling psilencer • 1 heavy incinerator • 1 heavy psycannon
390|Grey Knights Dreadnought|1|This model’s assault cannon can be replaced with one of the following: • 1 heavy plasma cannon • 1 multi-melta • 1 twin lascannon
390|Grey Knights Dreadnought|2|This model’s assault cannon, storm bolter and Dreadnought combat weapon can be replaced with one of the following: • 1 heavy psycannon, 1 storm bolter and 1 Nemesis doomglaive • 1 heavy psycannon, 1 incinerator and 1 Nemesis doomglaive
390|Grey Knights Dreadnought|3|This model’s storm bolter and Dreadnought combat weapon can be replaced with one of the following: • 1 missile launcher and 1 armoured feet • 1 heavy flamer and 1 Dreadnought combat weapon
391|Land Raider|1|This model can be equipped with 1 hunter-killer missile.
391|Land Raider|2|This model can be equipped with 1 multi-melta.
391|Land Raider|3|This model can be equipped with 1 storm bolter.
392|Land Raider Crusader|1|This model can be equipped with 1 hunter-killer missile.
392|Land Raider Crusader|2|This model can be equipped with 1 multi-melta.
392|Land Raider Crusader|3|This model can be equipped with 1 storm bolter.
393|Land Raider Redeemer|1|This model can be equipped with 1 hunter-killer missile.
393|Land Raider Redeemer|2|This model can be equipped with 1 multi-melta.
393|Land Raider Redeemer|3|This model can be equipped with 1 storm bolter.
395|Razorback|1|This model can be equipped with 1 hunter-killer missile.
395|Razorback|2|This model can be equipped with 1 storm bolter.
395|Razorback|3|This model’s twin heavy bolter can be replaced with 1 twin lascannon.
396|Rhino|1|This model can be equipped with 1 hunter-killer missile.
396|Rhino|2|This model can be equipped with 1 additional storm bolter.
397|Servitors|1|Up to 2 models can each have their Servitor’s servo-arm replaced with one of the following: • 1 heavy bolter and 1 Servitor’s tools • 1 multi-melta and 1 Servitor’s tools • 1 plasma cannon and 1 Servitor’s tools
398|Stormraven Gunship|1|This model can be equipped with 2 hurricane bolters.
398|Stormraven Gunship|2|This model’s twin assault cannon can be replaced with one of the following: • 1 twin heavy plasma cannon • 1 twin lascannon
398|Stormraven Gunship|3|This model’s typhoon missile launcher can be replaced with one of the following: • 1 twin heavy bolter • 1 twin multi-melta
400|Venerable Dreadnought|1|This model’s assault cannon can be replaced with one of the following: • 1 heavy plasma cannon • 1 twin lascannon
400|Venerable Dreadnought|2|This model’s storm bolter can be replaced with 1 heavy flamer.
402|Commander In Coldstar Battlesuit|1|This model’s high-output burst cannon can be replaced with one of the following: • 1 airbursting fragmentation projector* • 1 battlesuit support system* • 1 burst cannon • 1 cyclic ion blaster* • 1 fusion blaster • 1 missile pod • 1 plasma rifle • 1 shield generator* • 1 T’au flamer • 1 weapon support system*
402|Commander In Coldstar Battlesuit|2|This model can be equipped with up to two of the following, and can take duplicates: • 1 gun drone • 1 marker drone • 1 shield drone
402|Commander In Coldstar Battlesuit|3|This model can be equipped with up to three of the following, and can take duplicates: • 1 airbursting fragmentation projector* • 1 battlesuit support system* • 1 burst cannon • 1 cyclic ion blaster* • 1 fusion blaster • 1 missile pod • 1 plasma rifle • 1 shield generator* • 1 T’au flamer • 1 weapon support system*
402|Commander In Coldstar Battlesuit|4|* This model cannot have duplicates of these pieces of wargear.
404|Ethereal|1|This model can be equipped with 1 hover drone.
404|Ethereal|2|This model can be equipped with up to two of the following, and can take duplicates: • 1 gun drone • 1 marker drone • 1 shield drone
405|Cadre Fireblade|1|This model can be equipped with up to two of the following, and can take duplicates: • 1 gun drone • 1 marker drone • 1 shield drone
408|Aun’shi|1|None
409|Aun’va|1|None
411|Strike Team|1|The Fire Warrior Shas’ui can be equipped with up to two of the following, and can take duplicates: • 1 guardian drone (it cannot take duplicates of this piece of wargear) • 1 gun drone • 1 marker drone • 1 shield drone
411|Strike Team|2|Any number of Fire Warrior models can each have their pulse rifle replaced with 1 pulse carbine.
412|Breacher Team|1|The Breacher Fire Warrior Shas’ui can be equipped with up to two of the following, and can take duplicates: • 1 guardian drone (it cannot take duplicates of this piece of wargear) • 1 gun drone • 1 marker drone • 1 shield drone
413|Kroot Carnivores|1|The Long-quill’s Kroot rifle can be replaced with 1 Kroot carbine.
413|Kroot Carnivores|2|For every 10 models in this unit, one Kroot Carnivore’s Kroot rifle can be replaced with 1 Tanglebomb launcher.
414|Krootox Riders|1|Any number of models can each have their repeater cannon replaced with 1 tanglecannon.
417|Stealth Battlesuits|1|The Stealth Shas’vre can be equipped with 1 gun drone.
417|Stealth Battlesuits|2|The Stealth Shas’vre can be equipped with 1 marker drone.
417|Stealth Battlesuits|3|The Stealth Shas’vre can be equipped with 1 pulse pistol.
417|Stealth Battlesuits|4|1 Stealth Shas’ui can be equipped with 1 homing beacon.
417|Stealth Battlesuits|5|2 models can each have their burst cannon replaced with 1 fusion blaster.
418|Crisis Battlesuits|1|Any number of models can each have their burst cannon replaced with one of the following: • 1 airbursting fragmentation projector* • 1 battlesuit support system* • 1 cyclic ion blaster • 1 fusion blaster • 1 missile pod • 1 plasma rifle • 1 shield generator* • 1 T’au flamer • 1 weapon support system*
418|Crisis Battlesuits|2|Any number of models can be equipped with up to two of the following, and can take duplicate • 1 gun drone • 1 marker drone • 1 shield drone
418|Crisis Battlesuits|3|Any number of models can each be equipped with up to three of the following, and can take duplicates**: • 1 airbursting fragmentation projector* • 1 battlesuit support system* • 1 burst cannon • 1 cyclic ion blaster • 1 fusion blaster • 1 missile pod • 1 plasma rifle • 1 shield generator* • 1 T’au flamer • 1 weapon support system*
418|Crisis Battlesuits|4|* Each model cannot have duplicates of these pieces of wargear.
418|Crisis Battlesuits|5|** Each model cannot be equipped with more than 3 ranged weapons.
420|Ghostkeel Battlesuit|1|This model’s fusion collider can be replaced with 1 cyclic ion raker.
420|Ghostkeel Battlesuit|2|This model’s twin T’au flamer can be replaced with one of the following: • 1 twin fusion blaster • 1 twin burst cannon
420|Ghostkeel Battlesuit|3|This model can be equipped with one battlesuit support system.
421|Riptide Battlesuit|1|This model’s heavy burst cannon can be replaced with 1 ion accelerator.
421|Riptide Battlesuit|2|This model’s twin plasma rifles can be replaced with one of the following: • 1 twin fusion blaster • 1 twin smart missile system
421|Riptide Battlesuit|3|This model can be equipped with up to 2 missile drones.
422|Pathfinder Team|1|The Pathfinder Shas’ui can be equipped with one of the following: • 1 grav-inhibitor drone • 1 pulse accelerator drone • 1 recon drone
422|Pathfinder Team|2|The Pathfinder Shas’ui can be equipped with up to two of the following, and can take duplicates: • 1 gun drone • 1 marker drone • 1 shield drone
422|Pathfinder Team|3|Up to 3 Pathfinders can each have their pulse carbine replaced with one of the following: • 1 ion rifle • 1 rail rifle
422|Pathfinder Team|4|1 model in this unit equipped with a pulse carbine can be equipped with 1 semi-automatic grenade launcher. That model’s pulse carbine cannot be replaced.
423|Piranhas|1|Any number of models can each have their Piranha burst cannon can be replaced with 1 Piranha fusion blaster.
423|Piranhas|2|Any number of models can each be equipped with up to 2 seeker missiles.
424|Devilfish|1|This model’s 2 twin pulse carbines can be replaced with 2 smart missile systems.
424|Devilfish|2|This model can be equipped with up to 2 seeker missiles.
425|Razorshark Strike Fighter|1|This model’s accelerator burst cannon can be replaced with 1 missile pod.
426|Sun Shark Bomber|1|This model’s missile pod can be replaced with 1 twin missile pod.
427|Vespid Stingwings|1|If this unit contains 10 models: • The Vespid Strain Leader can be equipped with 1 Oversight Drone. • 1 Vespid Stingwing can replace its neutron blaster with 1 T’au flamer • 1 Vespid Stingwing can replace its neutron blaster with 1 neutron grenade launcher • 1 Vespid Stingwing can replace its neutron blaster with 1 neutron rail rifle.
428|Firesight Team|1|None
430|Sky Ray Gunship|1|This model’s 2 twin pulse carbines can be replaced with one of the following: • 2 accelerator burst cannons • 2 smart missile systems
431|Longstrike|1|This model’s railgun can be replaced with 1 ion cannon.
431|Longstrike|2|This model’s 2 twin pulse carbines can be replaced with one of the following: • 2 accelerator burst cannons • 2 smart missile systems
431|Longstrike|3|This model can be equipped with up to 2 seeker missiles.
432|Hammerhead Gunship|1|This model’s railgun can be replaced with 1 ion cannon.
432|Hammerhead Gunship|2|This model’s 2 twin pulse carbines can be replaced with one of the following: • 2 accelerator burst cannons • 2 smart missile systems
432|Hammerhead Gunship|3|This model can be equipped with up to 2 seeker missiles.
433|Broadside Battlesuits|1|Any number of models can each have their heavy rail rifle replaced with 1 high-yield missile pods.
433|Broadside Battlesuits|2|Any number of models can each be equipped with up to two of the following, but cannot take duplicates: • 1 seeker missile • 1 twin plasma rifle* • 1 twin smart missile system* • 1 weapon support system
433|Broadside Battlesuits|3|Any number of models can each be equipped with up to two of the following, and can take duplicates: • 1 gun drone • 1 marker drone • 1 missile drone • 1 shield drone
433|Broadside Battlesuits|4|* No model can be equipped with both a twin plasma rifle and twin smart missile system at the same time.
434|Stormsurge|1|This model’s pulse driver cannon can be replaced with 1 pulse blast cannon.
434|Stormsurge|2|This model’s twin T’au flamer can be replaced with one of the following: • 1 twin airbursting fragmentation projector • 1 twin burst cannon
435|Tidewall Droneport|1|None
436|Tidewall Shieldline|1|This model can be equipped with 1 Tidewall defence platform.
437|Tidewall Gunrig|1|None
439|Shas’o R’alai|1|None
443|Xv9 Hazard Battlesuits|1|Any number of models can each have their fusion cascade replaced with one of the following: • 1 phased ion gun • 1 twin hazard burst cannon
443|Xv9 Hazard Battlesuits|2|Any number of models can each have their twin hazard burst cannon replaced with one of the following: • 1 fusion cascade • 1 phased ion gun
443|Xv9 Hazard Battlesuits|3|Any number of models can each be equipped with one of the following: • 1 battlesuit support system • 1 shield generator • 1 weapon support system
443|Xv9 Hazard Battlesuits|4|Any number of models can each be equipped with up to two of the following, and can take duplicates: • 1 gun drone • 1 marker drone • 1 shield drone
444|Y’vahra Battlesuit|1|This model can be equipped with up to 2 missile drones.
445|R’varna Battlesuit|1|This model can be equipped with up to 2 missile drones.
446|Ta’unar Supremacy Armour|1|This model’s tri-axis ion cannon can be replaced with 1 fusion eradicator.
446|Ta’unar Supremacy Armour|2|This model’s fusion eradicator can be replaced with 1 tri-axis ion cannon.
446|Ta’unar Supremacy Armour|3|This model’s 3 pulse ordnance drivers can be replaced with one of the following: • 2 nexus missile launchers • 1 heavy rail cannon array and 1 fragmentation cluster shell launcher
447|Tetras|1|None
448|Tx42 Piranha|1|This model’s 2 plasma rifles can be replaced with one of the following: • 2 fusion blasters • 2 missile pods • 2 rail rifles
449|Heavy Gun Drones|1|Any number of models can each have their burst cannon and markerlight replaced with 1 twin burst cannon.
452|Remora Stealth Drones|1|None
453|Barracuda|1|This model’s 2 long-barrelled burst cannons can be replaced with 2 cyclic ion blasters.
453|Barracuda|2|This model’s swiftstrike burst cannon can be replaced with one of the following: • 1 ion cannon • 1 swiftstrike railgun
453|Barracuda|3|This model can be equipped with up to 4 seeker missiles.
454|Tiger Shark|1|This model’s 2 burst cannons can be replaced with 2 cyclic ion blasters.
454|Tiger Shark|2|This model’s 2 ion cannons can be replaced with one of the following: • 2 swiftstrike burst cannons • 2 swiftstrike railguns
454|Tiger Shark|3|This model can be equipped with up to 6 seeker missiles.
454|Tiger Shark|4|This model’s transport bay can be replaced with 2 skyspear missile racks.
455|AX-1-0 Tiger Shark|1|This model can be equipped with up to 6 seeker missiles.
455|AX-1-0 Tiger Shark|2|This model’s 2 burst cannons can be replaced with 2 cyclic ion blasters.
456|Orca Dropship|1|None
457|Manta|1|None
458|Remote Sensor Tower|1|None
459|Drone Sentry Turret|1|This model’s twin plasma rifle can be replaced with one of the following: • 1 twin burst cannon • 1 twin fusion blaster • 1 twin missile pod
460|Hive Tyrant|1|This model’s monstrous bonesword and lash whip can be replaced with one of the following: • 1 heavy venom cannon • 1 stranglethorn cannon • 1 monstrous scything talons
460|Hive Tyrant|2|This model’s monstrous scything talons can be replaced with one of the following: • 1 heavy venom cannon* • 1 stranglethorn cannon*
460|Hive Tyrant|3|*This model cannot be equipped with both a stranglethorn cannon and a heavy venom cannon. This model cannot be equipped with more than 1 heavy venom cannon, and it cannot be equipped with more than 1 stranglethorn cannon.
465|Tervigon|1|This model’s massive scything talons can be replaced with 1 massive crushing claws.
468|Termagants|1|All models in this unit can each have their fleshborer replaced with 1 Termagant devourer.
468|Termagants|2|All models in this unit can each have their fleshborer replaced with 1 Termagant spinefists.
468|Termagants|3|For every 10 models in this unit, 1 model’s ranged weapon can be replaced with 1 shardlauncher
468|Termagants|4|For every 10 models in this unit, 1 model’s ranged weapon can be replaced with 1 spike rifle.
468|Termagants|5|For every 10 models in this unit, 1 model’s ranged weapon can be replaced with 1 strangleweb
470|Ripper Swarms|1|All models in this unit can each be equipped with 1 spinemaws.
471|Tyrant Guard|1|Any number of models can each have their scything talons and rending claws replaced with one of the following: • 1 bone cleaver, lash whip and rending claws • 1 crushing claws and rending claws
472|Hive Guard|1|Any number of models can each have their shockcannon replaced with 1 impaler cannon.
482|Raveners|1|None
483|Sky-slasher Swarms|1|Any number of models can each be equipped with 1 spinemaws.
485|Harpy|1|This model’s twin stranglethorn cannon can be replaced with 1 twin heavy venom cannon.
490|Carnifexes|1|Any number of models can each have their Carnifex extra scything talons replaced with one of the following: • 1 deathspitters with slimer maggots • 1 devourers with brainleech worms • 1 heavy venom cannon • 1 stranglethorn cannon • 1 Carnifex crushing claws
490|Carnifexes|2|Any number of models can each have their Carnifex scything talons replaced with one of the following: • 1 deathspitters with slimer maggots • 1 devourers with brainleech worms • 1 Carnifex crushing claws
490|Carnifexes|3|Any number of models can each be equipped with 1 bio-plasma.
490|Carnifexes|4|Any number of models can each be equipped with 1 spine banks.
496|Tyrannofex|1|This model’s fleshborer hive can be replaced with one of the following: • 1 acid spray • 1 rupture cannon
499|Malanthrope|1|None
500|Dimachaeron|1|None
503|Barbed Hierodule|1|None
504|Harridan|1|None
505|Hierophant|1|None
506|Scythed Hierodule|1|None
511|Acolyte Hybrids With Autopistols|1|One Acolyte Hybrid’s autopistol can be replaced with 1 cult icon.
511|Acolyte Hybrids With Autopistols|2|For every 5 models in this unit, up to 3 Acolyte Hybrids can each have their autopistol and cult claws and knife replaced with 1 heavy mining tool.
511|Acolyte Hybrids With Autopistols|3|The Acolyte Leader’s cult claws and knife can be replaced with 1 Leader's bio-weapons.
512|Neophyte Hybrids|1|One Neophyte Hybrid equipped with a Hybrid firearm can be equipped with 1 cult icon.
512|Neophyte Hybrids|2|For every 10 models in this unit, up to 2 Neophyte Hybrids can each have their Hybrid firearm replaced with one of the following: • Heavy stubber* • Mining laser* • Seismic cannon*
512|Neophyte Hybrids|3|For every 10 models in this unit, up to 2 Neophyte Hybrids can each have their Hybrid firearm replaced with one of the following: • Flamer* • Grenade launcher* • Webber*
512|Neophyte Hybrids|4|The Neophyte Leader’s Hybrid firearm and close combat weapon can be replaced with 1 of the following: • 1 anointed pistol and 1 chainsword • 1 anointed pistol and 1 power weapon
512|Neophyte Hybrids|5|* To a maximum of 1 per 10 models in this unit.
513|Hybrid Metamorphs|1|Any number of models can each have their autopistol replaced with 1 hand flamer.
513|Hybrid Metamorphs|2|One Hybrid Metamorph’s autopistol can be replaced with 1 cult icon.
521|Goliath Rockgrinder|1|This model’s heavy mining laser can be replaced with one of the following: • 1 clearance incinerator • 1 heavy seismic cannon
523|Overlord|1|This model’s tachyon arrow and Overlord’s blade can be replaced with one of the following: • 1 staff of light • 1 voidscythe
523|Overlord|2|If this model is not equipped with a tachyon arrow, it can be equipped with 1 resurrection orb.
524|Lord|1|This model’s staff of light can be replaced with 1 Lord’s blade.
524|Lord|2|This model can be equipped with 1 resurrection orb.
531|Anrakyr The Traveller|1|None
533|Catacomb Command Barge|1|This model’s gauss cannon can be replaced with 1 tesla cannon.
533|Catacomb Command Barge|2|This model’s staff of light can be replaced with 1 Overlord’s blade.
533|Catacomb Command Barge|3|This model can be equipped with 1 resurrection orb.
534|Necron Warriors|1|Any number of models can each have their gauss flayer replaced with 1 gauss reaper.
535|Immortals|1|All models in this unit can each have their gauss blaster replaced with 1 tesla carbine.
536|Lychguard|1|All models in this unit can each have their warscythe replaced with 1 hyperphase sword and 1 dispersion shield.
539|Triarch Praetorians|1|All models in this unit can each have their rod of covenant replaced with 1 particle caster and 1 voidblade.
540|Triarch Stalker|1|This model’s heat ray can be replaced with one of the following: • 1 particle shredder • 1 heavy gauss cannon array
546|Canoptek Wraiths|1|Any number of models can each be equipped with one of the following: • 1 particle caster • 1 transdimensional beamer
546|Canoptek Wraiths|2|Any number of models can each have their vicious claws replaced with whip coils.
548|Tomb Blades|1|Any number of models can each have their twin gauss blaster replaced with one of the following: • 1 particle beamer • 1 twin tesla carbine
548|Tomb Blades|2|Any number of models can each be equipped with 1 shieldvanes.
548|Tomb Blades|3|Any number of models can each be equipped with one of the following: • 1 nebuloscope • 1 shadowloom
551|Canoptek Spyders|1|Any number of models can each be equipped with 2 particle beamers.
551|Canoptek Spyders|2|Any number of models can each be equipped with 1 fabricator claw array.
551|Canoptek Spyders|3|Any number of models can each be equipped with 1 gloom prism.
552|Monolith|1|This model’s 4 gauss flux arcs can be replaced with 4 death rays.
553|Annihilation Barge|1|This model’s gauss cannon can be replaced with 1 tesla cannon.
558|Canoptek Tomb Stalker|1|None
559|Canoptek Acanthrites|1|None
560|Canoptek Tomb Sentinel|1|None
562|Sentry Pylon|1|This model’s gauss exterminator can be replaced with one of the following: • 1 focused death ray • 1 heat cannon
564|Tesseract Ark|1|This model’s 2 tesla cannons can be replaced with one of the following: • 2 gauss cannons • 2 particle beamers
570|Illic Nightspear|1|None
573|Karandras|1|None
577|Autarch|1|This model’s shuriken pistol can be replaced with one of the following: • 1 death spinner • 1 Dragon fusion gun • 1 Dragon fusion pistol • 1 Reaper launcher
577|Autarch|2|This model’s star glaive can be replaced with one of the following: • 1 Banshee blade • 1 Scorpion chainsword
580|Autarch Skyrunner|1|This model’s laser lance can be replaced with one of the following: • 1 Dragon fusion gun • 1 Banshee blade
582|Farseer|1|This model’s witchblade can be replaced with 1 singing spear.
583|Farseer Skyrunner|1|This model’s witchblade can be replaced with 1 singing spear.
584|Warlock Conclave|1|Any number of models can each have their witchblade replaced with 1 singing spear.
585|Warlock|1|This model’s witchblade can be replaced with 1 singing spear.
587|Warlock Skyrunners|1|Any number of models can each have their witchblade replaced with 1 singing spear.
589|Guardian Defenders|1|The Heavy Weapon Platform’s shuriken cannon can be replaced with one of the following: • 1 missile launcher • 1 bright lance • 1 scatter laser • 1 starcannon
590|Storm Guardians|1|Up to 2 Storm Guardians can each have their shuriken pistol replaced with 1 flamer.
590|Storm Guardians|2|Up to 2 Storm Guardians can each have their shuriken pistol replaced with 1 fusion gun.
590|Storm Guardians|3|Up to 2 Storm Guardians can each have their close combat weapon replaced with 1 power sword.
591|Windriders|1|Any number of models can each have their twin shuriken catapult replaced with one of the following: • 1 scatter laser • 1 shuriken cannon
592|Rangers|1|None
593|Dire Avengers|1|The Dire Avenger Exarch’s Avenger shuriken catapult can be replaced with 1 shuriken pistol and one of the following: • 1 diresword • 1 power glaive
593|Dire Avengers|2|If this unit’s Dire Avenger Exarch is equipped with 1 Avenger shuriken catapult, it can be equipped with 1 additional Avenger shuriken catapult.
593|Dire Avengers|3|The Dire Avenger Exarch’s shuriken pistol can be replaced with 1 shimmershield.
593|Dire Avengers|4|For every 5 models in this unit, it can have 1 Aspect Shrine token.
594|Howling Banshees|1|The Howling Banshee Exarch’s Banshee blade can be replaced with 1 of the following: • 1 executioner • 1 triskele
594|Howling Banshees|2|The Howling Banshee Exarch’s shuriken pistol and Banshee blade can be replaced with 1 mirrorswords.
594|Howling Banshees|3|For every 5 models in this unit, it can have 1 Aspect Shrine token.
595|Striking Scorpions|1|The Striking Scorpion Exarch’s shuriken pistol, Scorpion chainsword and Scorpion’s claw can be replaced with one of the following: • 1 biting blade and 1 shuriken pistol • 1 chainsabres
595|Striking Scorpions|2|For every 5 models in this unit, it can have 1 Aspect Shrine token.
596|Fire Dragons|1|The Fire Dragon Exarch model’s Exarch’s Dragon fusion gun can be replaced with 1 of the following: • 1 Dragon’s breath flamer • 1 Dragon fusion pistol and 1 Dragon axe • 1 firepike
596|Fire Dragons|2|For every 5 models in this unit, it can have 1 Aspect Shrine token.
597|Wraithguard|1|All of the models in this unit can each have their wraithcannon replaced with 1 D-scythe.
598|Wraithblades|1|All of the models in this unit can each have their ghostswords replaced with 1 ghostaxe and 1 forceshield.
599|Wave Serpent|1|This model’s twin shuriken cannon can be replaced with one of the following: • 1 twin missile launcher • 1 twin bright lance • 1 twin scatter laser • 1 twin starcannon
599|Wave Serpent|2|This model’s twin shuriken catapult can be replaced with 1 shuriken cannon.
600|Swooping Hawks|1|The Swooping Hawk Exarch’s Hawk’s talon can be replaced with one of the following: • 1 Exarch’s lasblaster • 1 sunpistol and 1 power sword • 1 scatter laser
600|Swooping Hawks|2|For every 5 models in this unit, it can have 1 Aspect Shrine token.
601|Warp Spiders|1|The Warp Spider Exarch’s Exarch’s death spinner can be replaced with one of the following: • 1 spinneret rifle and 1 death weavers • 1 powerblades and 1 death weavers • 1 powerblade array
601|Warp Spiders|2|For every 5 models in this unit, it can have 1 Aspect Shrine token.
602|Shining Spears|1|The Shining Spear Exarch’s laser lance can be replaced with one of the following: • 1 paragon sabre • 1 star lance
602|Shining Spears|2|The Shining Spear Exarch’s twin shuriken catapult can be replaced with 1 shuriken cannon.
602|Shining Spears|3|The Shining Spear Exarch can be equipped with 1 shimmershield.
603|Crimson Hunter|1|This model’s 2 starcannons can be replaced with 2 bright lances.
605|Vypers|1|Any number of models can each have their bright lance replaced with one of the following: • 1 scatter laser • 1 starcannon
605|Vypers|2|Any number of models can each have their shuriken cannon replaced with 1 missile launcher.
607|Dark Reapers|1|The Dark Reaper Exarch’s Reaper launcher can be replaced with 1 of the following: • 1 missile launcher • 1 shuriken cannon • 1 tempest launcher
607|Dark Reapers|2|For every 5 models in this unit, it can have 1 Aspect Shrine token.
609|Falcon|1|This model’s scatter laser can be replaced with one of the following: • 1 missile launcher • 1 bright lance • 1 shuriken cannon • 1 starcannon
609|Falcon|2|This model’s twin shuriken catapult can be replaced with 1 shuriken cannon.
610|Fire Prism|1|This model’s twin shuriken catapult can be replaced with 1 shuriken cannon.
611|Night Spinner|1|This model's twin shuriken catapult can be replaced with 1 shuriken cannon.
612|War Walkers|1|Each model can have each shuriken cannon it is equipped with replaced with one of the following: • 1 missile launcher • 1 bright lance • 1 scatter laser • 1 starcannon
613|Wraithlord|1|Each of this model's shuriken catapults can be replaced with 1 flamer.
613|Wraithlord|2|This model can be equipped with 1 ghostglaive.
613|Wraithlord|3|This model can be equipped with up to two of the following: • 1 missile launcher • 1 bright lance • 1 scatter laser • 1 shuriken cannon • 1 starcannon
614|Wraithknight|1|This model's suncannon can be replaced with 1 heavy wraithcannon.
614|Wraithknight|2|This model’s scattershield can be replaced with 1 heavy wraithcannon.
614|Wraithknight|3|This model can be equipped with up to two of the following: • 1 scatter laser • 1 shuriken cannon • 1 starcannon
615|Shadow Spectres|1|None
616|Wasp Assault Walker|1|This model’s scatter laser can be replaced with one of the following: • 1 Aeldari missile launcher • 1 bright lance • 1 shuriken cannon • 1 starcannon
616|Wasp Assault Walker|2|This model’s shuriken cannon can be replaced with one of the following: • 1 Aeldari missile launcher • 1 bright lance • 1 scatter laser • 1 starcannon
617|Wraithseer|1|This model can be equipped with one of the following: • 1 Aeldari missile launcher • 1 bright lance • 1 scatter laser • 1 shuriken cannon • 1 starcannon • 1 Wraithseer D-cannon
618|Hornet|1|Each of this model’s Hornet pulse lasers can be replaced with one of the following: • Aeldari missile launcher • Bright lance • Scatter laser • Shuriken cannon • Starcannon
619|Warp Hunter|1|This model’s twin shuriken catapult can be replaced with 1 shuriken cannon.
620|Lynx|1|This model’s shuriken cannon can be replaced with one of the following: • Aeldari missile launcher • Bright lance • Scatter laser • Starcannon
621|Scorpion|1|This model’s shuriken cannon can be replaced with one of the following: • 1 Aeldari missile launcher • 1 bright lance • 1 scatter laser • 1 starcannon
622|Cobra|1|This model’s shuriken cannon can be replaced with one of the following: • 1 Aeldari missile launcher • 1 bright lance • 1 scatter laser • 1 starcannon
623|Nightwing|1|None
624|Phoenix|1|None
625|Vampire Raider|1|None
626|Vampire Hunter|1|None
627|Skathach Wraithknight|1|This model can be equipped with up to two of the following: • 1 scatter laser • 1 shuriken cannon • 1 starcannon
627|Skathach Wraithknight|2|This model’s inferno lance can be replaced with 1 deathshroud cannon.
627|Skathach Wraithknight|3|This model’s scattershield can be replaced with one of the following: • 1 inferno lance • 1 deathshroud cannon
628|Revenant Titan|1|This model’s Revenant pulsar can be replaced with 1 sonic lance.
628|Revenant Titan|2|This model’s sonic lance can be replaced with 1 Revenant pulsar.
629|Corsair Cloud Dancer Band|1|Any number of models can each have their twin shuriken catapult replaced with one of the following: • 1 dark lance • 1 dissonance cannon • 1 scatter laser • 1 shuriken cannon • 1 splinter cannon
629|Corsair Cloud Dancer Band|2|The Cloud Dancer Felarch can be equipped with one of the following: • 1 dissonance pistol • 1 void sabre
630|Irillyth|1|None
631|Phantom Titan|1|This model’s D-bombard can be replaced with one of the following: • 2 Phantom starcannons and 1 wraith glaive • 1 Phantom starcannon, 1 pulse laser and 1 wraith glaive • 2 pulse lasers and 1 wraith glaive • 1 Phantom pulsar
631|Phantom Titan|2|This model’s Phantom pulsar can be replaced with one of the following: • 1 D-bombard • 2 Phantom starcannons and 1 wraith glaive • 1 Phantom starcannon, 1 pulse laser and 1 wraith glaive • 2 pulse lasers and 1 wraith glaive
631|Phantom Titan|3|This model’s Phantom starcannon can be replaced with 1 pulse laser.
632|Corsair Reaver Band|1|Any number of models can each have their Corsair firearm replaced with 1 spar-glaive.
632|Corsair Reaver Band|2|For every 5 models in this unit, 1 model’s Corsair firearm can be replaced with one of the following: • 1 Aeldari missile launcher • 1 blaster • 1 dark lance • 1 flamer • 1 fusion gun • 1 shredder • 1 shuriken cannon • 1 splinter cannon
632|Corsair Reaver Band|3|The Corsair Reaver Felarch can be equipped with one of the following: • 1 dissonance pistol • 1 void sabre
634|Archon|1|This model's splinter pistol can be replaced with one of the following: • 1 blast pistol • 1 soul trap
634|Archon|2|This model’s huskblade can be replaced with one of the following: • 1 agoniser • 1 master-crafted power weapon
642|Urien Rakarth|1|None
644|Kabalite Warriors|1|The Sybarite’s close combat weapon can be replaced with 1 power weapon.
644|Kabalite Warriors|2|The Sybarite can be equipped with one of the following: • 1 Kabalite icon • 1 phantasm grenade launcher
644|Kabalite Warriors|3|The Sybarite’s splinter rifle can be replaced with one of the following: • 1 blast pistol • 1 splinter pistol
644|Kabalite Warriors|4|1 Kabalite Warrior’s splinter rifle can be replaced with 1 blaster.
644|Kabalite Warriors|5|1 Kabalite Warrior’s splinter rifle can be replaced with 1 dark lance.
644|Kabalite Warriors|6|1 Kabalite Warrior’s splinter rifle can be replaced with 1 shredder.
644|Kabalite Warriors|7|1 Kabalite Warrior’s splinter rifle can be replaced with 1 splinter cannon.
646|Wyches|1|The Hekatrix’s splinter pistol can be replaced with 1 blast pistol.
646|Wyches|2|The Hekatrix’s Hekatarii blade can be replaced with 1 power weapon.
646|Wyches|3|Up to 3 Wyches can each have their splinter pistol and Hekatarii blade replaced with 1 gladiatorial weapons.
648|Incubi|1|The Klaivex’s klaive can be replaced with 1 demiklaives.
648|Incubi|2|For every 5 models in this unit, it can be equipped with 1 Incubi Shrine token.
650|Wracks|1|For every 5 models in this unit: • 1 model’s twin torturer’s tools can be replaced with 1 hexrifle and 1 torturer’s tool • 1 model’s twin torturer’s tools can be replaced with 1 liquifier gun and 1 torturer’s tool • 1 model’s twin torturer’s tools can be replaced with 1 ossefactor and 1 torturer’s tool • 1 model’s twin torturer’s tools can be replaced with 1 stinger pistol and 1 torturer’s tool
650|Wracks|2|The Acothyst’s twin torturer’s tools can be replaced with 1 power weapon and 1 torturer’s tool.
650|Wracks|3|If the Acothyst is not equipped with a power weapon, its torturer’s tool can be replaced with 1 power weapon.
651|Grotesques|1|Any number of models can each replace their paired monstrous weapons with 1 monstrous weapon and 1 liquifier gun.
652|Beastmaster|1|None
656|Raider|1|This model’s dark lance can be replaced with 1 disintegrator cannon.
657|Venom|1|This model’s twin splinter rifle can be replaced with 1 splinter cannon.
658|Reavers|1|For every 3 models in this unit, 1 model’s splinter rifle can be replaced with one of the following: • 1 blaster • 1 heat lance
658|Reavers|2|For every 3 models in this unit, 1 model can be equipped with one of the following: • 1 cluster caltrops • 1 grav-talon
659|Hellions|1|The Helliarch can be equipped with 1 phantasm grenade launcher.
659|Hellions|2|The Helliarch’s hellglaive can be replaced with one of the following: • 1 splinter pistol and 1 power weapon. • 1 splinter pistol and 1 stunclaw.
659|Hellions|3|If the Helliarch is equipped with 1 splinter pistol, it can be equipped with 1 hellglaive (that model’s hellglaive cannot be replaced).
660|Razorwing Jetfighter|1|This model’s 2 dark lances can be replaced with 2 disintegrator cannons.
660|Razorwing Jetfighter|2|This model’s twin splinter rifle can be replaced with 1 splinter cannon.
661|Voidraven Bomber|1|This model can be equipped with 1 Voidraven missiles.
661|Voidraven Bomber|2|This model’s 2 void lances can be replaced with 2 dark scythes.
662|Scourges with Heavy Weapons|1|The Solarite’s shardcarbine can be replaced with one of the following: • 1 blast pistol and 1 power weapon • 1 splinter pistol and 1 power weapon
662|Scourges with Heavy Weapons|2|Any number of Scourges can each replace their splinter cannon with one of the following: • 1 blaster • 1 dark lance • 1 haywire blaster • 1 heat lance • 1 shredder
663|Talos|1|Any number of models can each replace their twin splinter cannon with one of the following: • 1 stinger pod • 1 twin haywire blaster • 1 twin heat lance
663|Talos|2|Any number of models can each replace one of their macro-scalpels with one of the following: • 1 Talos ichor injector • 1 twin liquifier gun
663|Talos|3|Any number of models can each replace one of their macro-scalpels with one of the following: • 1 chain flails • 1 Talos gauntlet
664|Cronos|1|Any number of models can each be equipped with 1 spirit vortex.
665|Ravager|1|Any number of this model’s dark lances can each be replaced with 1 disintegrator cannon.
666|Reaper|1|None
667|Tantalus|1|None
680|Leman Russ Commander|1|This model’s Leman Russ battle cannon can be replaced with one of the following: • 1 demolisher battle cannon • 1 eradicator nova cannon • 1 executioner plasma cannon • 1 exterminator autocannon • 1 punisher gatling cannon • 1 vanquisher battle cannon
680|Leman Russ Commander|2|This model’s lascannon can be replaced with one of the following: • 1 heavy bolter • 1 heavy flamer
680|Leman Russ Commander|3|This model can be equipped with one of the following: • 2 heavy bolters • 2 heavy flamers • 2 multi-meltas • 2 plasma cannons
680|Leman Russ Commander|4|This model can be equipped with one of the following: • 1 heavy stubber • 1 storm bolter
680|Leman Russ Commander|5|This model can be equipped with 1 hunter-killer missile.
686|Cadian Heavy Weapons Squad|1|Any number of models can each have their heavy bolter replaced with one of the following: • 1 autocannon • 1 lascannon • 1 missile launcher • 1 mortar
690|Scout Sentinels|1|Any number of models can each have their multi-laser replaced with one of the following: • 1 autocannon • 1 heavy flamer • 1 lascannon • 1 missile launcher • 1 plasma cannon
690|Scout Sentinels|2|Any number of models can each be equipped with 1 Sentinel chainsaw.
690|Scout Sentinels|3|Any number of models can each be equipped with 1 hunter-killer missile.
691|Armoured Sentinels|1|Any number of models can each have their multi-laser replaced with one of the following: • 1 autocannon • 1 heavy flamer • 1 lascannon • 1 missile launcher • 1 plasma cannon
691|Armoured Sentinels|2|Any number of models can each be equipped with 1 Sentinel chainsaw.
691|Armoured Sentinels|3|Any number of models can each be equipped with 1 hunter-killer missile.
692|Chimera|1|This model’s heavy bolter can be replaced with 1 heavy flamer.
692|Chimera|2|This model’s multi-laser can be replaced with one of the following: • 1 heavy bolter* • 1 heavy flamer*
692|Chimera|3|This model can be equipped with one of the following: • 1 heavy stubber • 1 storm bolter
692|Chimera|4|This model can be equipped with 1 hunter-killer missile.
692|Chimera|5|* This weapon cannot be replaced.
693|Taurox|1|This model can be equipped with 1 storm bolter.
694|Hellhound|1|This model’s inferno cannon can be replaced with one of the following: • 1 chem cannon • 1 melta cannon
694|Hellhound|2|This model’s heavy flamer can be replaced with one of the following: • 1 heavy bolter • 1 multi-melta
694|Hellhound|3|This model can be equipped with 1 hunter-killer missile.
695|Basilisk|1|This model’s heavy bolter can be replaced with 1 heavy flamer.
695|Basilisk|2|This model can be equipped with 1 hunter-killer missile.
696|Hydra|1|This model’s heavy bolter can be replaced with 1 heavy flamer.
696|Hydra|2|This model can be equipped with 1 hunter-killer missile.
697|Wyvern|1|This model’s heavy bolter can be replaced with 1 heavy flamer.
697|Wyvern|2|This model can be equipped with 1 hunter-killer missile.
698|Manticore|1|This model’s heavy bolter can be replaced with 1 heavy flamer.
698|Manticore|2|This model can be equipped with 1 hunter-killer missile.
699|Deathstrike|1|This model’s heavy bolter can be replaced with 1 heavy flamer.
699|Deathstrike|2|This model can be equipped with 1 hunter-killer missile.
700|Leman Russ Battle Tank|1|This model’s lascannon can be replaced with one of the following: • 1 heavy bolter • 1 heavy flamer
700|Leman Russ Battle Tank|2|This model can be equipped with one of the following: • 2 heavy bolters • 2 heavy flamers • 2 multi-meltas • 2 plasma cannons
700|Leman Russ Battle Tank|3|This model can be equipped with one of the following: • 1 heavy stubber • 1 storm bolter
700|Leman Russ Battle Tank|4|This model can be equipped with 1 hunter-killer missile.
701|Leman Russ Demolisher|1|This model’s lascannon can be replaced with one of the following: • 1 heavy bolter • 1 heavy flamer
701|Leman Russ Demolisher|2|This model can be equipped with one of the following: • 2 heavy bolters • 2 heavy flamers • 2 multi-meltas • 2 plasma cannons
701|Leman Russ Demolisher|3|This model can be equipped with one of the following: • 1 heavy stubber • 1 storm bolter
701|Leman Russ Demolisher|4|This model can be equipped with 1 hunter-killer missile.
702|Baneblade|1|This model’s 2 twin heavy flamers can be replaced with 2 twin heavy bolters.
702|Baneblade|2|This model can be equipped with one of the following: • 2 lascannons and 2 twin heavy bolters • 2 lascannons and 2 twin heavy flamers
703|Banehammer|1|This model’s 2 twin heavy flamers can be replaced with 2 twin heavy bolters.
703|Banehammer|2|This model can be equipped with one of the following: • 2 lascannons and 2 twin heavy bolters • 2 lascannons and 2 twin heavy flamers
704|Banesword|1|This model’s 2 twin heavy flamers can be replaced with 2 twin heavy bolters.
704|Banesword|2|This model can be equipped with one of the following: • 2 lascannons and 2 twin heavy bolters • 2 lascannons and 2 twin heavy flamers
705|Doomhammer|1|This model’s 2 twin heavy flamers can be replaced with 2 twin heavy bolters.
705|Doomhammer|2|This model can be equipped with one of the following: • 2 lascannons and 2 twin heavy bolters • 2 lascannons and 2 twin heavy flamers
706|Hellhammer|1|This model’s 2 twin heavy flamers can be replaced with 2 twin heavy bolters.
706|Hellhammer|2|This model can be equipped with one of the following: • 2 lascannons and 2 twin heavy bolters • 2 lascannons and 2 twin heavy flamers
707|Shadowsword|1|This model’s 2 twin heavy flamers can be replaced with 2 twin heavy bolters.
707|Shadowsword|2|This model can be equipped with one of the following: • 2 lascannons and 2 twin heavy bolters • 2 lascannons and 2 twin heavy flamers
708|Stormlord|1|This model’s 2 twin heavy flamers can be replaced with 2 twin heavy bolters.
708|Stormlord|2|This model can be equipped with one of the following: • 2 lascannons and 2 twin heavy bolters • 2 lascannons and 2 twin heavy flamers
709|Stormsword|1|This model’s 2 twin heavy flamers can be replaced with 2 twin heavy bolters.
709|Stormsword|2|This model can be equipped with one of the following: • 2 lascannons and 2 twin heavy bolters • 2 lascannons and 2 twin heavy flamers
713|‘Iron Hand’ Straken|1|None
714|Sergeant Harker|1|None
716|Commissar|1|This model’s bolt pistol can be replaced with 1 plasma pistol.
716|Commissar|2|This model’s chainsword can be replaced with 1 power weapon.
719|Militarum Tempestus Command Squad|1|Any number of Tempestus Scions can each have their hot-shot lasgun replaced with one of the following*: • 1 flamer • 1 grenade launcher • 1 hot-shot volley gun • 1 meltagun • 1 plasma gun
719|Militarum Tempestus Command Squad|2|1 Tempestus Scion equipped with a hot-shot lasgun can be equipped with 1 regimental standard (that model’s hot-shot lasgun cannot be replaced).
719|Militarum Tempestus Command Squad|3|1 Tempestus Scion’s hot-shot lasgun can be replaced with 1 hot-shot laspistol and 1 master vox.
719|Militarum Tempestus Command Squad|4|1 Tempestus Scion’s hot-shot lasgun can be replaced with one of the following: • 1 hot-shot laspistol and 1 medi-pack • 1 hot-shot lasgun, 1 hot-shot laspistol and 1 medi-pack [that model's hot-shot lasgun cannot be replaced]
719|Militarum Tempestus Command Squad|5|The Tempestor Prime’s bolt pistol can be replaced with one of the following: • 1 plasma pistol • 1 command rod
719|Militarum Tempestus Command Squad|6|* You cannot select the same weapon from this list more than once per unit.
721|Taurox Prime|1|This model’s Taurox battle cannon can be replaced with one of the following: • 1 Taurox gatling cannon • 1 Taurox missile launcher
721|Taurox Prime|2|This model’s twin Taurox hot-shot volley gun can be replaced with 1 twin autocannon.
721|Taurox Prime|3|This model can be equipped with 1 storm bolter.
722|Ogryn Squad|1|None
723|Bullgryn Squad|1|Any number of models can each have their grenadier gauntlet replaced with 1 Bullgryn maul.
723|Bullgryn Squad|2|Any number of models can each have their slabshield replaced with 1 brute shield.
724|Ratlings|1|If this unit contains 10 models, one model’s sniper rifle can be replaced with 1 tankstopper rifle.
724|Ratlings|2|If this unit contains 10 models, one model can be equipped with demolition gear.
724|Ratlings|3|If this unit contains 10 models, it can be equipped with one Ratling Battlemutt.
727|Valkyrie|1|This model’s multi-laser can be replaced with 1 lascannon.
727|Valkyrie|2|This model’s hellstrike missiles can be replaced with 2 multiple rocket pods.
727|Valkyrie|3|This model can be equipped with 2 heavy bolters.
728|Atlas Recovery Vehicle|1|This model can be equipped with 1 hunter-killer missile.
728|Atlas Recovery Vehicle|2|This model can be equipped with one of the following: • 1 heavy stubber • 1 storm bolter
729|Salamander Command Vehicle|1|This model can be equipped with 1 hunter-killer missile.
729|Salamander Command Vehicle|2|This model can be equipped with one of the following: • 1 heavy stubber • 1 storm bolter
730|Hades Breaching Drill|1|None
731|Centaur Light Carrier|1|This model can be equipped with 1 hunter-killer missile.
733|Trojan Support Vehicle|1|This model’s heavy bolter can be replaced with 1 heavy flamer.
733|Trojan Support Vehicle|2|This model can be equipped with 1 hunter-killer missile.
735|Salamander Scout Vehicle|1|This model can be equipped with 1 hunter-killer missile.
735|Salamander Scout Vehicle|2|This model can be equipped with one of the following: • 1 heavy stubber • 1 storm bolter
736|Tauros Assault Vehicle|1|This model’s heavy flamer can be replaced with 1 Tauros grenade launcher.
736|Tauros Assault Vehicle|2|This model can be equipped with 1 hunter-killer missile.
737|Tauros Venator|1|This model’s twin multi-laser can be replaced with 1 twin lascannon.
737|Tauros Venator|2|This model can be equipped with 1 hunter-killer missile.
739|Armageddon-pattern Medusa|1|This model’s heavy bolter can be replaced with 1 heavy flamer.
739|Armageddon-pattern Medusa|2|This model can be equipped with 1 hunter-killer missile.
739|Armageddon-pattern Medusa|3|This model can be equipped with one of the following: • 1 storm bolter • 1 heavy stubber
740|Colossus|1|This model can be equipped with 1 hunter-killer missile.
740|Colossus|2|This model can be equipped with one of the following: • 1 heavy stubber • 1 storm bolter
741|Cyclops Demolition Vehicle|1|None
743|Earthshaker Carriage Battery|1|None
744|Griffon Mortar Carrier|1|This model’s heavy bolter can be replaced with 1 heavy flamer.
744|Griffon Mortar Carrier|2|This model can each be equipped with one of the following: • 1 heavy stubber • 1 storm bolter
745|Heavy Mortar Team|1|None
746|Heavy Quad Launcher Team|1|None
747|Hydra Platform|1|None
751|Malcador Annihilator|1|This model’s 2 heavy bolters can be replaced with one of the following: • 2 autocannons • 2 lascannons
751|Malcador Annihilator|2|This model can be equipped with 1 hunter-killer missile.
751|Malcador Annihilator|3|This model can be equipped with one of the following: • 1 heavy stubber • 1 storm bolter
752|Malcador Defender|1|2 of this model’s heavy bolters can be replaced with one of the following: • 2 autocannons • 2 lascannons
752|Malcador Defender|2|This model can be equipped with 1 hunter-killer missile.
752|Malcador Defender|3|This model can be equipped with one of the following: • 1 heavy stubber • 1 storm bolter
753|Malcador|1|This model’s 2 autocannons can be replaced with one of the following: • 2 heavy bolters • 2 lascannons
753|Malcador|2|This model’s heavy bolter can be replaced with one of the following: • 1 autocannon • 1 lascannon
753|Malcador|3|This model can be equipped with 1 hunter-killer missile.
753|Malcador|4|This model can be equipped with one of the following: • 1 heavy stubber • 1 storm bolter
754|Malcador Infernus|1|This model’s 2 heavy stubbers can be replaced with one of the following: • 2 autocannons • 2 heavy bolters • 2 heavy flamers • 2 lascannons
754|Malcador Infernus|2|This model can be equipped with 1 hunter-killer missile.
754|Malcador Infernus|3|This model can be equipped with one of the following: • 1 heavy stubber • 1 storm bolter
755|Manticore Platform|1|None
756|Medusa Carriage Battery|1|None
757|Rapier Laser Destroyer Battery|1|None
758|Sabre Weapons Battery|1|Any number of models’ twin heavy bolters can each be replaced with one of the following: • 1 defence searchlight • 1 twin autocannon • 1 twin heavy stubber • 1 twin lascannon
759|Sentinel Powerlifter|1|None
760|Stygies Destroyer Tank Hunter|1|This model can be equipped with 1 hunter-killer missile.
760|Stygies Destroyer Tank Hunter|2|This model can be equipped with one of the following: • 1 heavy stubber • 1 storm bolter
762|Tarantula Battery|1|Any number of models can each have their twin heavy bolter replaced with 1 twin lascannon.
763|Stormblade|1|This model’s 2 twin heavy bolters can be replaced with 2 twin heavy flamers.
763|Stormblade|2|This model can be equipped with 1 hunter-killer missile.
763|Stormblade|3|This model can be equipped with one of the following: • 1 heavy stubber • 1 storm bolter
763|Stormblade|4|This model can be equipped with one of the following: • 2 lascannons and 2 twin heavy bolters • 2 lascannons and 2 twin heavy flamers
764|Arkurian Stormhammer|1|This model’s 7 multi-lasers can be replaced with one of the following: • 7 heavy bolters • 7 heavy flamers • 7 lascannons
764|Arkurian Stormhammer|2|This model can be equipped with 1 hunter-killer missile.
764|Arkurian Stormhammer|3|This model can be equipped with one of the following: • 1 heavy stubber • 1 storm bolter
766|Crassus|1|This model can be equipped with one of the following: • 1 heavy stubber • 1 storm bolter
767|Dominus Armoured Siege Bombard|1|This model’s 2 heavy bolters can be replaced with one of the following: • 2 autocannons • 2 heavy flamers • 2 lascannons
767|Dominus Armoured Siege Bombard|2|This model can be equipped with 1 hunter-killer missile.
767|Dominus Armoured Siege Bombard|3|This model can be equipped with one of the following: • 1 heavy stubber • 1 storm bolter
768|Gorgon Heavy Transport|1|This model’s 2 Gorgon mortars can be replaced with one of the following: • 4 heavy bolters • 4 heavy flamers • 4 heavy stubbers
768|Gorgon Heavy Transport|2|This model can be equipped with 1 hunter-killer missile.
769|Macharius|1|This model’s 2 heavy stubbers can be replaced with one of the following: • 2 heavy bolters • 2 heavy flamers
769|Macharius|2|This model can be equipped with 1 hunter-killer missile.
769|Macharius|3|This model can be equipped with one of the following: • 1 heavy stubber • 1 storm bolter
770|Macharius Omega|1|This model can be equipped with one of the following: • 2 autocannons • 2 heavy bolters • 2 heavy flamers
770|Macharius Omega|2|This model can be equipped with 1 hunter-killer missile.
770|Macharius Omega|3|This model can be equipped with one of the following: • 1 heavy stubber • 1 storm bolter
771|Macharius Vanquisher|1|This model’s 2 heavy stubbers can be replaced with one of the following: • 2 heavy bolters • 2 heavy flamers
771|Macharius Vanquisher|2|This model can be equipped with 1 hunter-killer missile.
771|Macharius Vanquisher|3|This model can be equipped with one of the following: • 1 heavy stubber • 1 storm bolter
772|Macharius Vulcan|1|This model’s 2 heavy stubbers can be replaced with one of the following: • 2 heavy bolters • 2 heavy flamers
772|Macharius Vulcan|2|This model can be equipped with 1 hunter-killer missile.
772|Macharius Vulcan|3|This model can be equipped with one of the following: • 1 heavy stubber • 1 storm bolter
773|Marauder Bomber|1|This model’s heavy bombs can be replaced with 1 inferno bombs.
774|Marauder Destroyer|1|This model can be equipped with 1 hellstrike missile rack.
775|Minotaur|1|None
776|Praetor|1|This model can be equipped with one of the following: • 1 heavy stubber • 1 storm bolter
777|Valdor|1|This model’s autocannon can be replaced with one of the following: • 1 heavy bolter • 1 heavy flamer • 1 lascannon
777|Valdor|2|This model can be equipped with 1 hunter-killer missile.
777|Valdor|3|This model can be equipped with one of the following: • 1 heavy stubber • 1 storm bolter
778|Aquila Lander|1|This model’s heavy bolter can be replaced with one of the following: • 1 autocannon • 1 multi-laser
779|Arvus Lighter|1|None
780|Avenger Strike Fighter|1|None
781|Voss-pattern Lightning|1|This model can be equipped with 1 Lightning hellstrike rack.
783|Vendetta Gunship|1|2 of this model’s Vendetta twin lascannons can be replaced with 1 Vendetta hellstrike rack.
783|Vendetta Gunship|2|This model can be equipped with 2 heavy bolters.
784|Vulture Gunship|1|This model’s 2 multiple rocket pods and Vulture hellstrike rack can be replaced with 2 Vulture gatling cannons.
839|Tech-priest Dominus|1|This model’s macrostubber can be replaced with 1 phosphor serpenta.
839|Tech-priest Dominus|2|This model’s volkite blaster can be replaced with 1 eradication ray.
841|Kataphron Breachers|1|Any number of models can each have their heavy arc rifle replaced with 1 torsion cannon.
841|Kataphron Breachers|2|Any number of models can each have their arc claw replaced with 1 hydraulic claw.
842|Kataphron Destroyers|1|Any number of models can each have their heavy grav-cannon replaced with 1 Kataphron plasma culverin.
842|Kataphron Destroyers|2|Any number of models can each have their phosphor blaster replaced with 1 cognis flamer.
845|Kastelan Robots|1|Any number of models can each have their twin Kastelan fist replaced with one of the following: • 1 Kastelan phosphor blaster and 1 Kastelan fist • 1 twin Kastelan phosphor blaster and 1 close combat weapon
845|Kastelan Robots|2|Any number of models can each have their incendine combustor replaced with 1 heavy phosphor blaster.
848|Skitarii Rangers|1|The Skitarii Ranger Alpha can be equipped with 1 Alpha combat weapon.
848|Skitarii Rangers|2|The Skitarii Ranger Alpha’s galvanic rifle can be replaced with 1 Mechanicus pistol.
848|Skitarii Rangers|3|1 Skitarii Ranger’s galvanic rifle can be replaced with 1 arc rifle.
848|Skitarii Rangers|4|1 Skitarii Ranger’s galvanic rifle can be replaced with 1 plasma caliver.
848|Skitarii Rangers|5|1 Skitarii Ranger’s galvanic rifle can be replaced with 1 transuranic arquebus.
848|Skitarii Rangers|6|1 Skitarii Ranger equipped with a galvanic rifle can be equipped with one of the following: • 1 enhanced data-tether* • 1 omnispex*
848|Skitarii Rangers|7|* That model’s galvanic rifle cannot be replaced.
849|Skitarii Vanguard|1|The Skitarii Vanguard Alpha can be equipped with 1 Alpha combat weapon.
849|Skitarii Vanguard|2|The Skitarii Vanguard Alpha’s radium carbine can be replaced with 1 Mechanicus pistol.
849|Skitarii Vanguard|3|1 Skitarii Vanguard’s radium carbine can be replaced with 1 arc rifle.
849|Skitarii Vanguard|4|1 Skitarii Vanguard’s radium carbine can be replaced with 1 plasma caliver.
849|Skitarii Vanguard|5|1 Skitarii Vanguard’s radium carbine can be replaced with 1 transuranic arquebus.
849|Skitarii Vanguard|6|1 Skitarii Vanguard equipped with a radium carbine can be equipped with one of the following: • 1 enhanced data-tether* • 1 omnispex*
849|Skitarii Vanguard|7|* That model’s radium carbine cannot be replaced.
850|Sicarian Infiltrators|1|Any number of models can each have their stubcarbine and power weapon replaced with 1 flechette blaster and 1 taser goad.
851|Sicarian Ruststalkers|1|Any number of Sicarian Ruststalkers can each have their transonic razor and chordclaw replaced with 1 transonic blades.
851|Sicarian Ruststalkers|2|The Sicarian Ruststalker Princeps’ transonic razor and chordclaw can be replaced with 1 transonic blades and chordclaw.
852|Ironstrider Ballistarii|1|Any number of models can each have their twin cognis autocannon replaced with 1 twin cognis lascannon.
854|Onager Dunecrawler|1|This model’s eradication beamer can be replaced with one of the following: • 1 daedalus missile launcher and 1 Icarus array • 1 neutron laser and 1 cognis heavy stubber • 1 twin Onager heavy phosphor blaster
854|Onager Dunecrawler|2|This model can be equipped with 1 additional cognis heavy stubber.
854|Onager Dunecrawler|3|This model can be equipped with 1 broad spectrum data-tether.
855|Knight Paladin|1|This model’s meltagun can be replaced with 1 Questoris heavy stubber.
855|Knight Paladin|2|This model’s reaper chainsword can be replaced with 1 thunderstrike gauntlet.
855|Knight Paladin|3|This model can be equipped with one of the following: • 1 ironstorm missile pod • 1 stormspear rocket pod • 1 twin Icarus autocannon
856|Knight Errant|1|This model’s meltagun can be replaced with 1 Questoris heavy stubber.
856|Knight Errant|2|This model’s reaper chainsword can be replaced with 1 thunderstrike gauntlet.
856|Knight Errant|3|This model can be equipped with one of the following: • 1 ironstorm missile pod • 1 stormspear rocket pod • 1 twin Icarus autocannon
857|Knight Warden|1|This model’s meltagun can be replaced with 1 Questoris heavy stubber.
857|Knight Warden|2|This model’s reaper chainsword can be replaced with 1 thunderstrike gauntlet.
857|Knight Warden|3|This model can be equipped with one of the following: • 1 ironstorm missile pod • 1 stormspear rocket pod • 1 twin Icarus autocannon
858|Knight Gallant|1|This model’s meltagun can be replaced with 1 Questoris heavy stubber.
858|Knight Gallant|2|This model can be equipped with one of the following: • 1 ironstorm missile pod • 1 stormspear rocket pod • 1 twin Icarus autocannon
859|Knight Crusader|1|This model’s meltagun can be replaced with 1 Questoris heavy stubber.
859|Knight Crusader|2|This model’s thermal cannon can be replaced with: • 1 rapid-fire battle cannon and 1 Questoris heavy stubber
859|Knight Crusader|3|This model can be equipped with one of the following: • 1 ironstorm missile pod • 1 stormspear rocket pod • 1 twin Icarus autocannon
860|Acastus Knight Porphyrion|1|This model’s 2 Acastus autocannons can be replaced with one of the following: • 2 lascannons • 1 Acastus autocannon and 1 lascannon
860|Acastus Knight Porphyrion|2|This model’s Acastus ironstorm missile pod can be replaced with 1 helios defence missiles.
861|Cerastus Knight Acheron|1|None
862|Cerastus Knight Atrapos|1|None
863|Cerastus Knight Castigator|1|None
864|Cerastus Knight Lancer|1|None
865|Questoris Knight Magaera|1|This model’s reaper chainsword can be replaced with 1 hekaton siege claw and 1 twin rad cleanser.
866|Questoris Knight Styrix|1|This model’s reaper chainsword can be replaced with 1 hekaton siege claw and 1 twin rad cleanser.
867|Warhound Titan|1|This model’s Warhound plasma blastgun can be replaced with one of the following: • 1 Warhound inferno gun • 1 Warhound turbo-laser destructor • 1 Warhound vulcan mega-bolter
867|Warhound Titan|2|This model’s Warhound vulcan mega-bolter can be replaced with one of the following: • 1 Warhound inferno gun • 1 Warhound plasma blastgun • 1 Warhound turbo-laser destructor
868|Reaver Titan|1|This model’s Reaver gatling blaster can be replaced with one of the following: • 1 Reaver laser blaster • 1 Reaver melta cannon • 1 Reaver volcano cannon • 1 Reaver power fist
868|Reaver Titan|2|This model’s Reaver laser blaster can be replaced with one of the following: • 1 Reaver gatling blaster • 1 Reaver melta cannon • 1 Reaver volcano cannon
869|Warlord Titan|1|This model’s 2 apocalypse launchers can be replaced with 2 laser blasters.
869|Warlord Titan|2|This model’s arioch power claw can be replaced with one of the following: • 1 belicosa volcano cannon • 1 macro gatling blaster • 1 mori quake cannon • 1 sunfury plasma annihilator
869|Warlord Titan|3|This model’s macro gatling blaster can be replaced with one of the following: • 1 arioch power claw • 1 belicosa volcano cannon • 1 mori quake cannon • 1 sunfury plasma annihilator
875|Inquisitor Karamazov|1|None
877|Inquisitor|1|This model’s bolt pistol can be replaced with 1 combi-weapon.
877|Inquisitor|2|This model’s blessed wardings can be replaced with 1 psychic gifts and 1 Psychic Shock Wave.
877|Inquisitor|3|If this model is equipped with 1 psychic gifts, its Inquisitorial melee weapon can be replaced with 1 force weapon.
882|Custodian Guard|1|Any number of models can each have their guardian spear replaced with 1 sentinel blade and 1 praesidium shield.
882|Custodian Guard|2|1 model’s guardian spear can be replaced with one of the following: • 1 vexilla and 1 misericordia • 1 vexilla, 1 misericordia and 1 praesidium shield
883|Venerable Contemptor Dreadnought|1|This model’s multi-melta can be replaced with 1 Kheres-pattern assault cannon.
884|Venerable Land Raider|1|This model can be equipped with 1 hunter-killer missile.
884|Venerable Land Raider|2|This model can be equipped with 1 storm bolter.
894|Crusaders|1|None
895|Death Cult Assassins|1|None
897|Penitent Engines|1|Any number of models can each have their twin penitent buzz-blades replaced with one of the following: • 1 penitent buzz-blade and 1 penitent flail • 1 twin penitent flails
899|Canoness|1|This model’s bolt pistol can be replaced with one of the following: • 1 condemnor boltgun • 1 inferno pistol • 1 plasma pistol
899|Canoness|2|This model’s hallowed chainsword can be replaced with one of the following: • 1 blessed blade • 1 power weapon
899|Canoness|3|If this model is equipped with a hallowed chainsword, it can be equipped with one of the following: • 1 brazier of holy fire • 1 null rod
899|Canoness|4|If this model is equipped with a plasma pistol and a power weapon, it can be equipped with: • 1 rod of office
903|Battle Sisters Squad|1|The Sister Superior’s boltgun can be replaced with one of the following: • 1 bolt pistol • 1 combi-weapon • 1 condemnor boltgun • 1 inferno pistol • 1 Ministorum hand flamer • 1 plasma pistol
903|Battle Sisters Squad|2|The Sister Superior can be equipped with one of the following: • 1 chainsword • 1 power weapon
903|Battle Sisters Squad|3|1 Battle Sister’s boltgun can be replaced with one of the following: • 1 artificer-crafted storm bolter • 1 meltagun • 1 Ministorum flamer
903|Battle Sisters Squad|4|1 Battle Sister’s boltgun can be replaced with one of the following: • 1 artificer-crafted storm bolter • 1 heavy bolter • 1 meltagun • 1 Ministorum flamer • 1 Ministorum heavy flamer • 1 multi-melta
903|Battle Sisters Squad|5|1 Battle Sister equipped with 1 boltgun can be equipped with 1 simulacrum imperialis (that model’s boltgun cannot be replaced).
904|Seraphim Squad|1|For every 5 models in the unit, up to 2 Seraphim can each have their 2 bolt pistols replaced with one of the following: • 2 inferno pistols • 2 Ministorum hand flamers
904|Seraphim Squad|2|The Seraphim Superior’s 2 bolt pistols can be replaced with one of the following: • 1 bolt pistol and 1 chainsword • 1 bolt pistol and 1 plasma pistol • 1 bolt pistol and 1 power weapon • 1 plasma pistol and 1 chainsword • 1 plasma pistol and 1 power weapon
908|Retributor Squad|1|The Retributor Superior’s boltgun can be replaced with one of the following: • 1 bolt pistol • 1 combi-weapon • 1 condemnor boltgun • 1 inferno pistol • 1 Ministorum hand flamer • 1 plasma pistol
908|Retributor Squad|2|The Retributor Superior can be equipped with one of the following: • 1 chainsword • 1 power weapon
908|Retributor Squad|3|Each Retributor’s heavy bolter can be replaced with one of the following: • 1 Ministorum heavy flamer • 1 multi-melta
909|Dominion Squad|1|The Dominion Superior’s boltgun can be replaced with one of the following: • 1 bolt pistol • 1 combi-weapon • 1 condemnor boltgun • 1 inferno pistol • 1 Ministorum hand flamer • 1 plasma pistol
909|Dominion Squad|2|The Dominion Superior can be equipped with one of the following: • 1 chainsword • 1 power weapon
909|Dominion Squad|3|Up to 4 Dominions can each have their boltgun replaced with one of the following: • 1 artificer-crafted storm bolter • 1 meltagun • 1 Ministorum flamer
909|Dominion Squad|4|1 Dominion equipped with 1 boltgun can be equipped with 1 simulacrum imperialis (that model’s boltgun cannot be replaced).
910|Sororitas Rhino|1|This model can be equipped with 1 hunter-killer missile.
911|Immolator|1|This model can be equipped with 1 hunter-killer missile.
911|Immolator|2|This model’s immolation flamers can be replaced with one of the following: • 1 twin heavy bolter • 1 twin multi-melta
912|Exorcist|1|This model can be equipped with 1 hunter-killer missile.
912|Exorcist|2|This model’s Exorcist missile launcher can be replaced with 1 Exorcist conflagration rockets.
925|Huron Blackheart|1|None
929|Chaos Lord|1|This model’s daemon hammer can be replaced with one of the following: • 1 accursed weapon • 1 Astartes chainsword
929|Chaos Lord|2|This model’s plasma pistol can be replaced with 1 power fist.
930|Chaos Lord In Terminator Armour|1|This model’s combi-bolter can be replaced with 1 combi-weapon.
930|Chaos Lord In Terminator Armour|2|This model’s exalted weapon can be replaced with one of the following: • 1 chainfist • 1 power fist
930|Chaos Lord In Terminator Armour|3|This model’s combi-bolter and exalted weapon can be replaced with 1 paired accursed weapons.
931|Chaos Lord On Bike|1|This model’s bolt pistol can be replaced with one of the following: • 1 plasma pistol • 1 combi-weapon • 1 accursed weapon • 1 power fist
931|Chaos Lord On Bike|2|This model’s Astartes chainsword can be replaced with one of the following: • 1 bolt pistol • 1 plasma pistol • 1 accursed weapon • 1 power fist
931|Chaos Lord On Bike|3|This model’s bolt pistol and Astartes chainsword can be replaced with 1 paired accursed weapons.
932|Chaos Lord On Juggernaut|1|This model’s bolt pistol can be replaced with one of the following: • 1 plasma pistol • 1 combi-bolter • 1 combi-weapon • 1 accursed weapon • 1 power fist
932|Chaos Lord On Juggernaut|2|This model’s Astartes chainsword can be replaced with one of the following: • 1 bolt pistol • 1 plasma pistol • 1 accursed weapon • 1 power fist
932|Chaos Lord On Juggernaut|3|This model’s bolt pistol and Astartes chainsword can be replaced with 1 paired accursed weapons.
933|Chaos Lord On Disc Of Tzeentch|1|This model’s bolt pistol can be replaced with one of the following: • 1 plasma pistol • 1 combi-bolter • 1 combi-weapon • 1 accursed weapon • 1 power fist
933|Chaos Lord On Disc Of Tzeentch|2|This model’s Astartes chainsword can be replaced with one of the following: • 1 bolt pistol • 1 plasma pistol • 1 accursed weapon • 1 power fist
933|Chaos Lord On Disc Of Tzeentch|3|This model’s bolt pistol and Astartes chainsword can be replaced with 1 paired accursed weapons.
934|Chaos Lord On Palanquin Of Nurgle|1|This model’s bolt pistol can be replaced with one of the following: • 1 plasma pistol • 1 combi-bolter • 1 combi-weapon • 1 accursed weapon • 1 power fist
934|Chaos Lord On Palanquin Of Nurgle|2|This model’s Astartes chainsword can be replaced with one of the following: • 1 bolt pistol • 1 plasma pistol • 1 accursed weapon • 1 power fist
934|Chaos Lord On Palanquin Of Nurgle|3|This model’s bolt pistol and Astartes chainsword can be replaced with 1 paired accursed weapons.
935|Chaos Lord On Steed Of Slaanesh|1|This model’s bolt pistol can be replaced with one of the following: • 1 plasma pistol • 1 combi-bolter • 1 combi-weapon • 1 accursed weapon • 1 power fist
935|Chaos Lord On Steed Of Slaanesh|2|This model’s Astartes chainsword can be replaced with one of the following: • 1 bolt pistol • 1 plasma pistol • 1 accursed weapon • 1 power fist
935|Chaos Lord On Steed Of Slaanesh|3|This model’s bolt pistol and Astartes chainsword can be replaced with 1 paired accursed weapons.
939|Sorcerer In Terminator Armour|1|This model’s combi-bolter can be replaced with 1 combi-weapon.
939|Sorcerer In Terminator Armour|2|This model can be equipped with 1 Chaos familiar.
940|Sorcerer On Bike|1|This model’s bolt pistol can be replaced with one of the following: • 1 plasma pistol • 1 combi-bolter • 1 combi-weapon • 1 accursed weapon • 1 Astartes chainsword • 1 power fist
941|Sorcerer On Disc Of Tzeentch|1|This model’s bolt pistol can be replaced with one of the following: • 1 plasma pistol • 1 combi-bolter • 1 combi-weapon • 1 accursed weapon • 1 Astartes chainsword • 1 power fist
942|Sorcerer On Palanquin Of Nurgle|1|This model’s bolt pistol can be replaced with one of the following: • 1 plasma pistol • 1 combi-bolter • 1 combi-weapon • 1 accursed weapon • 1 Astartes chainsword • 1 power fist
943|Sorcerer On Steed Of Slaanesh|1|This model’s bolt pistol can be replaced with one of the following: • 1 plasma pistol • 1 combi-bolter • 1 combi-weapon • 1 accursed weapon • 1 Astartes chainsword • 1 power fist
946|Cultist Mob|1|The Cultist Champion’s autopistol can be replaced with 1 bolt pistol.
947|Chaos Terminator Squad|1|For every 5 models in this unit, 1 Terminator’s combi-bolter can be replaced with one of the following: • 1 heavy flamer • 1 reaper autocannon
947|Chaos Terminator Squad|2|Any number of models can each have their combi-bolter replaced with 1 combi-weapon.
947|Chaos Terminator Squad|3|For every 5 models in this unit, 1 model’s combi-bolter and accursed weapon can be replaced with 1 paired accursed weapons.
947|Chaos Terminator Squad|4|For every 5 models in this unit, up to 3 models can each have their accursed weapon replaced with 1 power fist.
947|Chaos Terminator Squad|5|For every 5 models in this unit, 1 model’s accursed weapon can be replaced with 1 chainfist.
952|Chosen|1|For every 5 models in this unit, up to 2 models can each have their bolt pistol replaced with 1 plasma pistol.
952|Chosen|2|For every 5 models in this unit, up to 2 models can each have their boltgun replaced with 1 combi-weapon.
952|Chosen|3|For every 5 models in this unit, 1 model’s boltgun and accursed weapon can be replaced with 1 paired accursed weapons.
952|Chosen|4|For every 5 models in this unit, 1 model equipped with a boltgun can have its accursed weapon replaced with 1 power fist. That model’s boltgun cannot be replaced.
952|Chosen|5|1 model can be equipped with 1 Chaos icon.
953|Possessed|1|1 model can be equipped with 1 Chaos icon.
954|Helbrute|1|This model’s multi-melta can be replaced with one of the following: • 1 Helbrute plasma cannon • 1 twin autocannon • 1 twin heavy bolter • 1 twin lascannon • 1 Helbrute fist
954|Helbrute|2|This model’s missile launcher can be replaced with one of the following: • 1 Helbrute fist • 1 Helbrute hammer • 1 power scourge
954|Helbrute|3|For each Helbrute fist this model is equipped with, it can be equipped with one of the following: • 1 combi-bolter • 1 heavy flamer
956|Chaos Rhino|1|This model can be equipped with one of the following: • 1 combi-bolter • 1 combi-weapon
956|Chaos Rhino|2|This model can be equipped with 1 havoc launcher or can replace 1 combi-bolter with 1 havoc launcher.
957|Chaos Bikers|1|The Biker Champion’s bolt pistol can be replaced with one of the following: • 1 plasma pistol • 1 accursed weapon • 1 Astartes chainsword • 1 power fist
957|Chaos Bikers|2|Any number of Chaos Bikers can each have their bolt pistol replaced with 1 Astartes chainsword.
957|Chaos Bikers|3|Up to 2 Chaos Bikers can each have their combi-bolter replaced with 1 combi-weapon, or can be equipped with one of the following: • 1 flamer • 1 meltagun • 1 plasma gun
957|Chaos Bikers|4|1 model can be equipped with 1 Chaos icon.
958|Raptors|1|The Raptor Champion’s bolt pistol can be replaced with 1 plasma pistol.
958|Raptors|2|The Raptor Champion’s Astartes chainsword can be replaced with one of the following: • 1 accursed weapon • 1 heavy melee weapon
958|Raptors|3|For every 5 models in this unit, up to 2 Raptors can each have their bolt pistol replaced with 1 plasma pistol (these models’ Astartes chainswords cannot be replaced).
958|Raptors|4|For every 5 models in this unit, up to 2 Raptors can each have their Astartes chainsword replaced with 1 heavy melee weapon.
958|Raptors|5|For every 5 models in this unit, 1 Raptor can replace their Astartes chainsword with 1 mutations.
958|Raptors|6|Up to 2 Raptors can each have their Astartes chainsword replaced with one of the following options (you cannot select the same option more than once): • 1 flamer and 1 close combat weapon • 1 meltagun and 1 close combat weapon • 1 plasma gun and 1 close combat weapon
958|Raptors|7|If this unit contains 10 models, up to 2 additional Raptors can each have their Astartes chainsword replaced with one of the following options (you cannot select the same option more than once): • 1 flamer and 1 close combat weapon • 1 meltagun and 1 close combat weapon • 1 plasma gun and 1 close combat weapon
959|Warp Talons|1|None
960|Chaos Spawn|1|None
961|Heldrake|1|This model’s Hades autocannon can be replaced with 1 baleflamer.
962|Chaos Land Raider|1|This model can be equipped with one of the following: • 1 combi-bolter • 1 combi-weapon
962|Chaos Land Raider|2|This model can be equipped with 1 havoc launcher.
963|Chaos Predator Destructor|1|This model can be equipped with one of the following: • 2 heavy bolters • 2 lascannons
963|Chaos Predator Destructor|2|This model can be equipped with one of the following: • 1 combi-bolter • 1 combi-weapon
963|Chaos Predator Destructor|3|This model can be equipped with 1 Havoc launcher.
964|Chaos Vindicator|1|This model can be equipped with one of the following: • 1 combi-bolter • 1 combi-weapon
964|Chaos Vindicator|2|This model can be equipped with 1 Havoc launcher.
966|Havocs|1|The Havoc Champion’s Astartes chainsword can be replaced with one of the following: • 1 accursed weapon • 1 power fist
966|Havocs|2|The Havoc Champion’s flamer can be replaced with one of the following: • 1 boltgun • 1 meltagun • 1 plasma gun • 1 plasma pistol • 1 accursed weapon • 1 power fist
966|Havocs|3|Any number of Havocs can each have their Havoc autocannon or Havoc lascannon replaced with one of the following: • 1 Havoc autocannon • 1 Havoc heavy bolter • 1 Havoc lascannon • 1 Havoc missile launcher • 1 Havoc reaper chaincannon
967|Forgefiend|1|This model’s 2 Hades autocannons can be replaced with 2 ectoplasma cannons.
967|Forgefiend|2|This model’s Forgefiend jaws can be replaced with 1 ectoplasma cannon and 1 armoured limbs.
968|Maulerfiend|1|This model’s lasher tendrils can be replaced with 2 magma cutters.
969|Defiler|1|This model’s Hades battle cannon can be replaced with 1 ectoplasma destructor.
969|Defiler|2|This model’s excruciator cannons can be replaced with 2 magma cutters.
969|Defiler|3|This model’s heavy baleflamer can be replaced with one of the following: • 1 Hades lascannon • 1 heavy reaper autocannon • 1 electroscourge (a model cannot be equipped with more than one electroscourge)
969|Defiler|4|This model’s heavy missile launcher can be replaced with one of the following: • 1 Hades lascannon • 1 heavy reaper autocannon • 1 electroscourge (a model cannot be equipped with more than one electroscourge)
970|Khorne Lord Of Skulls|1|This model’s gorestorm cannon can be replaced with one of the following: • 1 daemongore cannon • 1 ichor cannon
970|Khorne Lord Of Skulls|2|This model’s Hades gatling cannon can be replaced with 1 skullhurler.
1016|Sorcerer|1|This model can be equipped with 1 Prosperine khopesh.
1017|Sorcerer In Terminator Armour|1|This model’s inferno combi-bolter can be replaced with 1 inferno combi-weapon.
1020|Rubric Marines|1|The Aspiring Sorcerer’s inferno bolt pistol can be replaced with 1 warpflame pistol.
1020|Rubric Marines|2|1 Rubric Marine’s inferno boltgun can be replaced with 1 soulreaper cannon.
1020|Rubric Marines|3|Any number of Rubric Marines can each have their inferno boltgun replaced with 1 warpflamer.
1020|Rubric Marines|4|1 Rubric Marine can be equipped with 1 icon of flame.
1021|Helbrute|1|This model’s multi-melta can be replaced with one of the following: • 1 Helbrute plasma cannon • 1 twin autocannon • 1 twin inferno heavy bolter • 1 twin lascannon • 1 Helbrute fist
1021|Helbrute|2|This model’s missile launcher can be replaced with one of the following: • 1 Helbrute fist • 1 Helbrute hammer • 1 power scourge
1021|Helbrute|3|For each Helbrute fist this model is equipped with, it can be equipped with one of the following: • 1 inferno combi-bolter • 1 heavy flamer
1022|Chaos Rhino|1|This model can be equipped with one of the following: • 1 additional inferno combi-bolter • 1 inferno combi-weapon
1022|Chaos Rhino|2|This model can be equipped with 1 havoc launcher or can replace 1 inferno combi-bolter with 1 havoc launcher.
1024|Heldrake|1|This model’s Hades autocannon can be replaced with 1 baleflamer.
1025|Chaos Land Raider|1|This model can be equipped with one of the following: • 1 inferno combi-bolter • 1 inferno combi-weapon
1025|Chaos Land Raider|2|This model can be equipped with 1 havoc launcher.
1026|Chaos Predator Destructor|1|This model can be equipped with one of the following: • 2 lascannons • 2 inferno heavy bolters
1026|Chaos Predator Destructor|2|This model can be equipped with one of the following: • 1 inferno combi-bolter • 1 inferno combi-weapon
1026|Chaos Predator Destructor|3|This model can be equipped with 1 havoc launcher.
1027|Chaos Vindicator|1|This model can be equipped with one of the following: • 1 inferno combi-bolter • 1 inferno combi-weapon
1027|Chaos Vindicator|2|This model can be equipped with 1 havoc launcher.
1028|Forgefiend|1|This model’s 2 Hades autocannons can be replaced with 2 ectoplasma cannons.
1028|Forgefiend|2|This model’s Forgefiend jaws can be replaced with 1 ectoplasma cannon and 1 Forgefiend claws.
1029|Maulerfiend|1|This model’s lasher tendrils can be replaced with 2 magma cutters.
1030|Defiler|1|This model’s Hades battle cannon can be replaced with 1 ectoplasma destructor.
1030|Defiler|2|This model’s excruciator cannons can be replaced with 2 pyraflux magma cutters
1030|Defiler|3|This model’s heavy baleflamer can be replaced with one of the following: • 1 Hades lascannon • 1 heavy reaper autocannon • 1 electroscourge (a model cannot be equipped with more than one electroscourge)
1030|Defiler|4|This model’s heavy missile launcher can be replaced with one of the following: • 1 Hades lascannon • 1 heavy reaper autocannon • 1 electroscourge (a model cannot be equipped with more than one electroscourge)
1033|Exalted Sorcerer|1|This model can be equipped with 1 Prosperine khopesh.
1034|Tzaangors|1|Any number of models can each have their Tzaangor blades replaced with 1 autopistol and 1 chainsword.
1034|Tzaangors|2|1 Tzaangor not equipped with a herd banner can be equipped with 1 brayhorn.
1034|Tzaangors|3|1 Tzaangor not equipped with a brayhorn can be equipped with 1 herd banner.
1035|Scarab Occult Terminators|1|The Scarab Occult Sorcerer’s inferno combi-bolter can be replaced with 1 Prosperine khopesh.
1035|Scarab Occult Terminators|2|For every 5 models in this unit, 1 Scarab Occult Terminator’s inferno combi-bolter can be replaced with one of the following: • 1 heavy warpflamer • 1 soulreaper cannon
1035|Scarab Occult Terminators|3|For every 5 models in this unit, 1 Scarab Occult Terminator can be equipped with 1 hellfyre missile rack.
1037|Death Guard Chaos Lord|1|This model’s plague bolt pistol can be replaced with one of the following: • 1 combi-weapon • 1 plague combi-bolter • 1 plague fist • 1 plague-encrusted exalted weapon • 1 plasma pistol
1037|Death Guard Chaos Lord|2|This model’s Astartes chainsword can be replaced with one of the following: • 1 plague fist • 1 plague-encrusted exalted weapon
1037|Death Guard Chaos Lord|3|This model’s plague bolt pistol and Astartes chainsword can be replaced with 1 twin lighting claws.
1038|Death Guard Chaos Lord In Terminator Armour|1|This model’s plague combi-bolter can be replaced with one of the following: • 1 combi-weapon • 1 plague-encrusted exalted weapon
1038|Death Guard Chaos Lord In Terminator Armour|2|This model’s plague-encrusted exalted weapon can be replaced with one of the following: • 1 chainfist • 1 plague fist
1038|Death Guard Chaos Lord In Terminator Armour|3|This model’s plague combi-bolter and plague-encrusted exalted weapon can be replaced with 1 twin lighting claws.
1041|Death Guard Sorcerer In Terminator Armour|1|This model’s plague combi-bolter can be replaced with one of the following: • 1 combi-weapon • 1 plague-encrusted exalted weapon
1041|Death Guard Sorcerer In Terminator Armour|2|This model’s force weapon can be replaced with one of the following: • 1 chainfist • 1 plague fist • 1 plague-encrusted exalted weapon
1041|Death Guard Sorcerer In Terminator Armour|3|This model’s plague combi-bolter and force weapon can be replaced with 1 twin lighting claws.
1043|Death Guard Cultists|1|For every 10 models in the unit, 1 Death Guard Cultist’s Cultist firearm can be replaced with 1 flamer.
1043|Death Guard Cultists|2|For every 10 models in the unit, 1 Death Guard Cultist’s Cultist firearm can be replaced with 1 heavy stubber.
1043|Death Guard Cultists|3|For every 10 models in the unit, 1 Death Guard Cultist’s Cultist firearm can be replaced with 1 grenade launcher.
1044|Plague Marines|1|The Plague Champion’s boltgun can be replaced with one of the following: • 1 bolt pistol • 1 plasma gun • 1 plasma pistol
1044|Plague Marines|2|The Plague Champion’s plague knives can be replaced with one of the following: • 1 bubotic weapons • 1 power fist
1044|Plague Marines|3|For every 5 models in this unit, 1 Plague Marine’s boltgun can be replaced with 1 blight launcher.
1044|Plague Marines|4|For every 5 models in this unit, 1 Plague Marine’s boltgun can be replaced with 1 plague spewer.
1044|Plague Marines|5|For every 5 models in this unit, 1 Plague Marine’s boltgun can be replaced with one of the following: • 1 meltagun • 1 plague belcher • 1 plasma gun
1044|Plague Marines|6|For every 5 models in this unit, up to 2 Plague Marines can each have their boltgun replaced with 1 bubotic weapons.
1044|Plague Marines|7|For every 5 models in this unit, up to 2 Plague Marines can each have their boltgun replaced with 1 heavy plague weapon.
1044|Plague Marines|8|One Plague Marine equipped with a boltgun can be equipped with 1 icon of despair. This model’s boltgun cannot be replaced.
1045|Death Guard Possessed|1|1 model can be equipped with 1 diseased icon.
1046|Helbrute|1|This model’s multi-melta can be replaced with one of the following: • 1 plasma cannon • 1 twin autocannon • 1 twin lascannon • 1 twin heavy bolter • 1 additional Helbrute fist
1046|Helbrute|2|1 of this model’s Helbrute fists can be replaced with 1 missile launcher
1046|Helbrute|3|1 of this model’s Helbrute fists can be replaced with one of the following: • 1 Helbrute hammer • 1 power scourge
1046|Helbrute|4|For each Helbrute fist this model is equipped with, it can be equipped with one of the following: • 1 combi-bolter* • 1 heavy flamer*
1046|Helbrute|5|* That Helbrute fist cannot then be replaced.
1047|Chaos Rhino|1|This model can be equipped with one of the following: • 1 additional combi-bolter • 1 combi-weapon
1047|Chaos Rhino|2|This model can be equipped with 1 havoc launcher or can replace 1 combi-bolter with 1 havoc launcher.
1049|Chaos Land Raider|1|This model can be equipped with one of the following: • 1 combi-bolter • 1 combi-weapon
1049|Chaos Land Raider|2|This model can be equipped with 1 havoc launcher.
1050|Chaos Predator Annihilator|1|This model can be equipped with one of the following: • 2 lascannons • 2 heavy bolters
1050|Chaos Predator Annihilator|2|This model can be equipped with one of the following: • 1 combi-weapon • 1 combi-bolter
1050|Chaos Predator Annihilator|3|This model can be equipped with 1 havoc launcher.
1057|Foetid Bloat-drone|1|This model’s fleshmower can be replaced with 2 plaguespitters.
1094|Chaos Cerastus Knight Acheron|1|None
1095|Chaos Cerastus Knight Lancer|1|None
1096|Chaos Cerastus Knight Castigator|1|None
1097|Chaos Cerastus Knight Atrapos|1|None
1098|Chaos Questoris Knight Magaera|1|This model’s reaper chainsword can be replaced with 1 hekaton siege claw and 1 twin rad cleanser.
1099|Chaos Acastus Knight Porphyrion|1|This model’s 2 Acastus autocannons can each be replaced with one of the following: • 2 lascannons • 1 Acastus autocannon and 1 lascannon
1099|Chaos Acastus Knight Porphyrion|2|This model’s Acastus ironstorm missile pod can be replaced with 1 helios defence missiles.
1100|Chaos Questoris Knight Styrix|1|This model’s reaper chainsword can be replaced with 1 hekaton siege claw and 1 twin rad cleanser.
1104|Karanak|1|None
1105|Skarbrand|1|None
1106|Skulltaker|1|None
1111|Rendmaster On Blood Throne|1|None
1112|Flesh Hounds|1|None
1114|Bloodletters|1|1 Bloodletter that is not equipped with a daemonic icon can be equipped with 1 instrument of Chaos.
1114|Bloodletters|2|1 Bloodletter that is not equipped with an instrument of Chaos can be equipped with 1 daemonic icon.
1115|Bloodcrushers|1|1 Bloodcrusher that is not equipped with a daemonic icon can be equipped with 1 instrument of Chaos.
1115|Bloodcrushers|2|1 Bloodcrusher that is not equipped with an instrument of Chaos can be equipped with 1 daemonic icon.
1116|Skull Cannon|1|None
1117|Kairos Fateweaver|1|None
1118|The Changeling|1|None
1119|The Blue Scribes|1|None
1120|Lord of Change|1|This model can be equipped with one of the following: • 1 rod of sorcery • 1 baleful sword
1125|Flamers|1|None
1126|Exalted Flamer|1|None
1127|Screamers|1|None
1128|Burning Chariot|1|None
1129|Epidemius|1|None
1130|Great Unclean One|1|This model’s plague flail can be replaced with 1 bileblade.
1130|Great Unclean One|2|This model’s bilesword can be replaced with 1 doomsday bell.
1132|Plaguebearers|1|1 Plaguebearer that is not equipped with a daemonic icon can be equipped with 1 instrument of Chaos.
1132|Plaguebearers|2|1 Plaguebearer that is not equipped with an instrument of Chaos can be equipped with 1 daemonic icon.
1133|Nurglings|1|None
1134|Beasts Of Nurgle|1|None
1135|Plague Drones|1|1 Plague Drone that is not equipped with a daemonic icon can be equipped with 1 instrument of Chaos.
1135|Plague Drones|2|1 Plague Drone that is not equipped with an instrument of Chaos can be equipped with 1 daemonic icon.
1136|The Masque Of Slaanesh|1|None
1137|Keeper Of Secrets|1|This model can be equipped with one of the following: • Living whip • Ritual knife • Shining aegis
1138|Tranceweaver|1|None
1139|Herald Of Slaanesh On Steed Of Slaanesh|1|None
1142|Daemonettes|1|1 Daemonette that is not equipped with a daemonic icon can be equipped with 1 instrument of Chaos.
1142|Daemonettes|2|1 Daemonette that is not equipped with an instrument of Chaos can be equipped with 1 daemonic icon.
1143|Fiends|1|None
1144|Hellflayers|1|None
1145|Seekers|1|1 Seeker that is not equipped with a daemonic icon can be equipped with 1 instrument of Chaos.
1145|Seekers|2|1 Seeker that is not equipped with an instrument of Chaos can be equipped with 1 daemonic icon.
1148|Be’lakor|1|None
1149|Daemon Prince of Chaos|1|None
1150|Furies|1|None
1151|Soul Grinder|1|This model’s warpsword can be replaced with 1 warpclaw.
1153|Cerberus|1|This model can be equipped with one of the following: • 2 heavy bolters • 2 lascannons
1153|Cerberus|2|This model can be equipped with one of the following: • 1 heavy bolter • 1 heavy flamer • 1 multi-melta • 1 storm bolter
1154|Vanguard Veteran Squad|1|Any number of models can each have their bolt pistol replaced one of the following: • 1 storm shield • 1 grav-pistol • 1 hand flamer • 1 inferno pistol • 1 plasma pistol
1156|Invictor Tactical Warsuit|1|This model’s incendium cannon can be replaced with 1 twin ironhail autocannon.
1157|Intercessor Squad|1|The Intercessor Sergeant’s bolt rifle can be replaced with one of the following: • 1 Astartes chainsword • 1 hand flamer • 1 plasma pistol • 1 power weapon
1157|Intercessor Squad|2|The Intercessor Sergeant’s close combat weapon can be replaced with one of the following: • 1 Astartes chainsword • 1 power fist • 1 power weapon • 1 thunder hammer
1157|Intercessor Squad|3|For every 5 models in this unit, 1 model equipped with a bolt rifle can be equipped with 1 Astartes grenade launcher.
1158|Invader ATV|1|This model’s onslaught gatling cannon can be replaced with 1 multi-melta.
1159|Incursor Squad|1|One Incursor can be equipped with 1 haywire mine.
1160|Scout Squad|1|The Scout Sergeant's boltgun can be replaced with 1 Astartes chainsword.
1160|Scout Squad|2|Any number of models can each have their boltgun replaced with one of the following: • 1 Astartes shotgun • 1 combat knife
1160|Scout Squad|3|For every 5 models in this unit, 1 Scout’s boltgun can be replaced with 1 Scout sniper rifle.
1160|Scout Squad|4|For every 5 models in this unit, 1 Scout’s boltgun can be replaced with one of the following: • 1 heavy bolter • 1 missile launcher
1161|Sicaran Arcus|1|This model can be equipped with one of the following: • 2 heavy bolters • 2 lascannons
1161|Sicaran Arcus|2|This model can be equipped with 1 hunter-killer missile.
1161|Sicaran Arcus|3|This model can be equipped with 1 storm bolter.
1162|Sergeant Telion|1|None
1163|Sicaran Omega|1|This model can be equipped with one of the following: • 2 heavy bolters • 2 lascannons
1163|Sicaran Omega|2|This model can be equipped with 1 hunter-killer missile.
1163|Sicaran Omega|3|This model can be equipped with 1 storm bolter.
1164|Thunderfire Cannon|1|None
1166|Company Veterans On Bikes|1|The Veteran Biker Sergeant’s bolt pistol can be replaced with one of the following: • 1 boltgun • 1 combi-weapon • 1 grav-pistol • 1 plasma pistol • 1 storm bolter
1166|Company Veterans On Bikes|2|The Veteran Biker Sergeant’s Astartes chainsword can be replaced with one of the following: • 1 power fist • 1 power weapon • 1 thunder hammer
1166|Company Veterans On Bikes|3|Any number of Veteran Bikers’ bolt pistols can each be replaced with one of the following: • 1 grav-pistol • 1 plasma pistol • 1 thunder hammer • 1 power fist • 1 power weapon • 1 storm shield
1166|Company Veterans On Bikes|4|Any number of Veteran Bikers’ Astartes chainswords can each be replaced with one of the following: • 1 flamer • 1 grav-gun • 1 grav-pistol • 1 meltagun • 1 plasma gun • 1 plasma pistol • 1 power fist • 1 power weapon • 1 thunder hammer • 1 storm shield
1168|Land Speeder Tempest|1|None
1169|Land Speeder Tornado|1|This model’s heavy bolter can be replaced with 1 multi-melta.
1169|Land Speeder Tornado|2|This model’s assault cannon can be replaced with 1 heavy flamer.
1172|Captain In Gravis Armour|1|This model’s master-crafted heavy bolt rifle and master-crafted power weapon can be replaced with: • 1 boltstorm gauntlet, 1 power fist and 1 relic chainsword • 1 boltstorm gauntlet, 1 power fist and 1 relic blade • 1 boltstorm gauntlet, 1 power fist and 1 relic fist
1175|Kratos|1|This model’s Kratos battle cannon can be replaced with one of the following: • 1 melta blast-gun • 1 volkite cardanelle
1175|Kratos|2|2 of this model’s heavy bolters can be replaced with one of the following: • 2 autocannons • 2 lascannons • 2 volkite calivers
1175|Kratos|3|2 of this model’s heavy bolters can be replaced with one of the following: • 2 heavy flamers • 2 lascannons • 2 volkite culverins
1175|Kratos|4|This model can be equipped with one of the following: • 1 combi-weapon • 1 havoc launcher • 1 heavy bolter • 1 heavy flamer • 1 multi-melta • 1 twin boltgun
1175|Kratos|5|This model can be equipped with 1 hunter killer missile
1177|Heavy Intercessor Squad|1|For every 5 models in this unit, 1 Heavy Intercessor’s heavy bolt rifle can be replaced with 1 heavy bolter.
1178|Vindicator Laser Destroyer|1|This model can be equipped with 1 hunter-killer missile.
1179|Sokar-pattern Stormbird|1|None
1182|Ancient on Bike|1|This model’s bolt pistol can be replaced with one of the following: • 1 boltgun • 1 combi-weapon • 1 grav-pistol • 1 plasma pistol • 1 storm bolter • 1 power fist • 1 power weapon • 1 thunder hammer
1183|Terminator Squad|1|For every 5 models in this unit, 1 Terminator’s storm bolter can be replaced with one of the following: • 1 assault cannon • 1 heavy flamer • 1 cyclone missile launcher and 1 storm bolter.*
1183|Terminator Squad|2|Any number of models can each have their power fist replaced with 1 chainfist.
1183|Terminator Squad|3|The Terminator Sergeant’s power fist can be replaced with 1 power weapon.
1183|Terminator Squad|4|* This model’s storm bolter cannot be replaced.
1184|Terminus Ultra|1|This model can be equipped with 1 hunter-killer missile.
1184|Terminus Ultra|2|This model can be equipped with 1 multi-melta.
1184|Terminus Ultra|3|This model can be equipped with 1 storm bolter.
1185|Sicaran Battle Tank|1|This model can be equipped with one of the following: • 2 heavy bolters • 2 lascannons
1185|Sicaran Battle Tank|2|This model can be equipped with 1 hunter-killer missile.
1185|Sicaran Battle Tank|3|This model can be equipped with 1 storm bolter.
1188|Vindicator|1|This model can be equipped with 1 hunter-killer missile.
1188|Vindicator|2|This model can be equipped with 1 storm bolter.
1189|Mastodon|1|This model’s 2 heavy flamers can be replaced with one of the following • 2 heavy bolters • 2 lascannons • 2 volkite culverins
1189|Mastodon|2|This model’s 2 lascannons can be replaced with on of the following: • 2 heavy bolters • 2 heavy flamers • 2 volkite culverins
1190|Stormtalon Gunship|1|This model’s skyhammer missile launcher can be replaced with one of the following: • 1 twin heavy bolter • 1 twin lascannon • 1 typhoon missile launcher
1191|Stormraven Gunship|1|This model’s twin assault cannon can be replaced with one of the following: • 1 twin heavy plasma cannon • 1 twin lascannon
1191|Stormraven Gunship|2|This model’s typhoon missile launcher can be replaced with one of the following: • 1 twin heavy bolter • 1 twin multi-melta
1191|Stormraven Gunship|3|This model can be equipped with 2 hurricane bolters.
1192|Chaplain Venerable Dreadnought|1|This model’s storm bolter and Dreadnought combat weapon can be replaced with one of the following: • 1 heavy flamer and 1 Dreadnought combat weapon • 1 assault cannon • 1 Dreadnought inferno cannon • 1 heavy plasma cannon • 1 multi-melta • 1 twin lascannon
1192|Chaplain Venerable Dreadnought|2|This model’s assault cannon can be replaced with one of the following: • 1 Dreadnought inferno cannon • 1 heavy plasma cannon • 1 multi-melta • 1 storm bolter and 1 Dreadnought combat weapon • 1 heavy flamer and 1 Dreadnought combat weapon • 1 twin lascannon
1193|Centurion Devastator Squad|1|Any number of models can each have their Centurion bolters replaced with 1 Centurion missile launcher.
1193|Centurion Devastator Squad|2|Any number of models can each have their grav-cannon replaced with one of the following: • 1 twin heavy bolter • 1 twin lascannon
1197|Grey Knights Thunderhawk Gunship|1|This model’s Thunderhawk cluster bombs can be replaced with 1 hellstrike missile battery.
1197|Grey Knights Thunderhawk Gunship|2|This model’s Thunderhawk heavy cannon can be replaced with 1 turbo-laser destructor.
1199|Repressor|1|This model can be equipped with 1 hunter-killer missile.
1199|Repressor|2|This model can be equipped with one of the following: • 1 heavy flamer • 1 storm bolter
1237|Valkyrie Sky Talon|1|This model’s 2 hellstrike missiles can be replaced with 2 multiple rocket pods.
1293|Blood Slaughterer|1|This model’s impaler harpoon and slaughter blade can be replaced with 1 twin slaughter blade.
1294|Greater Blight Drone|1|None
1295|Decimator|1|Each of this model’s Decimator butcher cannons can be replaced with one of the following: • 1 Decimator conversion beamer • 1 soulburner petard • 1 storm laser • 1 hellflamer and 1 Decimator claw
1295|Decimator|2|Both of this model’s Decimator butcher cannons can be replaced with 1 twin Decimator claw and 2 hellflamers.
1297|Kytan Ravager|1|None
1298|Greater Brass Scorpion|1|None
1302|Chaos Deimos Predator|1|This model’s plasma destroyer can be replaced with one of the following: • 1 conversion beam cannon • 1 infernus cannon • 1 magna-melta cannon
1302|Chaos Deimos Predator|2|This model can be equipped with one of the following: • 2 heavy bolters • 2 heavy flamers • 2 lascannons
1302|Chaos Deimos Predator|3|This model can be equipped with 1 combi-bolter.
1302|Chaos Deimos Predator|4|This model can be equipped with 1 hunter-killer missile.
1310|Dreadclaw Drop Pod|1|None
1311|Kharybdis Assault Claw|1|None
1317|Hell Blade|1|This model’s 2 twin autocannons can be replaced with 2 twin lascannons.
1318|Hell Talon|1|This model’s autocannon can be replaced with 1 havoc launcher.
1321|Chaos Thunderhawk|1|This model’s Thunderhawk heavy cannon can be replaced with 1 turbo-laser destructor.
1321|Chaos Thunderhawk|2|This model’s Thunderhawk cluster bombs can be replaced with 1 hellstrike missile battery
1329|An’ggrath the Unbound|1|None
1332|Zarakynel|1|None
1333|Aetaos’rau’keres|1|None
1336|Plague Toads|1|None
1337|Pox Riders|1|1 Pox Rider that is not equipped with a daemonic icon can be equipped with 1 instrument of Chaos.
1337|Pox Riders|2|1 Pox Rider that is not equipped with an instrument of Chaos can be equipped with 1 daemonic icon.
1338|Spined Chaos Beast|1|None
1339|Giant Chaos Spawn|1|None
1340|Scabeiathrax The Bloated|1|None
1344|Librarian with Jump Pack|1|This model’s bolt pistol can be replaced with one of the following: • 1 boltgun • 1 combi-weapon • 1 grav-pistol • 1 hand flamer • 1 inferno pistol • 1 plasma pistol • 1 storm bolter
1346|Lieutenant|1|This model’s master-crafted bolter can be replaced with one of the following: • 1 plasma pistol • 1 master-crafted power weapon • 1 power fist
1346|Lieutenant|2|This model’s bolt pistol, master-crafted bolter and close combat weapon can be replaced with 1 neo volkite pistol, 1 master-crafted power weapon and 1 storm shield.
1346|Lieutenant|3|This model’s bolt pistol can be replaced with 1 heavy bolt pistol.
1346|Lieutenant|4|This model’s close combat weapon can be replaced with one of the following: • 1 master-crafted power weapon • 1 power fist
1347|Land Raider Prometheus|1|This model can be equipped with 1 multi-melta.
1347|Land Raider Prometheus|2|This model can be equipped with 1 storm bolter.
1347|Land Raider Prometheus|3|This model can be equipped with 1 hunter-killer missile.
1348|Librarian on Bike|1|This model’s bolt pistol can be replaced with one of the following: • 1 boltgun • 1 combi-weapon • 1 grav-pistol • 1 plasma pistol • 1 storm bolter
1355|Exalted Champion|1|None
1360|Grand Master In Nemesis Dreadknight|1|This model’s dreadfists can be replaced with one of the following: • 1 Nemesis daemon greathammer • 1 Nemesis flail • 1 Nemesis greatsword • 1 Nemesis mace
1360|Grand Master In Nemesis Dreadknight|2|This model can be equipped with up to two of the following, but cannot take duplicates: • 1 gatling psilencer • 1 heavy incinerator • 1 heavy psycannon • 1 sublimator
1360|Grand Master In Nemesis Dreadknight|3|This model can be equipped with 1 fragstorm grenade launcher.
1361|Brotherhood Librarian|1|This model can be equipped with one of the following: • 1 combi-weapon • 1 storm bolter
1363|Stormhawk Interceptor|1|This model’s las-talon can be replaced with 1 icarus stormcannon.
1363|Stormhawk Interceptor|2|This model’s skyhammer missile launcher can be replaced with one of the following: • 1 twin heavy bolter • 1 typhoon missile launcher
1364|Stormtalon Gunship|1|This model’s skyhammer missile launcher can be replaced with one of the following: • 1 twin heavy bolter • 1 twin lascannon • 1 typhoon missile launcher
1371|Deathshroud Terminators|1|The Deathshroud Champion can be equipped with 1 additional plaguespurt gauntlet.
1371|Deathshroud Terminators|2|The Deathshroud Champion can be equipped with 1 icon of despair.
1372|Blightlord Terminators|1|For every 5 models in this unit, up to 3 models' combi-bolters can each be replaced with 1 combi-weapon.
1372|Blightlord Terminators|2|For every 5 models in this unit, 1 Blightlord Terminator’s combi-bolter and bubotic blade can be replaced with 1 flail of corruption.
1372|Blightlord Terminators|3|For every 5 models in this unit, 1 Blightlord Terminator’s combi-bolter can be replaced with 1 blight launcher.
1372|Blightlord Terminators|4|For every 5 models in this unit, 1 Blightlord Terminator's combi-bolter can be replaced with 1 reaper autocannon.
1372|Blightlord Terminators|5|For every 5 models in this unit, 1 Blightlord Terminator's combi-bolter can be replaced with 1 plague spewer.
1372|Blightlord Terminators|6|If this unit contains only 3 models, 1 Blightlord Terminator’s combi-bolter and bubotic blade can be replaced with 1 plague spewer and 1 close combat weapon.
1376|Plagueburst Crawler|1|This model’s 2 entropy cannons can be replaced with 2 plaguespitters.
1376|Plagueburst Crawler|2|This model’s heavy slugger can be replaced with 1 rothail volley gun.
1383|Mukaali Riders|1|The Mukaali Rider Sergeant’s laspistol can be replaced with 1 plasma pistol.
1383|Mukaali Riders|2|The Mukaali Rider Sergeant’s hunting lance can be replaced with one of the following: • 1 chainsword • 1 power weapon
1383|Mukaali Riders|3|Up to 2 Mukaali Riders can each have their hunting lance replaced with one of the following: • 1 flamer • 1 grenade launcher • 1 meltagun • 1 plasma gun
1390|Raven Strike Fighter|1|None
1391|Knarloc Riders|1|None
1392|Great Knarloc|1|This model can be equipped with one of the following: • 1 Kroot bolt thrower and 1 Kroot rifle • 1 twin Kroot gun • 1 baggage harness
1393|Firestorm|1|This model’s twin shuriken catapult can be replaced with 1 shuriken cannon.
1394|Ministorum Priest|1|This model’s zealot’s vindictor can be replaced with 1 holy pistol and 1 power weapon.
1396|Tech-Priest Enginseer|1|None
1397|Munitorum Servitors|1|Up to 2 models can each have their Servitor’s servo-arm replaced with one of the following: • 1 heavy bolter • 1 multi-melta • 1 plasma cannon
1398|Ogryn Bodyguard|1|This model’s ripper gun can be replaced with one of the following: • 1 grenadier gauntlet • 1 Bullgryn maul
1398|Ogryn Bodyguard|2|This model’s huge knife can be replaced with one of the following: • 1 brute shield • 1 slabshield
1400|Bonesinger|1|None
1423|Ravenwing Talonmaster|1|None
1447|Shield-captain|1|This model’s guardian spear can be replaced with one of the following: • 1 castellan axe • 1 sentinel blade • 1 sentinel blade and 1 praesidium shield • 1 pyrithite spear and 1 praesidium shield
1448|Shield-captain In Allarus Terminator Armour|1|This model’s guardian spear can be replaced with 1 castellan axe.
1449|Shield-captain On Dawneagle Jetbike|1|This model’s salvo launcher can be replaced with 1 Vertus hurricane bolter.
1450|Custodian Wardens|1|Any number of models can each have their guardian spear replaced with 1 castellan axe.
1450|Custodian Wardens|2|1 model can be equipped with 1 vexilla.
1453|Allarus Custodians|1|Any number of models can each have their guardian spear replaced with 1 castellan axe.
1453|Allarus Custodians|2|1 model’s guardian spear can be replaced with 1 vexilla and 1 misericordia.
1454|Vertus Praetors|1|Any number of models can each have their salvo launcher replaced with 1 Vertus hurricane bolter.
1455|Bloodmaster|1|None
1456|Skullmaster|1|None
1458|Contemptor-achillus Dreadnought|1|This model’s 2 lastrum storm bolters can be replaced with one of the following: • 2 infernus incinerators • 2 twin adrathic destructors • 1 lastrum storm bolter and 1 infernus incinerator • 1 lastrum storm bolter and 1 twin adrathic destructor • 1 infernus incinerator and 1 twin adrathic destructor
1460|Caladius Grav-tank|1|This model’s twin iliastus accelerator cannon can be replaced with 1 twin arachnus heavy blaze cannon.
1461|Coronus Grav-carrier|1|None
1462|Changecaster|1|None
1463|Fateskimmer|1|None
1464|Fluxmaster|1|None
1465|Rotigus|1|None
1466|Horticulous Slimux|1|None
1467|Poxbringer|1|None
1468|Sloppity Bilepiper|1|None
1469|Spoilpox Scrivener|1|None
1470|Feculent Gnarlmaw|1|None
1474|Tzaangor Enlightened|1|Any number of models can each have their divining spear replaced with 1 autopistol and 1 chainsword.
1477|Commander In Crisis Battlesuit|1|This model’s burst cannon can be replaced with one of the following: • 1 airbursting fragmentation projector* • 1 battlesuit support system* • 1 cyclic ion blaster • 1 fusion blaster • 1 missile pod • 1 plasma rifle • 1 shield generator* • 1 T’au flamer • 1 weapon support system*
1477|Commander In Crisis Battlesuit|2|This model can be equipped with up to two of the following, and can take duplicates: • 1 gun drone • 1 marker drone • 1 shield drone
1477|Commander In Crisis Battlesuit|3|This model can be equipped with up to three of the following, and can take duplicates: • 1 airbursting fragmentation projector* • 1 battlesuit support system* • 1 burst cannon • 1 cyclic ion blaster • 1 fusion blaster • 1 missile pod • 1 plasma rifle • 1 shield generator* • 1 T’au flamer • 1 weapon support system*
1477|Commander In Crisis Battlesuit|4|* This model cannot have duplicates of these pieces of wargear.
1478|Commander In Enforcer Battlesuit|1|This model’s burst cannon can be replaced with one of the following: • 1 airbursting fragmentation projector* • 1 battlesuit support system* • 1 cyclic ion blaster* • 1 fusion blaster • 1 missile pod • 1 plasma rifle • 1 shield generator* • 1 T’au flamer • 1 weapon support system*
1478|Commander In Enforcer Battlesuit|2|This model can be equipped with up to two of the following, and can take duplicates: • 1 gun drone • 1 marker drone • 1 shield drone
1478|Commander In Enforcer Battlesuit|3|This model can be equipped with up to three of the following, and can take duplicates: • 1 airbursting fragmentation projector* • 1 battlesuit support system* • 1 burst cannon • 1 cyclic ion blaster* • 1 fusion blaster • 1 missile pod • 1 plasma rifle • 1 shield generator* • 1 T’au flamer • 1 weapon support system*
1478|Commander In Enforcer Battlesuit|4|* This model cannot have duplicates of these pieces of wargear.
1479|Telemon Heavy Dreadnought|1|This model’s 2 iliastus accelerator culverins can be replaced with one of the following: • 2 arachnus storm cannons • 2 Telemon caestus and 2 twin plasma projectors • 1 iliastus accelerator culverin and 1 arachnus storm cannon • 1 iliastus accelerator culverin, 1 Telemon caestus and 1 twin plasma projector • 1 arachnus storm cannon, 1 Telemon caestus and 1 twin plasma projector
1481|Armiger Helverin|1|This model’s Questoris heavy stubber can be replaced with 1 meltagun.
1482|Armiger Warglaive|1|This model’s Questoris heavy stubber can be replaced with 1 meltagun.
1483|Knight Preceptor|1|This model’s Questoris multi-laser can be replaced with one of the following • 1 meltagun • 1 Questoris heavy stubber
1483|Knight Preceptor|2|This model’s reaper chainsword can be replaced with 1 thunderstrike gauntlet.
1483|Knight Preceptor|3|This model can be equipped with one of the following: • 1 ironstorm missile pod • 1 stormspear rocket pod • 1 twin Icarus autocannon
1485|Knight Castellan|1|This model’s 2 shieldbreaker missile launchers and twin siegebreaker cannon can be replaced with 1 shieldbreaker missile launcher and 2 twin siegebreaker cannons.
1486|Knight Valiant|1|This model’s 2 shieldbreaker missile launchers and twin siegebreaker cannon can be replaced with 1 shieldbreaker missile launcher and 2 twin siegebreaker cannons.
1523|Scout Sniper Squad|1|1 Scout Sniper’s scout sniper rifle can be replaced with 1 missile launcher.
1524|Sergeant Chronus|1|None
1525|Secutarii Hoplites|1|The Hoplite Alpha’s arc lance can be replaced with 1 Archeotech pistol.
1525|Secutarii Hoplites|2|The Hoplite Alpha can be equipped with 1 Alpha close combat weapon.
1525|Secutarii Hoplites|3|1 Secutarii Hoplite can be equipped with one of the following: • 1 enhanced data-tether • 1 omnispex
1526|Secutarii Peltasts|1|The Peltast Alpha’s arc lance can be replaced with 1 Archeotech pistol.
1526|Secutarii Peltasts|2|The Peltast Alpha can be equipped with 1 Alpha close combat weapon.
1526|Secutarii Peltasts|3|1 Secutarii Peltast can be equipped with one of the following: • 1 enhanced data-tether • 1 omnispex
1527|Techmarine on Bike|1|This model’s bolt pistol can be replaced with one of the following: • 1 boltgun • 1 combi-weapon • 1 grav-pistol • 1 plasma pistol • 1 storm bolter
1527|Techmarine on Bike|2|This model’s Omnissian power axe can be replaced with one of the following: • 1 Astartes chainsword • 1 power fist • 1 thunder hammer
1527|Techmarine on Bike|3|This model must be equipped with one of the following: • 1 servo arm • 1 conversion beamer • 1 flamer, 1 plasma cutter and 2 servo-arms
1533|Terrax-pattern Termite|1|This model’s 2 combi-bolters can be replaced with one of the following • 2 heavy flamers • 2 twin volkite chargers
1553|Ministorum Priest|1|This model’s zealot’s vindictor can be replaced with 1 holy pistol and 1 power weapon.
1557|Contemptor-galatus Dreadnought|1|None
1558|Aquilon Custodians|1|Any number of models can each have their lastrum storm bolter replaced with one of the following: • 1 infernus firepike • 1 twin adrathic destructor
1558|Aquilon Custodians|2|Any number of models can each have their solerite power gauntlet replaced with 1 solerite power talon.
1559|Custodian Guard With Adrasite And Pyrithite Spears|1|Any number of models can each have their adrasite spear replaced with 1 pyrithite spear.
1560|Agamatus Custodians|1|Any number of models can each have their lastrum bolt cannon replaced with one of the following: • 1 adrathic devastator • 1 twin las-pulsar
1561|Venatari Custodians|1|Any number of models can each have their Venatari lance replaced with 1 kinetic destroyer and 1 tarsus buckler.
1562|Pallas Grav-attack|1|None
1563|Sagittarum Custodians|1|None
1564|Orion Assault Dropship|1|None
1569|Sanctus|1|This model’s Sanctus bio-dagger can be replaced with 1 cult sniper rifle and 1 close combat weapon.
1573|Achilles Ridgerunners|1|Any number of models can each have their heavy mining laser replaced with one of the following: • 1 achilles missile launcher • 1 heavy mortar
1573|Achilles Ridgerunners|2|Any number of models can each have their flare launcher replaced with one of the following: • 1 spotter • 1 survey augur
1574|Atalan Jackals|1|For every 4 Atalan Jackals in this unit, up to 2 Atalan Jackals' close combat weapons can each be replaced with 1 Atalan power weapon.
1574|Atalan Jackals|2|For every 4 Atalan Jackals in this unit, 1 Atalan Jackal's Atalan small arms can be replaced with 1 grenade launcher.
1574|Atalan Jackals|3|Any number of Atalan Wolfquads can each have their heavy stubber replaced with one of the following: • 1 Atalan incinerator • 1 mining laser
1576|Tectonic Fragdrill|1|None
1577|Seraptek Heavy Construct|1|This model’s 2 singularity generators can be replaced with 2 synaptic obliterators and 2 transdimensional projectors.
1579|Inquisitor Eisenhorn|1|None
1580|Tech-priest Manipulus|1|This model’s magnarail lance can be replaced with 1 transonic cannon.
1583|Lord Discordant On Helstalker|1|This model’s Helstalker autocannon can be replaced with 1 baleflamer.
1583|Lord Discordant On Helstalker|2|This model’s techno-virus injector can be replaced with 1 magma cutter.
1588|Skull Altar|1|None
1589|Infernal Enrapturess|1|None
1596|Rein And Raus|1|None
1598|Amallyn Shadowguide|1|None
1600|Rogue Psyker|1|None
1601|Negavolt Cultists|1|None
1604|Fellgor Beastmen|1|The Fellgor Champion’s bolt pistol can be replaced with 1 plasma pistol.
1604|Fellgor Beastmen|2|1 Fellgor Beastman’s close combat weapon can be replaced with 1 great weapon.
1604|Fellgor Beastmen|3|1 Fellgor Beastman’s close combat weapon can be replaced with 1 corrupted stave.
1606|Assault Intercessor Squad|1|The Assault Intercessor Sergeant’s heavy bolt pistol can be replaced with one of the following: • 1 hand flamer • 1 plasma pistol
1606|Assault Intercessor Squad|2|The Assault Intercessor Sergeant’s Astartes chainsword can be replaced with one of the following: • 1 power fist • 1 power weapon • 1 thunder hammer
1607|Land Raider Achilles|1|This model’s 2 twin volkite culverins can be replaced with 2 twin multi-melta
1607|Land Raider Achilles|2|This model can be equipped with 1 hunter-killer missile.
1607|Land Raider Achilles|3|This model can be equipped with 1 storm bolter.
1608|Land Raider Proteus|1|This model can be equipped with one of the following: • 1 heavy bolter • 1 multi-melta • 1 twin heavy bolter • 1 twin heavy flamer
1608|Land Raider Proteus|2|This model can be equipped with 1 hunter-killer missile.
1608|Land Raider Proteus|3|This model can be equipped with 1 storm bolter.
1608|Land Raider Proteus|4|This model can be equipped with 1 explorator augury web.
1609|Fire Raptor Gunship|1|This model’s 2 twin hellstrike missile launchers can be replaced with 2 twin lascannons
1609|Fire Raptor Gunship|2|This model’s 2 twin autocannons can be replaced with 2 quad heavy bolters.
1647|Contorted Epitome|1|None
1648|Shalaxi Helbane|1|None
1649|Syll’esske|1|None
1651|Skorpius Disintegrator|1|This model’s belleros energy cannon can be replaced with 1 ferrumite cannon.
1658|Knight Despoiler|1|This model’s daemonbreath meltagun can be replaced with 1 diabolus heavy stubber.
1658|Knight Despoiler|2|This model’s reaper chainsword can be replaced with one of the following: • 1 daemonbreath thermal cannon • 1 despoiler gatling cannon and 1 heavy darkflamer • 1 despoiler battle cannon and 1 diabolus heavy stubber
1658|Knight Despoiler|3|This model’s warpstrike claw can be replaced with one of the following: • 1 daemonbreath thermal cannon • 1 despoiler gatling cannon and 1 heavy darkflamer • 1 despoiler battle cannon and 1 diabolus heavy stubber
1658|Knight Despoiler|4|This model can be equipped with one of the following: • 1 havoc missile pod • 1 ruinspear rocket pod • 1 hellstorm autocannons
1659|Knight Tyrant|1|This model’s 2 gheiststrike missile launchers and twin Desecrator cannon can be replaced with 1 gheiststrike missile launcher and 2 twin Desecrator cannons.
1659|Knight Tyrant|2|This model’s brimstone volcano lance and ectoplasma decimator can be replaced with 1 darkflame cannon and 1 warpshock harpoon.
1660|Knight Desecrator|1|This model’s reaper chainsword can be replaced with 1 warpstrike claw.
1662|Chaos Acastus Knight Asterius|1|None
1663|War Dog Moirax|1|This model’s graviton pulsar can be replaced with one of the following; • 1 siege claw and 1 rad cleanser • 1 lightning lock • 1 conversion beam cannon • 1 volkite veuglaire
1663|War Dog Moirax|2|This model’s volkite veuglaire can be replaced with one of the following: • 1 siege claw and 1 rad cleanser • 1 graviton pulsar • 1 lightning lock • 1 conversion beam cannon
1664|Acastus Knight Asterius|1|None
1666|Falchion|1|This model’s 2 quad lascannons can be replaced with 2 laser destroyers.
1666|Falchion|2|This model’s twin heavy bolter can be replaced with 1 twin heavy flamer
1666|Falchion|3|This model can be equipped with one of the following: • 1 heavy bolter • 1 heavy flamer • 1 multi-melta • 1 storm bolter
1667|Gladiator Reaper|1|This model can be equipped with 1 ironhail heavy stubber.
1667|Gladiator Reaper|2|This model can be equipped with 1 Icarus rocket pod.
1668|Eliminator Squad|1|The Eliminator Sergeant’s bolt sniper rifle can be replaced with one of the following: • 1 instigator bolt carbine • 1 las fusil
1668|Eliminator Squad|2|All Eliminators in this unit can each have their bolt sniper rifle replaced with 1 las fusil.
1680|Ares Gunship|1|None
1822|X-101|1|None
1825|Gladiator Valiant|1|This model can be equipped with 1 ironhail heavy stubber.
1825|Gladiator Valiant|2|This model can be equipped with 1 Icarus rocket pod.
1991|Terrax-pattern Termite|1|This model’s 2 combi-bolters can be replaced with one of the following • 2 heavy flamers • 2 twin volkite chargers
1994|Carnodon|1|This model’s Carnodon twin autocannon can be replaced with one of the following: • 1 Carnodon twin lascannon • 1 Carnodon twin multi-laser • 1 volkite culverin
1994|Carnodon|2|This model’s 2 autocannons can be replaced with one of the following: • 2 heavy bolters • 2 heavy flamers • 2 lascannons • 2 Militarum multi-lasers • 2 volkite calivers
1994|Carnodon|3|This model can be equipped with 1 hunter-killer missile.
1997|Death Company Marines|1|1 model's heavy bolt pistol can be replaced with one of the following: • 1 hand flamer • 1 inferno pistol • 1 plasma pistol
1997|Death Company Marines|2|For every 5 models in this unit, 1 model's Astartes chainsword can be replaced with equipped with 1 eviscerator.
1997|Death Company Marines|3|1 model’s Astartes chainsword can be replaced with one of the following: • 1 power fist • 1 power weapon • 1 thunder hammer
2066|Zephyrim Squad|1|The Zephyrim Superior can be equipped with 1 sacred banner.
2066|Zephyrim Squad|2|The Zephyrim Superior’s bolt pistol can be replaced with 1 plasma pistol.
2067|Mortifiers|1|1 model can be equipped with 1 anchorite sarcophagus.
2067|Mortifiers|2|Any number of models can each have their 2 heavy bolters replaced with one of the following: • 1 heavy bolter and 1 Mortifier flamer • 2 Mortifier flamers
2067|Mortifiers|3|Any number of models can each have their twin penitent buzz-blades replaced with one of the following: • 1 twin penitent flails • 1 penitent buzz-blade and 1 penitent flail
2076|Attack Bike Squad|1|Any number of models can each have their heavy bolter replaced with 1 multi-melta.
2077|Warbringer Nemesis Titan|1|This model’s Nemesis quake cannon can be replaced with 1 Nemesis volcano cannon.
2077|Warbringer Nemesis Titan|2|This model’s Reaver gatling blaster can be replaced with one of the following: • 1 Reaver laser blaster • 1 Reaver melta cannon • 1 Reaver volcano cannon
2077|Warbringer Nemesis Titan|3|This model’s Reaver laser blaster can be replaced with one of the following: • 1 Reaver gatling blaster • 1 Reaver melta cannon • 1 Reaver volcano cannon
2081|Serberys Sulphurhounds|1|For every 3 models in this unit, 1 Serberys Sulphurhound’s 2 phosphor pistols can be replaced with 1 phosphor blast carbine and 1 phosphor pistol.
2082|Serberys Raiders|1|1 Serberys Raider can be equipped with 1 enhanced data-tether.
2085|Archaeopter Transvector|1|This model’s command uplink can be replaced with 1 chaff launcher.
2086|Archaeopter Stratoraptor|1|This model’s command uplink can be replaced with 1 chaff launcher.
2087|Archaeopter Fusilave|1|This model’s command uplink can be replaced with 1 chaff launcher.
2098|Hellblaster Squad|1|The Hellblaster Sergeant’s bolt pistol can be replaced with 1 plasma pistol.
2099|Aggressor Squad|1|All models in this unit can each have their flamestorm gauntlets replaced with 1 auto boltstorm gauntlets and 1 fragstorm grenade launcher.
2102|Land Speeder Typhoon|1|This model’s heavy bolter can be replaced with 1 multi-melta.
2103|Command Squad|1|Any number of models can each have their bolt pistol replaced with one of the following: • 1 hand flamer • 1 grav-pistol • 1 inferno pistol • 1 plasma pistol
2103|Command Squad|2|Any number of Company Veterans can each have their bolt pistol replaced with 1 Astartes shield.
2103|Command Squad|3|Any number of Company Veterans can each have their bolt pistol and boltgun replaced with 1 twin lightning claws.
2103|Command Squad|4|The Company Ancient’s bolt pistol can be replaced with one of the following: • 1 boltgun • 1 combi-weapon
2103|Command Squad|5|Any number of Company Veterans can each have their boltgun replaced with one of the following: • 1 Astartes chainsword • 1 Astartes shield • 1 combi-weapon • 1 flamer • 1 heavy bolter • 1 heavy flamer • 1 grav-cannon • 1 grav-gun • 1 lascannon • 1 meltagun • 1 missile launcher • 1 multi-melta • 1 plasma cannon • 1 plasma gun • 1 storm bolter • 1 power fist • 1 power weapon • 1 thunder hammer
2110|Skorpekh Destroyers|1|For every 3 models in this unit, this unit can have 1 Plasmacyte.
2116|Lokhust Heavy Destroyers|1|Any number of models can each have their gauss destructor replaced with 1 enmitic exterminator.
2173|Land Raider Redeemer|1|This model can be equipped with 1 hunter-killer missile.
2173|Land Raider Redeemer|2|This model can be equipped with 1 multi-melta.
2173|Land Raider Redeemer|3|This model can be equipped with 1 storm bolter.
2202|Devastator Squad|1|Up to 4 Devastator Marines can each have their boltgun replaced with one of the following: • 1 grav-cannon • 1 heavy bolter • 1 lascannon • 1 missile launcher • 1 multi-melta • 1 plasma cannon
2202|Devastator Squad|2|The Devastator Sergeant’s bolt pistol and boltgun can be replaced with two different weapons from the following list:* • 1 Astartes chain sword • 1 bolt pistol • 1 boltgun • 1 combi-weapon • 1 grav-pistol • 1 plasma pistol • 1 power fist • 1 power weapon • 1 thunder hammer
2202|Devastator Squad|3|* This model can only be equipped with two ranged weapons if one of them is a Pistol (and it can only have one Pistol)
2234|Primaris Company Champion|1|None
2252|Spartan|1|This model’s 2 quad lascannons can be replaced with 2 laser destroyers.
2252|Spartan|2|This model’s twin heavy bolter can be replaced with 1 twin heavy flamer
2252|Spartan|3|This model can be equipped with one of the following: • 1 heavy bolter • 1 heavy flamer • 1 multi-melta • 1 storm bolter
2255|Sternguard Veteran Squad|1|The Sternguard Veteran Sergeant’s Sternguard bolt rifle can be replaced with one of the following: • 1 Astartes chainsword • 1 combi-weapon • 1 power weapon • 1 power fist • 1 Astartes chainsword and 1 Sternguard bolt rifle* • 1 power weapon and 1 Sternguard bolt rifle* • 1 power fist and 1 Sternguard bolt rifle*
2255|Sternguard Veteran Squad|2|Any number of Sternguard Veterans can each have their Sternguard bolt rifle replaced with 1 combi-weapon.
2255|Sternguard Veteran Squad|3|For every 5 models in this unit, 1 Sternguard Veteran’s Sternguard bolt rifle can be replaced with one of the following: • 1 pyrecannon • 1 Sternguard heavy bolter
2255|Sternguard Veteran Squad|4|* This model's Sternguard bolt rifle cannot be replaced.
2258|Stalker|1|This model can be equipped with 1 hunter-killer missile.
2258|Stalker|2|This model can be equipped with 1 storm bolter.
2267|Deathstorm Drop Pod|1|This model’s deathstorm cannon array can be replaced with 1 deathstorm missile array
2268|Deimos Predator|1|This model’s plasma destroyer can be replaced with one of the following: • 1 conversion beam cannon • 1 infernus cannon • 1 magna-melta cannon
2268|Deimos Predator|2|This model can be equipped with one of the following: • 2 heavy bolters • 2 heavy flamers • 2 lascannons
2268|Deimos Predator|3|This model can be equipped with 1 storm bolter.
2268|Deimos Predator|4|This model can be equipped with 1 hunter-killer missile.
2269|Deredeo Dreadnought|1|This model’s anvilus autocannon battery can be replaced with one of the following • 1 arachnus heavy lascannon battery • 1 hellfire plasma carronade • 1 volkite falconet battery
2269|Deredeo Dreadnought|2|This model’s twin heavy bolter can be replaced with 1 twin heavy flamer.
2269|Deredeo Dreadnought|3|This model can be equipped with one of the following: • 1 aiolos missile launcher • 1 boreas air defence missiles
2270|Desolation Squad|1|All of the models in this unit can each have their superfrag rocket launcher replaced with 1 superkrak rocket launcher.
2270|Desolation Squad|2|The Desolation Sergeant’s superfrag rocket launcher or superkrak rocket launcher can be replaced with 1 vengor launcher.
2285|Death Company Marines with Bolt Rifles|1|1 model’s bolt rifle can be replaced with one of the following: • 1 Astartes chainsword • 1 hand flamer • 1 inferno pistol • 1 plasma pistol
2285|Death Company Marines with Bolt Rifles|2|For every 5 models in this unit, 1 model's bolt rifle and close combat weapon can be replaced with 1 eviscerator.
2285|Death Company Marines with Bolt Rifles|3|For every 5 models in this unit, 1 model equipped with a bolt rifle can be equipped with 1 Astartes grenade launcher.
2285|Death Company Marines with Bolt Rifles|4|1 model’s close combat weapon can be replaced with one of the following: • 1 Astartes chainsword • 1 power fist • 1 power weapon • 1 thunder hammer
2302|Deathwing Command Squad|1|Any number of Deathwing Command Terminators can each have their storm bolter and power fist replaced with one of the following: • 1 twin lightning claws • 1 thunder hammer and 1 storm shield
2302|Deathwing Command Squad|2|Any number of Deathwing Command Terminators can each have their power fist replaced with 1 chainfist.
2302|Deathwing Command Squad|3|1 Deathwing Command Terminator’s power fist can be replaced with 1 power weapon.
2302|Deathwing Command Squad|4|For every 5 models in this unit, 1 Deathwing Command Terminator can replace its storm bolter with one of the following: • 1 assault cannon • 1 heavy flamer • 1 plasma cannon • 1 storm bolter and 1 cyclone missile launcher (this model’s storm bolter cannot be replaced)
2302|Deathwing Command Squad|5|This unit can be equipped with 1 Watcher in the Dark.*
2302|Deathwing Command Squad|6|* The rules for a Watcher in the Dark can be found on the Deathwing Knights datasheet.
2351|Lokhust Lord|1|This model’s staff of light can be replaced with 1 Lord’s blade.
2351|Lokhust Lord|2|This model can be equipped with one of the following: • 1 nanoscarab amulet • 1 resurrection orb
2358|Ophydian Destroyers|1|For every 3 models in this unit, this unit can have 1 Plasmacyte.
2362|Tomb Citadel Walls|1|This unit can be equipped with one of the following: • 1 gauss exterminator and 1 twin tesla destructor • 2 gauss exterminators • 2 twin tesla destructors
2374|Death Korps Grenadier Squad|1|Up to 2 Grenadier models can each have their hot-shot lasgun replaced with one of the following: • 1 flamer • 1 grenade launcher • 1 heavy stubber • 1 meltagun • 1 plasma gun • 1 sniper rifle
2375|Quartermaster Cadre Squad|1|None
2377|Elysian Sniper Squad|1|None
2378|Death Rider Commissar|1|None
2379|Storm Chimera|1|This model’s heavy bolter can be replaced with 1 heavy flamer.
2379|Storm Chimera|2|This model can be equipped with 1 hunter-killer missile.
2379|Storm Chimera|3|This model can be equipped with one of the following: • 1 heavy stubber • 1 storm bolter
2459|Webway Gate|1|None
2461|Chaos Predator Destructor|1|This model can be equipped with one of the following: • 2 heavy bolters • 2 lascannons
2461|Chaos Predator Destructor|2|This model can be equipped with one of the following: • 1 combi-bolter • 1 combi-weapon
2461|Chaos Predator Destructor|3|This model can be equipped with 1 havoc launcher.
2468|Deathwing Strikemaster|1|This model’s storm bolter and master-crafted power weapon can be replaced with either 1 twin lightning claws, or two different weapons from the following list: • 1 storm bolter • 1 chainfist • 1 mace of absolution • 1 power fist • 1 thunder hammer • 1 storm shield
2471|Court of the Archon|1|None
2472|Palatine|1|This model’s bolt pistol can be replaced with 1 plasma pistol.
2481|Celestian Sacresants|1|Any number of models can each have their hallowed mace replaced with 1 anointed halberd.
2481|Celestian Sacresants|2|The Sacresant Superior’s bolt pistol can be replaced with one of the following: • 1 inferno pistol • 1 Ministorum hand flamer • 1 plasma pistol
2481|Celestian Sacresants|3|The Sacresant Superior’s hallowed mace can be replaced with 1 spear of the faithful.
2483|Paragon Warsuits|1|Any number of models can each have their Paragon storm bolters replaced with 1 Paragon grenade launchers.
2483|Paragon Warsuits|2|Any number of models can each have their Paragon war blade replaced with 1 Paragon war mace.
2483|Paragon Warsuits|3|Any number of models can each have their heavy bolter replaced with one of the following: • 1 Ministorum heavy flamer • 1 multi-melta
2484|Castigator|1|This model’s Castigator autocannons can be replaced with 1 Castigator battle cannon.
2484|Castigator|2|This model can be equipped with 1 hunter-killer missile.
2484|Castigator|3|This model can be equipped with 1 storm bolter.
2490|Beastboss on Squigosaur|1|This model can be equipped with 1 Thump Gun.
2494|Beast Snagga Boyz|1|For every 10 models in this unit, 1 Beast Snagga Boy model can be equipped with 1 Thump Gun.
2499|Big’ed Bossbunka|1|This model can be equipped with up to 3 Big Shootas.
2501|Chaos Predator Annihilator|1|This model can be equipped with one of the following: • 2 lascannons • 2 inferno heavy bolters
2501|Chaos Predator Annihilator|2|This model can be equipped with one of the following: • 1 inferno combi-bolter • 1 inferno combi-weapon
2501|Chaos Predator Annihilator|3|This model can be equipped with 1 havoc launcher.
2507|Sisters Novitiate Squad|1|The Novitiate Superior’s bolt pistol and boltgun can be replaced with one of the following: • 1 bolt pistol and 1 power weapon • 1 plasma pistol and 1 power weapon
2507|Sisters Novitiate Squad|2|1 Sister Novitiate’s autogun can be replaced with 1 sacred banner.
2507|Sisters Novitiate Squad|3|1 Sister Novitiate’s autogun can be replaced with 1 simulacrum imperialis.
2507|Sisters Novitiate Squad|4|Up to 2 Sisters Novitiate can each have their autogun replaced with 1 Ministorum flamer.
2507|Sisters Novitiate Squad|5|Any number of Sisters Novitiate can each have their autogun and close combat weapon replaced with 1 Novitiate melee weapons.
2520|Knight-centura|1|This model’s executioner greatblade can be replaced with one of the following: • 1 master-crafted boltgun and 1 close combat weapon • 1 Witchseeker flamer and 1 close combat weapon
2523|Witchseekers|1|None
2524|Anathema Psykana Rhino|1|This model can be equipped with 1 hunter-killer missile.
2528|Winged Hive Tyrant|1|This model’s monstrous bonesword and lash whip can be replaced with one of the following: • 1 heavy venom cannon • 1 stranglethorn cannon • 1 monstrous scything talons
2531|Corsair Voidreavers|1|The Voidreaver Felarch’s shuriken pistol can be replaced with one of the following: • 1 neuro disruptor • 1 shuriken rifle
2531|Corsair Voidreavers|2|The Voidreaver Felarch can be equipped with: • 1 mistshield
2531|Corsair Voidreavers|3|Any number of Corsair Voidreavers in this unit can each have their shuriken pistol and power sword replaced with 1 shuriken rifle.
2531|Corsair Voidreavers|4|For every 5 models in this unit, 1 Corsair Voidreaver’s power sword or shuriken rifle can be replaced with one of the following: • 1 blaster • 1 shredder
2531|Corsair Voidreavers|5|If this unit contains 10 models, 1 Corsair Voidreaver’s shuriken rifle can be replaced with one of the following: • 1 shuriken cannon • 1 wraithcannon
2532|Corsair Voidscarred|1|Any number of Corsair Voidscarred can each have their shuriken pistol and power sword replaced with 1 shuriken rifle.
2532|Corsair Voidscarred|2|The Voidscarred Felarch’s shuriken pistol can be replaced with one of the following: • 1 neuro disruptor • 1 shuriken rifle
2532|Corsair Voidscarred|3|The Voidscarred Felarch can be equipped with 1 mistshield.
2532|Corsair Voidscarred|4|For every 5 models in this unit, 1 Corsair Voidscarred’s shuriken rifle can be replaced with one of the following: • 1 blaster • 1 shredder
2532|Corsair Voidscarred|5|If this unit contains 10 models, 1 Corsair Voidscarred’s shuriken rifle can be replaced with one of the following: • 1 shuriken cannon • 1 wraithcannon
2532|Corsair Voidscarred|6|If this unit contains 10 models, 1 Corsair Voidscarred’s shuriken rifle can be replaced with 1 long rifle.
2532|Corsair Voidscarred|7|If this unit contains 10 models, 1 Corsair Voidscarred’s power sword can be replaced with 1 fusion pistol.
2532|Corsair Voidscarred|8|1 Corsair Voidscarred model equipped with a shuriken pistol and power sword can be equipped with 1 Faolchú.
2534|Troupe Master|1|This model’s shuriken pistol can be replaced with one of the following: • 1 fusion pistol • 1 neuro disruptor
2534|Troupe Master|2|This model's Troupe Master's blade can be replaced with 1 Harlequin's special weapon.
2535|Shadowseer|1|This model’s shuriken pistol can be replaced with 1 neuro disruptor.
2536|Troupe|1|Any number of models can each have their Harlequin’s blade replaced with 1 Harlequin’s special weapon.
2536|Troupe|2|The Lead Player’s Harlequin’s blade can be replaced with 1 power sword.
2536|Troupe|3|If this unit contains 9 or fewer models: • Up to 2 models can each have their shuriken pistol replaced with 1 neuro disruptor • Up to 2 models can each have their shuriken pistol replaced with 1 fusion pistol
2536|Troupe|4|If this unit contains 10 or more models: • Up to 4 models can each have their shuriken pistol replaced with 1 neuro disruptor • Up to 4 models can each have their shuriken pistol replaced with 1 fusion pistol
2539|Skyweavers|1|Any number of models can each have their shuriken cannon replaced with 1 Skyweaver haywire cannon.
2539|Skyweavers|2|Any number of models can each have their star bolas replaced with 1 zephyrglaive.
2540|Voidweaver|1|This model’s Voidweaver haywire cannon can be replaced with 1 prismatic cannon.
2562|War Dog Executioner|1|This model’s diabolus heavy stubber can be replaced with 1 daemonbreath meltagun.
2563|War Dog Stalker|1|This model’s avenger chaincannon can be replaced with 1 daemonbreath spear.
2563|War Dog Stalker|2|This model’s diabolus heavy stubber can be replaced with 1 havoc multi-launcher.
2563|War Dog Stalker|3|This model’s slaughterclaw can be replaced with 1 reaper chaintalon.
2564|War Dog Karnivore|1|This model’s diabolus heavy stubber can be replaced with 1 havoc multi-launcher.
2565|War Dog Brigand|1|This model’s diabolus heavy stubber can be replaced with 1 havoc multi-launcher.
2566|War Dog Huntsman|1|This model’s diabolus heavy stubber can be replaced with 1 daemonbreath meltagun.
2568|Impulsor|1|This model can be equipped with 1 ironhail heavy stubber.
2568|Impulsor|2|This model’s 2 storm bolters can be replaced with 2 fragstorm grenade launchers.
2568|Impulsor|3|This model can be equipped with one of the following: • 1 bellicatus missile array • 1 ironhail skytalon array • 1 orbital comms array • 1 shield dome
2570|Legionaries|1|The Aspiring Champion’s boltgun can be replaced with one of the following: • 1 plasma pistol* • 1 accursed weapon • 1 Astartes chainsword • 1 heavy melee weapon
2570|Legionaries|2|The Aspiring Champion’s bolt pistol can be replaced with one of the following: • 1 plasma pistol* • 1 accursed weapon • 1 Astartes chainsword • 1 heavy melee weapon
2570|Legionaries|3|1 model can be equipped with 1 Chaos icon.
2570|Legionaries|4|Any number of Legionaries can each have their boltgun replaced with 1 Astartes chainsword.
2570|Legionaries|5|One Legionary’s boltgun can be replaced with 1 heavy melee weapon.
2570|Legionaries|6|One Legionary’s boltgun can be replaced with 1 balefire tome.
2570|Legionaries|7|For every 5 models in this unit, 1 Legionary’s boltgun can be replaced with one of the following (duplicates are not allowed): • 1 plasma pistol and 1 Astartes chainsword • 1 flamer • 1 havoc autocannon • 1 heavy bolter • 1 lascannon • 1 meltagun • 1 missile launcher • 1 plasma gun • 1 reaper chaincannon
2570|Legionaries|8|* Maximum 1 per model.
2572|Chaos Predator Annihilator|1|This model can be equipped with one of the following: • 2 heavy bolters • 2 lascannons
2572|Chaos Predator Annihilator|2|This model can be equipped with one of the following: • 1 combi-bolter • 1 combi-weapon
2572|Chaos Predator Annihilator|3|This model can be equipped with 1 Havoc launcher.
2582|Bloodthirster|1|This model’s great axe of Khorne can be replaced with 1 axe of Khorne and one of the following: • 1 bloodflail • 1 lash of Khorne
2583|Blue Horrors|1|None
2584|Pink Horrors|1|1 Pink Horror that is not equipped with a daemonic icon can be equipped with 1 instrument of Chaos.
2584|Pink Horrors|2|1 Pink Horror that is not equipped with an instrument of Chaos can be equipped with 1 daemonic icon.
2587|Imperial Navy Breachers|1|The Navis Sergeant-at-Arms’ Navis shotgun can be replaced with one of the following: • 1 autopistol and 1 chainsword • 1 bolt pistol and 1 power weapon
2587|Imperial Navy Breachers|2|1 Navis Armsman’s Navis las-volley can be replaced with one of the following: • 1 meltagun • 1 plasma gun
2587|Imperial Navy Breachers|3|1 Navis Armsman's Navis shotgun can be replaced with 1 autopistol and 1 power weapon.
2587|Imperial Navy Breachers|4|1 Navis Armsman’s Navis shotgun can be replaced with 1 autopistol and 1 chainfist.
2587|Imperial Navy Breachers|5|1 Navis Armsman can be equipped with 1 demolition charge.
2588|Kroot Farstalkers|1|The Kroot Kill-broker’s Farstalker firearm can be replaced with 1 T’au-tech rifle.
2588|Kroot Farstalkers|2|1 Kroot Farstalker’s Farstalker firearm can be replaced with one of the following: • 1 Dvorgite skinner • 1 Londaxi tribalest
2588|Kroot Farstalkers|3|1 Kroot Farstalker equipped with a Farstalker firearm can be equipped with 1 Pech’ra.
2589|Traitor Enforcer|1|None
2590|Traitor Guardsmen Squad|1|Up to 3 Traitor Guardsmen can each have their lasgun replaced with one of the following (duplicates are not allowed): • 1 Cultist grenade launcher • 1 flamer • 1 meltagun • 1 plasma gun • 1 Cultist sniper rifle
2590|Traitor Guardsmen Squad|2|The Traitor Sergeant’s close combat weapon can be replaced with one of the following: • 1 chainsword • 1 power weapon
2590|Traitor Guardsmen Squad|3|The Traitor Sergeant’s corrupted pistol can be replaced with 1 boltgun.
2591|Mutoid Vermin|1|None
2592|Gellerpox Infected|1|None
2594|Kâhl|1|This model’s Autoch-pattem combi-bolter can be replaced with 1 volkanite disintegrator.
2594|Kâhl|2|This model’s forgewrought plasma axe can be replaced with 1 mass gauntlet.
2594|Kâhl|3|This model’s rampart crest can be replaced with 1 teleport crest.
2595|Einhyr Champion|1|This model’s mass hammer can be replaced with 1 darkstar axe.
2595|Einhyr Champion|2|This model’s weavefield crest can be replaced with 1 teleport crest.
2598|Hearthkyn Warriors|1|Any number of Hearthkyn Warriors can each have their Autoch-pattern bolter replaced with 1 ion blaster.
2598|Hearthkyn Warriors|2|Up to 2 Hearthkyn Warriors can each have their Autoch-pattern bolter or ion blaster replaced with one of the following (duplicates are not allowed): • 1 HYLas auto rifle • 1 HYLas rotary cannon • 1 L7 missile launcher • 1 EtaCarn plasma beamer • 1 magna-rail rifle
2598|Hearthkyn Warriors|3|Up to 2 Hearthkyn Warriors can each have their Autoch-pattern bolter or ion blaster replaced with 1 plasma knife.
2598|Hearthkyn Warriors|4|The Theyn’s Autoch-pattern bolter can be replaced with one of the following: • 1 ion blaster • 1 Theyn’s pistol
2598|Hearthkyn Warriors|5|The Theyn can be equipped with 1 Theyn’s melee weapon.
2599|Einhyr Hearthguard|1|All models in this unit can each have their EtaCarn plasma gun replaced with 1 volkanite disintegrator.
2599|Einhyr Hearthguard|2|All models in this unit can each have their concussion gauntlet replaced with 1 plasma blade gauntlet.
2599|Einhyr Hearthguard|3|The Hesyr’s concussion gauntlet or plasma blade gauntlet can be replaced with 1 graviton hammer.
2599|Einhyr Hearthguard|4|The Hesyr’s weavefield crest can be replaced with 1 teleport crest.
2600|Cthonian Beserks|1|All models in this unit can each have their heavy plasma axe replaced with 1 concussion maul.
2600|Cthonian Beserks|2|For every 5 models in this unit, 1 model that is not equipped with a mole grenade launcher can have its heavy plasma axe or concussion maul replaced with 1 twin concussion gauntlet.
2600|Cthonian Beserks|3|For every 5 models in this unit, 1 model that is not equipped with a twin concussion gauntlet or a mole grenade launcher can be equipped with 1 mole grenade launcher.*
2600|Cthonian Beserks|4|* Designer’s Note: If a Cthonian Beserk is equipped with a mole grenade launcher, it will be accompanied by an L-COG unit: both models should be placed on the same base and together they act as a single model for all rules purposes.
2601|Hernkyn Pioneers|1|For every 3 models in this unit, 1 model can be equipped with one of the following:: • 1 HYLas rotary cannon • 1 ion beamer
2601|Hernkyn Pioneers|2|1 model that is not equipped with either a HYLas rotary cannon or an ion beamer can be equipped with 1 multiwave comms array.*
2601|Hernkyn Pioneers|3|1 model that is not equipped with either a HYLas rotary cannon or an ion beamer can be equipped with 1 panspectral scanner.*
2601|Hernkyn Pioneers|4|1 model that is not equipped with either a HYLas rotary cannon or an ion beamer can be equipped with 1 rollbar searchlight.*
2601|Hernkyn Pioneers|5|* A model can only take one of these options, and cannot be equipped with a HYLas rotary cannon or an ion beamer.
2602|Sagitaur|1|This model’s HYLas beam cannon can be replaced with one of the following: • 1 L7 missile launcher and 1 Sagitaur missile launcher • 1 MATR autocannon
2603|Brôkhyr Thunderkyn|1|All models in this unit can each have their bolt cannon replaced with 1 graviton blast cannon.
2603|Brôkhyr Thunderkyn|2|All models in this unit can each have their bolt cannon replaced with 1 SP conversion beamer.
2604|Hekaton Land Fortress|1|This model’s 2 twin bolt cannons can be replaced with one of the following: • 1 twin bolt cannon and 1 twin ion beamer • 2 twin ion beamers
2604|Hekaton Land Fortress|2|This model’s cyclic ion cannon can be replaced with one of the following: • 1 SP heavy conversion beamer • 1 heavy magna-rail cannon
2604|Hekaton Land Fortress|3|This model’s panspectral scanner can be replaced with 1 Hekaton warhead.
2607|Cadian Castellan|1|This model’s chainsword can be replaced with one of the following: • 1 boltgun and 1 close combat weapon • 1 power fist • 1 power weapon
2607|Cadian Castellan|2|This model’s laspistol can be replaced with one of the following: • 1 bolt pistol • 1 plasma pistol
2609|Cadian Command Squad|1|1 Cadian Veteran Guardsman’s lasgun and regimental standard can be replaced with one of the following: • 1 flamer • 1 grenade launcher • 1 meltagun • 1 plasma gun
2609|Cadian Command Squad|2|1 Cadian Veteran Guardsman’s laspistol can be replaced with one of the following: • 1 bolt pistol • 1 plasma pistol
2609|Cadian Command Squad|3|The Cadian Commander’s laspistol can be replaced with one of the following: • 1 bolt pistol • 1 plasma pistol
2609|Cadian Command Squad|4|1 Cadian Veteran Guardsman's chainsword can be replaced with one of the following: • 1 flamer and 1 close combat weapon • 1 grenade launcher and 1 close combat weapon • 1 meltagun and 1 close combat weapon • 1 plasma gun and 1 close combat weapon • 1 power fist • 1 power weapon
2609|Cadian Command Squad|5|The Cadian Commander’s chainsword can be replaced with one of the following: • 1 power fist • 1 power weapon
2610|Regimental Attachés|1|None
2612|Cadian Shock Troops|1|For every 10 models in this unit, up to 2 Shock Troopers can each have their lasgun replaced with one of the following*: • 1 flamer • 1 grenade launcher • 1 meltagun • 1 plasma gun
2612|Cadian Shock Troops|2|For every 10 models in this unit, 1 Shock Trooper equipped with a lasgun can be equipped with 1 vox-caster (that model’s lasgun cannot be replaced).
2612|Cadian Shock Troops|3|Any number of Shock Trooper Sergeants can each have their laspistol replaced with 1 bolt pistol.
2612|Cadian Shock Troops|4|Any number of Shock Trooper Sergeants can each have their laspistol and chainsword replaced with 1 Sergeant's autogun and 1 close combat weapon.
2612|Cadian Shock Troops|5|* You cannot select the same weapon more than once per unit unless it contains 20 models, in which case you cannot select the same weapon more than twice per unit.
2613|Death Korps Of Krieg|1|For every 10 models in this unit, up to 2 Death Korps Troopers can each have their lasgun replaced with one of the following*: • 1 flamer • 1 grenade launcher • 1 long-las • 1 meltagun • 1 plasma gun
2613|Death Korps Of Krieg|2|For every 10 models in this unit, 1 Death Korps Trooper equipped with a lasgun can be equipped with 1 Death Korps medi-pack (that model’s lasgun cannot be replaced)**.
2613|Death Korps Of Krieg|3|For every 10 models in this unit, 1 Death Korps Trooper equipped with a lasgun can be equipped with 1 vox-caster (that model’s lasgun cannot be replaced).**
2613|Death Korps Of Krieg|4|Any number of Death Korps Watchmasters can each replace their laspistol and chainsword with 1 boltgun and 1 close combat weapon.
2613|Death Korps Of Krieg|5|Any number of Death Korps Watchmasters can each replace their chainsword with 1 power weapon.
2613|Death Korps Of Krieg|6|Any number of Death Korps Watchmasters can each replace their laspistol with one of the following: • 1 bolt pistol • 1 plasma pistol
2613|Death Korps Of Krieg|7|* You cannot select the same option more than once per unit unless it contains 20 models, in which case you cannot select the same option more than twice per unit.
2613|Death Korps Of Krieg|8|** A model can only take one of these options.
2614|Catachan Jungle Fighters|1|For every 5 models in this unit, 1 Jungle Fighter’s lasgun can be replaced with 1 flamer.
2614|Catachan Jungle Fighters|2|For every 10 models in this unit, 1 Jungle Fighter equipped with a lasgun can be equipped with 1 vox-caster (that model’s lasgun cannot be replaced).
2615|Kasrkin|1|Up to 4 Kasrkin Troopers can each have their hot-shot lasgun replaced with one of the following:* • 1 flamer • 1 grenade launcher • 1 hot-shot volley gun • 1 meltagun • 1 plasma gun
2615|Kasrkin|2|1 Kasrkin Trooper’s hot-shot lasgun can be replaced with 1 hot-shot marksman rifle.
2615|Kasrkin|3|1 Kasrkin Trooper’s hot-shot lasgun can be replaced with 1 hot-shot laspistol and 1 melta mine.
2615|Kasrkin|4|1 Kasrkin Trooper equipped with a hot-shot lasgun can be equipped with 1 vox-caster (that model’s hot-shot lasgun cannot be replaced).
2615|Kasrkin|5|The Kasrkin Sergeant’s chainsword can be replaced with 1 power weapon.
2615|Kasrkin|6|The Kasrkin Sergeant’s hot-shot laspistol can be replaced with one of the following: • 1 bolt pistol • 1 plasma pistol.
2615|Kasrkin|7|* You cannot select the same weapon from this list more than twice per unit.
2616|Attilan Rough Riders|1|For every 5 models in this unit, 1 model’s hunting lance can be replaced with 1 goad lance.
2616|Attilan Rough Riders|2|The Rough Rider Sergeant can be equipped with 1 power sabre.
2617|Rogal Dorn Battle Tank|1|This model’s twin battle cannon can be replaced with 1 oppressor cannon and 1 coaxial autocannon.
2617|Rogal Dorn Battle Tank|2|This model’s castigator gatling cannon can be replaced with 1 pulveriser cannon.
2617|Rogal Dorn Battle Tank|3|This model can be equipped with one of the following: • 2 meltaguns • 2 additional heavy stubbers
2617|Rogal Dorn Battle Tank|4|This model can be equipped with one of the following: • 2 heavy bolters • 2 multi-meltas
2619|Aegis Defence Line|1|None
2627|Khorne Berzerkers|1|The Khorne Berzerker Champion’s bolt pistol can be replaced with 1 plasma pistol.
2627|Khorne Berzerkers|2|For every 5 models in this unit, 1 Khorne Berzerker’s bolt pistol can be replaced with 1 plasma pistol.
2627|Khorne Berzerkers|3|For every 5 models in this unit, 1 Khorne Berzerker’s chainblade can be replaced with 1 Khornate eviscerator.
2627|Khorne Berzerkers|4|1 model can be equipped with 1 icon of Khorne.
2628|Jakhals|1|For every 10 models in this unit, 1 Jakhal’s chainblades can be replaced with 1 mauler chainblade.
2628|Jakhals|2|Any number of Dishonoured models can each have their paired manglers replaced with 1 skullsmasher and mangler.
2628|Jakhals|3|For every 10 models in this unit, 1 Jakhal can be equipped with 1 icon of Khorne.
2629|Chaos Terminators|1|For every 5 models in this unit, 1 Chaos Terminator’s combi-bolter can be replaced with one of the following: • 1 heavy flamer • 1 reaper autocannon
2629|Chaos Terminators|2|Any number of models can each have their combi-bolter replaced with 1 combi-weapon.
2629|Chaos Terminators|3|For every 5 models in this unit, 1 model’s combi-bolter and accursed weapon can be replaced with 1 paired accursed weapons.
2629|Chaos Terminators|4|For every 5 models in this unit, up to 3 models can each have their accursed weapon replaced with 1 power fist.
2629|Chaos Terminators|5|For every 5 models in this unit, 1 model’s accursed weapon can be replaced with 1 chainfist.
2632|Helbrute|1|This model’s multi-melta can be replaced with one of the following: • 1 plasma cannon • 1 twin autocannon • 1 twin heavy bolter • 1 twin lascannon • 1 Helbrute fist
2632|Helbrute|2|This model’s missile launcher can be replaced with one of the following: • 1 Helbrute fist • 1 Helbrute hammer • 1 power scourge
2632|Helbrute|3|For each Helbrute fist this model is equipped with, it can be equipped with one of the following: • 1 combi-bolter • 1 heavy flamer
2634|Chaos Land Raider|1|This model can be equipped with one of the following: • 1 combi-bolter • 1 combi-weapon
2634|Chaos Land Raider|2|This model can be equipped with 1 havoc launcher.
2636|Chaos Predator Destructor|1|This model can be equipped with one of the following: • 2 heavy bolters • 2 lascannons
2636|Chaos Predator Destructor|2|This model can be equipped with 1 havoc launcher.
2636|Chaos Predator Destructor|3|This model can be equipped with one of the following: • 1 combi-bolter • 1 combi-weapon
2637|Chaos Predator Annihilator|1|This model can be equipped with one of the following: • 2 heavy bolters • 2 lascannons
2637|Chaos Predator Annihilator|2|This model can be equipped with 1 havoc launcher.
2637|Chaos Predator Annihilator|3|This model can be equipped with one of the following: • 1 combi-bolter • 1 combi-weapon
2638|Forgefiend|1|This model’s 2 Hades autocannons can be replaced with 2 ectoplasma cannons.
2638|Forgefiend|2|This model’s Forgefiend jaws can be replaced with 1 ectoplasma cannon and 1 Forgefiend claws.
2639|Maulerfiend|1|This model’s lasher tendrils can be replaced with 2 magma cutters.
2640|Chaos Rhino|1|This model can be equipped with one of the following: • 1 additional combi-bolter • 1 combi-weapon
2640|Chaos Rhino|2|This model can be equipped with 1 havoc launcher or can replace 1 combi-bolter with 1 havoc launcher.
2641|Heldrake|1|This model’s Hades autocannon can be replaced with 1 baleflamer.
2642|Khorne Lord of Skulls|1|This model’s gorestorm cannon can be replaced with one of the following: • 1 daemongore cannon • 1 ichor cannon
2642|Khorne Lord of Skulls|2|This model’s Hades gatling cannon can be replaced with 1 skullhurler.
2677|Ancient In Terminator Armour|1|This model’s power fist can be replaced with one of the following: • 1 chainfist • 1 close combat weapon • 1 power weapon • 1 thunder hammer
2677|Ancient In Terminator Armour|2|This model’s storm bolter and power fist can be replaced with one of the following: • 1 twin lightning claws • 1 thunder hammer and 1 Terminator storm shield
2678|Chaplain Cassius|1|None
2682|Lion El’jonson|1|None
2683|Vigilant Squad|1|Up to 2 Vigilants can each have their Arbites combat shotgun replaced with one of the following (duplicates are not allowed): • 1 executioner shotgun • 1 Arbites grenade launcher • 1 heavy stubber • 1 webber
2683|Vigilant Squad|2|The Proctor-Vigilant can be equipped with 1 nuncio aquila.
2684|Subductor Squad|1|The Proctor-Subductor can be equipped with 1 nuncio aquila.
2685|Exaction Squad|1|Up to 2 Exaction Vigilants can each have their Arbites combat shotgun replaced with one of the following (duplicates are not allowed): • 1 executioner shotgun • 1 Arbites grenade launcher • 1 heavy stubber • 1 webber
2685|Exaction Squad|2|1 Exaction Vigilant that is equipped with an Arbites combat shotgun can be equipped with 1 excruciator maul.*
2685|Exaction Squad|3|1 other Exaction Vigilant that is equipped with an Arbites combat shotgun can be equipped with 1 Arbites medi-kit.*
2685|Exaction Squad|4|1 other Exaction Vigilant that is equipped with an Arbites combat shotgun can be equipped with 1 soulguilt scanner.*
2685|Exaction Squad|5|The Proctor-Exactant can be equipped with 1 nuncio aquila.
2685|Exaction Squad|6|* That model’s Arbites combat shotgun cannot be replaced.
2688|Neurotyrant|1|None
2692|Tyranid Warriors With Ranged Bio-weapons|1|Any number of models can each have their devourer replaced with one of the following: • 1 deathspitter • 1 spinefists
2692|Tyranid Warriors With Ranged Bio-weapons|2|For every 3 models in this unit, 1 model’s devourer can be replaced with 1 barbed strangler.
2692|Tyranid Warriors With Ranged Bio-weapons|3|For every 3 models in this unit, 1 model’s devourer can be replaced with 1 venom cannon.
2694|Winged Tyranid Prime|1|None
2700|Astraeus|1|This model’s 2 Astraeus las-rippers can be replaced with 2 plasma eradicators.
2700|Astraeus|2|This model’s twin heavy bolter can be replaced with 1 twin lascannon.
2700|Astraeus|3|This model can be equipped with 1 ironhail heavy stubber.
2702|Captain on Bike|1|This model’s bolt pistol can be replaced with one of the following: • 1 combi-weapon • 1 hand flamer • 1 inferno pistol • 1 master-crafted boltgun • 1 plasma pistol • 1 storm bolter • 1 relic shield* • 1 relic weapon • 1 power fist • 1 thunder hammer
2702|Captain on Bike|2|This model’s Astartes chainsword can be replaced with one of the following: • 1 close combat weapon and 1 relic shield* • 1 power fist • 1 relic weapon
2702|Captain on Bike|3|This model’s bolt pistol and Astartes chainsword can be replaced with 1 twin lightning claws.
2702|Captain on Bike|4|* Maximum one per model.
2703|Centurion Assault Squad|1|Any number of models can each have their twin flamer replaced with 1 twin meltagun.
2703|Centurion Assault Squad|2|Any number of models can each have their Centurion bolters replaced with 1 Centurion assault launcher.
2704|Fellblade|1|This model’s 2 quad lascannons can be replaced with one of the following: • 2 laser destroyers • 2 quad heavy bolters
2704|Fellblade|2|This model’s twin heavy bolter can be replaced with 1 twin heavy flamer.
2704|Fellblade|3|This model can be equipped with 1 havoc launcher.
2704|Fellblade|4|This model can be equipped with one of the following: • 1 combi-weapon • 1 heavy bolter • 1 heavy flamer • 1 multi-melta • 1 storm bolter
2705|Gladiator Lancer|1|This model’s 2 storm bolters can be replaced with 2 fragstorm grenade launchers.
2705|Gladiator Lancer|2|This model can be equipped with 1 ironhail heavy stubber.
2705|Gladiator Lancer|3|This model can be equipped with 1 Icarus rocket pod.
2706|Ironclad Dreadnought|1|This model’s seismic hammer can be replaced with 1 Dreadnought chainfist.
2706|Ironclad Dreadnought|2|This model’s Dreadnought combat weapon and storm bolter can be replaced with 1 hurricane bolter.
2706|Ironclad Dreadnought|3|This model’s storm bolter can be replaced with 1 heavy flamer.
2706|Ironclad Dreadnought|4|This model’s meltagun can be replaced with 1 heavy flamer.
2706|Ironclad Dreadnought|5|This model can be equipped with up to 2 hunter-killer missiles.
2706|Ironclad Dreadnought|6|This model can be equipped with 1 Ironclad assault launchers.
2710|Land Raider Helios|1|This model can be equipped with 1 storm bolter.
2710|Land Raider Helios|2|This model can be equipped with 1 hunter-killer missile.
2711|Land Speeder|1|This model can have its 1 onslaught gatling cannon replaced with 1 heavy flamer
2712|Outrider Squad|1|An Invader ATV’s onslaught gatling cannon can be replaced with 1 multi-melta.
2714|Predator Annihilator|1|This model can be equipped with one of the following: • 2 heavy bolters • 2 lascannons
2714|Predator Annihilator|2|This model can be equipped with 1 hunter-killer missile.
2714|Predator Annihilator|3|This model can be equipped with 1 storm bolter.
2715|Predator Destructor|1|This model can be equipped with one of the following: • 2 heavy bolters • 2 lascannons
2715|Predator Destructor|2|This model can be equipped with 1 hunter-killer missile.
2715|Predator Destructor|3|This model can be equipped with 1 storm bolter.
2717|Redemptor Dreadnought|1|This model can be equipped with 1 Icarus rocket pod.
2717|Redemptor Dreadnought|2|This model’s heavy flamer can be replaced with 1 onslaught gatling cannon.
2717|Redemptor Dreadnought|3|This model’s heavy onslaught gatling cannon can be replaced with 1 macro plasma incinerator.
2717|Redemptor Dreadnought|4|This model’s twin fragstorm grenade launcher can be replaced with 1 twin storm bolter.
2718|Reiver Squad|1|All models in this unit can each have their combat knife replaced with 1 bolt carbine and 1 close combat weapon.
2718|Reiver Squad|2|If the Reiver Sergeant is equipped with 1 bolt carbine, it can be equipped with 1 combat knife.
2718|Reiver Squad|3|All models in this unit can each be equipped with 1 Reiver grav-chute.
2718|Reiver Squad|4|All models in this unit can each be equipped with 1 grapnel launcher.
2719|Relic Contemptor Dreadnought|1|Each of this model’s heavy plasma cannons can be replaced with one of the following: • 1 conversion beam cannon • 1 kheres-pattern assault cannon • 1 multi-melta • 1 twin autocannon • 1 twin heavy bolter • 1 twin lascannon • 1 twin volkite culverin • 1 Dreadnought chainfist and 1 combi-bolter • 1 Dreadnought combat weapon and 1 combi-bolter
2719|Relic Contemptor Dreadnought|2|Each of this model’s combi-bolters can be replaced with one of the following: • 1 graviton blaster • 1 heavy flamer • 1 plasma blaster
2719|Relic Contemptor Dreadnought|3|This model can be equipped with 1 cyclone missile launcher.
2720|Relic Razorback|1|This model’s twin heavy bolter can be replaced with one of the following: • 1 multi-melta • 1 twin assault cannon • 1 twin lascannon
2720|Relic Razorback|2|This model can be equipped with 1 hunter-killer missile.
2720|Relic Razorback|3|This model can be equipped with 1 storm bolter.
2721|Repulsor|1|This model’s twin heavy bolter can be replaced with 1 twin lascannon.
2721|Repulsor|2|This model’s heavy onslaught gatling cannon can be replaced with 1 las-talon.
2722|Repulsor Executioner|1|This model’s macro plasma incinerator can be replaced with 1 heavy laser destroyer.
2722|Repulsor Executioner|2|This model can be equipped with 1 ironhail heavy stubber.
2722|Repulsor Executioner|3|This model can be equipped with 1 Icarus rocket pod.
2723|Rhino|1|This model can be equipped with 1 hunter-killer missile.
2724|Thunderhawk Transporter|1|None
2725|Tyrannic War Veterans|1|None
2727|Whirlwind|1|This model can be equipped with 1 hunter-killer missile.
2727|Whirlwind|2|This model can be equipped with 1 storm bolter.
2728|Whirlwind Scorpius|1|This model can be equipped with 1 hunter-killer missile.
2728|Whirlwind Scorpius|2|This model can be equipped with 1 storm bolter.
2729|Xiphon Interceptor|1|None
2731|Renegade Enforcer|1|This model’s Enforcer pistol can be replaced with one of the following: • 1 autogun • 1 lasgun • 1 shotgun
2731|Renegade Enforcer|2|This model’s Enforcer melee weapon can be replaced with one of the following: • 1 power fist • 1 power weapon
2732|Renegade Heavy Weapons Squad|1|Any numbers of models’ heavy stubbers can each be replaced with one of the following: • 1 autocannon • 1 heavy bolter • 1 lascannon • 1 missile launcher • 1 mortar
2733|Renegade Ogryn Beast Handler|1|None
2734|Renegade Ogryn Brutes|1|One model’s Ogryn weapon can be replaced with 1 Ogryn power drill.
2735|Renegade Plague Ogryns|1|None
2737|Death Company Marines With Jump Packs|1|For every 5 models in this unit, 1 model’s heavy bolt pistol can be replaced with 1 plasma pistol.
2737|Death Company Marines With Jump Packs|2|For every 5 models in this unit, 1 model’s Astartes chainsword can be replaced with 1 eviscerator.
2737|Death Company Marines With Jump Packs|3|1 model’s Astartes chainsword can be replaced with one of the following: • 1 power fist • 1 power weapon
2737|Death Company Marines With Jump Packs|4|For every 5 models in this unit, 1 model’s heavy bolt pistol and Astartes chainsword can be replaced with one of the following: • 1 hand flamer and 1 Astartes chainsword • 1 hand flamer and 1 power fist • 1 hand flamer and 1 power weapon • 1 heavy bolt pistol and 1 power fist • 1 heavy bolt pistol and 1 power weapon • 1 inferno pistol and 1 Astartes chainsword • 1 inferno pistol and 1 power fist • 1 inferno pistol and 1 power weapon • 1 plasma pistol and 1 Astartes chainsword • 1 plasma pistol and 1 power fist • 1 plasma pistol and 1 power weapon
2738|Sanguinary Priest With Jump Pack|1|None
2739|Earthshaker Platform|1|None
2740|Elysian Drop Sentinel|1|This model can be equipped with 1 hunter-killer missile.
2740|Elysian Drop Sentinel|2|This model can be equipped with one of the following: • 1 heavy flamer • 1 multi-melta
2741|Leman Russ Eradicator|1|This model’s lascannon can be replaced with one of the following: • 1 heavy bolter • 1 heavy flamer
2741|Leman Russ Eradicator|2|This model can be equipped with one of the following: • 2 heavy bolters • 2 heavy flamers • 2 multi-meltas • 2 plasma cannons
2741|Leman Russ Eradicator|3|This model can be equipped with one of the following: • 1 heavy stubber • 1 storm bolter
2741|Leman Russ Eradicator|4|This model can be equipped with 1 hunter-killer missile.
2742|Leman Russ Executioner|1|This model’s lascannon can be replaced with one of the following: • 1 heavy bolter • 1 heavy flamer
2742|Leman Russ Executioner|2|This model can be equipped with one of the following: • 2 heavy bolters • 2 heavy flamers • 2 multi-meltas • 2 plasma cannons
2742|Leman Russ Executioner|3|This model can be equipped with one of the following: • 1 heavy stubber • 1 storm bolter
2742|Leman Russ Executioner|4|This model can be equipped with 1 hunter-killer missile.
2743|Leman Russ Exterminator|1|This model’s lascannon can be replaced with one of the following: • 1 heavy bolter • 1 heavy flamer
2743|Leman Russ Exterminator|2|This model can be equipped with one of the following: • 2 heavy bolters • 2 heavy flamers • 2 multi-meltas • 2 plasma cannons
2743|Leman Russ Exterminator|3|This model can be equipped with one of the following: • 1 heavy stubber • 1 storm bolter
2743|Leman Russ Exterminator|4|This model can be equipped with 1 hunter-killer missile.
2744|Leman Russ Punisher|1|This model’s lascannon can be replaced with one of the following: • 1 heavy bolter • 1 heavy flamer
2744|Leman Russ Punisher|2|This model can be equipped with one of the following: • 2 heavy bolters • 2 heavy flamers • 2 multi-meltas • 2 plasma cannons
2744|Leman Russ Punisher|3|This model can be equipped with one of the following: • 1 heavy stubber • 1 storm bolter
2744|Leman Russ Punisher|4|This model can be equipped with 1 hunter-killer missile.
2745|Leman Russ Vanquisher|1|This model’s lascannon can be replaced with one of the following: • 1 heavy bolter • 1 heavy flamer
2745|Leman Russ Vanquisher|2|This model can be equipped with one of the following: • 2 heavy bolters • 2 heavy flamers • 2 multi-meltas • 2 plasma cannons
2745|Leman Russ Vanquisher|3|This model can be equipped with one of the following: • 1 heavy stubber • 1 storm bolter
2745|Leman Russ Vanquisher|4|This model can be equipped with 1 hunter-killer missile.
2746|Tempestus Scions|1|For every 5 models in this unit, up to two Tempestus Scions can each have their hot-shot lasgun replaced with one of the following*: • 1 flamer • 1 grenade launcher • 1 hot-shot volley gun • 1 meltagun • 1 plasma gun
2746|Tempestus Scions|2|1 Tempestus Scion’s hot-shot lasgun can be replaced with 1 hot-shot laspistol and 1 vox-caster.
2746|Tempestus Scions|3|The Tempestor’s chainsword can be replaced with one of the following: • 1 power fist • 1 power weapon
2746|Tempestus Scions|4|The Tempestor’s hot-shot laspistol can be replaced with one of the following: • 1 bolt pistol • 1 plasma pistol
2746|Tempestus Scions|5|* You cannot select the same weapon from this list more than once per unit, unless this unit contains 10 models, in which case you cannot select the same weapon more than twice per unit.
2748|Ravenwing Command Squad|1|For every 3 models in this unit, 1 model’s plasma talon can be replaced with 1 Astartes grenade launcher.
2755|Exalted Sorcerer on Disc of Tzeentch|1|This model can be equipped with 1 Prosperine khopesh.
2758|Daemon Prince Of Chaos With Wings|1|None
2759|Autarch Wayleaper|1|This model’s shuriken pistol can be replaced with one of the following: • 1 death spinner • 1 Dragon fusion gun • 1 Dragon fusion pistol • 1 Reaper launcher
2759|Autarch Wayleaper|2|This model’s star glaive can be replaced with one of the following: • 1 Banshee blade • 1 Scorpion chainsword
2760|Inquisitor In Terminator Armour|1|This model’s storm bolter can be replaced with 1 combi-weapon.
2760|Inquisitor In Terminator Armour|2|This model’s blessed wardings can be replaced with 1 psychic gifts and 1 psychic shock wave.
2760|Inquisitor In Terminator Armour|3|If this model is equipped with 1 psychic gifts, its Inquisitorial melee weapon can be replaced with 1 force weapon.
2760|Inquisitor In Terminator Armour|4|If this model is equipped with 1 psychic gifts, its storm bolter can be replaced with 1 psycannon.
2761|Damned Legionnaires|1|The Legionnaire Sergeant’s boltgun can be replaced with one of the following: • 1 bolt pistol and 1 power weapon • 1 plasma pistol and 1 power weapon • 1 bolt pistol and 1 Astartes chainsword • 1 plasma pistol and 1 Astartes chainsword
2761|Damned Legionnaires|2|One Legionnaire’s boltgun can be replaced with one of the following: • 1 heavy flamer • 1 multi-melta
2761|Damned Legionnaires|3|One Legionnaire’s boltgun can be replaced with one of the following: • 1 flamer • 1 meltagun • 1 plasma gun
2763|Janus Draik|1|None
2764|Neyam Shai Murad|1|None
2766|UR-025|1|None
2767|Inquisitorial Agents|1|For every 5 Inquisitorial Agents in this unit, it can be equipped with 1 Tome-skull.
2767|Inquisitorial Agents|2|For every 5 Inquisitorial Agents in this unit, 1 Inquisitorial Agent can be equipped with 1 plasma pistol.**
2767|Inquisitorial Agents|3|For every 5 Inquisitorial Agents in this unit, 1 Inquisitorial Agent can be equipped with 1 eviscerator.**
2767|Inquisitorial Agents|4|For every 5 Inquisitorial Agents in this unit, 1 Inquisitorial Agent can be equipped with 1 mystic stave.**
2767|Inquisitorial Agents|5|Any number of Gun Servitors can each have their heavy bolter replaced with one of the following: • 1 multi-melta • 1 plasma cannon
2767|Inquisitorial Agents|6|**The some model cannot be equipped with more than one of these wargear options.
2768|Grey Knights Relic Razorback|1|This model can be equipped with 1 hunter-killer missile.
2768|Grey Knights Relic Razorback|2|This model can be equipped with 1 storm bolter.
2768|Grey Knights Relic Razorback|3|This model’s twin heavy bolter can be replaced with one of the following: • 1 multi-melta • 1 twin assault cannon • 1 twin lascannon • 1 twin psycannon
2769|Armiger Moirax|1|This model’s volkite veuglaire can be replaced with one of the following: • 1 siege claw and 1 rad cleanser • 1 graviton pulsar • 1 lightning lock • 1 conversion beam cannon
2769|Armiger Moirax|2|This model’s graviton pulsar can be replaced with one of the following; • 1 siege claw and 1 rad cleanser • 1 lightning lock • 1 conversion beam cannon • 1 volkite veuglaire
2775|Ancient|1|This model’s bolt rifle and close combat weapon can be replaced with 1 power weapon.
2776|Assault Intercessors With Jump Packs|1|For every 5 models in this unit, 1 Assault Intercessor with Jump Pack’s heavy bolt pistol can be replaced with 1 plasma pistol.
2776|Assault Intercessors With Jump Packs|2|The Assault Intercessor Sergeant with Jump Pack’s Astartes chainsword can be replaced with one of the following: • 1 power weapon • 1 power fist
2776|Assault Intercessors With Jump Packs|3|The Assault Intercessor Sergeant with Jump Pack’s heavy bolt pistol can be replaced with one of the following: • 1 hand flamer • 1 plasma pistol
2779|Spectrus Kill Team|1|One model equipped with a Deathwatch marksman bolt carbine can be equipped with one of the following: • 1 helix gauntlet • 1 Infiltrator comms array
2779|Spectrus Kill Team|2|One model can replace its bolt sniper rifle with 1 instigator bolt carbine.
2779|Spectrus Kill Team|3|Any number of models can each replace their bolt sniper rifle with 1 las fusil.
2779|Spectrus Kill Team|4|Any number of models can each replace their combat knife with 1 Deathwatch bolt carbine and 1 close combat weapon.
2780|Fortis Kill Team|1|The Kill Team Sergeant can replace its Deathwatch bolt rifle with one of the following: • 1 Astartes chainsword • 1 hand flamer • 1 plasma pistol • 1 power weapon
2780|Fortis Kill Team|2|The Kill Team Sergeant can replace its close combat weapon with one of the following: • 1 Astartes chainsword • 1 power fist • 1 power weapon • 1 thunder hammer
2780|Fortis Kill Team|3|For every 5 models in this unit, 1 model equipped with a Deathwatch bolt rifle can be equipped with 1 Astartes grenade launcher.
2780|Fortis Kill Team|4|One model equipped with a plasma incinerator can replace its bolt pistol with 1 plasma pistol.
2780|Fortis Kill Team|5|1 model can replace its superfrag rocket launcher with 1 vengor launcher.
2780|Fortis Kill Team|6|Any number of models can each replace their superfrag rocket launcher with 1 superkrak rocket launcher.
2781|Indomitor Kill Team|1|For every 5 models in this unit, 1 model can replace its Deathwatch heavy bolt rifle with 1 Deathwatch heavy bolter.
2781|Indomitor Kill Team|2|1 model can replace its melta rifle with 1 multi-melta.
2781|Indomitor Kill Team|3|Any number of models can each have their flamestorm gauntlets replaced with 1 auto boltstorm gauntlets and 1 fragstorm grenade launcher.
2783|Deathwatch Veterans|1|For every 5 models in this unit, up to 2 models can each have their boltgun and power weapon replaced with one of the following: • 1 boltgun, 1 Astartes shield and 1 close combat weapon • 1 power weapon and 1 Astartes shield
2783|Deathwatch Veterans|2|For every 5 models in this unit, up to 2 models can each have their boltgun and power weapon replaced with 1 Deathwatch thunder hammer.
2783|Deathwatch Veterans|3|For every 5 models in this unit, 1 model can have its boltgun and power weapon replaced with 1 stalker-pattern boltgun and 1 close combat weapon.
2783|Deathwatch Veterans|4|For every 5 models in this unit, up to 2 models can each have their boltgun and power weapon replaced with 1 Deathwatch shotgun and 1 close combat weapon.
2783|Deathwatch Veterans|5|For every 5 models in this unit, 1 model can have its boltgun and power weapon replaced with 1 frag cannon and 1 close combat weapon.
2783|Deathwatch Veterans|6|For every 5 models in this unit, 1 model can have its boltgun and power weapon replaced with 1 infernus heavy bolter and 1 close combat weapon.
2783|Deathwatch Veterans|7|1 model’s boltgun and power weapon can be replaced with 1 Black Shield blades.
2783|Deathwatch Veterans|8|The Watch Sergeant’s power weapon can be replaced with 1 xenophase blade.
2783|Deathwatch Veterans|9|The Watch Sergeant’s boltgun can be replaced with 1 combi-weapon.
2786|Impulsor|1|This model can be equipped with one of the following: • 1 ironhail heavy stubber • 1 multi-melta
2786|Impulsor|2|This model’s 2 storm bolters can be replaced with 2 fragstorm grenade launchers.
2786|Impulsor|3|This model can be equipped with one of the following: • 1 bellicatus missile array • 1 ironhail skytalon array • 1 orbital comms array • 1 shield dome
2787|Gladiator Lancer|1|This model’s 2 storm bolters can be replaced with 2 fragstorm grenade launchers.
2787|Gladiator Lancer|2|This model can be equipped with one of the following: • 1 ironhail heavy stubber • 1 multi-melta
2787|Gladiator Lancer|3|This model can be equipped with 1 Icarus rocket pod.
2788|Gladiator Valiant|1|This model can be equipped with one of the following: • 1 ironhail heavy stubber • 1 multi-melta
2788|Gladiator Valiant|2|This model can be equipped with 1 Icarus rocket pod.
2789|Gladiator Reaper|1|This model can be equipped with one of the following: • 1 ironhail heavy stubber • 1 multi-melta
2789|Gladiator Reaper|2|This model can be equipped with 1 Icarus rocket pod.
2790|Repulsor Executioner|1|This model’s macro plasma incinerator can be replaced with 1 heavy laser destroyer.
2790|Repulsor Executioner|2|This model can be equipped with one of the following: • 1 ironhail heavy stubber • 1 multi-melta
2790|Repulsor Executioner|3|This model can be equipped with 1 Icarus rocket pod.
2791|Repulsor|1|This model’s twin heavy bolter can be replaced with 1 twin lascannon.
2791|Repulsor|2|This model’s heavy onslaught gatling cannon can be replaced with 1 las-talon.
2791|Repulsor|3|This model can be equipped with 1 multi-melta.
2793|Castellan|1|This model’s combi-weapon can be replaced with 1 heavy bolt pistol.
2793|Castellan|2|This model’s master-crafted power weapon can be replaced with 1 Astartes chainsword.
2794|High Marshal Helbrecht|1|None
2796|Marshal|1|This model’s plasma pistol can be replaced with one combi-weapon.
2798|Sword Brethren Squad|1|Any number of Sword Brothers can each have their Astartes chainsword replaced with 1 master-crafted power weapon.
2798|Sword Brethren Squad|2|For every 5 models in this unit, 1 Sword Brother’s Astartes chainsword can be replaced with 1 thunder hammer.
2798|Sword Brethren Squad|3|For every 5 models in this unit, 1 Sword Brother’s heavy bolt pistol can be replaced with 1 plasma pistol.
2798|Sword Brethren Squad|4|For every 5 models in this unit, up to 2 Sword Brothers can each have their heavy bolt pistol replaced with 1 pyre pistol.
2798|Sword Brethren Squad|5|For every 5 models in this unit, 1 Sword Brother’s heavy bolt pistol and Astartes chainsword can be replaced with 1 twin lightning claws.
2799|Crusader Squad|1|The Sword Brother’s heavy bolt pistol can be replaced with 1 pyre pistol.
2799|Crusader Squad|2|Any number of Neophytes can each have their bolt pistol and Astartes chainsword replaced with 1 Neophyte firearm and 1 close combat weapon.
2799|Crusader Squad|3|Any number of Initiates can each have their bolt rifle replaced with 1 heavy bolt pistol and 1 Astartes chainsword.
2799|Crusader Squad|4|For every 10 models in this unit, up to 2 Initiates can each have their bolt rifle replaced with one of the following: • 1 heavy bolt pistol and 1 power fist • 1 pyreblaster
2801|Venerable Dreadnought|1|This model’s assault cannon can be replaced with one of the following: • 1 helfrost cannon • 1 multi-melta
2801|Venerable Dreadnought|2|This model’s storm bolter can be replaced with 1 heavy flamer.
2801|Venerable Dreadnought|3|This model’s assault cannon, storm bolter and Dreadnought combat weapon can be replaced with one of the following: • 1 Fenrisian greataxe, 1 blizzard shield and 1 storm bolter • 1 Fenrisian greataxe, 1 blizzard shield and 1 heavy flamer
2802|Wolf Guard Pack Leader With Jump Pack|1|This model’s bolt pistol and Astartes chainsword can be replaced with 1 twin lightning claws.
2802|Wolf Guard Pack Leader With Jump Pack|2|This model’s bolt pistol and Astartes chainsword can be replaced with two different weapons from the following list:* • 1 bolt pistol • 1 combi-weapon • 1 plasma pistol • 1 storm bolter • 1 Astartes chainsword • 1 power fist • 1 power weapon • 1 thunder hammer • 1 storm shield
2802|Wolf Guard Pack Leader With Jump Pack|3|* This model can only be equipped with two ranged weapons if one of them is a Pistol (and it can only have one Pistol).
2803|Wolf Guard Pack Leader In Terminator Armour|1|This model’s storm bolter and power weapon can be replaced with 1 twin lightning claws.
2803|Wolf Guard Pack Leader In Terminator Armour|2|This model’s storm bolter and power weapon can be replaced with two different options from the following list:* • 1 assault cannon • 1 heavy flamer • 1 cyclone missile launcher and 1 storm bolter • 1 storm bolter • 1 chainfist • 1 power fist • 1 thunder hammer • 1 storm shield
2803|Wolf Guard Pack Leader In Terminator Armour|3|This model’s storm bolter can be replaced with 1 combi-weapon.
2803|Wolf Guard Pack Leader In Terminator Armour|4|* This model can only be equipped with two ranged weapons if one of them is a cyclone missile launcher and the other is either a storm bolter or a combi-weapon.
2804|Wolf Guard Pack Leader|1|This model’s bolt pistol and boltgun can be replaced with 1 twin lightning claws.
2804|Wolf Guard Pack Leader|2|This model’s bolt pistol and boltgun can be replaced with two different weapons from the following list:* • 1 bolt pistol • 1 boltgun • 1 combi-weapon • 1 plasma pistol • 1 storm bolter • 1 Astartes chainsword • 1 power fist • 1 power weapon • 1 thunder hammer • 1 storm shield
2804|Wolf Guard Pack Leader|3|* This model can only be equipped with two ranged weapons if one of them is a Pistol (and it can only have one Pistol).
2805|Cyberwolf|1|None
2806|Hounds Of Morkai|1|None
3582|Khorne Berzerkers|1|The Khorne Berzerker Champion’s bolt pistol can be replaced with 1 plasma pistol.
3582|Khorne Berzerkers|2|For every 5 models in this unit, 1 Khorne Berzerker’s bolt pistol can be replaced with 1 plasma pistol.
3582|Khorne Berzerkers|3|For every 5 models in this unit, 1 Khorne Berzerker’s chainblade can be replaced with 1 Khornate eviscerator.
3582|Khorne Berzerkers|4|1 model can be equipped with 1 icon of Khorne.
3583|Rubric Marines|1|The Aspiring Sorcerer’s inferno bolt pistol can be replaced with 1 warpflame pistol.
3583|Rubric Marines|2|1 Rubric Marine’s inferno boltgun can be replaced with 1 soulreaper cannon.
3583|Rubric Marines|3|Any number of Rubric Marines can each have their inferno boltgun replaced with 1 warpflamer.
3583|Rubric Marines|4|1 Rubric Marine can be equipped with 1 icon of flame.
3584|Plague Marines|1|The Plague Champion’s boltgun can be replaced with one of the following: • 1 bolt pistol • 1 plasma gun • 1 plasma pistol
3584|Plague Marines|2|The Plague Champion’s plague knives can be replaced with one of the following: • 1 bubotic weapons • 1 power fist
3584|Plague Marines|3|For every 5 models in this unit, 1 Plague Marine’s boltgun can be replaced with 1 blight launcher.
3584|Plague Marines|4|For every 5 models in this unit, 1 Plague Marine’s boltgun can be replaced with 1 plague spewer.
3584|Plague Marines|5|For every 5 models in this unit, 1 Plague Marine’s boltgun can be replaced with one of the following: • 1 meltagun • 1 plague belcher • 1 plasma gun
3584|Plague Marines|6|For every 5 models in this unit, up to 2 Plague Marines can each have their boltgun replaced with 1 bubotic weapons.
3584|Plague Marines|7|For every 5 models in this unit, up to 2 Plague Marines can each have their boltgun replaced with 1 heavy plague weapon.
3584|Plague Marines|8|One Plague Marine equipped with a boltgun can be equipped with 1 icon of despair. This model’s boltgun cannot be replaced.
3585|Chaos Thunderhawk|1|This model’s Thunderhawk heavy cannon can be replaced with 1 turbo-laser destructor.
3585|Chaos Thunderhawk|2|This model’s Thunderhawk cluster bombs can be replaced with 1 hellstrike missile battery
3586|Greater Blight Drone|1|None
3587|Blood Slaughterer|1|This model’s impaler harpoon and slaughter blade can be replaced with 1 twin slaughter blade.
3588|Chaos Thunderhawk|1|This model’s Thunderhawk heavy cannon can be replaced with 1 turbo-laser destructor.
3588|Chaos Thunderhawk|2|This model’s Thunderhawk cluster bombs can be replaced with 1 hellstrike missile battery
3589|Greater Brass Scorpion|1|None
3590|Kytan Ravager|1|None
3591|Chaos Thunderhawk|1|This model’s Thunderhawk heavy cannon can be replaced with 1 turbo-laser destructor.
3591|Chaos Thunderhawk|2|This model’s Thunderhawk cluster bombs can be replaced with 1 hellstrike missile battery
3592|Chaos Lord On Palanquin Of Nurgle|1|This model’s bolt pistol can be replaced with one of the following: • 1 plasma pistol • 1 combi-bolter • 1 combi-weapon • 1 accursed weapon • 1 power fist
3592|Chaos Lord On Palanquin Of Nurgle|2|This model’s Astartes chainsword can be replaced with one of the following: • 1 bolt pistol • 1 plasma pistol • 1 accursed weapon • 1 power fist
3592|Chaos Lord On Palanquin Of Nurgle|3|This model’s bolt pistol and Astartes chainsword can be replaced with 1 paired accursed weapons.
3593|Gellerpox Infected|1|None
3594|Hell Blade|1|This model’s 2 twin autocannons can be replaced with 2 twin lascannons.
3595|Hell Talon|1|This model’s autocannon can be replaced with 1 havoc launcher.
3596|Mutoid Vermin|1|None
3597|Chaos Lord On Disc Of Tzeentch|1|This model’s bolt pistol can be replaced with one of the following: • 1 plasma pistol • 1 combi-bolter • 1 combi-weapon • 1 accursed weapon • 1 power fist
3597|Chaos Lord On Disc Of Tzeentch|2|This model’s Astartes chainsword can be replaced with one of the following: • 1 bolt pistol • 1 plasma pistol • 1 accursed weapon • 1 power fist
3597|Chaos Lord On Disc Of Tzeentch|3|This model’s bolt pistol and Astartes chainsword can be replaced with 1 paired accursed weapons.
3598|Hell Blade|1|This model’s 2 twin autocannons can be replaced with 2 twin lascannons.
3599|Hell Talon|1|This model’s autocannon can be replaced with 1 havoc launcher.
3600|Sorcerer On Palanquin Of Nurgle|1|This model’s bolt pistol can be replaced with one of the following: • 1 plasma pistol • 1 combi-bolter • 1 combi-weapon • 1 accursed weapon • 1 Astartes chainsword • 1 power fist
3601|Hell Blade|1|This model’s 2 twin autocannons can be replaced with 2 twin lascannons.
3602|Hell Talon|1|This model’s autocannon can be replaced with 1 havoc launcher.
3603|Terrax-pattern Termite|1|This model’s 2 combi-bolters can be replaced with one of the following • 2 heavy flamers • 2 twin volkite chargers
3604|Terrax-pattern Termite|1|This model’s 2 combi-bolters can be replaced with one of the following • 2 heavy flamers • 2 twin volkite chargers
3605|Terrax-pattern Termite|1|This model’s 2 combi-bolters can be replaced with one of the following • 2 heavy flamers • 2 twin volkite chargers
3606|Terrax-pattern Termite|1|This model’s 2 combi-bolters can be replaced with one of the following • 2 heavy flamers • 2 twin volkite chargers
3607|Land Raider Achilles|1|This model’s 2 twin volkite culverins can be replaced with 2 twin multi-melta
3607|Land Raider Achilles|2|This model can be equipped with 1 hunter-killer missile.
3607|Land Raider Achilles|3|This model can be equipped with 1 storm bolter.
3608|Land Raider Achilles|1|This model’s 2 twin volkite culverins can be replaced with 2 twin multi-melta
3608|Land Raider Achilles|2|This model can be equipped with 1 hunter-killer missile.
3608|Land Raider Achilles|3|This model can be equipped with 1 storm bolter.
3609|Land Raider Achilles|1|This model’s 2 twin volkite culverins can be replaced with 2 twin multi-melta
3609|Land Raider Achilles|2|This model can be equipped with 1 hunter-killer missile.
3609|Land Raider Achilles|3|This model can be equipped with 1 storm bolter.
3610|Land Raider Achilles|1|This model’s 2 twin volkite culverins can be replaced with 2 twin multi-melta
3610|Land Raider Achilles|2|This model can be equipped with 1 hunter-killer missile.
3610|Land Raider Achilles|3|This model can be equipped with 1 storm bolter.
3611|Land Raider Proteus|1|This model can be equipped with one of the following: • 1 heavy bolter • 1 multi-melta • 1 twin heavy bolter • 1 twin heavy flamer
3611|Land Raider Proteus|2|This model can be equipped with 1 hunter-killer missile.
3611|Land Raider Proteus|3|This model can be equipped with 1 storm bolter.
3611|Land Raider Proteus|4|This model can be equipped with 1 explorator augury web.
3612|Land Raider Proteus|1|This model can be equipped with one of the following: • 1 heavy bolter • 1 multi-melta • 1 twin heavy bolter • 1 twin heavy flamer
3612|Land Raider Proteus|2|This model can be equipped with 1 hunter-killer missile.
3612|Land Raider Proteus|3|This model can be equipped with 1 storm bolter.
3612|Land Raider Proteus|4|This model can be equipped with 1 explorator augury web.
3613|Land Raider Proteus|1|This model can be equipped with one of the following: • 1 heavy bolter • 1 multi-melta • 1 twin heavy bolter • 1 twin heavy flamer
3613|Land Raider Proteus|2|This model can be equipped with 1 hunter-killer missile.
3613|Land Raider Proteus|3|This model can be equipped with 1 storm bolter.
3613|Land Raider Proteus|4|This model can be equipped with 1 explorator augury web.
3614|Land Raider Proteus|1|This model can be equipped with one of the following: • 1 heavy bolter • 1 multi-melta • 1 twin heavy bolter • 1 twin heavy flamer
3614|Land Raider Proteus|2|This model can be equipped with 1 hunter-killer missile.
3614|Land Raider Proteus|3|This model can be equipped with 1 storm bolter.
3614|Land Raider Proteus|4|This model can be equipped with 1 explorator augury web.
3615|Fire Raptor Gunship|1|This model’s 2 twin hellstrike missile launchers can be replaced with 2 twin lascannons
3615|Fire Raptor Gunship|2|This model’s 2 twin autocannons can be replaced with 2 quad heavy bolters.
3616|Fire Raptor Gunship|1|This model’s 2 twin hellstrike missile launchers can be replaced with 2 twin lascannons
3616|Fire Raptor Gunship|2|This model’s 2 twin autocannons can be replaced with 2 quad heavy bolters.
3617|Fire Raptor Gunship|1|This model’s 2 twin hellstrike missile launchers can be replaced with 2 twin lascannons
3617|Fire Raptor Gunship|2|This model’s 2 twin autocannons can be replaced with 2 quad heavy bolters.
3618|Fire Raptor Gunship|1|This model’s 2 twin hellstrike missile launchers can be replaced with 2 twin lascannons
3618|Fire Raptor Gunship|2|This model’s 2 twin autocannons can be replaced with 2 quad heavy bolters.
3619|Spartan|1|This model’s 2 quad lascannons can be replaced with 2 laser destroyers.
3619|Spartan|2|This model’s twin heavy bolter can be replaced with 1 twin heavy flamer
3619|Spartan|3|This model can be equipped with one of the following: • 1 heavy bolter • 1 heavy flamer • 1 multi-melta • 1 storm bolter
3620|Spartan|1|This model’s 2 quad lascannons can be replaced with 2 laser destroyers.
3620|Spartan|2|This model’s twin heavy bolter can be replaced with 1 twin heavy flamer
3620|Spartan|3|This model can be equipped with one of the following: • 1 heavy bolter • 1 heavy flamer • 1 multi-melta • 1 storm bolter
3621|Spartan|1|This model’s 2 quad lascannons can be replaced with 2 laser destroyers.
3621|Spartan|2|This model’s twin heavy bolter can be replaced with 1 twin heavy flamer
3621|Spartan|3|This model can be equipped with one of the following: • 1 heavy bolter • 1 heavy flamer • 1 multi-melta • 1 storm bolter
3622|Spartan|1|This model’s 2 quad lascannons can be replaced with 2 laser destroyers.
3622|Spartan|2|This model’s twin heavy bolter can be replaced with 1 twin heavy flamer
3622|Spartan|3|This model can be equipped with one of the following: • 1 heavy bolter • 1 heavy flamer • 1 multi-melta • 1 storm bolter
3623|Deredeo Dreadnought|1|This model’s anvilus autocannon battery can be replaced with one of the following • 1 arachnus heavy lascannon battery • 1 hellfire plasma carronade • 1 volkite falconet battery
3623|Deredeo Dreadnought|2|This model’s twin heavy bolter can be replaced with 1 twin heavy flamer.
3623|Deredeo Dreadnought|3|This model can be equipped with one of the following: • 1 aiolos missile launcher • 1 boreas air defence missiles
3624|Deredeo Dreadnought|1|This model’s anvilus autocannon battery can be replaced with one of the following • 1 arachnus heavy lascannon battery • 1 hellfire plasma carronade • 1 volkite falconet battery
3624|Deredeo Dreadnought|2|This model’s twin heavy bolter can be replaced with 1 twin heavy flamer.
3624|Deredeo Dreadnought|3|This model can be equipped with one of the following: • 1 aiolos missile launcher • 1 boreas air defence missiles
3625|Deredeo Dreadnought|1|This model’s anvilus autocannon battery can be replaced with one of the following • 1 arachnus heavy lascannon battery • 1 hellfire plasma carronade • 1 volkite falconet battery
3625|Deredeo Dreadnought|2|This model’s twin heavy bolter can be replaced with 1 twin heavy flamer.
3625|Deredeo Dreadnought|3|This model can be equipped with one of the following: • 1 aiolos missile launcher • 1 boreas air defence missiles
3626|Deredeo Dreadnought|1|This model’s anvilus autocannon battery can be replaced with one of the following • 1 arachnus heavy lascannon battery • 1 hellfire plasma carronade • 1 volkite falconet battery
3626|Deredeo Dreadnought|2|This model’s twin heavy bolter can be replaced with 1 twin heavy flamer.
3626|Deredeo Dreadnought|3|This model can be equipped with one of the following: • 1 aiolos missile launcher • 1 boreas air defence missiles
3627|Cerberus|1|This model can be equipped with one of the following: • 2 heavy bolters • 2 lascannons
3627|Cerberus|2|This model can be equipped with one of the following: • 1 heavy bolter • 1 heavy flamer • 1 multi-melta • 1 storm bolter
3628|Cerberus|1|This model can be equipped with one of the following: • 2 heavy bolters • 2 lascannons
3628|Cerberus|2|This model can be equipped with one of the following: • 1 heavy bolter • 1 heavy flamer • 1 multi-melta • 1 storm bolter
3629|Cerberus|1|This model can be equipped with one of the following: • 2 heavy bolters • 2 lascannons
3629|Cerberus|2|This model can be equipped with one of the following: • 1 heavy bolter • 1 heavy flamer • 1 multi-melta • 1 storm bolter
3630|Cerberus|1|This model can be equipped with one of the following: • 2 heavy bolters • 2 lascannons
3630|Cerberus|2|This model can be equipped with one of the following: • 1 heavy bolter • 1 heavy flamer • 1 multi-melta • 1 storm bolter
3631|Kratos|1|This model’s Kratos battle cannon can be replaced with one of the following: • 1 melta blast-gun • 1 volkite cardanelle
3631|Kratos|2|2 of this model’s heavy bolters can be replaced with one of the following: • 2 autocannons • 2 lascannons • 2 volkite calivers
3631|Kratos|3|2 of this model’s heavy bolters can be replaced with one of the following: • 2 heavy flamers • 2 lascannons • 2 volkite culverins
3631|Kratos|4|This model can be equipped with one of the following: • 1 combi-weapon • 1 havoc launcher • 1 heavy bolter • 1 heavy flamer • 1 multi-melta • 1 twin boltgun
3631|Kratos|5|This model can be equipped with 1 hunter killer missile
3632|Kratos|1|This model’s Kratos battle cannon can be replaced with one of the following: • 1 melta blast-gun • 1 volkite cardanelle
3632|Kratos|2|2 of this model’s heavy bolters can be replaced with one of the following: • 2 autocannons • 2 lascannons • 2 volkite calivers
3632|Kratos|3|2 of this model’s heavy bolters can be replaced with one of the following: • 2 heavy flamers • 2 lascannons • 2 volkite culverins
3632|Kratos|4|This model can be equipped with one of the following: • 1 combi-weapon • 1 havoc launcher • 1 heavy bolter • 1 heavy flamer • 1 multi-melta • 1 twin boltgun
3632|Kratos|5|This model can be equipped with 1 hunter killer missile
3633|Kratos|1|This model’s Kratos battle cannon can be replaced with one of the following: • 1 melta blast-gun • 1 volkite cardanelle
3633|Kratos|2|2 of this model’s heavy bolters can be replaced with one of the following: • 2 autocannons • 2 lascannons • 2 volkite calivers
3633|Kratos|3|2 of this model’s heavy bolters can be replaced with one of the following: • 2 heavy flamers • 2 lascannons • 2 volkite culverins
3633|Kratos|4|This model can be equipped with one of the following: • 1 combi-weapon • 1 havoc launcher • 1 heavy bolter • 1 heavy flamer • 1 multi-melta • 1 twin boltgun
3633|Kratos|5|This model can be equipped with 1 hunter killer missile
3634|Kratos|1|This model’s Kratos battle cannon can be replaced with one of the following: • 1 melta blast-gun • 1 volkite cardanelle
3634|Kratos|2|2 of this model’s heavy bolters can be replaced with one of the following: • 2 autocannons • 2 lascannons • 2 volkite calivers
3634|Kratos|3|2 of this model’s heavy bolters can be replaced with one of the following: • 2 heavy flamers • 2 lascannons • 2 volkite culverins
3634|Kratos|4|This model can be equipped with one of the following: • 1 combi-weapon • 1 havoc launcher • 1 heavy bolter • 1 heavy flamer • 1 multi-melta • 1 twin boltgun
3634|Kratos|5|This model can be equipped with 1 hunter killer missile
3635|Sokar-pattern Stormbird|1|None
3636|Sokar-pattern Stormbird|1|None
3637|Sokar-pattern Stormbird|1|None
3638|Sokar-pattern Stormbird|1|None
3639|Sicaran Battle Tank|1|This model can be equipped with one of the following: • 2 heavy bolters • 2 lascannons
3639|Sicaran Battle Tank|2|This model can be equipped with 1 hunter-killer missile.
3639|Sicaran Battle Tank|3|This model can be equipped with 1 storm bolter.
3640|Sicaran Battle Tank|1|This model can be equipped with one of the following: • 2 heavy bolters • 2 lascannons
3640|Sicaran Battle Tank|2|This model can be equipped with 1 hunter-killer missile.
3640|Sicaran Battle Tank|3|This model can be equipped with 1 storm bolter.
3641|Sicaran Battle Tank|1|This model can be equipped with one of the following: • 2 heavy bolters • 2 lascannons
3641|Sicaran Battle Tank|2|This model can be equipped with 1 hunter-killer missile.
3641|Sicaran Battle Tank|3|This model can be equipped with 1 storm bolter.
3642|Sicaran Battle Tank|1|This model can be equipped with one of the following: • 2 heavy bolters • 2 lascannons
3642|Sicaran Battle Tank|2|This model can be equipped with 1 hunter-killer missile.
3642|Sicaran Battle Tank|3|This model can be equipped with 1 storm bolter.
3643|Mastodon|1|This model’s 2 heavy flamers can be replaced with one of the following • 2 heavy bolters • 2 lascannons • 2 volkite culverins
3643|Mastodon|2|This model’s 2 lascannons can be replaced with on of the following: • 2 heavy bolters • 2 heavy flamers • 2 volkite culverins
3644|Mastodon|1|This model’s 2 heavy flamers can be replaced with one of the following • 2 heavy bolters • 2 lascannons • 2 volkite culverins
3644|Mastodon|2|This model’s 2 lascannons can be replaced with on of the following: • 2 heavy bolters • 2 heavy flamers • 2 volkite culverins
3645|Mastodon|1|This model’s 2 heavy flamers can be replaced with one of the following • 2 heavy bolters • 2 lascannons • 2 volkite culverins
3645|Mastodon|2|This model’s 2 lascannons can be replaced with on of the following: • 2 heavy bolters • 2 heavy flamers • 2 volkite culverins
3646|Mastodon|1|This model’s 2 heavy flamers can be replaced with one of the following • 2 heavy bolters • 2 lascannons • 2 volkite culverins
3646|Mastodon|2|This model’s 2 lascannons can be replaced with on of the following: • 2 heavy bolters • 2 heavy flamers • 2 volkite culverins
3647|Leviathan Dreadnought|1|Each of this model’s grav-flux bombards can be replaced with one of the following • 1 cyclonic melta lance • 1 storm cannon • 1 meltagun and 1 Leviathan siege claw • 1 meltagun and 1 Leviathan siege drill
3647|Leviathan Dreadnought|2|This model’s 2 heavy flamers can be replaced with 2 twin volkite calivers.
3647|Leviathan Dreadnought|3|This model can be equipped with 3 hunter-killer missiles.
3648|Leviathan Dreadnought|1|Each of this model’s grav-flux bombards can be replaced with one of the following • 1 cyclonic melta lance • 1 storm cannon • 1 meltagun and 1 Leviathan siege claw • 1 meltagun and 1 Leviathan siege drill
3648|Leviathan Dreadnought|2|This model’s 2 heavy flamers can be replaced with 2 twin volkite calivers.
3648|Leviathan Dreadnought|3|This model can be equipped with 3 hunter-killer missiles.
3649|Leviathan Dreadnought|1|Each of this model’s grav-flux bombards can be replaced with one of the following • 1 cyclonic melta lance • 1 storm cannon • 1 meltagun and 1 Leviathan siege claw • 1 meltagun and 1 Leviathan siege drill
3649|Leviathan Dreadnought|2|This model’s 2 heavy flamers can be replaced with 2 twin volkite calivers.
3649|Leviathan Dreadnought|3|This model can be equipped with 3 hunter-killer missiles.
3650|Leviathan Dreadnought|1|Each of this model’s grav-flux bombards can be replaced with one of the following • 1 cyclonic melta lance • 1 storm cannon • 1 meltagun and 1 Leviathan siege claw • 1 meltagun and 1 Leviathan siege drill
3650|Leviathan Dreadnought|2|This model’s 2 heavy flamers can be replaced with 2 twin volkite calivers.
3650|Leviathan Dreadnought|3|This model can be equipped with 3 hunter-killer missiles.
3651|Fellblade|1|This model’s 2 quad lascannons can be replaced with one of the following: • 2 laser destroyers • 2 quad heavy bolters
3651|Fellblade|2|This model’s twin heavy bolter can be replaced with 1 twin heavy flamer.
3651|Fellblade|3|This model can be equipped with 1 havoc launcher.
3651|Fellblade|4|This model can be equipped with one of the following: • 1 combi-weapon • 1 heavy bolter • 1 heavy flamer • 1 multi-melta • 1 storm bolter
3652|Fellblade|1|This model’s 2 quad lascannons can be replaced with one of the following: • 2 laser destroyers • 2 quad heavy bolters
3652|Fellblade|2|This model’s twin heavy bolter can be replaced with 1 twin heavy flamer.
3652|Fellblade|3|This model can be equipped with 1 havoc launcher.
3652|Fellblade|4|This model can be equipped with one of the following: • 1 combi-weapon • 1 heavy bolter • 1 heavy flamer • 1 multi-melta • 1 storm bolter
3653|Fellblade|1|This model’s 2 quad lascannons can be replaced with one of the following: • 2 laser destroyers • 2 quad heavy bolters
3653|Fellblade|2|This model’s twin heavy bolter can be replaced with 1 twin heavy flamer.
3653|Fellblade|3|This model can be equipped with 1 havoc launcher.
3653|Fellblade|4|This model can be equipped with one of the following: • 1 combi-weapon • 1 heavy bolter • 1 heavy flamer • 1 multi-melta • 1 storm bolter
3654|Fellblade|1|This model’s 2 quad lascannons can be replaced with one of the following: • 2 laser destroyers • 2 quad heavy bolters
3654|Fellblade|2|This model’s twin heavy bolter can be replaced with 1 twin heavy flamer.
3654|Fellblade|3|This model can be equipped with 1 havoc launcher.
3654|Fellblade|4|This model can be equipped with one of the following: • 1 combi-weapon • 1 heavy bolter • 1 heavy flamer • 1 multi-melta • 1 storm bolter
3655|Relic Contemptor Dreadnought|1|Each of this model’s heavy plasma cannons can be replaced with one of the following: • 1 conversion beam cannon • 1 kheres-pattern assault cannon • 1 multi-melta • 1 twin autocannon • 1 twin heavy bolter • 1 twin lascannon • 1 twin volkite culverin • 1 Dreadnought chainfist and 1 combi-bolter • 1 Dreadnought combat weapon and 1 combi-bolter
3655|Relic Contemptor Dreadnought|2|Each of this model’s combi-bolters can be replaced with one of the following: • 1 graviton blaster • 1 heavy flamer • 1 plasma blaster
3655|Relic Contemptor Dreadnought|3|This model can be equipped with 1 cyclone missile launcher.
3656|Relic Contemptor Dreadnought|1|Each of this model’s heavy plasma cannons can be replaced with one of the following: • 1 conversion beam cannon • 1 kheres-pattern assault cannon • 1 multi-melta • 1 twin autocannon • 1 twin heavy bolter • 1 twin lascannon • 1 twin volkite culverin • 1 Dreadnought chainfist and 1 combi-bolter • 1 Dreadnought combat weapon and 1 combi-bolter
3656|Relic Contemptor Dreadnought|2|Each of this model’s combi-bolters can be replaced with one of the following: • 1 graviton blaster • 1 heavy flamer • 1 plasma blaster
3656|Relic Contemptor Dreadnought|3|This model can be equipped with 1 cyclone missile launcher.
3657|Relic Contemptor Dreadnought|1|Each of this model’s heavy plasma cannons can be replaced with one of the following: • 1 conversion beam cannon • 1 kheres-pattern assault cannon • 1 multi-melta • 1 twin autocannon • 1 twin heavy bolter • 1 twin lascannon • 1 twin volkite culverin • 1 Dreadnought chainfist and 1 combi-bolter • 1 Dreadnought combat weapon and 1 combi-bolter
3657|Relic Contemptor Dreadnought|2|Each of this model’s combi-bolters can be replaced with one of the following: • 1 graviton blaster • 1 heavy flamer • 1 plasma blaster
3657|Relic Contemptor Dreadnought|3|This model can be equipped with 1 cyclone missile launcher.
3658|Relic Contemptor Dreadnought|1|Each of this model’s heavy plasma cannons can be replaced with one of the following: • 1 conversion beam cannon • 1 kheres-pattern assault cannon • 1 multi-melta • 1 twin autocannon • 1 twin heavy bolter • 1 twin lascannon • 1 twin volkite culverin • 1 Dreadnought chainfist and 1 combi-bolter • 1 Dreadnought combat weapon and 1 combi-bolter
3658|Relic Contemptor Dreadnought|2|Each of this model’s combi-bolters can be replaced with one of the following: • 1 graviton blaster • 1 heavy flamer • 1 plasma blaster
3658|Relic Contemptor Dreadnought|3|This model can be equipped with 1 cyclone missile launcher.
3659|Whirlwind Scorpius|1|This model can be equipped with 1 hunter-killer missile.
3659|Whirlwind Scorpius|2|This model can be equipped with 1 storm bolter.
3660|Whirlwind Scorpius|1|This model can be equipped with 1 hunter-killer missile.
3660|Whirlwind Scorpius|2|This model can be equipped with 1 storm bolter.
3661|Whirlwind Scorpius|1|This model can be equipped with 1 hunter-killer missile.
3661|Whirlwind Scorpius|2|This model can be equipped with 1 storm bolter.
3662|Whirlwind Scorpius|1|This model can be equipped with 1 hunter-killer missile.
3662|Whirlwind Scorpius|2|This model can be equipped with 1 storm bolter.
3663|Xiphon Interceptor|1|None
3664|Xiphon Interceptor|1|None
3665|Xiphon Interceptor|1|None
3666|Xiphon Interceptor|1|None
3667|Rapier Carrier|1|This model’s quad heavy bolter can be replaced with one of the following • 1 graviton cannon • 1 laser destroyer • 1 quad launcher
3668|Rapier Carrier|1|This model’s quad heavy bolter can be replaced with one of the following • 1 graviton cannon • 1 laser destroyer • 1 quad launcher
3669|Rapier Carrier|1|This model’s quad heavy bolter can be replaced with one of the following • 1 graviton cannon • 1 laser destroyer • 1 quad launcher
3670|Rapier Carrier|1|This model’s quad heavy bolter can be replaced with one of the following • 1 graviton cannon • 1 laser destroyer • 1 quad launcher
3671|Storm Eagle Gunship|1|This model’s twin heavy bolter can be replaced with one of the following: • 1 twin multi-melta • 1 typhoon missile launcher
3671|Storm Eagle Gunship|2|This model’s 2 twin hellstrike missile launchers can be replaced with 2 twin lascannons
3672|Storm Eagle Gunship|1|This model’s twin heavy bolter can be replaced with one of the following: • 1 twin multi-melta • 1 typhoon missile launcher
3672|Storm Eagle Gunship|2|This model’s 2 twin hellstrike missile launchers can be replaced with 2 twin lascannons
3673|Storm Eagle Gunship|1|This model’s twin heavy bolter can be replaced with one of the following: • 1 twin multi-melta • 1 typhoon missile launcher
3673|Storm Eagle Gunship|2|This model’s 2 twin hellstrike missile launchers can be replaced with 2 twin lascannons
3674|Storm Eagle Gunship|1|This model’s twin heavy bolter can be replaced with one of the following: • 1 twin multi-melta • 1 typhoon missile launcher
3674|Storm Eagle Gunship|2|This model’s 2 twin hellstrike missile launchers can be replaced with 2 twin lascannons
3675|Sicaran Venator|1|This model can be equipped with one of the following: • 2 heavy bolters • 2 lascannons
3675|Sicaran Venator|2|This model can be equipped with 1 hunter-killer missile.
3675|Sicaran Venator|3|This model can be equipped with 1 storm bolter.
3676|Sicaran Venator|1|This model can be equipped with one of the following: • 2 heavy bolters • 2 lascannons
3676|Sicaran Venator|2|This model can be equipped with 1 hunter-killer missile.
3676|Sicaran Venator|3|This model can be equipped with 1 storm bolter.
3677|Sicaran Venator|1|This model can be equipped with one of the following: • 2 heavy bolters • 2 lascannons
3677|Sicaran Venator|2|This model can be equipped with 1 hunter-killer missile.
3677|Sicaran Venator|3|This model can be equipped with 1 storm bolter.
3678|Sicaran Venator|1|This model can be equipped with one of the following: • 2 heavy bolters • 2 lascannons
3678|Sicaran Venator|2|This model can be equipped with 1 hunter-killer missile.
3678|Sicaran Venator|3|This model can be equipped with 1 storm bolter.
3679|Typhon|1|This model can be equipped with one of the following: • 2 heavy bolters • 2 lascannons
3679|Typhon|2|This model can be equipped with one of the following: • 1 heavy bolter • 1 heavy flamer • 1 multi-melta • 1 storm bolter
3680|Typhon|1|This model can be equipped with one of the following: • 2 heavy bolters • 2 lascannons
3680|Typhon|2|This model can be equipped with one of the following: • 1 heavy bolter • 1 heavy flamer • 1 multi-melta • 1 storm bolter
3681|Typhon|1|This model can be equipped with one of the following: • 2 heavy bolters • 2 lascannons
3681|Typhon|2|This model can be equipped with one of the following: • 1 heavy bolter • 1 heavy flamer • 1 multi-melta • 1 storm bolter
3682|Typhon|1|This model can be equipped with one of the following: • 2 heavy bolters • 2 lascannons
3682|Typhon|2|This model can be equipped with one of the following: • 1 heavy bolter • 1 heavy flamer • 1 multi-melta • 1 storm bolter
3683|Sicaran Punisher|1|This model can be equipped with one of the following: • 2 heavy bolters • 2 lascannons
3683|Sicaran Punisher|2|This model can be equipped with 1 hunter-killer missile.
3683|Sicaran Punisher|3|This model can be equipped with 1 storm bolter.
3684|Sicaran Punisher|1|This model can be equipped with one of the following: • 2 heavy bolters • 2 lascannons
3684|Sicaran Punisher|2|This model can be equipped with 1 hunter-killer missile.
3684|Sicaran Punisher|3|This model can be equipped with 1 storm bolter.
3685|Sicaran Punisher|1|This model can be equipped with one of the following: • 2 heavy bolters • 2 lascannons
3685|Sicaran Punisher|2|This model can be equipped with 1 hunter-killer missile.
3685|Sicaran Punisher|3|This model can be equipped with 1 storm bolter.
3686|Sicaran Punisher|1|This model can be equipped with one of the following: • 2 heavy bolters • 2 lascannons
3686|Sicaran Punisher|2|This model can be equipped with 1 hunter-killer missile.
3686|Sicaran Punisher|3|This model can be equipped with 1 storm bolter.
3687|Falchion|1|This model’s 2 quad lascannons can be replaced with 2 laser destroyers.
3687|Falchion|2|This model’s twin heavy bolter can be replaced with 1 twin heavy flamer
3687|Falchion|3|This model can be equipped with one of the following: • 1 heavy bolter • 1 heavy flamer • 1 multi-melta • 1 storm bolter
3688|Falchion|1|This model’s 2 quad lascannons can be replaced with 2 laser destroyers.
3688|Falchion|2|This model’s twin heavy bolter can be replaced with 1 twin heavy flamer
3688|Falchion|3|This model can be equipped with one of the following: • 1 heavy bolter • 1 heavy flamer • 1 multi-melta • 1 storm bolter
3689|Falchion|1|This model’s 2 quad lascannons can be replaced with 2 laser destroyers.
3689|Falchion|2|This model’s twin heavy bolter can be replaced with 1 twin heavy flamer
3689|Falchion|3|This model can be equipped with one of the following: • 1 heavy bolter • 1 heavy flamer • 1 multi-melta • 1 storm bolter
3690|Falchion|1|This model’s 2 quad lascannons can be replaced with 2 laser destroyers.
3690|Falchion|2|This model’s twin heavy bolter can be replaced with 1 twin heavy flamer
3690|Falchion|3|This model can be equipped with one of the following: • 1 heavy bolter • 1 heavy flamer • 1 multi-melta • 1 storm bolter
3695|Sydonian Skatros|1|This model’s radium jezzail can be replaced with 1 Skatros transuranic arquebus.
3699|Crisis Sunforge Battlesuits|1|Any number of models can be equipped with up to two of the following, but cannot take duplicates: • 1 gun drone • 1 marker drone • 1 shield drone
3700|Crisis Fireknife Battlesuits|1|Any number of models can each have their plasma rifle replaced with 1 missile pod.
3700|Crisis Fireknife Battlesuits|2|Any number of models can each have their missile pod replaced with 1 plasma rifle.
3700|Crisis Fireknife Battlesuits|3|Any number of models can be equipped with up to two of the following, but cannot take duplicates • 1 gun drone • 1 marker drone • 1 shield drone
3701|Crisis Starscythe Battlesuits|1|Any number of models can each have their burst cannon replaced with 1 T’au flamer.
3701|Crisis Starscythe Battlesuits|2|Any number of models can each have their T’au flamer replaced with 1 burst cannon.
3701|Crisis Starscythe Battlesuits|3|Any number of models can be equipped with up to two of the following, but cannot take duplicates • 1 gun drone • 1 marker drone • 1 shield drone
3703|Kroot War Shaper|1|This model’s dart-bow and tri-bade can be replaced with 1 bladestave and prey-hook.
3705|Kroot Lone-Spear|1|This model’s Kroot long gun can be replaced with 1 blast javelin and 1 hunting javelin.
3707|Big Mek|1|This model’s Power Klaw can be replaced with 1 Drilla.
3707|Big Mek|2|This model’s Kustom Mega-blasta can be replaced with 1 Traktor Blasta.
3710|Hernkyn Yaegirs|1|All models in this unit can each have their bolt shotgun replaced with 1 bolt revolver and 1 plasma knife.
3710|Hernkyn Yaegirs|2|1 Hernkyn Yaegir can have its bolt revolver and plasma knife or its bolt shotgun replaced with 1 magna-coil rifle.
3710|Hernkyn Yaegirs|3|1 Hernkyn Yaegir can have its bolt revolver and plasma knife or its bolt shotgun replaced with 1 APM launcher.
3711|Chaos Lord with Jump Pack|1|This model's bolt pistol can be replaced with 1 plasma pistol.
3711|Chaos Lord with Jump Pack|2|This model’s accursed weapon can be replaced with 1 power fist.
3711|Chaos Lord with Jump Pack|3|This model's bolt pistol and accursed weapon can be replaced with 1 twin lightning claws.
3713|Cultist Mob with Firearms|1|The Cultist Champion’s autopistol can be replaced with 1 bolt pistol.
3713|Cultist Mob with Firearms|2|Any number of models can each have their autogun and close combat weapon replaced with 1 autopistol and 1 brutal assault weapon.
3713|Cultist Mob with Firearms|3|For every 10 models in this unit, 1 Chaos Cultist’s autogun can be replaced with 1 flamer.
3713|Cultist Mob with Firearms|4|For every 10 models in this unit, 1 Chaos Cultist’s autogun can be replaced with 1 heavy stubber.
3713|Cultist Mob with Firearms|5|For every 10 models in this unit, 1 Chaos Cultist’s autogun can be replaced with 1 grenade launcher.
3714|Canoness with Jump Pack|1|This model’s blessed halberd can be replaced with one of the following: • 1 holy eviscerator • 1 Ministorum hand flamer and 1 power weapon
3716|Acolyte Hybrids With Hand Flamers|1|One Acolyte Hybrid’s hand flamer can be replaced with 1 cult icon.
3716|Acolyte Hybrids With Hand Flamers|2|For every 5 models in this unit, up to 2 Acolyte Hybrids can each have their hand flamer replaced with 1 demolition charges
3716|Acolyte Hybrids With Hand Flamers|3|The Acolyte Leader’s cult claws and knife can be replaced with 1 Leader’s bio-weapons.
3811|Celestian Sacresant Aveline|1|None
3812|Ministorum Priest|1|This model’s zealot’s vindictor can be replaced with 1 holy pistol and 1 power weapon
3813|Grey Knights Terminator Squad|1|For every 5 models in this unit, 1 Grey Knights Terminator's storm bolter can be replaced with one of the following: • 1 incinerator • 1 psilencer • 1 psycannon
3813|Grey Knights Terminator Squad|2|1 Grey Knights Terminator equipped with a storm bolter can be equipped with 1 Ancient’s banner.*
3813|Grey Knights Terminator Squad|3|1 Grey Knights Terminator can have its storm bolter replaced with 1 narthecium.*
3813|Grey Knights Terminator Squad|4|* You cannot select both of these options for the same model.
3816|Deathwatch Kill Team|1|For every 5 models in this unit, up to 2 models can each have their boltgun and power weapon replaced with one of the following: • 1 boltgun and 1 Astartes shield • 1 power weapon and 1 Astartes shield
3816|Deathwatch Kill Team|2|For every 5 models in this unit, up to 2 models can each have their boltgun and power weapon replaced with 1 Deathwatch thunder hammer.
3816|Deathwatch Kill Team|3|For every 5 models in this unit, 1 model can have their boltgun and power weapon replaced with 1 stalker-pattern boltgun and 1 close combat weapon.
3816|Deathwatch Kill Team|4|For every 5 models in this unit, up to 2 models can each have their boltgun and power weapon replaced with 1 Deathwatch shotgun and 1 close combat weapon.
3816|Deathwatch Kill Team|5|For every 5 models in this unit, 1 model can have its boltgun and power weapon replaced with 1 frag cannon and 1 close combat weapon.
3816|Deathwatch Kill Team|6|For every 5 models in this unit, 1 model can have its boltgun and power weapon replaced with 1 infernus heavy bolter and 1 close combat weapon.
3816|Deathwatch Kill Team|7|One model's boltgun and power weapon can be replaced with 1 Black Shield blades.
3816|Deathwatch Kill Team|8|The Watch Sergeant’s power weapon can be replaced with 1 xenophase blade.
3816|Deathwatch Kill Team|9|The Watch Sergeant's boltgun can be replaced with 1 combi-weapon.
3817|Corvus Blackstar|1|This model’s twin assault cannon can be replaced with 1 twin lascannon.
3817|Corvus Blackstar|2|This model’s 2 Blackstar rocket launchers can be replaced with 2 stormstrike missile launchers.
3817|Corvus Blackstar|3|This model can be equipped with 1 hurricane bolter.
3817|Corvus Blackstar|4|This model can be equipped with one of the following: • 1 auspex array • 1 infernum halo-launcher
3818|Sisters of Battle Squad|1|The Sister Superior’s boltgun can be replaced with one of the following: • 1 bolt pistol • 1 combi-weapon • 1 condemnor boltgun • 1 inferno pistol • 1 Ministorum hand flamer • 1 plasma pistol
3818|Sisters of Battle Squad|2|The Sister Superior can be equipped with one of the following: • 1 chainsword • 1 power weapon
3818|Sisters of Battle Squad|3|1 Battle Sister’s boltgun can be replaced with one of the following: • 1 artificer-crafted storm bolter • 1 meltagun • 1 Ministorum flamer
3818|Sisters of Battle Squad|4|1 Battle Sister’s boltgun can be replaced with one of the following: • 1 artificer-crafted storm bolter • 1 heavy bolter • 1 meltagun • 1 Ministorum flamer • 1 Ministorum heavy flamer • 1 multi-melta
3818|Sisters of Battle Squad|5|1 Battle Sister equipped with 1 boltgun can be equipped with 1 simulacrum imperialis (that model’s boltgun cannot be replaced).
3819|Sisters of Battle Immolator|1|This model’s immolation flamers can be replaced with one of the following: • 1 twin heavy bolter • 1 twin multi-melta
3819|Sisters of Battle Immolator|2|This model can be equipped with 1 hunter-killer missile.
3820|Inquisitorial Chimera|1|This model’s heavy bolter can be replaced with 1 heavy flamer.
3820|Inquisitorial Chimera|2|This model’s multi-laser can be replaced with one of the following: • 1 Heavy bolter* • 1 Heavy flamer*
3820|Inquisitorial Chimera|3|This model can be equipped with one of the following: • 1 heavy stubber • 1 storm bolter
3820|Inquisitorial Chimera|4|This model can be equipped with 1 hunter-killer missile.
3820|Inquisitorial Chimera|5|This weapon cannot be replaced.
3821|Kill Team Cassius|1|Chaplain Cassius is equipped with: artificer crozius; bolt pistol.
3821|Kill Team Cassius|2|Vael Donatus is equipped with: boltgun; bolt pistol; close combat weapon.
3821|Kill Team Cassius|3|Zameon Gydrael is equipped with: Long Vigil ranged weapon; Long Vigil melee weapon.
3821|Kill Team Cassius|4|Rodricus Grytt is equipped with: frag cannon; bolt pistol; close combat weapon.
3821|Kill Team Cassius|5|Antor Delassio is equipped with: Long Vigil ranged weapon; Long Vigil melee weapon, jump pack.
3821|Kill Team Cassius|6|Edryc Setorax is equipped with: twin lightning claws, jump pack.
3821|Kill Team Cassius|7|Jensus Natorian is equipped with: psychic Cleanse; bolt pistol; force weapon; psychic hood.
3821|Kill Team Cassius|8|Drenn Redblade is equipped with: Long Vigil melee weapon; boltgun.
3821|Kill Team Cassius|9|Garran Branatar is equipped with: heavy flamer; Long Vigil ranged weapon; power fist.
3821|Kill Team Cassius|10|Ennox Sorrlock is equipped with: Long Vigil ranged weapon; close combat weapon.
3821|Kill Team Cassius|11|Jetek Suberei is equipped with: Deathwatch twin boltgun; Long Vigil melee weapon.
3822|Deathwatch Terminator Squad|1|Up to 3 Deathwatch Terminators can each have their storm bolter replaced with one of the following: • 1 assault cannon • 1 heavy flamer • 1 plasma cannon • 1 cyclone missile launcher and 1 storm bolter (this model’s storm bolter cannot be replaced)
3822|Deathwatch Terminator Squad|2|Any number of models can each have their power fist and storm bolter replaced with one of the following: • 1 storm bolter and 1 power weapon • 1 storm bolter and 1 chainfist • 1 twin lightning claws • 1 thunder hammer and 1 storm shield
3823|Veteran Bike Squad|1|The Veteran Biker Sergeant can be equipped with one of the following: • 1 Long Vigil ranged weapon • 1 Long Vigil melee weapon • 1 xenophase blade • 1 Astartes shield
3823|Veteran Bike Squad|2|Any number of Veteran Biker models can each be equipped with 1 Long Vigil melee weapon.
3824|Proteus Kill Team|1|Any number of Kill Team Veterans can replace their boltgun and Long Vigil melee weapon with: • 1 Long Vigil ranged weapon • 1 boltgun and 1 Astartes shield • 1 Long Vigil melee weapon and 1 Astartes shield
3824|Proteus Kill Team|2|For every 5 models in this unit, up to 2 models can replace their boltgun and Long Vigil melee weapon with 1 Deathwatch thunder hammer.
3824|Proteus Kill Team|3|For every 5 models in the unit, up to 2 models can replace their boltgun and Long Vigil melee weapon with one of the following: • 1 frag cannon • 1 Infernus heavy bolter
3824|Proteus Kill Team|4|Any number of Kill Team Biker models can be equipped with one of the following: • 1 bolt pistol • 1 Long Vigil melee weapon
3824|Proteus Kill Team|5|For every 5 models in this unit, up to 2 models can replace their boltgun and Long Vigil melee weapon with 1 Deathwatch thunder hammer.
3824|Proteus Kill Team|6|Up to 3 models can each have their storm bolter replaced with one of the following: • 1 assault cannon • 1 heavy flamer • 1 plasma cannon • 1 cyclone missile launcher and 1 storm bolter (this model’s storm bolter cannot be replaced)
3824|Proteus Kill Team|7|Any number of Kill Team Terminator models can replace their power fist and storm bolter with one of the following: • 1 storm bolter and 1 power weapon • 1 storm bolter and 1 chainfist • 1 twin lightning claws • 1 Terminator thunder hammer and 1 storm shield
3825|Fortis Kill Team|1|1 Kill Team Intercessor’s bolt rifle can be replaced with one of the following: • 1 hand flamer • 1 plasma pistol • 1 Astartes chainsword • 1 Long Vigil melee weapon
3825|Fortis Kill Team|2|1 model equipped with a bolt rifle can replace its close combat weapon with one of the following: • 1 Astartes chainsword • 1 Long Vigil melee weapon
3825|Fortis Kill Team|3|For every 5 models in this unit, 1 model’s bolt rifle can be replaced with 1 Long Vigil ranged weapon.
3825|Fortis Kill Team|4|Any number of Kill Team Intercessors with plasma incinerators can each have their bolt pistol replaced with 1 plasma pistol.
3826|Indomitor Kill Team|1|For every 5 models in this unit, 1 model equipped with a heavy bolt rifle can have its heavy bolt rifle replaced with 1 heavy bolter.
3826|Indomitor Kill Team|2|1 model equipped with a melta rifle can have its melta rifle replaced with 1 multi-melta.
3826|Indomitor Kill Team|3|Any number of models equipped with flamestorm gauntlets can each have their flamestorm gauntlets replaced with 1 auto boltstorm gauntlets and 1 fragstorm grenade launcher.
3826|Indomitor Kill Team|4|Any number of models equipped with assault bolters can each have their assault bolters replaced with 1 plasma exterminators.
3827|Spectrus Kill Team|1|One model equipped with a marksman bolt carbine can be equipped with 1 helix gauntlet.*
3827|Spectrus Kill Team|2|One model equipped with a marksman bolt carbine can be equipped with 1 Infiltrator comms array.*
3827|Spectrus Kill Team|3|One model can replace its bolt sniper rifle with 1 bolt carbine.
3827|Spectrus Kill Team|4|Any number of models can each replace their bolt sniper rifle with 1 las fusil.
3827|Spectrus Kill Team|5|Any number of models can each replace their combat knife with 1 bolt carbine and 1 close combat weapon.
3827|Spectrus Kill Team|6|* These options cannot be taken on the same model.
3828|Daemonhost|1|None
3829|Jokaero Weaponsmith|1|None
3830|Imperial Rhino|1|This model can be equipped with 1 hunter-killer missile.
3831|Blood Angels Captain|1|This model's heavy bolt pistol can be replaced with 1 inferno pistol.
3831|Blood Angels Captain|2|This model’s master-crafted chainsword can be replaced with one of the following: • 1 relic weapon • 1 power fist
3832|Death Company Captain|1|This model’s heavy bolt pistol can be replaced with 1 inferno pistol.
3832|Death Company Captain|2|This model’s master-crafted chainsword can be replaced with one of the following: • 1 relic weapon • 1 power fist
3833|Death Company Captain with Jump Pack|1|This model’s heavy bolt pistol can be replaced with one of the following: • 1 plasma pistol • 1 hand flamer
3833|Death Company Captain with Jump Pack|2|This model’s Astartes chainsword can be replaced with one of the following: • 1 relic weapon • 1 power fist
3834|Tempestus Aquilons|1|The Tempestor Aquilon’s sentry flamer can be replaced with one of the following: • 1 sentry hot-shot volley gun • 1 sentry grenade launcher
3834|Tempestus Aquilons|2|The Tempestor Aquilon’s hot-shot lascarbine can be replaced with one of the following: • 1 chainsword • 1 power weapon • 1 hot-shot laspistol
3834|Tempestus Aquilons|3|The Tempestor Aquilon can be equipped with one of the following: • 1 bolt pistol • 1 hot-shot laspistol
3834|Tempestus Aquilons|4|One Tempestus Aquilon’s hot‑shot lascarbine can be replaced with 1 of the following: • 1 melta carbine • 1 plasma carbine
3834|Tempestus Aquilons|5|One Tempestus Aquilon’s hot-shot lascarbine can be replaced with 2 hot-shot laspistols.
3834|Tempestus Aquilons|6|One Tempestus Aquilon’s hot-shot lascarbine can be replaced with 1 hot-shot long-las.
3834|Tempestus Aquilons|7|Up to two Tempestus Aquilons can each have their hot-shot lascarbine replaced with 1 hot-shot laspistol.
3835|Death Company Dreadnought with Magna-grapple|1|This model’s storm bolter can be replaced with 1 heavy flamer.
3835|Death Company Dreadnought with Magna-grapple|2|This model’s meltagun can be replaced with 1 heavy flamer.
3835|Death Company Dreadnought with Magna-grapple|3|This model’s Furioso fists can be replaced with 1 blood talons.
3835|Death Company Dreadnought with Magna-grapple|4|This model can be equipped with 1 smoke launchers.
3836|Death Company Marines with Boltguns|1|Any number of models can each have their boltgun and close combat weapon replaced with one of the following: • 1 Astartes chainsword and 1 bolt pistol • 1 thunder hammer
3836|Death Company Marines with Boltguns|2|Any number of models can each have their bolt pistol replaced with one of the following: • 1 hand flamer • 1 inferno pistol • 1 plasma pistol
3836|Death Company Marines with Boltguns|3|Any number of models can each have their Astartes chainsword replaced with one of the following: • 1 power fist • 1 power weapon
3837|Death Company Marines with Boltguns and Jump Packs|1|Any number of models can each have their boltgun and close combat weapon replaced with one of the following: • 1 Astartes chainsword and 1 bolt pistol • 1 thunder hammer
3837|Death Company Marines with Boltguns and Jump Packs|2|Any number of models can each have their bolt pistol replaced with one of the following: • 1 hand flamer • 1 inferno pistol • 1 plasma pistol
3837|Death Company Marines with Boltguns and Jump Packs|3|Any number of models can each have their Astartes chainsword replaced with one of the following: • 1 power fist • 1 power weapon
3839|Tech-priest Dominus|1|This model’s macrostubber can be replaced with 1 phosphor serpenta.
3839|Tech-priest Dominus|2|This model’s volkite blaster can be replaced with 1 eradication ray.
3840|Tech-priest Manipulus|1|This model’s magnarail lance can be replaced with 1 transonic cannon.
3842|Skitarii Rangers|1|The Skitarii Ranger Alpha can be equipped with 1 Alpha combat weapon.
3842|Skitarii Rangers|2|The Skitarii Ranger Alpha’s galvanic rifle can be replaced with 1 Mechanicus pistol.
3842|Skitarii Rangers|3|1 Skitarii Ranger’s galvanic rifle can be replaced with 1 arc rifle.
3842|Skitarii Rangers|4|1 Skitarii Ranger’s galvanic rifle can be replaced with 1 plasma caliver.
3842|Skitarii Rangers|5|1 Skitarii Ranger’s galvanic rifle can be replaced with 1 transuranic arquebus.
3842|Skitarii Rangers|6|1 Skitarii Ranger equipped with a galvanic rifle can be equipped with one of the following: • 1 enhanced data-tether* • 1 omnispex*
3842|Skitarii Rangers|7|* That model’s galvanic rifle cannot be replaced.
3843|Skitarii Vanguard|1|The Skitarii Vanguard Alpha can be equipped with 1 Alpha combat weapon.
3843|Skitarii Vanguard|2|The Skitarii Vanguard Alpha’s radium carbine can be replaced with 1 Mechanicus pistol.
3843|Skitarii Vanguard|3|1 Skitarii Vanguard’s radium carbine can be replaced with 1 arc rifle.
3843|Skitarii Vanguard|4|1 Skitarii Vanguard’s radium carbine can be replaced with 1 plasma caliver.
3843|Skitarii Vanguard|5|1 Skitarii Vanguard’s radium carbine can be replaced with 1 transuranic arquebus.
3843|Skitarii Vanguard|6|1 Skitarii Vanguard equipped with a radium carbine can be equipped with one of the following: • 1 enhanced data-tether* • 1 omnispex*
3843|Skitarii Vanguard|7|* That model’s radium carbine cannot be replaced.
3846|Traitor Enforcer|1|None
3847|Renegade Enforcer|1|This model’s Enforcer pistol can be replaced with one of the following: • 1 autogun • 1 lasgun • 1 shotgun
3847|Renegade Enforcer|2|This model’s Enforcer melee weapon can be replaced with one of the following: • 1 power fist • 1 power weapon
3848|Rogue Psyker|1|None
3849|Cultist Mob|1|The Cultist Champion’s autopistol can be replaced with 1 bolt pistol.
3850|Cultist Mob with Firearms|1|The Cultist Champion’s autopistol can be replaced with 1 bolt pistol.
3850|Cultist Mob with Firearms|2|Any number of models can each have their autogun and close combat weapon replaced with 1 autopistol and 1 brutal assault weapon.
3850|Cultist Mob with Firearms|3|For every 10 models in this unit, 1 Chaos Cultist’s autogun can be replaced with 1 flamer.
3850|Cultist Mob with Firearms|4|For every 10 models in this unit, 1 Chaos Cultist’s autogun can be replaced with 1 heavy stubber.
3850|Cultist Mob with Firearms|5|For every 10 models in this unit, 1 Chaos Cultist’s autogun can be replaced with 1 grenade launcher.
3852|Fellgor Beastmen|1|The Fellgor Champion’s bolt pistol can be replaced with 1 plasma pistol.
3852|Fellgor Beastmen|2|1 Fellgor Beastman’s close combat weapon can be replaced with 1 great weapon.
3852|Fellgor Beastmen|3|1 Fellgor Beastman’s close combat weapon can be replaced with 1 corrupted stave.
3853|Traitor Guardsmen Squad|1|Up to 3 Traitor Guardsmen can each have their lasgun replaced with one of the following (duplicates are not allowed): • 1 Cultist grenade launcher • 1 flamer • 1 meltagun • 1 plasma gun • 1 Cultist sniper rifle
3853|Traitor Guardsmen Squad|2|The Traitor Sergeant’s close combat weapon can be replaced with one of the following: • 1 chainsword • 1 power weapon
3853|Traitor Guardsmen Squad|3|The Traitor Sergeant’s corrupted pistol can be replaced with 1 boltgun.
3854|Gellerpox Infected|1|None
3855|Mutoid Vermin|1|None
3856|Negavolt Cultists|1|None
3857|Renegade Heavy Weapons Squad|1|Any numbers of models’ heavy stubbers can each be replaced with one of the following: • 1 autocannon • 1 heavy bolter • 1 lascannon • 1 missile launcher • 1 mortar
3858|Renegade Ogryn Beast Handler|1|None
3859|Renegade Ogryn Brutes|1|One model’s Ogryn weapon can be replaced with 1 Ogryn power drill.
3860|Renegade Plague Ogryns|1|None
3861|Breaka Boyz|1|The Nob can have their Smash Hammer replaced with 1 Rokkit Pistol.
3861|Breaka Boyz|2|1 Breaka Boy model can have their Smash Hammer replaced with 1 Knucklebustas.
3861|Breaka Boyz|3|1 Breaka Boy model can have their Smash Hammer replaced with 1 Tankhammer.
3871|Watch Master|1|None
3872|Watch Captain Artemis|1|None
3873|Deathwatch Terminator Squad|1|Up to 3 Deathwatch Terminators can each have their storm bolter replaced with one of the following: • 1 assault cannon • 1 heavy flamer • 1 plasma cannon • 1 cyclone missile launcher and 1 storm bolter (this model’s storm bolter cannot be replaced)
3873|Deathwatch Terminator Squad|2|Any number of models can each have their power fist and storm bolter replaced with one of the following: • 1 storm bolter and 1 power weapon • 1 storm bolter and 1 chainfist • 1 thunder hammer and 1 storm shield • 1 twin lightning claws
3874|Talonstrike Kill Team|1|The Kill Team Sergeant with Jump Pack can replace its heavy bolt pistol with one of the following: • 1 hand flamer • 1 plasma pistol
3874|Talonstrike Kill Team|2|The Kill Team Sergeant with Jump Pack can replace its Astartes chainsword with one of the following: • 1 power fist • 1 power weapon
3874|Talonstrike Kill Team|3|For every 5 models in this unit, 1 model can replace its heavy bolt pistol with 1 plasma pistol.
3874|Talonstrike Kill Team|4|Any number of models can each have their assault bolters replaced with 1 plasma exterminators.
3875|Kill Team Cassius|1|Chaplain Cassius is equipped with: artificer crozius; bolt pistol.
3875|Kill Team Cassius|2|Vael Donatus is equipped with: boltgun; bolt pistol; close combat weapon.
3875|Kill Team Cassius|3|Zameon Gydrael is equipped with: Long Vigil ranged weapon; Long Vigil melee weapon.
3875|Kill Team Cassius|4|Rodricus Grytt is equipped with: frag cannon; bolt pistol; close combat weapon.
3875|Kill Team Cassius|5|Antor Delassio is equipped with: Long Vigil ranged weapon; Long Vigil melee weapon, jump pack.
3875|Kill Team Cassius|6|Edryc Setorax is equipped with: twin lightning claws, jump pack.
3875|Kill Team Cassius|7|Jensus Natorian is equipped with: psychic Cleanse; bolt pistol; force weapon; psychic hood.
3875|Kill Team Cassius|8|Drenn Redblade is equipped with: Long Vigil melee weapon; boltgun.
3875|Kill Team Cassius|9|Garran Branatar is equipped with: heavy flamer; Long Vigil ranged weapon; power fist.
3875|Kill Team Cassius|10|Ennox Sorrlock is equipped with: Long Vigil ranged weapon; close combat weapon.
3875|Kill Team Cassius|11|Jetek Suberei is equipped with: Deathwatch twin boltgun; Long Vigil melee weapon.
3876|Nemesis Claw|1|The Visionary’s bolt pistol can be replaced with 1 plasma pistol.
3876|Nemesis Claw|2|The Visionary’s Nostraman chainblade can be replaced with one of the following: • 1 accursed weapon • 1 power fist
3876|Nemesis Claw|3|Any number of Legionaries can each have their boltgun replaced with 1 Astartes chainsword.
3876|Nemesis Claw|4|If this unit contains 10 models, one Legionary’s boltgun can be replaced with one of the following: • 1 heavy bolter • 1 missile launcher
3876|Nemesis Claw|5|One Legionary’s boltgun can be replaced with one of the following: • 1 flamer • 1 meltagun • 1 plasma gun
3876|Nemesis Claw|6|Up to four Legionaries can each have their boltgun replaced with one of the following (duplicates are not allowed): • 1 accursed weapon • 1 Nostraman chainglaive • 1 paired accursed weapons • 1 voice eater and 1 Astartes chainsword
3879|Winged Hive Tyrant|1|This model’s monstrous bonesword and lash whip can be replaced with one of the following: • 1 heavy venom cannon • 1 stranglethorn cannon • 1 monstrous scything talons
3880|Winged Tyranid Prime|1|None
3886|Raveners|1|None
3889|Krieg Command Squad|1|1 Veteran Guardsman’s boltgun can be replaced with one of the following: • 1 flamer • 1 grenade launcher • 1 meltagun • 1 plasma gun
3889|Krieg Command Squad|2|The Lord Commissar's power weapon can be replaced with 1 power fist.
3889|Krieg Command Squad|3|The Lord Commissar can be equipped with 1 plasma pistol.
3889|Krieg Command Squad|4|1 Veteran Guardsman’s chainsword can be replaced with one of the following: • 1 trench club • 1 power weapon
3889|Krieg Command Squad|5|1 Veteran Guardsman not equipped with alchemyk counteragents can replace its laspistol with one of the following: • 1 bolt pistol • 1 plasma pistol
3891|Catachan Command Squad|1|Any number of Veteran Guardsmen can each have their lasgun replaced with one of the following*: • 1 flamer • 1 grenade launcher • 1 heavy flamer • 1 meltagun • 1 plasma gun • 1 sniper rifle
3891|Catachan Command Squad|2|* You cannot select the same weapon from this list more than once per unit.
3891|Catachan Command Squad|3|Veteran Guardsman equipped with a lasgun can be equipped with 1 master vox.**
3891|Catachan Command Squad|4|Veteran Guardsman equipped with a lasgun can be equipped 1 medi-pack.**
3891|Catachan Command Squad|5|1 Veteran Guardsman equipped with a lasgun can be equipped with 1 regimental standard.**
3891|Catachan Command Squad|6|** A model can only take one of these options.
3891|Catachan Command Squad|7|The Catachan Commander’s laspistol can be replaced with one of the following: • 1 bolt pistol • 1 plasma pistol
3891|Catachan Command Squad|8|The Catachan Commander can be equipped with one of the following: • 1 boltgun • 1 chainsword • 1 power fist • 1 power weapon
3892|Rogal Dorn Commander|1|This model's twin battle cannon can be replaced with 1 oppressor cannon and 1 coaxial autocannon.
3892|Rogal Dorn Commander|2|This model’s castigator gatling cannon can be replaced with 1 pulveriser cannon.
3892|Rogal Dorn Commander|3|This model can be equipped with one of the following: • 2 meltaguns • 2 additional heavy stubbers
3892|Rogal Dorn Commander|4|This model can be equipped with one of the following: • 2 heavy bolters • 2 multi-meltas
3893|Krieg Combat Engineers|1|1 Krieg Combat Engineer's autopistol and trench club can be replaced with 1 flamer and 1 close combat weapon.
3893|Krieg Combat Engineers|2|1 Krieg Combat Engineer’s autopistol and trench club can be replaced with 1 autopistol, 1 remote mine and 1 close combat weapon.
3893|Krieg Combat Engineers|3|Any number of models can each have their autopistol and trench club replaced with 1 combat shotgun and 1 close combat weapon.
3893|Krieg Combat Engineers|4|The Krieg Engineer Watchmaster’s autopistol can be replaced with one of the following: • 1 bolt pistol • 1 hand flamer • 1 plasma pistol
3893|Krieg Combat Engineers|5|The Krieg Engineer Watchmaster’s trench club can be replaced with one of the following: • 1 chainsword • 1 power weapon
3894|Catachan Heavy Weapons Squad|1|Any number of models can each have their heavy bolter replaced with one of the following: • 1 autocannon • 1 lascannon • 1 missile launcher • 1 mortar
3895|Krieg Heavy Weapons Squad|1|Any number of Heavy Weapons Gunners can each have their lascannon replaced with one of the following: • 1 Krieg heavy flamer • 1 twin Krieg heavy stubber
3896|Artillery Team|1|This model’s heavy mortar can be replaced with one of the following: • 1 siege cannon • 1 heavy quad launcher • 1 multiple rocket launcher
3897|Field Ordnance Battery|1|Any number of models can each have their malleus rocket launcher replaced with one of the following: • 1 bombast field gun • 1 heavy lascannon
3913|Wraithknight with Ghostglaive|1|This model’s scattershield can be replaced with 1 heavy wraithcannon.
3913|Wraithknight with Ghostglaive|2|This model can be equipped with up to two of the following: • 1 scatter laser • 1 shuriken cannon • 1 starcannon
3914|Ynnari Archon|1|This model’s splinter pistol can be replaced with 1 blast pistol.
3915|Ynnari Succubus|1|This model can be equipped with one of the following: • 1 blast pistol • 1 splinter pistol
3916|Ynnari Kabalite Warriors|1|The Sybarite’s close combat weapon can be replaced with 1 Sybarite weapon.
3916|Ynnari Kabalite Warriors|2|The Sybarite can be equipped with 1 phantasm grenade launcher.
3916|Ynnari Kabalite Warriors|3|The Sybarite’s splinter rifle can be replaced with one of the following: • 1 blast pistol • 1 splinter pistol
3916|Ynnari Kabalite Warriors|4|1 Kabalite Warrior’s splinter rifle can be replaced with 1 blaster.
3916|Ynnari Kabalite Warriors|5|1 Kabalite Warrior’s splinter rifle can be replaced with 1 dark lance.
3916|Ynnari Kabalite Warriors|6|1 Kabalite Warrior’s splinter rifle can be replaced with 1 shredder.
3916|Ynnari Kabalite Warriors|7|1 Kabalite Warrior’s splinter rifle can be replaced with 1 splinter cannon.
3917|Ynnari Wyches|1|The Hekatrix’s splinter pistol can be replaced with 1 blast pistol.
3918|Ynnari Incubi|1|The Klaivex’s klaive can be replaced with 1 demilklaives.
3919|Ynnari Reavers|1|The Arena Champion can be equipped with 1 agoniser.
3919|Ynnari Reavers|2|For every 3 models in this unit, 1 model’s splinter rifle can be replaced with one of the following: • 1 blaster • 1 heat lance
3919|Ynnari Reavers|3|For every 3 models in this unit, 1 model can be equipped with one of the following: • 1 grav-talon • 1 cluster caltrops
3920|Ynnari Raider|1|This model’s dark lance can be replaced with 1 disintegrator cannon.
3921|Ynnari Venom|1|This model’s twin splinter rifle can be replaced with 1 splinter cannon.
3922|Hell’s Last|1|None
3937|Provisionally Prepared|1|None
3938|Cadian Castellan|1|This model’s chainsword can be replaced with one of the following: • 1 boltgun and 1 close combat weapon • 1 power fist • 1 power weapon
3938|Cadian Castellan|2|This model’s laspistol can be replaced with one of the following: • 1 bolt pistol • 1 plasma pistol
3939|Cadian Command Squad|1|1 Cadian Veteran Guardsman’s lasgun and regimental standard can be replaced with one of the following: • 1 flamer • 1 grenade launcher • 1 meltagun • 1 plasma gun
3939|Cadian Command Squad|2|1 Cadian Veteran Guardsman’s laspistol can be replaced with one of the following: • 1 bolt pistol • 1 plasma pistol
3939|Cadian Command Squad|3|The Cadian Commander’s laspistol can be replaced with one of the following: • 1 bolt pistol • 1 plasma pistol
3939|Cadian Command Squad|4|1 Cadian Veteran Guardsman's chainsword can be replaced with one of the following: • 1 flamer and 1 close combat weapon • 1 grenade launcher and 1 close combat weapon • 1 meltagun and 1 close combat weapon • 1 plasma gun and 1 close combat weapon • 1 power fist • 1 power weapon
3939|Cadian Command Squad|5|The Cadian Commander’s chainsword can be replaced with one of the following: • 1 power fist • 1 power weapon
3940|Catachan Command Squad|1|Any number of Veteran Guardsmen can each have their lasgun replaced with one of the following*: • 1 flamer • 1 grenade launcher • 1 heavy flamer • 1 meltagun • 1 plasma gun • 1 sniper rifle
3940|Catachan Command Squad|2|* You cannot select the same weapon from this list more than once per unit.
3940|Catachan Command Squad|3|Veteran Guardsman equipped with a lasgun can be equipped with 1 master vox.**
3940|Catachan Command Squad|4|Veteran Guardsman equipped with a lasgun can be equipped 1 medi-pack.**
3940|Catachan Command Squad|5|1 Veteran Guardsman equipped with a lasgun can be equipped with 1 regimental standard.**
3940|Catachan Command Squad|6|** A model can only take one of these options.
3940|Catachan Command Squad|7|The Catachan Commander’s laspistol can be replaced with one of the following: • 1 bolt pistol • 1 plasma pistol
3940|Catachan Command Squad|8|The Catachan Commander can be equipped with one of the following: • 1 boltgun • 1 chainsword • 1 power fist • 1 power weapon
3941|Krieg Command Squad|1|1 Veteran Guardsman’s boltgun can be replaced with one of the following: • 1 flamer • 1 grenade launcher • 1 meltagun • 1 plasma gun
3941|Krieg Command Squad|2|The Lord Commissar's power weapon can be replaced with 1 power fist.
3941|Krieg Command Squad|3|The Lord Commissar can be equipped with 1 plasma pistol.
3941|Krieg Command Squad|4|1 Veteran Guardsman’s chainsword can be replaced with one of the following: • 1 trench club • 1 power weapon
3941|Krieg Command Squad|5|1 Veteran Guardsman not equipped with alchemyk counteragents can replace its laspistol with one of the following: • 1 bolt pistol • 1 plasma pistol
3942|Leman Russ Commander|1|This model’s Leman Russ battle cannon can be replaced with one of the following: • 1 demolisher battle cannon • 1 eradicator nova cannon • 1 executioner plasma cannon • 1 exterminator autocannon • 1 punisher gatling cannon • 1 vanquisher battle cannon
3942|Leman Russ Commander|2|This model’s lascannon can be replaced with one of the following: • 1 heavy bolter • 1 heavy flamer
3942|Leman Russ Commander|3|This model can be equipped with one of the following: • 2 heavy bolters • 2 heavy flamers • 2 multi-meltas • 2 plasma cannons
3942|Leman Russ Commander|4|This model can be equipped with one of the following: • 1 heavy stubber • 1 storm bolter
3942|Leman Russ Commander|5|This model can be equipped with 1 hunter-killer missile.
3944|Rogal Dorn Commander|1|This model's twin battle cannon can be replaced with 1 oppressor cannon and 1 coaxial autocannon.
3944|Rogal Dorn Commander|2|This model’s castigator gatling cannon can be replaced with 1 pulveriser cannon.
3944|Rogal Dorn Commander|3|This model can be equipped with one of the following: • 2 meltaguns • 2 additional heavy stubbers
3944|Rogal Dorn Commander|4|This model can be equipped with one of the following: • 2 heavy bolters • 2 multi-meltas
3945|Death Rider Commissar|1|None
3946|Quartermaster Cadre Squad|1|None
3947|Hell’s Last|1|None
3948|Cadian Shock Troops|1|For every 10 models in this unit, up to 2 Shock Troopers can each have their lasgun replaced with one of the following*: • 1 flamer • 1 grenade launcher • 1 meltagun • 1 plasma gun
3948|Cadian Shock Troops|2|For every 10 models in this unit, 1 Shock Trooper equipped with a lasgun can be equipped with 1 vox-caster (that model’s lasgun cannot be replaced).
3948|Cadian Shock Troops|3|Any number of Shock Trooper Sergeants can each have their laspistol replaced with 1 bolt pistol.
3948|Cadian Shock Troops|4|Any number of Shock Trooper Sergeants can each have their laspistol and chainsword replaced with 1 Sergeant's autogun and 1 close combat weapon.
3948|Cadian Shock Troops|5|* You cannot select the same weapon more than once per unit unless it contains 20 models, in which case you cannot select the same weapon more than twice per unit.
3949|Catachan Jungle Fighters|1|For every 5 models in this unit, 1 Jungle Fighter’s lasgun can be replaced with 1 flamer.
3949|Catachan Jungle Fighters|2|For every 10 models in this unit, 1 Jungle Fighter equipped with a lasgun can be equipped with 1 vox-caster (that model’s lasgun cannot be replaced).
3950|Death Korps Of Krieg|1|For every 10 models in this unit, up to 2 Death Korps Troopers can each have their lasgun replaced with one of the following*: • 1 flamer • 1 grenade launcher • 1 long-las • 1 meltagun • 1 plasma gun
3950|Death Korps Of Krieg|2|For every 10 models in this unit, 1 Death Korps Trooper equipped with a lasgun can be equipped with 1 Death Korps medi-pack (that model’s lasgun cannot be replaced)**.
3950|Death Korps Of Krieg|3|For every 10 models in this unit, 1 Death Korps Trooper equipped with a lasgun can be equipped with 1 vox-caster (that model’s lasgun cannot be replaced).**
3950|Death Korps Of Krieg|4|Any number of Death Korps Watchmasters can each replace their laspistol and chainsword with 1 boltgun and 1 close combat weapon.
3950|Death Korps Of Krieg|5|Any number of Death Korps Watchmasters can each replace their chainsword with 1 power weapon.
3950|Death Korps Of Krieg|6|Any number of Death Korps Watchmasters can each replace their laspistol with one of the following: • 1 bolt pistol • 1 plasma pistol
3950|Death Korps Of Krieg|7|* You cannot select the same option more than once per unit unless it contains 20 models, in which case you cannot select the same option more than twice per unit.
3950|Death Korps Of Krieg|8|** A model can only take one of these options.
3951|Chimera|1|This model’s heavy bolter can be replaced with 1 heavy flamer.
3951|Chimera|2|This model’s multi-laser can be replaced with one of the following: • 1 heavy bolter* • 1 heavy flamer*
3951|Chimera|3|This model can be equipped with one of the following: • 1 heavy stubber • 1 storm bolter
3951|Chimera|4|This model can be equipped with 1 hunter-killer missile.
3951|Chimera|5|* This weapon cannot be replaced.
3952|Taurox|1|This model can be equipped with 1 storm bolter.
3953|Taurox Prime|1|This model’s Taurox battle cannon can be replaced with one of the following: • 1 Taurox gatling cannon • 1 Taurox missile launcher
3953|Taurox Prime|2|This model’s twin Taurox hot-shot volley gun can be replaced with 1 twin autocannon.
3953|Taurox Prime|3|This model can be equipped with 1 storm bolter.
3954|Storm Chimera|1|This model’s heavy bolter can be replaced with 1 heavy flamer.
3954|Storm Chimera|2|This model can be equipped with 1 hunter-killer missile.
3954|Storm Chimera|3|This model can be equipped with one of the following: • 1 heavy stubber • 1 storm bolter
3955|Aegis Defence Line|1|None
3956|Earthshaker Platform|1|None
3957|Hydra Platform|1|None
3958|Manticore Platform|1|None
3959|Sabre Weapons Battery|1|Any number of models’ twin heavy bolters can each be replaced with one of the following: • 1 defence searchlight • 1 twin autocannon • 1 twin heavy stubber • 1 twin lascannon
3960|Armoured Sentinels|1|Any number of models can each have their multi-laser replaced with one of the following: • 1 autocannon • 1 heavy flamer • 1 lascannon • 1 missile launcher • 1 plasma cannon
3960|Armoured Sentinels|2|Any number of models can each be equipped with 1 Sentinel chainsaw.
3960|Armoured Sentinels|3|Any number of models can each be equipped with 1 hunter-killer missile.
3961|Artillery Team|1|This model’s heavy mortar can be replaced with one of the following: • 1 siege cannon • 1 heavy quad launcher • 1 multiple rocket launcher
3962|Attilan Rough Riders|1|For every 5 models in this unit, 1 model’s hunting lance can be replaced with 1 goad lance.
3962|Attilan Rough Riders|2|The Rough Rider Sergeant can be equipped with 1 power sabre.
3963|Baneblade|1|This model’s 2 twin heavy flamers can be replaced with 2 twin heavy bolters.
3963|Baneblade|2|This model can be equipped with one of the following: • 2 lascannons and 2 twin heavy bolters • 2 lascannons and 2 twin heavy flamers
3964|Banehammer|1|This model’s 2 twin heavy flamers can be replaced with 2 twin heavy bolters.
3964|Banehammer|2|This model can be equipped with one of the following: • 2 lascannons and 2 twin heavy bolters • 2 lascannons and 2 twin heavy flamers
3965|Banesword|1|This model’s 2 twin heavy flamers can be replaced with 2 twin heavy bolters.
3965|Banesword|2|This model can be equipped with one of the following: • 2 lascannons and 2 twin heavy bolters • 2 lascannons and 2 twin heavy flamers
3966|Basilisk|1|This model’s heavy bolter can be replaced with 1 heavy flamer.
3966|Basilisk|2|This model can be equipped with 1 hunter-killer missile.
3967|Cadian Heavy Weapons Squad|1|Any number of models can each have their heavy bolter replaced with one of the following: • 1 autocannon • 1 lascannon • 1 missile launcher • 1 mortar
3968|Catachan Heavy Weapons Squad|1|Any number of models can each have their heavy bolter replaced with one of the following: • 1 autocannon • 1 lascannon • 1 missile launcher • 1 mortar
3970|Deathstrike|1|This model’s heavy bolter can be replaced with 1 heavy flamer.
3970|Deathstrike|2|This model can be equipped with 1 hunter-killer missile.
3971|Doomhammer|1|This model’s 2 twin heavy flamers can be replaced with 2 twin heavy bolters.
3971|Doomhammer|2|This model can be equipped with one of the following: • 2 lascannons and 2 twin heavy bolters • 2 lascannons and 2 twin heavy flamers
3972|Field Ordnance Battery|1|Any number of models can each have their malleus rocket launcher replaced with one of the following: • 1 bombast field gun • 1 heavy lascannon
3973|Hellhammer|1|This model’s 2 twin heavy flamers can be replaced with 2 twin heavy bolters.
3973|Hellhammer|2|This model can be equipped with one of the following: • 2 lascannons and 2 twin heavy bolters • 2 lascannons and 2 twin heavy flamers
3974|Hellhound|1|This model’s inferno cannon can be replaced with one of the following: • 1 chem cannon • 1 melta cannon
3974|Hellhound|2|This model’s heavy flamer can be replaced with one of the following: • 1 heavy bolter • 1 multi-melta
3974|Hellhound|3|This model can be equipped with 1 hunter-killer missile.
3975|Hydra|1|This model’s heavy bolter can be replaced with 1 heavy flamer.
3975|Hydra|2|This model can be equipped with 1 hunter-killer missile.
3976|Kasrkin|1|Up to 4 Kasrkin Troopers can each have their hot-shot lasgun replaced with one of the following:* • 1 flamer • 1 grenade launcher • 1 hot-shot volley gun • 1 meltagun • 1 plasma gun
3976|Kasrkin|2|1 Kasrkin Trooper’s hot-shot lasgun can be replaced with 1 hot-shot marksman rifle.
3976|Kasrkin|3|1 Kasrkin Trooper’s hot-shot lasgun can be replaced with 1 hot-shot laspistol and 1 melta mine.
3976|Kasrkin|4|1 Kasrkin Trooper equipped with a hot-shot lasgun can be equipped with 1 vox-caster (that model’s hot-shot lasgun cannot be replaced).
3976|Kasrkin|5|The Kasrkin Sergeant’s chainsword can be replaced with 1 power weapon.
3976|Kasrkin|6|The Kasrkin Sergeant’s hot-shot laspistol can be replaced with one of the following: • 1 bolt pistol • 1 plasma pistol.
3976|Kasrkin|7|* You cannot select the same weapon from this list more than twice per unit.
3977|Krieg Combat Engineers|1|1 Krieg Combat Engineer's autopistol and trench club can be replaced with 1 flamer and 1 close combat weapon.
3977|Krieg Combat Engineers|2|1 Krieg Combat Engineer’s autopistol and trench club can be replaced with 1 autopistol, 1 remote mine and 1 close combat weapon.
3977|Krieg Combat Engineers|3|Any number of models can each have their autopistol and trench club replaced with 1 combat shotgun and 1 close combat weapon.
3977|Krieg Combat Engineers|4|The Krieg Engineer Watchmaster’s autopistol can be replaced with one of the following: • 1 bolt pistol • 1 hand flamer • 1 plasma pistol
3977|Krieg Combat Engineers|5|The Krieg Engineer Watchmaster’s trench club can be replaced with one of the following: • 1 chainsword • 1 power weapon
3978|Krieg Heavy Weapons Squad|1|Any number of Heavy Weapons Gunners can each have their lascannon replaced with one of the following: • 1 Krieg heavy flamer • 1 twin Krieg heavy stubber
3979|Leman Russ Battle Tank|1|This model’s lascannon can be replaced with one of the following: • 1 heavy bolter • 1 heavy flamer
3979|Leman Russ Battle Tank|2|This model can be equipped with one of the following: • 2 heavy bolters • 2 heavy flamers • 2 multi-meltas • 2 plasma cannons
3979|Leman Russ Battle Tank|3|This model can be equipped with one of the following: • 1 heavy stubber • 1 storm bolter
3979|Leman Russ Battle Tank|4|This model can be equipped with 1 hunter-killer missile.
3980|Leman Russ Demolisher|1|This model’s lascannon can be replaced with one of the following: • 1 heavy bolter • 1 heavy flamer
3980|Leman Russ Demolisher|2|This model can be equipped with one of the following: • 2 heavy bolters • 2 heavy flamers • 2 multi-meltas • 2 plasma cannons
3980|Leman Russ Demolisher|3|This model can be equipped with one of the following: • 1 heavy stubber • 1 storm bolter
3980|Leman Russ Demolisher|4|This model can be equipped with 1 hunter-killer missile.
3981|Leman Russ Eradicator|1|This model’s lascannon can be replaced with one of the following: • 1 heavy bolter • 1 heavy flamer
3981|Leman Russ Eradicator|2|This model can be equipped with one of the following: • 2 heavy bolters • 2 heavy flamers • 2 multi-meltas • 2 plasma cannons
3981|Leman Russ Eradicator|3|This model can be equipped with one of the following: • 1 heavy stubber • 1 storm bolter
3981|Leman Russ Eradicator|4|This model can be equipped with 1 hunter-killer missile.
3982|Leman Russ Executioner|1|This model’s lascannon can be replaced with one of the following: • 1 heavy bolter • 1 heavy flamer
3982|Leman Russ Executioner|2|This model can be equipped with one of the following: • 2 heavy bolters • 2 heavy flamers • 2 multi-meltas • 2 plasma cannons
3982|Leman Russ Executioner|3|This model can be equipped with one of the following: • 1 heavy stubber • 1 storm bolter
3982|Leman Russ Executioner|4|This model can be equipped with 1 hunter-killer missile.
3983|Leman Russ Exterminator|1|This model’s lascannon can be replaced with one of the following: • 1 heavy bolter • 1 heavy flamer
3983|Leman Russ Exterminator|2|This model can be equipped with one of the following: • 2 heavy bolters • 2 heavy flamers • 2 multi-meltas • 2 plasma cannons
3983|Leman Russ Exterminator|3|This model can be equipped with one of the following: • 1 heavy stubber • 1 storm bolter
3983|Leman Russ Exterminator|4|This model can be equipped with 1 hunter-killer missile.
3984|Leman Russ Punisher|1|This model’s lascannon can be replaced with one of the following: • 1 heavy bolter • 1 heavy flamer
3984|Leman Russ Punisher|2|This model can be equipped with one of the following: • 2 heavy bolters • 2 heavy flamers • 2 multi-meltas • 2 plasma cannons
3984|Leman Russ Punisher|3|This model can be equipped with one of the following: • 1 heavy stubber • 1 storm bolter
3984|Leman Russ Punisher|4|This model can be equipped with 1 hunter-killer missile.
3985|Leman Russ Vanquisher|1|This model’s lascannon can be replaced with one of the following: • 1 heavy bolter • 1 heavy flamer
3985|Leman Russ Vanquisher|2|This model can be equipped with one of the following: • 2 heavy bolters • 2 heavy flamers • 2 multi-meltas • 2 plasma cannons
3985|Leman Russ Vanquisher|3|This model can be equipped with one of the following: • 1 heavy stubber • 1 storm bolter
3985|Leman Russ Vanquisher|4|This model can be equipped with 1 hunter-killer missile.
3986|Manticore|1|This model’s heavy bolter can be replaced with 1 heavy flamer.
3986|Manticore|2|This model can be equipped with 1 hunter-killer missile.
3987|Rogal Dorn Battle Tank|1|This model’s twin battle cannon can be replaced with 1 oppressor cannon and 1 coaxial autocannon.
3987|Rogal Dorn Battle Tank|2|This model’s castigator gatling cannon can be replaced with 1 pulveriser cannon.
3987|Rogal Dorn Battle Tank|3|This model can be equipped with one of the following: • 2 meltaguns • 2 additional heavy stubbers
3987|Rogal Dorn Battle Tank|4|This model can be equipped with one of the following: • 2 heavy bolters • 2 multi-meltas
3988|Scout Sentinels|1|Any number of models can each have their multi-laser replaced with one of the following: • 1 autocannon • 1 heavy flamer • 1 lascannon • 1 missile launcher • 1 plasma cannon
3988|Scout Sentinels|2|Any number of models can each be equipped with 1 Sentinel chainsaw.
3988|Scout Sentinels|3|Any number of models can each be equipped with 1 hunter-killer missile.
3989|Shadowsword|1|This model’s 2 twin heavy flamers can be replaced with 2 twin heavy bolters.
3989|Shadowsword|2|This model can be equipped with one of the following: • 2 lascannons and 2 twin heavy bolters • 2 lascannons and 2 twin heavy flamers
3990|Stormlord|1|This model’s 2 twin heavy flamers can be replaced with 2 twin heavy bolters.
3990|Stormlord|2|This model can be equipped with one of the following: • 2 lascannons and 2 twin heavy bolters • 2 lascannons and 2 twin heavy flamers
3991|Stormsword|1|This model’s 2 twin heavy flamers can be replaced with 2 twin heavy bolters.
3991|Stormsword|2|This model can be equipped with one of the following: • 2 lascannons and 2 twin heavy bolters • 2 lascannons and 2 twin heavy flamers
3992|Wyvern|1|This model’s heavy bolter can be replaced with 1 heavy flamer.
3992|Wyvern|2|This model can be equipped with 1 hunter-killer missile.
3993|Cyclops Demolition Vehicle|1|None
3994|Arkurian Stormhammer|1|This model’s 7 multi-lasers can be replaced with one of the following: • 7 heavy bolters • 7 heavy flamers • 7 lascannons
3994|Arkurian Stormhammer|2|This model can be equipped with 1 hunter-killer missile.
3994|Arkurian Stormhammer|3|This model can be equipped with one of the following: • 1 heavy stubber • 1 storm bolter
3995|Armageddon-pattern Medusa|1|This model’s heavy bolter can be replaced with 1 heavy flamer.
3995|Armageddon-pattern Medusa|2|This model can be equipped with 1 hunter-killer missile.
3995|Armageddon-pattern Medusa|3|This model can be equipped with one of the following: • 1 storm bolter • 1 heavy stubber
3996|Atlas Recovery Vehicle|1|This model can be equipped with 1 hunter-killer missile.
3996|Atlas Recovery Vehicle|2|This model can be equipped with one of the following: • 1 heavy stubber • 1 storm bolter
3997|Carnodon|1|This model’s Carnodon twin autocannon can be replaced with one of the following: • 1 Carnodon twin lascannon • 1 Carnodon twin multi-laser • 1 volkite culverin
3997|Carnodon|2|This model’s 2 autocannons can be replaced with one of the following: • 2 heavy bolters • 2 heavy flamers • 2 lascannons • 2 Militarum multi-lasers • 2 volkite calivers
3997|Carnodon|3|This model can be equipped with 1 hunter-killer missile.
3998|Centaur Light Carrier|1|This model can be equipped with 1 hunter-killer missile.
3999|Colossus|1|This model can be equipped with 1 hunter-killer missile.
3999|Colossus|2|This model can be equipped with one of the following: • 1 heavy stubber • 1 storm bolter
4000|Crassus|1|This model can be equipped with one of the following: • 1 heavy stubber • 1 storm bolter
4001|Death Korps Grenadier Squad|1|Up to 2 Grenadier models can each have their hot-shot lasgun replaced with one of the following: • 1 flamer • 1 grenade launcher • 1 heavy stubber • 1 meltagun • 1 plasma gun • 1 sniper rifle
4002|Dominus Armoured Siege Bombard|1|This model’s 2 heavy bolters can be replaced with one of the following: • 2 autocannons • 2 heavy flamers • 2 lascannons
4002|Dominus Armoured Siege Bombard|2|This model can be equipped with 1 hunter-killer missile.
4002|Dominus Armoured Siege Bombard|3|This model can be equipped with one of the following: • 1 heavy stubber • 1 storm bolter
4003|Earthshaker Carriage Battery|1|None
4004|Elysian Drop Sentinel|1|This model can be equipped with 1 hunter-killer missile.
4004|Elysian Drop Sentinel|2|This model can be equipped with one of the following: • 1 heavy flamer • 1 multi-melta
4005|Elysian Sniper Squad|1|None
4006|Gorgon Heavy Transport|1|This model’s 2 Gorgon mortars can be replaced with one of the following: • 4 heavy bolters • 4 heavy flamers • 4 heavy stubbers
4006|Gorgon Heavy Transport|2|This model can be equipped with 1 hunter-killer missile.
4007|Griffon Mortar Carrier|1|This model’s heavy bolter can be replaced with 1 heavy flamer.
4007|Griffon Mortar Carrier|2|This model can each be equipped with one of the following: • 1 heavy stubber • 1 storm bolter
4008|Hades Breaching Drill|1|None
4009|Heavy Mortar Team|1|None
4010|Heavy Quad Launcher Team|1|None
4011|Macharius|1|This model’s 2 heavy stubbers can be replaced with one of the following: • 2 heavy bolters • 2 heavy flamers
4011|Macharius|2|This model can be equipped with 1 hunter-killer missile.
4011|Macharius|3|This model can be equipped with one of the following: • 1 heavy stubber • 1 storm bolter
4012|Macharius Omega|1|This model can be equipped with one of the following: • 2 autocannons • 2 heavy bolters • 2 heavy flamers
4012|Macharius Omega|2|This model can be equipped with 1 hunter-killer missile.
4012|Macharius Omega|3|This model can be equipped with one of the following: • 1 heavy stubber • 1 storm bolter
4013|Macharius Vanquisher|1|This model’s 2 heavy stubbers can be replaced with one of the following: • 2 heavy bolters • 2 heavy flamers
4013|Macharius Vanquisher|2|This model can be equipped with 1 hunter-killer missile.
4013|Macharius Vanquisher|3|This model can be equipped with one of the following: • 1 heavy stubber • 1 storm bolter
4014|Macharius Vulcan|1|This model’s 2 heavy stubbers can be replaced with one of the following: • 2 heavy bolters • 2 heavy flamers
4014|Macharius Vulcan|2|This model can be equipped with 1 hunter-killer missile.
4014|Macharius Vulcan|3|This model can be equipped with one of the following: • 1 heavy stubber • 1 storm bolter
4015|Malcador|1|This model’s 2 autocannons can be replaced with one of the following: • 2 heavy bolters • 2 lascannons
4015|Malcador|2|This model’s heavy bolter can be replaced with one of the following: • 1 autocannon • 1 lascannon
4015|Malcador|3|This model can be equipped with 1 hunter-killer missile.
4015|Malcador|4|This model can be equipped with one of the following: • 1 heavy stubber • 1 storm bolter
4016|Malcador Annihilator|1|This model’s 2 heavy bolters can be replaced with one of the following: • 2 autocannons • 2 lascannons
4016|Malcador Annihilator|2|This model can be equipped with 1 hunter-killer missile.
4016|Malcador Annihilator|3|This model can be equipped with one of the following: • 1 heavy stubber • 1 storm bolter
4017|Malcador Defender|1|2 of this model’s heavy bolters can be replaced with one of the following: • 2 autocannons • 2 lascannons
4017|Malcador Defender|2|This model can be equipped with 1 hunter-killer missile.
4017|Malcador Defender|3|This model can be equipped with one of the following: • 1 heavy stubber • 1 storm bolter
4018|Malcador Infernus|1|This model’s 2 heavy stubbers can be replaced with one of the following: • 2 autocannons • 2 heavy bolters • 2 heavy flamers • 2 lascannons
4018|Malcador Infernus|2|This model can be equipped with 1 hunter-killer missile.
4018|Malcador Infernus|3|This model can be equipped with one of the following: • 1 heavy stubber • 1 storm bolter
4019|Medusa Carriage Battery|1|None
4020|Minotaur|1|None
4021|Mukaali Riders|1|The Mukaali Rider Sergeant’s laspistol can be replaced with 1 plasma pistol.
4021|Mukaali Riders|2|The Mukaali Rider Sergeant’s hunting lance can be replaced with one of the following: • 1 chainsword • 1 power weapon
4021|Mukaali Riders|3|Up to 2 Mukaali Riders can each have their hunting lance replaced with one of the following: • 1 flamer • 1 grenade launcher • 1 meltagun • 1 plasma gun
4022|Munitorum Servitors|1|Up to 2 models can each have their Servitor’s servo-arm replaced with one of the following: • 1 heavy bolter • 1 multi-melta • 1 plasma cannon
4023|Praetor|1|This model can be equipped with one of the following: • 1 heavy stubber • 1 storm bolter
4024|Rapier Laser Destroyer Battery|1|None
4025|Regimental Attachés|1|None
4026|Salamander Command Vehicle|1|This model can be equipped with 1 hunter-killer missile.
4026|Salamander Command Vehicle|2|This model can be equipped with one of the following: • 1 heavy stubber • 1 storm bolter
4027|Salamander Scout Vehicle|1|This model can be equipped with 1 hunter-killer missile.
4027|Salamander Scout Vehicle|2|This model can be equipped with one of the following: • 1 heavy stubber • 1 storm bolter
4028|Sentinel Powerlifter|1|None
4029|Stormblade|1|This model’s 2 twin heavy bolters can be replaced with 2 twin heavy flamers.
4029|Stormblade|2|This model can be equipped with 1 hunter-killer missile.
4029|Stormblade|3|This model can be equipped with one of the following: • 1 heavy stubber • 1 storm bolter
4029|Stormblade|4|This model can be equipped with one of the following: • 2 lascannons and 2 twin heavy bolters • 2 lascannons and 2 twin heavy flamers
4030|Stygies Destroyer Tank Hunter|1|This model can be equipped with 1 hunter-killer missile.
4030|Stygies Destroyer Tank Hunter|2|This model can be equipped with one of the following: • 1 heavy stubber • 1 storm bolter
4031|Tarantula Battery|1|Any number of models can each have their twin heavy bolter replaced with 1 twin lascannon.
4032|Tauros Assault Vehicle|1|This model’s heavy flamer can be replaced with 1 Tauros grenade launcher.
4032|Tauros Assault Vehicle|2|This model can be equipped with 1 hunter-killer missile.
4033|Tauros Venator|1|This model’s twin multi-laser can be replaced with 1 twin lascannon.
4033|Tauros Venator|2|This model can be equipped with 1 hunter-killer missile.
4034|Trojan Support Vehicle|1|This model’s heavy bolter can be replaced with 1 heavy flamer.
4034|Trojan Support Vehicle|2|This model can be equipped with 1 hunter-killer missile.
4035|Valdor|1|This model’s autocannon can be replaced with one of the following: • 1 heavy bolter • 1 heavy flamer • 1 lascannon
4035|Valdor|2|This model can be equipped with 1 hunter-killer missile.
4035|Valdor|3|This model can be equipped with one of the following: • 1 heavy stubber • 1 storm bolter
4036|Chaos Lord|1|This model’s daemon hammer can be replaced with one of the following: • 1 accursed weapon • 1 Astartes chainsword
4036|Chaos Lord|2|This model’s plasma pistol can be replaced with 1 power fist.
4037|Chaos Lord In Terminator Armour|1|This model’s combi-bolter can be replaced with 1 combi-weapon.
4037|Chaos Lord In Terminator Armour|2|This model’s exalted weapon can be replaced with one of the following: • 1 chainfist • 1 power fist
4037|Chaos Lord In Terminator Armour|3|This model’s combi-bolter and exalted weapon can be replaced with 1 paired accursed weapons.
4038|Chaos Lord with Jump Pack|1|This model's bolt pistol can be replaced with 1 plasma pistol.
4038|Chaos Lord with Jump Pack|2|This model’s accursed weapon can be replaced with 1 power fist.
4038|Chaos Lord with Jump Pack|3|This model's bolt pistol and accursed weapon can be replaced with 1 twin lightning claws.
4039|Chaos Lord On Disc Of Tzeentch|1|This model’s bolt pistol can be replaced with one of the following: • 1 plasma pistol • 1 combi-bolter • 1 combi-weapon • 1 accursed weapon • 1 power fist
4039|Chaos Lord On Disc Of Tzeentch|2|This model’s Astartes chainsword can be replaced with one of the following: • 1 bolt pistol • 1 plasma pistol • 1 accursed weapon • 1 power fist
4039|Chaos Lord On Disc Of Tzeentch|3|This model’s bolt pistol and Astartes chainsword can be replaced with 1 paired accursed weapons.
4040|Chaos Lord On Juggernaut|1|This model’s bolt pistol can be replaced with one of the following: • 1 plasma pistol • 1 combi-bolter • 1 combi-weapon • 1 accursed weapon • 1 power fist
4040|Chaos Lord On Juggernaut|2|This model’s Astartes chainsword can be replaced with one of the following: • 1 bolt pistol • 1 plasma pistol • 1 accursed weapon • 1 power fist
4040|Chaos Lord On Juggernaut|3|This model’s bolt pistol and Astartes chainsword can be replaced with 1 paired accursed weapons.
4041|Chaos Lord On Palanquin Of Nurgle|1|This model’s bolt pistol can be replaced with one of the following: • 1 plasma pistol • 1 combi-bolter • 1 combi-weapon • 1 accursed weapon • 1 power fist
4041|Chaos Lord On Palanquin Of Nurgle|2|This model’s Astartes chainsword can be replaced with one of the following: • 1 bolt pistol • 1 plasma pistol • 1 accursed weapon • 1 power fist
4041|Chaos Lord On Palanquin Of Nurgle|3|This model’s bolt pistol and Astartes chainsword can be replaced with 1 paired accursed weapons.
4042|Chaos Lord On Steed Of Slaanesh|1|This model’s bolt pistol can be replaced with one of the following: • 1 plasma pistol • 1 combi-bolter • 1 combi-weapon • 1 accursed weapon • 1 power fist
4042|Chaos Lord On Steed Of Slaanesh|2|This model’s Astartes chainsword can be replaced with one of the following: • 1 bolt pistol • 1 plasma pistol • 1 accursed weapon • 1 power fist
4042|Chaos Lord On Steed Of Slaanesh|3|This model’s bolt pistol and Astartes chainsword can be replaced with 1 paired accursed weapons.
4043|Chaos Terminator Squad|1|For every 5 models in this unit, 1 Terminator’s combi-bolter can be replaced with one of the following: • 1 heavy flamer • 1 reaper autocannon
4043|Chaos Terminator Squad|2|Any number of models can each have their combi-bolter replaced with 1 combi-weapon.
4043|Chaos Terminator Squad|3|For every 5 models in this unit, 1 model’s combi-bolter and accursed weapon can be replaced with 1 paired accursed weapons.
4043|Chaos Terminator Squad|4|For every 5 models in this unit, up to 3 models can each have their accursed weapon replaced with 1 power fist.
4043|Chaos Terminator Squad|5|For every 5 models in this unit, 1 model’s accursed weapon can be replaced with 1 chainfist.
4044|Chosen|1|For every 5 models in this unit, up to 2 models can each have their bolt pistol replaced with 1 plasma pistol.
4044|Chosen|2|For every 5 models in this unit, up to 2 models can each have their boltgun replaced with 1 combi-weapon.
4044|Chosen|3|For every 5 models in this unit, 1 model’s boltgun and accursed weapon can be replaced with 1 paired accursed weapons.
4044|Chosen|4|For every 5 models in this unit, 1 model equipped with a boltgun can have its accursed weapon replaced with 1 power fist. That model’s boltgun cannot be replaced.
4044|Chosen|5|1 model can be equipped with 1 Chaos icon.
4047|Traitor Enforcer|1|None
4048|Renegade Enforcer|1|This model’s Enforcer pistol can be replaced with one of the following: • 1 autogun • 1 lasgun • 1 shotgun
4048|Renegade Enforcer|2|This model’s Enforcer melee weapon can be replaced with one of the following: • 1 power fist • 1 power weapon
4049|Rogue Psyker|1|None
4050|Cultist Mob|1|The Cultist Champion’s autopistol can be replaced with 1 bolt pistol.
4051|Cultist Mob with Firearms|1|The Cultist Champion’s autopistol can be replaced with 1 bolt pistol.
4051|Cultist Mob with Firearms|2|Any number of models can each have their autogun and close combat weapon replaced with 1 autopistol and 1 brutal assault weapon.
4051|Cultist Mob with Firearms|3|For every 10 models in this unit, 1 Chaos Cultist’s autogun can be replaced with 1 flamer.
4051|Cultist Mob with Firearms|4|For every 10 models in this unit, 1 Chaos Cultist’s autogun can be replaced with 1 heavy stubber.
4051|Cultist Mob with Firearms|5|For every 10 models in this unit, 1 Chaos Cultist’s autogun can be replaced with 1 grenade launcher.
4053|Fellgor Beastmen|1|The Fellgor Champion’s bolt pistol can be replaced with 1 plasma pistol.
4053|Fellgor Beastmen|2|1 Fellgor Beastman’s close combat weapon can be replaced with 1 great weapon.
4053|Fellgor Beastmen|3|1 Fellgor Beastman’s close combat weapon can be replaced with 1 corrupted stave.
4054|Traitor Guardsmen Squad|1|Up to 3 Traitor Guardsmen can each have their lasgun replaced with one of the following (duplicates are not allowed): • 1 Cultist grenade launcher • 1 flamer • 1 meltagun • 1 plasma gun • 1 Cultist sniper rifle
4054|Traitor Guardsmen Squad|2|The Traitor Sergeant’s close combat weapon can be replaced with one of the following: • 1 chainsword • 1 power weapon
4054|Traitor Guardsmen Squad|3|The Traitor Sergeant’s corrupted pistol can be replaced with 1 boltgun.
4055|Gellerpox Infected|1|None
4056|Mutoid Vermin|1|None
4057|Negavolt Cultists|1|None
4058|Renegade Heavy Weapons Squad|1|Any numbers of models’ heavy stubbers can each be replaced with one of the following: • 1 autocannon • 1 heavy bolter • 1 lascannon • 1 missile launcher • 1 mortar
4059|Renegade Ogryn Beast Handler|1|None
4060|Renegade Ogryn Brutes|1|One model’s Ogryn weapon can be replaced with 1 Ogryn power drill.
4061|Renegade Plague Ogryns|1|None
4063|Havocs|1|The Havoc Champion’s Astartes chainsword can be replaced with one of the following: • 1 accursed weapon • 1 power fist
4063|Havocs|2|The Havoc Champion’s flamer can be replaced with one of the following: • 1 boltgun • 1 meltagun • 1 plasma gun • 1 plasma pistol • 1 accursed weapon • 1 power fist
4063|Havocs|3|Any number of Havocs can each have their Havoc autocannon or Havoc lascannon replaced with one of the following: • 1 Havoc autocannon • 1 Havoc heavy bolter • 1 Havoc lascannon • 1 Havoc missile launcher • 1 Havoc reaper chaincannon
4064|Legionaries|1|The Aspiring Champion’s boltgun can be replaced with one of the following: • 1 plasma pistol* • 1 accursed weapon • 1 Astartes chainsword • 1 heavy melee weapon
4064|Legionaries|2|The Aspiring Champion’s bolt pistol can be replaced with one of the following: • 1 plasma pistol* • 1 accursed weapon • 1 Astartes chainsword • 1 heavy melee weapon
4064|Legionaries|3|1 model can be equipped with 1 Chaos icon.
4064|Legionaries|4|Any number of Legionaries can each have their boltgun replaced with 1 Astartes chainsword.
4064|Legionaries|5|One Legionary’s boltgun can be replaced with 1 heavy melee weapon.
4064|Legionaries|6|One Legionary’s boltgun can be replaced with 1 balefire tome.
4064|Legionaries|7|For every 5 models in this unit, 1 Legionary’s boltgun can be replaced with one of the following (duplicates are not allowed): • 1 plasma pistol and 1 Astartes chainsword • 1 flamer • 1 havoc autocannon • 1 heavy bolter • 1 lascannon • 1 meltagun • 1 missile launcher • 1 plasma gun • 1 reaper chaincannon
4064|Legionaries|8|* Maximum 1 per model.
4066|Possessed|1|1 model can be equipped with 1 Chaos icon.
4067|Raptors|1|The Raptor Champion’s bolt pistol can be replaced with 1 plasma pistol.
4067|Raptors|2|The Raptor Champion’s Astartes chainsword can be replaced with one of the following: • 1 accursed weapon • 1 heavy melee weapon
4067|Raptors|3|For every 5 models in this unit, up to 2 Raptors can each have their bolt pistol replaced with 1 plasma pistol (these models’ Astartes chainswords cannot be replaced).
4067|Raptors|4|For every 5 models in this unit, up to 2 Raptors can each have their Astartes chainsword replaced with 1 heavy melee weapon.
4067|Raptors|5|For every 5 models in this unit, 1 Raptor can replace their Astartes chainsword with 1 mutations.
4067|Raptors|6|Up to 2 Raptors can each have their Astartes chainsword replaced with one of the following options (you cannot select the same option more than once): • 1 flamer and 1 close combat weapon • 1 meltagun and 1 close combat weapon • 1 plasma gun and 1 close combat weapon
4067|Raptors|7|If this unit contains 10 models, up to 2 additional Raptors can each have their Astartes chainsword replaced with one of the following options (you cannot select the same option more than once): • 1 flamer and 1 close combat weapon • 1 meltagun and 1 close combat weapon • 1 plasma gun and 1 close combat weapon
4069|Sorcerer On Disc Of Tzeentch|1|This model’s bolt pistol can be replaced with one of the following: • 1 plasma pistol • 1 combi-bolter • 1 combi-weapon • 1 accursed weapon • 1 Astartes chainsword • 1 power fist
4070|Sorcerer On Palanquin Of Nurgle|1|This model’s bolt pistol can be replaced with one of the following: • 1 plasma pistol • 1 combi-bolter • 1 combi-weapon • 1 accursed weapon • 1 Astartes chainsword • 1 power fist
4071|Sorcerer On Steed Of Slaanesh|1|This model’s bolt pistol can be replaced with one of the following: • 1 plasma pistol • 1 combi-bolter • 1 combi-weapon • 1 accursed weapon • 1 Astartes chainsword • 1 power fist
4072|Sorcerer In Terminator Armour|1|This model’s combi-bolter can be replaced with 1 combi-weapon.
4072|Sorcerer In Terminator Armour|2|This model can be equipped with 1 Chaos familiar.
4073|Warp Talons|1|None
4074|Sanctifiers|1|1 Missionary model can have its 1 plasma gun replaced with 1 meltagun.
4074|Sanctifiers|2|1 Missionary model equipped with 1 plasma gun can be equipped with 1 holy fire (this model’s plasma gun cannot be replaced).
4074|Sanctifiers|3|1 Sanctifier model can have its 1 Sanctifier melee weapon replaced with 1 Ministorum hand flamer and 1 close combat weapon.
4074|Sanctifiers|4|1 Sanctifier model can have its 1 Sanctifier melee weapon replaced with 1 close combat weapon and 1 simulacrum imperialis.
4075|Sanctifiers|1|1 Missionary model can have its 1 plasma gun replaced with 1 meltagun.
4075|Sanctifiers|2|1 Missionary model equipped with 1 plasma gun can be equipped with 1 holy fire (this model’s plasma gun cannot be replaced).
4075|Sanctifiers|3|1 Sanctifier model can have its 1 Sanctifier melee weapon replaced with 1 Ministorum hand flamer and 1 close combat weapon.
4075|Sanctifiers|4|1 Sanctifier model can have its 1 Sanctifier melee weapon replaced with 1 close combat weapon and 1 simulacrum imperialis.
4076|Goremongers|1|1 Goremonger’s chainblade can be replaced with 1 autopistol.
4076|Goremongers|2|1 Goremonger’s chainblade can be replaced with 1 blood harpoon.
4078|Lord Exultant|1|This model’s plasma pistol can be replaced with one of the following: • 1 power fist • 1 rapture lash
4078|Lord Exultant|2|This model’s Phoenix power spear can be replaced with one of the following: • 1 master-crafted power sword • 1 screamer pistol
4079|Tormentors|1|The Obsessionist’s bolt pistol can be replaced with 1 plasma pistol.
4079|Tormentors|2|The Obsessionist’s power sword can be replaced with 1 rapture lash.
4079|Tormentors|3|For every 5 models in this unit, 1 Tormentor’s boltgun can be replaced with 1 meltagun.
4079|Tormentors|4|For every 5 models in this unit, 1 Tormentor’s boltgun can be replaced with 1 plasma gun.
4079|Tormentors|5|1 Tormentor can be equipped with 1 icon of excess.
4080|Infractors|1|The Obsessionist’s bolt pistol can be replaced with 1 plasma pistol.
4080|Infractors|2|The Obsessionist’s power sword can be replaced with 1 rapture lash.
4080|Infractors|3|1 Infractor can be equipped with 1 icon of excess.
4081|Chaos Terminators|1|1 Chaos Terminator’s combi-bolter can be replaced with one of the following: • 1 heavy flamer • 1 reaper autocannon
4081|Chaos Terminators|2|Any number of models can each have their combi-bolter replaced with 1 combi-weapon.
4081|Chaos Terminators|3|1 model’s combi-bolter and accursed weapon can be replaced with 1 paired accursed weapons.
4081|Chaos Terminators|4|Up to 3 models can each have their accursed weapon replaced with 1 power fist.
4081|Chaos Terminators|5|1 model’s accursed weapon can be replaced with 1 chainfist.
4082|Chaos Land Raider|1|This model can be equipped with one of the following: • 1 combi-bolter • 1 combi-weapon
4082|Chaos Land Raider|2|This model can be equipped with 1 havoc launcher.
4084|Lord Kakophonist|1|This model’s power sword can be replaced with 1 screamer pistol and 1 close combat weapon.
4088|Noise Marines|1|The Disharmonist’s sonic blaster can be replaced with 1 screamer pistol and 1 power sword.
4088|Noise Marines|2|Up to 2 Noise Marines can each replace their sonic blaster with 1 blastmaster.
4091|Maulerfiend|1|This model’s lasher tendrils can be replaced with 2 magma cutters.
4092|Heldrake|1|This model’s Hades autocannon can be replaced with 1 baleflamer.
4093|Chaos Rhino|1|This model can be equipped with one of the following: • 1 combi-bolter • 1 combi-weapon
4093|Chaos Rhino|2|This model can be equipped with 1 havoc launcher or can replace 1 combi-bolter with 1 havoc launcher.
4095|Daemonettes|1|1 Daemonette that is not equipped with a daemonic icon can be equipped with 1 instrument of Chaos.
4095|Daemonettes|2|1 Daemonette that is not equipped with an instrument of Chaos can be equipped with 1 daemonic icon.
4097|Keeper of Secrets|1|This model can be equipped with one of the following: • living whip • ritual knife • shining aegis
4098|Seekers|1|1 Seeker that is not equipped with a daemonic icon can be equipped with 1 instrument of Chaos.
4098|Seekers|2|1 Seeker that is not equipped with an instrument of Chaos can be equipped with 1 daemonic icon.
4099|Noise Marines|1|The Disharmonist’s sonic blaster can be replaced with 1 screamer pistol and 1 power sword.
4099|Noise Marines|2|Up to 2 Noise Marines can each replace their sonic blaster with 1 blastmaster.
4100|Tormentbringer|1|None
4105|Bloodthirster|1|This model’s great axe of Khorne can be replaced with 1 axe of Khorne and one of the following: • 1 bloodflail • 1 lash of Khorne
4106|Bloodletters|1|1 Bloodletter that is not equipped with a daemonic icon can be equipped with 1 instrument of Chaos.
4106|Bloodletters|2|1 Bloodletter that is not equipped with an instrument of Chaos can be equipped with 1 daemonic icon.
4107|Bloodcrushers|1|1 Bloodcrusher that is not equipped with a daemonic icon can be equipped with 1 instrument of Chaos.
4107|Bloodcrushers|2|1 Bloodcrusher that is not equipped with an instrument of Chaos can be equipped with 1 daemonic icon.
4108|Flesh Hounds|1|None
4112|Great Unclean One|1|This model’s plague flail can be replaced with 1 bileblade.
4112|Great Unclean One|2|This model’s bilesword can be replaced with 1 doomsday bell.
4113|Plaguebearers|1|1 Plaguebearer that is not equipped with a daemonic icon can be equipped with 1 instrument of Chaos.
4113|Plaguebearers|2|1 Plaguebearer that is not equipped with an instrument of Chaos can be equipped with 1 daemonic icon.
4114|Plague Drones|1|1 Plague Drone that is not equipped with a daemonic icon can be equipped with 1 instrument of Chaos.
4114|Plague Drones|2|1 Plague Drone that is not equipped with an instrument of Chaos can be equipped with 1 daemonic icon.
4119|Servitor Battleclade|1|1 Combat Servitor model can have its 1 phosphor blaster replaced with 1 meltagun.
4119|Servitor Battleclade|2|Up to 3 Combat Servitor models can each have their 1 phosphor blaster replaced with 1 incendine igniter.
4121|Sekhetar Robots|1|Any number of models can each have their pyreflux meltagun replaced with 1 warpflame projector and 1 power claw.
4124|Lord of Change|1|This model can be equipped with one of the following: • 1 rod of sorcery • 1 baleful sword
4127|Pink Horrors|1|1 Pink Horror that is not equipped with a daemonic icon can be equipped with 1 instrument of Chaos.
4127|Pink Horrors|2|1 Pink Horror that is not equipped with an instrument of Chaos can be equipped with 1 daemonic icon.
4130|Wolf Guard Battle Leader|1|This model's master-crafted power weapon can be replaced with 1 thunder hammer.
4130|Wolf Guard Battle Leader|2|This model’s storm shield can be replaced with one of the following: • 1 master-crafted bolt carbine • 1 master-crafted heavy bolt pistol • 1 plasma pistol
4131|Wolf Guard Headtakers|1|All of the models in this unit can each have their master-crafted power weapon and storm shield replaced with 1 paired master-crafted power weapons.
4132|Wulfen with Storm Shields|1|Any number of models can each have their death totem replaced with 1 stormfrag auto-launcher.
4133|Wulfen Dreadnought|1|This model’s Fenrisian greataxe or great wolf claw and storm bolter can be replaced with 1 blizzard shield and 1 heavy flamer.
4133|Wulfen Dreadnought|2|If this model is not equipped with a storm bolter, its heavy flamer can be replaced with 1 storm bolter.
4135|Execrator|1|This model’s absolvor bolt pistol can be replaced with 1 pyre pistol.
4135|Execrator|2|If this model is equipped with an absolvor bolt pistol, it can be equipped with 1 master-crafted power weapon (this model’s absolvor bolt pistol cannot be replaced).
4137|Sternguard Veteran Squad|1|The Sternguard Veteran Squad Leader’s Sternguard bolt rifle can be replaced with one of the following: • 1 Astartes chainsword • 1 combi-weapon • 1 power fist • 1 power weapon • 1 Astartes chainsword and 1 Sternguard bolt rifle* • 1 power fist and 1 Sternguard bolt rifle* • 1 power weapon and 1 Sternguard bolt rifle*
4137|Sternguard Veteran Squad|2|Any number of Sternguard Veterans can each have their Sternguard bolt rifle replaced with 1 combi-weapon.
4137|Sternguard Veteran Squad|3|For every 5 models in this unit, 1 Sternguard Veteran’s Sternguard bolt rifle can be replaced with one of the following: • 1 pyrecannon • 1 Sternguard heavy bolter
4137|Sternguard Veteran Squad|4|* This model's Sternguard bolt rifle cannot be replaced.
4138|Terminator Squad|1|For every 5 models in this unit, 1 Terminator’s storm bolter can be replaced with one of the following: • 1 assault cannon • 1 heavy flamer • 1 cyclone missile launcher and 1 storm bolter.*
4138|Terminator Squad|2|Any number of models can each have their power fist replaced with 1 chainfist.
4138|Terminator Squad|3|The Terminator Squad Leader’s power fist can be replaced with 1 power weapon.
4138|Terminator Squad|4|* This model’s storm bolter cannot be replaced.
4139|Land Raider Crusader|1|This model can be equipped with 1 hunter-killer missile.
4139|Land Raider Crusader|2|This model can be equipped with 1 multi-melta.
4139|Land Raider Crusader|3|This model can be equipped with 1 storm bolter.
4143|Ironkin Steeljacks with Heavy Volkanite Disintegrators|1|The Steeljack Theyn’s heavy volkanite disintegrator and plasma knife can be replaced with 1 Autoch-pattern bolter and 1 plasma sword.
4144|Ironkin Steeljacks with Melee Weapons|1|Any number of models in this unit can each have their plasma sword replaced with 1 concussion gauntlet.
4145|Cthonian Earthshakers|1|All models in this unit can each have their breacher ordnance replaced with 1 tremor shells.
4146|Kapricus Defenders|1|Any number of models in this unit can each have their magna-rail cannon replaced with 1 HYLas rotary cannon.
4146|Kapricus Defenders|2|Any number of models can each be equipped with 1 smoke launcher.
4147|Kapricus Carrier|1|This model can be equipped with 1 smoke launcher.
4156|Hand of the Archon|1|The Kabalite Archsybarite’s close combat weapon can be replaced with 1 power weapon.
4156|Hand of the Archon|2|The Kabalite Archsybarite’s splinter rifle can be replaced with one of the following: • 1 blast pistol • 1 splinter pistol
4156|Hand of the Archon|3|The Kabalite Archsybarite can be equipped with one of the following: • 1 Kabalite icon • 1 phantasm grenade launcher
4156|Hand of the Archon|4|1 Kabalite Agent's splinter rifle can be replaced with one of the following: • 1 blaster • 1 shredder
4156|Hand of the Archon|5|1 Kabalite Agent’s splinter rifle can be replaced with one of the following: • 1 dark lance • 1 splinter cannon
4156|Hand of the Archon|6|1 Kabalite Agent’s splinter rifle can be replaced with 1 stinger pistol.
4156|Hand of the Archon|7|1 Kabalite Agent’s splinter rifle can be replaced with 1 shardcarbine.
4156|Hand of the Archon|8|1 Kabalite Agent’s splinter rifle can be replaced with 1 pain sculptors.
4156|Hand of the Archon|9|1 Kabalite Agent’s splinter rifle can be replaced with 1 splinter pistol and 1 razorflail.
4156|Hand of the Archon|10|1 Kabalite Agent equipped with a splinter rifle can be equipped with 1 stimm-needler. This model’s splinter rifle cannot be replaced.
4157|Scourges with Shardcarbines|1|The Solarite’s shardcarbine can be replaced with one of the following: • 1 blast pistol and 1 power weapon • 1 splinter pistol and 1 power weapon
4157|Scourges with Shardcarbines|2|1 Scourge’s shardcarbine can be replaced with one of the following: • 1 blaster • 1 shredder
4159|Shadowseer|1|This model’s shuriken pistol can be replaced with 1 neuro disruptor.
4161|Troupe Master|1|This model’s shuriken pistol can be replaced with one of the following: • 1 fusion pistol • 1 neuro disruptor
4161|Troupe Master|2|This model's Troupe Master's blade can be replaced with 1 Harlequin's special weapon.
4163|Skyweavers|1|Any number of models can each have their shuriken cannon replaced with 1 Skyweaver haywire cannon.
4163|Skyweavers|2|Any number of models can each have their star bolas replaced with 1 zephyrglaive.
4164|Troupe|1|Any number of models can each have their Harlequin’s blade replaced with 1 Harlequin’s special weapon.
4164|Troupe|2|The Lead Player’s Harlequin’s blade can be replaced with 1 power sword.
4164|Troupe|3|If this unit contains 9 or fewer models: • Up to 2 models can each have their shuriken pistol replaced with 1 neuro disruptor • Up to 2 models can each have their shuriken pistol replaced with 1 fusion pistol
4164|Troupe|4|If this unit contains 10 or more models: • Up to 4 models can each have their shuriken pistol replaced with 1 neuro disruptor • Up to 4 models can each have their shuriken pistol replaced with 1 fusion pistol
4165|Voidweaver|1|This model’s Voidweaver haywire cannon can be replaced with 1 prismatic cannon.
4168|Corsair Voidreavers|1|The Voidreaver Felarch’s shuriken pistol can be replaced with one of the following: • 1 neuro disruptor • 1 shuriken rifle
4168|Corsair Voidreavers|2|The Voidreaver Felarch can be equipped with: • 1 mistshield
4168|Corsair Voidreavers|3|Any number of Corsair Voidreavers in this unit can each have their shuriken pistol and power sword replaced with 1 shuriken rifle.
4168|Corsair Voidreavers|4|For every 5 models in this unit, 1 Corsair Voidreaver’s power sword or shuriken rifle can be replaced with one of the following: • 1 blaster • 1 shredder
4168|Corsair Voidreavers|5|If this unit contains 10 models, 1 Corsair Voidreaver’s shuriken rifle can be replaced with one of the following: • 1 shuriken cannon • 1 wraithcannon
4169|Corsair Voidscarred|1|Any number of Corsair Voidscarred can each have their shuriken pistol and power sword replaced with 1 shuriken rifle.
4169|Corsair Voidscarred|2|The Voidscarred Felarch’s shuriken pistol can be replaced with one of the following: • 1 neuro disruptor • 1 shuriken rifle
4169|Corsair Voidscarred|3|The Voidscarred Felarch can be equipped with 1 mistshield.
4169|Corsair Voidscarred|4|For every 5 models in this unit, 1 Corsair Voidscarred’s shuriken rifle can be replaced with one of the following: • 1 blaster • 1 shredder
4169|Corsair Voidscarred|5|If this unit contains 10 models, 1 Corsair Voidscarred’s shuriken rifle can be replaced with one of the following: • 1 shuriken cannon • 1 wraithcannon
4169|Corsair Voidscarred|6|If this unit contains 10 models, 1 Corsair Voidscarred’s shuriken rifle can be replaced with 1 long rifle.
4169|Corsair Voidscarred|7|If this unit contains 10 models, 1 Corsair Voidscarred’s power sword can be replaced with 1 fusion pistol.
4169|Corsair Voidscarred|8|1 Corsair Voidscarred model equipped with a shuriken pistol and power sword can be equipped with 1 Faolchú.
4170|Corsair Cloud Dancer Band|1|Any number of models can each have their twin shuriken catapult replaced with one of the following: • 1 dark lance • 1 dissonance cannon • 1 scatter laser • 1 shuriken cannon • 1 splinter cannon
4170|Corsair Cloud Dancer Band|2|The Cloud Dancer Felarch can be equipped with one of the following: • 1 dissonance pistol • 1 void sabre
4171|Corsair Reaver Band|1|Any number of models can each have their Corsair firearm replaced with 1 spar-glaive.
4171|Corsair Reaver Band|2|For every 5 models in this unit, 1 model’s Corsair firearm can be replaced with one of the following: • 1 Aeldari missile launcher • 1 blaster • 1 dark lance • 1 flamer • 1 fusion gun • 1 shredder • 1 shuriken cannon • 1 splinter cannon
4171|Corsair Reaver Band|3|The Corsair Reaver Felarch can be equipped with one of the following: • 1 dissonance pistol • 1 void sabre
4173|Inquisitor Ostromandeus|1|None
4174|Aquila Kill Team|1|For every 5 models in the unit, up to 1 model’s infernus heavy bolter can be replaced with one of the following: • 1 frag cannon. • 1 hellstorm bolt rifle and 1 Astartes grenade launcher.
4174|Aquila Kill Team|2|For every 5 models in the unit, up to 1 model’s heavy thunder hammer can be replaced with 1 power weapon and 1 Astartes shield.
4174|Aquila Kill Team|3|For every 5 models in the unit, up to 1 model’s stalker bolt rifle can be replaced with 1 plasma incinerator.
4174|Aquila Kill Team|4|For every 5 models in the unit, up to 1 model’s Deathwatch marksman bolt carbine can be replaced with 1 combat knife.
4175|Decimus Kill Team|1|For every 5 models in the unit, up to 1 model’s infernus heavy bolter can be replaced with one of the following: • 1 frag cannon. • 1 hellstorm bolt rifle and 1 Astartes grenade launcher.
4175|Decimus Kill Team|2|For every 5 models in the unit, up to 1 model’s heavy thunder hammer can be replaced with 1 power weapon and 1 Astartes shield.
4175|Decimus Kill Team|3|For every 5 models in the unit, up to 1 model’s stalker bolt rifle can be replaced with 1 plasma incinerator.
4175|Decimus Kill Team|4|For every 5 models in the unit, up to 1 model’s Deathwatch marksman bolt carbine can be replaced with 1 combat knife.
4176|Canoptek Macrocytes|1|All models in this unit can each have their gauss scalpel replaced with 1 tesla caster.
4176|Canoptek Macrocytes|2|1 model’s gauss scalpel or tesla caster can be replaced with 1 atomiser beam and 1 nanoscarab projector.
4176|Canoptek Macrocytes|3|1 model’s gauss scalpel or tesla caster can be replaced with 1 accelerator mandible.
4177|Canoptek Tomb Crawlers|1|1 model’s twin gauss reaper can be replaced with 1 transdimensional isolator.
4182|Wolf Scouts|1|1 Wolf Scout’s plasma pistol can be replaced with 1 plasma gun.
4182|Wolf Scouts|2|1 Wolf Scout equipped with a plasma pistol can be equipped with 1 haywire mine (That model’s plasma pistol cannot be replaced).
4182|Wolf Scouts|3|1 Wolf Scout’s plasma pistol and combat blade can be replaced with 1 bolt pistol, 1 Thunderclap and 1 runic stave.
4182|Wolf Scouts|4|If this unit contains 12 models, 1 Wolf Scout’s plasma pistol can be replaced with 1 instigator bolt carbine.
4189|Celestian Insidiants|1|The Celestian Insidiant Superior’s condemnor bolt pistol can be replaced with 1 inferno pistol.
4189|Celestian Insidiants|2|Up to 2 Celestian Insidiants can each have their condemnor bolt pistol replaced with 1 Ministorum hand flamer.
4189|Celestian Insidiants|3|Up to 2 Celestian Insidiants can each have their condemnor bolt pistol and null mace replaced with 1 blessed sword.
4189|Celestian Insidiants|4|One Celestian Insidiant’s condemnor bolt pistol and null mace can be replaced with 1 virge of admonition.
4189|Celestian Insidiants|5|One Celestian Insidiant’s condemnor bolt pistol can be replaced with 1 denuncia oratory.
4189|Celestian Insidiants|6|One Celestian Insidiant equipped with 1 condemnor bolt pistol can be equipped with 1 simulacrum imperialis (that model’s condemnor bolt pistol cannot be replaced).
4191|Red Corsairs Raiders|1|The Red Corsairs Raider Champion’s bolt pistol can be replaced with 1 hand flamer.
4191|Red Corsairs Raiders|2|For every 5 models in this unit: • 1 Red Corsairs Raider’s boltgun can be replaced with 1 meltagun • 1 Red Corsairs Raider’s reaver’s blade can be replaced with 1 power fist
4192|Red Corsairs Reave-Captain|1|This model’s power sword can be replaced with 1 power maul.
4192|Red Corsairs Reave-Captain|2|This model can be equipped with 1 plasma pistol.
4193|Prince Yriel|1|None
4194|Kharseth|1|None
4195|Starfangs|1|None
4196|Corsair Skyreavers|1|The Skyreaver Felarch can replace its shuriken pistol with one of the following: • 1 blast pistol • 1 neuro disruptor
4196|Corsair Skyreavers|2|For every 5 models in the unit, up to 2 Skyreaver models can each have their shuriken pistol and Corsair blade replaced with one of the following*: • 1 blaster and 1 close combat weapon • 1 flamer and 1 close combat weapon • 1 fusion gun and 1 close combat weapon • 1 shredder and 1 close combat weapon
4196|Corsair Skyreavers|3|* You cannot select the same option more than once per unit unless it contains 10 models, in which case you cannot select the same weapon more than twice per unit.
4197|Kharseth|1|None
4198|Prince Yriel|1|None
4199|Corsair Skyreavers|1|The Skyreaver Felarch can replace its shuriken pistol with one of the following: • 1 blast pistol • 1 neuro disruptor
4199|Corsair Skyreavers|2|For every 5 models in the unit, up to 2 Skyreaver models can each have their shuriken pistol and Corsair blade replaced with one of the following*: • 1 blaster and 1 close combat weapon • 1 flamer and 1 close combat weapon • 1 fusion gun and 1 close combat weapon • 1 shredder and 1 close combat weapon
4199|Corsair Skyreavers|3|* You cannot select the same option more than once per unit unless it contains 10 models, in which case you cannot select the same weapon more than twice per unit.
4200|Starfangs|1|None
4201|Berehk Stornbröw|1|None
4202|Tyranid Prime with Lash Whip|1|None.
4203|The Twin Lance|1|None.
4205|Kravek Morne|1|None
4206|Mutilators|1|None
4207|Defiler|1|This model’s Hades battle cannon can be replaced with 1 ectoplasma destructor.
4207|Defiler|2|This model’s excruciator cannons can be replaced with 2 magma cutters.
4207|Defiler|3|This model’s heavy baleflamer can be replaced with one of the following: • 1 Hades lascannon • 1 heavy reaper autocannon • 1 electroscourge (a model cannot be equipped with more than one electroscourge)
4207|Defiler|4|This model’s heavy missile launcher can be replaced with one of the following: • 1 Hades lascannon • 1 heavy reaper autocannon • 1 electroscourge (a model cannot be equipped with more than one electroscourge)
4208|Defiler|1|This model’s Hades battle cannon can be replaced with 1 ectoplasma destructor.
4208|Defiler|2|This model’s excruciator cannons can be replaced with 2 magma cutters
4208|Defiler|3|This model’s heavy baleflamer can be replaced with one of the following: • 1 Hades lascannon • 1 heavy reaper autocannon • 1 electroscourge (a model cannot be equipped with more than one electroscourge)
4208|Defiler|4|This model’s heavy missile launcher can be replaced with one of the following: • 1 Hades lascannon • 1 heavy reaper autocannon • 1 electroscourge (a model cannot be equipped with more than one electroscourge)
4209|Defiler|1|This model’s Hades battle cannon can be replaced with 1 ectoplasma destructor.
4209|Defiler|2|This model’s excruciator cannons can be replaced with 2 magma cutters
4209|Defiler|3|This model’s heavy baleflamer can be replaced with one of the following: • 1 Hades lascannon • 1 heavy reaper autocannon • 1 electroscourge (a model cannot be equipped with more than one electroscourge)
4209|Defiler|4|This model’s heavy missile launcher can be replaced with one of the following: • 1 Hades lascannon • 1 heavy reaper autocannon • 1 electroscourge (a model cannot be equipped with more than one electroscourge)
4211|Hastarii Exterminators|1|None
4212|Hastarii Fusiliers|1|None
4213|Knight Destrier|1|This model’s chastiser gatling cannon can be replaced with one of the following: • 1 bellatus reaper chainsword* • 1 thundershock spear*
4213|Knight Destrier|2|This model’s frag bombard can be replaced with one of the following: • 1 bellatus reaper chainsword* • 1 thundershock spear*
4213|Knight Destrier|3|* A model cannot be equipped with more than one bellatus reaper chainsword or more than one thundershock spear.
4214|Inquisitor Kroyle|1|None
4215|Intranzia Fraye|1|None
4216|Commissar Yarrick|1|None
4217|Commissar Graves|1|None.
4218|Commissar Graves on Foot|1|None.
4219|Hippogriff AFV|1|Any number of models can each have their heavy stubber replaced with 1 meltagun.
4219|Hippogriff AFV|2|Any number of models can each have their vigilator cannon replaced with one of the following: • 1 chiron gatling cannon • 1 lascannon • 1 melta cannon
4220|Centaur RSV|1|None.
4222|Centaur RSV|1|None.
4223|Hippogriff AFV|1|Any number of models can each have their heavy stubber replaced with 1 meltagun.
4223|Hippogriff AFV|2|Any number of models can each have their vigilator cannon replaced with one of the following: • 1 chiron gatling cannon • 1 lascannon • 1 melta cannon
4224|Cadian Recon Squad|1|One Recon Trooper can replace their lasgun with 1 autostubber.
4224|Cadian Recon Squad|2|One Recon Trooper can replace their lasgun with one of the following: • 1 plasma gun • 1 meltagun
4224|Cadian Recon Squad|3|Up to one Recon Trooper can replace their lasgun with 1 long-las.
4224|Cadian Recon Squad|4|One Recon Trooper equipped with 1 lasgun can be equipped with 1 vox-caster and 1 vox-relay beacon (that model’s lasgun cannot be replaced).
4224|Cadian Recon Squad|5|You can select one of the following options: • Up to one Recon Trooper can replace their lasgun with 1 long-las. • Up to two Recon Troopers each equipped with a lasgun can form a weapons team. If they do, one model’s lasgun is replaced with 1 laspistol, and one model’s lasgun is replaced with 1 missile launcher and 1 laspistol.
4225|The Red Terror|1|None.
4226|The Red Terror|1|None.
4232|Wolf Guard Battle Leader In Terminator Armour|1|This model’s power weapon can be replaced with one of the following: • 1 chainfist • 1 power fist • 1 relic shield and 1 close combat weapon • 1 thunder hammer
4232|Wolf Guard Battle Leader In Terminator Armour|2|This model’s storm bolter and power weapon can be replaced with 1 twin lightning claws.
4232|Wolf Guard Battle Leader In Terminator Armour|3|This model’s storm bolter can be replaced with one of the following: • 1 chainfist • 1 power fist • 1 power weapon • 1 thunder hammer • 1 combi-weapon
4233|Wolf Guard Battle Leader On Thunderwolf|1|This model’s bolt pistol and relic weapon can be replaced with 1 twin lightning claws.
4233|Wolf Guard Battle Leader On Thunderwolf|2|This model’s bolt pistol can be replaced with one of the following: • 1 combi-weapon • 1 master-crafted boltgun • 1 plasma pistol • 1 storm bolter • 1 power fist • 1 relic weapon • 1 thunder hammer
4233|Wolf Guard Battle Leader On Thunderwolf|3|This model’s relic weapon can be replaced with one of the following: • 1 plasma pistol • 1 power fist • 1 thunder hammer • 1 storm shield and 1 close combat weapon
4234|Company Champion on Bike|1|None
4235|Dragon Knights|1|For every 3 models in this unit, this unit can be equipped with 2 Drakolithe.
4241|Gunwagon|1|This model can be equipped with 1 Wreckin’ Ball.
4241|Gunwagon|2|This model can be equipped with 1 Grabbin’ Klaw.
4241|Gunwagon|3|This model can be equipped with 1 Lobba.
4241|Gunwagon|4|This model can be equipped with up to 4 Big Shoota.
4241|Gunwagon|5|This model’s Kannon can be replaced with one of the following: • 1 Killkannon • 1 Zzap Gun
