id|fac|faction|name|cost|detachment_id|detachment|upgrade|restrizione|descrizione
000010992002|AC|Adeptus Custodes|Interred Expertise|25|000001164|Might of the Moritoi|true||ADEPTUS CUSTODES WALKER unit only. This unit’s attacks can: • Re-roll hit rolls of 1. • Re-roll wound rolls of 1.
000011000002|AC|Adeptus Custodes|Mnemo-Locked Shrine Cipher|25|000001166|Tharanatoi Hammerblow|false||ADEPTUS CUSTODES TERMINATOR model only. In your first Movement phase, this unit can make an ingress move.
000008926002|AC|Adeptus Custodes|Enhanced Voidsheen Cloak|10|000000862|Null Maiden Vigil|false||Anathema Psykana model only. Each time an attack is allocated to the bearer, subtract 1 from the Damage characteristic of that attack. If that attack was made by a PSYKER or Battle-shocked model, change the Damage characteristic of that attack to 1 instead.
000009753002|AC|Adeptus Custodes|Adamantine Talisman|25|000000986|Solar Spearhead|false||ADEPTUS CUSTODES model only. Improve the Attacks, Strength and Damage characteristics of melee weapons equipped by the bearer by 1.
000009273002|AC|Adeptus Custodes|The Vratine Aquila (Aura)|0|000000910|Black Ship Guardians|false||"ANATHEMA PSYKANA model only. While a friendly ANATHEMA PSYKANA unit is within 3"" of the bearer, models in that unit have a 4+ invulnerable save."
000009264002|AC|Adeptus Custodes|Voidstrider|0|000000909|Voyagers in Darkness|false||"Add 2"" to the bearer’s Move characteristic."
000009987002|AC|Adeptus Custodes|Superior Creation|25|000001029|Lions of the Emperor|false||Adeptus Custodes Infantry model only. The first time the bearer is destroyed, roll one D6 at the end of the phase. On a 2+, set the bearer back up on the battlefield, as close as possible to where it was destroyed and not within Engagement Range of one or more enemy units, with its full wounds remaining.
000008921002|AC|Adeptus Custodes|Aegis Projector|20|000000861|Talons Of The Emperor|false||ADEPTUS Custodes model only. Once per turn, the first time a saving throw is failed for the bearer’s unit, change the Damage characteristic of that attack to 0.
000008930002|AC|Adeptus Custodes|Blade Imperator|25|000000863|Auric Champions|false||"Adeptus Custodes model only. Each time the bearer’s unit ends a Charge move, select one enemy unit within Engagement Range of the bearer and roll one D6: on a 4+, that enemy unit suffers D3 mortal wounds. Once per battle, after the bearer s unit ends a Charge move, all enemy units within 6"" of the bearer must take a Battle-shock test."
000008395002|AC|Adeptus Custodes|Auric Mantle|15|000000765|Shield Host|false||Shield-Captain or Blade Champion model only. Add 2 to the bearer’s Wounds characteristic.
000010996002|AC|Adeptus Custodes|Encircling Hunter|15|000001165|Silent Hunters|false||ANATHEMA PSYKANA model only. When both players have deployed their armies, you can redeploy up to three friendly ANATHEMA PSYKANA INFANTRY units. When doing so, you can set those units up in strategic reserves, regardless of how many units are already in strategic reserves.
000010996003|AC|Adeptus Custodes|Psyk-Out Grenades|10|000001165|Silent Hunters|true||ANATHEMA PSYKANA unit only. • This unit has EXPLOSIVES. • When you target this unit with the Explosives stratagem, if you select an enemy PSYKER unit, you can re-roll rolls to determine whether that enemy unit suffers a mortal wound.
000011000003|AC|Adeptus Custodes|Efficient Aggression|25|000001166|Tharanatoi Hammerblow|false||"ADEPTUS CUSTODES TERMINATOR model only. (Once per turn, per army) In your opponent’s Shooting phase, when an enemy unit has shot, if this unit lost a wound as a result of those attacks, this unit can make a surge move of up to D6+1""."
000009273003|AC|Adeptus Custodes|Sinister Presence (Aura)|0|000000910|Black Ship Guardians|false||"ANATHEMA PSYKANA model only. While an enemy unit is within 6"" of the bearer (when measuring this distance, Walls and closed Hatchways are ignored), that unit cannot Seize objective markers and, in your opponent’s Command phase, that unit must take a Battle-shock lest. This Enhancement cannot cause a unit to take two Battle-shock tests in the same phase."
000010992003|AC|Adeptus Custodes|Auramite Sarcophagus|15|000001164|Might of the Moritoi|true||ADEPTUS CUSTODES WALKER unit only. When you target this unit with the Crushing Impact stratagem, that use is -1 CP.
000009987003|AC|Adeptus Custodes|Praesidius|25|000001029|Lions of the Emperor|false||Adeptus Custodes model only. The bearer has the Lone Operative and Stealth abilities.
000009753003|AC|Adeptus Custodes|Augury Uplink|35|000000986|Solar Spearhead|false||ADEPTUS CUSTODES model only. The bearer has the Feel No Pain 5+ ability.
000008926003|AC|Adeptus Custodes|Huntress’ Eye|15|000000862|Null Maiden Vigil|false||"Anathema Psykana model only. In your Command phase, select one enemy unit within 12"" of the bearer. That unit must take a Battle-shock test."
000008921003|AC|Adeptus Custodes|Champion of the Imperium|25|000000861|Talons Of The Emperor|false||"ADEPTUS CUSTODES model only. The range of the bearer’s Null Aegis or Deadly Unity ability is increased to 9""."
000009264003|AC|Adeptus Custodes|Mantle of the Emissary|0|000000909|Voyagers in Darkness|false||The bearer has an Objective Control characteristic of 5.
000008930003|AC|Adeptus Custodes|Inspirational Exemplar|10|000000863|Auric Champions|false||"Adeptus Custodes model only. The bearer has a Leadership characteristic of 5+. Once per battle, at the start of any phase, you can select one friendly ADEPTUS CUSTODES unit that is Battle-shocked and within 12"" of the bearer; that unit is no longer Battle-shocked."
000008395003|AC|Adeptus Custodes|Castellan’s Mark|20|000000765|Shield Host|false||Shield-Captain model only. After both players have deployed their armies, you can select up to two Adeptus Custodes units from your army (excluding Anathema Psykana units) and redeploy all of those units. When doing so, any of those units can be placed into Strategic Reserves, regardless of how many units are already in Strategic Reserves.
000008930004|AC|Adeptus Custodes|Martial Philosopher|30|000000863|Auric Champions|false||"Adeptus Custodes model only. The bearer’s unit is eligible to shoot and/or declare a charge in a turn in which it Fell Back. Once per battle, in your opponent's Movement phase, when an enemy unit ends a Normal, Advance or Fall Back move within 8"" of the bearer, if the bearer’s unit is not within Engagement Range of one or more enemy units, it can make a Normal move of up to 6""."
000008395004|AC|Adeptus Custodes|From the Hall of Armouries|20|000000765|Shield Host|false||Shield-Captain model only. Add 1 to the Strength and Damage characteristics of the bearer’s melee weapons.
000008921004|AC|Adeptus Custodes|Gift of Terran Artifice|15|000000861|Talons Of The Emperor|false||ADEPTUS CUSTODES model only. Each time the bearer makes a melee attack, add 1 to the Wound roll.
000008926004|AC|Adeptus Custodes|Oblivion Knight|25|000000862|Null Maiden Vigil|false||Anathema Psykana model only. While the bearer is leading a unit, each time a model in that unit makes an attack, add 1 to the Hit roll. If that attack targeted an enemy PSYKER unit, add 1 to the Wound roll as well.
000009987004|AC|Adeptus Custodes|Fierce Conqueror|15|000001029|Lions of the Emperor|false||"Shield-Captain model only. At the start of the Fight phase, until the end of the phase, add 2 to the Attacks characteristic of melee weapons equipped by the bearer for every 5 enemy models within 6"" of the bearer (rounding down)."
000009753004|AC|Adeptus Custodes|Honoured Fallen (Aura)|15|000000986|Solar Spearhead|false||"Adeptus Custodes Vehicle model only. While a friendly Adeptus Custodes Infantry or Adeptus Custodes Mounted unit is within 6"" of the bearer, each time a model in that unit makes an attack, re-roll a Hit roll of 1."
000008926005|AC|Adeptus Custodes|Raptor Blade|5|000000862|Null Maiden Vigil|false||Anathema Psykana model only. Add 1 to the Attacks, Strength and Damage characteristics of the bearers melee weapons. While the bearer is within Engagement Range of one or more enemy PSYKER units that are Battle-shocked, add 2 to the Attacks, Strength and Damage characteristics of the bearer’s melee weapons instead.
000009753005|AC|Adeptus Custodes|Veteran of the Kataphraktoi|10|000000986|Solar Spearhead|false||"Adeptus Custodes Infantry or Adeptus Custodes Mounted model only. In your Command phase, select one Adeptus Custodes Vehicle or ADEPTUS CUSTODES MOUNTED unit within 6"" of the bearer. Until the start of your next Command phase, that unit is eligible to shoot in a turn in which it Fell Back."
000008930005|AC|Adeptus Custodes|Veiled Blade|25|000000863|Auric Champions|false||Adeptus Custodes model only. Add 2 to the Attacks characteristic of the bearers melee weapons. Once per battle, at the start of any Command phase, triple the bearer’s Objective Control characteristic until the end of the turn.
000008395005|AC|Adeptus Custodes|Panoptispex|5|000000765|Shield Host|false||Shield-Captain or Blade Champion model only. While the bearer is leading a unit, ranged weapons equipped by models in that unit have the [IGNORES cover] ability.
000009987005|AC|Adeptus Custodes|Admonimortis|30|000001029|Lions of the Emperor|false||Shield-Captain model only. Improve the Strength characteristic of melee weapons equipped by the bearer by 3, and improve the Armour Penetration and Damage characteristics of those weapons by 1.
000008921005|AC|Adeptus Custodes|Radiant Mantle|30|000000861|Talons Of The Emperor|false||"ADEPTUS CUSTODES model only. Each time an attack targets the bearer’s unit, if the attacking model is within 12"", subtract 1 from the Hit roll."
000010879002|AdM|Adeptus Mechanicus|Voltagheist Reliquary|15|000001160|Luminen Auto-choir|false||TECH-PRIEST model only. Enemy units cannot target this unit with snap shooting attacks
000010747002|AdM|Adeptus Mechanicus|Omnicogitator|25|000001143|Eradication Cohort|false||Skitarii Marshal model only. The Conqueror Imperative and Protector Imperative are both active for the bearer’s unit.
000009290002|AdM|Adeptus Mechanicus|Admonissor Shunt|0|000000913|Response Clade|false||Once per battle, at the start of any phase, if the bearer is on the battlefield, you can select one friendly SKiTARii unit that is Battle-shocked. That unit is no longer Battle-shocked.
000008572002|AdM|Adeptus Mechanicus|Necromechanic|20|000000823|Cohort Cybernetica|false||"TECH-PRIEST model only. Once per battle round, when a saving throw made for a friendly LEGIO CYBERNETICA or ADEPTUS MECHANICUS VEHICLE model within 12"" of the bearer is failed, the bearer can use this Enhancement. If they do, change the Damage characteristic of that attack to 0."
000008568002|AdM|Adeptus Mechanicus|Magos|10|000000822|Explorator Maniple|false||TECH-PRIEST model only. At the end of your Command phase, if the bearer is within range of your Acquisition objective marker, roll one D6: on a 4+, you gain 1CP.
000008385002|AdM|Adeptus Mechanicus|Radial Suffusion|25|000000762|Rad-Zone Corps|false||"ADEPTUS MECHANICUS model only. From the second battle round onwards, when resolving the Fallout effect of the Rad-bombardment Detachment rule, if the bearer is on the battlefield, roll one D6 for each enemy unit within 6"" of your opponent’s deployment zone, in addition to those that are within your opponent’s deployment zone."
000008564002|AdM|Adeptus Mechanicus|Mechanicus Locum|5|000000821|Data-Psalm Conclave|false||"TECH-PRIEST model only. The bearer has a Leadership characteristic of 6+ and, once per battle, at the start of any phase, you can select one friendly CULT MECHANICUS unit that is Battle-shocked and within 12"" of the bearer. That unit is no longer Battle-shocked."
000010875002|AdM|Adeptus Mechanicus|Vingh’s Wafers of Dynamism|25|000001159|Lords of the Forge|false||CYBERNETICA DATASMITH model only. At the start of the first battle round, if this unit is an attached unit, this unit has MOBILE until the end of the battle.
000008560002|AdM|Adeptus Mechanicus|Cantic Thrallnet|25|000000820|Skitarii Hunter Cohort|false||"SKITARII MARSHAL model only. At the start of the battle round, you can select one friendly SKITARII unit within 12"" of the bearer. Until the start of the next battle round, the Protector Imperative and the Conqueror Imperative are both active for that unit."
000009281002|AdM|Adeptus Mechanicus|Remote Lockdown|0|000000912|Electromartyrs|false||"Once per battle round, when an enemy unit attempts to operate a Hatchway, if that Hatchway is within 9"" of and visible to the bearer, it can use this Enhancement. If it does, it can attempt to prevent that unit from operating that Hatchway as if the bearer was within 1"" of that Hatchway."
000009745002|AdM|Adeptus Mechanicus|Transoracular Dyad Wafers|15|000000984|Haloscreed Battle Clade|false||Cybernetica Datasmith model only. When the bearer is attached to a Kastelan Robots unit, until the end of the battle, models in that unit gain the HALO OVERRIDE keyword. That unit cannot be selected when selecting units as part of the Noospheric Transference Detachment rule.
000010871002|AdM|Adeptus Mechanicus|Explorator Dispensation|20|000001158|Cohort Acquisitus|false||SKITARII MARSHAL model only. This unit has Infiltrators
000009298002|AdM|Adeptus Mechanicus|Beseech the Machine Spirits|0|000000914|Machine Cult|false||"At the end of the Move Units step of your Movement phase, the bearer can attempt to operate a Hatchway that is visible to and within 9"" of it, instead of one within 1"". When doing so, if your opponent attempts to prevent it, add the bearers Toughness characteristic to your result of the roll-off, instead of that of a friendly model within 1"" of that Hatchway."
000009745003|AdM|Adeptus Mechanicus|Cognitive Reinforcement|30|000000984|Haloscreed Battle Clade|false||ADEPTUS MECHANICUS model only (excluding Cybernetica Datasmith models). The Conqueror Imperative and Protector Imperative are both active for the bearer’s unit.
000008564003|AdM|Adeptus Mechanicus|Mantle of the Gnosticarch|10|000000821|Data-Psalm Conclave|false||TECH-PRIEST model only. Each time an attack is allocated to the bearer, change the Damage characteristic of that attack to 1.
000010747003|AdM|Adeptus Mechanicus|Martial Signatum Amplificator|15|000001143|Eradication Cohort|false||Tech-Priest model only. Models in the bearer’s unit have the Skitarii keyword.
000010871003|AdM|Adeptus Mechanicus|Stealth-Screened Cybercanids|15|000001158|Cohort Acquisitus|true||"SERBERYS RAIDERS unit only. This unit has Lone Operative 15""."
000008560003|AdM|Adeptus Mechanicus|Clandestine Infiltrator|15|000000820|Skitarii Hunter Cohort|false||"SKITARII model only. The bearer, and models in any unit they are leading, have the Infiltrators and Scouts 6"" abilities."
000008572003|AdM|Adeptus Mechanicus|Lord of Machines|15|000000823|Cohort Cybernetica|false||"TECH-PRIEST model only. Once per turn, at the start of your opponent’s Shooting phase, select one enemy VEHICLE unit within 12"" of and visible to the bearer. That unit must take a Leadership test: if that test is passed, until the end of the phase, each time a model in that unit makes an attack, subtract 1 from the Hit roll; if that test is failed, that unit is not eligible to shoot this phase."
000008568003|AdM|Adeptus Mechanicus|Genetor|20|000000822|Explorator Maniple|false||TECH-PRIEST model only. While the bearer is leading a unit that is within range of your Acquisition objective marker, models in that unit have a 4+ invulnerable save.
000009298003|AdM|Adeptus Mechanicus|Harmonic Discordator|0|000000914|Machine Cult|false||"In the Battle-shock step of your opponents Command phase, if an enemy unit that is below its Starting Strength is within 3"" of the bearer, that unit must take a Battle-shock test. If that enemy unit is also Below Half-strength, subtract 1 from that test. This Enhancement cannot cause a unit to take two Battle-shock tests in the same phase."
000009281003|AdM|Adeptus Mechanicus|Multi-dimensional Auspex|0|000000912|Electromartyrs|false||"Once per battle, in your Shooting phase, when the bearer is selected to shoot, it can use this Enhancement. If it does, until the end of the phase, it can ignore Walls and closed Hatchways for the purposes of determining visibility, and the Range characteristic of ranged weapons it is equipped with is changed to 6""."
000009290003|AdM|Adeptus Mechanicus|Optimised Cogitators|0|000000913|Response Clade|false||Once per battle round, when you target the bearer with a Stratagem, that use of that Stratagem costs 1 less CP than normal.
000010879003|AdM|Adeptus Mechanicus|Electromiasmic Brazier|10|000001160|Luminen Auto-choir|false||TECH-PRIEST model only. This unit has Stealth.
000010875003|AdM|Adeptus Mechanicus|TL-4Ø9|30|000001159|Lords of the Forge|false||
000008385003|AdM|Adeptus Mechanicus|Malphonic Susurrus|20|000000762|Rad-Zone Corps|false||ADEPTUS MECHANICUS model only. While the bearer is leading a unit, models in that unit have the Stealth ability.
000008572004|AdM|Adeptus Mechanicus|Emotionless Clarity|10|000000823|Cohort Cybernetica|false||"TECH-PRIEST model only. Once per turn, when a friendly LEGIO CYBERNETICA or ADEPTUS MECHANICUS VEHICLE model with the Deadly Demise ability that is within 12"" of the bearer is destroyed, the bearer can use this Enhancement. If it does, do not roll to determine whether any mortal wounds are inflicted as a result of that model’s Deadly Demise ability. Instead, mortal wounds are automatically inflicted."
000008560004|AdM|Adeptus Mechanicus|Veiled Hunter|10|000000820|Skitarii Hunter Cohort|false||SKITARII MARSHAL model only. After both players have deployed their armies, you can select up to three SKITARII INFANTRY units from your army and redeploy all of those units. When doing so, any of those units can be placed into Strategic Reserves, regardless of how many units are already in Strategic Reserves.
000010747004|AdM|Adeptus Mechanicus|Belicosa-Class Capacitor Vanes|25|000001143|Eradication Cohort|false||"Adeptus Mechanicus model only. Add 6"" to the Range characteristic of ranged weapons equipped by models in the bearer’s unit, and add 1 to the Strength characteristic of those weapons."
000008568004|AdM|Adeptus Mechanicus|Logis|15|000000822|Explorator Maniple|false||TECH-PRIEST model only. While the bearer is leading a unit, each time a model in that unit makes an attack that targets a unit within range of your Acquisition objective marker, add 1 to the Hit roll.
000008564004|AdM|Adeptus Mechanicus|Data-blessed Autosermon|15|000000821|Data-Psalm Conclave|false||TECH-PRIEST model only. Once per battle, at the start of your Command phase, you can select the Benediction of the Omnissiah you did not select at the start of the first battle round. Until the start of your next Command phase, that Benediction of the Omnissiah is active for the bearer’s unit in addition to the one that is currently active for your army.
000009745004|AdM|Adeptus Mechanicus|Sanctified Ordnance|10|000000984|Haloscreed Battle Clade|false||"ADEPTUS MECHANICUS model only. Add 6"" to the range characteristic of ranged weapons equipped by models in the bearer’s unit and, each time a Hazardous test is taken for that unit, you can re-roll the result."
000008385004|AdM|Adeptus Mechanicus|Peerless Eradicator|20|000000762|Rad-Zone Corps|false||ADEPTUS MECHANICUS model only. While the bearer is leading a unit, ranged weapons equipped by models in that unit have the [SUSTAINED HITS 1] ability.
000008385005|AdM|Adeptus Mechanicus|Autoclavic Denunciation|15|000000762|Rad-Zone Corps|false||ADEPTUS MECHANICUS model only. Ranged weapons equipped by the bearer have the [ANTI-INFANTRY 2+] and [ANTI-MONSTER 4+] abilities.
000009745005|AdM|Adeptus Mechanicus|Inloaded Lethality|15|000000984|Haloscreed Battle Clade|false||Tech-Priest Dominus or Tech-Priest Manipulus model only. Add 3 to the Attacks characteristic of the bearer’s melee weapons and add 1 to the Damage characteristic of the bearer’s melee weapons.
000008560005|AdM|Adeptus Mechanicus|Battle-sphere Uplink|25|000000820|Skitarii Hunter Cohort|false||"SKITARII model only. In your Shooting phase, after the bearer’s unit has shot, if it is not within Engagement Range of one or more enemy units, that unit can make a Normal move of up to 6"". If it does, until the end of the turn, that unit is not eligible to declare a charge."
000010747005|AdM|Adeptus Mechanicus|Omnissiah’s Fury|10|000001143|Eradication Cohort|false||Skitarii Marshal model only. Add 2 to the Attacks characteristic of melee weapons equipped by the bearer, and improve the Armour Penetration and Damage characteristics of those weapons by 1.
000008564005|AdM|Adeptus Mechanicus|Temporcopia|20|000000821|Data-Psalm Conclave|false||TECH-PRIEST model only. The bearer’s unit has the Fights First ability.
000008568005|AdM|Adeptus Mechanicus|Artisan|10|000000822|Explorator Maniple|false||TECH-PRIEST model only. While the bearer is leading a unit that is within range of your Acquisition objective marker, once per phase, you can change the result of one Hit roll, one Wound roll or one saving throw made for that unit to an unmodified 6.
000008572005|AdM|Adeptus Mechanicus|Arch-negator|5|000000823|Cohort Cybernetica|false||TECH-PRIEST model only. Ranged weapons equipped by the bearer have the [ANTI-VEHICLE 4+] ability.
000009342002|AE|Aeldari|Direct Guidance|0|000000921|Wraiths of the Void|false||"At the end of your Movement phase, select one friendly WRAiTH CONSTRUCT unit within 6"" of and visible to the bearer. Until the end of the turn, that WRAITH CONSTRUCT unit is eligible to shoot and declare a charge in a turn in which it Fell Back."
000009927002|AE|Aeldari|Aspect of Murder|15|000001024|Aspect Host|false||Autarch or Autarch Wayleaper model only. Add 1 to the Damage characteristic of melee weapons equipped by the bearer, and those weapons have the [precision] ability.
000011044002|AE|Aeldari|A Foot in the Future|15|000001201|Fateful Performance|false||TROUPE MASTER model only. This unit can re-roll charge rolls
000009919002|AE|Aeldari|Gaze of Ynnead|15|000001022|Devoted of Ynnead|false||Farseer model only. The bearer’s Eldritch Storm weapon has the [devastating wounds] ability.
000009915002|AE|Aeldari|Cegorach’s Coil|25|000001021|Ghosts of the Webway|false||Troupe Master model only. Each time the bearer’s unit ends a Charge move, select one enemy unit within Engagement Range of the bearer’s unit, then roll one D6 for each model in the bearer’s unit that is within Engagement Range of that enemy unit: for each 4+, that enemy unit suffers 1 mortal wound (to a maximum of 6 mortal wounds).
000009351002|AE|Aeldari|Prismatic Garb|0|000000922|Star-dancer Masque|false||Enemy units cannot fire Overwatch at the bearer.
000009899002|AE|Aeldari|Phoenix Gem|35|000001017|Warhost|false||Asuryani model only. The first time the bearer is destroyed, remove it from play, then, at the end of the phase, roll one D6: on a 2+, set the bearer back up on the battlefield as close as possible to where it was destroyed and not within Engagement Range of one or more enemy units, with its full wounds remaining.
000009911002|AE|Aeldari|Craftworld’s Champion|25|000001020|Guardian Battlehost|false||Asuryani model only. The bearer has an Objective Control characteristic of 5.
000009923002|AE|Aeldari|Lucid Eye|30|000001023|Seer Council|false||Asuryani Psyker model only. In your Command phase, you can add 1 to or subtract 1 from the value of one Fate dice in your Fate dice pool.
000009769002|AE|Aeldari|Spirit Stone of Raelyth|20|000000990|Armoured Warhost|false||"AELDARI PSYKER model only. • While this model is within 3"" of a friendly AELDARI VEHICLE unit, this model has Lone Operative. • In your Movement phase, at the start or end of this unit’s move, you can select one friendly AELDARI VEHICLE model within 3"" of this model. That VEHICLE model heals D3 wounds."
000010699002|AE|Aeldari|Pirate Prince|15|000001135|Eldritch Raiders|false||Prince Yriel unit only. Each time you spend a Battle Focus token to enable this unit to perform an Agile Manoeuvre, roll one D6: on a 3+, you gain 1 Battle Focus token.
000010704002|AE|Aeldari|Infamy (Aura)|25|000001136|Corsair Coterie|false||"Anhrathe unit only. While an enemy unit is within 3"" of this unit, subtract 1 from the Objective Control characteristic of models in that unit (to a minimum of 1)."
000009907002|AE|Aeldari|Light of Clarity|30|000001019|Spirit Conclave|false||"Spiritseer model only. In your Command phase, select one friendly Wraith Construct unit within 12"" of the bearer. Until the start of your next Command phase, add 1 to the Objective Control characteristic of INFANTRY models in that unit and add 3 to the Objective Control characteristic of MONSTER models in that unit."
000010649002|AE|Aeldari|Key of Ghosts|20|000001124|Serpent’s Brood|false||"Harlequins model only (excluding Solitaire models). Models in the bearer’s unit have the Scouts 6"" ability."
000011052002|AE|Aeldari|Shadowfall Masks|15|000001203|Twilight Flickers|true||TROUPE unit only. This unit has Fights First.
000009334002|AE|Aeldari|Grace of Khaine|0|000000920|Protector Host|false||Each time the bearer makes an attack, re-roll a Hit roll of 1, re-roll a Wound roll of 1 and re-roll a Damage roll of 1.
000009325002|AE|Aeldari|Runes of Sanctuary (Psychic)|0|000000919|Khaine’s Arrow|false||"PSYKER model only. Once per turn, in your opponents Shooting phase, when a friendly AELDARI unit within 9"" of and visible to the bearer is selected as the target of a ranged attack, the bearer can use this Enhancement. If it does, until the end of the phase, each time an attack targets that friendly AELDARI unit, worsen the Armour Penetration characteristic of that attack by 1."
000011048002|AE|Aeldari|Camouflaged Snipers|10|000001202|Path of the Outcast|true||RANGERS unit only. This unit’s ranged attacks do not prevent this unit from being hidden.
000009903002|AE|Aeldari|Firstdrawn Blade|10|000001018|Windrider Host|false||"Asuryani Mounted model only. Models in the bearer’s unit have the Scouts 9"" ability."
000009919003|AE|Aeldari|Storm of Whispers|10|000001022|Devoted of Ynnead|false||Warlock model only. In your Shooting phase, after the bearer has shot, select one enemy unit hit by one or more of those attacks. That unit must take a Battle-shock test.
000009899003|AE|Aeldari|Timeless Strategist|15|000001017|Warhost|false||Asuryani model only. At the start of the battle round, if the bearer is on the battlefield (or any Transport it is embarked within is on the battlefield), you receive 1 additional Battle Focus token.
000009923003|AE|Aeldari|Runes of Warding|25|000001023|Seer Council|false||Asuryani Psyker model only. Models in the bearer’s unit have the Feel No Pain 4+ ability against mortal wounds, Psychic Attacks and Critical Wounds caused by attacks with the [devastating wounds] ability.
000009911003|AE|Aeldari|Ethereal Pathway|30|000001020|Guardian Battlehost|false||Asuryani model only. In the Deploy Armies step, select up to two Guardians units from your army. Models in the selected units have the Infiltrators ability.
000010699003|AE|Aeldari|Alacritous Assault|20|000001135|Eldritch Raiders|false||Anhrathe unit only. Melee weapons equipped by models in this unit have the [LANCE] ability.
000011044003|AE|Aeldari|Mistweave|20|000001201|Fateful Performance|false||SHADOWSEER model only. This unit has Infiltrators.
000009907003|AE|Aeldari|Stave of Kurnous|15|000001019|Spirit Conclave|false||"Spiritseer model only. In your Command phase, select one friendly Wraith Construct unit within 12"" of the bearer (excluding TITANIC units). Until the start of your next Command phase, each time a model in that unit makes an attack, on a Critical Wound, that attack has the [precision] ability."
000009342003|AE|Aeldari|Song of Renewal|0|000000921|Wraiths of the Void|false||"In your Command phase, the bearer can use this Enhancement. If it does, select one friendly WRAiTH CONSTRUCT unit within 6"" of and visible to the bearer. Return one destroyed model to that WRAITH CONSTRUCT unit with its full wounds remaining. The bearer can only use this Enhancement up to two times."
000009769003|AE|Aeldari|Guiding Presence|25|000000990|Armoured Warhost|false||"AELDARI PSYKER model only. At the start of your Shooting phase, select one visible friendly AELDARI VEHICLE unit within 6"" of this model. That VEHICLE unit’s ranged attacks have +1 to hit rolls."
000010649003|AE|Aeldari|Weavers’ Wail|20|000001124|Serpent’s Brood|false||Troupe Master model only. Add 3 to the Strength and add 1 to the Attacks characteristics of the bearer’s melee weapons.
000010704003|AE|Aeldari|Webway Pathstone|25|000001136|Corsair Coterie|false||Anhrathe unit only. Models in this unit have the Deep Strike ability. In addition, once per battle, at the end of your opponent’s turn, if this unit is not within Engagement Range of one or more enemy units, it can use this ability. If it does, remove this unit from the battlefield and place it into Strategic Reserves.
000009915003|AE|Aeldari|Mask of Secrets|15|000001021|Ghosts of the Webway|false||Harlequins model only. Each time an enemy unit (excluding MONSTERS and VEHICLES) within Engagement Range of the bearer’s unit Falls Back, all models in that enemy unit must take a Desperate Escape test. When doing so, if that enemy unit is Battle-shocked, subtract 1 from each of those tests.
000009351003|AE|Aeldari|Path of Eldanesh|0|000000922|Star-dancer Masque|false||The bearer has the Fights First ability and, each time the bearer opens a Hatchway, until the end of the turn, improve the Armour Penetration characteristic of melee weapons equipped by the bearer by 1.
000011052003|AE|Aeldari|Prelude Performer|20|000001203|Twilight Flickers|false||"HARLEQUINS model only. This unit has Scouts 6"""
000009903003|AE|Aeldari|Mirage Field|25|000001018|Windrider Host|false||Asuryani Mounted model only. Each time an attack targets the bearer’s unit, subtract 1 from the Hit roll.
000009325003|AE|Aeldari|Shieldmaster|0|000000919|Khaine’s Arrow|false||Once per turn, in your Movement phase, after the bearer has moved, you can close one open Hatchway it moved through this phase (this can be done in addition to operating a Hatchway using the Unerring Strike Detachment rule).
000009334003|AE|Aeldari|Rallying Cry|0|000000920|Protector Host|false||In the Deploy Armies step, when the bearer is set up in an Entry Zone, you can set up two friendly GUARDiANS units within that Entry Zone instead of any other units.
000011048003|AE|Aeldari|Assassins' Eye|15|000001202|Path of the Outcast|true||RANGERS/SHROUD RUNNERS unit only. This unit’s ranged attacks that target a CHARACTER unit have +1 AP.
000009927003|AE|Aeldari|Mantle of Wisdom|20|000001024|Aspect Host|false||Autarch or Autarch Wayleaper model only. While the bearer is leading an Aspect Warriors unit, each time that unit is selected to shoot or fight, until the end of the phase, models in that unit gain both of the abilities from the Path of the Warrior Detachment rule.
000009927004|AE|Aeldari|Shimmerstone|10|000001024|Aspect Host|false||Autarch or Autarch Wayleaper model only. While the bearer is leading an Aspect Warriors unit, each time a ranged attack targets that unit, subtract 1 from the Wound roll.
000009903004|AE|Aeldari|Seersight Strike|15|000001018|Windrider Host|false||Asuryani Mounted Psyker model only. Psychic weapons equipped by the bearer have the [anti-monster 2+] and [anti-vehicle 2+] abilities.
000010649004|AE|Aeldari|Fanged Leer|10|000001124|Serpent’s Brood|false||Death Jester model only. When using the bearer’s Cruel Amusement ability, you can select two of the abilities for its shrieker cannon to gain, instead of one.
000010699004|AE|Aeldari|Exotic Munitions|15|000001135|Eldritch Raiders|false||Anhrathe unit only. Ranged weapons equipped by models in this unit have the [ANTI-MONSTER 5+] and [ANTI-VEHICLE 5+] abilities.
000009915004|AE|Aeldari|Murder’s Jest|20|000001021|Ghosts of the Webway|false||Death Jester model only. Each time the bearer makes an attack that targets a unit that is Below Half-strength, each successful Hit roll scores a Critical Hit.
000009911004|AE|Aeldari|Protector of the Paths|20|000001020|Guardian Battlehost|false||Asuryani model only. While the bearer is leading a Dire Avengers or Guardians unit, once per battle round, you can target the bearer’s unit with the Fire Overwatch Stratagem for 0CP, and while resolving that Stratagem, hits are scored on unmodified Hit rolls of 5+, or unmodified Hit rolls of 4+ instead if the bearer’s unit is within range of an objective marker you control.
000009923004|AE|Aeldari|Stone of Eldritch Fury|15|000001023|Seer Council|false||"Asuryani Psyker model only. Add 12"" to the Range characteristic of ranged Psychic weapons equipped by the bearer."
000009919004|AE|Aeldari|Borrowed Vigour|10|000001022|Devoted of Ynnead|false||Archon model only. Add 2 to the Attacks characteristic of the bearer’s melee weapons.
000009907004|AE|Aeldari|Rune of Mists|10|000001019|Spirit Conclave|false||"Spiritseer model only. In your Command phase, select one friendly Wraith Construct unit within 12"" of the bearer. Until the start of your next Command phase, each time a ranged attack targets that unit, unless the attacking model is within 18"", models in that unit have the Benefit of Cover against that attack."
000010704004|AE|Aeldari|Archraider|35|000001136|Corsair Coterie|false||"ANHRATHE CHARACTER unit only. At the start of the battle, select one CHARACTER model in this unit. That model has the following ability: Lord of Deceit (Aura): Once per turn, when your opponent targets a unit from their army within 12"" of this model with a stratagem, you can use this ability. If you do, increase the CP cost of that use of that stratagem by 1CP."
000009899004|AE|Aeldari|Gift of Foresight|15|000001017|Warhost|false||Asuryani model only. Once per battle round, you can target the bearer’s unit with the Command Re-roll Stratagem for 0CP.
000009923005|AE|Aeldari|Torc of Morai-Heg|20|000001023|Seer Council|false||"Asuryani Psyker model only. Once per turn, when your opponent targets a unit from their army within 12"" of the bearer with a Stratagem, the bearer can use this Enhancement. If it does, increase the CP cost of that usage of that Stratagem by 1CP."
000009903005|AE|Aeldari|Echoes of Ulthanesh|20|000001018|Windrider Host|false||Asuryani Mounted model only. In your Command phase, roll one D6, adding 1 to the result if the bearer is not within your deployment zone, and adding an additional 1 to the result if the bearer is within your opponent’s deployment zone: on a 5+, you gain 1CP.
000010699005|AE|Aeldari|Adrenal Infusions|20|000001135|Eldritch Raiders|false||Anhrathe Infantry unit only. This unit can perform the Fade Back Agile Manoeuvre without spending a Battle Focus token to do so. It can do so even if other units have done so in the same phase, and doing so does not prevent other units from performing the same Agile Manoeuvre in the same phase.
000009927005|AE|Aeldari|Strategic Savant|10|000001024|Aspect Host|false||Autarch or Autarch Wayleaper model only. While the bearer is leading an Aspect Warriors unit, add 1 to the Objective Control characteristic of models in that unit.
000009907005|AE|Aeldari|Higher Duty|25|000001019|Spirit Conclave|false||"SPIRITSEER model only. In your opponent’s Movement phase, if an enemy unit ends a move within 8"" of this unit, if this unit is not within Engagement Range of one or more enemy units, this unit can make a Normal move of up to 6""."
000009919005|AE|Aeldari|Morbid Might|15|000001022|Devoted of Ynnead|false||Succubus model only. Each time the bearer makes a melee attack, you can re-roll the Wound roll.
000009911005|AE|Aeldari|Breath of Vaul|10|000001020|Guardian Battlehost|false||Asuryani model only. While the bearer is leading a Storm Guardians unit, each time you roll to determine the number of attacks made with a flamer equipped by a model in that unit, you can re-roll the result, and each time you make a Damage roll for a model equipped with a fusion gun in that unit, you can re-roll the result.
000009915005|AE|Aeldari|Mistweave|15|000001021|Ghosts of the Webway|false||Shadowseer model only. While the bearer is leading a unit, models in that unit have the Infiltrators ability.
000009899005|AE|Aeldari|Psychic Destroyer|30|000001017|Warhost|false||Asuryani Psyker model only. Add 1 to the Damage characteristic of ranged Psychic weapons equipped by the bearer.
000010704005|AE|Aeldari|Voidstone|15|000001136|Corsair Coterie|false||Anhrathe Infantry unit only. Models in this unit have a 5+ invulnerable save.
000010649005|AE|Aeldari|Shedskin Raiment|25|000001124|Serpent’s Brood|false||Shadowseer model only. After both players have deployed their armies, select up to three Harlequins units from your army and redeploy them. When doing so, you can set those units up in Strategic Reserves, regardless of how many units are already in Strategic Reserves.
000009857002|AM|Astra Militarum|Eager Advance|20|000001010|Siege Regiment|false||"Infantry Officer model only. While the bearer is leading a Regiment unit, that unit has the Scouts 6"" ability."
000010791002|AM|Astra Militarum|Exemplary Officer|20|000001150|Armoured Infantry|false||"Infantry Officer model only. Each time the bearer issues an Order to its own unit, you can select up to two other Platoon units within 3"" of the bearer’s unit. That Order is also issued to each of those units."
000009801002|AM|Astra Militarum|Bombast-class Vox-array|15|000000996|Bridgehead Strike|false||MILITARUM TEMPESTUS OFFICER model only. When this model issues an Order, if this unit has the Master Vox wargear ability, this model can issue that Order to up to three different REGIMENT units, instead of only one.
000008380002|AM|Astra Militarum|Death Mask of Ollanius|10|000000760|Combined Arms|false||Officer model only. While the bearer’s unit is Battle-shocked, subtract 1 from the Objective Control characteristic of models in that unit, instead of changing it to 0.
000009380002|AM|Astra Militarum|Rigged Blind Grenades|0|000000927|Embarked Regiment|false||Once per battle, when an enemy unit opens a Hatchway, if the bearer is on the battlefield, it can use this Enhancement. If it does, roll one D6: on a 2+, that enemy unit is Battle-shocked.
000010916002|AM|Astra Militarum|Long-Range Scout|10|000001163|Designation Force|true||SCOUT SENTINEL unit only. This unit has Infiltrators
000010637002|AM|Astra Militarum|Abhuman Detail|20|000001121|Grizzled Company|false|LEADER: OGRYN SQUAD, BULLGRYN SQUAD|Commissar model only. Add the Ogryn keyword to the list of units this model can issue Orders too (as stated on its datasheet). In the Declare Battle Formations step, the bearer can be attached to an Ogryn Squad or Bullgryn squad unit.
000009389002|AM|Astra Militarum|Covert Breach|0|000000928|Tempestus Boarding Regiment|false||"At the start of the first battle round, the bearer’s unit can make a Normal move of up to 6""."
000010912002|AM|Astra Militarum|Sharp eyes, Light fingers|10|000001161|Abhuman Auxiliaries|true||"RATLINGS unit only. When this unit is selected to shoot, enemy units have +6"" detection range until this unit has shot."
000009869002|AM|Astra Militarum|Guerrilla Honours|25|000001013|Recon Element|false||Infantry Officer model only. After both players have deployed their armies, if the bearer is on the battlefield, select up to three other Astra Militarum Infantry units from your army and redeploy them. When doing so, you can set those units up in Strategic Reserves if you wish, regardless of how many units are already in Strategic Reserves.
000009865002|AM|Astra Militarum|Calm Under Fire|15|000001012|Hammer of the Emperor|false||Vehicle Officer model only. Once per turn, after the bearer issues an Order to a Squadron unit from your army, it can issue the same Order to another SQUADRON unit from your army.
000010787002|AM|Astra Militarum|Battalion Commander|30|000001149|Steel Hammer|false||Astra Militarum Titanic Character model only. The bearer has the Voice of Command ability and the Officer keyword, and can issue up to 2 Orders to Astra Militarum Titanic and Squadron units.
000009861002|AM|Astra Militarum|Bold Leadership|25|000001011|Mechanised Assault|false||Infantry Officer model only. If you control an objective marker at the end of your Command phase, and the bearer’s unit (or any Transport it is embarked within) is within range of that objective marker, that objective marker remains under you control, even if you have no models within range of it, until your opponent controls it at the start or end of any turn.
000010637003|AM|Astra Militarum|Aquilan Eye|20|000001121|Grizzled Company|false||"Astra Militarum officer model only. Each time you select an Order for the bearer to issue, you can select the Order below: Target Weak Spot (Order): Each time a model in this unit makes a ranged attack that targets an enemy unit within 12"", improve the Armour Penetration characteristic of that attack by 1."
000010791003|AM|Astra Militarum|Master Manoeuvrist|15|000001150|Armoured Infantry|false||"Infantry Officer model only. At the end of your opponent’s Fight phase, if the bearer’s unit is not within Engagement Range of one or more enemy units and every model in that unit is within 3"" of an Astra Militarum Transport from your army, it can embark within that TRANSPORT."
000010787003|AM|Astra Militarum|Titan Killer|20|000001149|Steel Hammer|false||Astra Militarum Titanic Character model only. Each time the bearer makes a ranged attack, you can re-roll the Damage roll.
000010912003|AM|Astra Militarum|Exemplar of Duty|10|000001161|Abhuman Auxiliaries|true|LEADER: OGRYN SQUAD, BULLGRYN SQUAD|COMMISSAR model only. This model has Feel No Pain 4+.
000010916003|AM|Astra Militarum|Recon Star|10|000001163|Designation Force|true||ASTRA MILITARUM INFANTRY PLATOON unit only. In your first Movement phase, this unit can make an ingress move.
000009869003|AM|Astra Militarum|Scare Gas Grenades|5|000001013|Recon Element|false||"Astra Militarum Infantry model only. Once per battle, at the start of any phase, the bearer can use this Enhancement. If it does, select one enemy unit within 8"" of the bearer’s unit (excluding MONSTER and VEHICLE units); that unit must take a Battle-shock test."
000009861003|AM|Astra Militarum|Sacred Unguents|10|000001011|Mechanised Assault|false||"Astra Militarum Tech-Priest Enginseer model only. At the start of your Shooting phase, select one Transport from your army (excluding Aircraft and Titanic units) within 3"" of the bearer. Until the end of the phase, each time that TRANSPORT makes an attack, you can re-roll the Hit roll."
000008380003|AM|Astra Militarum|Drill Commander|20|000000760|Combined Arms|false||Officer model only. While the bearer is leading a unit, each time a model in that unit makes a ranged attack, if that unit Remained Stationary this turn, a Critical Hit is scored on a successful unmodified Hit roll of 5+.
000009865003|AM|Astra Militarum|Indomitable Steed|15|000001012|Hammer of the Emperor|false||Vehicle Officer model only. The bearer has the Feel No Pain 6+ ability.
000009380003|AM|Astra Militarum|Shipboard Veteran|0|000000927|Embarked Regiment|false||Each time you target an ASTRA MILITARUM unit from your army with a Stratagem, if that unit is visible to the bearer, roll one D6: on a 4+, you gain 1CP.
000009857003|AM|Astra Militarum|Flash Grenades|20|000001010|Siege Regiment|false||Infantry Officer model only. Enemy units cannot use the Fire Overwatch Stratagem to shoot at the bearer’s unit.
000009389003|AM|Astra Militarum|Elimination Force|0|000000928|Tempestus Boarding Regiment|false||At the start of the first battle round, select one enemy unit. Each time a model in the bearer’s unit makes an attack that targets that enemy unit, if the Strength characteristic of that attack is less than the Toughness characteristic of that enemy unit, add 1 to the Wound roll.
000009801003|AM|Astra Militarum|Priority drop Beacon|25|000000996|Bridgehead Strike|false||MILITARUM TEMPESTUS OFFICER model only. In your first Movement phase, this unit can make an ingress move.
000009857004|AM|Astra Militarum|Legacy Sidearm|10|000001010|Siege Regiment|false||Infantry Officer model only. Add 2 to the Attacks characteristics of the bearers Pistols.
000010787004|AM|Astra Militarum|Engine Speaker|15|000001149|Steel Hammer|false||"Astra Militarum Tech-Priest Enginseer model only. Each time the bearer uses its Omnissiah’s Blessing ability, until the start of your next Command phase, add 3"" to the Move characteristic of the selected VEHICLE model."
000009869004|AM|Astra Militarum|Survival Gear|5|000001013|Recon Element|false||"Astra Militarum Infantry model only. The bearer has the Scouts 6"" ability."
000010637004|AM|Astra Militarum|Spec Ops Veteran|15|000001121|Grizzled Company|false||Astra Militarum Infantry officer model only. Each time you select an Order for the bearer to issue, you can select the Order below: Move to the Shadows (Order): Each time a ranged attack targets this unit, until those attacks are resolved, models in this unit have the Stealth ability.
000010791004|AM|Astra Militarum|Omnissian Unguents  (Aura)|35|000001150|Armoured Infantry|false||"Astra Militarum Tech-Priest Enginseer model only. While a friendly Armoured Skirmisher unit is within 3"" of the bearer, that unit has the Feel No Pain 5+ ability."
000009861004|AM|Astra Militarum|Smoke Grenades|10|000001011|Mechanised Assault|false||"Infantry Officer model only. The bearer’s unit has the Benefit of Cover and the Stealth ability while the bearer’s unit is wholly within 3"" of one or more friendly TRANSPORT models."
000008380004|AM|Astra Militarum|Grand Strategist|15|000000760|Combined Arms|false||Officer model only. In your Command phase, the bearer can issue one additional Order.
000009865004|AM|Astra Militarum|Regimental Banner|20|000001012|Hammer of the Emperor|false||Vehicle Officer model only. Add 3 to the bearer’s Objective Control characteristic.
000010637005|AM|Astra Militarum|Laud Hailer|10|000001121|Grizzled Company|false||"Astra Militarum officer model only. Each time you select a unit for this OFFICER model to issue an Order to, that unit can be within 12"" instead of within 6""."
000010791005|AM|Astra Militarum|Grand Strategist|25|000001150|Armoured Infantry|false||Officer model only. After both players have deployed their armies, if the bearer’s unit (or any Transport it is embarked within) is on the battlefield, select up to two units with the Regiment or Squadron keywords from your army and redeploy them. When doing so, you can set those units up in Strategic Reserves, regardless of how many units are already in Strategic Reserves.
000009857005|AM|Astra Militarum|Stalwart’s Honours|15|000001010|Siege Regiment|false||Officer model only. While the bearer is leading a unit, when that unit is issued an Order, it is also affected by the Take Cover! Order.
000009869005|AM|Astra Militarum|Tripwires|20|000001013|Recon Element|false||"Astra Militarum Infantry model only. Each time an enemy INFANTRY or MOUNTED unit ends a Normal, Advance, Charge or Fall Back move within 8"" of the bearer’s unit, roll one D6: on a 4+, until the start of your next turn, that enemy unit is stunned. While a unit is stunned, each time a model in that unit makes an attack, subtract 1 from the Hit roll."
000009861005|AM|Astra Militarum|Vanguard Honours|15|000001011|Mechanised Assault|false||Infantry Officer model only. The bearer’s unit can disembark from a Transport after it has Advanced. If it does, it makes a shock disembark move (Core Rules, 18.07) for that disembarkation.
000008380005|AM|Astra Militarum|Reactive Command|15|000000760|Combined Arms|false||"Officer model only. Each time an enemy unit is set up within 8"" of the bearer’s unit, the bearer can issue one Order. This is not counted towards the number of Orders the bearer can issue in a battle round."
000009865005|AM|Astra Militarum|Veteran Crew|20|000001012|Hammer of the Emperor|false||Vehicle Officer model only. Each time a model in the bearer’s unit makes a ranged attack, re-roll a Hit roll of 1.
000010787005|AM|Astra Militarum|Assault Hatches|25|000001149|Steel Hammer|false||Astra Militarum Titanic Character Transport model only. Each time a unit disembarks from the bearer after it has made a Normal move, that unit makes an assault disembark move (Core Rules, 18.06) for that disembarkation.
000009134002|AoI|Imperial Agents|Daemon Slayer|10|000000894|Ordo Malleus Daemon Hunters|false||INqUISITOR model only. Add 1 to the Attacks characteristic of the bearers melee weapons, and those weapons have the [ANTI-DAEMON 3+] ability.
000009757002|AoI|Imperial Agents|Decoy Targets|15|000000987|Veiled Blade Elimination Force|false||Callidus Assassin models only. Twice per battle, in your Movement phase, you can select one other friendly Infantry model that is on the battlefield and not within Engagement Range of one or more enemy units. The selected model is destroyed (ignoring any rules that are triggered when a model is destroyed) and this model is removed from the battlefield and set up again as close as possible to where that destroyed model was and not within Engagement Range of one or more enemy units. This ability cannot be used more than once in the same battle round.
000009369002|AoI|Imperial Agents|Manhunter’s Helm|0|000000925|Interdiction Team|false||Proctor-Exactant model only. At the start of the first battle round, select one enemy unit to be your Priority Target. Each time an ADEPTUS ARbiTES model from your army makes an attack that targets your Priority Target, if the bearer is on the battlefield, add 1 to the Wound roll. Each time your Priority Target is destroyed, if the bearer is on the battlefield, you can select a new enemy unit to be your Priority Target.
000009126002|AoI|Imperial Agents|Amulet of Auto-Chastisement|25|000000892|Ordo Xenos Alien Hunters|false||"WATCH MASTER model only. At the start of your opponents Shooting phase, select one enemy VEHICLE unit (excluding TITANIC units) within 12"" of and visible to the bearer. That unit must take a Leadership test. If that test is passed, until the end of the phase, each time a model in that unit makes an attack, subtract 1 from the Hit roll; if that test is failed, that unit is not eligible to shoot this phase."
000009130002|AoI|Imperial Agents|Ignis Judicium|10|000000893|Ordo Hereticus Purgation Force|false||INqUISITOR or MINISTORUM PRIEST model only. The bearers ranged weapons have the [DEVASTATING WOUNDS], [MELTA 1] and [PRECISION] abilities.
000009360002|AoI|Imperial Agents|Lathimon’s Flock|0|000000924|Voidship’s Company|false||VOiDFARERS model only. In the Deploy Armies step, your opponent must deploy their entire army before you deploy yours. If both players have this rule, they must roll off and deploy their armies normally. In addition, IMPERiAL NAvY BREACHERS units from your army gain the Infiltrators ability.
000009138002|AoI|Imperial Agents|Clandestine Operation|15|000000895|Imperialis Fleet|false||AGENTS OF THE IMPERIUM model only. At the start of the Declare Battle Formations step, you can select up to three AGENTS OF THE IMPERIUM INFANTRy units from your army (excluding GREy KNIGHTS TERMINATOR SqUAD units) - those units gain the Infiltrators ability.
000009134003|AoI|Imperial Agents|Formidable Resolve|5|000000894|Ordo Malleus Daemon Hunters|false||"INqUISITOR model only. Improve the bearer’s Leadership and Wounds characteristics by 1. Once per battle, at the start of any phase, you can select one friendly Battle-shocked unit within 12"" of the bearer. That unit is no longer Battle-shocked."
000009360003|AoI|Imperial Agents|Heirloom Blade|0|000000924|Voidship’s Company|false||VOiDFARERS model only. Once per battle, when the bearer’s unit is selected to light, it can use this Enhancement. If it does, until the end of the phase, improve every characteristic of the bearer’s monomolecular cane-rapier by 1.
000009126003|AoI|Imperial Agents|Beacon Angelis|30|000000892|Ordo Xenos Alien Hunters|false||WATCH MASTER model only. Models in the bearer’s unit have the Deep Strike ability. In addition, you can target the bearer’s unit with the Rapid Ingress Stratagem for 0CP.
000009130003|AoI|Imperial Agents|Liber Heresius|10|000000893|Ordo Hereticus Purgation Force|false||INqUISITOR or MINISTORUM PRIEST model only. After both players have deployed their armies, select up to three AGENTS OF THE IMPERIUM units from your army and redeploy them. When doing so, you can set those units up in Strategic Reserves if you wish, regardless of how many units are already in Strategic Reserves.
000009138003|AoI|Imperial Agents|Combat Landers|10|000000895|Imperialis Fleet|false||VOIDFARERS model only. At the start of the Declare Battle Formations step, you can select up to three VOIDFARERS units from your army - those units gain the Deep Strike ability.
000009757003|AoI|Imperial Agents|Esoteric Explosives|10|000000987|Veiled Blade Elimination Force|false||Culexus Assassin models only. Each time this model is targeted with the Explosives Stratagem, 1 mortal wound is inflicted for each D6 roll of 3+ instead of for each 4+.
000009369003|AoI|Imperial Agents|Vasov’s Auto-Oppressor|0|000000925|Interdiction Team|false||Proctor-Exactant model only. At the end of your Movement phase, you can select one enemy unit visible to the bearer. Until the start of your next Movement phase, halve the Move characteristic of models in that unit and halve Advance and Charge rolls made for it.
000009138004|AoI|Imperial Agents|Digital Weapons|10|000000895|Imperialis Fleet|false||AGENTS OF THE IMPERIUM model only. Each time the bearer is selected to fight, roll three D6: for each 4+, one enemy unit within Engagement Range of the bearer suffers 1 mortal wound. Mortal wounds inflicted by this Enhancement are allocated as if they had the [PRECISION] ability.
000009126004|AoI|Imperial Agents|Blackweave Shroud|15|000000892|Ordo Xenos Alien Hunters|false||AGENTS OF THE IMPERIUM model only. The bearer has the Feel No Pain 4+ ability.
000009757004|AoI|Imperial Agents|Intraneural Biotech|15|000000987|Veiled Blade Elimination Force|false||EVERSOR ASSASSIN model only. You can target this unit with the Heroic Intervention stratagem, regardless of any other uses of that stratagem this phase. If you do: • That use is -1 CP. • That use does not prevent any uses of that stratagem on other units this phase.
000009130004|AoI|Imperial Agents|No Escape (Aura)|25|000000893|Ordo Hereticus Purgation Force|false||"INqUISITOR model only. While an enemy unit is within 6"" of the bearer, each time it is selected to Fall Back it must first take a Leadership test. If that test is failed, that unit must Remain Stationary this phase instead."
000009134004|AoI|Imperial Agents|Gift of the Prescient|20|000000894|Ordo Malleus Daemon Hunters|false||"INqUISITOR model only. Once per battle, if the bearer is on the battlefield, you can use the Rapid Ingress Stratagem for 0CP. When doing so, you must target a GREy KNIGHTS TERMINATOR SqUAD unit from your army, and when using that Stratagem, that unit can be set up anywhere on the battlefield that is more than 6"" away from all enemy units."
000009130005|AoI|Imperial Agents|Witch Hunter|15|000000893|Ordo Hereticus Purgation Force|false||INqUISITOR or MINISTORUM PRIEST model only. While the bearer is leading a unit, each time a model in that unit makes an attack that targets a PSyKER unit, you can re-roll the Hit roll.
000009138005|AoI|Imperial Agents|Fleetmaster|20|000000895|Imperialis Fleet|false||VOIDFARERS model only. Once per battle round, you can target the bearer’s unit with the Violent Acquisition, Masters of the Void or Close-quarters Barrage Stratagems for 0CP.
000009757005|AoI|Imperial Agents|Micromelta Rounds|20|000000987|Veiled Blade Elimination Force|false||Vindicare Assassin models only. This model’s exitus rifle has the [ANTI-MONSTER 4+] and [ANTI-VEHICLE 4+] abilities.
000009126005|AoI|Imperial Agents|Universal Anathema|10|000000892|Ordo Xenos Alien Hunters|false||AGENTS OF THE IMPERIUM model only. Melee weapons equipped by the bearer have the [ANTI-INFANTRy 2+] and [ANTI-MONSTER 4+] abilities.
000009134005|AoI|Imperial Agents|Grimoire of True Names (Aura)|10|000000894|Ordo Malleus Daemon Hunters|false||"INqUISITOR model only. While an enemy unit is within 9"" of the bearer, worsen the Leadership characteristic of models in that unit by 1. In addition, while an enemy DAEMON unit is within 9"" of the bearer, each time a model in that DAEMON unit makes an attack, subtract 1 from the Hit roll and subtract 1 from the Wound roll."
000010860002|AS|Adepta Sororitas|Clarion of Urgency|15|000001155|Chorus of Condemnation|false||CANONESS WITH JUMP PACK model only. At the end of your opponent’s Fight phase, if this unit is unengaged, you can place this unit in strategic reserves.
000010864002|AS|Adepta Sororitas|Writ of Compunction|20|000001156|Sacred Champions|true||CELESTIAN SACRESANTS unit only. This unit has +1 OC.
000010868002|AS|Adepta Sororitas|Hagiomnifex|25|000001157|Sanctified Orators|true||"ADEPTA SORORITAS CHARACTER model only (excluding PENITENT units). (Once per turn, per unit) At the start of a phase, you can use this ability. If you do, select one of the abilities below: • Rite of Revelation: While this unit is shooting, enemy units have +6"" detection range. • Sermon of Intolerance: This unit’s battle-shock rolls automatically succeed. • Catechism of Raging Fervour: This unit has +1"" M. • Psalm of Righteous Smiting: This unit’s attacks have +1 S. • Chorus of Repudiation: Attacks that target this unit with a S greater than this unit’s T have -1 to wound rolls."
000009037002|AS|Adepta Sororitas|Litanies of Faith|10|000000880|Army of Faith|false||CANONESS or PALATINE model only. At the start of your Command phase, if the bearer is on the battlefield, take a Leadership test for the bearer. If that test is passed, you gain 1 Miracle dice.
000009831002|AS|Adepta Sororitas|Triptych of Judgement|15|000001003|Champions of Faith|false||ADEPTA SORORITAS model only. Each time a model in the bearer’s unit makes an attack, you can ignore any or all modifiers to that attack’s Ballistic Skill or Weapon Skill characteristics and/or any or all modifiers to the Hit roll.
000009033002|AS|Adepta Sororitas|Righteous Rage|15|000000879|Bringers of Flame|false||ADEPTA SORORITAS model only. Each time the bearer is selected to fight, you can first discard up to 3 Miracle dice. For each Miracle dice just discarded, until the end of the phase, add 1 to the Attacks and Strength characteristics of the bearer’s melee weapons.
000008470002|AS|Adepta Sororitas|Saintly Example|10|000000791|Hallowed Martyrs|false||ADEPTA SORORITAS model only. When the bearer is destroyed, you gain an additional D3 Miracle dice.
000009308002|AS|Adepta Sororitas|Martial Discipline|0|000000916|Pious Protectors|false||"At the start of your Shooting phase, you can select one friendly ADEPTA SORORITAS unit within 6"" of the bearer. Until the end of the phase, that unit is eligible to shoot in a turn in which it Advanced or Fell Back."
000009029002|AS|Adepta Sororitas|Psalm of Righteous Judgement|20|000000878|Penitent Host|false||ADEPTA SORORITAS model only. While the bearer is on the battlefield, each time an enemy unit is destroyed by a penitent unit from you army, you can discard 1 Miracle dice then gain 1 Miracle dice showing a value of 6.
000009316002|AS|Adepta Sororitas|Fervent Ferocity|0|000000917|Penitents and Pilgrims|false||The bearer has the Feel No Pain 4+ ability.
000008470003|AS|Adepta Sororitas|Through Suffering, Strength|25|000000791|Hallowed Martyrs|false||ADEPTA SORORITAS model only. Add 1 to the Attacks, Strength and Damage characteristics of the bearer’s melee weapons. If the bearer has lost one or more wounds, add 2 to the Attacks, Strength and Damage characteristics of the bearer’s melee weapons instead.
000009033003|AS|Adepta Sororitas|Manual of Saint Griselda|20|000000879|Bringers of Flame|false||ADEPTA SORORITAS model only. At the start of your Command phase, you can discard up to 2 Miracle dice. Then, add 1 Miracle dice to your Miracle Dice pool showing a value equal to the sum of the two Miracle dice you just discarded (to a maximum of 6).
000010864003|AS|Adepta Sororitas|Perfervid Haste|10|000001156|Sacred Champions|false||"ADEPTA SORORITAS model only. This unit has +1"" M."
000009308003|AS|Adepta Sororitas|Limitless Resolve|0|000000916|Pious Protectors|false||While the bearer is on the battlefield, friendly Battle-shocked ADEPTA SORORITAS models (excluding ARCO-FLAGELLANTS and REPENTiA SqUAD models) have an Objective Control characteristic of 1.
000010860003|AS|Adepta Sororitas|Symphonic Payload|10|000001155|Chorus of Condemnation|true||EXORCIST unit only. This unit can re-roll rolls to determine the A of a weapon.
000009037003|AS|Adepta Sororitas|Blade of Saint Ellynor|15|000000880|Army of Faith|false||ADEPTA SORORITAS model only. Improve the Strength and Armour Penetration characteristics of the bearer’s melee weapons by 1, and those weapons have the [PRECISION] ability. In addition, each time the bearer fights, if one or more enemy models are destroyed by those attacks, you gain 1 Miracle dice.
000009316003|AS|Adepta Sororitas|Sanctification Rituals|0|000000917|Penitents and Pilgrims|false||The bearer can perform the Secure Site Tactical Manoeuvre as if it had the BATTLELINE keyword.
000009029003|AS|Adepta Sororitas|Verse of Holy Piety|15|000000878|Penitent Host|false||PENITENT model only. Once per battle, at the start of the battle round, select one Vow of Atonement. Until the start of the next battle round, that Vow of Atonement is active for the bearer’s unit in addition to any that is active for your army, even if you have already selected that Vow of Atonement this battle.
000009831003|AS|Adepta Sororitas|Mark of Devotion|30|000001003|Champions of Faith|false||ADEPTA SORORITAS model only. Add 1 to the Attacks characteristic of the bearer’s melee weapons. While the bearer’s unit is Righteous, add 2 to the Attacks characteristic and add 1 to the Damage characteristic of the bearer’s melee weapons instead.
000009033004|AS|Adepta Sororitas|Fire and Fury|30|000000879|Bringers of Flame|false||ADEPTA SORORITAS model only. While the bearer is leading a unit, add 1 to the Attacks characteristic of Torrent weapons equipped by models in that unit, and all other ranged weapons equipped by models in that unit have the [SUSTAINED HITS 1] ability.
000009037004|AS|Adepta Sororitas|Divine Aspect|5|000000880|Army of Faith|false||"ADEPTA SORORITAS model only. In your Movement phase, you can select one enemy unit within 12"" of the bearer; that unit must take a Battle-shock test. If that test is failed, you gain 1 Miracle dice."
000008470004|AS|Adepta Sororitas|Chaplet of Sacrifice|25|000000791|Hallowed Martyrs|false||ADEPTA SORORITAS model only. At the end of your Command phase, if the bearer is on the battlefield, you can re-roll 1 Miracle dice from your Miracle dice pool and return it to your Miracle dice pool showing the new result you rolled. When doing so, if the bearer's unit is below its Starting Strength, you can re-roll up to 3 Miracle dice in this way instead.
000009029004|AS|Adepta Sororitas|Refrain of Enduring Faith|15|000000878|Penitent Host|false||PENITENT model only. While the bearer is leading a unit, models in that unit have a 5+ invulnerable save.
000009831004|AS|Adepta Sororitas|Eyes of the Oracle|10|000001003|Champions of Faith|false||ADEPTA SORORITAS model only. The bearer’s weapons have the [PRECISION] ability. Each time the bearer’s unit destroys an enemy CHARACTER model, you gain 1CP.
000009033005|AS|Adepta Sororitas|Iron Surplice of Saint Istalela|10|000000879|Bringers of Flame|false||CANONESS or PALATINE model only. The bearer has a Save characteristic of 2+ and the Feel No Pain 5+ ability.
000009029005|AS|Adepta Sororitas|Catechism of Divine Penitence|15|000000878|Penitent Host|false|LEADER: REPENTIA SQUAD|CANONESS, PALATINE or MINISTORUM PRIEST model only. The bearer gains the PENITENT keyword.
000009831005|AS|Adepta Sororitas|Sanctified Amulet|25|000001003|Champions of Faith|false||"ADEPTA SORORITAS model only. Enemy units that are set up on the battlefield from Reserves cannot be set up within 12"" of the bearer."
000008470005|AS|Adepta Sororitas|Mantle of Ophelia|20|000000791|Hallowed Martyrs|false||Canoness or Palatine model only. Each time an attack is allocated to the bearer, change the Damage characteristic of that attack to 1.
000009037005|AS|Adepta Sororitas|Triptych of the Macharian Crusade|20|000000880|Army of Faith|false||ADEPTA SORORITAS model only. Each time the bearer uses an Act of Faith to substitute a saving throw, that saving throw is successful, irrespective of the value of the Miracle dice used.
000009806002|CD|Chaos Daemons|False Majesty (Aura)|30|000000997|Legion of Excess|false||"Legiones Daemonica Slaanesh model only. While a friendly LEGIONES DAEMONICA SLAANESH unit (excluding Monsters) is within 6"" of the bearer, each time a model in that unit makes a melee attack, add 1 to the Wound roll."
000009572002|CD|Chaos Daemons|Fatal Caress|0|000000956|Dread Carnival|false||Each time the bearer makes a melee attack, a Critical Wound is scored on an unmodified Wound roll of 5+.
000011020002|CD|Chaos Daemons|Apocalyptic Steeds|10|000001175|Cavalcade of Chaos|true||"LEGIONES DAEMONICA MOUNTED unit only. This unit has +1"" M."
000011028002|CD|Chaos Daemons|Bane-Forged Weapons|15|000001177|Warptide|true||LEGIONES DAEMONICA BATTLELINE unit only. This unit’s attacks have +1 S.
000009980002|CD|Chaos Daemons|Leaping Shadows|25|000001027|Shadow Legion|false||"Shadow Legion model only. Models in the bearer’s unit have the Scouts 9"" ability."
000009555002|CD|Chaos Daemons|Worthier Skulls|0|000000954|Infernal Onslaught|false||"Each time an enemy unit within Engagement Range of the bearer Falls Back, after that unit has moved, if the bearer is not within Engagement Range of one or more enemy units, it can make a Normal move of up to 6""."
000008438002|CD|Chaos Daemons|A’rgath, the King of Blades|20|000000779|Daemonic Incursion|false||Khorne Legiones Daemonica model only. Add 1 to the Attacks and Strength characteristics of the bearer’s melee weapons. While the bearer is within your army’s Shadow of Chaos, add 2 to the Attacks and Strength characteristics of the bearer’s melee weapons instead.
000009819002|CD|Chaos Daemons|Cankerblight|15|000001000|Plague Legion|false||"Legiones Daemonica Nurgle model only. Each time an enemy unit (excluding MONSTERS and VEHICLES) that is within 6"" of the bearer fails a Battle-shock test, the bearer can use this Enhancement. If it does, one model in that unit is destroyed (chosen by its controlling player). Each time the bearer uses this Enhancement, no mortal wounds are inflicted by your army’s Daemonic Terror rule."
000009815002|CD|Chaos Daemons|Slaughterthirst (Aura)|25|000000999|Blood Legion|false||"Legiones Daemonica Khorne model only. While a friendly LEGIONES DAEMONICA KHORNE unit (excluding Monsters) is within 6"" of the bearer, weapons equipped by models in that unit have the [LANCE] ability."
000009564002|CD|Chaos Daemons|Virulent Corruption|0|000000955|Rotten and Rusted|false||Each time an enemy unit within Engagement Range of the bearer is selected to Fall Back, models in that enemy unit must take Desperate Escape tests as if their unit was Battle-shocked. When doing so, if that enemy unit is also Battle-shocked by other means, subtract 1 from each of those Desperate Escape tests.
000011024002|CD|Chaos Daemons|Swollen with Power|10|000001176|Lords of the Warp|true||LEGIONES DAEMONICA CHARACTER model only (excluding MONSTER units). This model has +2 W.
000009580002|CD|Chaos Daemons|Fulgurating Presence|0|000000957|Pandaemoniac Inferno|false||Each time an attack targets the bearer, subtract 1 from the Hit roll.
000009810002|CD|Chaos Daemons|Inescapable Eye|15|000000998|Scintillating Legion|false||Legiones Daemonica Tzeentch model only. In your Command phase, if the bearer is on the battlefield, if your opponent has one or more Flux tokens, you gain one additional Flux token.
000009547002|CD|Chaos Daemons|Spite Made Manifest|0|000000953|Daemonic Incursion|false||Each time an enemy unit is selected to fight, melee weapons equipped by models in that unit have the [HAZARDOUS] ability while targeting the bearer’s unit.
000009980003|CD|Chaos Daemons|Mantle of Gloom (Aura)|20|000001027|Shadow Legion|false||Shadow Legion model only. While an enemy unit is within Engagement Range of the bearer’s unit, subtract 1 from the Objective Control characteristic of models in that enemy unit.
000009806003|CD|Chaos Daemons|Dreaming Crown (Aura)|30|000000997|Legion of Excess|false||"Legiones Daemonica Slaanesh model only. While a friendly LEGIONES DAEMONICA SLAANESH unit (excluding Monsters) is within 6"" of the bearer, each time a model in that unit makes a melee attack, add 1 to the Hit roll."
000009547003|CD|Chaos Daemons|Geller Breach|0|000000953|Daemonic Incursion|false||"Al the start of the first battle round, the bearer’s unit can make a Normal move of up to 6""."
000011028003|CD|Chaos Daemons|Soul-Hungry Slaughterers|10|000001177|Warptide|true||LEGIONES DAEMONICA BATTLELINE unit only. When you target this unit with the Heroic Intervention/Fire Overwatch stratagem, that use is -1 CP.
000008438003|CD|Chaos Daemons|Soulstealer|15|000000779|Daemonic Incursion|false||Slaanesh Legiones Daemonica model only. Each time the bearer destroys an enemy model with a melee attack, roll one D6, adding 1 to the result if the bearer is within your army’s Shadow of Chaos. On a 4+, the bearer regains 1 lost wound.
000009819003|CD|Chaos Daemons|Maggot Maws|15|000001000|Plague Legion|false||"Legiones Daemonica Nurgle model only. In your Shooting phase, select one enemy unit within 6"" of the bearer; that enemy unit must take a Battle-shock test. Then roll one D6: on a 3+, that enemy unit suffers D3 mortal wounds. Each time the bearer uses this Enhancement, no mortal wounds are inflicted by your army’s Daemonic Terror rule."
000009580003|CD|Chaos Daemons|Mutagenic Flames|0|000000957|Pandaemoniac Inferno|false||In your Shooting phase, after the bearer has shot, select one enemy unit hit by one or more of those attacks. Until the start of your next Shooting phase, each time a model in that unit makes an attack, subtract 1 from the Hit roll.
000009572003|CD|Chaos Daemons|Horrifying Visage|0|000000956|Dread Carnival|false||"Once per battle round, when an enemy unit within 9"" of the bearer attempts to perform a Tactical Manoeuvre or attempts to operate a Hatchway within 9"" of the bearer, the bearer can use this ability. If it does, that enemy unit must take a Leadership test, subtracting I from the result: if failed, that unit fails to perform that Tactical Manoeuvre or to operate that Hatchway and, until the start of your opponent’s next turn, that unit cannot perform Tactical Manoeuvres or operate Hatchways."
000009815003|CD|Chaos Daemons|Fury’s Cage|20|000000999|Blood Legion|false||Legiones Daemonica Khorne Monster model only. Each time the bearer is selected to fight, it can use this Enhancement. If it does, the bearer suffers D3+1 mortal wounds, and until the end of the phase, each time it makes an attack, you can re-roll the Hit roll and you can re-roll the Wound roll.
000009810003|CD|Chaos Daemons|Infernal Puppeteer|20|000000998|Scintillating Legion|false||"LEGIONES DAEMONICA TZEENTCH MONSTER model only. In your Shooting phase, when this unit is selected to shoot, while an enemy unit is visible to a friendly LEGIONES DAEMONICA TZEENTCH unit, that enemy unit has +9"" detection range until this unit has shot."
000009564003|CD|Chaos Daemons|Endless Gift|0|000000955|Rotten and Rusted|false||Add 2 to the bearers Wounds characteristic.
000011020003|CD|Chaos Daemons|Soul-Shattering Charge|10|000001175|Cavalcade of Chaos|true||"LEGIONES DAEMONICA MOUNTED unit only. When this unit is selected to fight, if this unit made a charge move this turn, you can use this ability. If you do, when determining which models in this unit can fight, friendly models that are within 3"" of enemy units engaged with this unit can target those enemy units."
000009555003|CD|Chaos Daemons|Unholy Fury|0|000000954|Infernal Onslaught|false||If the bearer is destroyed by a melee attack and it has not fought this phase, roll one D6: on a 2+, do not remove it from play. Ure destroyed model can fight after the attacking unit has finished making its attacks, and is then removed from play.
000008438004|CD|Chaos Daemons|The Endless Gift|30|000000779|Daemonic Incursion|false||Nurgle Legiones Daemonica model only. The bearer has the Feel No Pain 5+ ability.
000009980004|CD|Chaos Daemons|Fade to Darkness|30|000001027|Shadow Legion|false||Shadow Legion model only. At the end of the Fight phase, if the bearer’s unit destroyed one or more enemy units this phase and is not within Engagement Range of one or more enemy units, you can remove the bearer’s unit from the battlefield and place it into Strategic Reserves.
000009815004|CD|Chaos Daemons|Brazenmaw|15|000000999|Blood Legion|false||Legiones Daemonica Khorne model only. Add 2 to Charge rolls made for the bearer’s unit.
000009806004|CD|Chaos Daemons|Avatar of Perfection|15|000000997|Legion of Excess|false||"Legiones Daemonica Slaanesh Monster model only. At the start of each phase, if there are no other friendly units within 6"" of the bearer, you can: re-roll Advance rolls made for the bearer; re-roll Charge rolls made for the bearer; ignore any or all modifiers to its Move characteristic and to any Advance and/or Charge rolls made for the bearer."
000009819004|CD|Chaos Daemons|Droning Shroud (Aura)|35|000001000|Plague Legion|false||"Legiones Daemonica Nurgle Monster model only. While a friendly Legiones Daemonica Nurgle unit is within 6"" of the bearer, that unit can only be targeted by a ranged attack if the attacking model is within 18""."
000009810004|CD|Chaos Daemons|Neverblade|25|000000998|Scintillating Legion|false||Legiones Daemonica Tzeentch Monster model only. Improve the Strength characteristic of melee weapons equipped by the bearer by 2, improve the Attacks and Armour Penetration characteristics of melee weapons equipped by the bearer by 1, and each time the bearer makes a melee attack, add 1 to the Hit roll.
000009810005|CD|Chaos Daemons|Improbable Shield (Aura)|30|000000998|Scintillating Legion|false||"Legiones Daemonica Tzeentch model only. While a friendly Legiones Daemonica Tzeentch unit is within 6"" of the bearer, models in that unit have the Feel No Pain 4+ ability against Psychic Attacks and mortal wounds."
000008438005|CD|Chaos Daemons|The Everstave|25|000000779|Daemonic Incursion|false||"Tzeentch Legiones Daemonica model only. Add 1 to the Strength characteristic of the bearer’s ranged weapons and increase the Range characteristic of such weapons by 3"". While the bearer is within your army’s Shadow of Chaos, add 2 to the Strength characteristic of the bearer’s ranged weapons and increase the Range characteristic of such weapons by 6"" instead."
000009980005|CD|Chaos Daemons|Malice Made Manifest|25|000001027|Shadow Legion|false||Shadow Legion model only. At the start of the Fight phase, select one enemy unit within Engagement Range of the bearer’s unit and roll one D6: on a 2-5, that enemy unit suffers D3 mortal wounds; on a 6, that enemy unit suffers 3 mortal wounds.
000009815005|CD|Chaos Daemons|Gateway Unto Damnation|10|000000999|Blood Legion|false||Legiones Daemonica Khorne Monster model only. The bearer’s Deadly Demise ability inflicts mortal wounds on a D6 roll of 2+ instead of on a 6. In addition, if the bearer has destroyed one or more enemy units this battle, the bearer has the Deadly Demise D3+3 ability, instead of any other Deadly Demise ability on its datasheet.
000009806005|CD|Chaos Daemons|Soul Glutton|10|000000997|Legion of Excess|false||Legiones Daemonica Slaanesh Monster model only. At the end of the Fight phase, if one or more enemy models were destroyed this phase as a result of one or more of the bearer’s attacks, it can use this Enhancement. If it does, it regains up to D3 lost wounds.
000009819005|CD|Chaos Daemons|Font of Spores (Aura)|20|000001000|Plague Legion|false||"Legiones Daemonica Nurgle Monster model only. While a friendly Legiones Daemonica Nurgle unit is within 6"" of the bearer, improve the Armour Penetration characteristic of weapons equipped by models in that unit by 1."
000010743002|CSM|Chaos Space Marines|Wyredjinn|25|000001142|Cult of the Arkifane|false||HERETIC ASTARTES model only (excluding Damned models). At the start of your Command phase, if the bearer is on the battlefield, roll one D6, adding 1 to the result if the bearer is within range of an objective marker you control: on a 4+, you gain 1CP.
000008981002|CSM|Chaos Space Marines|Amulet of Tainted Vigour|20|000000872|Chaos Cult|false||DARK APOSTLE model only. In your Command phase, you can return up to D3 destroyed DAMNED models (excluding CHARACTER models) to the bearer’s unit.
000008976002|CSM|Chaos Space Marines|Bastion Plate|10|000000871|Fellhammer Siege-host|false||CHAOS LORD model only (excluding JUMP PACK models). Once per battle round, when a saving throw is failed for the bearer’s unit, you can change the Damage characteristic of that attack to 0.
000008964002|CSM|Chaos Space Marines|Cursed Fang|10|000000868|Deceptors|false||HERETIC ASTARTES INFANTRY model only. Improve the Armour Penetration characteristic of the bearer’s melee weapons by 1, and the bearer’s melee weapons have the [PRECISION] ability.
000008960002|CSM|Chaos Space Marines|Eager for Vengeance|20|000000867|Veterans of the Long War|false||HERETIC ASTARTES model only (excluding DAMNED models). The bearer’s unit is eligible to shoot and declare a charge in a turn in which it Fell Back. Each time a model in the bearer’s unit makes an attack that targets your focus of hatred, if the bearer’s unit Fell Back this turn, add 1 to the Hit roll, and each time you select your focus of hatred as a target of that unit’s charge, add 1 to the Charge roll.
000009773002|CSM|Chaos Space Marines|Surgical Precision|10|000000991|Creations of Bile|false||HERETIC ASTARTES model (excluding Damned models) only. The bearer’s melee weapons have the [PRECISION] ability.
000010151002|CSM|Chaos Space Marines|Touched by the Warp|10|000001058|Cabal of Chaos|false||HERETIC ASTARTES model only (excluding KHORNE models). • This model has PSYKER. • This model’s weapons have [PSYCHIC].
000009512002|CSM|Chaos Space Marines|Rabble Rouser|0|000000947|Underdeck Uprising|false||"Once per turn, when a friendly CULTiST MOb or FELLGOR BEASTMEN unit within 6"" of the bearer is selected to shoot or fight, the bearer can use this Enhancement. If it does, until the end of the phase, add 1 to the Attacks characteristic of weapons equipped by models in that friendly unit."
000009503002|CSM|Chaos Space Marines|Voice of the Octed|0|000000946|Infernal Reavers|false||Each time the bearer’s unit makes a Dark Pact, until the end of the phase, weapons equipped by models in that unit gain both abilities conferred by that Dark Pact (instead of only one).
000010739002|CSM|Chaos Space Marines|Infernal Fulgurite|20|000001141|Warpstrike Champions|false||HERETIC ASTARTES model only (excluding Damned models). Once per battle, you can target the bearer’s unit with the Rapid Ingress Stratagem for 0CP, and can do so even if you have already targeted a different unit with that Stratagem this phase.
000008972002|CSM|Chaos Space Marines|Eater of Dread|15|000000870|Dread Talons|false||HERETIC ASTARTES model only. At the start of your Command phase, if the bearer is on the battlefield, roll one D6, adding 1 to the result for each Battle-shocked enemy unit that is on the battlefield: on a 5+, you gain 1CP.
000010988002|CSM|Chaos Space Marines|Shadowcowl Talisman|20|000001184|Murdertalon Raiders|false||CHAOS LORD WITH JUMP PACK model only. This unit has 5+ InSv.
000008968002|CSM|Chaos Space Marines|Despot’s Claim|15|000000869|Renegade Raiders|false||"HERETIC ASTARTES model only. At the start of your Command phase, if the bearer is on the battlefield, roll one D6, adding 1 to the result if the bearer is wholly within 12"" of your opponent’s deployment zone: on a 5+, you gain 1 CP."
000009520002|CSM|Chaos Space Marines|Manifest Vengeance|0|000000948|Champions of Chaos|false||When the bearer is destroyed, if it has not shot or fought this phase, roll one D6, adding 1 to the result if it was destroyed by a melee attack: on a 4+, do not remove it from play. The bearer can shoot or fight after the attacking unit has finished making its attacks, and is then removed from play.
000008985002|CSM|Chaos Space Marines|Forge’s Blessing|20|000000873|Soulforged Warpack|false||"HERETIC ASTARTES model only. In your Command phase, select one friendly HERETIC ASTARTES VEHICLE unit within 12"" of the bearer. Until the start of your next Command phase, that unit has the Feel No Pain 6+ ability."
000010641002|CSM|Chaos Space Marines|Greyveil Hex|25|000001122|Nightmare Hunt|false||"Chaos Lord model only. Models in the bearer’s unit have the Stealth ability. While the bearer’s unit is within range of one or more objective markers you control, that unit can only be selected as the target of a ranged attack if the attacking model is within 18""."
000008357002|CSM|Chaos Space Marines|Eye of Tzeentch|15|000000751|Pactbound Zealots|false||Heretic Astartes Tzeentch model only. Each time the bearer’s unit makes a Dark Pact and does not fail the resulting Leadership test, if the result of that test was 8 or more, you gain 1CP.
000010688002|CSM|Chaos Space Marines|Voice of the Tyrant|25|000001133|Huron’s Marauders|false||HERETIC ASTARTES model only (excluding Damned models). The bearer’s unit has both abilities from the Tyrannical Motivation Detachment rule.
000010694002|CSM|Chaos Space Marines|Weaponised Hatred|35|000001134|Renegade Warband|false||HERETIC ASTARTES model only. Once per battle round, after your Vendetta target is destroyed, if the bearer is on the battlefield, you can select one enemy unit visible to the bearer. That enemy unit becomes your Vendetta target until you select a new one.
000010984002|CSM|Chaos Space Marines|Pact of Destruction|15|000001183|Devotees of Destruction|false||WARPSMITH model only. • When this unit uses its Dark Pacts ability, this unit can re-roll Leadership rolls. • In your Shooting phase, when this unit has shot, if this unit used its Dark Pacts ability and if those attacks destroyed an enemy model, this unit heals 3 wounds
000010984003|CSM|Chaos Space Marines|Eye of Oblivion|20|000001183|Devotees of Destruction|false||"WARPSMITH model only. When this unit is selected to shoot, select one enemy unit within 24"" of this unit. That enemy unit has +6"" detection range until this unit has shot."
000008972003|CSM|Chaos Space Marines|Night’s Shroud|10|000000870|Dread Talons|false||CHAOS LORD model only (excluding TERMINATOR models). Models in the bearer’s unit have the Stealth ability.
000009520003|CSM|Chaos Space Marines|Dark Majesty|0|000000948|Champions of Chaos|false||Each time the bearer ends a Charge move, select one enemy unit within Engagement Range of it. Until the start of your next Charge phase, that enemy unit is stunned. While a unit is stunned, each time a model in that unit makes an attack, subtract 1 from the Hit roll.
000009512003|CSM|Chaos Space Marines|Vox Malevolus|0|000000947|Underdeck Uprising|false||In the first battle round, if the bearer is on the battlefield, you can re-roll Advance rolls made for HERETIC ASTARTES units from your army.
000010988003|CSM|Chaos Space Marines|Pact of Cursed Pinions|20|000001184|Murdertalon Raiders|false|LEADER: WARP TALONS|CHAOS LORD WITH JUMP PACK model only. • This model has DAEMON. • This model’s melee attacks have +1 A.
000008985003|CSM|Chaos Space Marines|Invigorated Mechatendrils|15|000000873|Soulforged Warpack|false||"WARPSMITH model only. Add 4"" to the bearer’s Move characteristic."
000008976003|CSM|Chaos Space Marines|Iron Artifice|10|000000871|Fellhammer Siege-host|false||HERETIC ASTARTES INFANTRY model only. The bearers weapons have the [ANTI-VEHICLE 4+] and [ANTI-FORTIFICATION 4+] abilities.
000009503003|CSM|Chaos Space Marines|Swollen with Power|0|000000946|Infernal Reavers|false||Add 1 to the bearers Toughness characteristic. Each time the bearer’s unit attempts to operate a Hatchway that an enemy unit is trying to prevent, and each time the bearer’s unit tries to prevent an enemy unit from operating a Hatchway, in the resulting roll off, you can re-roll your result.
000010743003|CSM|Chaos Space Marines|Cybinfernal Font|20|000001142|Cult of the Arkifane|false||HERETIC ASTARTES model only (excluding Damned models). Models in the bearer’s unit have the Soul Forge keyword.
000008960003|CSM|Chaos Space Marines|Eye of Abaddon|15|000000867|Veterans of the Long War|false||HERETIC ASTARTES model only (excluding DAMNED models). While the bearer is on the battlefield, each time your focus of hatred is destroyed, roll one D6: on a 4+, you gain 1CP.
000008981003|CSM|Chaos Space Marines|Cultist’s Brand|30|000000872|Chaos Cult|false||DARK APOSTLE or DAMNED model only. If every other model in the bearer’s unit (excluding Dark Disciples) is DAMNED, you can re-roll Advance and Charge rolls made for the bearer’s unit.
000008964003|CSM|Chaos Space Marines|Falsehood|10|000000868|Deceptors|false||CHAOS LORD model only (excluding TERMINATOR and JUMP PACK models). In the Declare Battle Formations step, you can set the bearer up in Reserves instead of setting it up on the battlefield. If you do, in one of your Movement phases, you can select one model in a friendly LEGIONARIES or CHOSEN unit that has two or more models remaining and is on the battlefield (excluding Attached units). The selected model is destroyed (ignoring any rules that are triggered when a model is destroyed) and the bearer is set up as close as possible to where that model was destroyed and only within Engagement Range of any enemy units if the destroyed model was within Engagement Range of those units. The bearer now attaches to that unit as its Leader.
000010151003|CSM|Chaos Space Marines|Conduit of Chaos|20|000001058|Cabal of Chaos|false||HERETIC ASTARTES DAEMON model only (excluding KHORNE models). This model’s melee attacks have [LANCE].
000010694003|CSM|Chaos Space Marines|Eyes of the Hunter|15|000001134|Renegade Warband|false||HERETIC ASTARTES model only. Ranged weapons equipped by models in the bearer’s unit have the [IGNORES COVER] ability.
000010688003|CSM|Chaos Space Marines|Raid Leader|20|000001133|Huron’s Marauders|false||HERETIC ASTARTES model only (excluding Damned models). Each time the bearer’s unit is set up after disembarking from a Transport that has made a Normal move this turn, the bearer’s unit makes an assault disembark move (Core Rules, 18.06) for that disembarkation.
000010641003|CSM|Chaos Space Marines|Warp-fuelled Thrusters|20|000001122|Nightmare Hunt|false||Chaos Lord Jump Pack model only. At the end of your opponent’s Fight phase, if the bearer’s unit is not within Engagement Range of one or more enemy units, you can remove the bearer’s unit from the battlefield and place it into Strategic Reserves.
000009773003|CSM|Chaos Space Marines|Living Carapace|15|000000991|Creations of Bile|false||Chaos Lord model only. Add 1 to the bearer’s Wounds characteristic and the bearer has the Feel No Pain 5+ ability.
000008357003|CSM|Chaos Space Marines|Intoxicating Elixir|15|000000751|Pactbound Zealots|false||Heretic Astartes Slaanesh model only. The bearer has the Feel No Pain 5+ ability. Each time the bearer shoots or fights, if the bearer’s unit made a Dark Pact this phase and did not fail the resulting Leadership test, after the bearer has resolved those attacks, select one enemy unit that was hit by one or more of those attacks; that enemy unit must take a Battle-shock test.
000008968003|CSM|Chaos Space Marines|Dread Reaver|15|000000869|Renegade Raiders|false||"HERETIC ASTARTES model only. Each time the bearer makes a melee attack, if the bearer is wholly within 12"" of your opponent’s deployment zone, you can re-roll the Hit roll and you can re-roll the Wound roll."
000010739003|CSM|Chaos Space Marines|Eye of the Warp|15|000001141|Warpstrike Champions|false||HERETIC ASTARTES model with the Deep Strike ability only. Each time the bearer’s unit is set up on the battlefield, until the end of the turn, you can re-roll Charge rolls made for that unit.
000010641004|CSM|Chaos Space Marines|Terrorglut Parasite|20|000001122|Nightmare Hunt|false||HERETIC ASTARTES model only. At the start of the Fight phase, each enemy unit within Engagement Range of the bearer must take a Battle-shock test, subtracting 1 from the result.
000010694004|CSM|Chaos Space Marines|Fratricidal Trophies|5|000001134|Renegade Warband|false||Heretic Astartes Terminator model only. In a turn in which the bearer’s unit chose to Default to Doctrine, until the end of the turn, each time a model in this unit makes an attack, you can re-roll the Hit roll.
000008972004|CSM|Chaos Space Marines|Warp-fuelled Thrusters|20|000000870|Dread Talons|false||JUMP PACK CHAOS LORD model only. At the end of your opponent’s turn, if the bearer’s unit is not within Engagement Range of one or more enemy units, you can remove the bearer’s unit from the battlefield and place it into Strategic Reserves.
000010739004|CSM|Chaos Space Marines|Akshur’s Binding Runes|20|000001141|Warpstrike Champions|false||HERETIC ASTARTES model with the Deep Strike ability only. The bearer’s unit can be set up using the Deep Strike ability in the Reinforcements step of your first, second or third Movement phase, regardless of any mission rules.
000009773004|CSM|Chaos Space Marines|Helm of All-seeing|25|000000991|Creations of Bile|false||"Heretic Astartes Infantry model (excluding Damned models) only. Enemy units that are set up on the battlefield from Reserves cannot be set up within 12"" of the bearer."
000010743004|CSM|Chaos Space Marines|Mark of the Soul Forges|20|000001142|Cult of the Arkifane|false||HERETIC ASTARTES model only (excluding Damned models). Each time the bearer makes an attack, an unmodified Hit roll of 5+ scores a Critical Hit.
000008357004|CSM|Chaos Space Marines|Orbs of Unlife|15|000000751|Pactbound Zealots|false||"Heretic Astartes Nurgle model only. At the end of the Fight phase, roll one D6 for every enemy unit within 3"" of the bearer, adding 1 to the result if the bearer’s unit made a Dark Pact that phase and did not fail the resulting Leadership test: on a 4+, that enemy unit suffers D3 mortal wounds."
000008976004|CSM|Chaos Space Marines|Ironbound Enmity|15|000000871|Fellhammer Siege-host|false||HERETIC ASTARTES model only. Each time the bearer makes an attack while within range of an objective marker, add 1 to the Wound roll.
000008960004|CSM|Chaos Space Marines|Mark of Legend|10|000000867|Veterans of the Long War|false||HERETIC ASTARTES model only (excluding DAMNED models). Once per turn, you can re-roll one Hit roll, one Wound roll or one saving throw made for the bearer.
000010688004|CSM|Chaos Space Marines|Dread Reputation|25|000001133|Huron’s Marauders|false||"HERETIC ASTARTES model only (excluding Damned models). Each time the bearer’s unit is set up on the battlefield, each enemy unit within 6"" of the bearer’s unit (or within 12"" if the bearer’s unit was set up using the Deep Strike ability) takes a Battle-shock test."
000008985004|CSM|Chaos Space Marines|Tempting Addendum|40|000000873|Soulforged Warpack|false||"HERETIC ASTARTES model only. Each time a HERETIC ASTARTES DAEMON VEHICLE unit from your army invokes its contract while within 3"" of the bearer: • If it suffers one or more mortal wounds as a result of that Dark Pact, add 1 to the number of mortal wounds it suffers. • Until the end of the phase, each time a model in that unit makes an attack, you can re-roll the Hit roll."
000008964004|CSM|Chaos Space Marines|Shroud of Obfuscation|15|000000868|Deceptors|false||HERETIC ASTARTES INFANTRY model only. The bearer has the Stealth and Lone Operative abilities.
000008968004|CSM|Chaos Space Marines|Mark of the Hound|25|000000869|Renegade Raiders|false||"HERETIC ASTARTES model only. Models in the bearers unit have the Scouts 6"" ability."
000008981004|CSM|Chaos Space Marines|Incendiary Goad|25|000000872|Chaos Cult|false||DARK APOSTLE or DAMNED model only. While the bearer’s unit is below its Starting Strength, add 1 to the Strength characteristic of melee weapons equipped by DAMNED models in that unit, and while that unit is Below Half-strength, add 1 to the Attacks characteristic of those weapons as well.
000008985005|CSM|Chaos Space Marines|Soul Harvester|15|000000873|Soulforged Warpack|false||"HERETIC ASTARTES model only. While the bearer is on the battlefield, each time an enemy unit within 12"" of the bearer is destroyed, roll one D6: on a 5+, you gain 1CP."
000008981005|CSM|Chaos Space Marines|Warped Foresight|10|000000872|Chaos Cult|false||"DARK APOSTLE or DAMNED model only. While the bearer is leading a unit with the Scouts 6"" ability, every model in the bearer’s unit has the Scouts 6"" ability."
000010688005|CSM|Chaos Space Marines|Eager for Bloodshed|30|000001133|Huron’s Marauders|false||HERETIC ASTARTES model only. The bearer has the Infiltrators ability.
000010641005|CSM|Chaos Space Marines|Sorrowscent Vulture|35|000001122|Nightmare Hunt|false|LEADER: WARP TALONS|"Chaos Lord Jump Pack model only. Models in the bearer’s unit have the Scouts 6"" ability. In the Declare Battle Formations step, the bearer can be attached to a Warp Talons unit."
000008972005|CSM|Chaos Space Marines|Willbreaker|10|000000870|Dread Talons|false||HERETIC ASTARTES model only. In the Fight phase, after the bearer has made its attacks, select one enemy unit hit by one or more of those attacks. That unit must take a Battle-shock test.
000008960005|CSM|Chaos Space Marines|Warmaster’s Gift|15|000000867|Veterans of the Long War|false||CHAOS LORD model only. Each time the bearer makes an attack that targets your focus of hatred, an unmodified successful Wound roll of 5+ scores a Critical Wound.
000008968005|CSM|Chaos Space Marines|Tyrant’s Lash|20|000000869|Renegade Raiders|false||HERETIC ASTARTES model only. You can re-roll Advance rolls made for the bearer’s unit, and the bearer’s unit is eligible to shoot in a turn in which it Fell Back.
000008964005|CSM|Chaos Space Marines|Soul Link|5|000000868|Deceptors|false||HERETIC ASTARTES INFANTRY model only. At the start of your Command phase, you can select one other HERETIC ASTARTES INFANTRY CHARACTER model from your army (excluding EPIC HEROES). Until the start of your next Command phase, the bearer gains the PSYKER keyword, and replace the bearer’s datasheet abilities with the datasheet abilities of the CHARACTER you selected.
000010739005|CSM|Chaos Space Marines|Tzagulla|25|000001141|Warpstrike Champions|false||HERETIC ASTARTES model with the Deep Strike ability only. Improve the Attacks, Strength and Armour Penetration characteristics of the bearer’s weapons by 1. In addition, each time the bearer’s unit is set up on the battlefield from Reserves, until the end of the turn, improve the Damage characteristic of the bearer’s weapons by 1.
000010743005|CSM|Chaos Space Marines|Crown of Worms|15|000001142|Cult of the Arkifane|false||"Warpsmith model only. Add 3"" to the range of the bearer’s Warpsmith, Master of Mechanisms and Enrage Machine Spirits abilities."
000010694005|CSM|Chaos Space Marines|Empyric Symbiote|15|000001134|Renegade Warband|false||HERETIC ASTARTES model only. Add 1 to Advance and Charge rolls made for the bearer’s unit.
000009773005|CSM|Chaos Space Marines|Prime Test Subject|35|000000991|Creations of Bile|false||Heretic Astartes Infantry model (excluding Damned models) only. Add 1 to the Damage characteristic of melee weapons equipped by the bearer. Each time the bearer makes a melee attack, you can re-roll the Hit roll.
000008976005|CSM|Chaos Space Marines|Warp Tracer|20|000000871|Fellhammer Siege-host|false||HERETIC ASTARTES model only. In your Shooting phase, after the bearer has shot, select one enemy unit hit by one or more of those attacks. Until the end of the phase, that enemy unit cannot have the Benefit of Cover.
000008357005|CSM|Chaos Space Marines|Talisman of Burning Blood|15|000000751|Pactbound Zealots|false||Heretic Astartes Khorne model only. Add 1 to the Attacks and Strength characteristics of the bearer’s melee weapons. Each time the bearer’s unit makes a Dark Pact and does not fail the resulting Leadership test, roll one D3: until the end of the phase, add the result to the Attacks and Strength characteristics of the bearers melee weapons instead.
000010123002|DG|Death Guard|Daemon Weapon of Nurgle|10|000001049|Virulent Vectorium|false||DEATH GUARD model only. Each time the bearer makes a melee attack, an unmodified Hit roll of 5+ scores a Critical Hit.
000010135002|DG|Death Guard|Beckoning Blight|20|000001052|Tallyband Summoners|false||"Death Guard model only. Each time a Plague Legions unit from your army is set up on the battlefield using the Deep Strike ability, if it is set up wholly within 12"" of the bearer, it can be set up anywhere that is more than 6"" horizontally away from all enemy models, instead of more than 8""."
000010944002|DG|Death Guard|Parasitic Woe‑Reaper|15|000001168|Contagion Engines|true||CONTAGION ENGINE unit only. When this unit has fought, one model in this unit heals D3 wounds.
000010131002|DG|Death Guard|Final Ingredient|20|000001051|Champions of Contagion|false||Biologus Putrifier only. Once per battle, after the bearers unit has fought, if one or more CHARACTER models were destroyed as a result of those attacks, select one Plague. Until the end of the battle, while an enemy unit is Afflicted, that unit has the effect of the selected Plague in addition to any other.
000010143002|DG|Death Guard|Face of Death|10|000001054|Death Lord’s Chosen|false||Terminator model only. At the start of the Fight phase, each enemy unit within Engagement Range of the bearer’s unit must take a Battle-shock test.
000009416002|DG|Death Guard|Miasmic Odour|0|000000932|Arch-Contaminators|false||"Add 3"" to the Contagion Range of the bearer."
000010948002|DG|Death Guard|Rejuvenating Swarm|20|000001169|Paragons of Putrescence|false||DEATH GUARD INFANTRY model only (excluding TERMINATOR models). Attacks that target this unit with a S greater than this unit’s T have -1 to wound rolls.
000010127002|DG|Death Guard|Eye of Affliction|20|000001050|Mortarion’s Hammer|false||DEATH GUARD model only. Ranged weapons equipped by models in the bearer’s unit have the [ignores cover] ability while targeting an Afflicted enemy unit.
000009408002|DG|Death Guard|Pox-Bearer|0|000000931|Unclean Uprising|false||"Once per battle, at the end of your Movement phase, the bearer can use this Enhancement. If it does, select one friendly POxwALKERS unit within 9"" of and visible to the bearer; return up to D3+2 destroyed models to that unit."
000010139002|DG|Death Guard|Witherbone Pipes|25|000001053|Shamblerot Vectorium|false||Noxious Blightbringer only. While the bearer is leading a Poxwalkers unit, add 1 to the Objective Control characteristic of models in that unit, and each time that unit takes a Battle-shock or Leadership test, add 1 to that test.
000009398002|DG|Death Guard|Foul Constitution|0|000000930|Vectors of Decay|false||Each time an attack is allocated to the bearer, subtract 1 from the Damage characteristic of that attack.
000009729002|DG|Death Guard|Insectile Murmuration|15|000000980|Flyblown Host|true||PLAGUE MARINES unit only. When this unit’s attacks target a unit within Contagion Range of a friendly unit, those attacks can re-roll wound rolls of 1.
000009408003|DG|Death Guard|Hand of Nurgle|0|000000931|Unclean Uprising|false||In your Command phase, select one objective marker that you control and is within range of the bearer. Roll one D6: on a 2+, that objective marker is Secured by your army
000009729003|DG|Death Guard|Plagueveil|15|000000980|Flyblown Host|true||"PLAGUE MARINES unit only. This unit has -3"" detection range."
000010944003|DG|Death Guard|Lancet of the Worldsore|15|000001168|Contagion Engines|true||Friendly HELBRUTE/MYPHITIC BLIGHT-HAULER unit only. This unit has MOBILE.
000010139003|DG|Death Guard|Lord of the Walking Pox|15|000001053|Shamblerot Vectorium|false||DEATH GUARD model only. If the bearer is leading a Poxwalker unit, and is in Strategic Reserves, for the purposes of setting up that unit on the battlefield, treat the current battle round as the third battle round.
000009416003|DG|Death Guard|Disgusting Reinvigoration|0|000000932|Arch-Contaminators|false||Each time the bearer destroys an enemy model with a melee attack, roll one D6: on a 5+, the bearer regains one lost wound (to a maximum of two lost wounds per phase).
000009398003|DG|Death Guard|Fountaining Filth|0|000000930|Vectors of Decay|false||When the bearer is destroyed, before removing it from the battlefield, select one enemy unit within Engagement Range of the bearer and roll one D6: on a 2-3, that enemy unit suffers 1 mortal wound; on a 4-5, that enemy unit suffers 2 mortal wounds; on a 6, that enemy unit suffers 3 mortal wounds.
000010143003|DG|Death Guard|Vile Vigour|15|000001054|Death Lord’s Chosen|false||"Terminator model only. While the bearer is leading a unit, add 1"" to the Movement characteristic of models in that unit and you can re-roll Advance rolls made for that unit."
000010948003|DG|Death Guard|Host of the Hybridised Pox|40|000001169|Paragons of Putrescence|false||DEATH GUARD INFANTRY model only. (Once per battle, per army) In your Command phase, you can use this ability. If you do, select one of the Plague listed in Nurgle’s Gift. Enemy units within Contagion Range of this unit also have the effect of that Plague in addition to your army’s chosen Plague until the end of the battle.
000010123003|DG|Death Guard|Furnace of Plagues|25|000001049|Virulent Vectorium|false||DEATH GUARD model only. Add 1 to the Strength and Attacks characteristics of the bearers melee weapons, and the bearer’s melee weapons have the [DEVASTATING WOUNDS] ability.
000010127003|DG|Death Guard|Bilemaw Blight|10|000001050|Mortarion’s Hammer|false||"Malignant Plaguecaster only. At the start of your Shooting phase, until the end of the phase, add 12"" to the Range characteristics of the bearer’s Plague Wind weapon."
000010135003|DG|Death Guard|Fell Harvester|10|000001052|Tallyband Summoners|false||Death Guard model only. Add 2 to the Attacks characteristic of the bearer’s melee weapons.
000010131003|DG|Death Guard|Visions of Virulence|15|000001051|Champions of Contagion|false||Malignant Plaguecaster only. While an enemy unit is enfeebled by the bearer’s Pestilent Fallout ability, that unit is also Afflicted.
000010127004|DG|Death Guard|Shriekworm Familiar|15|000001050|Mortarion’s Hammer|false||DEATH GUARD model only. Once per battle round, you can target the bearer’s unit with the Fire Overwatch Stratagem for 0CP.
000010131004|DG|Death Guard|Needle of Nurgle|25|000001051|Champions of Contagion|false||Plague Surgeon only. Each time the bearer uses its Tainted Narthecium ability, you can return up to D3 destroyed models to the bearer’s unit (instead of 1).
000010139004|DG|Death Guard|Sorrowsyphon|10|000001053|Shamblerot Vectorium|false||Malignant Plaguecaster only. While the bearer is leading a Poxwalkers unit, add 1 to the Damage characteristic of the bearer’s Plague Wind weapon. Each time the bearer makes one or more attacks with a Plague Wind weapon, after the bearer’s unit has resolved its attacks, D3 Bodyguard models from the bearer’s unit are destroyed.
000010135004|DG|Death Guard|Entropic Knell|15|000001052|Tallyband Summoners|false||"Great Unclean One only. In the Battle-shock step of your opponent’s Command phase, each enemy unit within 6"" of the bearer that is below its Starting Strength must take a Battle-shock test, subtracting 1 from that test."
000010143004|DG|Death Guard|Warprot Talisman|30|000001054|Death Lord’s Chosen|false||Terminator model only. Once per battle, at the end of your opponent’s turn, if the bearer’s unit is not within Engagement Range of one or more enemy units, you can remove it from the battlefield and place it into Strategic Reserves.
000010123004|DG|Death Guard|Arch Contaminator|25|000001049|Virulent Vectorium|false||DEATH GUARD model only. While the bearer’s unit is within range of an objective marker you control, each time a model in the bearer’s unit makes an attack, you can re-roll the Wound roll.
000010127005|DG|Death Guard|Tendrilous Emissions|30|000001050|Mortarion’s Hammer|false||"Lord of Virulence only. While the bearer is within 3"" of one or more friendly Death Guard Vehicle units, the bearer has the Lone Operative ability, and each time one of those VEHICLE units makes a ranged attack that targets an enemy unit visible to the bearer, re-roll a Wound roll of 1."
000010123005|DG|Death Guard|Revolting Regeneration|30|000001049|Virulent Vectorium|false||DEATH GUARD model only. The bearer has the Feel No Pain 5+ ability.
000010139005|DG|Death Guard|Talisman of Burgeoning|25|000001053|Shamblerot Vectorium|false||DEATH GUARD model only. While the bearer is leading a unit, add 1 to the Toughness characteristic of Poxwalkers models in that unit.
000010135005|DG|Death Guard|Tome of Bounteous Blessings|20|000001052|Tallyband Summoners|false||"Malignant Plaguecaster only. Each time a Plague Legions unit within 12"" of the bearer takes a Battle-shock test, add 1 to that test and, if that test is passed, one model in that unit regains up to D3 lost wounds (if that unit is a Battleline unit and that test is passed, up to D3 destroyed models can be returned to that unit instead)."
000010131005|DG|Death Guard|Cornucophagus|35|000001051|Champions of Contagion|false||Lord of Poxes only. In the Declare Battle Formations step select one Plague. Until the end of the battle, while an enemy unit is within Contagion Range of the bearer, that enemy unit has the effect of that Plague in addition to any other.
000010143005|DG|Death Guard|Helm of the Fly King|20|000001054|Death Lord’s Chosen|false||"Terminator model only. While the bearer is leading a unit, models in that unit cannot be targeted by ranged attacks unless the attacking model is within 18""."
000011040002|DRU|Drukhari|Gnarlskin Experimentor|20|000001187|Tools of Torment|false||HAEMONCULUS model only. Attacks that target this unit with a S greater than your unit’s T have -1 to wound rolls.
000011036002|DRU|Drukhari|Towering Arrogance|15|000001186|Kabalite Agonysts|false||ARCHON model only. This unit has: • +1 Ld and OC.
000011032002|DRU|Drukhari|Periapt of Torments|20|000001185|Exhibition of Slaughter|false||SUCCUBUS model only. Enemy units cannot target this unit with snap shooting attacks.
000010584002|DRU|Drukhari|Master Regenesist|25|000001114|Covenite Coterie|false||Haemonculus model only. Each time the bearer uses its Fleshcraft ability, you can return up to D3+3 destroyed Bodyguard models to the bearer’s unit instead of D3+1.
000009433002|DRU|Drukhari|Dark Charisma|0|000000935|Kabalite Corsairs|false||The bearer has an Objective Control characteristic of 5 and you can re-roll Battle-shock tests taken for the bearer.
000010574002|DRU|Drukhari|Dark Vitality|20|000000804|Realspace Raiders|false||DRUKHARI model only. The bearer’s unit is always Empowered - you do not need to spend any Pain tokens to activate that unit’s Pain abilities.
000010588002|DRU|Drukhari|Leechbite Plate|5|000001115|Kabalite Cartel|false||Archon model only. The bearer has a Save characteristic of 3+. At the start of either player’s Command phase, you can spend 1 Pain token: if you do, the bearer regains all of its lost wounds.
000009425002|DRU|Drukhari|Power and Greed|0|000000934|Space Lane Raiders|false||The first time in each turn that the bearer is Empowered, roll one D6: on a 3+, you gain 1 Pain token.
000010576002|DRU|Drukhari|Phantasmal Smoke|15|000000831|Skysplinter Assault|false||"DRUKHARI model only. While the bearer’s unit is wholly within 6"" of a friendly Drukhari Transport: • Models in the bearer’s unit have the Stealth ability. • Each time a ranged attack targets the bearer’s unit, models in that unit have the Benefit of Cover against that attack."
000009450002|DRU|Drukhari|Rending Chain-Flails|0|000000937|Painbringers|false||Each time an enemy unit within Engagement Range of the bearer is selected to Fall Back, roll one D6: on a 2-4, that enemy unit suffers 1 mortal wound; on a 5+, that enemy unit suffers 2 mortal wounds.
000009781002|DRU|Drukhari|Archraider|15|000000993|Reaper’s Wager|false||"Harlequins or Drukhari model only. In the Declare Battle Formations step, if the bearer starts the battle embarked within a Dedicated Transport, that DEDICATED TRANSPORT has the Scouts 9"" ability."
000010580002|DRU|Drukhari|Pharmacophex|15|000001113|Spectacle of Spite|false||Succubus model only. At the start of your Command phase, after selecting which Combat Drugs will be active for your army, roll one D6 and consult the Combat Drugs list. The result rolled applies to the bearer’s unit until the start of your next Command phase in addition to any other Combat Drugs that are active for your army. If you randomly select one that is already active for your army, it has no additional effect.
000009441002|DRU|Drukhari|Stimm-Fervour|0|000000936|Ship-killer Cult|false||The bearer is eligible to declare a charge in a turn in which it Advanced.
000011040003|DRU|Drukhari|Elixir of the Corpse Courts|15|000001187|Tools of Torment|true||CRONOS/TALOS unit only. This unit has 5+ InSv.
000011032003|DRU|Drukhari|Hyperstimm Trafficker|20|000001185|Exhibition of Slaughter|false||SUCCUBUS model only. This unit has +1 T.
000010574003|DRU|Drukhari|Labyrinthine Cunning|25|000000804|Realspace Raiders|false||Archon model only. At the start of your Command phase, if the bearer is on the battlefield, you can do one of the following: • Spend 1 Pain token and gain 1CP. • Roll one D6: on a 4+, you gain 1CP.
000009450003|DRU|Drukhari|Vile Surgeon|0|000000937|Painbringers|false||The bearers Haemonculus tools and scissorhands have a Damage characteristic of 3 while targeting CHARACTER units.
000010588003|DRU|Drukhari|Webway Awl|25|000001115|Kabalite Cartel|false||Archon model only. Models in the bearer’s unit have the Deep Strike ability, and you can target the bearer’s unit with the Rapid Ingress Stratagem for 0CP.
000010584003|DRU|Drukhari|Master Nemesine|5|000001114|Covenite Coterie|false||Haemonculus model only. The bearer’s weapons have the [anti-beast 2+] and [anti-monster 4+] abilities.
000009425003|DRU|Drukhari|Spiteful Demise|0|000000934|Space Lane Raiders|false||When the bearer is destroyed, if it has not fought this phase, roll one D6: on a 2+, do not remove it from play. The bearer can fight after the attacking unit has finished making its attacks, and is then removed from play.
000009433003|DRU|Drukhari|Malevolent Cunning|0|000000935|Kabalite Corsairs|false||"The first time in each battle round that your opponent targets a unit from their army that is within 3"" of the bearer with a Stratagem, increase that Stratagems cost by 1CP for that usage."
000011036003|DRU|Drukhari|Contempt for Rivals|20|000001186|Kabalite Agonysts|false||ARCHON model only. This unit’s attacks have [PRECISION].
000010580003|DRU|Drukhari|Chronoshard|15|000001113|Spectacle of Spite|false||Succubus model only. Once per battle, at the start of the Fight phase, the bearer can use this Enhancement. If it does, until the end of the phase, models in the bearer’s unit have the Fights First ability.
000009781003|DRU|Drukhari|Webway Walker|15|000000993|Reaper’s Wager|false||Harlequins or Drukhari model only. Models in the bearer’s unit have the Deep Strike ability. Each time the bearer’s unit is set up on the battlefield using the Deep Strike ability, if that unit is currently losing the wager, until the end of the turn, you can re-roll Charge rolls made for that unit.
000009441003|DRU|Drukhari|Blood-Drenched Champion|0|000000936|Ship-killer Cult|false||In the Battle-shock step of your opponent’s Command phase, for each enemy unit that is below its Starting Strength and is within Engagement Range of the bearer, that unit must take a Battle-shock test. If that enemy unit is also Below Half-strength, subtract 1 from that test. This Enhancement cannot cause a unit to take two Battle-shock tests in the same phase.
000010576003|DRU|Drukhari|Sadistic Fulcrum|15|000000831|Skysplinter Assault|false||"DRUKHARI model only. Each time you spend 1 Pain token to Empower the bearer’s unit in the Shooting phase, select one friendly Drukhari Transport within 6"" of the bearer’s unit; until the end of the phase, each time that TRANSPORT makes an attack, you can re-roll the Hit roll."
000010588004|DRU|Drukhari|Informant Network|30|000001115|Kabalite Cartel|false||Archon model only. At the start of the Declare Battle Formations step, select up to three Kabalite Warriors and/or Hand of the Archon units from your army; those units gain the Infiltrators ability.
000010576004|DRU|Drukhari|Spiteful Raider|10|000000831|Skysplinter Assault|false||DRUKHARI model only. Each time the bearer’s unit destroys an enemy unit in the Fight phase, if that enemy unit was within range of one or more objective markers when the bearer’s unit was selected to fight, you gain 1 additional Pain token.
000010574004|DRU|Drukhari|Eye of Spite|15|000000804|Realspace Raiders|false||Succubus model only. Improve the Attacks and Armour Penetration characteristics of the bearer’s melee weapons by 1. Each time the bearer’s unit is selected to fight, you can spend 1 Pain token; if you do, until the end of the phase, improve the Attacks and Armour Penetration characteristics of the bearer’s melee weapons by 2 instead.
000009781004|DRU|Drukhari|Reaper’s Cowl|25|000000993|Reaper’s Wager|false||Harlequins model only. Models in the bearer’s unit have the Stealth and Infiltrators abilities.
000010584004|DRU|Drukhari|Master Artisan|20|000001114|Covenite Coterie|false||Haemonculus model only. Add 1 to the bearers Wounds characteristic and add 1 to the Toughness characteristic of models in the bearer’s unit.
000010580004|DRU|Drukhari|Periapt of Torments|25|000001113|Spectacle of Spite|false||Succubus model only. Enemy units cannot use the Fire Overwatch Stratagem to shoot at the bearer’s unit.
000010588005|DRU|Drukhari|Towering Arrogance|20|000001115|Kabalite Cartel|false||Archon model only. While the bearer is leading a unit, improve the Leadership and Objective Control characteristics of models in that unit by 1.
000010576005|DRU|Drukhari|Nightmare Shroud|20|000000831|Skysplinter Assault|false||DRUKHARI model only. Each time the bearer’s unit disembarks from a Transport, until the end of the turn, enemy units cannot use the Fire Overwatch Stratagem to shoot at the bearer’s unit.
000010580005|DRU|Drukhari|Morghenna’s Curse|20|000001113|Spectacle of Spite|false||Succubus model only. Improve the Armour Penetration and Damage characteristics of the bearers melee weapons by 1.
000009781005|DRU|Drukhari|Conductor of Torment|20|000000993|Reaper’s Wager|false||Drukhari model only. In your Command phase, you can do one of the following: • If your DRUKHARI units are currently losing the wager, you can gain 1 Pain token. If you do, DRUKHARI units from your army are now winning the wager. • If your DRUKHARI units are currently winning the wager, you can discard 1 Pain token. If you do, Harlequins units from your army are now winning the wager.
000010584005|DRU|Drukhari|Master Repugnomancer (Aura)|15|000001114|Covenite Coterie|false||"Haemonculus model only. Add 3"" to the range of the bearer’s Fear Incarnate ability, and each time a friendly Drukhari unit within 9"" of the bearer fails a Battle-shock test or is destroyed, roll one D6: on a 4+, you gain 1 Pain token."
000010574005|DRU|Drukhari|Crucible of Malediction|15|000000804|Realspace Raiders|false||"Haemonculus model only. Once per battle, in your Shooting phase, the bearer can use this Enhancement. If it does, you can spend 1 Pain token. Then, each enemy unit within 12"" of the bearer must take a Battle-shock test, subtracting 1 from that test if you spent 1 Pain token. Each time a PSYKER unit fails that test, it suffers 3 mortal wounds."
000010006002|EC|Emperor’s Children|Sublime Prescience|25|000001035|Rapid Evisceration|false||Emperor’s Children Infantry model only. Once per turn, in your Movement phase, the bearer can use this Enhancement. If it does, select one friendly Emperor’s Children Transport that is in Strategic Reserves. Until the end of the phase, for the purposes of setting up that TRANSPORT on the battlefield, treat the current battle round number as being one higher than it actually is.
000010952002|EC|Emperor’s Children|Cacophonic Accompaniment|20|000001180|Elegant Brutes|false||LORD KAKOPHONIST model only. • This model has Deep Strike. • This unit’s ranged attacks have [IGNORES COVER]
000010956002|EC|Emperor’s Children|Euphoric Crown|20|000001181|Frenzied Host|false||LORD EXULTANT model only. This model’s melee attacks have +1 S.
000010960002|EC|Emperor’s Children|Eager Patrons|20|000001182|Spectacle of Slaughter|true||"FLAWLESS BLADES unit only. This unit has +2"" M."
000010018002|EC|Emperor’s Children|Eager to Prove|15|000001038|Slaanesh’s Chosen|false||"Emperor’s Children model only. You can re-roll Charge rolls made for the bearer’s unit. While the bearer’s unit is your army’s Favoured Champions, add 2"" to the Move characteristic of models in that unit."
000010808002|EC|Emperor’s Children|Venom of the Six-fanged Serpent|0|000001154|Sublime Strike|false||Add 1 to the Strength and Damage characteristics of the bearer’s melee weapons and improve the Armour Penetration characteristic of those weapons by 2.
000010014002|EC|Emperor’s Children|Pledge of Eternal Servitude|25|000001037|Coterie of the Conceited|false||Emperor’s Children model only. The first time the bearer is destroyed, take a Leadership test for the bearer at the end of the phase. If that test is passed, set the bearer back up on the battlefield, as close as possible to where it was destroyed and not within Engagement Range of one or more enemy units, with D6 wounds remaining (up to its Wounds characteristic).
000009998002|EC|Emperor’s Children|Steeped in Suffering|20|000001033|Mercurial Host|false||Emperor’s Children model only. Each time a model in the bearer’s unit makes an attack that targets an enemy unit below its Starting Strength, add 1 to the Hit roll. If that target is also Below Half-strength, add 1 to the Wound roll as well.
000010002002|EC|Emperor’s Children|Faultless Opportunist|15|000001034|Peerless Bladesmen|false||EMPEROR’S CHILDREN model only. You can target this unit with the Heroic Intervention stratagem, regardless of any other uses of that stratagem this phase. If you do: • That use is -1 CP. • That use does not prevent any uses of that stratagem on other units this phase.
000010010002|EC|Emperor’s Children|Empyric Suffusion|15|000001036|Carnival of Excess|false||EMPEROR’S CHILDREN model only. When you target this unit with the Heroic Intervention stratagem, that use is -1 CP.
000010654002|EC|Emperor’s Children|Tears of the Phoenix|25|000001125|Court of the Phoenician|false||EMPEROR’S CHILDREN model only. Each time a model in the bearer’s unit makes a melee attack, you can ignore any or all modifiers to that attack’s Weapon Skill characteristic and any or all modifiers to the Hit roll and Wound roll.
000010018003|EC|Emperor’s Children|Repulsed by Weakness|25|000001038|Slaanesh’s Chosen|false||Emperor’s Children model only. Each time an enemy unit (excluding MONSTERS and VEHICLES) within Engagement Range of the bearer’s unit Falls Back, models in that enemy unit must take Desperate Escape tests. When doing so, if the bearer’s unit is your army’s Favoured Champions, subtract 1 from each of those Desperate Escape tests.
000010952003|EC|Emperor’s Children|Frenzied Ferocity|15|000001180|Elegant Brutes|true||EMPEROR’S CHILDREN TERMINATOR SQUAD unit only. This unit’s attacks have [SUSTAINED HITS 1].
000010960003|EC|Emperor’s Children|Beguiling Grotesquerie|15|000001182|Spectacle of Slaughter|true||FLAWLESS BLADES unit only. Enemy units cannot target this unit with snap shooting attacks.
000010808003|EC|Emperor’s Children|Daemonshrieker|0|000001154|Sublime Strike|false||"In your Shooting phase, you can select one closed Hatchway within 12"" of and visible to the bearer. If you do, roll one D6: on a 2+, open that Hatchway and, until the end of the battle, that Hatchway cannot be closed."
000010014003|EC|Emperor’s Children|Pledge of Dark Glory|25|000001037|Coterie of the Conceited|false||Emperor’s Children model only. While the bearer is leading a unit, improve the Leadership and Objective Control characteristics of models in that unit by 1.
000010010003|EC|Emperor’s Children|Dark Blessings|10|000001036|Carnival of Excess|false||Emperor’s Children Infantry model only. Once per battle, just after an enemy unit has selected its targets, the bearer can use this Enhancement. If it does, until the end of the phase, the bearer has a 3+ invulnerable save.
000010654003|EC|Emperor’s Children|Exalted Patron|15|000001125|Court of the Phoenician|false|LEADER: FLAWLESS BLADES|"Lord Exultant model only. Add 1"" to the Move characteristic of the bearer."
000010006003|EC|Emperor’s Children|Spearhead Striker|20|000001035|Rapid Evisceration|false||Emperor’s Children Infantry model only. Each time the bearer disembarks from a Transport, until the end of the turn, you can re-roll Charge rolls made for the bearer’s unit and enemy units cannot use the Fire Overwatch Stratagem to shoot at the bearer’s unit.
000010002003|EC|Emperor’s Children|Blinding Speed|25|000001034|Peerless Bladesmen|false||Emperor’s Children model only. Once per battle, at the start of the Fight phase, the bearer can use this Enhancement. If it does, until the end of the phase, models in the bearer’s unit have the Fights First ability.
000009998003|EC|Emperor’s Children|Intoxicating Musk|20|000001033|Mercurial Host|false||Emperor’s Children model only. Each time a melee attack targets the bearer’s unit, if the Strength characteristic of that attack is greater than the Toughness characteristic of that unit, subtract 1 from the Wound roll.
000010956003|EC|Emperor’s Children|Howling Plate|20|000001181|Frenzied Host|false||LORD EXULTANT model only. This unit’s ranged attacks have +1 AP.
000010010004|EC|Emperor’s Children|Possessed Blade|35|000001036|Carnival of Excess|false||Emperor’s Children model only. At the start of the battle, select one melee weapon equipped by the bearer; add 1 to the Attacks characteristic of that weapon. In addition, each time the bearer is selected to fight, it can use this Enhancement. If it does, while resolving those attacks, add 1 to the Damage characteristic of that weapon and that weapon has the [devastating wounds] and [hazardous] abilities.
000009998004|EC|Emperor’s Children|Tactical Perfection|15|000001033|Mercurial Host|false||Emperor’s Children model only. After both players have deployed their armies, select up to two EMPEROR’S CHILDREN units from your army and redeploy them. When doing so, you can set those units up in Strategic Reserves if you wish, regardless of how many units are already in Strategic Reserves.
000010006004|EC|Emperor’s Children|Accomplished Tactician|35|000001035|Rapid Evisceration|false||"Emperor’s Children Infantry model only. Once per turn, in your opponent’s Shooting phase, just after an enemy unit has shot, you can select one friendly Emperor’s Children unit within 9"" of the bearer that was hit by one or more of those attacks, then select one friendly Transport that unit is wholly within 6"" of and is able to embark within. That EMPEROR’S CHILDREN unit can embark within that Transport."
000010002004|EC|Emperor’s Children|Distortion|25|000001034|Peerless Bladesmen|false||Emperor’s Children model only. Add 1 to the Attacks and Damage characteristics of melee weapons equipped by the bearer.
000010654004|EC|Emperor’s Children|Soulstain Made Manifest|15|000001125|Court of the Phoenician|false||EMPEROR’S CHILDREN model only. At the start of the Fight phase, you can select one enemy unit within Engagement Range of the bearer; that unit must take a Battle-shock test, subtracting 1 from the result.
000010018004|EC|Emperor’s Children|Proud and Vainglorious|20|000001038|Slaanesh’s Chosen|false||Emperor’s Children model only. You can re-roll Battle-shock and Leadership tests taken for the bearer’s unit. While the bearer’s unit is your army’s Favoured Champions, add 1 to the Objective Control characteristic of models in that unit.
000010014004|EC|Emperor’s Children|Pledge of Mortal Pain|15|000001037|Coterie of the Conceited|false||"Emperor’s Children model only. At the start of your Shooting phase, select one enemy unit within 12"" of and visible to the bearer. That unit must take a Leadership test, subtracting 2 from the result if it is Battle-shocked: if failed, that enemy unit suffers 3 mortal wounds."
000010018005|EC|Emperor’s Children|Slayer of Champions|15|000001038|Slaanesh’s Chosen|false||Emperor’s Children model only. The bearer’s melee weapons have the [PRECISION] ability, and each time the bearer makes a melee attack that targets a CHARACTER unit, improve the Strength and Armour Penetration characteristics of that attack by 1.
000010654005|EC|Emperor’s Children|Spiritsliver|20|000001125|Court of the Phoenician|false||Emperor’s Children Daemon Prince model only. Add 1 to the Strength and Attacks characteristics of the bearer’s melee weapons.
000009998005|EC|Emperor’s Children|Loathsome Dexterity|10|000001033|Mercurial Host|false||Emperor’s Children model only. Each time a model in the bearer’s unit makes a Normal, Advance or Fall Back move, it can move through enemy models. When doing so, it can move within Engagement Range of such models but cannot end that move within Engagement Range of them, and any Desperate Escape test is automatically passed.
000010002005|EC|Emperor’s Children|Rise to the Challenge|30|000001034|Peerless Bladesmen|false||Emperor’s Children Infantry model only. Once per battle, at the end of the Fight phase, if the bearer is within Engagement Range of three or more enemy models, it can use this Enhancement. If it does, the bearer can fight one additional time. When doing so, you can select one ability using the Exquisite Swordsmanship Detachment rule to apply to those attacks.
000010006005|EC|Emperor’s Children|Heretek Adept|35|000001035|Rapid Evisceration|false||"Emperor’s Children Infantry model only. Once per battle round, when a saving throw is failed for a friendly Emperor’s Children Vehicle model within 6"" of the bearer, you can change the Damage characteristic of that attack to 0."
000010010005|EC|Emperor’s Children|Warp Walker|35|000001036|Carnival of Excess|false||"Emperor’s Children or Keeper of Secrets model only. Each time the bearer’s unit Advances, do not make an Advance roll. Instead, until the end of the phase, add 6"" to the Move characteristic of models in that unit. Each time a model in the bearer’s unit makes a Normal, Advance or Fall Back move, it can move through enemy models. When doing so, it can move within Engagement Range of such models but cannot end that move within Engagement Range of them, and any Desperate Escape test is automatically passed."
000010014005|EC|Emperor’s Children|Pledge of Unholy Fortune|30|000001037|Coterie of the Conceited|false||Emperor’s Children model only. Once per turn, just after making a Hit roll, a Wound roll or a saving throw for a model in the bearer’s unit, if the bearer is not Battle-shocked, it can use this Enhancement. If it does, treat the result as an unmodified roll of 6 instead.
000009827002|GC|Genestealer Cults|Synaptic Auger|15|000001002|Final Day|false||Tyranids model only. Each time the bearer would regain one or more lost wounds from the Psionic Parasitism Detachment rule, it regains up to twice that number of lost wounds instead.
000009476002|GC|Genestealer Cults|Stalking Menace|0|000000941|Infestation Swarm|false||Once per battle, at the end of your opponent’s Fight phase, if the bearer is not within Engagement Range of one or more enemy units, it can use this Enhancement. If it does, remove the bearer from the battlefield and place it into Strategic Reserves. It will arrive back on the battlefield in the Reinforcements step of your next Movement phase as if it had the Deep Strike ability. If this is not possible, the bearer is destroyed. When the bearer is set back up on the battlefield, until the end of the turn, it cannot declare a charge.
000010900002|GC|Genestealer Cults|Gene-Tailored Toxins|35|000001188|Heroes of the Uprising|false||LOCUS/SANCTUS model only. This model’s attacks have +1 D.
000010908002|GC|Genestealer Cults|Inspired to Greatness|15|000001190|Xenocult Masses|false||MAGUS/PRIMUS model only. This unit’s attacks can re-roll damage rolls.
000009084002|GC|Genestealer Cults|Martial Espionage|25|000000888|Brood Brother Auxilia|false||"GENESTEALER CULTS INFANTRy model only. Once per turn, when a friendly ASTRA MILITARUm INFANTRy or ASTRA MILITARUm MOUNTED unit within 9"" of the bearer is selected to shoot, the bearer can use this Enhancement. If it does, until the end of the phase, improve the Armour Penetration characteristic of ranged weapons equipped by models in that unit by 1."
000009460002|GC|Genestealer Cults|Master Saboteur|0|000000939|Cult Unveiled|false||The first time in the battle that your opponent’s army Secures an objective marker while the bearer is on the battlefield, roll one D6: on a 3+, that objective marker is not Secured by your opponent’s army.
000009075002|GC|Genestealer Cults|Predatory Instincts|20|000000886|Biosanctic Broodsurge|false||ABOMINANT, BIOPHAGUS or PATRIARCH model only. • Models in the bearer’s unit have the Infiltrators ability. • You can target this unit with the Heroic Intervention stratagem, regardless of any other uses of that stratagem this phase. If you do: • That use is -1 CP. • That use does not prevent any uses of that stratagem on other units this phase.
000009079002|GC|Genestealer Cults|Serpentine Tactics|10|000000887|Outlander Claw|false||GENESTEALER CULTS MOUNTED model only. The bearer’s unit is eligible to shoot in a turn in which it Fell Back.
000009468002|GC|Genestealer Cults|Spiteful Imp|0|000000940|Genespawn Onslaught|false||"AbOMiNANT model only. Each time an enemy unit opens a Hatchway, if the bearer is within 1"" of that Hatchway, roll one D6: on a 3-4, that enemy unit suffers 1 mortal wound; on a 5+, that enemy unit suffers 2 mortal wounds."
000010904002|GC|Genestealer Cults|Mark of the Star Children|30|000001189|Purestrain Broodswarm|true||PURESTRAIN GENESTEALERS unit only. This unit has: • +1 T. • 4+ Sv. • This unit’s melee attacks have +1 S.
000009071002|GC|Genestealer Cults|Gene-sire’s Reliquant|5|000000885|Xenocreed Congregation|false||MAgUS, PRImUS or ACOLyTE ICONwARD model only. You can re-roll Battle-shock tests taken for the bearer’s unit.
000009067002|GC|Genestealer Cults|Prowling Agitant|15|000000884|Host of Ascension|false||"GENESTEALER CULTS model only. In your opponent's Movement phase, if an enemy unit ends a move within 8"" of this unit, if this unit is not within Engagement Range of one or more enemy units, this unit can make a Normal move of up to D6""."
000009075003|GC|Genestealer Cults|Biomorph Adaptation|25|000000886|Biosanctic Broodsurge|false||AbOmINANT or PATRIARCH model only. Improve the Armour Penetration and Damage characteristics of melee weapons equipped by the bearer by 1.
000009468003|GC|Genestealer Cults|Miasmic Fumes|0|000000940|Genespawn Onslaught|false||BiOPHAGUS model only. Each time an attack targets the bearer, subtract 1 from the Hit roll and subtract 1 from the Wound roll.
000010908003|GC|Genestealer Cults|Devious Disguises|15|000001190|Xenocult Masses|true||"NEOPHYTE HYBRIDS unit only. This unit has -3"" detection range."
000009084003|GC|Genestealer Cults|Adaptive Reprisal|15|000000888|Brood Brother Auxilia|false||GENESTEALER CULTS INFANTRY model only. When you target this unit with the Heroic Intervention stratagem, that use is -1 CP.
000010900003|GC|Genestealer Cults|Contraband Munitions|20|000001188|Heroes of the Uprising|false||KELERMORPH/REDUCTUS SABOTEUR model only. This unit’s ranged attacks have +2 S.
000009476003|GC|Genestealer Cults|Psi-spoor Sensitivity|0|000000941|Infestation Swarm|false||Each time the bearer declares a charge, it can target enemy units that are not visible to it.
000009067003|GC|Genestealer Cults|A Chink in Their Armour|20|000000884|Host of Ascension|false||GENESTEALER CULTS model only. Each time the bearer is set up on the battlefield as Reinforcements, until the end of your next Fight phase, ranged weapons equipped by models in the bearer’s unit have the [LETHAL HITS] ability.
000009079003|GC|Genestealer Cults|Cartographic Data-leech|10|000000887|Outlander Claw|false||GENESTEALER CULTS model only. While the bearer is embarked within a TRANSPORT, each time that TRANSPORT is selected to shoot, until the end of the phase, improve the Ballistic Skill characteristic of ranged weapons equipped by that TRANSPORT as a result of the Firing Deck ability by 1.
000009460003|GC|Genestealer Cults|Primary Detonator|0|000000939|Cult Unveiled|false||Once per battle, when an enemy unit opens a closed Hatchway, if the bearer is on the battlefield, it can use this Enhancement. If it does, roll one D6: on a 3-4, that enemy unit suffers 1 mortal wound; on a 5+, that enemy unit suffers 2 mortal wounds.
000010904003|GC|Genestealer Cults|Talons of the Sire|15|000001189|Purestrain Broodswarm|false||PATRIARCH model only. This unit’s attacks can re-roll wound rolls of 1.
000009827003|GC|Genestealer Cults|Enraptured Damnation|10|000001002|Final Day|false||Genestealer Cults model only. Enemy units cannot use the Fire Overwatch Stratagem to shoot at the bearer’s unit.
000009071003|GC|Genestealer Cults|Denunciator of Tyrants|25|000000885|Xenocreed Congregation|false||MAgUS, PRImUS or ACOLyTE ICONwARD model only. Each time a model in the bearer’s unit makes an attack that targets a CHARACTER unit, add 1 to the Hit roll and add 1 to the Wound roll.
000009079004|GC|Genestealer Cults|Starfall Shells|10|000000887|Outlander Claw|false||GENESTEALER CULTS MOUNTED model only. In your Shooting phase, after the bearer has shot, select one enemy unit hit by one or more of those attacks made with a cult sniper rifle. Until the start of your next Shooting phase, each time a model in that enemy unit makes an attack, subtract 1 from the Hit roll.
000009067004|GC|Genestealer Cults|Our Time Is Nigh|20|000000884|Host of Ascension|false||GENESTEALER CULTS model only. Once per battle, when the bearer’s unit declares a charge, the bearer can use this Enhancement. If it does, until the end of the phase, add 2 to Charge rolls made for the bearer’s unit.
000009075004|GC|Genestealer Cults|Mutagenic Regeneration|10|000000886|Biosanctic Broodsurge|false||AbOmINANT, BIOPHAgUS or PATRIARCH model only. In each Command phase, one model in the bearer’s unit regains 1 lost wound.
000009827004|GC|Genestealer Cults|Vanguard Tyrant|25|000001002|Final Day|false||Winged Hive Tyrant model only. Improve the Strength and Armour Penetration characteristics of melee weapons equipped by the bearer by 1.
000009084004|GC|Genestealer Cults|The Hero Returned|20|000000888|Brood Brother Auxilia|false||GENESTEALER CULTS INFANTRY model only. Improve the Leadership and Objective Control characteristics of models in the bearer’s unit by 1.
000009071004|GC|Genestealer Cults|Deeds That Speak to the Masses|25|000000885|Xenocreed Congregation|false||Magus, Primus or Acolyte Iconward model only. You start the battle with 2 additional Resurgence points.
000009827005|GC|Genestealer Cults|Inhuman Integration|20|000001002|Final Day|false||"Genestealer Cults model only. Weapons equipped by models in the bearer’s unit have the [SUSTAINED HITS 1] ability while targeting an enemy unit within 6"" of one or more friendly Tyranids units."
000009084005|GC|Genestealer Cults|Firepoint Commander|10|000000888|Brood Brother Auxilia|false||GENESTEALER CULTS INFANTRY model only. Each time you target the bearer’s unit with the Fire Overwatch Stratagem, while resolving that Stratagem, hits are scored on unmodified Hit rolls of 5+.
000009067005|GC|Genestealer Cults|Assassination Edict|15|000000884|Host of Ascension|false||GENESTEALER CULTS model only. Each time a model in the bearer’s unit makes an attack that targets a CHARACTER unit, add 1 to the Hit roll
000009079005|GC|Genestealer Cults|Assault Commando|15|000000887|Outlander Claw|false||GENESTEALER CULTS model only. Each time a model in the bearer’s unit makes a ranged attack, if it disembarked from a TRANSPORT this turn, you can re-roll the Hit roll.
000009075005|GC|Genestealer Cults|Alien Majesty|15|000000886|Biosanctic Broodsurge|false||AbOmINANT, BIOPHAgUS or PATRIARCH model only. While an enemy unit is within Engagement Range of the bearer’s unit, subtract 1 from the Objective Control characteristic of models in that enemy unit (to a minimum of 1).
000009071005|GC|Genestealer Cults|Incendiary Inspiration|15|000000885|Xenocreed Congregation|false||MAgUS, PRImUS or ACOLyTE ICONwARD model only. The bearer’s unit is eligible to declare a charge in a turn in which it Advanced.
000010348002|GK|Grey Knights|Banishing Wave (Psychic)|20|000001081|Brotherhood Strike|false||"GREY KNIGHTS model only. Each time the bearer’s unit is set up using the Deep Strike ability, roll one D6 for each enemy unit within 12"" of the bearer: on a 2-5, that unit suffers 1 mortal wound; on a 6, that unit suffers D3 mortal wounds."
000010356002|GK|Grey Knights|Sigil of the Hunt|10|000001083|Banishers|false||GREY KNIGHTS model only. In your Shooting phase, each time a model in the bearer’s unit makes an attack, re-roll a Hit roll of 1.
000010360002|GK|Grey Knights|Driven by Duty|10|000001084|Sanctic Spearhead|false||"GREY KNIGHTS WALKER model only. Each time the bearer’s unit Piles In or Consolidates, the bearer can move up to 6"" instead of up to 3""."
000010352002|GK|Grey Knights|Eye of the Augurium|25|000001082|Hallowed Conclave|false||GREY KNIGHTS model only. You can target this unit with the Heroic Intervention stratagem, regardless of any other uses of that stratagem this phase. If you do: • That use is -1 CP. • That use does not prevent any uses of that stratagem on other units this phase.
000009485002|GK|Grey Knights|Sigil of Warding|0|000000943|Void Purge Force|false||"Once per battle, at the end of your Shooting phase, the bearer can use this Enhancement. If it does, it can make a Normal move of up to 3"" and can then attempt to operate a Hatchway. The bearer is then not eligible to declare a charge this turn."
000010920002|GK|Grey Knights|Psychic Celerity|15|000001216|Argent Assault|false||TERMINATOR model only. This unit has +1 to charge rolls
000010364002|GK|Grey Knights|Grimoire of Conjunctions|10|000001085|Augurium Task Force|false||GREY KNIGHTS model only. Once per battle, at the start of the Fight phase, the bearer can use this Enhancement. If it does, until the end of the phase, add 4 to the Strength characteristic of melee weapons equipped by the bearer.
000010928002|GK|Grey Knights|Predestined Coordinates|10|000001218|Immaterial Interdiction|true||INTERCEPTOR SQUAD unit only. In your first Movement phase, this unit can make an ingress move.
000010924002|GK|Grey Knights|Precognicient Volleys|10|000001217|Fires of Purgation|true||PURGATION SQUAD unit only. This unit’s snap shooting attacks hit on unmodified hit rolls of 5+.
000009493002|GK|Grey Knights|Shield of Admonishment|0|000000944|Baneslayer Strike|false||Each time a melee attack targets the bearer, subtract 1 from the Hit roll.
000009777002|GK|Grey Knights|Mandulian Reliquary|20|000000992|Warpbane Task Force|false||GREY KNIGHTS model only. While the bearer’s unit is not Battle-shocked, add 3 to the bearer’s Objective Control characteristic.
000010356003|GK|Grey Knights|The Ephemeral Tome|15|000001083|Banishers|false||"GREY KNIGHTS INFANTRY model only. At the start of your Shooting phase, if the bearer’s unit is not within Engagement Range of one or more enemy units, the bearer can use this Enhancement. If it does, the bearer’s unit can make a Normal move of up to D6"", and until the end of the turn, the bearer’s unit is not eligible to declare a charge."
000010364003|GK|Grey Knights|Shield of Prophecy|20|000001085|Augurium Task Force|false||GREY KNIGHTS model only. Once per battle, at the start of the battle round, the bearer can use this Enhancement. If it does, until the end of the battle round, add 2 to the Toughness characteristic of models in the bearer’s unit.
000010928003|GK|Grey Knights|Astral Overlap|10|000001218|Immaterial Interdiction|true||INTERCEPTOR SQUAD unit only. This unit has Stealth.
000010360003|GK|Grey Knights|Quickening Foci|15|000001084|Sanctic Spearhead|false||GREY KNIGHTS INFANTRY model only. In your Movement phase, each time the bearer’s unit disembarks from a Transport, until the end of the turn, you can re-roll Charge rolls made for that unit.
000009777003|GK|Grey Knights|Radiant Champion|15|000000992|Warpbane Task Force|false||Grey Knights Infantry model only. The bearer’s melee weapons have the [PRECISION] ability, and while the bearer is wholly within your army’s Hallowed Ground, each time a melee attack made by the bearer scores a wound, the target of that attack suffers 1 mortal wound in addition to any normal damage.
000009493003|GK|Grey Knights|Close and Sanction|0|000000944|Baneslayer Strike|false||In your opponent’s Shooting phase, each time an enemy unit is selected to shoot, after that unit has shot, if the bearer was hit by one or more of those attacks, the bearer can make a Dash move. To do so, roll one D6: the bearer can be moved a distance in inches up to the result, but it must finish that move as close as possible to the closest visible enemy unit. When doing so, it can be moved within Engagement Range of that enemy unit. The bearer can only make one Dash move per phase.
000010924003|GK|Grey Knights|Boons of Deimos|20|000001217|Fires of Purgation|true||PURGATION SQUAD unit only. This unit’s ranged attacks have +2 S.
000010348003|GK|Grey Knights|Blinding Aura|10|000001081|Brotherhood Strike|false||GREY KNIGHTS model only. Each time the bearer’s unit is set up using the Deep Strike ability, until the end of the turn, enemy units cannot use the Fire Overwatch Stratagem to shoot at the bearer’s unit.
000010920003|GK|Grey Knights|Vigilance of Titan|20|000001216|Argent Assault|false||"TERMINATOR model only. At the start of your Shooting phase, you can select one visible enemy unit within 12"" of this unit. That enemy unit has +6"" detection range."
000010352003|GK|Grey Knights|Inescapable Judgement (Psychic)|20|000001082|Hallowed Conclave|false||GREY KNIGHTS model only. Each time an enemy unit within Engagement Range of the bearer’s unit Falls Back, the bearer can use this Enhancement. If it does, roll one D6: on a 2-5, that enemy unit suffers D3 mortal wounds; on a 6, that enemy unit suffers D3+3 mortal wounds. These mortal wounds are Psychic Attacks.
000009485003|GK|Grey Knights|Tactical Haruspexy|0|000000943|Void Purge Force|false||"Once per battle, when the bearer declares a charge, it can use this Enhancement. If it does, it can select units that are not visible to it as targets of that charge, provided they are within 9"" of it."
000009777004|GK|Grey Knights|Phial of the Abyss|15|000000992|Warpbane Task Force|false||Grey Knights Infantry model only. Models in the bearer’s unit have the Stealth ability.
000010364004|GK|Grey Knights|One Foot in the Future|15|000001085|Augurium Task Force|false||"GREY KNIGHTS model only. When this unit ends an ingress move, you can use this ability. If you do: • This unit can make a normal move of up to D6"". • Until the end of the turn, this unit is not eligible to declare a charge."
000010356004|GK|Grey Knights|The Sixty-sixth Seal|25|000001083|Banishers|false||GREY KNIGHTS model only. In your Shooting phase, each time a model in the bearer’s unit makes an attack, improve the Armour Penetration characteristic of that attack by 1.
000010352004|GK|Grey Knights|Sanctic Reaper|15|000001082|Hallowed Conclave|false||GREY KNIGHTS TERMINATOR model only. Add 3 to the Attacks characteristic of the bearer’s melee weapons.
000010360004|GK|Grey Knights|Sigil of Exigence|30|000001084|Sanctic Spearhead|false||"GREY KNIGHTS model only. Once per battle, in your opponent’s Shooting phase, when the bearer’s unit is selected as the target of a ranged attack, you can remove the bearer’s unit from the battlefield and then set it back up again anywhere on the battlefield that is more than 8"" horizontally away from all enemy units. If the bearer’s unit is no longer an eligible target, your opponent can then select new targets for any attacks that had targeted the bearer’s unit."
000010348004|GK|Grey Knights|Purity of Purpose|15|000001081|Brotherhood Strike|false||GREY KNIGHTS model only. Each time the bearer’s unit is set up using the Deep Strike ability, until the end of the turn, you can re-roll Charge rolls made for the bearer’s unit.
000010348005|GK|Grey Knights|Tome of Forbidden Ways|25|000001081|Brotherhood Strike|false||GREY KNIGHTS model only. While the bearer is on the battlefield or in Strategic Reserves, add 1 to the number of units from your army that you can select for the Gate of Infinity rule.
000009777005|GK|Grey Knights|Paragon of Sanctity|10|000000992|Warpbane Task Force|false||"GREY KNIGHTS model only. Once per battle, at the start of any phase, the bearer can select one friendly GREY KNIGHTS unit within 18"" of and visible to it. If it does, until the end of the phase, that unit is within your army’s Hallowed Ground."
000010364005|GK|Grey Knights|Doomseer’s Amulet|25|000001085|Augurium Task Force|false||"GREY KNIGHTS model only. Each time the bearer’s unit is set up in your Reinforcements step, the bearer can use this Enhancement. If it does, select one enemy unit within 12"" of and visible to the bearer. That enemy unit must take a Battle-shock test, subtracting 1 from that test."
000010352005|GK|Grey Knights|Nemesis Rounds|10|000001082|Hallowed Conclave|false||GREY KNIGHTS TERMINATOR model only. Each time you target the bearer’s unit with the Fire Overwatch Stratagem, hits are scored on unmodified Hit rolls of 5+ while resolving that Stratagem.
000010360005|GK|Grey Knights|Spiritus Machina|25|000001084|Sanctic Spearhead|false||GREY KNIGHTS INFANTRY model only. In your Shooting phase, each time the bearer’s unit is selected to shoot, if the bearer’s unit disembarked from a Transport this turn, until the end of the phase, each time a model in the bearer’s unit makes an attack, you can re-roll the Wound roll.
000010356005|GK|Grey Knights|Pyresoul (Psychic)|20|000001083|Banishers|false||"GREY KNIGHTS model only. At the start of your Shooting phase, the bearer can use this Enhancement. If it does, select one enemy unit within 24"" of and visible to the bearer; that unit suffers D3 mortal wounds."
000009823002|LoV|Leagues of Votann|Bastion Shield|25|000001001|Hearthband|false||"LEAGUES OF VOTANN model only. Each time a ranged attack targets the bearer’s unit, if the attacking model is within 12"" of the bearer’s unit, worsen the Armour Penetration characteristic of that attack by 1. If you spend 1YP, until the end of the phase, if the attacking model is within 18"" of the bearer’s unit, worsen the Armour Penetration characteristic of that attack by 1 instead."
000011056002|LoV|Leagues of Votann|Saturation Rounds|15|000001194|Armoured Trailblazers|true||SAGITAUR unit only. This unit’s ranged attacks have [IGNORES COVER].
000009537002|LoV|Leagues of Votann|Celebrated Folk Hero|0|000000951|Hearthfire Strike|false||The first time the bearer is destroyed, each enemy unit on the battlefield gains 1 Judgement token.
000009529002|LoV|Leagues of Votann|Masterful Construction|0|000000950|Void Salvagers|false||Each time the bearer is selected to shoot or fight, you can select one of the following weapon abilities: [DEVASTATING WOUNDS]; [LETHAL HITS]; [SUSTAINED HITS 1]. Until the end of the phase, weapons equipped by the bearer (excluding Psychic weapons) have that ability.
000010443002|LoV|Leagues of Votann|Dêlvwerke Navigator|25|000001098|Dêlve Assault Shift|false||LEAGUES OF VOTANN model only. In the Reinforcements step of your Movement phase, the bearer can use this Enhancement. If it does, select one friendly CTHONIAN BESERKS unit visible to the bearer and then spend any number of YP. Return one destroyed model (excluding CHARACTER models) to that unit and then, for every 2YP you just spent, return up to one additional destroyed model (excluding CHARACTER models) to that unit.
000010451002|LoV|Leagues of Votann|Fârstrydr Node|20|000001100|Hearthfyre Arsenal|false||Iron-master or Memnyr Strategist model only. Models in the bearer’s unit have the Deep Strike ability.
000010439002|LoV|Leagues of Votann|Eye for Weakness|25|000001097|Persecution Prospect|false||LEAGUES OF VOTANN model only. Each time a model in the bearer’s unit makes an attack that targets an assailed unit, add 1 to the Wound roll.
000010708002|LoV|Leagues of Votann|Mercenary Prospector|20|000001137|Mercenary Oathband|false||Kâhl model only. Each time an enemy unit is destroyed by the bearer’s unit, gain 2YP.
000011060002|LoV|Leagues of Votann|Pan-Spectral Lockons|10|000001195|Farseekers|true||"PIONEERS unit only. In your Shooting phase, you can select one visible enemy unit within 12"" of this unit. That enemy unit is spotted: • While a unit is spotted, that unit has +3"" detection range."
000010435002|LoV|Leagues of Votann|Oathbound Speculator|30|000001096|Needgaârd Oathband|false||LEAGUES OF VOTANN model only. Each time a model in the bearer’s unit makes an attack, re-roll a Wound roll of 1. Each time the bearer’s unit is selected to shoot or fight, you can spend 3YP. If you do, until the end of the phase, each time a model in the bearer’s unit makes an attack, add 1 to the Wound roll.
000011064002|LoV|Leagues of Votann|High Kâhl|30|000001196|Hearthguard Covenant|false||KÂHL model only. In the Fight phase, when a model in this unit is destroyed, if this unit has not been selected to fight this phase, roll one D6: on a 4+, do not remove that model from the battlefield; after this unit has fought, or at the end of the phase (whichever comes first), that model is removed from the battlefield.
000010447002|LoV|Leagues of Votann|Tactical Alchemy|10|000001099|Brandfast Oathband|false||Kâhl model only. In your Command phase, if the bearer’s unit is within range of one or more objective markers you control that are not within your deployment zone, you can spend 1YP. If you do, roll one D6: on a 4+, you gain 1CP.
000011056003|LoV|Leagues of Votann|Optimised Attack Lines|15|000001194|Armoured Trailblazers|true||SAGITAUR unit only. This unit has MOBILE.
000010443003|LoV|Leagues of Votann|Multiwave System Jammer|10|000001098|Dêlve Assault Shift|false||LEAGUES OF VOTANN model only. Once per battle, in your Movement phase, if the bearer is on the battlefield, it can use this Enhancement. If it does, select one friendly Cthonian unit that is in Reserves. Until the end of the phase, for the purposes of setting up that unit on the battlefield, treat the current battle round number as being one higher than it actually is.
000010439003|LoV|Leagues of Votann|Writ of Acquisition|10|000001097|Persecution Prospect|false||LEAGUES OF VOTANN model only. In your Shooting phase, after the bearer’s unit has shot, you gain 1YP for each assailed enemy unit hit by one or more of those attacks (to a maximum of 3YP).
000011064003|LoV|Leagues of Votann|Ironskein|10|000001196|Hearthguard Covenant|false||KÂHL model only. This model has +2 W.
000010708003|LoV|Leagues of Votann|Metaphysical Brokerage|20|000001137|Mercenary Oathband|false||Memnyr Strategist model only. At the end of your turn, if the bearer is on the battlefield and you gained fewer than 3YP this turn, you gain an amount of YP equal to the difference.
000010435003|LoV|Leagues of Votann|Dead Reckoning|10|000001096|Needgaârd Oathband|false||LEAGUES OF VOTANN model only. At the end of the turn, if the bearer is on the battlefield and you spent no YP in that turn, you can gain 1YP.
000009529003|LoV|Leagues of Votann|Obsessive Drive|0|000000950|Void Salvagers|false||At the start of the first battle round, select one objective marker. While the bearer is on the battlefield, each time a LEAGUES OF VOTANN unit from your army is selected to shoot or fight, each enemy unit within range of that objective marker is considered to have 1 additional Judgement token while resolving those attacks.
000009537003|LoV|Leagues of Votann|Gûlyk’s Stars|0|000000951|Hearthfire Strike|false||"Each time the bearer ends a Charge move, select one enemy unit within Engagement Range of it and roll one D6: on a 2-4, that enemy unit suffers 1 mortal wound; on a 5+, that enemy unit suffers 2 mortal wounds. If this results in one or more enemy models being destroyed, you can select one closed Hatchway within 6"" of the bearer and open it."
000009823003|LoV|Leagues of Votann|Quake Multigenerator|15|000001001|Hearthband|false||Kâhl model only. In your Shooting phase, after the bearer has shot, select one enemy unit (excluding TITANIC units) hit by one or more of those attacks. Until the start of your next turn, that enemy unit is suppressed. While a unit is suppressed, each time a model in that unit makes an attack, subtract 1 from the Hit roll.
000010451003|LoV|Leagues of Votann|Calculated Tenacity|15|000001100|Hearthfyre Arsenal|false||Iron-master or Memnyr Strategist model only. While the bearer is leading a unit, add 1 to the Objective Control characteristic of models in that unit.
000010447003|LoV|Leagues of Votann|Trivärg Cyber Implant|40|000001099|Brandfast Oathband|false||LEAGUES OF VOTANN model only. In your Shooting phase, each time the bearer’s unit is selected to shoot, if it disembarked from a Transport this turn, or if you spend 2YP, until the end of the phase, ranged weapons equipped by models in that unit have the [sustained HITS 2] ability.
000011060003|LoV|Leagues of Votann|Shroudwërke Talismans|15|000001195|Farseekers|true||"YAEGIRS unit only. This unit has -3"" detection range"
000009823004|LoV|Leagues of Votann|Ironskein|10|000001001|Hearthband|false||LEAGUES OF VOTANN model only. Add 2 to the bearer’s Wounds characteristic.
000010443004|LoV|Leagues of Votann|Quake Supervisor|20|000001098|Dêlve Assault Shift|false||"LEAGUES OF VOTANN model only. While the bearer is within 3"" of one or more friendly Leagues of Votann Artillery units, the bearer has the Lone Operative ability, and each time one of those ARTILLERY units makes a ranged attack that targets an enemy unit visible to the bearer, add 1 to the Hit roll."
000010447004|LoV|Leagues of Votann|Precursive Judgement|15|000001099|Brandfast Oathband|false||"Kâhl model only. While the bearer’s unit is wholly within 6"" of one or more friendly Leagues of Votann Transport units, you can target the bearer’s unit with the Fire Overwatch Stratagem for 0CP and hits are scored on unmodified Hit rolls of 5+ while resolving that Stratagem."
000010451004|LoV|Leagues of Votann|Mantle of Elders|10|000001100|Hearthfyre Arsenal|false||Memnyr Strategist model only. Each time the bearer’s unit is selected to shoot, if you spend YP using the Optimal Application Detachment rule when doing so, you can roll one D6: on a 2+, you gain 1YP.
000010435004|LoV|Leagues of Votann|Iron Ambassador|5|000001096|Needgaârd Oathband|false||LEAGUES OF VOTANN model equipped with an Autoch-pattern combi-bolter only. Once per battle, when the bearer’s unit is selected to shoot, the bearer can use this Enhancement. If it does, spend up to 3YP and, until the end of the phase, add the number of YP you just spent to the Damage characteristic of the bearer’s ranged weapons.
000010439004|LoV|Leagues of Votann|Surgical Saboteur|10|000001097|Persecution Prospect|false||LEAGUES OF VOTANN model only. In your Shooting phase, after the bearer’s unit has shot, select one MONSTER or VEHICLE unit hit by one or more of those attacks; until the start of your next Shooting phase, that unit is pinned.
000010708004|LoV|Leagues of Votann|Etacarn SB9 Targeting Implant|15|000001137|Mercenary Oathband|false||LEAGUES OF VOTANN model only. Each time a model in the bearer’s unit makes an attack, re-roll a Hit roll of 1. Each time the bearer’s unit is selected to shoot or fight, you can spend 3YP. If you do, until the end of the phase, each time a model in the bearer’s unit makes an attack, that attack has the [SUSTAINED HITS 1] ability.
000009823005|LoV|Leagues of Votann|High Kâhl|30|000001001|Hearthband|false||Kâhl model only. Each time a model in the bearer’s unit is destroyed by a melee attack, if it has not fought this phase, roll one D6: on a 4+, do not remove it from play. The destroyed model can fight after the attacking unit has finished making its attacks, and is then removed from play.
000010447005|LoV|Leagues of Votann|Signature Restoration|5|000001099|Brandfast Oathband|false||Iron-master model only. Each time a friendly LEAGUES OF VOTANN model is repaired using the bearer’s Forgewrought Expertise ability, that model regains 1 additional lost wound.
000010435005|LoV|Leagues of Votann|Ancestral Crest|15|000001096|Needgaârd Oathband|false||LEAGUES OF VOTANN model only. Once per turn, when you target the bearer’s unit with the Command Re-roll Stratagem, the bearer can use this Enhancement. If it does, spend 1YP and reduce the CP cost of that use of that Stratagem by 1CP.
000010451005|LoV|Leagues of Votann|Graviton Vault|5|000001100|Hearthfyre Arsenal|false||Iron-master model only. In your Shooting phase, after the bearer has shot, and in the Fight phase, after the bearer has fought, select one enemy MONSTER or VEHICLE unit hit by one or more of those attacks. Until the start of your next turn, that enemy unit is suppressed. While a unit is suppressed, each time a model in that unit makes an attack, subtract 1 from the Hit roll.
000010439005|LoV|Leagues of Votann|Nomad Strategist|20|000001097|Persecution Prospect|false||LEAGUES OF VOTANN model only. Once per battle, at the end of your opponent’s Fight phase, if the bearer is on the battlefield, it can use this Enhancement. If it does, you can spend up to 4YP. Select one Hernkyn unit from your army, and, for every 2YP you just spent, select up to one additional HERNKYN unit from your army. You can remove those units from the battlefield and place them into Strategic Reserves. You cannot select a unit that is within Engagement Range of one or more enemy units (excluding assailed units).
000010708005|LoV|Leagues of Votann|Asset Manipulator|25|000001137|Mercenary Oathband|false||"LEAGUES OF VOTANN model only. At the start of the Command phase, you can spend 3YP. If you do, until the end of the turn, while an enemy unit is within 3"" of the bearer, subtract 1 from the Objective Control characteristic of models in that enemy unit."
000010443005|LoV|Leagues of Votann|Piledriver|15|000001098|Dêlve Assault Shift|false||LEAGUES OF VOTANN model only. Each time the bearer’s unit is selected to fight, the bearer can use this Enhancement. If it does, spend up to 2YP and, until the end of the phase, add the number of YP you just spent to the Damage characteristic of the bearer’s melee weapons.
000010735002|NEC|Necrons|Cryptometric Experimentation|0|000001140|Harbinger Cabal|false||Add 1 to the Toughness and Wounds characteristics of the bearer. The bearer has a 4+ invulnerable save.
000008372002|NEC|Necrons|Veil of Darkness|20|000000756|Awakened Dynasty|false||NECRONS model only. (Once per battle, per army) At the end of your opponent’s turn, if this unit is unengaged, you can use this ability. If you do: • Place this unit in strategic reserves. • This unit has Deep Strike until the start of your next Shooting phase. • This unit must make an ingress move in your next Movement phase (including in your first turn).
000008546002|NEC|Necrons|Dimensional Sanctum|20|000000816|Canoptek Court|false||CRYPTEK model only. Models in the bearer’s unit have the Infiltrators ability.
000009596002|NEC|Necrons|Inured to Damage|0|000000960|Deranged Outcasts|false||The bearer has the Feel No Pain 6+ ability. Once the bearer has destroyed one or more enemy units, it has the Feel No Pain 5+ ability instead.
000008554002|NEC|Necrons|Dimensional Overseer|25|000000818|Hypercrypt Legion|false||NECRONS model only. While the bearer is on the battlefield or in Strategic Reserves, add one to the number of units from your army that you can select for the Hyperphasing rule.
000010672002|NEC|Necrons|Singularity Matrix|45|000001129|Pantheon of Woe|false||"C’tan Shard of the Deceiver model only. This model has the following ability: Lord of Deceit (Aura): Each time your opponent targets a unit from their army with a Stratagem, if that unit is within 12"" of this model, increase the cost of that use of that Stratagem by 1CP."
000010664002|NEC|Necrons|Quantum Abacus|15|000001127|Cryptek Conclave|false||NECRONS model only. Each time you select the bearer’s unit as the target of a Stratagem, roll one D6, adding 1 if it is within range of one or more objectives: on a 4+, you gain 1CP.
000010668002|NEC|Necrons|Destroyer Ankh|20|000001128|Cursed Legion|false||"Catacomb Command Barge or Overlord model only. The bearer has the Destroyer Cult keyword. Add 2"" to the Move characteristic of models in the bearer’s unit and add 2 to the Attacks characteristic of melee weapons equipped by the bearer."
000009588002|NEC|Necrons|Resurrection Protocols|0|000000959|Tomb Ship Complement|false||The first time the bearer is destroyed, roll one D6 at the end of the phase. On a 2+, set the bearer back up on the battlefield, as close as possible to where it was destroyed and not within Engagement Range of any enemy units, with D3 wounds remaining.
000008550002|NEC|Necrons|Honourable Combatant|10|000000817|Obeisance Phalanx|false||OVERLORD model only. Each time the bearer’s unit destroys an enemy CHARACTER unit, your opponent loses 1CP if they have any.
000010891002|NEC|Necrons|Relocational Optimiser|25|000001193|The Phaeron's Armoury|false||NECRONS model only. When this unit is selected to shoot, if this unit was set up using a Monolith’s Eternity Gate ability this turn, this unit’s ranged attacks have: • [LETHAL HITS]. • Or: [SUSTAINED HITS 1].
000010887002|NEC|Necrons|Recursive Reanimation|5|000001192|Skyshroud Spearhead|true||TOMB BLADES unit only. When this unit activates its Reanimation Protocols, +1 to the roll.
000009604002|NEC|Necrons|Nanoscarab Reconstitution|0|000000961|Canoptek Harvesters|false||In each player’s Command phase, the bearer regains 1 lost wound.
000010883002|NEC|Necrons|Enlivened Sentinels|20|000001191|Hand of the Dynasty|true||"NECRON WARRIORS unit only. This unit has Scouts 5"""
000009749002|NEC|Necrons|Dread Majesty (Aura)|30|000000985|Starshatter Arsenal|false||"Overlord or Catacomb Command Barge model only. While a friendly NECRONS unit (excluding Monster and Titanic units) is within 6"" of the bearer, each time a model in that unit makes an attack, re-roll a Hit roll of 1 and re-roll a Wound roll of 1."
000008543002|NEC|Necrons|Eternal Madness|20|000000815|Annihilation Legion|false||NECRONS model only. In the Fight phase, each time a model in the bearer’s unit is destroyed, if that model has not fought this phase, roll one D6: on a 4+, do not remove the destroyed model from play; it can fight after the attacking models unit has finished making its attacks, and is then removed from play.
000009588003|NEC|Necrons|Mindshackle Scarabs|0|000000959|Tomb Ship Complement|false||"CRYPTEK model only. In your Command phase, select one enemy unit within 12"" of and visible to the bearer. That enemy unit must take a Leadership test, subtracting 1 from the result: if failed, until the start of your next Command phase, subtract 2"" from the Move characteristic of models in that enemy unit and subtract 2 from Advance and Charge rolls made for it."
000010735003|NEC|Necrons|Portal Transmuter|0|000001140|Harbinger Cabal|false||"Once per turn, when the bearer ends a Normal, Advance or Fall Back move within 3"" of an open Hatchway or when the bearer opens a Hatchway, it can, before any units decide if they wish to fire Overwatch, use this ability. If it does, remove the bearer from the battlefield and set it back up on the battlefield wholly within 3"" of another open Hatchway and not within Engagement Range of one or more enemy units. When doing so, if the bearer cannot be set back up on the battlefield, it is destroyed."
000010883003|NEC|Necrons|Tools of Dominion|15|000001191|Hand of the Dynasty|true||IMMORTALS unit only. This unit’s ranged attacks have [RAPID FIRE 1].
000010672003|NEC|Necrons|Quantum Goad|45|000001129|Pantheon of Woe|false||C’tan Shard of the Nightbringer model only. This model is eligible to declare a charge in a turn in which it Advanced.
000008543003|NEC|Necrons|Ingrained Superiority|5|000000815|Annihilation Legion|false||NECRONS model only. Each time a model in the bearer’s unit makes an attack, on a Critical Wound, improve the Armour Penetration characteristic of that attack by 1.
000010668003|NEC|Necrons|Murdermind|15|000001128|Cursed Legion|false|SUPPORT: SKORPEKH DESTROYERS, LOKHUST DESTROYERS, OPHYDIAN DESTROYERS, LOKHUST HEAVY DESTROYERS|"CRYPTEK model only. The bearer has the DESTROYER CULT keyword. Add 3"" to the Move characteristic of the bearer."
000008372003|NEC|Necrons|Nether-realm Casket|20|000000756|Awakened Dynasty|false||NECRONS model only. While the bearer is leading a unit, models in that unit have the Stealth ability.
000009604003|NEC|Necrons|Impromptu Translocation|0|000000961|Canoptek Harvesters|false||"Once per battle, after the bearer has shot, it can make a Normal move of up to 6""."
000008550003|NEC|Necrons|Unflinching Will|20|000000817|Obeisance Phalanx|false||OVERLORD model only. The bearer’s melee weapons have the [PRECISION] and [ANTI-INFANTRY 5+] abilities.
000008554003|NEC|Necrons|Arisen Tyrant|25|000000818|Hypercrypt Legion|false||NECRONS model only. Each time a model in the bearer’s unit makes an attack, re-roll a Hit roll of 1. If the bearer’s unit was set up on the battlefield this turn, you can re-roll the Hit roll instead.
000009596003|NEC|Necrons|Domineering Presence|0|000000960|Deranged Outcasts|false||"In your opponent’s Command phase, at the start of the Battle-shock step, select one enemy unit within 3"" of the bearer; that enemy unit must take a Battle-shock test. When doing so, if that enemy unit is Below Half-strength, subtract 1 from that test. This Enhancement cannot cause a unit to take two Battle-shock tests in the same phase."
000010664003|NEC|Necrons|Atomic Disintegrators|10|000001127|Cryptek Conclave|false||Cryptek model only. In your Shooting phase, each time the bearer’s unit is selected to shoot, when selecting an ability for the Technosorcerous Augmentations Detachment rule, you can also select from the following abilities: [ANTI-MONSTER 5+], [ANTI-VEHICLE 5+].
000009749003|NEC|Necrons|Miniaturised Nebuloscope|15|000000985|Starshatter Arsenal|false||NECRONS model only. Ranged weapons equipped by models in the bearer’s unit have the [IGNORES COVER] ability.
000010887003|NEC|Necrons|Deepening Madness|20|000001192|Skyshroud Spearhead|true||DESTROYER CULT MOUNTED unit only. This unit’s ranged attacks have [ASSAULT].
000010891003|NEC|Necrons|Mortality Shroud (Aura)|10|000001193|The Phaeron's Armoury|true||"OBELISK unit only. In your opponent’s Battle-shock step, if an enemy unit within 8"" of this unit is below starting strength, that enemy unit makes a battle-shock roll."
000008546003|NEC|Necrons|Hyperphasic Fulcrum|15|000000816|Canoptek Court|false||CRYPTEK model only. While the bearer is leading a unit, if that unit is wholly within your army’s Power Matrix, each time a model in that unit makes an attack, re-roll a Wound roll of 1.
000010672004|NEC|Necrons|Animus Damper|35|000001129|Pantheon of Woe|false||C’tan Shard of the Void Dragon model only. Once per turn, at the start of your opponent’s Shooting phase, select one enemy VEHICLE unit visible to the bearer. That unit must take a Leadership test. Until the end of the phase, each time a model in that unit makes an attack, subtract 1 from the Hit roll and, if that Leadership test was failed, subtract 1 from the Wound roll as well.
000009749004|NEC|Necrons|Demanding Leader|10|000000985|Starshatter Arsenal|false||"NECRONS model only. In your Command phase, select one friendly Necrons Vehicle or Necrons Mounted unit (excluding Titanic units) within 6"" of the bearer. Until the start of your next Command phase, that unit is eligible to shoot in a turn in which it Fell Back."
000008554004|NEC|Necrons|Hyperspatial Transfer Node|15|000000818|Hypercrypt Legion|false||"NECRONS model only. Each time the bearer’s unit Advances, do not make an Advance roll for it. Instead, until the end of the phase, add 6"" to the Move characteristic of models in the bearer’s unit."
000008550004|NEC|Necrons|Warrior Noble|15|000000817|Obeisance Phalanx|false||OVERLORD model only. Each time a melee attack targets the bearer’s unit, subtract 1 from the Hit roll.
000010668004|NEC|Necrons|Mark of the Nekrosor|20|000001128|Cursed Legion|false||Destroyer Cult model only. Each time a model in the bearer’s unit makes an attack, add 1 to the Hit roll.
000008543004|NEC|Necrons|Soulless Reaper|15|000000815|Annihilation Legion|false||DESTROYER CULT model only. Each time an enemy unit within Engagement Range of the bearer’s unit is selected to Fall Back, roll one D6: on a 3+, that unit cannot Fall Back this phase and must Remain Stationary.
000008546004|NEC|Necrons|Autodivinator|15|000000816|Canoptek Court|false||CRYPTEK model only. Each time your opponent gains a CP as the result of an ability, roll one D6: on a 2+, you also gain 1CP.
000010664004|NEC|Necrons|Gauntlet of Compression|20|000001127|Cryptek Conclave|false||"NECRONS model only. Add 6"" to the Range characteristic of ranged weapons equipped by models in the bearer’s unit."
000008372004|NEC|Necrons|Phasal Subjugator (Aura)|35|000000756|Awakened Dynasty|false||"NECRONS model only. While a friendly NECRONS unit (excluding CHARACTER units) is within 6"" of the bearer, each time a model in that unit makes an attack, add 1 to the Hit roll."
000008372005|NEC|Necrons|Enaegic Dermal Bond|30|000000756|Awakened Dynasty|false||NECRONS model only. The bearer has the Feel No Pain 4+ ability.
000008546005|NEC|Necrons|Metalodermal Tesla Weave|10|000000816|Canoptek Court|false||CRYPTEK model only. Once per phase, when an enemy unit selects the bearer’s unit as a target of a charge, roll one D6: on a 2-5, that enemy unit suffers D3 mortal wounds; on a 6, that enemy unit suffers 3 mortal wounds.
000010668005|NEC|Necrons|Cursed Circlet|25|000001128|Cursed Legion|false||"Destroyer Cult model only. In your opponent’s Shooting phase, when an enemy unit has shot, if a model in this unit was destroyed by those attacks, this unit can make a surge move of up to D6""."
000009749005|NEC|Necrons|Chrono-impedance Fields|25|000000985|Starshatter Arsenal|false||"NECRONS model only. In your Command phase, select one friendly Necrons Vehicle or Necrons Mounted unit (excluding Titanic units) within 6"" of the bearer. Until the start of your next Command phase, each time an attack is allocated to a model in that unit, subtract 1 from the Damage characteristic of that attack."
000008543005|NEC|Necrons|Eldritch Nightmare|10|000000815|Annihilation Legion|false||DESTROYER CULT model only. At the start of the Fight phase, each enemy unit within Engagement Range of the bearer must take a Battle-shock test.
000010672005|NEC|Necrons|Reletavistic Tether|40|000001129|Pantheon of Woe|false||"Transcendent C’tan model only. In your turn, when this unit makes an ingress/advance move using its Transdimensional Displacement ability, this unit can end that move more than 6"" horizontally from all enemy units (instead of more than 8""). When this unit ends that move within 8"" of an enemy unit, this unit is not eligible to declare a charge until the end of the turn."
000008550005|NEC|Necrons|Eternal Conqueror|25|000000817|Obeisance Phalanx|false||OVERLORD model only. Each time a model in the bearer’s unit makes an attack that targets an enemy unit within range of an objective marker, you can re-roll the Hit roll.
000008554005|NEC|Necrons|Osteoclave Fulcrum|20|000000818|Hypercrypt Legion|false||NECRONS model only. Models in the bearer’s unit have the Deep Strike ability.
000010664005|NEC|Necrons|Gravitic Bolas|15|000001127|Cryptek Conclave|false||Cryptek model only. In your Shooting phase, after the bearer has shot, select one enemy unit hit by one or more of those attacks (excluding TITANIC units); until the start of your next turn, that enemy unit is pinned. While a unit is pinned, subtract 2 from that unit’s Move characteristic and subtract 2 from Charge rolls made for that unit.
000008885002|ORK|Orks|Wimp-kickaz|15|000000857|Bully Boyz|true||Nobz unit only. When an enemy unit engaged with this unit is selected to make a fall-back move: • That enemy unit must select the desperate escape mode. • If this unit is riled up, that enemy unit has -1 to the hazard rolls made for that desperate escape.
000011155002|ORK|Orks|Da Krunch|10|000001228|Wurrband|false||Orks Psyker model only. This model has the following weapon.
000011140002|ORK|Orks|Supa-glowy Fing|25|000001224|Shoota Boyz|false||Orks Infantry model only (excluding Weirdboy models). This model’s ranged attacks have: • [Anti-Infantry 4+]. • [Devastating Wounds]. • [SUPA-HAZARDOUS]. [SUPA-HAZARDOUS]: Each time a unit is selected to shoot, after that unit has resolved all of its attacks, make two hazard rolls for that unit for each [SUPA-HAZARDOUS] weapon you selected in the Select Weapons step.
000009623002|ORK|Orks|Tellyporta|0|000000964|Kaptin Killers|false||In the Deploy Armies step, select one MEGANObz unit from your army. Until the end of the battle, models in that unit have the Deep Strike ability.
000011136002|ORK|Orks|Extra Sneaky|10|000001223|Runt Swarm|true||"Gretchin unit only. This unit has -3"" detection range."
000011132002|ORK|Orks|Kaptin's Hat|25|000001222|Wreckas|false|LEADER: FLASH GITZ|Big Mek/Warboss Infantry model only. When both players have deployed their armies, you can redeploy up to three friendly Orks Infantry units. When doing so, you can set those units up in strategic reserves, regardless of how many units are already in strategic reserves.
000011148002|ORK|Orks|Surly as a Squiggoth|25|000001226|Brute Bosses|false||Infantry Warboss model only. (Once per battle, per army) At the end of a phase in which this model is destroyed, roll one D6: • On a 2+, set this model back up on the battlefield as close as possible to where it was destroyed, unengaged, with 3 wounds remaining.
000011151002|ORK|Orks|Flyboss|20|000001227|Flyboyz|true||"Orks Aircraft unit only. • This unit has CHARACTER. • When this unit ends an ingress move, each friendly Orks Aircraft/Deffkoptas unit within 6"" of this unit is riled up until the start of your next turn."
000008868002|ORK|Orks|Glory Hog|25|000000853|Da Big Hunt|false||Beast Snagga model only. When this unit is selected to make a fall-back move, that fall-back move does not prevent this unit from being eligible to declare a charge.
000008367002|ORK|Orks|Headwoppa's Killchoppa|15|000000852|War Horde|false||ORKS model only. If this unit made a charge move this turn, this model’s melee attacks have +1 AP.
000008877002|ORK|Orks|Cybork Boosta|10|000000855|Dread Mob|false||"Big Mek/Mek model only. This model has +2"" M."
000011144002|ORK|Orks|Mekwaaagh! Mastermind|30|000001225|Madcap Meks|false||Big Mek model only. This unit is riled up.
000010799002|ORK|Orks|Targetin' Gizmos|10|000001152|Blitz Brigade|true||Wagon unit only. While a Big Mek model is embarked within this unit: • This unit’s ranged attacks have [Ignores Cover]. • If this unit is riled up, this unit’s ranged attacks have [Sustained Hits 1].
000009615002|ORK|Orks|Living Battering Ram|0|000000963|Ramship Raiders|false||"Each time the bearer attempts to operate a closed Hatchway, your opponent cannot try to prevent it. In addition, each time the bearer opens a Hatchway, each enemy unit within 6"" of that Hatchway and wholly on the opposite side of it from the bearer must take a Battle-shock test."
000009795002|ORK|Orks|Kill Kommanda|20|000000995|Taktikal Brigade|false|LEADER: KOMMANDOS|Big Mek/Warboss Infantry model only. While this model is part of an attached unit, this model has: • Infiltrators. • Stealth.
000008881002|ORK|Orks|Ferocious Show-off|15|000000856|Green Tide|false||Orks Infantry model only. This model’s melee attacks have: • +1 A. • Or: If this unit has 11+ models, +2 A.
000008872002|ORK|Orks|Smoky Gubbinz|10|000000854|Kult of Speed|true||Speed Freeks unit only (excluding Aircraft units). When an attack targets a unit that is not fully visible to the attacking model because of a model in this unit, the target has the benefit of cover against that attack.
000011136003|ORK|Orks|Minefield Detail|10|000001223|Runt Swarm|true||"Gretchin unit only. While this unit is not embarked, this unit has Scouts 6""."
000008885003|ORK|Orks|Tellyporta Boss|20|000000857|Bully Boyz|false||Mega Armour model only. This unit (excluding Vehicle units) has Deep Strike.
000011151003|ORK|Orks|Impulsive Recon|15|000001227|Flyboyz|true||Orks Aircraft unit only. In your first Movement phase, this unit can make an ingress move.
000011155003|ORK|Orks|'Eadbanger|15|000001228|Wurrband|false||Orks Psyker model only. This model has the following weapon.
000010799003|ORK|Orks|Boss Boomer|10|000001152|Blitz Brigade|true||Wagon unit only. While a Warboss model is embarked within this unit, this unit has that WARBOSS model’s Intimidating Motivation/Keep Huntin’ ability.
000008868003|ORK|Orks|It Came from da Drops|20|000000853|Da Big Hunt|false||Beastboss on Squigosaur model only. This model has +1 T.
000008881003|ORK|Orks|'Ardboyz|25|000000856|Green Tide|true||Boyz unit only. This unit has 4+ Sv.
000011144003|ORK|Orks|Temperamental Shokka|20|000001225|Madcap Meks|true||Big Mek with Shokk Attack Gun model only. In your Shooting phase, when this unit is selected to shoot, you can roll one D6: • On a 1, this model’s Shokk Attack Gun weapon has [Torrent], and when this unit has shot, this model is destroyed. • On a 2-5, this model’s Shokk Attack Gun weapon has +1 A. • On a 6, this model’s Shokk Attack Gun weapon has [Sustained Hits 2].
000011132003|ORK|Orks|Supa-snazz Dakka|20|000001222|Wreckas|true||Flash Gitz unit only. This unit’s Snazzgun weapons have [Rapid Fire 1].
000009623003|ORK|Orks|Gnasher Squig Crates|0|000000964|Kaptin Killers|false||"WARbOSS model only. In your Command phase, you can select one NObz or MEGANObz unit from your army (excluding Battle-shocked units) that is within 6"" of the bearer and is within range of an objective marker. If there are no enemy models within range of that objective marker, it is Secured by your army."
000009795003|ORK|Orks|Throat-slittas|15|000000995|Taktikal Brigade|true||Kommandos/Stormboyz unit only. This unit’s melee attacks have [Lethal Hits: non-Monster/Vehicle].
000009615003|ORK|Orks|Scarred Brute|0|000000963|Ramship Raiders|false||The bearer has the Feel No Pain 5+ ability.
000008877003|ORK|Orks|Dreadherder|20|000000855|Dread Mob|false||"Big Mek model only. While this model is within 3"" of a friendly Orks Walker unit (excluding BIG MEK units): • This model has Lone Operative. • In your Shooting phase, you can select one friendly ORKS WALKER unit within 3"" of this model. That unit’s attacks can re-roll hit rolls of 1 until the end of the turn."
000011140003|ORK|Orks|Targetin' Squigs|20|000001224|Shoota Boyz|false||"Big Mek/bigBoss/Warboss model only. This unit’s ranged attacks (excluding [Torrent] attacks) have +3"" R."
000008872003|ORK|Orks|Competitive Streak|15|000000854|Kult of Speed|false||Deffkilla Wartrike model only. This unit can re-roll charge rolls.
000008367003|ORK|Orks|Da Boss is Watchin'|25|000000852|War Horde|false||ORKS model only. (Once per battle, per army) In your Movement phase, you can use this ability. If you do, this unit is riled up until the start of your next turn.
000011148003|ORK|Orks|Brutal But Kunnin'|30|000001226|Brute Bosses|false||Warboss model only. This model’s melee attacks have +1 D.
000008367004|ORK|Orks|Kunnin' But Brutal|20|000000852|War Horde|false||ORKS model only. When this unit is selected to make a fall-back move, that fall-back move does not prevent this unit from being eligible to shoot/declare a charge.
000011144004|ORK|Orks|Enhanced Runt-maw|10|000001225|Madcap Meks|true||Big Mek with Shokk Attack Gun model only. When this unit has shot, select one enemy unit hit by those attacks. That unit is infested with Snotlings until the start of your next turn. • While an enemy unit is infested with Snotlings, that unit has -1 to leadership rolls.
000011148004|ORK|Orks|Blitzboss|20|000001226|Brute Bosses|false||"Warboss model only. A transport unit (excluding Walker units) this unit is embarked within has: • +2"" M. • 5+ InSv."
000011155004|ORK|Orks|Warphead|25|000001228|Wurrband|false||Orks Psyker model only. This model: • Has psyker level 2. • Has Deadly Demise D6. • Can re-roll psychic rolls.
000008367005|ORK|Orks|Follow Me Ladz|20|000000852|War Horde|false||"ORKS model only. This unit has +2"" M."
000011148005|ORK|Orks|Proper Killy|15|000001226|Brute Bosses|false||Warboss model only. This model can re-roll hit rolls of 1.
000011148006|ORK|Orks|Morgog's Finkin' Cap|50|000001226|Brute Bosses|false||"Warboss model only. (Once per battle, per army) At the end of your opponent’s Movement phase, if this unit is unengaged, this unit can make a normal move of: • Up to D6"". • If this unit is riled up, you can re-roll that D6."
000011148007|ORK|Orks|Da Gobshot Thunderbuss|20|000001226|Brute Bosses|false||Warboss model only. This model has the following weapon:
000011004002|QI|Imperial Knights|Blessed Plate|30|000001219|Dominus Foebreakers|false||IMPERIAL KNIGHTS DOMINUS model only. This model has +1 T.
000010493002|QI|Imperial Knights|Bearer of the Iron Chalice|20|000001106|Valourstrike Lance|false||"IMPERIAL KNIGHTS model only. At the end of your Movement phase, select one other IMPERIAL KNIGHTS model from your army that is within 12"" of and visible to the bearer. That selected model regains up to D3 lost wounds, or up to 3 lost wounds if your army is Honoured."
000010755002|QI|Imperial Knights|Bringer of Justice|30|000001145|Freeblade Company|false||Imperial Knights model only. Improve the Attacks characteristic of melee weapons equipped by the bearer by 2, and each time the bearer makes a melee attack, add 1 to the Hit roll.
000010502002|QI|Imperial Knights|Herald of Triumph|15|000001108|Questoris Companions|false||IMPERIAL KNIGHTS model only. When the bearer ends a Charge move, it can use this Enhancement. If it does, this Enhancement is expended, then each enemy unit within Engagement Range of the bearer must take a Battle-shock test, subtracting 1 from the result.
000011008002|QI|Imperial Knights|Gyro-Optimised Actuators|15|000001167|Throne-Bonded Outriders|true||ARMIGER unit only. This unit has MOBILE.
000010506002|QI|Imperial Knights|Mentor’s Pride|20|000001109|Spearhead-At-Arms|false||IMPERIAL KNIGHTS model only. While two or more Armiger models are under the effects of the bearers Bondsman ability, each time each of those ARMIGER models makes an attack, you can re-roll a Hit roll of 1.
000009761002|QI|Imperial Knights|Magos Questoris|20|000000988|Questor Forgepact|false||TECH-PRIEST model only. When using this model’s Sacristan Pledge ability, the selected IMPERIAL KNIGHTS model heals 2 additional wounds.
000010497002|QI|Imperial Knights|Acquisitor-at-Arms|15|000001107|Gate Warden Lance|false||IMPERIAL KNIGHTS model only. While the bearer is on your defensive line and there are no enemy units on your defensive line, add the bearers Objective Control characteristic to that of each model affected by the bearers Bondsman ability.
000010497003|QI|Imperial Knights|Purgation’s Hand|20|000001107|Gate Warden Lance|false||IMPERIAL KNIGHTS model only. Each time the bearer makes a melee attack, if the bearer is on your defensive line, re-roll a Hit roll of 1 and re-roll a Wound roll of 1.
000010506003|QI|Imperial Knights|Fables of Nightmare|10|000001109|Spearhead-At-Arms|false||IMPERIAL KNIGHTS model only. While two or more Armiger models are under the effects of the bearer’s Bondsman ability, melee weapons equipped by those ARMIGER models have the [precision] ability.
000011008003|QI|Imperial Knights|Ancestral Overbleed|10|000001167|Throne-Bonded Outriders|true||ARMIGER unit only. When you target this unit with the Fire Overwatch/Heroic Intervention stratagem, that use is -1 CP.
000010493003|QI|Imperial Knights|Bearer of the Evanescent Ion|15|000001106|Valourstrike Lance|false||"IMPERIAL KNIGHTS model only. At the end of your Movement phase, select one other IMPERIAL KNIGHTS model from your army that is within 12"" of and visible to the bearer. Until the start of your next Movement phase, that selected model has the Stealth ability."
000011004003|QI|Imperial Knights|Archeotech Autoloaders|25|000001219|Dominus Foebreakers|false||IMPERIAL KNIGHTS DOMINUS model only. This unit can re-roll rolls to determine the A of a weapon.
000010755003|QI|Imperial Knights|Hunter’s Eye|25|000001145|Freeblade Company|false||IMPERIAL KNIGHTS model only. Ranged weapons equipped by the bearer have the [IGNORES COVER] ability.
000010502003|QI|Imperial Knights|Wyrmslayer Divination|10|000001108|Questoris Companions|false||IMPERIAL KNIGHTS model only. In your Shooting phase, when the bearer is selected to shoot, it can use this Enhancement. If it does, this Enhancement is expended, then until the end of the phase, each time it makes an attack that targets a unit that can FLY, you can re-roll the Hit roll.
000009761003|QI|Imperial Knights|Knight of the Opus Machina (Aura)|15|000000988|Questor Forgepact|false||"IMPERIAL KNIGHTS model only. While a friendly ADEPTUS MECHANICUS unit is within 6"" of this model, that ADEPTUS MECHANICUS unit’s melee attacks have +1 WS and AP."
000010497004|QI|Imperial Knights|Augury Halo|20|000001107|Gate Warden Lance|false||IMPERIAL KNIGHTS model only. Each time the bearer makes a ranged attack, while the bearer is on your defensive line, weapons equipped by the bearer have the [ignores cover] ability.
000010493004|QI|Imperial Knights|Bearer of the Judicant’s Helm|25|000001106|Valourstrike Lance|false||"IMPERIAL KNIGHTS model only. At the start of your Shooting phase, select one other IMPERIAL KNIGHTS model from your army that is within 12"" of and visible to the bearer. Until the end of the phase, ranged weapons equipped by that selected model have the [ignores cover] ability."
000010506004|QI|Imperial Knights|Tales of Heroism|10|000001109|Spearhead-At-Arms|false||IMPERIAL KNIGHTS model only. While two or more Armiger models are under the effects of the bearer’s Bondsman ability, each time one of those ARMIGER models makes a melee attack, you can ignore any or all modifiers to the Hit roll and/or the Wound roll.
000010502004|QI|Imperial Knights|Pennant of Silvered Fury|15|000001108|Questoris Companions|false||IMPERIAL KNIGHTS model only. When the bearer is selected to fight, it can use this Enhancement. If it does, this Enhancement is expended, then until the end of the phase, melee weapons equipped by the bearer have the [sustained hits 2] ability.
000010755004|QI|Imperial Knights|Mysterious Guardian|35|000001145|Freeblade Company|false||IMPERIAL KNIGHTS model only. (Once per battle, per army) At the end of your opponent’s turn, if this unit is unengaged, you can use this ability. If you do: • Place this unit in strategic reserves. • This unit has Deep Strike until the start of your next Shooting phase. • This unit must make an ingress move in your next Movement phase (including in your first turn).
000010497005|QI|Imperial Knights|Vengeful Tread|15|000001107|Gate Warden Lance|false||IMPERIAL KNIGHTS model only. Once per turn, you can target the bearer with the Crushing Impact Stratagem for 0CP.
000010493005|QI|Imperial Knights|Bearer of the Lancer’s Sigil|25|000001106|Valourstrike Lance|false||"IMPERIAL KNIGHTS model only. At the start of your Charge phase, select one other IMPERIAL KNIGHTS model from your army that is within 12"" of and visible to the bearer. Until the end of the phase, you can re-roll Charge rolls made for that selected model."
000010755005|QI|Imperial Knights|Sanctuary|20|000001145|Freeblade Company|false||IMPERIAL KNIGHTS model only. The bearer has a 5+ invulnerable save.
000010506005|QI|Imperial Knights|Martial Tuition|15|000001109|Spearhead-At-Arms|false||IMPERIAL KNIGHTS model only. While two or more Armiger models arc under the effects of the bearer’s Bondsman ability, once per turn, you can target one of those ARMIGER models with the Counter-offensive Stratagem for 0CP.
000010502005|QI|Imperial Knights|Crushing Condemnation|10|000001108|Questoris Companions|false||"IMPERIAL KNIGHTS model only. When the bearer is selected to fight, after resolving its attacks, if one or more enemy units were destroyed by those attacks, the bearer can use this Enhancement. If it does, this Enhancement is expended, then select one enemy unit that is not within Engagement Range of any units from your army and is within 12"" of and visible to the bearer. Roll six D6: for each 4+, that enemy unit suffers 1 mortal wound."
000010304002|QT|Chaos Knights|Knight Diabolus|25|000001075|Infernal Lance|false||CHAOS KNIGHTS model only. Improve the Weapon Skill characteristic of the bearer’s melee weapons by 1. While the bearer is using the Diabolic Power ability, its melee weapons have the [LANCE] ability.
000009765002|QT|Chaos Knights|Cruel Lashmaster (Aura)|25|000000989|Iconoclast Fiefdom|false||"CHAOS KNIGHTS model only. While a friendly DAMNED unit is within 6"" of this model, when that unit is selected to make a normal/advance/fall-back move that unit has +2"" M until the end of the phase."
000011012002|QT|Chaos Knights|Pterrorshade Rookery|20|000001173|Bastions of Tyranny|false||"KNIGHT TYRANT model only. When this unit is selected to shoot, select one enemy unit within 24"" of this unit. That enemy unit has +6"" detection range until this unit has shot."
000008516002|QT|Chaos Knights|Nightmare’s Master|20|000000806|Traitoris Lance|false||CHAOS KNIGHTS model only. At the start of the Fight phase, each enemy unit within Engagement Range of the bearer must take a Battle-shock test.
000010751002|QT|Chaos Knights|Aspect of the Beast|30|000001144|Helhunt Lance|false||Chaos Knights model only. At the start of your Command phase, select one Dread ability to be active for the bearer until the start of your next Command phase, in addition to the Dread abilities active for your army
000010312002|QT|Chaos Knights|Preyslayer’s Mantle|15|000001077|Houndpack Lance|false||War Dog model only. The bearer has the Super-heavy Walker ability.
000011016002|QT|Chaos Knights|Soul-Spoor Auspicator|15|000001174|Hunting Warpack|true||"HUNTSMAN unit only. This unit’s ranged attacks have +6"" R."
000010308002|QT|Chaos Knights|Throne Mechanicum of Skulls|25|000001076|Lords of Dread|false||CHAOS KNIGHTS model only. You can re-roll Charge rolls made for the bearer’s unit. In addition, once per battle, in your Charge phase, the bearer can use this Enhancement. If it does, until the end of the phase, the bearer’s unit is eligible to declare a charge in a turn in which it Advanced.
000010312003|QT|Chaos Knights|Final Howl (Aura)|20|000001077|Houndpack Lance|false||"War Dog model only. While a friendly War Dog model is within 6"" of the bearer, each time that model makes an attack, re-roll a Wound roll of 1."
000010751003|QT|Chaos Knights|Hunter’s Helm|15|000001144|Helhunt Lance|false||Chaos Knights model only. You can re-roll Advance and Charge rolls made for the bearer’s unit.
000011016003|QT|Chaos Knights|Snarling Rivalry|10|000001174|Hunting Warpack|true||EXECUTIONER unit only. This unit’s ranged attacks have [IGNORES COVER].
000011012003|QT|Chaos Knights|Hate-Filled Dominion|20|000001173|Bastions of Tyranny|false||KNIGHT TYRANT model only. This unit can re-roll rolls to determine the A of a weapon.
000008516003|QT|Chaos Knights|Tyrant’s Shadow|25|000000806|Traitoris Lance|false||CHAOS KNIGHTS model only. At the end of your Command phase, select one objective marker the bearer is within range of and that you control. That objective marker remains under your control until your opponent’s Level of Control over that objective marker is greater than yours at the end of a phase. In addition, until you lose control of that objective marker, it has the Deathly Terror ability as if it were a CHAOS KNIGHTS model from your army.
000009765003|QT|Chaos Knights|Iconoclast Idol (Aura)|20|000000989|Iconoclast Fiefdom|false||"CHAOS KNIGHTS model only. While a friendly DAMNED unit is within 6"" of this model, when you target that unit with the Heroic Intervention stratagem, that use is -1 CP."
000010304003|QT|Chaos Knights|Blasphemous Engine|35|000001075|Infernal Lance|false||CHAOS KNIGHTS model only. Add 2 to the bearer’s Wounds characteristic. Each time the bearer’s unit makes a Malefic Surge, you can re-roll the Leadership test taken to see if it suffers any mortal wounds.
000010308003|QT|Chaos Knights|Blade of Celerity|35|000001076|Lords of Dread|false||CHAOS KNIGHTS model only. The bearer’s ranged weapons have the [ASSAULT] ability. In addition, once per battle, in the Fight phase, the bearer can use this Enhancement. If it does, until the end of the phase, models in the bearer’s unit have the Fights First ability.
000010751004|QT|Chaos Knights|Octagram of Conjuration|40|000001144|Helhunt Lance|false||"Knight Abominant model only. The bearer has the following ability: Octagram of Conjuration (Aura): While a friendly War Dog model is within 9"" of this model, after that WAR DOG model has shot, you can select one enemy unit hit by one or more of those attacks. That enemy unit must take a Battle-shock test."
000008516004|QT|Chaos Knights|Malevolent Heraldry|30|000000806|Traitoris Lance|false||CHAOS KNIGHTS model only. Each time you roll dice to randomly select which Dread abilities are active for your army, if the bearer is on the battlefield, you can re-roll one or both results rolled.
000010308004|QT|Chaos Knights|Warp-borne Stalker|25|000001076|Lords of Dread|false||CHAOS KNIGHTS model only. The bearer has the Deep Strike ability. In addition, once per battle, at the end of your opponent’s turn, if the bearer is not within Engagement Range of one or more enemy units, you can remove it from the battlefield and place it into Strategic Reserves.
000010312004|QT|Chaos Knights|Loping Predator|10|000001077|Houndpack Lance|false||War Dog model only. The bearer’s ranged weapons have the [assault] ability.
000010304004|QT|Chaos Knights|Fleshmetal Fusion|35|000001075|Infernal Lance|false||CHAOS KNIGHTS model only. Add 1 to the bearer’s Toughness characteristic. While the bearer is using the Unnatural Fortitude ability, each time an attack with a Damage characteristic of 1 is allocated to the bearer, add 1 to any armour saving throw made against that attack.
000008516005|QT|Chaos Knights|Veil of Medrengard|35|000000806|Traitoris Lance|false||CHAOS KNIGHTS model only. The bearer has a 4+ invulnerable save against ranged attacks, and a 5+ invulnerable save against melee attacks.
000010312005|QT|Chaos Knights|Panoply of the Cursed Knight|15|000001077|Houndpack Lance|false||War Dog model only. Each time an attack targets the bearer, worsen the Armour Penetration characteristic of that attack by 1.
000010308005|QT|Chaos Knights|Putrid Carapace|30|000001076|Lords of Dread|false||CHAOS KNIGHTS model only. The bearer has a Save characteristic of 2+. In addition, once per battle, at the start of either player’s Command phase, the bearer can use this Enhancement. If it does, the bearer regains up to D6 lost wounds.
000010751005|QT|Chaos Knights|Throne Tyrannicus|25|000001144|Helhunt Lance|false||"Titanic Chaos Knights model only. In your Command phase, select one other Chaos Knights Character model within 9"" of the bearer. If the bearer has one or more Aura abilities that affect friendly War Dog units, until the start of your next Command phase, the selected CHAOS KNIGHTS CHARACTER model is affected by those Aura abilities as well."
000010304005|QT|Chaos Knights|Bestial Aspect|30|000001075|Infernal Lance|false||CHAOS KNIGHTS model only. The bearer’s ranged weapons have the [assault] ability. While the bearer is using the Unholy Hunger ability, it can ignore any or all modifiers to its Move characteristic and/or to Advance rolls made for its unit.
000010308006|QT|Chaos Knights|Mirror of Fates|30|000001076|Lords of Dread|false||"CHAOS KNIGHTS model only. Once per turn, when your opponent targets a unit from their army within 12"" of this model with a stratagem, you can use this ability. If you do, increase the CP cost of that use of that stratagem by 1CP."
000010308007|QT|Chaos Knights|Blessing of the Dark Master|20|000001076|Lords of Dread|false||CHAOS KNIGHTS model only. The bearer has the Stealth ability. In addition, once per battle, after you make a saving throw for the bearer, you can change the Damage characteristic of that attack to 0.
000010633002|SM|Space Marines|Armour of Antoninus|20|000001120|Blade of Ultramar|false||ADEPTUS ASTARTES model only. The bearer has a Save characteristic of 2+ and the Feel No Pain 5+ ability.
000011095002|SM|Space Marines|Thundercowl Turbines|15|000001205|Darkflight Pursuit|true||RAVENWING FLY unit only. In your first Movement phase, this unit can make an ingress move.
000011099002|SM|Space Marines|Limitless Zeal|10|000001206|Interrogation Conclave|false||CHAPLAIN model only. This unit has +1 to charge rolls.
000010645002|SM|Space Marines|Carmine Reliquary|30|000001123|Rage-cursed Onslaught|false||"Chaplain model only. Models in the bearer’s unit have the Scouts 6"" ability. Each time you take a Battle-shock test for an ADEPTUS ASTARTES unit within 6"" of the bearer, you can re-roll the result."
000010660002|SM|Space Marines|Grimnar’s Mark|20|000001126|Saga of the Great Wolf|false|LEADER: WOLF GUARD TERMINATORS|Adeptus Astartes Terminator Captain model only. Once per battle round, from the second battle round onwards, you can target the bearer’s unit with the Rapid Ingress or Heroic Intervention Stratagem for 0CP, and can do so even if you have already targeted a different unit with that Stratagem this turn. In the Declare Battle Formations step, the bearer can be attached to a Wolf Guard Terminators unit.
000010676002|SM|Space Marines|Eye of the Primarch|10|000001130|Bastion Task Force|false||ADEPTUS ASTARTES model only. Ranged weapons equipped by the bearer and Battleline models in the bearer’s unit have the [PRECISION] ability.
000010680002|SM|Space Marines|Laurels of Thunder|15|000001131|Orbital Assault Force|false||ADEPTUS ASTARTES model only. You can re-roll Charge rolls made for the bearer’s unit in a turn in which it was set up on the battlefield.
000011121002|SM|Space Marines|Shroud Field|20|000001212|Subversion Assets|false||PHOBOS model only. This model has: • Lone Operative. • Stealth.
000010684002|SM|Space Marines|Seals of Reconquest|20|000001132|Reclamation Force|false||ADEPTUS ASTARTES model only. Models in the bearer’s unit have a 5+ invulnerable save.
000010759002|SM|Space Marines|Honour Indefatigable|25|000001146|Ceramite Sentinels|false||Gravis model only. The first time the bearer is destroyed, roll one D6 at the end of the phase. On a 2+, set the bearer back up on the battlefield, as close as possible to where it was destroyed and not within Engagement Range of any enemy units, with its full wounds remaining.
000011103002|SM|Space Marines|Thirst For Glory|15|000001207|Legends of Saga and Song|true||ADEPTUS ASTARTES TERMINATOR model only. This unit has +1 OC.
000010779002|SM|Space Marines|Liberator|15|000001147|Armoured Speartip|false||ADEPTUS ASTARTES model only. If you control an objective marker at the end of your Command phase, and the bearer’s unit (or any Heavy Transport it is embarked within) is within range of that objective marker, that objective marker remains under your control until your opponent’s Level of Control over that objective marker is greater than yours at the end of a phase.
000011107002|SM|Space Marines|Eye of the Hunter|20|000001208|Veterans of the Fang|false||WOLF GUARD BATTLE LEADER model only. This unit’s ranged attacks have: • [ASSAULT]. • [IGNORES COVER]. • +1 AP.
000011117002|SM|Space Marines|Bellicose Weapon Spirits|15|000001211|Fulguris Task Force|true||SPEEDER unit only. This unit can re-roll: • Damage rolls. • Rolls to determine the A of a weapon.
000009785002|SM|Space Marines|Celerity|35|000000994|Librarius Conclave|false||ADEPTUS ASTARTES PSYKER model only. • When this unit is selected to make an advance move, that move does not prevent this unit from being eligible to declare a charge. • When this unit is selected to make a fall-back move, if this unit has the Biomancy Discipline ability, that move does not prevent this unit from being eligible to declare a charge.
000008778002|SM|Space Marines|Master-crafted Weapon|10|000000836|Company of Hunters|false||Ravenwing model only. Melee weapons equipped by the bearer have the [PRECISION] ability.
000010727002|SM|Space Marines|Speartip of the Chapter|0|000001139|Shield of the Void|false||"At the start of the first battle round, the bearer’s unit and up to one other friendly unit within the same Entry Zone can each make a Normal move of up to 6""."
000009240002|SM|Space Marines|Adamantine Mantle|0|000000905|Boarding Strike|false||Each time an attack is allocated to the bearer, subtract 1 from the Damage characteristic of that attack.
000011113002|SM|Space Marines|Avenging Angel|20|000001221|Vengeful Hosts|false||"ADEPTUS ASTARTES FLY INFANTRY model only. When this unit ends an ingress move, select up to one enemy unit within 9"" of this unit. That enemy unit makes a battle-shock roll, with -1 to that battle-shock roll."
000010155002|SM|Space Marines|Tempered in Battle (Aura)|10|000001059|Wrath of the Rock|false||"ADEPTUS ASTARTES model only. While a friendly ADEPTUS ASTARTES unit is within 6"" of this model, you can re-roll Battle-shock and Leadership tests taken for that unit."
000008522002|SM|Space Marines|Thief of Secrets|25|000000808|Black Spear Task Force|false||ADEPTUS ASTARTES model only. Improve the Strength, Damage and Armour Penetration characteristics of the bearer’s melee weapons by 1. At the end of the Fight phase, if one or more enemy models were destroyed as a result of a melee attack made by the bearer this phase, until the end of the battle, improve the Strength, Damage and Armour Penetration characteristics of the bearer’s melee weapons by 2 instead.
000008490002|SM|Space Marines|The Blade Driven Deep|25|000000797|Vanguard Spearhead|false||ADEPTUS ASTARTES INFANTRY model only. While the bearer is leading a unit, models in that unit have the Infiltrators ability.
000008494002|SM|Space Marines|The Imperium’s Sword|25|000000798|1st Company Task Force|false||ADEPTUS ASTARTES model only. Add 1 to the Attacks characteristic of the bearers melee weapons. Once per battle, at the start of any phase, the bearer can use this Enhancement. If it does, until the end of the phase, add 1 to the Attacks characteristic of melee weapons equipped by all other models in the bearer’s unit as well.
000008774002|SM|Space Marines|Champion of the Deathwing|15|000000835|Inner Circle Task Force|false||Deathwing model only. Melee weapons equipped by the bearer have the [lethal hits] ability, and each time the bearer makes a melee attack, if it is within range of your Vowed objective marker, a Critical Hit is scored on an unmodified Hit roll of 5+.
000009851002|SM|Space Marines|A Giant Amongst Giants|15|000001008|Champions of Fenris|false||ADEPTUS ASTARTES INFANTRY model only. • This model has +2 W. • This model’s melee attacks have +1 S.
000009255002|SM|Space Marines|Seal of Indomitability|0|000000907|Terminator Assault|false||Once per battle, when the bearer’s unit is selected as the target of one or more attacks, it can use this Enhancement. If it does, until the end of the phase, the bearer has a 3+ invulnerable save.
000009248002|SM|Space Marines|Omni-Structural Auspex|0|000000906|Pilum Strike Team|false||In your Shooting phase, after the bearer has shot, select one enemy unit hit by one or more of those attacks. Until the end of the phase, each time a friendly ADEPTUS ASTARTES model (excluding Character models) makes an attack that targets that unit, improve the Armour Penetration characteristic of that attack by 1.
000011091002|SM|Space Marines|Petition of Stability|15|000001204|Dark Age Arsenal|true||"ADEPTUS ASTARTES unit only. This unit’s plasma attacks have +6"" R."
000009733002|SM|Space Marines|Calibanite Armaments|15|000000981|Lion’s Blade Task Force|false||ADEPTUS ASTARTES model only. Add 1 to the Damage characteristic of the bearer’s melee weapons.
000008353002|SM|Space Marines|Artificer Armour|20|000000750|Gladius Task Force|false||ADEPTUS ASTARTES model only. The bearer has a Save characteristic of 2+ and the Feel No Pain 5+ ability.
000008771002|SM|Space Marines|Shroud of Heroes|25|000000834|Unforgiven Task Force|false||ADEPTUS ASTARTES model only. (Once per battle, per army) When this model is destroyed, at the end of the phase, roll one D6: • On a 2+, set up this model on the battlefield, unengaged and as close as possible to where it was destroyed. This model is not part of an attached unit and its unit has a starting strength of 1. This model has 3 wounds remaining, or its full wounds remaining if this model was battle-shocked when it was destroyed.
000009835002|SM|Space Marines|Prescient Flash|20|000001004|Angelic Inheritors|false||"ADEPTUS ASTARTES model only. Models in the bearer’s unit have the Scouts 6"" ability."
000009186002|SM|Space Marines|Sanguinius’ Grace|20|000000900|The Lost Brethren|false||Death Company model only. Once per battle, at the end of the Fight phase, if the bearer is within Engagement Range of three or more enemy models, the bearer can fight one additional time.
000009190002|SM|Space Marines|Artisan of War|20|000000901|The Angelic Host|false||Adeptus Astartes Jump Pack model only. Improve the Armour Penetration characteristic of the bearers weapons by 1, and the bearer has a Save characteristic of 2+.
000008376002|SM|Space Marines|Speed of the Primarch|25|000000758|Liberator Assault Group|false||Adeptus Astartes model only. Once per battle, at the start of the Fight phase, the bearer can use this Enhancement. If it does, until the end of the phase, models in the bearer’s unit have the Fights First ability.
000010783002|SM|Space Marines|Redoubtable Machine Spirit|25|000001148|Headhunter Task Force|false||ADEPTUS ASTARTES VEHICLE model only. The bearer has a 5+ invulnerable save and, at the end of your Command phase, the bearer regains 1 lost wound.
000011087002|SM|Space Marines|Instinctive Interception|10|000001215|Wrath of the Doomed|false||DEATH COMPANY model only. When you target this unit with the Heroic Intervention stratagem, that use is -1 CP.
000011075002|SM|Space Marines|Fervent Exemplars|10|000001209|Marshal’s Household|true||SWORD BRETHREN SQUAD unit only. This unit has +1 to charge rolls.
000010368002|SM|Space Marines|Immolator|10|000001086|Forgefather’s Seekers|false||ADEPTUS ASTARTES model only. Add 1 to the Attacks characteristics of Torrent weapons equipped by models in the bearer’s unit.
000010400002|SM|Space Marines|Paragon of Fury|25|000001093|Godhammer Assault Force|false||ADEPTUS ASTARTES model only. Add 2 to the Strength characteristic of melee weapons equipped by the bearer. Each time a melee attack made by the bearer is allocated to an enemy model, if the bearer disembarked from a Transport this turn, add 1 to the Damage characteristic of that attack.
000008482002|SM|Space Marines|Champion of Humanity|10|000000795|Firestorm Assault Force|false||TACTICUS model only. While the bearer is leading a unit, models in that unit can ignore any or all modifiers to their characteristics and/or to any roll or test made for them (excluding modifiers to saving throws).
000011072002|SM|Space Marines|Guiding Omens|15|000001210|The Living Miracle|false||"EMPEROR’S CHAMPION model only. At the start of the first battle round, you can select up to three of the following abilities. This model has those abilities until the end of the battle: • Instrument of the God-Emperor (Once per battle, per army): In the Fight phase, when this unit is selected to fight, if this unit is engaged with an enemy CHARACTER unit, you can use this ability. If you do, this model’s melee attacks have [DEVASTATING WOUNDS]. • Foreseen Paths of the Unholy: This unit has -3"" detection range. • Vision of Momentous Brutality: This model’s melee attacks have +2 A. • Augury of Retribution: Melee attacks that target this unit have [HAZARDOUS]. • Omen of Sacred Intervention: When you target this unit with the Heroic Intervention stratagem, that use is -1 CP. • Harbinger of Judgement: When an enemy unit (excluding MONSTER/VEHICLE units) engaged with this model is selected to make a fall-back move, roll one D6: • On a 2+, that enemy unit suffers D6 mortal wounds."
000010460002|SM|Space Marines|Champion of the Feast|25|000001103|Emperor’s Shield|false||ADEPTUS ASTARTES model only. Add 1 to the Attacks characteristic of the bearer’s melee weapons. Once per battle, at the start of any phase, the bearer can use this Enhancement. If it does, until the end of the phase, add 1 to the Attacks characteristic of melee weapons equipped by other models in the bearer’s unit as well.
000010466002|SM|Space Marines|Blackwing Shroud|25|000001104|Shadowmark Talon|false||Adeptus Astartes Infantry model only. While the bearer is leading a unit, models in that unit have the Infiltrators ability.
000008478002|SM|Space Marines|Target Augury Web|30|000000794|Ironstorm Spearhead|false||"Techmarine model only. In your Command phase, select one Adeptus Astartes Vehicle model within 6"" of the bearer. Until the start of your next Command phase, weapons equipped by that VEHICLE model have the [LETHAL HITS] ability."
000008486002|SM|Space Marines|Fury of the Storm|25|000000796|Stormlance Task Force|false||ADEPTUS ASTARTES MOUNTED model only. Improve the Strength and Armour Penetration characteristics of the bearer’s melee weapons by 1. Each time the bearer ends a Charge move, until the end of the turn, improve the Strength and Armour Penetration characteristics of the bearers melee weapons by 2 instead.
000009843002|SM|Space Marines|Benediction of Fury|15|000001006|Wrathful Procession|false||CHAPLAIN model only. This model’s melee attacks have [DEVASTATING WOUNDS].
000010261002|SM|Space Marines|Swift Hunter|20|000001068|Saga of the Hunter|false||"Space Wolves model only. Models in the bearer’s unit have the Scouts 7"" ability."
000010265002|SM|Space Marines|Braggart’s Steel|20|000001069|Saga of the Bold|false||Space Wolves model only. Add 2 to the Strength characteristic of melee weapons equipped by the bearer. If the bearer’s unit has achieved one or more Boasts, add 1 to the Damage characteristic of those weapons as well.
000010269002|SM|Space Marines|Wolf-touched|15|000001070|Saga of the Beastslayer|false|LEADER: WULFEN, WULFEN WITH STORM SHIELDS|"SPACE WOLVES model only. Add 2"" to the Move characteristic of the bearer."
000010392002|SM|Space Marines|Incendiary Animus|25|000001091|Companions of Vehemence|false||Chaplain or Judiciar model only. Improve the Armour Penetration characteristic of melee weapons equipped by models in the bearer’s unit by 1.
000010396002|SM|Space Marines|Imperialis of the Eternal Crusade|15|000001092|Vindication Task Force|false||Ancient model only. Each time an enemy unit selects the bearer’s unit as a target of a charge, subtract 2 from the Charge roll (this is not cumulative with any olher negative modifiers to that Charge roll).
000011083002|SM|Space Marines|Angelic Executioner|25|000001214|Encarmine Speartip|false||ADEPTUS ASTARTES JUMP PACK model only. When this unit is selected to fight, this unit’s melee attacks have: • [LETHAL HITS]. • Or: [SUSTAINED HITS 1].
000011079002|SM|Space Marines|Blood Boil|10|000001213|Legacy of Grace|false||ADEPTUS ASTARTES PSYKER model only. This model’s [PSYCHIC] attacks: • Have [ANTI: non-MONSTER/VEHICLE 5+]. • Can re-roll damage rolls.
000010623002|SM|Space Marines|Spiritus Ferrum|25|000001118|Hammer of Avernii|false||ADEPTUS ASTARTES model only. Add 1 to the Attacks characteristic of the bearer’s melee weapons. Once per battle, at the start of any phase, the bearer can use this Enhancement. If it does, until the end of the phase, add 1 to the Attacks characteristic of melee weapons equipped by all other models in the bearer’s unit as well.
000010629002|SM|Space Marines|Spearpoint Paragon|25|000001119|Spearpoint Task Force|false||ADEPTUS ASTARTES model only. Improve the Strength and Armour Penetration characteristics of the bearer’s melee weapons by 1. Each time the bearer ends a Charge move, until the end of the turn, improve the Strength and Armour Penetration characteristics of the bearer’s melee weapons by 2 instead.
000008474002|SM|Space Marines|Indomitable Fury|20|000000793|Anvil Siege Force|false||GRAVIS model only. The first time the bearer is destroyed, roll one D6 at the end of the phase. On a 2+, set the bearer back up on the battlefield, as close as possible to where it was destroyed and not within Engagement Range of any enemy units, with its full wounds remaining.
000009255003|SM|Space Marines|Resolute|0|000000907|Terminator Assault|false||The bearer is eligible to declare a charge in a turn in which it Fell Back. In addition, Desperate Escape tests taken for the bearer are automatically passed, and each time the bearer makes a Fall Back move, it can move through enemy models as if they were not there.
000011113003|SM|Space Marines|Orksbane|20|000001221|Vengeful Hosts|false||ADEPTUS ASTARTES FLY INFANTRY model only. This model has the following weapon:
000008522003|SM|Space Marines|Osseus Key|15|000000808|Black Spear Task Force|false||"Watch Master or Techmarine model only. At the start of your opponent’s Shooting phase, select one enemy VEHICLE unit (excluding TITANIC units) within 12"" of and visible to the bearer. That unit must take a Leadership test. If that test is passed, until the end of the phase, each time a model in that unit makes an attack, subtract 1 from the Hit roll; if that test is failed, that unit is not eligible to shoot this phase."
000010396003|SM|Space Marines|Consecrating Aura|25|000001092|Vindication Task Force|false||ADEPTUS ASTARTES model only. Models in the bearer’s unit have a 5+ invulnerable save.
000010269003|SM|Space Marines|Hunter’s Guile|20|000001070|Saga of the Beastslayer|false||ADEPTUS ASTARTES model only. After both players have deployed their armies, select up to three Thunderwolf Cavalry, Wulfen and/or Blood Claws units from your army and redeploy them. When doing so, you can set those units up in Strategic Reserves if you wish, regardless of how many units are already in Strategic Reserves.
000008778003|SM|Space Marines|Mounted Strategist|30|000000836|Company of Hunters|false||Ravenwing model only. You can re-roll Advance and Charge rolls made for the bearer’s unit.
000010727003|SM|Space Marines|Tolorek Data Djinn|0|000001139|Shield of the Void|false||In your Command phase, select one objective marker that you control and is within range of the bearer. Roll one D6: on a 2+, that objective marker is Secured by your army.
000010684003|SM|Space Marines|Avenging Avatar (Aura)|10|000001132|Reclamation Force|false||"ADEPTUS ASTARTES model only. In the Battle-shock step of your opponent’s Command phase, if an enemy unit that is below its Starting Strength is within 9"" of the bearer, that enemy unit must take a Battle-shock test."
000009785003|SM|Space Marines|Prescience|20|000000994|Librarius Conclave|false||"ADEPTUS ASTARTES PSYKER model only (excluding TERMINATOR models). (Once per turn per unit) In your opponent’s Movement phase, when an enemy unit ends a move within 8"" of this unit, if this unit is unengaged, this unit can make a normal move of: • Up to D6"". • Or: If this unit has the Divination Discipline ability, up to 6""."
000011103003|SM|Space Marines|Fierce Example|25|000001207|Legends of Saga and Song|true||WOLF GUARD TERMINATORS unit only. This unit has +1 T.
000009240003|SM|Space Marines|Clavitine Reliquary|0|000000905|Boarding Strike|false||"In your Movement phase, each time the bearer is selected to make a Normal or Advance move, if it is within 1"" of a Hatchway, it can attempt to operate that Hatchway. If it does, it cannot attempt to operate a Hatchway again this turn."
000009248003|SM|Space Marines|Void Warrior|0|000000906|Pilum Strike Team|false||You can re-roll Advance and Charge rolls made for the bearer. In addition, the bearer is eligible to declare a charge in a turn in which it Advanced.
000009186003|SM|Space Marines|Blood Shard|25|000000900|The Lost Brethren|false||Death Company model only. The first time the bearer is destroyed, at the end of the phase, roll one D6: on a 2+, set the bearer back up on the battlefield as close as possible to where it was destroyed and not within Engagement Range of any enemy units, with 3 wounds remaining.
000010265003|SM|Space Marines|Skjald|15|000001069|Saga of the Bold|false||ADEPTUS ASTARTES model only. Each time a Space Wolves Character unit from your army achieves a Boast, if the bearer is on the battlefield, you gain 1CP.
000008474003|SM|Space Marines|Fleet Commander|15|000000793|Anvil Siege Force|false||"CAPTAIN model only. Once per battle, at the start of your Shooting phase, you can select one point on the battlefield and place a marker on that point. At the start of your next Shooting phase, place another marker on the battlefield within 12"" of the centre of the first marker, then draw a straight line between the centre of each of these markers. Roll one D6 for each unit that line passes over or through: on a 3+, that unit suffers D3 mortal wounds. Both markers are then removed."
000010633003|SM|Space Marines|Oath of Macragge|15|000001120|Blade of Ultramar|false||ADEPTUS ASTARTES model only. Add 1 to the Attacks and Strength characteristics of the bearer’s melee weapons. While the bearer is under the effects of the Assault Doctrine, add 2 to the Attacks and Strength characteristics of the bearer’s melee weapons instead.
000011117003|SM|Space Marines|Raptorial Cogitator Core|15|000001211|Fulguris Task Force|true||SPEEDER unit only. This unit’s ranged attacks have [IGNORES COVER].
000010261003|SM|Space Marines|Fenrisian Grit|15|000001068|Saga of the Hunter|false||ADEPTUS ASTARTES model only. The bearer has the Feel No Pain 4+ ability.
000010368003|SM|Space Marines|War-tempered Artifice|25|000001086|Forgefather’s Seekers|false||ADEPTUS ASTARTES INFANTRY model only. Add 3 to the Strength characteristic of the bearer’s melee weapons.
000011107003|SM|Space Marines|Weaver of Sagas|15|000001208|Veterans of the Fang|false||"WOLF PRIEST model only. (Once per battle-round, per army) In your Movement phase, at the start or end of this unit’s move, you can: • Select one friendly ADEPTUS ASTARTES unit within 6"" of this unit. That unit is no longer battle-shocked. • Or: Select one friendly GREY HUNTERS unit within 18"" of this unit. That unit is no longer battle-shocked."
000011121003|SM|Space Marines|Death in the Dark|15|000001212|Subversion Assets|true||INFANTRY PHOBOS unit only. This unit’s attacks that target a hidden unit have +1 to hit rolls.
000009843003|SM|Space Marines|Adaptable Executioner|20|000001006|Wrathful Procession|false||EXECRATOR model only. When this unit is selected to fight, this model’s melee attacks have: • [CLEAVE 1]. • Or: [PRECISION].
000010400003|SM|Space Marines|Battle-psalm Precentor|10|000001093|Godhammer Assault Force|false||ADEPTUS ASTARTES model only. Each time the bearer’s unit declares a charge, if an enemy unit takes a Battle-shock test as a result of the Shock and Awe Detachment rule, subtract 1 from that Battle-shock test.
000008353003|SM|Space Marines|The Honour Vehement|15|000000750|Gladius Task Force|false||ADEPTUS ASTARTES model only. Add 1 to the Attacks and Strength characteristics of the bearer’s melee weapons. While the bearer is under the effects of the Assault Doctrine, add 2 to the Attacks and Strength characteristics of the bearers melee weapons instead.
000010392003|SM|Space Marines|Oathbound Exemplar|15|000001091|Companions of Vehemence|false||ADEPTUS ASTARTES INFANTRY model only. Add 1 to Advance rolls made for the bearer’s unit. If the mission pack you are playing features Actions, the bearer’s unit is eligible to start to perform an Action in a turn in which it Advanced.
000008486003|SM|Space Marines|Portents of Wisdom|15|000000796|Stormlance Task Force|false||ADEPTUS ASTARTES model only. While the bearer is leading a unit, you can re-roll Advance rolls made for that unit.
000009835003|SM|Space Marines|Troubling Visions|15|000001004|Angelic Inheritors|false||ADEPTUS ASTARTES model only. Once per battle, in your Command phase, the bearer can use this Enhancement. When it does, until the start of your next Command phase, all Angelic Legacy abilities are active for the bearer’s unit, instead of only two of them.
000008478003|SM|Space Marines|The Flesh is Weak|20|000000794|Ironstorm Spearhead|false||ADEPTUS ASTARTES model only. The bearer has the Feel No Pain 4+ ability.
000010783003|SM|Space Marines|Gunnery Honours|20|000001148|Headhunter Task Force|false||ADEPTUS ASTARTES VEHICLE model only. Once per phase, you can re-roll one Hit roll, one Wound roll and one Damage roll for the bearer.
000010779003|SM|Space Marines|Tip of the Spear|40|000001147|Armoured Speartip|false||"ADEPTUS ASTARTES model only. If the bearer starts the battle embarked within a Transport, that TRANSPORT has the Scouts 6"" ability."
000010759003|SM|Space Marines|Castellum Omnivox|20|000001146|Ceramite Sentinels|false||ADEPTUS ASTARTES model only. Each time the bearer’s unit makes a Fall Back move, select one of the following to apply to that unit until the end of the turn: • That unit is eligible to perform an Action in a turn in which it Fell Back. • That unit is eligible to shoot and declare a charge in a turn in which it Fell Back.
000008774003|SM|Space Marines|Eye of the Unseen|10|000000835|Inner Circle Task Force|false||Deathwing model only. Each time you target the bearer’s unit with a Stratagem, roll one D6, adding 1 if the bearer is within range of your Vowed objective marker: on a 5+, you gain 1CP
000009190003|SM|Space Marines|Visage of Death|15|000000901|The Angelic Host|false||Adeptus Astartes Jump Pack model only. In the Battle-shock step of your opponents Command phase, each enemy unit (excluding MONSTERS and VEHICLES) within Engagement Range of the bearer must take a Battle-shock test.
000008482003|SM|Space Marines|War-tempered Artifice|25|000000795|Firestorm Assault Force|false||ADEPTUS ASTARTES INFANTRY model only. Add 3 to the Strength characteristic of the bearer’s melee weapons.
000008771003|SM|Space Marines|Stubborn Tenacity|15|000000834|Unforgiven Task Force|false||ADEPTUS ASTARTES model only. While the bearer is leading a unit, each time a model in that unit makes an attack, add 1 to the Hit roll if that unit is below its Starting Strength, and add 1 to the Wound roll as well if that unit is Battle-shocked and below its Starting Strength.
000010466003|SM|Space Marines|Coronal Susurrant|30|000001104|Shadowmark Talon|false||"PHOBOS model only. The bearer has the following ability: Lord of Deceit (Aura): Once per turn, when your opponent targets a unit from their army within 12"" of this model with a stratagem, you can use this ability. If you do increase the CP cost of that use of that stratagem by 1CP."
000010660003|SM|Space Marines|Howlmaw|15|000001126|Saga of the Great Wolf|false||"Wolf priest model only. At the start of the Fight phase, you can select one enemy unit within 6"" of the bearer. That unit must take a Battle-shock, subtracting 1 from the result."
000011099003|SM|Space Marines|Inescapable Interrogation|20|000001206|Interrogation Conclave|false||CHAPLAIN model only. This unit’s ranged attacks have [IGNORES COVER].
000011075003|SM|Space Marines|Inheritors of Sigismund|15|000001209|Marshal’s Household|true||SWORD BRETHREN SQUAD unit only. This unit has Fights First.
000010676003|SM|Space Marines|Hero of the Chapter|20|000001130|Bastion Task Force|false||ADEPTUS ASTARTES model only. While the bearer is leading a unit, the bearer has the Battleline keyword.
000008494003|SM|Space Marines|Fear Made Manifest (Aura)|30|000000798|1st Company Task Force|false||"ADEPTUS ASTARTES model only. While an enemy unit (excluding MONSTERS and VEHICLES) is within 6"" of the bearer, each time that unit fails a Battle-shock test, one model in that unit is destroyed (chosen by its controlling player). Once per battle, when such an enemy unit fails a Battle-shock test, you can choose for D3 models in that unit to be destroyed in this way instead."
000009851003|SM|Space Marines|Preyslayer|15|000001008|Champions of Fenris|false||ADEPTUS ASTARTES INFANTRY model only. This unit can re-roll advance rolls and countercharge rolls.
000011083003|SM|Space Marines|Shadow of Abomination|25|000001214|Encarmine Speartip|false||ADEPTUS ASTARTES JUMP PACK model only. (Once per battle, per army) When this unit is selected to fight you can use this ability. If you do, this model’s melee attacks have +1 D.
000008490003|SM|Space Marines|Ghostweave Cloak|15|000000797|Vanguard Spearhead|false||ADEPTUS ASTARTES model only. The bearer has the Stealth and Lone Operative abilities.
000010680003|SM|Space Marines|Veteran of the Vanguard|20|000001131|Orbital Assault Force|false||"ADEPTUS ASTARTES model only. Models in the bearer’s unit have the Scouts 6"" ability."
000011087003|SM|Space Marines|On the Archtraitor's Bridge|20|000001215|Wrath of the Doomed|false||DEATH COMPANY model only. This model’s melee attacks have +2 A.
000010460003|SM|Space Marines|Disciple of Rhetoricus|10|000001103|Emperor’s Shield|false||Adeptus Astartes Terminator model only. Improve the Objective Control characteristic of the bearer by 1. Once per battle, at the start of any phase, the bearer can use this Enhancement. If it does, until the end of the phase, add 1 to the Objective Control characteristic of other models in the bearer’s unit as well.
000011079003|SM|Space Marines|Aureole of the Angel|20|000001213|Legacy of Grace|false||"ADEPTUS ASTARTES model only. This unit has -3"" detection range."
000010645003|SM|Space Marines|Master of the Red Thirst|25|000001123|Rage-cursed Onslaught|false||ADEPTUS ASTARTES model only. Once per battle, at the start of the Fight phase, the bearer can use this Enhancement. If it does, until the end of the phase, models in the bearer’s unit have the Fights First ability.
000010629003|SM|Space Marines|Stormseers’ Wisdom|15|000001119|Spearpoint Task Force|false||ADEPTUS ASTARTES model only. While the bearer is leading a unit, you can re-roll Advance rolls made for that unit.
000010155003|SM|Space Marines|Ancient Weapons|25|000001059|Wrath of the Rock|false||ADEPTUS ASTARTES model only. Improve the Strength characteristic of melee weapons equipped by the bearer by 2, and improve the Armour Penetration and Damage characteristics of those weapons by 1.
000011095003|SM|Space Marines|Nightforged Battery|15|000001205|Darkflight Pursuit|true||LAND SPEEDER VENGEANCE unit only. This unit can re-roll: • Rolls to determine the A of a weapon. • Hazard rolls.
000009733003|SM|Space Marines|Lord of the Hunt|15|000000981|Lion’s Blade Task Force|false||Ravenwing model only. The bearer’s unit is eligible to shoot and declare a charge in a turn in which it Fell Back and you can re-roll Desperate Escape tests taken for models in the bearer’s unit.
000011091003|SM|Space Marines|Entreaty of Perpetual Ardour|15|000001204|Dark Age Arsenal|true||HELLBLASTER SQUAD only. This unit’s snap shooting attacks hit on unmodified hit rolls of 5+.
000010623003|SM|Space Marines|Medusan Roar (Aura)|30|000001118|Hammer of Avernii|false||"ADEPTUS ASTARTES model only. While an enemy unit (excluding MONSTERS and VEHICLES) is within 6"" of the bearer, each time that unit fails a Battle-shock test, one model in that unit is destroyed (chosen by its controlling player). Once per battle, when such an enemy unit fails a Battle-shock test, you can choose for D3 models in that unit to be destroyed in this way instead."
000008376003|SM|Space Marines|Rage-fuelled Warrior|35|000000758|Liberator Assault Group|false||Adeptus Astartes model only. Once per battle, at the start of the Fight phase, the bearer can use this Enhancement. If it does, until the end of the phase, the bearers melee weapons have the [sustained hits 3] ability.
000008778004|SM|Space Marines|Master of Manoeuvre|15|000000836|Company of Hunters|false||Ravenwing model only. If the bearer’s unit starts the battle in Strategic Reserves, its points value does not count towards the combined points limit for units from your army that are in Strategic Reserve, and for the purposes of setting up that unit on the battlefield, treat the current battle round number as being one higher than it actually is.
000009186004|SM|Space Marines|To Slay the Warmaster|15|000000900|The Lost Brethren|false||Death Company model only. Once per battle, at the start of the Fight phase, if the bearer is within Engagement Range of one or more enemy CHARACTER units, you can select one of those CHARACTER units and roll six D6: for each 4+, one CHARACTER model in that unit suffers 1 mortal wound.
000010779004|SM|Space Marines|Shock Deployment|20|000001147|Armoured Speartip|false||Adeptus Astartes Terminator or Gravis model only. In your Shooting phase, each time the bearer’s unit is selected to shoot, if it disembarked from a Transport this turn, until the end of the phase, ranged weapons equipped by models in that unit have the [SUSTAINED HITS 1] ability.
000010783004|SM|Space Marines|Firestorm Coordinators|20|000001148|Headhunter Task Force|false||ADEPTUS ASTARTES VEHICLE model only. Ranged weapons equipped by the bearer have the [SUSTAINED HITS 1] ability.
000010396004|SM|Space Marines|Orb of the Emperor’s Aegis|10|000001092|Vindication Task Force|false||ADEPTUS ASTARTES model only. Models in the bearer’s unit have the Deep Strike ability.
000010269004|SM|Space Marines|Elder’s Guidance|20|000001070|Saga of the Beastslayer|false||Space Wolves model only. Once per battle, at the start of the Fight phase, if the bearer is leading a Blood Claws unit, the bearer can use this Enhancement. If it does, until the end of the phase, improve the Armour Penetration characteristic of melee weapons equipped by models in that unit by 1.
000010265004|SM|Space Marines|Hordeslayer|15|000001069|Saga of the Bold|false||"Space Wolves model only. At the start of the Fight phase, if there are more enemy models than friendly models wholly within 6"" of the bearer, until the end of the phase, add 2 to the Attacks characteristic of melee weapons equipped by the bearer. If the bearer’s unit has achieved one or more Boasts, add 3 to the Attacks characteristic instead."
000010261004|SM|Space Marines|Wolf Master|5|000001068|Saga of the Hunter|false||"Space Wolves model only. In your Command phase, select one friendly SPACE WOLVES unit within 9"" of the bearer. Until the start of your next Command phase, teeth and claws and Tyrnak and Fenrir weapons equipped by models in that unit have the [LETHAL HITS] ability."
000008478004|SM|Space Marines|Adept of the Omnissiah|35|000000794|Ironstorm Spearhead|false||"TECHMARINE model only. Once per battle round, when a saving throw is failed for a friendly ADEPTUS ASTARTES VEHICLE model within 6"" of the bearer, you can change the Damage characteristic of that attack to 0."
000010392004|SM|Space Marines|Merciless Denunciation|25|000001091|Companions of Vehemence|false||Chaplain or Judiciar model only. Each time a model in the bearer’s unit makes a melee attack, you can re-roll the Hit roll.
000009190004|SM|Space Marines|Archangel’s Shard|15|000000901|The Angelic Host|false||Adeptus Astartes Jump Pack model only. The bearer’s melee weapons have the [Anti-Chaos 5+] and [Lance] abilities.
000010368004|SM|Space Marines|Forged in Battle|15|000001086|Forgefather’s Seekers|false||ADEPTUS ASTARTES model only. While the bearer is leading a unit, once per turn, after making a Hit roll or a saving throw for a model in that unit, you can change the result of that roll to an unmodified 6.
000010400004|SM|Space Marines|Augury Servo-host|15|000001093|Godhammer Assault Force|false||"ADEPTUS ASTARTES model only. At the start of your Shooting phase, select one enemy unit within 12"" of and visible to the bearer. Until the end of the phase, models in that unit cannot have the Benefit of Cover."
000010676004|SM|Space Marines|Blades of Valour|15|000001130|Bastion Task Force|false||ADEPTUS ASTARTES model only. Improve the Armour Penetration characteristic of melee weapons equipped by the bearer and Battleline models in the bearer’s unit by 1.
000008376004|SM|Space Marines|Icon of the Angel|20|000000758|Liberator Assault Group|false||Adeptus Astartes model only. Each time an enemy unit (excluding MONSTERS and VEHICLES) within Engagement Range of the bearer’s unit is selected to Fall Back, models in that enemy unit must take Desperate Escape tests as if their unit was Battle-shocked. When doing so, if that enemy unit is also Battle-shocked by other means, subtract 1 from each of those Desperate Escape tests.
000009835004|SM|Space Marines|Blazing Icon|20|000001004|Angelic Inheritors|false||Adeptus Astartes Infantry model only. Enemy units cannot use the Fire Overwatch Stratagem to shoot at the bearer’s unit.
000010460004|SM|Space Marines|Indomitable Champion|20|000001103|Emperor’s Shield|false||Adeptus Astartes Terminator model only. The first time the bearer is destroyed, roll one D6 at the end of the phase. On a 2+, set the bearer back up on the battlefield, as close as possible to where it was destroyed and not within Engagement Range of any enemy units, with 3 wounds remaining.
000010466004|SM|Space Marines|Umbral Raptor|15|000001104|Shadowmark Talon|false||ADEPTUS ASTARTES model only. The bearer has the Stealth and Lone Operative abilities.
000008774004|SM|Space Marines|Singular Will|20|000000835|Inner Circle Task Force|false||"Deathwing model only. Each time the bearer’s unit Piles In or Consolidates, models in that unit can move an additional 3""."
000008490004|SM|Space Marines|Execute and Redeploy|20|000000797|Vanguard Spearhead|false||"PHOBOS model only. In your Shooting phase, after the bearer’s unit has shot, if that unit is not within Engagement Range of one or more enemy units, it can make a Normal move of up to 6"". If it does, until the end of the turn, that unit is not eligible to declare a charge. This cannot allow the bearer’s unit to move more than once in your Shooting phase."
000008771004|SM|Space Marines|Weapons of the First Legion|15|000000834|Unforgiven Task Force|false||ADEPTUS ASTARTES model only. Add 1 to the Attacks, Strength and Damage characteristics of the bearer’s melee weapons. While the bearer is Battle-shocked, add 2 to the Attacks, Strength and Damage characteristics of the bearer s melee weapons instead.
000008494004|SM|Space Marines|Rites of War|10|000000798|1st Company Task Force|false||ADEPTUS ASTARTES TERMINATOR model only. Improve the Objective Control characteristic of the bearer by 1. Once per battle, at the start of any phase, the bearer can use this Enhancement. If it does, until the end of the phase, add 1 to the Objective Control characteristic of all other models in the bearer’s unit as well.
000010155004|SM|Space Marines|Deathwing Assault|15|000001059|Wrath of the Rock|false||Deathwing model with the Deep Strike ability only. The bearer’s unit can be set up using the Deep Strike ability in the Reinforcements step of your first, second or third Movement phase, regardless of any mission rules.
000009785004|SM|Space Marines|Obfuscation|25|000000994|Librarius Conclave|false||"ADEPTUS ASTARTES PSYKER model only. • Enemy units cannot target this unit with snap shooting attacks. • If this unit has the Telepathy Discipline ability, this unit has -3"" detection range."
000010623004|SM|Space Marines|Iron Laurel|10|000001118|Hammer of Avernii|false||ADEPTUS ASTARTES model only. Improve the Objective Control characteristic of the bearer by 1. Once per battle, at the start of any phase, the bearer can use this Enhancement. If it does, until the end of the phase, add 1 to the Objective Control characteristic of all other models in the bearer’s unit as well.
000009733004|SM|Space Marines|Stalwart Champion|15|000000981|Lion’s Blade Task Force|false||Captain, Chaplain or Lieutenant model only. While the bearer’s unit is not Battle-shocked, add 1 to the Objective Control characteristic of models in the bearer’s unit.
000010629004|SM|Space Marines|Hunter’s Eye|20|000001119|Spearpoint Task Force|false||ADEPTUS ASTARTES model only. Ranged weapons equipped by models in the bearer’s unit have the [SUSTAINED HITS 1] and [IGNORES COVER] abilities.
000010633004|SM|Space Marines|Student of the Codex|20|000001120|Blade of Ultramar|false||ADEPTUS ASTARTES model only. At the start of your Command phase, if the bearer is on the battlefield, it can use this Enhancement. If it does, until the start of your next Command phase, the Tactical Doctrine is active for this unit (instead of any other Combat Doctrine you select to be active for your army, and even if there is no Combat Doctrine active for your army).
000010684004|SM|Space Marines|Scroll of Proclamation|15|000001132|Reclamation Force|false||"When this unit declares a charge, if an enemy unit within range of an objective is within 12"" of this unit, you can use this enhancement. If you do: • This unit can re-roll that charge roll. • This unit must end that charge move engaged with one or more of those enemy units."
000008522004|SM|Space Marines|Beacon Angelis|25|000000808|Black Spear Task Force|false||ADEPTUS ASTARTES model only. Models in the bearer’s unit have the Deep Strike ability. In addition, you can target the bearer’s unit with the Rapid Ingress Stratagem for 0CP.
000010645004|SM|Space Marines|Sanguinary Tear (Aura)|35|000001123|Rage-cursed Onslaught|false||"ADEPTUS ASTARTES model only. While a friendly Death Company unit is within 6"" of the bearer, add 1 to the Strength characteristic of weapons equipped by models in that unit."
000008486004|SM|Space Marines|Feinting Withdrawal|10|000000796|Stormlance Task Force|false||ADEPTUS ASTARTES model only. While the bearer is leading a unit, that unit is eligible to shoot in a turn in which it Fell Back.
000010680004|SM|Space Marines|Orbital Uplink Reliquary|25|000001131|Orbital Assault Force|false||ADEPTUS ASTARTES model only. After both players have deployed their armies, select up to three ADEPTUS ASTARTES units from your army and redeploy them. When doing so, you can set those units up in Strategic Reserves if you wish, regardless of how many units are already in Strategic Reserves.
000008474004|SM|Space Marines|Stoic Defender|15|000000793|Anvil Siege Force|false||ADEPTUS ASTARTES model only. While the bearer is leading a unit, models in that unit have the Feel No Pain 6+ ability while they are within an objective you control and, while that unit is Battle-shocked, halve the Objective Control characteristic of models in that unit instead of changing it to ‘-’.
000008353004|SM|Space Marines|Adept of the Codex|20|000000750|Gladius Task Force|false||CAPTAIN model only. At the start of your Command phase, if the bearer is on the battlefield, instead of selecting a Combat Doctrine to be active for your army, you can select the Tactical Doctrine. If you do, until the start of your next Command phase, that Combat Doctrine is active for the bearer’s unit only, even if you have already selected that Combat Doctrine to be active for your army this battle.
000010660004|SM|Space Marines|Chariots of the Storm|25|000001126|Saga of the Great Wolf|false||ADEPTUS ASTARTES model only. After both players have deployed their armies, select up to three ADEPTUS ASTARTES units from your army and redeploy them. When doing so, you can set those units up in Strategic Reserves, regardless of how many units are already in Strategic Reserves.
000008482004|SM|Space Marines|Forged in Battle|15|000000795|Firestorm Assault Force|false||ADEPTUS ASTARTES model only. While the bearer is leading a unit, once per turn, after making a Hit roll or a saving throw for a model in that unit, you can change the result of that roll to an unmodified 6.
000010759004|SM|Space Marines|Spy-skull Data Link|15|000001146|Ceramite Sentinels|false||ADEPTUS ASTARTES model only. Ranged weapons equipped by models in the bearer’s unit have the [IGNORES COVER] ability.
000010759005|SM|Space Marines|Defensive Mastery|25|000001146|Ceramite Sentinels|false||ADEPTUS ASTARTES model only. After both players have deployed their armies, select up to three ADEPTUS ASTARTES units from your army and redeploy them. When doing so, you can set those units up in Strategic Reserves, regardless of how many units are already in Strategic Reserves.
000008353005|SM|Space Marines|Fire Discipline|25|000000750|Gladius Task Force|false||ADEPTUS ASTARTES model only. While the bearer is leading a unit, ranged weapons equipped by models in that unit have the [SUSTAINED HITS 1] ability. In addition, while the bearer’s unit is under the effects of the Devastator Doctrine, you can reroll Advance rolls made for that unit.
000010396005|SM|Space Marines|Warden of Honour|20|000001092|Vindication Task Force|false||Crusade Ancient model only. While the bearer is leading a unit, each time you roll one D6 for the bearer’s Vengeful Exhortation ability, add 1 to the result.
000009733005|SM|Space Marines|Fulgus Magna|20|000000981|Lion’s Blade Task Force|false||Deathwing model only. Once per battle, at the end of your opponent’s turn, if the bearer’s unit is not within Engagement Range of one or more enemy units, the bearer can use this Enhancement. If it does, remove the bearer’s unit from the battlefield and place it into Strategic Reserves.
000008490005|SM|Space Marines|Shadow War Veteran|30|000000797|Vanguard Spearhead|false||"PHOBOS model only. The bearer has the following ability: Lord of Deceit (Aura): Once per turn, when your opponent targets a unit from their army within 12"" of this model with a stratagem, you can use this ability. If you do increase the CP cost of that use of that stratagem by 1CP."
000008376005|SM|Space Marines|Gift of Foresight|15|000000758|Liberator Assault Group|false||Adeptus Astartes model only. Once per battle round, just after making a Hit roll, a Wound roll or a saving throw for the bearer, you can treat the result as an unmodified roll of 6 instead.
000008474005|SM|Space Marines|Architect of War|25|000000793|Anvil Siege Force|false||ADEPTUS ASTARTES model only. While the bearer is leading a unit, ranged weapons equipped by models in that unit have the [IGNORES COVER] ability.
000008478005|SM|Space Marines|Master of Machine War|20|000000794|Ironstorm Spearhead|false||"ADEPTUS ASTARTES model only. In your Command phase, select one Adeptus Astartes Vehicle model within 6"" of the bearer. Until the start of your next Command phase, that VEHICLE is eligible to shoot even if it Fell Back or Advanced this turn."
000008494005|SM|Space Marines|Iron Resolve|15|000000798|1st Company Task Force|false||ADEPTUS ASTARTES TERMINATOR model only. The bearer has the Feel No Pain 5+ ability. Once per battle, after the bearer’s unit is selected as the target of one or more attacks, the bearer can use this Enhancement. If it does, until the end of the phase, models in the bearer’s unit have the Feel No Pain 5+ ability.
000009190005|SM|Space Marines|Gleaming Pinions|25|000000901|The Angelic Host|false||"ADEPTUS ASTARTES JUMP PACK model only. In your opponent’s Movement phase, if an enemy unit ends a move within 8"" of this unit, if this unit is not within Engagement Range of one or more enemy units, this unit can make a Normal move of up to 6""."
000010466005|SM|Space Marines|Hunter’s Instincts|25|000001104|Shadowmark Talon|false||ADEPTUS ASTARTES model only. In your Movement phase, if the bearer’s unit is in Strategic Reserves, for the purposes of setting up that unit on the battlefield, treat the current battle round number as being one higher than it actually is.
000010460005|SM|Space Marines|Malodraxian Standard|20|000001103|Emperor’s Shield|false||Adeptus Astartes Ancient model only. Each time an attack targets the bearer’s unit, if the Strength characteristic of that attack is greater than the Toughness characteristic of the bearer’s unit, subtract 1 from the Wound roll.
000010676005|SM|Space Marines|Bombast Omnivox|15|000001130|Bastion Task Force|false||ADEPTUS ASTARTES model only. Each time you select the bearer’s unit as the target of a Stratagem, roll one D6, adding 1 if the bearer’s unit has the Battleline keyword: on a 4+, you gain 1CP.
000009785005|SM|Space Marines|Temporal Corridor|25|000000994|Librarius Conclave|false||ADEPTUS ASTARTES PSYKER model only. • If this unit has the Telekinesis Discipline ability, this unit has Deep Strike. • At the end of your opponent’s Fight phase, if this unit is unengaged, you can use this ability. If you do: • Place this unit in strategic reserves. • This unit can make an ingress move in your next Movement phase (including in your first turn).
000008778005|SM|Space Marines|Recon Hunter|30|000000836|Company of Hunters|false||"Ravenwing model only. Models in the bearer’s unit have the Scouts 9"" ability."
000010269005|SM|Space Marines|Helm of the Beastslayer|15|000001070|Saga of the Beastslayer|false||ADEPTUS ASTARTES model only. Each time an attack made by a CHARACTER, MONSTER or VEHICLE model targets the bearer’s unit, reduce the Armour Penetration characteristic of that attack by 1.
000010633005|SM|Space Marines|Veteran of Behemoth|25|000001120|Blade of Ultramar|false||ADEPTUS ASTARTES model only. While the bearer is leading a unit, ranged weapons equipped by models in that unit have the [SUSTAINED HITS 1] ability. In addition, while the bearer’s unit is under the effects of the Devastator Doctrine, you can re-roll Advance rolls made for that unit.
000010629005|SM|Space Marines|Chogorian Huntmaster|25|000001119|Spearpoint Task Force|false||ADEPTUS ASTARTES MOUNTED model only. If the bearer’s unit is in Strategic Reserves, for the purposes of setting up that unit on the battlefield, treat the current battle round number as being one higher than it actually is.
000010684005|SM|Space Marines|Liberatum|25|000001132|Reclamation Force|false||ADEPTUS ASTARTES model only. Each time the bearer makes an attack that targets an enemy unit, if the target is within range of an objective marker, you can re-roll the Hit roll and you can re-roll the Wound roll.
000010623005|SM|Space Marines|Steel Font|15|000001118|Hammer of Avernii|false||ADEPTUS ASTARTES TERMINATOR model only. While the bearer is leading a unit, in your Command phase, you can return 1 destroyed Bodyguard model to that unit.
000010660005|SM|Space Marines|Skjald’s Foretelling|25|000001126|Saga of the Great Wolf|false||Wolf Guard Battle Leader model only. While the bearer is leading a unit, weapons equipped by models in that unit have the [LANCE] ability.
000010265005|SM|Space Marines|Thunderwolf’s Fortitude|25|000001069|Saga of the Bold|false||ADEPTUS ASTARTES model only. (Once per battle, per army) When this model is destroyed, at the end of the phase, roll one D6: • On a 2+, set up this model on the battlefield, unengaged and as close as possible to where it was destroyed. This model is not part of an attached unit and its unit has a starting strength of 1. This model has 3 wounds remaining.
000010400005|SM|Space Marines|Herald of Sacred Slaughter|15|000001093|Godhammer Assault Force|false||"ADEPTUS ASTARTES model only. In the Declare Battle Formations step, if the bearer starts the battle embarked within a Dedicated Transport, that DEDICATED TRANSPORT has the Scouts 9"" ability."
000010680005|SM|Space Marines|Dedicated Gunship|15|000001131|Orbital Assault Force|false||ADEPTUS ASTARTES TERMINATOR model only. Once per battle, at the end of your opponent’s Fight phase, if the bearer’s unit is not within Engagement Range of one or more enemy units, the bearer can use this Enhancement. If it does, remove the bearer’s unit from the battlefield and place it into Strategic Reserves.
000010261005|SM|Space Marines|Feral Rage|10|000001068|Saga of the Hunter|false||ADEPTUS ASTARTES model only. Add 1 to the Attacks characteristic of melee weapons equipped by the bearer. Each time the bearer ends a Charge move, until the end of the turn, add an additional 1 to the Attacks characteristic of those weapons.
000009186005|SM|Space Marines|Vengeful Onslaught|10|000000900|The Lost Brethren|false||Death Company model only. It the bearer is destroyed, until the end of your next turn, each time a friendly DEATH COMPANY model makes an attack, add 1 to the 1 Hit roll.
000010392005|SM|Space Marines|Zealous Vanguard|20|000001091|Companions of Vehemence|false||"ADEPTUS ASTARTES model only. Models in the bearer’s unit have the Scouts 6"" ability."
000010783005|SM|Space Marines|Astartes Tank Ace (Aura)|40|000001148|Headhunter Task Force|false||"ADEPTUS ASTARTES VEHICLE model only. In your Shooting phase, while a friendly ADEPTUS ASTARTES VEHICLE unit is within 6"" of the bearer, ranged weapons equipped by models in that unit have the [ASSAULT] ability."
000008774005|SM|Space Marines|Deathwing Assault|30|000000835|Inner Circle Task Force|false||Deathwing model with the Deep Strike ability only. The bearer’s unit can be set up using the Deep Strike ability in the Reinforcements step of your first, second or third Movement phase, regardless of any mission rules.
000010779005|SM|Space Marines|Armoured Commander|25|000001147|Armoured Speartip|false||ADEPTUS ASTARTES model only. Once per turn, in your Movement phase, the bearer can use this Enhancement. If it does, select one friendly Adeptus Astartes Transport that is in Strategic Reserves. Until the end of the phase, for the purposes of setting up that TRANSPORT on the battlefield, treat the current battle round number as being one higher than it actually is.
000008486005|SM|Space Marines|Hunter’s Instincts|25|000000796|Stormlance Task Force|false||ADEPTUS ASTARTES MOUNTED model only. If the bearer’s unit is in Strategic Reserves, for the purposes of setting up that unit on the battlefield, treat the current battle round number as being one higher than it actually is.
000008522005|SM|Space Marines|The Tome of Ectoclades|30|000000808|Black Spear Task Force|false||Watch Master or Captain model only. Once per battle, after you have selected your Oath of Moment target, the bearer can use this Enhancement. If it does, select a second enemy unit to be an Oath of Moment target. Designer’s Note: This means that each time a model with the Oath of Moment ability makes an attack that targets either of your Oath of Moment targets, you can re-roll the Hit roll.
000008771005|SM|Space Marines|Pennant of Remembrance|10|000000834|Unforgiven Task Force|false||Ancient model only. While the bearer is leading a unit, models in that unit have the Feel No Pain 6+ ability. While that unit is Battle-shocked, models in that unit have the Feel No Pain 4+ ability instead.
000010645005|SM|Space Marines|Angel’s Fang|25|000001123|Rage-cursed Onslaught|false||ADEPTUS ASTARTES model only. Each time the bearer makes a melee attack that targets a CHARACTER, MONSTER or VEHICLE unit, that attack has the [SUSTAINED HITS 2] ability.
000010155005|SM|Space Marines|Lord of the Ravenwing|10|000001059|Wrath of the Rock|false||Ravenwing model only. You can re-roll Advance and Charge rolls made for the bearer’s unit.
000009835005|SM|Space Marines|Ordained Sacrifice|25|000001004|Angelic Inheritors|false||ADEPTUS ASTARTES model only. The first time the bearer is destroyed, roll one D6 at the end of the phase: on a 2+, set the bearer back up on the battlefield as close as possible to where it was destroyed and not within Engagement Range of one or more enemy units, with 3 wounds remaining.
000008482005|SM|Space Marines|Adamantine Mantle|20|000000795|Firestorm Assault Force|false||ADEPTUS ASTARTES model only. Each time an attack is allocated to the bearer, subtract 1 from the Damage characteristic of that attack. If that attack was made with a Melta or Torrent weapon, change the Damage characteristic of that attack to 1 instead.
000010368005|SM|Space Marines|Adamantine Mantle|20|000001086|Forgefather’s Seekers|false||ADEPTUS ASTARTES model only. Each time an attack is allocated to the bearer, subtract 1 from the Damage characteristic of that attack. If that attack was made with a Melta or Torrent weapon, change the Damage characteristic of that attack to 1 instead.
000009785006|SM|Space Marines|Fusillade|25|000000994|Librarius Conclave|false||ADEPTUS ASTARTES PSYKER model only. This unit’s ranged attacks have: • [LETHAL HITS] • If this unit has the Pyromancy Discipline ability, [SUSTAINED HITS 1].
000008815002|TAU|T’au Empire|Internal Grenade Racks|20|000000846|Retaliation Cadre|false||T’au Empire Battlesuit model only. The bearer has the GRENADES keyword, and each time the bearer ends a Normal move, you can select one enemy unit that it moved over during that move. If you do, roll six D6: for each 4+, that enemy unit suffers 1 mortal wound.
000009983002|TAU|T’au Empire|Thermoneutronic Projector|15|000001028|Experimental Prototype Cadre|false||BATTLESUIT model only. In the Declare Battle Formations step, select one of this model’s T’au Flamer weapons. That weapon’s attacks have: • +2 S • +1 AP and D.
000009839002|TAU|T’au Empire|Student of Kauyon|20|000001005|Auxiliary Cadre|false||KROOT SHAPER model only. In the Declare Battle Formations step, you can select up to three friendly KROOT CARNIVORES/FARSTALKERS units. Those units have Deep Strike.
000009645002|TAU|T’au Empire|Experienced Leader|0|000000967|Kroot Raiding Party|false||At the start of the first battle round, select one enemy unit on the battlefield. Until the end of the battle, each time a KROOT model from your army makes an attack that targets that enemy unit, if the bearer is on the battlefield, you can re-roll the Wound roll.
000008821002|TAU|T’au Empire|Borthrod Gland|15|000000847|Kroot Hunting Pack|false||Kroot Flesh Shaper only. While the bearer is leading a unit, each time a model in that unit makes a melee attack, an unmodified Hit roll of 5+ scores a Critical Hit.
000008442002|TAU|T’au Empire|Exemplar of the Kauyon|20|000000781|Kauyon|false||T’AU EMPIRE model only (excluding Kroot Shaper models). While the bearer is leading a unit, the Patient Hunter Detachment rule applies to that unit from the second battle round onwards instead of from the third.
000008811002|TAU|T’au Empire|Coordinated Exploitation|30|000000845|Mont’ka|false||T’AU EMPIRE model only (excluding Kroot Shaper models). While the bearer is leading a unit, each time that unit is an Observer unit, until the end of the phase, ranged weapons equipped by models in a Guided unit have the [SUSTAINED HITS 1] ability while targeting their Spotted unit.
000010896002|TAU|T’au Empire|Negation Emitters|15|000001200|Advanced Acquisition Cadre|true||"STEALTH BATTLESUITS unit only. This unit has -3"" detection range."
000009636002|TAU|T’au Empire|Target Optimisation Microdrones|0|000000966|Starfire Cadre|false||"CADRE FiREbLADE model only. Once per turn, in your Shooting phase, when a friendly FiRE WARRiOR, PATHFiNDER TEAM or CADRE FIREBLADE unit within 6"" of the bearer is selected to shoot, the bearer can use this Enhancement. If it does, until the end of the phase, improve the Armour Penetration characteristic of ranged weapons equipped by models in that unit by 1."
000008811003|TAU|T’au Empire|Exemplar of the Mont’ka|10|000000845|Mont’ka|false||T’AU EMPIRE model only (excluding Kroot Shaper models). While the bearer is leading a unit, the Killing Blow Detachment rule applies to that unit during the fourth battle round as well.
000008442003|TAU|T’au Empire|Precision of the Patient Hunter|15|000000781|Kauyon|false||T’AU EMPIRE model only. Each time the bearer makes a ranged attack, add 1 to the Hit roll. From the third battle round onwards, add 1 to the Wound roll as well.
000009839003|TAU|T’au Empire|Admired Leader|20|000001005|Auxiliary Cadre|false||"T’AU EMPIRE model only (excluding KROOT models). In your Command phase, you can select one KROOT/VESPID STINGWINGS unit within 12"" of this model. If you do, that unit has +1 Ld and OC until the start of your next Command phase."
000009983003|TAU|T’au Empire|Plasma Accelerator Rifle|20|000001028|Experimental Prototype Cadre|false||BATTLESUIT model only. In the Declare Battle Formations step, select one of this model’s Plasma Rifle weapons. That weapon’s attacks have: • +2 S • +1 A, AP and D.
000010896003|TAU|T’au Empire|Unmasking Suite|15|000001200|Advanced Acquisition Cadre|true||"GHOSTKEEL BATTLESUIT/PATHFINDER TEAM/STEALTH BATTLESUITS unit only. When this unit is selected to shoot, you can select one enemy unit within 24"" of this unit. That enemy unit has +9"" detection range until this unit has shot."
000008821003|TAU|T’au Empire|Kroothawk Flock|10|000000847|Kroot Hunting Pack|false||"Kroot model only. Ranged weapons equipped by models in the bearer’s unit have the [IGNORES COVER] ability, and enemy units that are set up on the battlefield as Reinforcements cannot be set up within 12"" horizontally of the bearer."
000009645003|TAU|T’au Empire|Quill Marker|0|000000967|Kroot Raiding Party|false||"At the start of your Charge phase, select one enemy unit within 12"" of the bearer. Until the end of the phase, each time a KROOT unit from your army declares a charge, if it is within 6"" of that enemy unit, it can include that enemy unit as a target of that charge, even if it is not visible to it."
000008815003|TAU|T’au Empire|Prototype Weapon System|15|000000846|Retaliation Cadre|false||T’au Empire Battlesuit model only. Each time the bearer is selected to shoot, select either the [LETHAL HITS] or [SUSTAINED HITS 1] ability. Until those attacks are resolved, ranged weapons equipped by the bearer have the selected ability.
000009636003|TAU|T’au Empire|Duty’s Echo|0|000000966|Starfire Cadre|false||"ETHEREAL model only. At the end of your Shooting phase, you can select one friendly FiRE WARRiOR or PATHFiNDER TEAM unit within 6"" of the bearer. If you do, that unit can make a Normal move of up to 3"" and then counts as having performed the Set Overwatch Tactical Manoeuvre this turn."
000008821004|TAU|T’au Empire|Nomadic Hunter|20|000000847|Kroot Hunting Pack|false||"Kroot Trail Shaper model only. While the bearer is leading a unit, add 3"" to the Move characteristic of models in that unit and ranged weapons equipped by models in that unit have the [ASSAULT] ability."
000008815004|TAU|T’au Empire|Puretide Engram Neurochip|15|000000846|Retaliation Cadre|false||T’au Empire Battlesuit model only. Each time you target the bearer’s unit with a Stratagem, roll one D6: on a 4+, you gain 1CP.
000008442004|TAU|T’au Empire|Solid-image Projection Unit|20|000000781|Kauyon|false||T’AU EMPIRE model only. After both players have deployed their armies, select up to three T’AU EMPIRE units from your army and redeploy them. When doing so, you can set those units up in Strategic Reserves if you wish, regardless of how many units are already in Strategic Reserves.
000009983004|TAU|T’au Empire|Supernova Launcher|15|000001028|Experimental Prototype Cadre|false||BATTLESUIT model only. In the Declare Battle Formations step, select one of this model’s Airbursting Fragmentation Projector weapons. That weapon’s attacks have: • +3 S • +1 AP and D.
000008811004|TAU|T’au Empire|Strategic Conqueror|15|000000845|Mont’ka|false||T’AU EMPIRE model only. At the start of the first battle round, before the first turn begins, select one objective marker on the battlefield. While a friendly T’AU EMPIRE model is within range of that objective marker and the bearer is on the battlefield, add 1 to that friendly model’s Objective Control characteristic.
000008442005|TAU|T’au Empire|Through Unity, Devastation|30|000000781|Kauyon|false||T’AU EMPIRE model only (excluding Kroot Shaper models). While the bearer is leading a unit, each time that unit is an Observer unit, until the end of the phase, ranged weapons equipped by models in a Guided unit have the [LETHAL HITS] ability while targeting their Spotted unit.
000008811005|TAU|T’au Empire|Strike Swiftly|45|000000845|Mont’ka|false||"T’AU EMPIRE model only. In the Resolve Pre-battle Abilities step, you can select up to two friendly T’AU EMPIRE units within 6"" of this model that do not have the Scouts ability. Until the end of the battle, all models in the selected units have the Scouts 6"" ability."
000008815005|TAU|T’au Empire|Starflare Ignition System|20|000000846|Retaliation Cadre|false||T’au Empire Battlesuit model only. At the end of your opponent’s turn, if the bearer’s unit is not within Engagement Range of one or more enemy units, you can remove that unit from the battlefield and place it into Strategic Reserves.
000008821005|TAU|T’au Empire|Root-carved Weapons|10|000000847|Kroot Hunting Pack|false||Kroot War Shaper model only. All weapons equipped by the bearer have the [PRECISION] and [DEVASTATING WOUNDS] abilities.
000010964002|TS|Thousand Sons|Eruption of Vitality|35|000001170|Ritual of Regeneration|false||INFANTRY/MOUNTED THOUSAND SONS PSYKER model only. (Once per battle, per army) When this model is destroyed, at the end of the phase, roll one D6: • On a 2+, set up this model on the battlefield, unengaged and as close as possible to where it was destroyed. This model is not part of an attached unit and its unit has a starting strength of 1. This model has 3 wounds remaining.
000009654002|TS|Thousand Sons|Warp Mastery|0|000000969|Chosen Cabal|false||Each time you roll to determine the number of attacks made with a Psychic weapon equipped by the bearer, you can re-roll the result.
000009741002|TS|Thousand Sons|Arcane Might|20|000000983|Hexwarp Thrallband|false||THOUSAND SONS model only. Add 1 to the Strength characteristic of Psychic weapons equipped by models in the bearer’s unit. While the bearer’s unit is wholly within your army’s Flow of Magic, add 2 to the Strength characteristic of Psychic weapons equipped by models in that unit instead.
000010193002|TS|Thousand Sons|Lord of Forbidden Lore|20|000001061|Grand Coven|false||"THOUSAND SONS model only. Each time the bearer manifests a Ritual, while resolving that Ritual, add 6"" to its range."
000010205002|TS|Thousand Sons|Risen Rubricae|30|000001064|Rubricae Phalanx|false||THOUSAND SONS model only. At the start of the Declare Battle Formations step, select either two Rubricae Battleline units from your army or one other Rubricae unit from your army; models in the selected units have the Infiltrators ability.
000010209002|TS|Thousand Sons|Warp Syphon|5|000001065|Warpforged Cabal|false||"THOUSAND SONS model only. While the bearer is within 6"" of one or more friendly Thousand Sons Vehicle units, each time the bearer Channels the Warp, after you roll that additional D6 but before checking for doubles or triples, the bearer can use this Enhancement. If it does, select one of those VEHICLE units; that VEHICLE unit suffers 1 mortal wound and you can re-roll that additional D6."
000009663002|TS|Thousand Sons|Thrallmaster|0|000000970|Devoted Thralls|false||"At the start of the first battle round, you can select one friendly THOUSAND SONS CULTiSTS or TzAANGORS unit within the same Entry Zone as the bearer. If you do, that unit can make a Normal move of up to 6""."
000010972002|TS|Thousand Sons|Unravelled Fates|15|000001172|Servants of Change|false||"TZAANGOR SHAMAN model only. In your Movement phase, at the start or end of this unit’s move, you can select one friendly battle-shocked MUTANT unit within 6"" of this model. That unit is no longer battle-shocked."
000009672002|TS|Thousand Sons|Predestined Champion|0|000000971|Fateseekers|false||While the bearer is on the battlefield, you are considered to control one additional objective marker for the purposes of the Twisting Fate army rule.
000010968002|TS|Thousand Sons|Walking Rampart|30|000001171|Sekhetar Cohort|false||"SORCERER/EXALTED SORCERER model only. This model has the following abilities: • Soul Bound: In your Movement phase, at the start or end of this unit’s move, you can select one friendly SEKHETAR ROBOTS unit within 3"" of this model. That SEKHETAR ROBOTS unit heals D3+1 wounds. • Kine-shielded Guardians: While this model is within 3"" of a friendly SEKHETAR ROBOTS unit, this model has Lone Operative"
000010201002|TS|Thousand Sons|Warpmeld Dagger|10|000001063|Warpmeld Pact|false||Tzaangor Shaman model only. Each time the bearer attempts a Ritual, just before determining the Psychic test result, the bearer can use this Enhancement. If it does, the bearer suffers D3 mortal wounds; if it is not destroyed as a result, add 1 to that Psychic test result for each of those mortal wounds suffered.
000010197002|TS|Thousand Sons|Nethershriek Mind-eater|10|000001062|Changehost of Deceit|false||"THOUSAND SONS or Lord of Change model only. At the start of your Shooting phase, select one enemy unit within 12"" of and visible to the bearer. That unit must take a Battle-shock test; if that test is failed, that unit suffers 3 mortal wounds."
000010964003|TS|Thousand Sons|Curse of Life|20|000001170|Ritual of Regeneration|false||INFANTRY/MOUNTED THOUSAND SONS PSYKER model only. When this model heals as a result of the Sorcerous Invigoration detachment rule, you can add 3 to the number of wounds healed.
000010968003|TS|Thousand Sons|Occulus Infernum|20|000001171|Sekhetar Cohort|false||"SORCERER/EXALTED SORCERER model only. In your Movement phase, at the start or end of this unit’s move, you can select one friendly SEKHETAR ROBOTS unit within 6"" of this unit. That unit’s ranged attacks have +1 BS until the start of your next turn."
000009663003|TS|Thousand Sons|Prescient Authority|0|000000970|Devoted Thralls|false||"Once per turn, when a friendly THOUSAND SONS CULTiSTS or TzAANGORS unit within 3"" of the bearer is selected to shoot or fight, the bearer can use this Enhancement. If it does, until the end of the phase, each time a model in that THOUSAND SONS CULTISTS or TZAANGORS unit makes an attack, re-roll a Wound roll of 1."
000009654003|TS|Thousand Sons|Fires of Change|0|000000969|Chosen Cabal|false||Each time the bearer shoots, after it has shot, select one enemy unit hit by one or more of those attacks made with a Psychic weapon. That unit must take a Battle-shock test, subtracting 1 from the result.
000010972003|TS|Thousand Sons|Thicket of Bladed Bone|10|000001172|Servants of Change|true||SPAWN unit only. This unit’s melee attacks have: • +1 AP. • [CLEAVE 1].
000009672003|TS|Thousand Sons|Astral Predation|0|000000971|Fateseekers|false||Once per battle, in your Movement phase, when the bearer is selected to move, it can use this Enhancement. If it does, select one closed Hatchway on the battlefield. Until the end of the phase, the bearer can move through that Hatchway as if it was open (note that this does not open that Hatchway - it remains closed).
000010197003|TS|Thousand Sons|Diabolic Savant|20|000001062|Changehost of Deceit|false||"Thousand Sons Infantry model only. While the bearer is within 6"" of one or more friendly Scintillating Legions units, each time the bearer Channels the Warp, add 1 to the Psychic test result."
000010205003|TS|Thousand Sons|Arcane Thralls (Aura)|5|000001064|Rubricae Phalanx|false||"THOUSAND SONS model only. While a friendly Rubricae unit is within 9"" of the bearer, you can re-roll Battle-shock tests taken for that unit."
000010209003|TS|Thousand Sons|The Perplexing Cloak|20|000001065|Warpforged Cabal|false||"Thousand Sons Infantry model only. While the bearer is within 3"" of one or more friendly Thousand Sons Vehicle units, the bearer has the Lone Operative ability."
000010201003|TS|Thousand Sons|Diamond of Distortion|20|000001063|Warpmeld Pact|false||Tzaangor Shaman model only. While the bearer is leading a unit, each time an attack targets that unit, subtract 1 from the Hit roll.
000010193003|TS|Thousand Sons|Incandaeum|15|000001061|Grand Coven|false||Exalted Sorcerer model only. Once per battle, when selecting a Ritual for the bearer to attempt, you can select Doombolt, even if a model from your army have already attempted to manifest that Ritual this phase.
000009741003|TS|Thousand Sons|Empowered Manifestation|20|000000983|Hexwarp Thrallband|false||"THOUSAND SONS model only. While the bearer’s unit is wholly within your army’s Flow of Magic, you can add 6"" to the range of Psychic abilities the bearer has that specify a range (including Rituals) and each time a model in the bearer’s unit takes a Hazardous test for a Psychic weapon, you can re-roll the result."
000010193004|TS|Thousand Sons|Umbralefic Crystal|30|000001061|Grand Coven|false||THOUSAND SONS model only. (Once per battle, per army) In your Command phase, if this unit is unengaged, you can use this ability. If you do: • Place this unit in strategic reserves. • This unit has Deep Strike until the start of your next Shooting phase. • This unit must make an ingress move in your next Movement phase (including in your first turn).
000009741004|TS|Thousand Sons|Empyric Onslaught|25|000000983|Hexwarp Thrallband|false||THOUSAND SONS model only. While the bearer’s unit is wholly within your army’s Flow of Magic, add 3 to the Attacks characteristic of ranged Psychic weapons equipped by the bearer.
000010209004|TS|Thousand Sons|Biomechanical Mutation|15|000001065|Warpforged Cabal|false||"THOUSAND SONS model only. In your Command phase, you can select one friendly Thousand Sons Vehicle model within 6"" of this model. That model regains up to D3 lost wounds."
000010205004|TS|Thousand Sons|Lord of the Rubricae|15|000001064|Rubricae Phalanx|false||THOUSAND SONS model only. While the bearer is leading a unit, each time a Rubricae model in that unit makes an attack, add 1 to the Hit roll.
000010197004|TS|Thousand Sons|Duplicitous Malediction|15|000001062|Changehost of Deceit|false||THOUSAND SONS or Lord of Change model only. After both players have deployed their armies, select up to three THOUSAND SONS units from your army and redeploy them. When doing so, you can set those units up in Strategic Reserves if you wish, regardless of how many units are already in Strategic Reserves.
000010201004|TS|Thousand Sons|Bray Lord|15|000001063|Warpmeld Pact|false|LEADER: TZAANGORS|"SORCERER or INFERNAL MASTER model only. The bearer has the Scouts 6"" ability."
000010193005|TS|Thousand Sons|Eldritch Vortex of E’taph|35|000001061|Grand Coven|false||THOUSAND SONS model only. Add 1 to the Strength and Damage characteristics of Psychic weapons equipped by the bearer.
000010209005|TS|Thousand Sons|Warp-cursed Runemaster|10|000001065|Warpforged Cabal|false||"THOUSAND SONS model only. While the bearer is within 6"" of one or more friendly Thousand Sons Vehicle units, each time the bearer manifests a Ritual, while resolving that Ritual, add 6"" to its range."
000010201005|TS|Thousand Sons|Flowing Flesh|10|000001063|Warpmeld Pact|false||Tzaangor Shaman model only. The bearer has the Feel No Pain 4+ ability and a Wounds characteristic of 5.
000009741005|TS|Thousand Sons|Noctilith Mantle|15|000000983|Hexwarp Thrallband|false||THOUSAND SONS model only. While the bearer’s unit is on the battlefield, it is wholly within your army’s Flow of Magic. Models in that unit cannot be selected to use any Rituals.
000010205005|TS|Thousand Sons|The Stave Abominus|20|000001064|Rubricae Phalanx|false||Thousand Sons Infantry model only. The bearer’s melee weapons have the [sustained hits D3] and [devastating wounds] abilities.
000010197005|TS|Thousand Sons|Tome of True Names|20|000001062|Changehost of Deceit|false||Thousand Sons Infantry model only. Once per battle, at the start of any phase, the bearer can use this Enhancement. If it does, until the end of the phase, the bearer has a 2+ invulnerable save.
000010940002|TYR|Tyranids|Destabilising Predation|20|000001198|Talons of the Norn Queen|true||NORN EMISSARY unit only. This unit’s ranged attacks have [ANTI-CHARACTER 2+].
000008421002|TYR|Tyranids|Power of the Hive Mind|10|000000773|Synaptic Nexus|false||Tyranids Psyker model only. Improve the Strength and Armour Penetration characteristics of psychic weapons equipped by the bearer by 1.
000009737002|TYR|Tyranids|Elevated Might|30|000000982|Warrior Bioform Onslaught|false||WINGED TYRANID PRIME/TYRANID PRIME WITH LASH WHIP model only. This model’s melee attacks: • Can re-roll wound rolls. • Have +1 AP.
000008417002|TYR|Tyranids|Hunting Grounds|30|000000772|Vanguard Onslaught|false||TYRANIDS model only. While the bearer is on the battlefield, each time your opponent sets up a Reserves unit on the battlefield, roll one D6: on a 2+, that unit must take a Battle-shock test.
000009699002|TYR|Tyranids|Synaptic Beacon|0|000000975|Biotide|false||"While a friendly TYRANIDS unit is within 9"" of the bearer (ignoring Walls and closed Hatchways), that unit is within Synapse Range of the bearer and of your army."
000008404002|TYR|Tyranids|Ominous Presence|15|000000769|Crusher Stampede|false||Tyranids Monster model only. Add 3 to the bearer’s Objective Control characteristic.
000010936002|TYR|Tyranids|Encircling Horrors|20|000001197|Ambush Predators|true||"NEUROLICTOR/LICTOR/VON RYAN’S LEAPERS unit only. In your opponent’s Movement phase, when an enemy unit ends a move within 8"" of this unit, this unit can make a normal move of up to D3+3""."
000009681002|TYR|Tyranids|Synaptic Goad|0|000000973|Tyranid Attack|false||"In your Command phase, select one friendly TYRANiD WARRiORS wiTH MELEE BiO-wEAPONS or TYRANiD WARRiORS wiTH RANGED BiO-wEAPONS unit within 6"" of the bearer. Until the end of the turn, add 2"" to the Move characteristic of models in that unit."
000009690002|TYR|Tyranids|Monoform Predators|0|000000974|Boarding Swarm|false||TYRANiDS models in this Detachment cannot be given Enhancements.
000009724002|TYR|Tyranids|Stalking Menace|0|000000979|Infestation Swarm|false||Once per battle, at the end of your opponent’s Fight phase, if the bearer is not within Engagement Range of one or more enemy units, it can use this Enhancement. If it does, remove the bearer from the battlefield and place it into Strategic Reserves. It will arrive back on the battlefield in the Reinforcements step of your next Movement phase as if it had the Deep Strike ability. If this is not possible, the bearer is destroyed. When the bearer is set back up on the battlefield, until the end of the turn, it cannot declare a charge.
000008412002|TYR|Tyranids|Regenerating Monstrosity|20|000000771|Assimilation Swarm|false||TYRANIDS model only (excluding Monsters models). The bearer’s unit can be regenerated up to twice per phase, instead of once.
000008408002|TYR|Tyranids|Relentless Hunger|20|000000770|Unending Swarm|false||"TYRANIDS model only. Add 2"" to the Move characteristic of models in the bearer’s unit."
000010147002|TYR|Tyranids|Synaptic Strategy|15|000001057|Subterranean Assault|false||Tyranids model only. Once per battle, you can target the bearer’s unit with the Rapid Ingress stratagem for 0CP, and can do so even if you have already targeted a different unit with that Stratagem this phase.
000008348002|TYR|Tyranids|Alien Cunning|30|000000748|Invasion Fleet|false||TYRANIDS model only. After both players have deployed their armies, select up to three TYRANIDS units from your army and redeploy them. When doing so, you can set those units up in Strategic Reserves if you wish, regardless of how many units are already in Strategic Reserves.
000009737003|TYR|Tyranids|Ocular Adaptation|20|000000982|Warrior Bioform Onslaught|false||WINGED TYRANID PRIME/TYRANID PRIME WITH LASH WHIP model only. This unit’s melee attacks have +1 to hit rolls.
000009699003|TYR|Tyranids|Hypersurge Gland|0|000000975|Biotide|false||Once per battle, at the end of your opponents Charge phase, the bearer can use this Enhancement. If it does, it can declare a charge as if it were your Charge phase.
000008417003|TYR|Tyranids|Chameleonic|15|000000772|Vanguard Onslaught|false||VANGUARD INVADER model only. This unit has Stealth.
000008404003|TYR|Tyranids|Enraged Reserves|20|000000769|Crusher Stampede|false||Tyranids Monster model only. If the bearer is destroyed by a melee attack, if it has not fought this phase, roll one D6: on a 3+, do not remove it from play. It can fight after the attacking model’s unit has finished making its attacks, and is then removed from play.
000009681003|TYR|Tyranids|Reinforced Carapace|0|000000973|Tyranid Attack|false||Each time an attack is allocated to the bearer, subtract 1 from the Damage characteristic of that attack (note that if given to a TYRANID PRIME model, this only affects that model and not other models in its unit).
000008421003|TYR|Tyranids|Psychostatic Disruption|30|000000773|Synaptic Nexus|false||"Tyranids Synapse model only. Enemy units that arrive on the battlefield from Reserves cannot be set up within 12"" of the bearer. In addition, once per battle, during the first or second battle round, when your opponent declares that a unit will arrive on the battlefield from Strategic Reserves, the bearer can use this Enhancement. If it does, roll one D6: on a 4+, that enemy unit cannot arrive on the battlefield this turn."
000010940003|TYR|Tyranids|Synaptoprescience|30|000001198|Talons of the Norn Queen|true||NORN ASSIMILATOR unit only. This unit has 4+ InSv.
000008412003|TYR|Tyranids|Instinctive Defence|15|000000771|Assimilation Swarm|false||"TYRANIDS model only. While the bearer is within 6"" of one or more friendly HARVESTER units, when you target this unit with the Heroic Intervention stratagem, that use is -1 CP. In addition, while the bearer is within 6"" of one or more friendly HARVESTER units, models in the bearer’s unit have the Fights First ability."
000008408003|TYR|Tyranids|Naturalised Camouflage|30|000000770|Unending Swarm|false||"TYRANIDS model only. At the start of the first battle round, select up to three friendly Endless Multitude units within 9"" of the bearer. Until the end of the battle round, each time a ranged attack targets one of those units, models in that unit have the Benefit of Cover against that attack."
000008348003|TYR|Tyranids|Perfectly Adapted|15|000000748|Invasion Fleet|false||TYRANIDS model only. Once per turn, you can re-roll one Hit roll, one Wound roll, one Damage roll, one Advance roll, one Charge roll or one saving throw made for the bearer.
000010147003|TYR|Tyranids|Tremor Senses|20|000001057|Subterranean Assault|false||Tyranids model only. After both players have deployed their armies, select up to three friendly TYRANIDS units from your army and redeploy them. When doing so, you can set those units up in Strategic Reserves, regardless of how many units are already in Strategic Reserves.
000010936003|TYR|Tyranids|Cryptophotaic Camouflage|15|000001197|Ambush Predators|true||"VON RYAN’S LEAPERS unit only. This unit has -3"" detection range."
000009724003|TYR|Tyranids|Psi-spoor Sensitivity|0|000000979|Infestation Swarm|false||Each time the bearer declares a charge, it can target enemy units that are not visible to it.
000008408004|TYR|Tyranids|Piercing Talons|25|000000770|Unending Swarm|false||TYRANIDS model only. Each time a model in the bearer’s unit makes an attack, on a Critical Wound, improve the Armour Penetration characteristic of that attack by 1.
000008412004|TYR|Tyranids|Biophagic Flow (Aura)|10|000000771|Assimilation Swarm|false||"TYRANIDS model only. While a friendly Harvester model is within 12"" of the bearer, when using the Feed the Swarm ability, that HARVESTER model can Regenerate one friendly TYRANIDS unit that is within 9"" of it, instead of one within 6""."
000008404004|TYR|Tyranids|Null Nodules|10|000000769|Crusher Stampede|false||Tyranids Monster model only. Once per battle, when a Psychic Attack is allocated to the bearer, it can use this ability. If it does, until the end of the phase, the bearer has the Feel No Pain 5+ ability against Psychic Attacks.
000008421004|TYR|Tyranids|Synaptic Control|20|000000773|Synaptic Nexus|false||Tyranids Synapse model only. Each time an attack is allocated to the bearer, subtract 1 from the Damage characteristic of that attack.
000010147004|TYR|Tyranids|Vanguard Intellect|15|000001057|Subterranean Assault|false||Tyranids model with the Deep Strike ability only. The bearer’s unit can be set up using the Deep Strike ability in the Reinforcements step of your first, second or third Movement phase, regardless of any mission rules.
000008348004|TYR|Tyranids|Synaptic Linchpin|20|000000748|Invasion Fleet|false||"TYRANIDS model only. While a friendly TYRANIDS unit is within 9"" of the bearer, that unit is within Synapse Range of your army."
000008417004|TYR|Tyranids|Stalker|10|000000772|Vanguard Onslaught|false||Vanguard Invader model only. At the start of the battle, select one enemy unit. Each time the bearer makes an attack that targets that enemy unit, add 1 to the Hit roll and add 1 to the Wound roll.
000008348005|TYR|Tyranids|Adaptive Biology|25|000000748|Invasion Fleet|false||TYRANIDS model only. The bearer has the Feel No Pain 5+ ability. At the start of any turn, if the bearer has fewer than its starting number of wounds remaining, until the end of the battle, it has the Feel No Pain 4+ ability instead.
000010147005|TYR|Tyranids|Trygon Prime|20|000001057|Subterranean Assault|false||Trygon model only. The bearer gains the Synapse keyword. Improve the Strength and Weapon Skill characteristics of melee weapons equipped by the bearer by 1.
000008404005|TYR|Tyranids|Monstrous Nemesis|25|000000769|Crusher Stampede|false||Tyranids Monster model only. Each time the bearer makes a melee attack that targets a MONSTER or VEHICLE unit, add 1 to the Wound roll.
000008408005|TYR|Tyranids|Adrenalised Onslaught|15|000000770|Unending Swarm|false||"TYRANIDS model only. Each time the bearer’s unit Piles In or Consolidates, models in this unit can move an additional 3""."
000008412005|TYR|Tyranids|Parasitic Biomorphology|25|000000771|Assimilation Swarm|false||"TYRANIDS model only. Add 1 to the Strength characteristic of melee weapons equipped by models in the bearer’s unit. The first time the bearer’s unit destroys an enemy unit in the Fight phase while the bearer is within 6"" of one or more friendly Harvester units, until the end of the battle, add 1 to the Attacks characteristic of melee weapons equipped by models in the bearer’s unit."
000008417005|TYR|Tyranids|Neuronode|20|000000772|Vanguard Onslaught|false||TYRANIDS model only. After both players have deployed their armies, you can select up to three Vanguard Invader units from your army and redeploy all of those units. When doing so, any of those units can be placed into Strategic Reserves, regardless of how many units are already in Strategic Reserves.
000008421005|TYR|Tyranids|The Dirgeheart of Kharis (Aura)|15|000000773|Synaptic Nexus|false||"Tyranids Synapse model only. While an enemy unit is within 9"" of the bearer, worsen that units Leadership characteristic by 1."
000010082002|WE|World Eaters|Malicious Vigour|30|000001044|Possessed Slaughterband|false||Slaughterbound model only. Each time the bearer’s unit makes a Brazen Fury move, it is treated as having rolled a 6 for the distance the unit can be moved.
000010078002|WE|World Eaters|Icon of War|25|000001043|Khorne Daemonkin|false||"World Eaters model only. While a friendly Blood Legions unit is within 6"" of the bearer, that unit has the Blessings of Khorne ability. If the Might of Khorne ability is active for your army, then while a friendly BLOOD LEGIONS unit is within 6"" of the bearer, you can re-roll Battle-shock tests taken for that unit."
000009847002|WE|World Eaters|Archslaughterer|30|000001007|Vessels of Wrath|false||WORLD EATERS model only. (Once per battle, per army) In your Command phase, you can use this ability. If you do, every Blessing of Khorne is active for this unit until the start of your next turn.
000010074002|WE|World Eaters|Chosen of the Blood God|15|000001042|Cult of Blood|false||"World Eaters Monster model only. Add 3"" to the range of the bearers Aura abilities."
000010086002|WE|World Eaters|Murderous Onslaught|5|000001045|Goretrack Onslaught|false||World Eaters model only. If the bearer’s unit disembarked from a Transport this turn, until the end of the turn, enemy units cannot use the Fire Overwatch Stratagem to shoot at the bearer’s unit.
000008432002|WE|World Eaters|Berzerker Glaive|35|000000777|Berzerker Warband|false||WORLD EATERS model only. Add 1 to the Attacks and Damage characteristics of melee weapons (excluding Extra Attacks weapons) equipped by the bearer.
000009716002|WE|World Eaters|Frenzied|0|000000978|Skullsworn|false||You can re-roll Advance and Charge rolls made for the bearer, and the bearer is eligible to declare a charge in a turn in which it Advanced.
000009708002|WE|World Eaters|Chosen of Khorne|0|000000977|Boarding Butchers|false||Once the bearer has destroyed one or more enemy units, until the end of the battle, each time you make a Blessings of Khorne roll, if the bearer is on the battlefield, you can re-roll all of the dice (if you do, you must re-roll every dice).
000010976002|WE|World Eaters|Talons of Butchery|20|000001178|Brazen Engines|true||MAULERFIEND unit only. This unit’s Maulerfiend Fists have [CLEAVE 2].
000010980002|WE|World Eaters|Sanctified in Slaughter|15|000001179|Butchers of Khorne|true||TERMINATOR SQUAD unit only. This unit has +1 OC.
000009708003|WE|World Eaters|Battle Lust|0|000000977|Boarding Butchers|false||Each time an enemy unit is selected to shoot, after that unit has shot, if the bearer was the target of one or more of those attacks, it can make a Battle Lust move. To do so, roll one D6: the bearer can be moved a distance in inches up to the result, but must end that move as close as possible to the attacking unit. When doing so, the bearer can be moved within Engagement Range of that enemy unit, but only that enemy unit.
000009847003|WE|World Eaters|Gateways to Glory|10|000001007|Vessels of Wrath|false||WORLD EATERS DAEMON PRINCE model only. This model has: • MOBILE. • +1 to charge rolls.
000010980003|WE|World Eaters|Gore-Stained Veterans|20|000001179|Butchers of Khorne|true||TERMINATOR SQUAD unit only. This unit’s melee attacks have +1 WS.
000010976003|WE|World Eaters|Murder-Forged Entity|15|000001178|Brazen Engines|true||WORLD EATERS VEHICLE unit only. This unit has DAEMON
000010086003|WE|World Eaters|Aggressive Deployment|20|000001045|Goretrack Onslaught|false||"World Eaters model only. In the Declare Battle Formations step, if the bearer starts the battle embarked within a Dedicated Transport, that DEDICATED TRANSPORT has the Scouts 9"" ability."
000010082003|WE|World Eaters|Killing Clarity|15|000001044|Possessed Slaughterband|false||World Eaters Daemon model only. Each time the bearer’s unit destroys an enemy unit, roll one D6: on a 4+, you gain 1CP.
000010074003|WE|World Eaters|Butcher Lord|10|000001042|Cult of Blood|false|LEADER: GOREMONGERS, JAKHALS|WORLD EATERS INFANTRY model only. The bearer has the Infiltrators ability.
000009716003|WE|World Eaters|Carmine Corona|0|000000978|Skullsworn|false||When the bearer destroys an enemy unit for the first time, until the end of the battle, the bearer has an Objective Control characteristic of 5.
000008432003|WE|World Eaters|Helm of Brazen Ire|30|000000777|Berzerker Warband|false||WORLD EATERS model only. Each time an attack is allocated to the bearer, subtract 1 from the Damage characteristic of that attack.
000010078003|WE|World Eaters|Blood-forged Armour|20|000001043|Khorne Daemonkin|false||Blood Legions or World Eaters model only. The bearer has a Save characteristic of 2+. If the bearer is destroyed, you gain 1 Blood Tithe point.
000010082004|WE|World Eaters|Frenzied Focus|20|000001044|Possessed Slaughterband|false||World Eaters Daemon model only. Each time a model in the bearer’s unit makes an attack, a Critical Hit is scored on an unmodified Hit roll of 5+, instead of only a 6.
000010086004|WE|World Eaters|Unleash Hell|10|000001045|Goretrack Onslaught|false||"World Eaters model only. At the start of your Shooting phase, you can select one Vehicle model within 6"" of the bearer or, if the bearer is embarked within a Transport, you can select that TRANSPORT model. Until the end of the phase, after the selected model has shot, select one enemy unit hit by one or more of those attacks. Until the start of your next turn, that enemy unit is suppressed. While a unit is suppressed, each time a model in that unit makes an attack, subtract 1 from the Hit roll."
000010078004|WE|World Eaters|Disciple of Khorne|15|000001043|Khorne Daemonkin|false|LEADER: BLOODCRUSHERS, FLESH HOUNDS|LORD ON JUGGERNAUT model only. The bearer has the Deep Strike ability and it has the BLOOD LEGIONS Faction keyword instead of the WORLD EATERS Faction keyword.
000008432004|WE|World Eaters|Favoured of Khorne|20|000000777|Berzerker Warband|false||WORLD EATERS model only. Each time you make a Blessings of Khorne roll, if the bearer is on the battlefield, you can re-roll up to two of the D6 rolled.
000010074004|WE|World Eaters|Brazen Form|25|000001042|Cult of Blood|false||World Eaters Monster model only. Add 1 to the bearer’s Toughness characteristic and the bearer has the Feel No Pain 5+ ability.
000010082005|WE|World Eaters|Violent Demise|10|000001044|Possessed Slaughterband|false||World Eaters Daemon model only. The bearer’s Deadly Demise ability inflicts mortal wounds on a D6 roll of 2+ instead of on a 6. In addition, the bearer has the Deadly Demise D3+1 ability, instead of the Deadly Demise D3 ability.
000010078005|WE|World Eaters|Blade of Endless Bloodshed|30|000001043|Khorne Daemonkin|false||World Eaters model only. Add 1 to the Attacks, Strength and Damage characteristics of the bearers melee weapons. Each time the bearer’s unit destroys an enemy unit with a melee attack, do not roll to gain a Blood Tithe point, you automatically gain 1 Blood Tithe point instead.
000010086005|WE|World Eaters|Infernal Infusion|25|000001045|Goretrack Onslaught|false||World Eaters model only. Once per battle, at the start of the Fight phase, the bearer can use this Enhancement. If it does, until the end of the phase, the bearer’s unit has the Fights First ability.
000010074005|WE|World Eaters|Strategic Slaughter|20|000001042|Cult of Blood|false||World Eaters model only. After both players have deployed their armies, select up to three Jakhals and/or Goremongers units from your army and redeploy them. When doing so, you can set those units up in Strategic Reserves, regardless of how many units are already in Strategic Reserves.
000008432005|WE|World Eaters|Battle-lust|20|000000777|Berzerker Warband|false||WORLD EATERS model only. You can re-roll Charge rolls made for the bearer’s unit. In addition, while the Unbridled Bloodlust Blessing of Khorne is active for your army, add 1 to Charge rolls made for the bearer’s unit.
