id|fac|detachment_id|detachment|name|descrizione
000008393|AC|000000765|Shield Host|Martial Mastery|At the start of the battle round, you can select one of the bullet points below. If you do, until the start of the next battle round, that bullet point’s effects apply.¶• Each time an Adeptus Custodes model from your army with the Martial Ka’tah ability makes a melee attack, a successful unmodified Hit roll of 5+ scores a Critical Hit.¶• Improve the Armour Penetration characteristic of melee weapons equipped by ADEPTUS CUSTODES models from your army with the Martial Ka’tah ability by 1.
000008920|AC|000000861|Talons Of The Emperor|Revered Companions|"Anathema Psykana units from your army gain the following the ability:¶Null Aegis (Aura): While an Adeptus Custodes unit is within 6"" of this unit, models in that unit have the Feel No Pain 5+ ability against Psychic Attacks and mortal wounds.¶All other ADEPTUS CUSTODES units from your army gain the following ability:¶Deadly Unity (Aura): While an ANATHEMA PSYKANA unit is within 6"" of this unit, each time a model in that ANATHEMA PSYKANA unit makes an attack, add 1 to the Hit roll."
000008924|AC|000000862|Null Maiden Vigil|Creeping Dread (Aura)|"In the Battle-shock step of your opponent’s Command phase, if an enemy unit that is either a PSYKER unit or below its Starting Strength is within 12"" of one or more Anathema Psykana models from your army, that enemy unit must take a Battle-shock test. If that unit is Below Half-strength, it must subtract 1 from its Battle-shock test this phase instead.¶Designer’s Note: This means that all enemy PSYKER units within range of this Aura ability and all enemy units within range of this Aura ability that have lost one or more models must take a Battle-shock test in your opponents Command phase, not just those that are Below Half-strength."
000008929|AC|000000863|Auric Champions|Assemblage of Might|At the start of your Command phase, select one unit from your opponent’s army. Until the start of your next Command phase, each time a model in an Adeptus Custodes Character unit from your army makes an attack that targets that enemy unit, add 1 to the Wound roll.
000009752|AC|000000986|Solar Spearhead|Auric Armour|"• While an Adeptus Custodes Vehicle unit from your army is at Starting Strength, unless that unit is an Aircraft or it is Battle-shocked, add 2 to the Objective Control characteristic of models in that unit.¶• While an ADEPTUS CUSTODES VEHICLE unit from your army is below Starting Strength, each time a model in that unit makes an attack, re-roll a Hit roll of 1.¶• While an ADEPTUS CUSTODES VEHICLE unit from your army is Below Half-strength, each time a model in that unit makes an attack, re-roll a Hit roll of 1 and re-roll a Wound roll of 1.¶MORITOI ANCIENTS¶The Adeptus Custodes’ honoured fallen are ever eager for battle.Add 2"" to the Move characteristic of models in ADEPTUS CUSTODES WALKER units from your army and add 1 to Advance and Charge rolls made for such units.¶KEYWORDS¶In the Muster Armies step, you can select up to 2 ADEPTUS CUSTODES WALKER models from your army. The selected units gain the CHARACTER keyword.¶Designer’s Note: This means that the selected models can be given Enhancements and one of them can be selected as your WARLORD."
000009986|AC|000001029|Lions of the Emperor|Against All Odds|"Each time a model in an Adeptus Custodes unit from your army (excluding Vehicles) makes an attack, if there are no other friendly units within 6"" of that unit, add 1 to the Hit roll and add 1 to the Wound roll."
000010991|AC|000001164|Might of the Moritoi|March of the Honoured Dead|"Friendly ADEPTUS CUSTODES WALKER units:¶• Have +2"" M.¶• Have +1 to advance rolls and charge rolls.¶This detachment has the ARMOURY tag and cannot be taken with another ARMOURY detachment."
000010995|AC|000001165|Silent Hunters|Skin-Crawling Disorientation|"• When a friendly ANATHEMA PSYKANA unit is selected to make an advance move, that advance move does not prevent that unit from being eligible to start an action.¶• Friendly ANATHEMA PSYKANA units have the following ability:¶Ceaseless Vigilance: In your Shooting phase, this unit can select one visible enemy unit within 12"". That enemy unit is nulled:¶• While a unit is nulled, that unit has +3"" detection range."
000010999|AC|000001166|Tharanatoi Hammerblow|The Hammer Falls|If a friendly ADEPTUS CUSTODES TERMINATOR unit made an ingress move this turn, that unit can re-roll charge rolls.¶This detachment has the LIONS tag and cannot be taken with another LIONS detachment.
000008384|AdM|000000762|Rad-Zone Corps|Rad-bombardment|BATTLE ROUND1BOMBARDMENT¶At the start of the first battle round, for each enemy unit within your opponent’s deployment zone, your opponent must decide whether that unit will take cover or stand firm. You then roll one D6 for each of those enemy units and apply the relevant result below:¶• Unit Standing Firm: On a 3+, that unit suffers D3 mortal wounds.¶• Unit Taking Cover: That unit is battle-shocked. On a 5+, that unit suffers D3 mortal wounds¶BATTLE ROUND2 &emsp;&emsp; ONWARDSFALLOUT¶At the start of your Command phase during the second, third, fourth and fifth battle rounds, roll one D6 for each enemy unit within your opponent’s deployment zone. On a 3+, that unit suffers 1 mortal wound and must take a Battle-shock test.
000008559|AdM|000000820|Skitarii Hunter Cohort|Stealth Optimisation|Friendly SKITARII INFANTRY, SKITARII MOUNTED and IRONSTRIDER BALLISTARII units have Stealth.
000008563|AdM|000000821|Data-Psalm Conclave|Benedictions Of The Omnissiah|At the start of the first battle round, select one of the following Benedictions of the Omnissiah to be active for CULT MECHANICUS units from your army until the end of the battle:¶Panegyric Procession¶Each time a CULT MECHANICUS model from your army makes a ranged attack that targets a unit within half range, improve the Armour Penetration characteristic of that attack by 1.¶Citation in Savagery¶Each time a CULT MECHANICUS unit from your army is selected to fight, if that unit made a Charge move this turn, until the end of the phase, add 1 to the Strength and Attacks characteristics of melee weapons equipped by models in that unit.
000008567|AdM|000000822|Explorator Maniple|Acquisition At Any Cost|At the start of your Command phase, select one objective marker. Until the start of your next Command phase, that objective marker is your Acquisition objective marker. Each time an ADEPTUS MECHANICUS model from your army makes an attack, if that model’s unit is within range of your Acquisition objective marker, or if the target of that attack is within range of your Acquisition objective marker, re-roll a Wound roll of 1.
000008571|AdM|000000823|Cohort Cybernetica|Cyber-Psalm Programming|"Add 2"" to the Move characteristic of models in Legio Cybernetica units from your army. In addition, unless that unit is Battle-shocked, add 1 to the Objective Control characteristic of models in that unit."
000009744|AdM|000000984|Haloscreed Battle Clade|Noospheric Transference|"In your Command phase, select one or more ADEPTUS MECHANICUS units from your army (including units that are embarked within Transports). The maximum number of units you can select depends on the battle size, as follows:¶INCURSION:1 UNITSTRIKE FORCE2 UNITSONSLAUGHT3 UNITS¶Until the start of your next Command phase, those units gain the HALO OVERRIDE keyword. Then, select one of the Override abilities below. Until the start of your next Command phase, units from your army with the HALO OVERRIDE keyword have the selected Override ability:¶Electromotive Energisation¶Add 2"" to the Move characteristic of models in this unit.¶Microactuator Bracing¶Add 1 to the Toughness characteristic of models in this unit.¶Predation Protocols¶This unit is eligible to declare a charge in a turn in which it Advanced.¶Muted Servomotors¶Models in this unit have the Stealth ability."
000010746|AdM|000001143|Eradication Cohort|Murderous Imperative|Each time a model in a Skitarii unit from your army makes an attack:¶• If the Protector Imperative is active for that unit, re-roll a Hit roll of 1.¶• If the Conqueror Imperative is active for that unit, re-roll a Wound roll of 1.
000010870|AdM|000001158|Cohort Acquisitus|Noospheric Recon|"• Friendly PTERAXII/INFILTRATORS/RANGERS/SERBERYS RAIDERS/ SERBERYS SULPHURHOUNDS units have RECON AUGURY.¶• Friendly RECON AUGURY units have the following ability:¶Enhanced Augurs: In your Shooting phase, this unit can select one visible enemy unit within 12"". That enemy unit is analysed:¶• While a unit is analysed, that unit has +3"" detection range."
000010874|AdM|000001159|Lords of the Forge|War-Form Mantles|"Friendly TECH-PRIEST models have:¶• 4+ InSv.¶• Feel No Pain 5+.¶Friendly TECH-PRIEST models have the following ability:¶Baffling Data Screed: In your Shooting phase, when this unit is selected to shoot, if this unit is not battle-shocked, you can use this ability. If you do, roll one D6:¶• On a 2+, select one enemy VEHICLE unit within 12"" of this unit. That enemy unit makes a battle-shock roll, with -1 to that battle-shock roll. A unit cannot be selected for this ability more than once per turn.¶• Or: On 2+, those ranged attacks do not prevent this unit from being hidden."
000010878|AdM|000001160|Luminen Auto-choir|Cyber-Static Canticles|• Friendly CORPUSCARII units’ ranged attacks have [LETHAL HITS].¶• When a friendly FULGURITE unit has fought, that unit heals D3 wounds.¶This detachment has the DATA-PSALM tag and cannot be taken with another DATA-PSALM detachment.
000009768|AE|000000990|Armoured Warhost|Skilled Crews|Friendly AELDARI VEHICLE units’ ranged attacks have [ASSAULT].
000009898|AE|000001017|Warhost|Martial Grace|"• At the start of the battle round, you receive 1 additional Battle Focus token.¶• Each time a unit from your army performs the Swift as the Wind Agile Manoeuvre, until the end of the phase, add an additional 1"" to the Move characteristic of models in that unit.¶• Each time a unit from your army performs an Agile Manoeuvre that involves rolling a D6, add 1 to the result."
000009902|AE|000001018|Windrider Host|Ride the Wind|In the Declare Battle Formations step you can set up Asuryani Mounted and Vyper units from your army in Reserves. During the battle, such units can be set up on the battlefield as if they were arriving from Strategic Reserves. For the purposes of setting up ASURYANI MOUNTED or VYPER units from your army on the battlefield, treat the current battle round number as being one higher than it actually is.¶In addition, at the end of your opponent’s turn, you can select a number of ASURYANI MOUNTED or VYPER units from your army (excluding units within Engagement Range of one or more enemy units), then remove those units from the battlefield and place them into Strategic Reserves. The maximum number of units you can select depends on the battle size, as shown below.¶BATTLE SIZENUMBER OF UNITSIncursion1Strike Force2Onslaught3¶KEYWORDS¶Windriders units from your army gain the BATTLELINE keyword.
000009906|AE|000001019|Spirit Conclave|Shepherds of the Dead|"Each time an Asuryani Psyker model from your army is destroyed by an enemy unit, that enemy unit gains a Vengeful Dead token. Each time a Wraith Construct model from your army makes an attack that targets a unit with one or more Vengeful Dead tokens, add 1 to the Hit roll and add 1 to the Wound roll.¶ASURYANI PSYKER models from your army have the following ability:¶Spirit Guides (Aura): While a Wraithblades, Wraithguard or Wraithlord unit from your army is within 12"" of this model, that unit has the Battle Focus ability.¶KEYWORDS¶WRAITHBLADES and WRAITHGUARD units from your army gain the BATTLELINE keyword."
000009910|AE|000001020|Guardian Battlehost|Defend at All Costs|Each time a Dire Avenger, Guardian, Support Weapon or War Walker model from your army makes an attack, if that model’s unit and/or the target unit are within range of one or more objective markers, add 1 to the Hit roll.
000009914|AE|000001021|Ghosts of the Webway|Acrobatic Onslaught|Each time a Harlequins model from your army makes a Charge move, it can move through enemy models.¶TRAVELLING PLAYERS¶• Troupe units from your army gain the BATTLELINE keyword and TROUPE models in those units have an Objective Control characteristic of 2.¶• You can include up to three of each of the following models in your army: Death Jester, Shadowseer, Troupe Master.¶• When mustering your army, you can select a friendly HARLEQUINS CHARACTER model to be your WARLORD.
000009918|AE|000001022|Devoted of Ynnead|Strength from Death|"You can use the following rules:¶Lethal IntentAt the end of your opponent’s Shooting phase, if one or more YNNARI units from your army were destroyed this phase, select one YNNARI INFANTRY or YNNARI MOUNTED unit from your army that was within 6"" of your destroyed unit. That unit can make a normal move of up to D6+1.Lethal SurgeOnce per turn, when a YNNARI unit from your army performs the Fade Back Agile Manouvre, it can make a surge move of up to D6+1"" instead of a normal move.Lethal ReprisalAt the start of the Fight phase, select one YNNARI unit from your army (excluding TITANIC units) that is below its Starting Strength. Until the end of the phase, that unit has the Fights First ability.¶SERVANTS OF THE WHISPERING GOD¶• You can include Ynnari units in your army, even though they do not have the ASURYANI Faction keyword.¶• Asuryani units (excluding Epic Heroes) from your army gain the YNNARI keyword.¶• You must include Yvraine and/or The Yncarne in your army, and one of those models must be your WARLORD."
000009922|AE|000001023|Seer Council|Strands of Fate|At the start of the first battle round, you generate Fate dice by rolling a number of D6 based on the battle size, as shown below. Keep your Fate dice to one side - this is your Fate dice pool.¶BATTLE SIZENUMBER OF D6Incursion3Strike Force6Onslaught9¶Each time you use one of the Stratagems below, if your Fate dice pool contains one or more Fate dice showing the corresponding value in the table below, you can discard one of those corresponding Fate dice. If you do, reduce the CP cost of that usage of that Stratagem by 1CP.¶STRATAGEMFATE DICE VALUEPresentiment of Dread1Forewarned2Unshrouded Truth3Fate Inescapable4Isha’s Fury5Psychic Shield6
000009926|AE|000001024|Aspect Host|Path of the Warrior|Each time an Aspect Warriors or Avatar of Khaine unit from your army is selected to shoot or fight, select one of the following abilities for it to gain until the end of the phase:¶• Each time a model in this unit makes an attack, re-roll a Hit roll of 1.¶• Each time a model in this unit makes an attack, re-roll a Wound roll of 1.
000010648|AE|000001124|Serpent’s Brood|Boons of the Brood|Weapons equipped by Harlequins Mounted and Harlequins Vehicle models from your army have the [SUSTAINED HITS 1] ability.¶Each time a Harlequins unit from your army disembarks from a Transport, until the end of the turn, that unit’s weapons have the [SUSTAINED HITS 1] ability.¶TRAVELLING PLAYERS¶• Troupe units from your army gain the BATTLELINE keyword, and TROUPE models in those units have an Objective Control characteristic of 2.¶• You can include up to three of each of the following models in your army: Death Jester, Shadowseer, Troupe Master.¶• When mustering your army, you can select a friendly HARLEQUINS CHARACTER model to be your WARLORD.
000010697|AE|000001135|Eldritch Raiders|Yriel’s Own|AELDARI units in your army are eligible to declare a charge in a turn in which they Advanced. In addition, each time an Anhrathe, Rangers or Shroud Runners unit from your army Advances, you can re-roll the Advance roll.
000010698|AE|000001135|Eldritch Raiders|Veterans of the Void|Each time you add an Anhrathe unit to your army, it can be given up to one Corsair Enhancement. Each Corsair Enhancement included in your army must be unique. If a unit is given a Corsair Enhancement, you must increase the points cost of that unit by the amount shown. If this causes your army to exceed the points limit for the battle you are playing, you cannot include that unit in your army.
000010702|AE|000001136|Corsair Coterie|Relentless Raiders|While an objective marker is under your control, each time an enemy unit ends a Normal, Advance, Fall Back or Charge move within range of that objective marker, roll one D6: on a 2+, that enemy unit suffers D3 mortal wounds.¶Anhrathe units from your army have the following ability:¶Void Thieves: At the end of a phase, if this unit is within range of an objective marker you control, that objective marker remains under your control until your opponent’s Level of Control over that objective marker is greater than yours at the end of a phase.
000010703|AE|000001136|Corsair Coterie|Veterans of the Void|Each time you add an Anhrathe unit to your army, it can be given up to one Corsair Enhancement. Each Corsair Enhancement included in your army must be unique. If a unit is given a Corsair Enhancement, you must increase the points cost of that unit by the amount shown. If this causes your army to exceed the points limit for the battle you are playing, you cannot include that unit in your army.
000011043|AE|000001201|Fateful Performance|Acrobatic Onslaught|While a friendly HARLEQUINS unit is making a charge move, that unit can move through enemy models.¶This detachment has the ACROBATIC tag and cannot be taken with another ACROBATIC detachment.
000011047|AE|000001202|Path of the Outcast|Far-Reaching Doom|"When a friendly RANGERS/SHROUD RUNNERS unit is selected to shoot, enemy units have +6"" detection range until that friendly unit has shot."
000011051|AE|000001203|Twilight Flickers|Dance of Distortion|Friendly HARLEQUINS units have Stealth.¶This detachment has the ACROBATIC tag and cannot be taken with another ACROBATIC detachment.
000008379|AM|000000760|Combined Arms|Born Soldiers|Each time a model in a Regiment unit from your army makes a ranged attack that targets a visible unit (excluding MONSTERS and VEHICLES), that attack has the [LETHAL HITS] ability.¶Each time a model in a Squadron unit from your army makes a ranged attack that targets a visible MONSTER or VEHICLE unit, that attack has the [LETHAL HITS] ability.
000009799|AM|000000996|Bridgehead Strike|Fire Zone Purge|• If a friendly MILITARUM TEMPESTUS OFFICER model is your WARLORD, friendly TEMPESTUS SCIONS units have:¶• BATTLELINE.¶• +1 OC.¶• When a friendly MILITARUM TEMPESTUS unit is selected to shoot, if that unit was set up this turn, that unit’s ranged attacks have +1 to hit rolls.
000009856|AM|000001010|Siege Regiment|Artillery Support|"At the start of the battle round, select one of the following types of artillery support.¶• Creeping Barrage: Roll one D6 for each enemy unit that is more than 12"" from every model from your army that is on the battlefield: On a 5+, until the end of the battle round, that unit is shaken. While a unit is shaken, subtract 2"" from its Move characteristic and subtract 2 from Charge rolls made for it. The maximum number of units that can be shaken by this rule in each battle round depends on the battle size, as shown below.¶• Incendiary Bombardment: Select a number of enemy units more than 12"" from every model from your army that is on the battlefield. Until the end of the battle round, those enemy units are scattered. While a unit is scattered, it cannot have the Benefit of Cover. The maximum number of units you can select in this way depends on the battle size, as shown below.¶• Smoke Shells: Select a number of units from your army. Until the end of the battle round, those units have the Stealth ability.¶BATTLE SIZEMAXIMUM NUMBER OF UNITSIncursion2Strike Force3Onslaught4"
000009860|AM|000001011|Mechanised Assault|Armoured Fist|Each time an ASTRA MILITARUM model from your army makes a ranged attack in a turn in which it disembarked from a Transport, add 1 to the Wound roll.
000009864|AM|000001012|Hammer of the Emperor|Iron Tread|"Each time a Squadron unit from your army Advances, do not make an Advance roll for it; until the end of the phase, add 6"" to the Move characteristic of models in that unit, and when making that Advance move, that unit can move within Engagement Range of enemy models but cannot end that move within Engagement Range of enemy models."
000009868|AM|000001013|Recon Element|Masters of Camouflage|Friendly ASTRA MILITARUM units (excluding TITANIC units) have Stealth.
000010636|AM|000001121|Grizzled Company|Ruthless Discipline|Add 1 to the number of Orders each Astra Militarum Officer model from your army can issue, as stated on their datasheet.¶While an ASTRA MILITARUM unit from your army is affected by an Order, each time a model in that unit makes an attack, re-roll a Hit roll of 1.
000010786|AM|000001149|Steel Hammer|Ceaseless Cannonade|Each time an Astra Militarum Titanic or Astra Militarum Squadron unit from your army is selected to shoot, models in that unit can target enemy units within Engagement Range of that unit (including with Blast weapons), provided no other friendly units are also within Engagement Range of that enemy unit. When doing so, such models do not suffer the penalty to their Hit rolls for being within Engagement Range of one or more enemy units (excluding attacks made with Indirect Fire weapons).¶KEYWORDS¶In the Muster Armies step, you can select one or more ASTRA MILITARUM TITANIC units from your army to gain the CHARACTER keyword.¶Designer’s Note: This means that the selected units can be given Enhancements, and one of them can be selected as your WARLORD.
000010790|AM|000001150|Armoured Infantry|Squadron Command|"Add Squadron to the list of units each Officer unit from your army can issue Orders to. Add the Order below to those listed in the Voice of Command ability.¶ON MY SIGNAL¶The most effective commanders know how and when to make use of their armoured fighting vehicles’ speed.This Order can only be issued to Armoured Skirmisher units (see below). Each time an enemy unit ends a Normal or Advance move within 8"" of this unit, this unit can make a Normal move of up to D6"". Each unit can only move in this way once per turn.¶KEYWORDS¶Astra Militarum Squadron units from your army have the ARMOURED SKIRMISHER keyword (excluding Artillery units and units containing one or more models with a Wounds characteristic of 13 or higher)."
000010911|AM|000001161|Abhuman Auxiliaries|Absolutist Principles|• Friendly BULLGRYN SQUAD/OGRYN SQUAD/RATLINGS units have ABHUMAN.¶• Friendly COMMISSAR models can:¶• Issue the Take Aim! Order.¶• Issue 1 Order to a friendly ABHUMAN unit.¶This detachment has the ABHUMAN tag and cannot be taken with another ABHUMAN detachment.
000010915|AM|000001163|Designation Force|Designated Targets|"Friendly SCOUT SENTINEL/ASTRA MILITARUM INFANTRY SMOKE units have the following ability:¶Signal Flares: In your Shooting phase, this unit can select one visible enemy unit within 12"". That enemy unit is designated:¶• While a unit is designated, that unit has +3"" detection range.¶This detachment has the RECON tag and cannot be taken with another RECON detachment."
000009125|AoI|000000892|Ordo Xenos Alien Hunters|Deathwatch Mission Tactics|At the start of your Command phase, you can select one of the Mission Tactics listed below. Until the start of your next Command phase, that Mission Tactic is active and its effects apply to all DEATHwATCH units from your army. Each Mission Tactic can only be selected once per battle.Furor TacticsThe warriors of the Deathwatch are often sorely outnumbered by swarming foes, yet by striking for maximum indiscriminate carnage they soon even the odds.While this Mission Tactic is active, weapons equipped by DEATHWATCH units from your army have the [SUSTAINED HITS 1] ability.Malleus TacticsEven the largest behemoth has a weak point, and the Deathwatch find them all.While this Mission Tactic is active, weapons equipped by DEATHWATCH units from your army have the [LETHAL HITS] ability.Purgatus TacticsAdopting Purgatus tactics, the Deathwatch focus their ire upon the commanders of the enemy host.While this Mission Tactic is active, each time a DEATHWATCH model from your army makes an attack, on a Critical Wound, that attack has the [PRECISION] ability.
000009129|AoI|000000893|Ordo Hereticus Purgation Force|Root out Heresy|Ranged weapons equipped by ADEPTUS ARbITES, INqUISITOR, INqUISITORIAl AGENTS and ORDO HERETICUS models from your army have the [IGNORES COvER] ability.¶Each time an ADEPTUS ARBITES, INQUISITOR, INQUISITORIAL AGENTS or ORDO HERETICUS model from your army makes an attack that targets a CHAOS unit containing 5 or more models, that attack has the [SUSTAINED HITS 1] ability.
000009133|AoI|000000894|Ordo Malleus Daemon Hunters|Destroy the Daemonic|Each time an INqUISITOR, INqUISITORIAl AGENTS or ORDO MAllEUS model from your army makes an attack, re-roll a Hit roll of 1 and, if the target of that attack is a DAEMON unit, re-roll a Wound roll of 1 as well.
000009137|AoI|000000895|Imperialis Fleet|At all Costs|At the start of your Command phase, you can select one of the following to apply:Eliminate At All CostsSelect one enemy unit on the battlefield. Until the start of your next Command phase, each time an AGENTS OF THE IMPERIUM model from your army makes an attack that targets that enemy unit, add 1 to the Hit roll.Acquire At All CostsSelect one objective marker on the battlefield. Until the start of your next Command phase, while an AGENTS OF THE IMPERIUM unit from your army is within range of that objective marker, improve the Leadership and Objective Control characteristics of models in that unit by 1 and models in that unit have a 5+ invulnerable save.
000009756|AoI|000000987|Veiled Blade Elimination Force|Extremis Sanction|Officio Assassinorum units from your army can use the Overkill, Soulless Horror and Shieldbreaker abilities twice per battle, instead of once per battle (but cannot use such an ability more than once in the same battle round).¶When mustering your army, each OFFICIO ASSASSINORUM unit from your army has the relevant Extremis ability shown on the right, and you must increase the points cost of each of those units by the amount shown. If this causes your army to exceed the points limit for the battle you are playing, you cannot include that unit in your army.
000008468|AS|000000791|Hallowed Martyrs|The Blood of Martyrs|Each time an ADEPTA SORORITAS model from your army makes an attack, add 1 to the Hit roll if that model’s unit is below its Starting Strength, and add 1 to the Wound roll as well if that model’s unit is Below Half-strength.
000009028|AS|000000878|Penitent Host|Desperate for Redemption|"At the start of the battle round, you can select one of the following Vows of Atonement to be active for your army until the start of the next battle round. You can only select each Vow of Atonement once per battle.The Path of the PenitentWith psalms on their lips, the faithful hurl themselves forward.Add 3"" to the Move characteristic of PENITENT models from your army.Absolution in BattleThe penitents smite the Emperor's foes with unmatched zeal.Each time a unit from your army is selected to fight, if that unit made a Charge move this turn, until the end of the phase, add 1 to the Attacks and Strength characteristics of melee weapons equipped by PENITENT models in that unit.Death Before DisgraceEven the most grievous wound cannot stop a penitent warrior in their quest to earn redemption in the eyes of the Emperor.Each time a PENITENT model from your army is destroyed by a melee attack, if that model has not fought this phase, roll one D6. On a 2+, do not remove it from play; the destroyed model can fight after the attacking unit has finished making its attacks, and is then removed from play."
000009032|AS|000000879|Bringers of Flame|Fervent Purgation|"Ranged weapons equipped by ADEPTA SORORITAS models from your army have the [ASSAULT] ability, and each time an attack made with such a weapon targets a unit within 6"", add 1 to the Strength characteristic of that attack."
000009036|AS|000000880|Army of Faith|Sacred Rites|Each ADEPTA SORORITAS unit from your army can perform up to two Acts of Faith per phase, instead of just one.
000009830|AS|000001003|Champions of Faith|Righteous Purpose|"In your Command phase, you can select up to 3 Adepta Sororitas units from your army (including units that are embarked within Transports), until the start of your next Command phase, those units are Righteous. While a unit is Righteous:¶• Add 1"" to the Move characteristic of models in that unit.¶• Improve the Leadership characteristic of models in that unit by 1.¶• Improve the Weapon Skill and Ballistic Skill characteristics of weapons equipped by Battle Sisters Squad, CELESTIAN INSIDIANTS, Celestian Sacresants and Paragon Warsuits models in that unit by 1.¶Keywords¶While a CELESTIAN SACRESANTS unit from your army is not Battle-shocked, add 1 to the Objective Control characteristic of Celestian Sacresants models in that unit."
000010859|AS|000001155|Chorus of Condemnation|Angelic Judgement|"Friendly ADEPTA SORORITAS INFANTRY FLY units have the following ability:¶Condemnatory Psalms: In your Shooting phase, this unit can select one visible enemy unit within 12"". That enemy unit is condemned:¶• While a unit is condemned, that unit has +3"" detection range."
000010863|AS|000001156|Sacred Champions|Holy Quest|Friendly CELESTIAN units’ attacks have +1 BS and WS.¶This detachment has the REVEREND tag and cannot be taken with another REVEREND detachment.
000010867|AS|000001157|Sanctified Orators|Hymns of Battle|• Enhancements selected from this detachment do not count towards the total number of enhancements in your army.¶• Friendly ADEPTA SORORITAS CHARACTER units have +1 Ld.
000008436|CD|000000779|Daemonic Incursion|Warp Rifts|"Each time a LEGIONES DAEMONICA unit from your army is set up on the battlefield using the Deep Strike ability, if it is set up wholly within your army’s Shadow of Chaos, and/or if it is set up wholly within 6"" of one or more friendly Bloodthirster, Great Unclean One, Kairos Fateweaver, Keeper of Secrets, Lord of Change, Rotigus, Shalaxi Helbane or Skarbrand units with which it shares the KHORNE, TZEENTCH, NURGLE or SLAANESH keyword, it can be set up anywhere that is more than 6"" horizontally away from all enemy models, instead of more than 8""."
000009804|CD|000000997|Legion of Excess|Beguiling Aura|Legiones Daemonica Slaanesh units from your army are eligible to declare a charge in a turn in which they Fell Back.
000009805|CD|000000997|Legion of Excess|Seductive Gambit|Legiones Daemonica Slaanesh units from your army have the following ability:¶Seductive Gambit: Each time this unit ends a Charge move, you can declare it will perform a Seductive Gambit. If you do, until the end of the turn, this unit does not have the Fights First ability, but instead, each time a model in this unit makes an attack, you can re-roll the Hit roll and you can re-roll a Wound roll of 1.
000009809|CD|000000998|Scintillating Legion|Fates in Flux|You start the battle with three Flux tokens (we recommend using a dice to track how many Flux tokens you have). You can spend one Flux token just after an Advance roll, Hit roll, Wound roll, Damage roll, saving throw or Hazardous test is made for a Legiones Daemonica Tzeentch model or LEGIONES DAEMONICA TZEENTCH unit from your army to re-roll the result of that roll, throw or test. Flux tokens can also be spent to enhance the effect of some Stratagems. Each time you spend a Flux token, reduce the number of Flux tokens you have by one and your opponent gains one Flux token.¶Whenever your opponent has one or more Flux tokens, they can spend one Flux token after an Advance roll, Hit roll, Wound roll or saving throw is made for a model or unit from their army, to re-roll the result of that roll or throw. If they do, they reduce the number of Flux tokens they have by one and you gain one Flux token. This is ignored if your opponent has the Fates in Flux Detachment rule.¶In your Command phase, if your opponent has one or more Flux tokens, you gain one Flux token.¶Designer’s Note: When using fast dice rolling, this rule can be used to spend any number of Flux tokens (up to the amount you have), to re-roll a number of dice up to the amount spent, after rolling multiple rolls or saving throws at once.
000009813|CD|000000999|Blood Legion|Murdercall|"In your opponent's movement phase, each time an enemy unit (excluding AIRCRAFT) ends a move within 8"" of one or more LEGIONES DAEMONICA KHORNE units from your army, one of those LEGIONES DAEMONICA KHORNE units can make a surge move of up to D6""."
000009814|CD|000000999|Blood Legion|Blood Tainted|At the end of a phase in which a Legiones Daemonica Khorne unit from your army destroyed an enemy unit that was within range of an objective marker at the start of the phase, if your unit has a higher Level of Control over that objective marker, that objective marker remains under your control until your opponent’s Level of Control over that objective marker is greater than yours at the end of a phase.
000009818|CD|000001000|Plague Legion|Melancholic Miasma|"While an enemy unit is within 9"" of one or more Legiones Daemonica Nurgle units from your army, that enemy unit is within your army’s Shadow of Chaos. In each player’s Command phase, select one enemy unit within your army’s Shadow of Chaos. That unit must take a Battle-shock test."
000009976|CD|000001027|Shadow Legion|Thralls of the First Prince|When mustering your army, you cannot include any Daemon Prince, Daemon Prince with Wings or Epic Hero units (excluding Be’lakor), but you can include the following HERETIC ASTARTES units:¶• Chaos Lord¶• Chaos Lord in Terminator Armour¶• Chaos Lord with Jump Pack¶• Chaos Terminator Squad¶• Chosen¶• Damned units¶• Dark Apostle¶• Havocs¶• Legionaries¶• Master of Possession¶• Possessed¶• Raptors¶• Sorcerer¶• Sorcerer in Terminator Armour¶• Warp Talons¶The combined points value of such units depends on your battle size, as shown below.¶• Incursion: Up to 500 pts¶• Strike Force: Up to 1000 pts¶• Onslaught: Up to 1500 pts¶KEYWORDS¶Be’lakor and Heretic Astartes units from your army gain the SHADOW LEGION and UNDIVIDED keywords.¶Legiones Daemonica units from your army gain the SHADOW LEGION keyword.
000009978|CD|000001027|Shadow Legion|First Prince of Chaos|Units from your army have the relevant abilities presented below.¶MURDERER’S COWLThe most murderous seek not to hide in the Dark Master’s pall. The shadows extend before them, offering a rapid route to slaughter.SHADOW LEGION KHORNE units only. This unit is eligible to shoot and declare a charge in a turn in which it Advanced.PENUMBRAL PUPPETRYMutative agents of change, touched by the Dark Master’s umbral aura, summon illusory magicks to confound and confuse their desperate foes.SHADOW LEGION TZEENTCH units only. This unit has Stealth. Each time a melee attack targets this unit, subtract 1 from the Hit roll.GLOAM ROTBorne upon the gloaming wisp of Be’lakor’s shadow, this debilitating curse atrophies muscle and withers flesh, greatly weakening its victims.SHADOW LEGION NURGLE units only. Each time an attack targets this unit, if the Strength characteristic of that attack is greater than this unit’s Toughness characteristic, subtract 1 from the Wound roll.SHADOW’S CARESSThe Dark Master’s shadow falls across his thralls, masking their approach.SHADOW LEGION SLAANESH units only. Enemy units cannot target this unit with snap shooting attacks.DISCIPLES OF BE’LAKORBe’lakor’s immortal ego draws into his orbit those as yet unclaimed by any one Chaos God. Their hate-filled pacts are made to the entire fell pantheon, and the dangerous boons they receive see them plunged along paths of perpetual night straight into the enemy’s midst.SHADOW LEGION UNDIVIDED units only.¶• This unit has the Dark Pacts army rule, and can use it as described in Codex: Chaos Space Marines, even though your Army Faction is not HERETIC ASTARTES. If this unit is BE’LAKOR, it automatically passes the Leadership test required for Dark Pacts.¶• SHADOW LEGION HERETIC ASTARTES models in this unit have the Deep Strike ability.
000011019|CD|000001175|Cavalcade of Chaos|Unholy Avalanche|If a friendly LEGIONES DAEMONICA MOUNTED unit made a fall-back move this turn, that move does not prevent that unit from being eligible to shoot/eligible to declare a charge.
000011023|CD|000001176|Lords of the Warp|Loci of Power|Friendly LEGIONES DAEMONICA CHARACTER models (excluding MONSTER models) have +1 Ld and OC.
000011027|CD|000001177|Warptide|Shudderblink|When a friendly LEGIONES DAEMONICA BATTLELINE unit is selected to make an advance move:¶• That unit’s ranged attacks have [ASSAULT] until the end of the turn.¶• That move does not prevent that unit from being eligible to declare a charge.
000008362|CSM|000000751|Pactbound Zealots|Marks of Chaos|When mustering your army, when you select a HERETIC ASTARTES unit to include in your army, if that unit is not an EPIC HERO and does not already have one of the following keywords, you must select one for that unit and note it on your Army Roster: KHORNE. TZEENTCH, NURGLE, SLAANESH, CHAOS UNDIVIDED. Each time a unit with one of these keywords gains a weapon ability as the result of a Dark Pact and does not fail the resulting Leadership test, until the end of the phase, that unit gains the associated ability below.¶UNITS THAT GAINED [LETHAL HITS]¶• KHORNE: Each time a model in this unit makes a melee attack, an unmodified Hit roll of 5+ scores a Critical Hit.¶• TZEENTCH: Each time a model in this unit makes a ranged attack, an unmodified Hit roll of 5+ scores a Critical Hit.¶• CHAOS UNDIVIDED: Each time a model in this unit makes an attack, re-roll a Hit roll of 1.¶UNITS THAT GAINED [SUSTAINED HITS 1]¶• NURGLE: Each time a model in this unit makes a ranged attack, an unmodified Hit roll of 5+ scores a Critical Hit.¶• SLAANESH: Each time a model in this unit makes a melee attack, an unmodified Hit roll of 5+ scores a Critical Hit.¶• CHAOS UNDIVIDED: Each time a model in this unit makes an attack, re-roll a Hit roll of 1.¶RESTRICTIONS¶• You cannot select the KHORNE keyword for a Psyker unit.¶• A Character unit can only be attached to a unit if both units share the same keyword from the list above.¶• A unit can only embark within (or start the battle embarked within) a TRANSPORT if both of those units share the same keyword from the list above.
000008959|CSM|000000867|Veterans of the Long War|Focus of Hatred|At the start of your Command phase, select one unit from your opponents army to be your focus of hatred. Until the start of your next Command phase, each time a HERETIC ASTARTES model from your army (excluding DAMNED models) makes an attack that targets your focus of hatred, you can re-roll the Hit roll.
000008963|CSM|000000868|Deceptors|Masters of Misdirection|In the Declare Battle Formations step, you can select a number of LEGIONARIES and CULTIST MOB units from your army:¶until the end of the battle, those units, and any CHARACTER units attached to them (excluding EPIC HEROES), have the Infiltrators ability. The maximum number of units you can select in this way depends on the battle size, as shown below.¶BATTLE SIZENUMBER OF UNITSLEGIONARIESCULTIST MOBSIncursion Up to 2 units Up to 2 units Strike ForceUp to 3 units Up to 3 units OnslaughtUp to 4 units Up to 4 units
000008967|CSM|000000869|Renegade Raiders|Raiders and Reavers|Ranged weapons equipped by HERETIC ASTARTES models from your army have the [ASSAULT] ability, and each time a HERETIC ASTARTES model from your army makes an attack that targets a unit within range of an objective marker, improve the Armour Penetration characteristic of that attack by 1.
000008971|CSM|000000870|Dread Talons|Terror Descends (Aura)|"In the Battle-shock step of your opponent’s Command phase, if an enemy unit that is below its Starting Strength is within 12"" of one or more HERETIC ASTARTES units from your army, that enemy unit must take a Battle-shock test.¶Each time an enemy unit within 12"" of one or more HERETIC ASTARTES units from your army takes a Battle-shock test, subtract 1 from the result.¶Enemy units affected by this Detachment rule do not need to take any other Battle-shock tests in the same phase."
000008975|CSM|000000871|Fellhammer Siege-host|Iron Fortitude|Each time a ranged attack targets a HERETIC ASTARTES unit from your army (excluding DAMNED units), if the Strength characteristic of that attack is greater than the Toughness characteristic of that unit, subtract 1 from the Wound roll.
000008979|CSM|000000872|Chaos Cult|Desperate Devotion|Each time a DAMNED unit from your army with the Dark Pacts ability is selected to make a Normal or Advance move or declare a charge (excluding units that arrived from Reserves this turn), it can make a Desperate Pact (see below). If it does, until the end of the phase, add 2 to the Move characteristic of models in that unit and add 2 to Charge rolls made for that unit.¶Desperate Pacts¶Each time a unit makes a Desperate Pact, it must first take a Leadership test; if that test is failed, that unit suffers D3 mortal wounds before any effects of that Desperate Pact are resolved.
000008980|CSM|000000872|Chaos Cult|KEYWORDS|TRAITOR GUARDSMEN SQUAD units from your army gain the BATTLELINE keyword.
000008984|CSM|000000873|Soulforged Warpack|Debt to the Soul Forge|Each time a HERETIC ASTARTES DAEMON VEHICLE unit from your army makes a Dark Pact, it can invoke its contract. If it does, subtract 1 from the resulting Leadership test when making that Dark Pact, and until the end of the phase:¶• Each time a model in that unit makes a ranged attack, add 1 to the Wound roll.¶• Add 2 to the Attacks characteristic of melee weapons equipped by models in that unit.
000009772|CSM|000000991|Creations of Bile|Experimental Augmentations|"At the start of the battle, select which augmentations are active for Heretic Astartes Infantry models (excluding Damned models) from your army until the end of the battle. To do so, either select one from the list below, or randomly determine two by rolling two D6. If Fabius Bile is your WARLORD, when randomly determining your augmentations, you can re-roll one or both of the dice. Duplicated augmentations have no additional effect.¶Cholinergic Accelerants: Add 1 to the Attacks characteristic of melee weapons equipped by this model.Hyperadrenal Infusion: Add 2"" to the Move characteristic of this model.Paraneural Reactions: Improve the Weapon Skill characteristic of melee weapons equipped by this model by 1.Supracutaneous Chitination: Improve the Toughness characteristic of this model by 1.Macrotensile Sinews: Add 1 to the Strength characteristic of melee weapons equipped by this model.Ophthalmic Enhancement: Improve the Ballistic Skill characteristic of ranged weapons equipped by this model by 1."
000010150|CSM|000001058|Cabal of Chaos|Empyric Wellspring|• In your Shooting phase, when a friendly HERETIC ASTARTES PSYKER unit (excluding DAEMON units) is selected to shoot, if that unit makes a Dark Pact, that unit’s ranged attacks have +1 S.¶• In the Fight phase, when a friendly HERETIC ASTARTES DAEMON PRINCE/DAEMON PRINCE WITH WINGS unit (excluding KHORNE units) is selected to fight, if that unit makes a Dark Pact, that unit’s melee attacks have:¶• +2 S.¶• +1 AP.
000010640|CSM|000001122|Nightmare Hunt|Terror Made Manifest|"In the Battle-shock step of your opponent’s Command phase, if an enemy unit that is below its Starting Strength is within 12"" of one or more HERETIC ASTARTES units from your army, that enemy unit must take a Battle-shock test, subtracting 1 from the result. Enemy units affected by this Detachment rule do not need to take any other Battle-shock tests in the same phase.¶Each time a HERETIC ASTARTES model from your army makes an attack that targets a unit that is Below Half-strength, add 1 to the Hit roll.¶Each time an attack targets a HERETIC ASTARTES unit from your army, if the attacking model is Battle‐shocked, subtract 1 from the Hit roll.¶Each time a HERETIC ASTARTES model from your army makes an attack that targets a Battle‐shocked unit, add 1 to the Wound roll."
000010687|CSM|000001133|Huron’s Marauders|Tyrannical Motivation|In your Command phase, select one of the following abilities. Until the start of your next Command phase, each Heretic Astartes Infantry unit from your army has that ability. At the start of each phase, if such a unit is visible to a friendly Huron Blackheart model, until the end of the phase, it has both of the following abilities.Huron’s EliteHand-picked by Huron Blackheart himself, these warriors strive to retain his favour with feats of arms.Each time a model in this unit makes an attack, add 1 to the Hit roll.Mobile MaraudersThe Red Corsairs utilise a highly mobile form of warfare and, under Huron’s watch, are relentless in their aggression.This unit is eligible to shoot and declare a charge in a turn in which it Fell Back.¶Designer’s Note: If a unit is gaining eligibility to shoot and declare a charge in a turn in which it Fell Back as a result of being visible to Huron Blackheart, but after making a Fall Back move it is no longer visible to Huron Blackheart, that unit will not be eligible to shoot in your Shooting phase or to declare a charge in your Charge phase unless it is visible again at the start of the respective phase.
000010691|CSM|000001134|Renegade Warband|Slaves to None|HERETIC ASTARTES models from your army lose the Dark Pacts ability.¶Ranged weapons equipped by HERETIC ASTARTES models from your army have the [ASSAULT] ability.¶When mustering your army, you cannot use the Cults of the Dark Gods rule.
000010692|CSM|000001134|Renegade Warband|Vendetta|At the start of your Command phase, select one unit from your opponent’s army. Until the start of your next Command phase, that enemy unit is your Vendetta target. Each time a HERETIC ASTARTES model from your army (excluding Damned models) makes an attack that targets your Vendetta target, you can re-roll the Hit roll.
000010693|CSM|000001134|Renegade Warband|Twisted Doctrine|In your Movement phase, each time you set up or select a HERETIC ASTARTES unit (excluding Battle-shocked units) from your army to move, it can choose to Default to Doctrine. If it does, it must first take a Battle-shock test. Then, select one of the following:¶• Until the end of the turn, this unit is eligible to shoot and declare a charge in a turn in which it Fell Back.¶• Until the end of the turn, this unit is eligible to declare a charge in a turn in which it Advanced.
000010738|CSM|000001141|Warpstrike Champions|Warp Portals|At the end of your opponent’s turn, you can select a number of Heretic Astartes Terminator, Obliterators and Mutilators units from your army (excluding units that are within Engagement Range of one or more enemy units). The maximum number of units you can select depends on the battle size, as follows:¶BATTLE SIZENUMBER OF UNITSIncursionUp to 1 unitStrike ForceUp to 2 unitsOnslaughtUp to 3 units¶Once you have made your selections, remove those units from the battlefield and place them into Strategic Reserves.
000010742|CSM|000001142|Cult of the Arkifane|Soul Forge Boons|Heretic Astartes Vehicle units from your army gain the Daemon keyword.¶Heretic Astartes Vehicle, Lord Discordant and Vashtorr the Arkifane units from your army gain the SOUL FORGE keyword.¶SOUL FORGE units from your army have a 5+ invulnerable save.
000010983|CSM|000001183|Devotees of Destruction|Rain of Ruin|Friendly HAVOCS/OBLITERATORS units’ ranged attacks have [HEAVY].
000010987|CSM|000001184|Murdertalon Raiders|Prey on the Weak|• Friendly HERETIC ASTARTES INFANTRY FLY units’ attacks that target a battle-shocked unit or a unit at or below half-strength can re-roll hit rolls of 1.¶• When an enemy unit’s attacks target a friendly HERETIC ASTARTES INFANTRY FLY unit, if that enemy unit is battle-shocked or at or below half-strength, those attacks have -1 to hit rolls.¶This detachment has the NIGHTMARE tag and cannot be taken with another NIGHTMARE detachment.
000009728|DG|000000980|Flyblown Host|Verminous Haze|In the Declare Battle Formations step, you can select up to two friendly PLAGUE MARINES units. Those units have Infiltrators.¶This detachment has the FLYBLOWN tag and cannot be taken with another FLYBLOWN detachment.
000010122|DG|000001049|Virulent Vectorium|Worldblight|At the end of your Command phase, if a friendly DEATH GUARD unit is controlling an objective, that objective is secured. Until you lose control of that objective, while an enemy unit is within range of that objective, that enemy unit is Afflicted.
000010126|DG|000001050|Mortarion’s Hammer|Miasmic Bombardment|"At the start of the battle round, select a number of enemy units more than 12"" away from every model from your army that is on the battlefield. Until the end of the battle round, those enemy units are Afflicted. The maximum number of units you can select in this way depends on the battle size, as shown below.¶BATTLE SIZEUNITSIncursion1Strike Force2Onslaught3"
000010130|DG|000001051|Champions of Contagion|Manifold Maladies|At the start of the battle round, you can select one of the Plagues listed in Nurgle’s Gift. Until the end of the battle, that is your chosen Plague instead of any previously chosen Plague.
000010134|DG|000001052|Tallyband Summoners|Reverberant Rancidity|"While a Plague Legions unit from your army is within 7"" of one or more DEATH GUARD units from your army, that PLAGUE LEGIONS unit has the Nurgle’s Gift ability.¶While a Death Guard unit from your army is within 7"" of one or more PLAGUE LEGIONS units from your army, add 3"" to that DEATH GUARD units Contagion Range.¶PLAGUE LEGIONS¶You can include Plague Legions units in your army, even though they do not have the DEATH GUARD Faction keyword. The combined points cost of such units you can include in your army is:¶• Incursion: Up to 500 pts¶• Strike Force: Up to 1000 pts¶• Onslaught: Up to 1500 pts¶No PLAGUE LEGIONS models from your army can be your WARLORD."
000010138|DG|000001053|Shamblerot Vectorium|Numberless Horde|In your Command phase in each of the following battle rounds, depending on your chosen battle size, add a new Poxwalkers unit with a Starting Strength of 10 to your army, in Strategic Reserves.¶BATTLE SIZEBATTLE ROUNDSIncursion2,3Strike Force2, 3, 4Onslaught2, 3, 4, 5¶KEYWORDS¶POXWALKERS units from your army gain the BATTLELINE keyword.
000010142|DG|000001054|Death Lord’s Chosen|Deadly Vectors|In your opponent’s Command phase, roll 2D6 for each Afflicted enemy unit, subtracting 1 from the result if that unit is Below Half-strength. If the result is 6 or less, that enemy unit suffers D3 mortal wounds.
000010943|DG|000001168|Contagion Engines|Warped and Rusted Animus|• Friendly FOETID BLOAT-DRONE/FOETID BLOAT-DRONE WITH HEAVY BLIGHT LAUNCHER/HELBRUTE/MYPHITIC BLIGHT-HAULER units have CONTAGION ENGINE.¶• Friendly CONTAGION ENGINE units’ ranged attacks have [ASSAULT].¶This detachment has the ENGINES tag and cannot be taken with another ENGINES detachment.
000010947|DG|000001169|Paragons of Putrescence|Hypervirulent Strains|"Friendly DEATH GUARD CHARACTER units have +3"" to their Contagion Range (to a maximum of 12"")."
000008714|DRU|000000831|Skysplinter Assault|Rain Of Cruelty|Each time a Drukhari unit from your army disembarks from a Transport, until the end of the turn:¶• Ranged weapons equipped by models in that disembarking unit have the [ignores cover] ability.¶• Melee weapons equipped by models in that disembarking unit have the [lance] ability.
000009780|DRU|000000993|Reaper’s Wager|Callous Competition|At the start of the battle, Drukhari units from your army are winning the wager.¶Each time a DRUKHARI unit from your army destroys an enemy unit, DRUKHARI units from your army are winning the wager.¶Each time a Harlequins unit from your army destroys an enemy unit, HARLEQUIN units from your army are winning the wager.¶While DRUKHARI units from your army are winning the wager, HARLEQUIN units from your army are losing the wager, and vice versa.¶Each time a DRUKHARI or HARLEQUINS model from your army makes an attack, if that model’s unit is winning the wager, re-roll a Hit roll of 1. If that model’s unit is losing the wager, re-roll a Hit roll of 1 and re-roll a Wound roll of 1 instead.¶HARLEQUINS¶You can include Harlequins units in your army (see Codex: Aeldari). The combined points cost of such units depends on your battle size:¶• Incursion: Up to 500 pts¶• Strike Force: Up to 1000 pts¶• Onslaught: Up to 1500 pts¶No HARLEQUINS models from your army can be your WARLORD. If you select this Detachment, you cannot use the Corsairs and Travelling Players army rule.
000010572|DRU|000000804|Realspace Raiders|Alliance of Agony|At the start of the battle, you gain 2 Pain tokens for each of the following combinations your army contains (these do not need to be in the same Attached unit):¶• One or more Archon models and one or more Kabalite Warriors units.¶• One or more Succubus models and one or more Wyches units.¶• One or more Haemonculus models and one or more Wracks units.¶Designer’s Note: These are all cumulative, so if your army contains at least one of all of the combinations listed above, you start the battle with 6 Pain tokens.
000010579|DRU|000001113|Spectacle of Spite|Combat Drugs|"At the start of your Command phase, select which Combat Drugs will be active for your army until the start of your next Command phase. To do so, either select one from the list below (you cannot select the same Combat Drug more than once per battle), or randomly select two by rolling two D6. When doing so randomly, Combat Drugs you have previously selected can become active again, but if you randomly select one that is already active for your army, it has no additional effect.¶1. Adrenalight¶Add 1 to the Attacks characteristic of melee weapons equipped by Wych Cult models from your army.¶2. Hypex¶Add 2"" to the Move characteristic of WYCH CULT models from your army.¶3. Serpentin¶Improve the Weapon Skill characteristic of melee weapons equipped by WYCH CULT models from your army by 1.¶4. Painbringer¶Add 1 to the Toughness characteristic of WYCH CULT models from your army.¶5. Grave Lotus¶Add 1 to the Strength characteristic of melee weapons equipped by WYCH CULT models from your army.¶6. Splintermind¶Improve the Leadership characteristic of WYCH CULT models from your army by 1, and improve the Ballistic Skill characteristic of ranged weapons equipped by WYCH CULT models from your army by 1."
000010583|DRU|000001114|Covenite Coterie|Stitchflesh Abominations|Each time an attack targets a Haemonculus Covens unit from your army, if the Strength characteristic of that attack is greater than the Toughness characteristic of your unit, subtract 1 from the Wound roll.
000010587|DRU|000001115|Kabalite Cartel|Murderous Agenda|At the start of the first battle round, select one of the Contracts below, then select one unit from your opponent’s army that matches the ‘Contract’ description in that Contract. Until that Contract is completed, that unit is your Contract unit and Kabal and Blades for Hire units from your army have the ability stated in that Contract. At the start of your Command phase, if your Contract unit is destroyed, that Contract is completed and you gain 3 Pain tokens.¶Trophy Hunters¶Contract: One CHARACTER unit.¶Ability: Each time a KABAL or BLADES FOR HIRE model in this unit makes an attack that targets the Contract unit, that attack has the [precision] ability.¶Sow Fear and Terror¶Contract: One INFANTRY or MOUNTED unit (excluding units containing only CHARACTER models). At the start of your Command phase, this Contract is completed if all non-CHARACTER models in that unit are destroyed.¶Ability: Each time a KABAL or BLADES FOR HIRE model in this unit makes an attack that targets an INFANTRY or MOUNTED unit, that attack has the [sustained hits 1] ability.¶Show of Strength¶Contract: One MONSTER or VEHICLE unit.¶Ability: Each time a KABAL or BLADES FOR HIRE model in this unit makes an attack that targets a MONSTER or VEHICLE unit, that attack has the [lethal hits] ability.
000011031|DRU|000001185|Exhibition of Slaughter|Exacting Cruelty|Friendly WYCH CULT units’ melee attacks have [LETHAL HITS: non-MONSTER/VEHICLE].¶This detachment has the WYCH CULT tag and cannot be taken with another WYCH CULT detachment.
000011035|DRU|000001186|Kabalite Agonysts|Contracted Harvest|Friendly BLADES FOR HIRE/KABAL units’ ranged attacks have [SUSTAINED HITS 1: non-MONSTER/VEHICLE].¶This detachment has the KABAL tag and cannot be taken with another KABAL detachment.
000011039|DRU|000001187|Tools of Torment|Darkest Artifice|Attacks that target friendly CRONOS/TALOS units with a S greater than that unit’s T have -1 to wound rolls.¶This detachment has the COVENS tag and cannot be taken with another COVENS detachment.
000009997|EC|000001033|Mercurial Host|Quicksilver Grace|You can re-roll Advance rolls made for Emperor’s Children units from your army.
000010001|EC|000001034|Peerless Bladesmen|Exquisite Swordsmanship|Each time an Emperor’s Children unit from your army is selected to fight, if it made a Charge move this turn, select one of the abilities below. While resolving those attacks, melee weapons equipped by models in that unit have that ability:¶• [LETHAL HITS]¶• [SUSTAINED HITS 1]
000010005|EC|000001035|Rapid Evisceration|Mechanised Murder|Each time an Emperor’s Children model from your army makes an attack, if it is a Transport model or disembarked from a TRANSPORT this turn, re-roll a Hit roll of 1 and re-roll a Wound roll of 1.
000010009|EC|000001036|Carnival of Excess|Daemonic Empowerment|"• While an Emperor’s Children unit from your army is within 6"" of one or more friendly Legions of Excess units, it is Empowered.¶• While a LEGIONS OF EXCESS unit from your army is within 6"" of one or more friendly EMPEROR’S CHILDREN units, it is Empowered.¶While a unit from your army is Empowered, weapons equipped by models in that unit have the [sustained hits 1] ability. If such a weapon already has that ability, each time an attack is made with that weapon, an unmodified Hit roll of 5+ scores a Critical Hit.¶LEGIONS OF EXCESS¶You can include Legions of Excess units in your army, even though they do not have the EMPEROR’S CHILDREN Faction keyword. The combined points cost of such units you can include in your army is:¶• Incursion: Up to 500 pts¶• Strike Force: Up to 1000 pts¶• Onslaught: Up to 1500 pts¶No LEGIONS OF EXCESS models from your army can be your WARLORD."
000010013|EC|000001037|Coterie of the Conceited|Pledges to the Dark Prince|At the start of the battle round, if your WARLORD is on the battlefield, you must pledge a number to Slaanesh representing how many enemy units will be destroyed this battle round. At the end of the battle round, if the number of enemy units destroyed this battle round is greater than or equal to your pledge, you gain a number of Pact points equal to your pledge. Otherwise, you do not gain any Pact points this battle round and your WARLORD model suffers D3 mortal wounds.¶Emperor’s Children units from your army gain a bonus depending on how many Pact points you have gained during the battle, as shown below (these are all cumulative).¶PACT POINTSBONUS1+Each time a model in this unit makes an attack, re-roll a Hit roll of 1.3+Each time a model in this unit makes an attack, re-roll a Wound roll of 1.5+Melee weapons equipped by models in this unit have the [LETHAL HITS] and [SUSTAINED HITS 1] abilities.7+Each time a model in this unit makes an attack, a Critical Hit is scored on an unmodified Hit roll of 5+.
000010017|EC|000001038|Slaanesh’s Chosen|Internal Rivalries|Emperor’s Children Character units from your army can ignore any or all modifiers to their Move characteristic and any or all modifiers to Advance and Charge rolls made for them.¶At the start of the battle, your WARLORD’s unit is your army’s Favoured Champions. The first time in each player’s turn that an EMPEROR’S CHILDREN CHARACTER unit from your army destroys an enemy unit, after resolving all of its attacks, that CHARACTER unit becomes your army’s new Favoured Champions, replacing the old one.¶Each time a model in your army’s Favoured Champions unit makes an attack, you can re-roll the Wound roll.
000010652|EC|000001125|Court of the Phoenician|Sensational Performance|Emperor’s Children units from your army have the following ability:¶Sensational Performance: Each time this unit is selected to fight, if this unit made a Charge move this turn, it can use this ability. If it does, until the end of the phase:¶• This unit cannot target a unit it was within Engagement Range of at the start of the turn.¶• This unit cannot target a unit that was the target of another unit’s attack this phase.¶• Improve the Strength and Armour Penetration characteristics of this unit’s melee weapons by 1.
000010653|EC|000001125|Court of the Phoenician|Master of the Pageant|Once per battle round, when you target a Fulgrim unit from your army with the Sinuous Breach or Prideful Superiority Stratagem, you can reduce the CP cost of that use of that Stratagem by 1CP.
000010951|EC|000001180|Elegant Brutes|Eager to Kill|When a friendly EMPEROR’S CHILDREN TERMINATOR unit is set up, that unit has +1 to charge rolls until the end of the turn.
000010955|EC|000001181|Frenzied Host|Frantic Focus|When a friendly EMPEROR’S CHILDREN BATTLELINE unit is selected to make an advance/fall-back move, that unit’s attacks have +1 S until the end of the turn.¶This detachment has the HOST tag and cannot be taken with another HOST detachment.
000010959|EC|000001182|Spectacle of Slaughter|Entitled to Victory|Friendly FLAWLESS BLADES units have Fights First
000009066|GC|000000884|Host of Ascension|A Perfect Ambush|Each time a GENESTEALER CULTS unit from your army is set up on the battlefield as Reinforcements, until the end of your next Fight phase, weapons equipped by models in that unit have the [SUSTAINED HITS 1] and [IGNORES COVER] abilities.
000009070|GC|000000885|Xenocreed Congregation|Unquestioning Fanaticism|For each ACOLyTE HybRIDS, HybRID METAmORPHS and NEOPHyTE HybRIDS unit from your army, while one or more CHARACTER models are leading that unit, you can re-roll Advance and Charge rolls made for it. If that CHARACTER model is a MAgUS, PRImUS or ACOLyTE ICONwARD, that model has the Feel No Pain 3+ ability while leading that unit.
000009074|GC|000000886|Biosanctic Broodsurge|Hypermorphic Fury|Add 1 to Charge rolls made for AbERRANTS, BIOPHAgUS and PURESTRAIN GENESTEALERS units from your army. In addition, each time such a unit is selected to fight, if it made a Charge move this turn, until the end of the phase, add 1 to the Attacks characteristic of melee weapons equipped by models in that unit.
000009078|GC|000000887|Outlander Claw|Rapid Takeover|While a GENESTEALER CULTS MOUNTED/VEHICLE model from your army is not Battle-shocked, add 1 to its Objective Control characteristic. In addition, at the end of your Command phase, if one or more ATALAN JACKALS units from your army are within range of an objective you control, that objective remains under your control until your opponent’s Level of Control over that objective marker is greater than yours at the end of a phase.
000009082|GC|000000888|Brood Brother Auxilia|Integrated Tactics|"Each time an ASTRA MILITARUm unit from your army (see below) is selected to shoot, you can select one enemy unit within 18"" of and visible to that unit. If you do, until the end of the phase, models in that ASTRA MILITARUM unit can only target that enemy unit (and only if it is an eligible target) and that enemy unit is caught in overlapping fire. While an enemy unit is caught in overlapping fire, each time a GENESTEALER CULTS model from your army targets that enemy unit with a ranged attack, add 1 to the Hit roll."
000009083|GC|000000888|Brood Brother Auxilia|BROOD BROTHERS|You can include ASTRA MILITARUm units in your army, even though they do not have the GENESTEALER CULTS Faction keyword. The combined points cost of such units you can include in your army is:¶• Incursion: Up to 500 pts¶• Strike Force: Up to 1000 pts¶• Onslaught: Up to 1500 pts¶A GENESTEALER CULTS model must be your WARLORD, and ASTRA MILITARUM models from your army lose the Voice of Command ability if they have it. You cannot include units with any of the following keywords in your army using this rule: AIRCRAFT; COMMISSAR; EPIC HERO; MILITARUM TEMPESTUS; OGRYN; RATLING; TECH-PRIEST ENGINSEER; MINISTORUM PRIEST.
000009826|GC|000001002|Final Day|Psionic Parasitism|"At the end of your Movement phase, for each Tyranids Synapse unit from your army, you can select one friendly Genestealer Cults unit (excluding Purestrain Genestealer and Patriarch units) and one friendly Tyranids unit each within 9"" of and visible to that SYNAPSE unit. If you do, that GENESTEALER CULTS unit from your army suffers D3+1 mortal wounds and one model in the selected TYRANIDS unit regains up to that many lost wounds and until the start of your next Movement phase, each time a model in the selected TYRANIDS unit makes an attack, add 1 to the Hit roll.¶TYRANIDS units from your army have the following ability:¶Catalyst (Aura): While an enemy unit is within 6"" of this unit, each time a friendly GENESTEALER CULTS unit makes an attack that targets that enemy unit, add 1 to the Hit roll.¶The Star Children’s Blessings¶You can include Tyranids Vanguard Invader units (excluding AIRCRAFT, BROODLORD and GENESTEALERS units) in your army. The combined points cost of such units depends on your battle size:¶• Incursion: Up to 500 pts¶• Strike Force: Up to 1000 pts¶• Onslaught: Up to 1500 pts¶No TYRANIDS models from your army can be your WARLORD."
000010899|GC|000001188|Heroes of the Uprising|Killer Reputation|Friendly KELERMORPH/LOCUS/REDUCTUS SABOTEUR/SANCTUS models have KILLER.¶Friendly KILLER models’ attacks can:¶• Re-roll hit rolls of 1.¶• Re-roll wound rolls of 1
000010903|GC|000001189|Purestrain Broodswarm|Enemy Within|At the end of your opponent’s Fight phase, friendly unengaged PURESTRAIN GENESTEALER units can be placed in strategic reserves.¶This detachment has the PURESTRAIN tag and cannot be taken with another PURESTRAIN detachment.
000010907|GC|000001190|Xenocult Masses|Hordes of the Faithful|In your Command phase, if a friendly NEOPHYTE HYBRIDS unit is within a terrain area, that unit heals 3 wounds.¶This detachment has the HOSTS tag and cannot be taken with another HOSTS detachment.
000009776|GK|000000992|Warpbane Task Force|Hallowed Ground|"Certain areas of the battlefield are within your army’s Hallowed Ground, as follows:¶• Your deployment zone is always within your army’s Hallowed Ground.¶• The area of the battlefield within 6"" of one or more Purifier Squad units from your army is within your army’s Hallowed Ground.¶• At the start of any phase, if you control at least half of the objective markers within No Man’s Land, until the end of that phase, No Man’s Land is within your army’s Hallowed Ground.¶• At the start of any phase, if you control at least half of the objective markers within your opponent’s deployment zone, until the end of that phase, your opponent’s deployment zone is within your army’s Hallowed Ground.¶Each time a model in a GREY KNIGHTS unit from your army makes a ranged attack that targets a visible target or makes a melee attack, re-roll a Hit roll of 1. If that unit is a PURIFIER SQUAD and/or is wholly within your army’s Hallowed Ground, you can re-roll the Hit roll instead."
000010347|GK|000001081|Brotherhood Strike|Fury of Titan|Each time a unit from your army is set up using the Deep Strike ability, until the end of the turn, each time a model in that unit makes an attack, re-roll a Hit roll of 1 and re-roll a Wound roll of 1.
000010351|GK|000001082|Hallowed Conclave|Duty Before All|Grey Knights Terminator units from your army are eligible to shoot and declare a charge in a turn in which they Fell Back.
000010355|GK|000001083|Banishers|Channelled Force|Each time a Grey Knights unit from your army is selected to fight, that unit can take a Leadership test. If that test is passed, select one of the following rules. Until the end of the phase, that unit has that rule.¶• Melee weapons equipped by models in this unit with the [psychic] ability also have the [sustained hits 1] ability.¶• Melee weapons equipped by models in this unit with the [psychic] ability also have the [LETHAL HITS] ability.
000010359|GK|000001084|Sanctic Spearhead|Mailed Fist|"Each time a Grey Knights Vehicle unit from your army Advances, do not make an Advance roll for it; until the end of the phase, add 6"" to the Move characteristic of models in that unit, and until the end of the turn, ranged weapons equipped by models in that unit have the [ASSAULT] ability."
000010363|GK|000001085|Augurium Task Force|Prescient Redeployment|From the second battle round onwards, at the start of your Movement phase, if you did not select the maximum number of Grey Knights units from your army using the Gate of Infinity ability at the end of your opponent’s previous turn, you can select one GREY KNIGHTS unit from your army that is on the battlefield that could have been selected using the Gate of Infinity ability. Remove that unit from the battlefield and place it into Strategic Reserves.¶Designer’s Note: This means that your unit can retain its position on the battlefield at the end of your Command phase, and then be placed into Strategic Reserves at the start of your Movement phase, to set it up again in your Reinforcements step in another position.
000010919|GK|000001216|Argent Assault|Dauntless Champions|When a friendly PALADIN SQUAD unit is selected to fight, if the S of those attacks is lower than the T of the target, those attacks have +1 to wound rolls.
000010923|GK|000001217|Fires of Purgation|Searing Soulflame|When you select a unit to be pinned by a friendly PURGATION SQUAD unit’s Righteous Persecution ability, that enemy unit makes a battle-shock roll, with -1 to that battle-shock roll.
000010927|GK|000001218|Immaterial Interdiction|Echojump|"In your Shooting phase, when a friendly INTERCEPTOR SQUAD unit has shot, you can use this ability. If you do:¶• That unit cannot use its Personal Teleporters ability.¶• That unit can make a surge move of up to D6+1""."
000009822|LoV|000001001|Hearthband|Methodical Annihilation|Each time a Leagues of Votann model from your army makes an attack with a weapon that targets the closest eligible target or a target that is within Engagement Range of that model’s unit:¶• Re-roll a Wound roll of 1.¶• If your unit is a Kâhl, Einhyr Hearthguard or Ûthar the Destined unit, improve the Armour Penetration characteristic of that attack by 1.
000010434|LoV|000001096|Needgaârd Oathband|Martial Leverage|Each time an enemy unit is destroyed, you gain 1YP.
000010438|LoV|000001097|Persecution Prospect|Assailed From Every Angle|"Leagues of Votann units from your army have the following ability:¶Guerrilla Adepts: In your Shooting phase, just after this unit is selected to shoot, this unit can use this ability. If it does, select one enemy unit (excluding MONSTERS and VEHICLES). Until the end of the phase, attacks made by models in this unit can only target that enemy unit (and only if it is an eligible target) and, after resolving those attacks, if one or more of those attacks hit that enemy unit, until the start of your next Shooting phase, that enemy unit is assailed (this simply labels that unit for the purposes of this ability and some Enhancements and Stratagems). If that unit is already assailed, until the start of your next Shooting phase, it is also pinned. While a unit is pinned, subtract 2"" from its Move characteristic and subtract 2 from Charge rolls made for it."
000010442|LoV|000001098|Dêlve Assault Shift|Fury From The Dêlve|Cthonian Beserks units from your army have the Deep Strike ability.¶KEYWORDS¶CTHONIAN BESERKS units from your army gain the BATTLELINE keyword.
000010446|LoV|000001099|Brandfast Oathband|Mobile Sensor Relays|"Leagues of Votann Transport units from your army have the following ability:¶Firebase Control (Aura): While a friendly Leagues of Votann Infantry unit is wholly within 6"" of this TRANSPORT, ranged weapons equipped by models in that INFANTRY unit have the [sustained hits 1] ability."
000010450|LoV|000001100|Hearthfyre Arsenal|Optimal Application|At the end of your Command phase, you gain 1YP for each objective marker you control that is not within your deployment zone and has one or more Iron-master and/or Memnyr Strategist models from your army within range of it (to a maximum of 2YP gained from this Detachment rule per turn).¶In your Shooting phase, each time a Brôkhyr, Ironkin Steeljacks or Arkanyst Evaluator unit from your army is selected to shoot, you can spend 1YP. If you do, until the end of the phase, each time a model in that unit makes an attack, re-roll a Hit roll of 1.
000010707|LoV|000001137|Mercenary Oathband|Ruthless Reinvestment|Your Leagues of Votann units do not have the Hostile Acquisition or Fortify Takeover abilities except as described in this rule. At the start of the battle, your LEAGUES OF VOTANN units have the Hostile Acquisition ability. At the end of your Command phase, you can spend 3YP. If you do, LEAGUES OF VOTANN units from your army lose the Hostile Acquisition ability and gain the Fortify Takeover ability, or vice versa.
000011055|LoV|000001194|Armoured Trailblazers|Sagitaur Spearhead|"Friendly SAGITAUR units have Scouts 6""."
000011059|LoV|000001195|Farseekers|Eye of the Hunt|"Friendly HERNKYN units’ ranged attacks that target a unit within 12"" have +1 to hit rolls."
000011063|LoV|000001196|Hearthguard Covenant|Avatars of the Ancestors|"Friendly KÂHL/EINHYR CHAMPION/EINHYR HEARTHGUARD/ÛTHAR THE DESTINED units’ ranged attacks that target a unit within 9"" can re-roll wound rolls of 1.¶This detachment has the HEARTHGUARD tag and cannot be taken with another HEARTHGUARD detachment."
000008370|NEC|000000756|Awakened Dynasty|Command Protocols|While a Necrons Character model is leading this unit, each time a model in this unit makes an attack, add 1 to the Hit roll.
000008542|NEC|000000815|Annihilation Legion|Annihilation Protocol|Each time a DESTROYER CULT or FLAYED ONES unit from your army declares a charge, you can re-roll the Charge roll. If one or more targets of that charge are Below Half-strength, add 1 to the Charge roll as well.¶Each time a DESTROYER CULT unit from your army makes a ranged attack that targets the closest eligible target, add 1 to the Armour Penetration characteristic of that attack.
000008545|NEC|000000816|Canoptek Court|Power Matrix|Certain areas of the battlefield are considered to be within your army’s Power Matrix, as follows:¶• Your deployment zone is always within your army’s Power Matrix.¶• At the start of any phase, if you control at least half of the objective markers within No Man’s Land, until the end of that phase, No Man’s Land is within your army’s Power Matrix.¶• At the start of any phase, if you control at least half of the objective markers within your opponent’s deployment zone, until the end of that phase, your opponent’s deployment zone is within your army’s Power Matrix.¶Each time a model in a CRYPTEK or CANOPTEK unit from your army makes an attack, re-roll a Hit roll of 1. If such a unit is wholly within your army’s Power Matrix, you can re-roll the Hit roll instead.
000008549|NEC|000000817|Obeisance Phalanx|Worthy Foes|In your Command phase, select one enemy unit. Until the start of your next Command phase, each time a Noble, Lychguard or Triarch unit from your army makes an attack that targets that unit, add 1 to the Wound roll.
000008553|NEC|000000818|Hypercrypt Legion|Hyperphasing|At the end of your opponent’s turn, you can select a number of NECRONS units from your army (excluding units that are within Engagement Range of one or more enemy units). The maximum number of units you can select depends on the battle size, as follows:¶BATTLE SIZENUMBER OF UNITSIncursionUp to 1 units Strike ForceUp to 2 units OnslaughtUp to 3 units¶Once you have made your selections, remove those units from the battlefield and place them into Strategic Reserves.
000009748|NEC|000000985|Starshatter Arsenal|Relentless Onslaught|Each time a NECRONS model (excluding Monster models) from your army makes an attack that targets a unit within range of one or more objective markers, add 1 to the Hit roll. In addition, ranged weapons equipped by Necrons Vehicle and Necrons Mounted models (excluding Titanic models) from your army have the [ASSAULT] ability.
000010663|NEC|000001127|Cryptek Conclave|Technosorcerous Augmentations|• Ranged weapons equipped by Cryptek models from your army have the [ASSAULT] ability.¶• In your Shooting phase, each time a Cryptek unit from your army is selected to shoot, select one of the following abilities: [ANTI-INFANTRY 3+], [ANTI-MOUNTED 4+], [ASSAULT], [HEAVY], [IGNORES COVER]. Until the end of the phase, ranged weapons equipped by models in that unit have that ability.
000010667|NEC|000001128|Cursed Legion|Cold Fervour|• Add 2 to the Strength characteristic of weapons equipped by Destroyer Cult models from your army.¶• The first time each turn that a DESTROYER CULT unit from your army makes attacks that destroy a unit or cause it to become Below Half-strength, after that unit has finished resolving its attacks, until the end of the turn, add 2 to the Strength characteristic of weapons equipped by friendly NECRONS models (excluding DESTROYER CULT, Monster and Titanic models).
000010671|NEC|000001129|Pantheon of Woe|Cosmic Distortion|"Necrons Monster units from your army have the following ability:¶Distortion Fields (Aura): While an enemy unit is within 6"" of this unit, it is unravelling. While an enemy unit is unravelling, each time an attack targets that unit, improve the Armour Penetration characteristic of that attack by 1.¶At the start of each phase, for each NECRONS MONSTER unit from your army, that unit can suffer 3 mortal wounds. If it does, until the end of the phase, the range of that unit’s Distortion Fields Aura ability is increased to 9"".¶Designer’s Note: If your army contains more than one Transcendent C’tan unit, each of those units must take the Reletavistic Tether ability.¶RESTRICTIONS¶When mustering your army, each NECRONS MONSTER unit from your army has the relevant Necrodermal Binding ability shown below, and you must increase the points cost of each of those units by the amount shown in the Munitorum Field Manual. If this causes your army to exceed the points limit for the battle you are playing, you cannot include that unit in your army."
000010882|NEC|000001191|Hand of the Dynasty|Hypermotility Protocols|• Friendly IMMORTALS/NECRON WARRIORS units’ ranged attacks have [ASSAULT].¶• When a friendly IMMORTALS/NECRON WARRIORS unit is selected to make an advance move, that move does not prevent that unit from being eligible to start an action.¶This detachment has the DYNASTY tag and cannot be taken with another DYNASTY detachment.
000010886|NEC|000001192|Skyshroud Spearhead|Transdimensional Deployment|• Friendly TOMB BLADES units have Deep Strike.¶• When a friendly TOMB BLADES unit is selected to shoot, if that unit made an ingress move this turn, that unit’s ranged attacks have +1 to hit rolls.
000010890|NEC|000001193|The Phaeron's Armoury|Empowered Engines|"Friendly NECRONS TITANIC FLY units have +6"" M.¶This detachment has the HYPERCRYPT tag and cannot be taken with another HYPERCRYPT detachment."
000008365|ORK|000000852|War Horde|Get Stuck In|Friendly ORKS units’ melee attacks have [Sustained Hits 1].
000008867|ORK|000000853|Da Big Hunt|Da Hunt is On|Friendly Beast Snagga units’ attacks that target a MONSTER/VEHICLE unit have +1 AP.
000008871|ORK|000000854|Kult of Speed|Adrenaline Junkies|• Friendly Warbikers units have BATTLELINE.¶• When a friendly Speed Freeks unit is selected to make an advance/fall-back move:¶• That unit’s ranged attacks have [Assault] until the end of the turn.¶• That move does not prevent that unit from being eligible to declare a charge.
000008875|ORK|000000855|Dread Mob|Try Dat Button!|In your Shooting phase or the Fight phase, when a friendly Orks Walker unit (excluding Titanic units) is selected to attack, you can use this ability. If you do, roll either one D6 or two D6 (keep re-rolling duplicate results). This unit’s attacks have the relevant rule(s):¶TRY DAT BUTTON!D6RESULT1-2+1 A3-4+2 S5-6+1 AP¶If you rolled two D6, when this unit has attacked, this unit makes one hazard roll.
000008880|ORK|000000856|Green Tide|Mob-handed Brutality|• Friendly Boyz units’ melee attacks have [Sustained Hits 1].¶• If a friendly Orks Infantry unit made a charge move this turn, that unit’s melee attacks have [Lethal Hits: non-Monster/Vehicle].
000008884|ORK|000000857|Bully Boyz|Displays of Savagery|Friendly Meganobz/Nobz units’ melee attacks have [Sustained Hits 1].
000009794|ORK|000000995|Taktikal Brigade|Suspiciously Well Organised|• Friendly Stormboyz units have BATTLELINE.¶• When a friendly Boyz/Kommandos/Stormboyz unit is selected to make a fall-back move, that fall-back move does not prevent that unit from being eligible to declare a charge.
000010798|ORK|000001152|Blitz Brigade|Unstoppable Momentum|• Friendly Wagon units can re-roll charge rolls.¶• When a friendly WAGON unit is selected to make an advance move, that unit can change advance rolls to a 6.
000011131|ORK|000001222|Wreckas|Wreckin’ and Lootin’|In your Shooting phase, when a friendly Breaka Boyz/Flash Gitz/Tankbustas unit is selected to shoot, if any of the following apply, that unit’s attacks can re-roll hit rolls of 1:¶• That unit is within range of an objective.¶• The target of that attack is within range of an objective.
000011135|ORK|000001223|Runt Swarm|Sneaky Little Gitz|• Friendly Gretchin units have BATTLELINE.¶• When a friendly GRETCHIN unit is selected to make an advance/fall-back move, that move does not prevent this unit from being eligible to start an action.
000011139|ORK|000001224|Shoota Boyz|Dakka! Dakka! Dakka!|"Friendly Orks Infantry units’ ranged attacks have:¶• [Assault].¶• While this unit is riled up, +3"" R."
000011143|ORK|000001225|Madcap Meks|Unpredictable Genius|"In your Shooting phase, when all of a friendly Big Mek/Mek Gunz/Morkanaut/Wazbom Blastajet unit’s ranged attacks target a single enemy unit, roll one D6:¶UNPREDICTABLE GENIUSD6RESULT1Dat’s Weird: The target unit has 4+ InSv until your unit has shot.2-3Hop Splat: Select one other enemy unit within 3"" of the target. That unit suffers D3 mortal wounds.4Seekerz: Those attacks have +1 to hit rolls.5Lifted: The target unit has FLY, and cannot have the benefit of cover, until your unit has shot.6Runtified: The target unit has -1 T until your unit has shot."
000011147|ORK|000001226|Brute Bosses|’Ard as Nails|When a friendly Warboss model is destroyed, if this unit has not been selected to fight this phase, roll one D6, with +1 to the roll if your unit is riled up:¶• On a 3+, do not remove this WARBOSS model from the battlefield. When this unit has fought, or at the end of the phase (whichever comes first), this WARBOSS model is removed from the battlefield.
000011150|ORK|000001227|Flyboyz|Skyborne Loons|• Friendly Orks Aircraft units do not count towards the combined points value of your strategic reserves units.¶• While a friendly Orks Aircraft/Deffkoptas unit is riled up, this unit’s ranged attacks have +1 to hit rolls.
000011154|ORK|000001228|Wurrband|Powers of da Waaagh!|"Friendly Orks Psyker models’ [Psychic] attacks have:¶• +1 S.¶• +1 S for every 5 models in this unit (or embarked within this model).¶Friendly ORKS PSYKER models have the following psychic abilities:¶Roar of Mork (psychic level 1): In your Movement phase, if this unit is not battle-shocked, you can make a psychic roll for this unit by rolling one D6. If you do:¶• On a 1, this unit is battle-shocked.¶• Select one enemy unit (excluding MONSTER/VEHICLE units) within 12"" of this unit. That enemy unit makes a battle-shock roll, with -1 from that battle-shock roll for every 10 models in this unit.¶Visions of Violence (psychic level 1): At the start of the Fight phase, if this unit is not battle-shocked, you can make a psychic roll for this unit by rolling one D6. If you do:¶• On a 1, this unit is battle-shocked.¶• This unit has Fights First."
000009760|QI|000000988|Questor Forgepact|Cogbound Alliance|"Friendly IMPERIAL KNIGHTS models have the following ability:¶Assisted Targeting (Aura): While a friendly ADEPTUS MECHANICUS unit is within 6"" of this model, that ADEPTUS MECHANICUS unit’s ranged attacks have:¶• +1 BS.¶• [HEAVY].¶Friendly Tech-Priest models have the following ability:¶Sacristan Pledge: In your Command phase, you can select one friendly IMPERIAL KNIGHTS model within 3"" of this model that has not been selected by this ability this phase. If you do, that model heals D3 wounds.¶Mechanicus Allies: You can include Tech-Priest Dominus/Tech-Priest Manipulus/MARSHAL/RANGERS/VANGUARD units in your army. The combined points value of such units cannot exceed 500 points."
000010492|QI|000001106|Valourstrike Lance|Bold Gallantry|Each time an Imperial Knights unit from your army Advances, until the end of the turn, ranged weapons equipped by IMPERIAL KNIGHTS models from your army have the [ASSAULT] ability.
000010496|QI|000001107|Gate Warden Lance|Dauntless Defenders|At the start of the first battle round, select two objectives to be your foundations. Place a circular 40mm foundation marker in each one. When you draw a line from any part of one your foundation markers to any part of the other, if any part of a model’s base (or any part of a model’s hull, for a model without a base) crosses that line, that model’s unit is said to be on your defensive line.¶While an IMPERIAL KNIGHTS unit from your army is on your defensive line, that unit has the following ability:¶Against the Horde: Each time a model in this unit makes an attack that targets a visible enemy unit, you can ignore any or all modifiers to the Hit roll, and weapons equipped by models in this unit have the [SUSTAINED HITS 1] ability.
000010500|QI|000001108|Questoris Companions|Heroes of Legend|At the start of your turn, if your current Oath is fulfilled, determine an additional Oath as described here, with the exception that you cannot select a Deed or Quality you have already selected (if you are randomly selecting the Deed and/or Quality and roll any result that you have already selected, select a Deed or Quality you have not already selected instead). If you cannot determine an additional Oath because you have already selected each Deed and each Quality, do not determine an additional Oath.¶The Qualities from Oaths you have fulfilled continue to apply to all models in your army with the Code Chivalric ability. When the Deed for an additional Oath is completed, you instead gain 1CP, regardless of how you selected the Deed or Quality.
000010501|QI|000001108|Questoris Companions|Valour’s Reward|The Enhancements shown below can become expended. You cannot use such Enhancements while they are expended. Each time you fulfil your Oath, each expended Enhancement is no longer expended.
000010505|QI|000001109|Spearhead-At-Arms|Knightly Teachings|"Each time a model from your army uses its Bondsman ability, if no other model from your army has used that Bondsman ability that turn, you can select up to three friendly Armiger models (instead of one) within 12"" of that model, or within 15"" of that model while your army is Honoured (you still cannot select a model that is already being affected by a Bondsman ability). Until the start of your next Command phase, those models are affected by that Bondsman ability.¶KEYWORDS¶ARMIGER models from your army gain the BATTLELINE keyword."
000010754|QI|000001145|Freeblade Company|Knights of Legend|Imperial Knights models from your army have the Feel No Pain 6+ ability. In addition, at the start of your Command phase, each IMPERIAL KNIGHTS model from your army regains 1 lost wound.
000011003|QI|000001219|Dominus Foebreakers|Rain of Devastation|Friendly IMPERIAL KNIGHTS DOMINUS units’ attacks that target a unit¶in a terrain area have +1 to hit rolls.
000011007|QI|000001167|Throne-Bonded Outriders|Driven from Their Lairs|While a friendly ARMIGER unit is affected by a Bondsman ability, that unit’s ranged attacks have [IGNORES COVER].¶This detachment has the ARMIGERS tag and cannot be taken with another ARMIGERS detachment.
000008518|QT|000000806|Traitoris Lance|Paragons of Terror|At the start of the first battle round, after selecting one or more Dread abilities to be active for your army, you can select one additional Dread ability to be active for your army (this additional Dread ability cannot be randomly selected).
000009764|QT|000000989|Iconoclast Fiefdom|Wretched Thralls|• You can include DAMNED units in your army (see Codex: Chaos Space Marines). The combined points cost of such units cannot exceed 500 points.¶• Friendly DAMNED units can re-roll leadership rolls.
000010303|QT|000001075|Infernal Lance|Malefic Surge|"In your Command phase, one or more Chaos Knights units from your army can make a Malefic Surge. Each one that does must first take a Leadership test; if that test is failed, that unit suffers D3 mortal wounds. Then, until the start of your next Command phase, that unit is Empowered. While a unit is Empowered it can use one of the Malefic Surge abilities below. Once that unit has used a Malefic Surge ability, it is no longer Empowered.¶• Unholy Hunger: When a model in this unit makes a Normal, Advance or Fall Back move, until the end of the phase, add 3"" to its Move characteristic.¶• Diabolic Power: When this unit is selected to shoot or fight, select either the [LETHAL HITS] or [SUSTAINED HITS 1] ability. Until the end of the phase, weapons equipped by models in this unit have the selected ability.¶• Unnatural Fortitude: When this unit is selected as the target of an attack, select one of the following to apply until the end of the phase:¶• Models in this unit have a 5+ invulnerable save.¶• Models in this unit have the Feel No Pain 6+ ability.¶Designer’s Note: We recommend placing a token next to Chaos Knights models that are Empowered, removing it once they have used a Malefic Surge ability, and removing all unused tokens at the start of your Command phase."
000010307|QT|000001076|Lords of Dread|Tyrannical Court|Improve the Objective Control characteristic of Chaos Knights Character models from your army by 2. In addition, once per battle round, if your WARLORD is on the battlefield, you can use the Claimed for the Dark Gods Stratagem for 0CP.
000010311|QT|000001077|Houndpack Lance|Marked Prey|At the start of your Command phase, select one unit from your opponent’s army. Until the start of your next Command phase, each time a War Dog model from your army makes an attack that targets that enemy unit, if that unit is visible to the attacking model, that attack has the [SUSTAINED HITS 1] ability.¶KEYWORDS¶While using the Houndpack Lance Detachment, the following rules apply:¶• Your army must include three or more WAR DOG units.¶• WAR DOG units from your army have the BATTLELINE keyword.¶• When mustering your army, select three WAR DOG units from your army. Until the end of the battle, those units have the CHARACTER keyword.*¶*Designer’s Note: This means that the selected units can be given Enhancements and one of them can be selected as your WARLORD.
000010750|QT|000001144|Helhunt Lance|Masters of the Pack|"If a Titanic Chaos Knights unit from your army has an Aura ability that affects friendly War Dog units, while two or more friendly WAR DOG models are within range of that TITANIC CHAOS KNIGHTS unit’s Aura ability, that TITANIC CHAOS KNIGHTS unit is affected by that Aura ability as well.¶Example: Two friendly WAR DOG models are within 9"" of a Knight Desecrator when it is selected to shoot. As a result, the KNIGHT DESECRATOR’s Taskmaster ability also affects itself, even though it does not have the WAR DOG keyword, so each time that KNIGHT DESECRATOR makes a ranged attack, Hit rolls of 1 are re-rolled."
000011011|QT|000001173|Bastions of Tyranny|Annihilate the Unworthy|Friendly KNIGHT TYRANT units’ attacks that target a battle-shocked unit have +1 to the hit roll.
000011015|QT|000001174|Hunting Warpack|Scenting Fear|"(Once per battle round, per army) In your Shooting phase, you can select one visible enemy unit within 12"" of a friendly WAR DOG unit. That enemy unit has +6"" detection range.¶This detachment has the WAR DOGS tag and cannot be taken with another WAR DOGS detachment."
000008355|SM|000000750|Gladius Task Force|Combat Doctrines|At the start of your Command phase, you can select one of the Combat Doctrines listed below. Until the start of your next Command phase, that Combat Doctrine is active and its effects apply to all ADEPTUS ASTARTES units from your army. You can only select each Combat Doctrine once per battle.Devastator DoctrineThe Codex Astartes details the strategic value of overwhelming firepower applied to key targets while advancing into position to eliminate threats.This unit is eligible to shoot in a turn in which it Advanced.Tactical DoctrineAs the warring armies close upon one another and vicious fire-fights erupt, the Codex lays out strategies for swiftly seizing the initiative and combining versatility with firepower.This unit is eligible to shoot and declare a charge in a turn in which it Fell Back.Assault DoctrineThe Codex Astartes leaves no doubt that the killing blow in most engagements must be delivered with a decisive close-quarters strike. It presents plentiful tactical means to achieve this end.This unit is eligible to declare a charge in a turn in which it Advanced.
000008374|SM|000000758|Liberator Assault Group|Red Thirst|Each time an ADEPTUS ASTARTES unit from your army is selected to fight, if that unit made a Charge move this turn, until the end of the phase, add 1 to the Attacks characteristic and add 2 to the Strength characteristic of melee weapons equipped by models in that unit.¶RESTRICTIONS¶Your army can include BLOOD ANGELS units, but it cannot include any ADEPTUS ASTARTES units drawn from any other Chapter.
000008473|SM|000000793|Anvil Siege Force|Shield of the Imperium|Ranged weapons equipped by ADEPTUS ASTARTES models from your army have the [HEAVY] ability. If such a weapon already has this ability, each time an attack is made with that weapon, if the attacking model’s unit Remained Stationary this turn, add 1 to the Wound roll.
000008477|SM|000000794|Ironstorm Spearhead|Armoured Wrath|Once per phase for each ADEPTUS ASTARTES unit in your army, you can re-roll one Hit roll, one Wound roll or one Damage roll made for a model in that unit.
000008481|SM|000000795|Firestorm Assault Force|Close-range Eradication|"Ranged weapons equipped by ADEPTUS ASTARTES models from your army have the [ASSAULT] ability, and each time an attack made with such a weapon targets a unit within 12"", add 1 to the Strength characteristic of that attack."
000008485|SM|000000796|Stormlance Task Force|Lightning Assault|ADEPTUS ASTARTES units from your army are eligible to declare a charge in a turn in which they Advanced or Fell Back.
000008489|SM|000000797|Vanguard Spearhead|Shadow Masters|"Each time a ranged attack targets an ADEPTUS ASTARTES unit from your army, unless the attacking model is within 12"", the target has the Benefit of Cover against that attack."
000008493|SM|000000798|1st Company Task Force|Extremis-level Threat|Once per battle, in your Command phase, you can use this ability. If you do, until the start of your next Command phase, each time a model from your army with the Oath of Moment ability makes an attack that targets your Oath of Moment target, you can re-roll the Wound roll as well.
000008521|SM|000000808|Black Spear Task Force|Mission Tactics|At the start of your Command phase, you can select one of the Mission Tactics listed below. Until the start of your next Command phase, that Mission Tactic is active and its effects apply to all units from your army with this ability. Each Mission Tactic can only be selected once per battle.FUROR TACTICSWhen the enemy horde grows close, the Deathwatch will be tasked with the decimation of their core. Aiming not for clinical kills but for maximum destruction over a wide area, they tear the heart from the enemy army.While this Mission Tactic is active, weapons equipped by ADEPTUS ASTARTES units from your army have the [SUSTAINED HITS 1] ability.MALLEUS TACTICSWhen the giants of war lumber forth, the Deathwatch will adopt Malleus tactics. Even the largest behemoth has a weak point, and the archives of the Deathwatch number them all.While this Mission Tactic is active, weapons equipped by ADEPTUS ASTARTES units from your army have the [LETHAL HITS] ability.PURGATUS TACTICSBy adopting Purgatus tactics, the Deathwatch focus their deadly ire upon the commanders of the enemy host, assassinating them one after another with pitiless head shots and killing thrusts of the blade.While this Mission Tactic is active, each time an ADEPTUS ASTARTES unit from your army makes an attack, if a Critical Hit is scored, that attack has the [PRECISION] ability.
000008770|SM|000000834|Unforgiven Task Force|Grim Resolve|While an ADEPTUS ASTARTES unit from your army is Battle-shocked, change the Objective Control characteristic of models in that unit to 1, instead of 0. In your Command phase, select one ADEPTUS ASTARTES unit from your army; until the start of your next Command phase, add 1 to the Objective Control characteristic of models in that unit.¶RESTRICTIONS¶Your army can include DARK ANGELS units, but it cannot include any ADEPTUS ASTARTES units drawn from any other Chapter.
000008773|SM|000000835|Inner Circle Task Force|Vowed Target|At the start of your Movement phase, select one of the following:¶• Defensive Footing: Select one objective you control. Until the start of your next Movement phase, that objective is your Vowed objective.¶• Aggressive Push: Select one or more objective you do not control. Until the start of your next Movement phase, each of those objectives is one of your Vowed objectives. If a rule refers to a unit or model being within range of your Vowed objective, that rule takes effect if that unit or model is within range of one or more of your Vowed objectives. Each time a DEATHWING INFANTRY unit from your army makes an attack that targets a unit within range of one or more of your Vowed objectives, add 1 to the Wound roll.¶RESTRICTIONS¶Your army can include Dark Angels units, but it cannot include any ADEPTUS ASTARTES units drawn from any other Chapter.
000008777|SM|000000836|Company of Hunters|Masters of Manoeuvre|Friendly ADEPTUS ASTARTES have:¶• This unit’s ranged attacks have [ASSAULT].¶• When this unit is selected to make a fall-back move, that fall-back move does not prevent this unit from being eligible to shoot.¶Friendly ADEPTUS ASTARTES MOUNTED have:¶• This unit’s ranged attacks have [ASSAULT].¶• When this unit is selected to make an advance move, that advance move does not prevent this unit from being eligible to declare a charge.¶• When this unit is selected to make a fall-back move, that fall-back move does not prevent this unit from being eligible to shoot and eligible to declare a charge.¶RESTRICTIONS¶Your army can include Dark Angels units, but it cannot include any ADEPTUS ASTARTES units drawn from any other Chapter.¶KEYWORDS¶Outrider Squad units from your army gain the Battleline keyword.
000009185|SM|000000900|The Lost Brethren|A Noble Death in Combat|Each time a Death Company model from your army makes a melee attack, re-roll a Wound roll of 1 if that model’s unit is below its Starting Strength; if that model’s unit is Below Half-strength, you can re-roll the Wound roll instead.¶KEYWORDS¶If you select this Detachment, Death Company Marines and Death Company Marines with Bolt Rifles units from your army have the BATTLELINE keyword.¶RESTRICTIONS¶Your army can include BLOOD ANGELS units, but it cannot include any ADEPTUS ASTARTES units drawn from any other Chapter.
000009189|SM|000000901|The Angelic Host|Upon Wings of Fire|At the end of your opponent s turn, you can select a number of Adeptus Astartes Jump Pack units from your army (excluding units that are within Engagement Range of one or more enemy units). The maximum number of units you can select depends on the battle size, as follows:¶BATTLE SIZEUNITSIncursionUp to 1 units Strike ForceUp to 2 units OnslaughtUp to 3 units¶Once you have made your selections, remove those units from the battlefield and place them into Strategic Reserves. In the Reinforcements step of your next Movement phase, set each of those units up using their Deep Strike ability.¶RESTRICTIONS¶Your army can include BLOOD ANGELS units, but it cannot include any ADEPTUS ASTARTES units drawn from any other Chapter.
000009732|SM|000000981|Lion’s Blade Task Force|In The Lion’s Claws|• Each time an enemy unit (excluding MONSTERS and VEHICLES) within Engagement Range of one or more Ravenwing units from your army Falls Back, all models in that enemy unit must take a Desperate Escape test. When doing so, if that enemy unit is Battle-shocked, subtract 1 from each of those tests.¶• Each time a Deathwing unit from your army declares a charge, if one or more targets of that charge are within Engagement Range of one or more RAVENWING units from your army, add 2 to the Charge roll.¶RESTRICTIONS¶Your army can include DARK ANGELS units, but it cannot include any ADEPTUS ASTARTES units drawn from any other Chapter.
000009784|SM|000000994|Librarius Conclave|Psychic Disciplines|"At the start of the battle round, select one of the following Psychic Disciplines abilities. Friendly ADEPTUS ASTARTES PSYKER units have that ability until the end of the battle round.¶• Biomancy Discipline: This unit has +2"" M.¶• Divination Discipline: This unit’s attacks can:¶• Re-roll hit rolls of 1.¶• Re-roll wound rolls of 1.¶• Pyromancy Discipline: This unit’s ranged attacks that target an enemy unit within 12"" of this unit have +1 AP.¶• Telekinesis Discipline: Ranged attacks that target this unit have -1 S.¶• Telepathy Discipline: This unit’s attacks can ignore modifiers to BS, WS and hit rolls."
000009834|SM|000001004|Angelic Inheritors|Legacy of the Angel|At the start of the first battle round, select two of the Angelic Legacy abilities listed below. Until the end of the battle, those Angelic Legacy abilities are active and their effects apply to all Adeptus Astartes Character units from your army.¶Sanguinary Grace: This unit is eligible to shoot and declare a charge in a turn in which it Fell Back.¶Carmine Wrath: Each time a model in this unit makes an attack, re-roll a Hit roll of 1 and re-roll a Wound roll of 1.¶Their Appointed Hour: You can re-roll Advance and Charge rolls made for this unit.¶Restrictions¶Your army can include Blood Angels units, but it cannot include ADEPTUS ASTARTES units drawn from any other Chapter.
000009842|SM|000001006|Wrathful Procession|Chant of Deathless Devotion|Friendly CHAPLAIN units have 5+ InSv against ranged attacks.¶Restrictions: Your army can include BLACK TEMPLARS units, but it cannot include any ADEPTUS ASTARTES units drawn from any other Chapter.
000009850|SM|000001008|Champions of Fenris|The Great Wolf Watches|Friendly ADEPTUS ASTARTES INFANTRY CHARACTER units have the following ability:¶Countercharge: (Once per battle round, per unit) You can target this unit with the Heroic Intervention stratagem, regardless of any other uses of that stratagem this phase. If you do:¶• That use does not prevent any uses of that stratagem on other units this phase.¶Restrictions: Your army can include SPACE WOLVES units, but it cannot include any ADEPTUS ASTARTES units drawn from any other Chapter.
000010154|SM|000001059|Wrath of the Rock|Dutiful Tenacity|Each time an attack targets an Adeptus Astartes Infantry or Adeptus Astartes Mounted unit from your army, if the Strength characteristic of that attack is greater than the Toughness characteristic of that unit, subtract 1 from the Wound roll.
000010260|SM|000001068|Saga of the Hunter|Pack’s Quarry|Each time a model in a Space Wolves unit from your army makes a melee attack that targets an enemy unit, if that enemy unit is within Engagement Range of one or more other Adeptus Astartes units from your army, or if the attacking unit contains more models than that enemy unit:¶• Add 1 to the Hit roll.¶• If your Saga is completed (see below), add 1 to the Wound roll as well.¶Saga of the Hunter¶At the start of the first battle round, your Quarry tally is 0. Each time an ADEPTUS ASTARTES unit from your army fights, after all of those attacks have been resolved, add 1 to your Quarry tally for each enemy unit destroyed by those attacks.¶Once your Quarry tally is equal to or greater than the number shown in the table below (depending on the battle size), your Saga is completed.¶BATTLE SIZEQUARRY TALLYIncursion2Strike Force3Onslaught4
000010264|SM|000001069|Saga of the Bold|Heroes All|Each time an ADEPTUS ASTARTES unit from your army is selected to shoot or fight, apply one of the following when resolving those attacks:¶• If your Saga is completed (see below), you can re-roll one Hit roll, one Wound roll and one Damage roll.¶• Otherwise, if that unit is a Space Wolves Character unit, you can re-roll one Hit roll, one Wound roll or one Damage roll.¶Saga of the Bold¶Each time a SPACE WOLVES CHARACTER unit from your army does one of the following, that unit achieves that Boast. Once three or more different Boasts have been achieved by units from your army, your Saga is completed.¶• Your Hide as a Trophy: That unit destroys your Oath of Moment target.¶• Slay Them All: That unit destroys your Oath of Moment target, and that is the second Oath of Moment target destroyed by that unit in this battle.¶• Overrun Their Position: At the end of either player’s turn, that unit is wholly within your opponent’s deployment zone.¶• Hold the Line: From the second battle round onwards, at the end of your Command phase, that unit is within range of an objective marker you control that is not within your deployment zone.
000010268|SM|000001070|Saga of the Beastslayer|Legendary Slayers|Each time an ADEPTUS ASTARTES model from your army makes an attack, if that attack targets a CHARACTER, MONSTER or VEHICLE unit or if your Saga is completed (see below), that attack has the [lethal hits] ability.¶Saga of the Beastslayer¶At the start of the first battle round, your Beastslayer tally is 0, and you determine your Beastslayer target by halving the number of units from your opponent’s army (including those embarked within TRANSPORTS) that have one or more of the following keywords (rounding up): CHARACTER, MONSTER, VEHICLE.¶Each time an ADEPTUS ASTARTES unit from your army shoots or fights, after all of those attacks have been resolved, add 1 to your Beastslayer tally for each enemy unit with one or more of the following keywords destroyed by those attacks: CHARACTER, MONSTER, VEHICLE.¶Once your Beastslayer tally is equal to or greater than your Beastslayer target, your Saga is completed.
000010367|SM|000001086|Forgefather’s Seekers|Vulkan’s Quest|"Ranged weapons equipped by ADEPTUS ASTARTES models from your army have the [ASSAULT] ability, and each time an attack made with such a weapon targets a unit within 12"", add 1 to the Strength characteristic of that attack.¶SEEKER’S COMPANIONS¶If your army includes Vulkan He’stan, during your turn, each Infernus Squad unit from your army is eligible to do one of the following:¶• Start to perform an Action in a turn in which it Advanced.¶• Shoot in a turn in which it started to perform an Action.¶RESTRICTIONS¶Your army can include Salamanders units, but it cannot include any ADEPTUS ASTARTES units drawn from any other Chapter."
000010391|SM|000001091|Companions of Vehemence|Righteous Fervour|You can re-roll Advance and Charge rolls made for ADEPTUS ASTARTES units from your army.¶RESTRICTIONS¶Your army can include Black Templars units, but it cannot include any ADEPTUS ASTARTES units drawn from any other Chapter.
000010395|SM|000001092|Vindication Task Force|Purge and Sanctify|• Each time an attack targets an ANCIENT unit from your army, if that unit is within range of one or more objective markers and the Strength characteristic of that attack is greater than the Toughness characteristic of that unit, subtract 1 from the Wound roll.¶• Each time a friendly CRUSADER SQUAD unit makes a surge move, instead of selecting a surge target, you can can select the closest objective to that unit. When that unit makes that surge move, each model in that unit must end that surge move as close as possible to that objective instead.¶RESTRICTIONS¶Your army can include Black Templars units, but it cannot include any ADEPTUS ASTARTES units drawn from any other Chapter.
000010399|SM|000001093|Godhammer Assault Force|Shock and Awe|• Each time an ADEPTUS ASTARTES unit from your army declares a charge, if it disembarked from a Transport this turn, after selecting the targets of that charge, select one of those targets; that enemy unit must take a Battle-shock test.¶• Each time a model in an ADEPTUS ASTARTES unit from your army makes a melee attack, if it disembarked from a TRANSPORT this turn, add 1 to the Hit roll.¶RESTRICTIONS¶Your army can include Black Templars units, but it cannot include any ADEPTUS ASTARTES units drawn from any other Chapter.
000010459|SM|000001103|Emperor’s Shield|Wrath of Dorn|Each time a model from your army with the Oath of Moment ability makes an attack that targets your Oath of Moment target, you can re-roll a Wound roll of 1.¶Each time a model in a Darnath Lysander unit from your army makes an attack that targets your Oath of Moment target, you can re-roll the Wound roll.¶RESTRICTIONS¶Your army can include Imperial Fists units, but it cannot include any ADEPTUS ASTARTES units drawn from any other Chapter.
000010463|SM|000001104|Shadowmark Talon|Masters of Shadow|"Each time a ranged attack targets an ADEPTUS ASTARTES unit from your army, unless the attacking model is within 12"", the target has the Benefit of Cover against that attack."
000010464|SM|000001104|Shadowmark Talon|Unparalleled Tactician|Once per battle round, if an Aethon Shaan model from your army is on the battlefield, you can use the Into Darkness Stratagem for 0CP.
000010465|SM|000001104|Shadowmark Talon|Restrictions|Your army can include Raven Guard units, but it cannot include any ADEPTUS ASTARTES units drawn from any other Chapter.
000010620|SM|000001118|Hammer of Avernii|Calculated Annihilation|Each time a model from your army with the Oath of Moment ability makes an attack that targets your Oath of Moment target, you can re-roll a Wound roll of 1.
000010621|SM|000001118|Hammer of Avernii|Recalculating|Once per battle round, after your Oath of Moment target is destroyed, if a Caanok Var model from your army is on the battlefield, select one enemy unit visible to that model. That enemy unit becomes your Oath of Moment target until you select a new one.
000010622|SM|000001118|Hammer of Avernii|Restrictions|Your army can include Iron Hands units, but it cannot include any ADEPTUS ASTARTES units drawn from any other Chapter.
000010626|SM|000001119|Spearpoint Task Force|Storm-swift Onslaught|ADEPTUS ASTARTES units from your army are eligible to declare a charge in a turn in which they Advanced or Fell Back.
000010627|SM|000001119|Spearpoint Task Force|Wrath of the First Khan|"At the end of the Fight phase, if a Suboden Khan unit from your army destroyed one or more enemy units this phase and is not within Engagement Range of one or more enemy units, that unit can make a Normal move of up to 6""."
000010628|SM|000001119|Spearpoint Task Force|Restrictions|Your army can include White Scars units, but it cannot include any ADEPTUS ASTARTES units drawn from any other Chapter.
000010632|SM|000001120|Blade of Ultramar|Mastered Doctrines|At the start of up to three of your Command phases, you can select one of the Combat Doctrines listed below. Until the start of your next Command phase, that Combat Doctrine is active and its effects apply to all ADEPTUS ASTARTES units from your army. You cannot select a Combat Doctrine you have already selected this battle, unless a friendly Marneus Calgar model is on the battlefield.¶Devastator DoctrineThe Codex Astartes details the strategic value of overwhelming firepower.This unit is eligible to shoot in a turn in which it Advanced.Tactical DoctrineThe Codex lays out strategies for seizing the initiative.This unit is eligible to shoot and declare a charge in a turn in which it Fell Back.Assault DoctrineThe Codex Astartes leaves no doubt that the killing blow must be delivered with a decisive close-quarters strike.This unit is eligible to declare a charge in a turn in which it Advanced.¶RESTRICTIONS¶Your army can include Ultramarines units, but it cannot include any ADEPTUS ASTARTES units drawn from any other Chapter.
000010644|SM|000001123|Rage-cursed Onslaught|Maddened Ferocity|Each time an ADEPTUS ASTARTES model from your army makes a melee attack, re-roll a Wound roll of 1.¶Each time an ADEPTUS ASTARTES unit from your army is selected to fight, if that unit made a Charge move this turn, until the end of the phase, add 1 to the Attacks characteristic of melee weapons equipped by models in that unit. If your unit is Battle-shocked, add 2 to the Attacks characteristic of melee weapons equipped by models in that unit instead.¶Restrictions¶Your army can include Blood Angels units, but it cannot include ADEPTUS ASTARTES units drawn from any other Chapter.
000010657|SM|000001126|Saga of the Great Wolf|Master of Wolves|At the start of your Command phase, you can select one of the Hunting Packs listed below. Until the start of your next Command phase, that Hunting Pack is active and its effects apply to all ADEPTUS ASTARTES units from your army. You can only select each Hunting Pack once per battle.¶• Encircling Jaws: This unit can re-roll Advance rolls and Charge rolls.¶• Hunter’s Eye: Each time a model in this unit makes a ranged attack, add 1 to the Hit roll.¶• Ferocious Strike: Each time this unit is selected to fight, select either the [LETHAL HITS] or [SUSTAINED HITS 1] ability. Until the end of the phase, weapons equipped by models in this unit have the selected ability.
000010658|SM|000001126|Saga of the Great Wolf|Howling Onslaught|Once per battle, when selecting a Hunting Pack for the Master of Wolves Detachment rule, if a Logan Grimnar model from your army is on the battlefield, you can select a Hunting Pack you have already selected this battle.
000010659|SM|000001126|Saga of the Great Wolf|Restrictions|Your army can include Space Wolves units, but it cannot include any ADEPTUS ASTARTES units drawn from any other Chapter.
000010675|SM|000001130|Bastion Task Force|Interlocking Tactics|Adeptus Astartes Battleline units from your army:¶• Are eligible to shoot and declare a charge in a turn in which they Advanced or Fell Back.¶• Are eligible to start to perform an Action in a turn in which they Advanced or Fell Back.¶Each time an ADEPTUS ASTARTES BATTLELINE unit from your army is selected to attack, after resolving those attacks, select one enemy unit hit by one or more of those attacks. Until the end of the turn, that enemy unit is auspex scanned. Each time an ADEPTUS ASTARTES model from your army makes an attack that targets an auspex scanned unit, re-roll a Hit roll of 1.
000010679|SM|000001131|Orbital Assault Force|Rapid-drop Deployment|At the start of the Declare Battle Formations step, select a number of ADEPTUS ASTARTES units (excluding Titanic units) from your army based on the battle size, as shown below. Models in those units have the Deep Strike ability.¶BATTLE SIZENUMBER OF UNITSIncursion2Strike Force3Onslaught4¶Each time an ADEPTUS ASTARTES model from your army makes an attack, if it was set up on the battlefield this turn, re-roll a Wound roll of 1. If it disembarked from a Drop Pod this turn, re-roll a Hit roll of 1 as well.
000010683|SM|000001132|Reclamation Force|Oath of Reclamation|• Each time an ADEPTUS ASTARTES model from your army makes a melee attack that targets a unit within range of an objective marker, improve the Armour Penetration characteristic of that attack by 1.¶• Each time an attack targets an ADEPTUS ASTARTES unit from your army, if your unit is within range of an objective marker that you controlled at the start of the phase and if the Strength characteristic of that attack is greater than the Toughness characteristic of your unit or your unit has the Titus keyword, subtract 1 from the Wound roll.¶RESTRICTIONS¶Your army can include Ultramarines units, but it cannot include any ADEPTUS ASTARTES units drawn from any other Chapter.
000010758|SM|000001146|Ceramite Sentinels|Adaptive Defence|"Each time an ADEPTUS ASTARTES model from your army makes an attack, if that model’s unit is within a terrain feature, re-roll a Hit roll of 1 and re-roll a Wound roll of 1.¶ADEPTUS ASTARTES units from your army gain the ENTRENCHED keyword while all of the following are true:¶• That unit is within a terrain feature.¶• That unit was not set up on the battlefield this turn.¶• No model in that unit has moved more than 3"" this turn."
000010777|SM|000001147|Armoured Speartip|Rapid Deployment|"Each time an ADEPTUS ASTARTES unit from your army disembarks from a Transport (excluding Fly) that made a Normal or Advance move this phase (excluding those that arrived from Strategic Reserves), that disembarked unit can make a Normal move of up to D6"", or a Normal move of up to D3+3"" instead if that TRANSPORT is a Heavy Transport (see below).¶Keywords¶Adeptus Astartes Transport units from your army (excluding Fly) that have a Wounds characteristic of 14+ have the HEAVY TRANSPORT keyword."
000010782|SM|000001148|Headhunter Task Force|Target Sighted|"Each time a Tank Ace unit from your army (see below) Advances, do not make an Advance roll for it. Instead, until the end of the phase, add 6"" to the Move characteristic of models in that unit.¶Each time a TANK ACE unit from your army shoots in your Shooting phase, if that unit did not Advance this turn, you can re-roll the Damage roll.¶KEYWORDS¶Adeptus Astartes Vehicle units from your army (excluding Fortifications, Drop Pods, Walkers and units that can Fly) have the TANK ACE keyword.¶In the Muster Armies step, you can select up to three TANK ACE units from your army to gain the CHARACTER keyword.¶Designer’s Note: This means that the selected units can be given Enhancements, and one of them can be selected as your WARLORD."
000011071|SM|000001210|The Living Miracle|Anointed Champion|• When a friendly EMPEROR’S CHAMPION unit is selected to fight, that model’s melee attacks can:¶• Re-roll one hit roll.¶• Re-roll one wound roll.¶• Enhancements selected from this detachment do not count towards the total number of enhancements in your army.¶Restrictions: Your army can include BLACK TEMPLARS units, but it cannot include any ADEPTUS ASTARTES units drawn from any other Chapter.
000011074|SM|000001209|Marshal’s Household|Faith-fuelled Resolve|Friendly SWORD BRETHREN SQUAD units have +1 OC.¶Restrictions: Your army can include BLACK TEMPLARS units, but it cannot include any ADEPTUS ASTARTES units drawn from any other Chapter.
000011078|SM|000001213|Legacy of Grace|Legacy of the Angel|Friendly BLOOD ANGELS INFANTRY CHARACTER units (excluding COMMANDER DANTE units) have +1 to advance rolls and charge rolls.¶This detachment has the GRACE tag and cannot be taken with another GRACE detachment.¶Restrictions: Your army can include BLOOD ANGELS units, but it cannot include any ADEPTUS ASTARTES units drawn from any other Chapter.
000011082|SM|000001214|Encarmine Speartip|Wrath of Angels|When a friendly SANGUINARY GUARD unit is selected to make a fall-back move, that move does not prevent that unit from being eligible to shoot/eligible to declare a charge.¶Restrictions: Your army can include BLOOD ANGELS units, but it cannot include any ADEPTUS ASTARTES units drawn from any other Chapter.
000011086|SM|000001215|Wrath of the Doomed|Fanatical Celerity|When a friendly DEATH COMPANY unit is selected to make an advance move, you can use this ability. If you do:¶• That unit suffers D3+1 mortal wounds.¶• That move does not prevent that unit from being eligible to declare a charge.¶This detachment has the DOOMED tag and cannot be taken with another DOOMED detachment.¶Restrictions: Your army can include BLOOD ANGELS units, but it cannot include any ADEPTUS ASTARTES units drawn from any other Chapter.
000011090|SM|000001204|Dark Age Arsenal|Invocations of Ancient Fury|• Friendly ADEPTUS ASTARTES units’ weapon profiles with ‘Plasma’ in their names are plasma weapon profiles.¶• Plasma weapon profiles have +1 S.¶Restrictions: Your army can include DARK ANGELS units, but it cannot include any ADEPTUS ASTARTES units drawn from any other Chapter.
000011094|SM|000001205|Darkflight Pursuit|Black-winged Vigilance|Friendly RAVENWING FLY units’ ranged attacks have [IGNORES COVER].¶Restrictions: Your army can include DARK ANGELS units, but it cannot include any ADEPTUS ASTARTES units drawn from any other Chapter.
000011098|SM|000001206|Interrogation Conclave|Dread Catechism|"• In the Fight phase, when a friendly CHAPLAIN unit destroys an enemy unit, enemy units within 6"" of that CHAPLAIN unit make a battle-shock roll.¶• Friendly CHAPLAIN units have the following ability:¶Sower of Dread (Aura): While an enemy unit is within 6"" of this unit, that enemy unit has -1 Ld.¶Restrictions: Your army can include DARK ANGELS units, but it cannot include any ADEPTUS ASTARTES units drawn from any other Chapter."
000011102|SM|000001207|Legends of Saga and Song|Loping Charge|Friendly ADEPTUS ASTARTES TERMINATOR units have +1 to charge rolls.¶Restrictions: Your army can include SPACE WOLVES units, but it cannot include any ADEPTUS ASTARTES units drawn from any other Chapter.
000011106|SM|000001208|Veterans of the Fang|Old Greymanes|• When a friendly GREY HUNTER unit starts an action, that action does not prevent this unit from being eligible to shoot.¶• In the Declare Battle Formations step, you can split a friendly GREY HUNTERS unit into two units, each containing as equal a number of models as possible (when splitting a unit in this way, make a note of which models form each of the two new units).¶Restrictions: Your army can include SPACE WOLVES units, but it cannot include any ADEPTUS ASTARTES units drawn from any other Chapter.
000011112|SM|000001221|Vengeful Hosts|Imperator Unleashed|In a turn a friendly ADEPTUS ASTARTES FLY INFANTRY unit made an ingress/charge move, that unit’s attacks can re-roll hit rolls of 1.
000011116|SM|000001211|Fulguris Task Force|Skystrike|• Friendly LAND SPEEDER/STORM SPEEDER HAILSTRIKE/STORM SPEEDER HAMMERSTRIKE/STORM SPEEDER THUNDERSTRIKE units have SPEEDER.¶• In your first Movement phase, friendly SPEEDER units can make an ingress move.
000011120|SM|000001212|Subversion Assets|Nowhere to Hide|"Friendly PHOBOS/SCOUT SQUAD units have the following ability:¶Transhuman Perception: In your Shooting phase, this unit can select one visible enemy unit within 12"". That enemy unit is detected:¶• While a unit is detected, that unit has +3"" detection range."
000008441|TAU|000000781|Kauyon|Patient Hunter|During the third, fourth and fifth battle rounds, ranged weapons equipped by T’au Empire models from your army have the [SUSTAINED HITS 1] ability. During the third, fourth and fifth battle rounds, while a unit is a Guided unit (see For the Greater Good), each time a ranged attack is made by a model in that unit that targets a Spotted unit, you can ignore any or all modifiers to that attack’s Ballistic skill characteristics and/or all modifiers to the Hit roll.
000008810|TAU|000000845|Mont’ka|Killing Blow|During the first, second and third battle rounds, ranged weapons equipped by T’AU EMPIRE models from your army have the [ASSAULT] ability. During the first, second and third battle rounds, while a unit is a Guided unit, its ranged weapons have the [LETHAL HITS] ability.
000008814|TAU|000000846|Retaliation Cadre|Bonded Heroes|"Each time a T’au Empire Battlesuit model from your army makes a ranged attack that targets a unit within 12"", improve the Strength characteristic of that attack by 1. If that attack targets a unit within 8"", improve the Armour Penetration characteristic of that attack by 1 as well."
000008818|TAU|000000847|Kroot Hunting Pack|Hunter’s Instincts|Each time a Kroot model from your army makes an attack, add 1 to the Hit roll if the target of that attack is below its Starting Strength, and add 1 to the Wound roll as well if the target of that attack is Below Half-strength.
000008819|TAU|000000847|Kroot Hunting Pack|Skirmish Fighters|Kroot models from your army have a 6+ invulnerable save against melee attacks and a 5+ invulnerable save against ranged attacks.
000008820|TAU|000000847|Kroot Hunting Pack|KEYWORDS|If you select this Detachment, Kroot Carnivore units from your army have the Battleline keyword.
000009838|TAU|000001005|Auxiliary Cadre|Integrated Command Structure|"Friendly KROOT/VESPID STINGWINGS units have the following ability:¶Harnessed Alien Instincts: In your Shooting phase, this unit can select one visible enemy unit within 12"". That enemy unit is prey-marked:¶• While a unit is prey-marked, that unit has +3"" detection range¶Friendly GHOSTKEEL BATTLESUIT/STEALTH BATTLESUITS units have the following ability:¶Localised Stealth Projectors (Aura): When a friendly KROOT/VESPID STINGWINGS unit within 6"" of this unit has shot, those attacks do not prevent that unit from being hidden.This detachment has the AUXILIARIES tag and cannot be taken with another AUXILIARIES detachment."
000009982|TAU|000001028|Experimental Prototype Cadre|Superior Craftsmanship|"Friendly BATTLESUIT CHARACTER units’ ranged attacks have +6"" R.¶This detachment has the BATTLESUIT tag and cannot be taken with another BATTLESUIT detachment."
000010895|TAU|000001200|Advanced Acquisition Cadre|Expert Fieldcraft|In your Shooting phase, when a friendly PATHFINDER TEAM/STEALTH BATTLESUITS unit is selected to shoot, those ranged attacks do not prevent your unit from being hidden.
000009740|TS|000000983|Hexwarp Thrallband|Flow of Magic|Certain areas of the battlefield are within your army’s Flow of Magic, as follows:¶• Your deployment zone is always within your army’s Flow of Magic.¶• At the start of any phase, if you control at least half of the objective markers within No Man’s Land, until the end of that phase, No Man’s Land is within your army’s Flow of Magic.¶• At the start of any phase, if you control at least half of the objective markers within your opponent’s deployment zone, until the end of that phase, your opponent’s deployment zone is within your army’s Flow of Magic.¶Each time a THOUSAND SONS model from your army makes a Psychic Attack, re-roll a Wound roll of 1. If such a model is wholly within your army’s Flow of Magic, each time it makes a Psychic Attack, add 1 to the Wound roll instead.
000010192|TS|000001061|Grand Coven|Kindred Sorcery|"In your Command phase, you can select one of the abilities listed below to take effect until the start of your next Command phase. You can only select each of these abilities once per battle.Imbued ManifestationAdd 6"" to the Range characteristic of ranged Psychic weapons equipped by THOUSAND SONS models from your army.Psychic MaelstromEach time a THOUSAND SONS model from your army makes an attack with a Psychic weapon, add 1 to the Wound roll.Wrath of the ImmateriumPsychic weapons equipped by THOUSAND SONS models from your army have the [devastating wounds] ability."
000010196|TS|000001062|Changehost of Deceit|Infernal Pacts|"Scintillating Legions units from your army have the following the ability:¶Daemonic Illusions (Aura): While a friendly Thousand Sons Psyker unit is within 6"" of and visible to this unit, models in that unit have a 4+ invulnerable save against ranged attacks.¶Thousand Sons units from your army have the following ability:¶Mortal Sorcery (Aura): While a friendly Scintillating Legions Psyker unit is within 6"" of and visible to this unit, that SCINTILLATING LEGIONS unit has the Cabal of Sorcerers ability.¶RESTRICTIONS¶You can include Scintillating Legions units in your army, even though they do not have the THOUSAND SONS Faction keyword. The combined points cost of such units you can include in your army is:¶Incursion: Up to 500 pts¶Strike Force: Up to 1000 pts¶Onslaught: Up to 1500 pts¶No SCINTILLATING LEGIONS models from your army can be your WARLORD."
000010200|TS|000001063|Warpmeld Pact|Warpmeld Sacrifice|Each time an enemy unit is selected to shoot or fight and one or more Tzeentch Mutant Infantry or Tzeentch Mutant Mounted units from your army are selected as a target of one or more of those attacks, each of those TZEENTCH MUTANT units can make a Warpmeld Sacrifice. If it does, until the end of the phase, each time an attack targets that unit, subtract 1 from the Wound roll. At the end of the phase, that TZEENTCH MUTANT unit suffers D3 mortal wounds.¶Each time a TZEENTCH MUTANT INFANTRY or TZEENTCH MUTANT MOUNTED unit from your army is selected to shoot or fight, before selecting its targets, that unit can make a Warpmeld Sacrifice. If it does, until the end of the phase, each time a model in that unit makes an attack, add 1 to the Wound roll. At the end of the phase, that TZEENTCH MUTANT unit suffers D3 mortal wounds.¶KEYWORDS¶Tzaangors units from your army have the BATTLELINE keyword, and while such a unit is not Battle-shocked, add 1 to the Objective Control characteristic of TZAANGOR models in that unit.
000010204|TS|000001064|Rubricae Phalanx|All is Dust|Each time an attack with an unmodified Damage characteristic of 1 is allocated to a Rubricae model from your army, add 1 to any armour saving throw made against that attack.
000010208|TS|000001065|Warpforged Cabal|Warpfire Infusion|"Each time a Thousand Sons Vehicle unit from your army is selected to shoot or fight, apply one of the following when resolving those attacks:¶• If that VEHICLE unit is within 6"" of one or more friendly Thousand Sons Psyker models, you can re-roll one Hit roll, one Wound roll and one Damage roll.¶• Otherwise, you can re-roll one Hit roll, one Wound roll or one Damage roll.¶Each time a THOUSAND SONS VEHICLE model from your army with the Deadly Demise ability is destroyed while it is within 6"" of one or more friendly THOUSAND SONS PSYKER models, that model’s Deadly Demise ability inflicts mortal wounds on a D6 roll of 5+ instead of only a 6."
000010963|TS|000001170|Ritual of Regeneration|Sorcerous Invigoration|(Once per turn, per unit) When a friendly THOUSAND SONS PSYKER unit (excluding MONSTER units) successfully manifests a Ritual, that unit heals D3 wounds.
000010967|TS|000001171|Sekhetar Cohort|Ensorcelled Animus|"• Friendly SEKHETAR ROBOTS units’ attacks have [PSYCHIC].¶• Friendly THOUSAND SONS PSYKER units have the following ability:¶Infusion (Aura): While a friendly SEKHETAR ROBOTS unit is within 12"" of this unit, that unit’s melee attacks have +1 WS."
000010971|TS|000001172|Servants of Change|All-Seeing Mutant Hordes|"• Friendly TZAANGORS units have BATTLELINE.¶• In your Shooting phase, while a friendly MUTANT unit is shooting, enemy units have +6"" detection range.¶This detachment has the MUTANT tag and cannot be taken with another MUTANT detachment."
000008356|TYR|000000748|Invasion Fleet|Hyper-adaptations|At the start of the first battle round, select one of the following Hyper-adaptations to be active for TYRANIDS units from your army until the end of the battle:¶Swarming InstinctsEach time a TYRANIDS model with this Hyper-adaptation makes an attack that targets an INFANTRY or SWARM unit, that attack has the [SUSTAINED HITS 1] ability.Hyper-aggressionEach time a TYRANIDS model with this Hyper-adaptation makes an attack that targets a MONSTER or VEHICLE unit, that attack has the [LETHAL HITS] ability.Hive PredatorsEach time a TYRANIDS model with this Hyper-adaptation makes an attack that targets a CHARACTER unit, on a Critical Hit, that attack has the [PRECISION] ability.
000008403|TYR|000000769|Crusher Stampede|Enraged Behemoths|Each time a Tyranids Monster model from your army makes an attack, add 1 to the Hit roll if that model’s unit is below its Starting Strength, and add 1 to the Wound roll as well if that model’s unit is Below Half-strength. In addition, while a TYRANIDS MONSTER unit from your army (excluding Battle-shocked units) is at its Starting Strength, add 2 to the Objective Control characteristic of models in that unit.
000008407|TYR|000000770|Unending Swarm|Insurmountable Odds|"In your opponent’s Shooting phase, when an enemy unit has shot, if a model from a friendly ENDLESS MULTITUDE unit was destroyed as a result of those attacks, that friendly unit can make a surge move of up to D6""."
000008411|TYR|000000771|Assimilation Swarm|Feed the Swarm|"In your Command phase, each Harvester unit from your army can Regenerate one friendly TYRANIDS unit that is within 6"" of it. A unit can only be regenerated once per phase. Each time a unit regenerates, do one of the following:¶• One model in that unit regains up to D3+1 lost wounds.¶• One destroyed Infantry model (excluding Characters) is returned to that unit with its full wounds remaining. If that unit is an Endless Multitude unit, up to 3 destroyed models are returned instead."
000008415|TYR|000000772|Vanguard Onslaught|Questing Tendrils|TYRANIDS units with this ability are eligible to charge in a turn in which they Fell Back. Vanguard Invader units with this ability are eligible to charge in a turn in which they Advanced.
000008420|TYR|000000773|Synaptic Nexus|Synaptic Imperatives|At the start of the battle round, you can select one of the Synaptic Imperatives shown below. Until the end of the battle round, that Synaptic Imperative is active for your army and while a TYRANIDS unit from your army is within Synapse Range of your army, it will benefit from it. Each Synaptic Imperative can only be selected once per battle.¶• Synaptic Augmentation: While this unit is within Synapse Range of your army, models in this unit have a 5+ invulnerable save.¶• Surging Vitality: While this unit is within Synapse Range of your army, add 1 to Advance and Charge rolls made for this unit.¶• Goaded to Slaughter: While this unit is within Synapse Range of your army, each time a model in this unit makes a melee attack, add 1 to the Hit roll.
000009736|TYR|000000982|Warrior Bioform Onslaught|Leader-beasts|• Friendly TYRANID WARRIORS WITH RANGED BIO-WEAPONS/TYRANID WARRIORS WITH MELEE BIO-WEAPONS units have:¶• TYRANID WARRIORS.¶• BATTLELINE.¶• TYRANID WARRIORS/TYRANID PRIME WITH LASH WHIP/WINGED TYRANID PRIME models from your army have 5+ InSv.
000010146|TYR|000001057|Subterranean Assault|Surprise Assault|"Each time a Tyranids model from your army makes an attack, re-roll a Hit roll of 1.¶Each time a Burrower unit from your army is set up on the battlefield from Reserves, place a circular 40mm Tunnel Marker anywhere on the battlefield within 1"" of that unit and more than 3"" horizontally away from all enemy units.¶In the Reinforcements step of your Movement phase, when you set up a unit on the battlefield from Reserves, you can set that unit up wholly within 9"" of one of your Tunnel Markers and more than 6"" horizontally away from any enemy units.¶If an enemy model (excluding AIRCRAFT) ends any kind of move within 3"" of one of your Tunnel Markers, that Tunnel Marker is removed from the battlefield.¶KEYWORDS¶Mawloc and Trygon units from your army have the BURROWER keyword.¶In the Muster Armies step, you can select up to 2 TRYGON models from your army. The selected units gain the CHARACTER keyword.¶Designer’s Note: This means that the selected models can be given Enhancements and one of them can be selected as your WARLORD."
000010935|TYR|000001197|Ambush Predators|Mindhunger|• Friendly DEATHLEAPER/LICTOR/NEUROLICTOR units have Deep Strike.¶• Friendly LICTOR/NEUROLICTOR units’ attacks that target a CHARACTER unit can re-roll hit rolls of 1.
000010939|TYR|000001198|Talons of the Norn Queen|Higher Imperatives|Friendly NORN EMISSARY/NORN ASSIMILATOR units have the following ability:¶Protean Purpose: (Once per battle, per unit) In your Command phase, you can use this ability. If you do, this unit can make a selection for its Singular Purpose ability (this replaces the previous selection).
000008430|WE|000000777|Berzerker Warband|Relentless Rage|Each time a World Eaters unit from your army makes a Charge move, until the end of the turn, add 1 to the Attacks characteristic and add 2 to the Strength characteristic of melee weapons equipped by models in that unit.
000009846|WE|000001007|Vessels of Wrath|Wrath of Khorne|When a friendly WORLD EATERS CHARACTER unit (excluding EPIC HERO units) is selected to fight, that unit’s CHARACTER models’ melee attacks can have:¶• [CLEAVE 1].¶• Or: +1 AP.
000010073|WE|000001042|Cult of Blood|Idols of Khorne|"At the start of your Command phase, you can select one of the Idols of Khorne abilities listed below. Until the start of your next Command phase, that ability is active and its effects apply to all World Eaters Titanic and World Eaters Monster units from your army. You can only select each Idols of Khorne ability once per battle.¶Idol of Infinite Rage (Aura)¶While a friendly Jakhals or Goremongers unit is within 6"" of this model (or within 9"" if this model is TITANIC), each time a model in that unit makes an attack, add 1 to the Hit roll and add 1 to the Wound roll.¶Idol of Burning Wrath (Aura)¶While a friendly JAKHALS or GOREMONGERS unit is within 6"" of this model (or within 9"" if this model is TITANIC), add 1"" to the Move characteristic of models in that unit and add 1 to Advance and Charge rolls made for that unit.¶Idol of Blessed Blood (Aura)¶While a friendly JAKHALS or GOREMONGERS unit is within 6"" of this model (or within 9"" if this model is TITANIC), models in that unit have a 4+ invulnerable save.¶KEYWORDS¶JAKHALS and GOREMONGERS units from your army have the BATTLELINE keyword."
000010077|WE|000001043|Khorne Daemonkin|Blood Tithe|Each time a Blood Legions or World Eaters unit from your army destroys an enemy unit, roll one D6: on a 3+, you gain 1 Blood Tithe point (BTP). At the start of the Command phase, you can spend one or more of your BTP to activate one of the following abilities until the end of the battle:¶• Enraged Abjuration [2BTP]¶BLOOD LEGIONS and WORLD EATERS models from your army have the Feel No Pain 5+ ability against Psychic Attacks and mortal wounds.¶• Daemonic Rage [3BTP]¶Melee weapons equipped by BLOOD LEGIONS units from your army have the [lance] ability.¶• Boon of Blood [4BTP]¶BLOOD LEGIONS units from your army have a 4+ invulnerable save.¶• Might of Khorne [5BTP]¶BLOOD LEGIONS units from your army gain the Blessings of Khorne ability.¶RESTRICTIONS¶You can include the Blood Legions units in your army. The combined points cost of such units you can include in your army is:¶Incursion: Up to 500 pts¶Strike Force: Up to 1000 pts¶Onslaught: Up to 1500 pts¶No BLOOD LEGIONS model from your army can be your WARLORD.
000010081|WE|000001044|Possessed Slaughterband|Brazen Fury|"WORLD EATERS POSSESSED units from your army have the following ability:¶Brazen Fury: In your opponent’s Shooting phase, when an enemy unit has shot, if a model in this unit was destroyed as a result of those attacks, this unit can make a surge move of up to D6"". That surge move is a Brazen Fury move."
000010085|WE|000001045|Goretrack Onslaught|Rush to the Fray|Each time a World Eaters unit from your army disembarks from a Transport, until the end of the turn, add 1 to Charge rolls made for that unit and that unit’s melee weapons have the [lance] ability.
000010975|WE|000001178|Brazen Engines|Rampaging Terrors|Friendly DAEMON VEHICLE units have the following ability:¶Terror of Khorne: At the start of the Fight phase, you can select one enemy unit engaged with this unit. That enemy unit makes a battle-shock roll, with -1 to that battle-shock roll. You cannot select the same enemy unit for this effect more than once per phase.¶This detachment has the ONSLAUGHT tag and cannot be taken with another ONSLAUGHT detachment.
000010979|WE|000001179|Butchers of Khorne|Adamantine Avalanche|At the start of the Fight phase, if a friendly TERMINATOR SQUAD unit is engaged, make a Blessings of Khorne roll and use the results to activate one Blessing of Khorne. Until the end of the phase, that Blessing of Khorne is active for friendly TERMINATOR SQUAD units in addition to any other Blessings of Khorne that are currently active.
