datasheet_id|name|fac|faction|ruolo|fonte|legends|virtuale|trasporto|equipaggiamento|link
882|Custodian Guard|AC|Adeptus Custodes|Battleline|Adeptus Custodes|false|false||Every model is equipped with: guardian spear.|https://wahapedia.ru/wh40k11ed/factions/adeptus-custodes/Custodian-Guard
883|Venerable Contemptor Dreadnought|AC|Adeptus Custodes|Walker|Adeptus Custodes|false|false||This model is equipped with: combi-bolter; multi-melta; Contemptor combat weapon.|https://wahapedia.ru/wh40k11ed/factions/adeptus-custodes/Venerable-Contemptor-Dreadnought
884|Venerable Land Raider|AC|Adeptus Custodes|Transport|Adeptus Custodes|false|false|This model has a transport capacity of 6 Adeptus Custodes Infantry models.|This model is equipped with: 2 godhammer lascannons; twin heavy bolter; armoured tracks.|https://wahapedia.ru/wh40k11ed/factions/adeptus-custodes/Venerable-Land-Raider
1446|Trajann Valoris|AC|Adeptus Custodes|Infantry Epic Hero|Adeptus Custodes|false|false||This model is equipped with: Watcher’s Axe.|https://wahapedia.ru/wh40k11ed/factions/adeptus-custodes/Trajann-Valoris
1447|Shield-captain|AC|Adeptus Custodes|Infantry Character|Adeptus Custodes|false|false||This model is equipped with: guardian spear.|https://wahapedia.ru/wh40k11ed/factions/adeptus-custodes/Shield-captain
1448|Shield-captain In Allarus Terminator Armour|AC|Adeptus Custodes|Infantry Character|Adeptus Custodes|false|false||This model is equipped with: balistus grenade launcher; guardian spear.|https://wahapedia.ru/wh40k11ed/factions/adeptus-custodes/Shield-captain-In-Allarus-Terminator-Armour
1449|Shield-captain On Dawneagle Jetbike|AC|Adeptus Custodes|Mounted Character|Adeptus Custodes|false|false||This model is equipped with: salvo launcher; interceptor lance.|https://wahapedia.ru/wh40k11ed/factions/adeptus-custodes/Shield-captain-On-Dawneagle-Jetbike
1450|Custodian Wardens|AC|Adeptus Custodes|Infantry|Adeptus Custodes|false|false||Every model is equipped with: guardian spear.|https://wahapedia.ru/wh40k11ed/factions/adeptus-custodes/Custodian-Wardens
1453|Allarus Custodians|AC|Adeptus Custodes|Infantry|Adeptus Custodes|false|false||Every model is equipped with: balistus grenade launcher; guardian spear.|https://wahapedia.ru/wh40k11ed/factions/adeptus-custodes/Allarus-Custodians
1454|Vertus Praetors|AC|Adeptus Custodes|Mounted|Adeptus Custodes|false|false||Every model is equipped with: salvo launcher; interceptor lance.|https://wahapedia.ru/wh40k11ed/factions/adeptus-custodes/Vertus-Praetors
1458|Contemptor-achillus Dreadnought|AC|Adeptus Custodes|Walker|Adeptus Custodes (Forge World)|false|false||This model is equipped with: 2 lastrum storm bolters; Achillus dreadspear.|https://wahapedia.ru/wh40k11ed/factions/adeptus-custodes/Contemptor-achillus-Dreadnought
1460|Caladius Grav-tank|AC|Adeptus Custodes|Vehicle|Adeptus Custodes (Forge World)|false|false||This model is equipped with: twin iliastus accelerator cannon; twin lastrum bolt cannon; armoured hull.|https://wahapedia.ru/wh40k11ed/factions/adeptus-custodes/Caladius-Grav-tank
1461|Coronus Grav-carrier|AC|Adeptus Custodes|Transport|Adeptus Custodes (Forge World)|false|false|This model has a transport capacity of 8 Adeptus Custodes Infantry models.|This model is equipped with: twin arachnus blaze cannon; twin lastrum bolt cannon; armoured hull.|https://wahapedia.ru/wh40k11ed/factions/adeptus-custodes/Coronus-Grav-carrier
1479|Telemon Heavy Dreadnought|AC|Adeptus Custodes|Walker|Adeptus Custodes (Forge World)|false|false||This model is equipped with: 2 iliastus accelerator culverins; spiculus bolt launcher; armoured feet.|https://wahapedia.ru/wh40k11ed/factions/adeptus-custodes/Telemon-Heavy-Dreadnought
1557|Contemptor-galatus Dreadnought|AC|Adeptus Custodes|Walker|Adeptus Custodes (Forge World)|false|false||This model is equipped with: Galatus warblade.|https://wahapedia.ru/wh40k11ed/factions/adeptus-custodes/Contemptor-galatus-Dreadnought
1558|Aquilon Custodians|AC|Adeptus Custodes|Infantry|Adeptus Custodes (Forge World)|false|false||Every model is equipped with: lastrum storm bolter; solerite power gauntlet.|https://wahapedia.ru/wh40k11ed/factions/adeptus-custodes/Aquilon-Custodians
1559|Custodian Guard With Adrasite And Pyrithite Spears|AC|Adeptus Custodes|Infantry|Adeptus Custodes (Forge World)|false|false||Every model is equipped with: adrasite spear.|https://wahapedia.ru/wh40k11ed/factions/adeptus-custodes/Custodian-Guard-With-Adrasite-And-Pyrithite-Spears
1560|Agamatus Custodians|AC|Adeptus Custodes|Mounted|Adeptus Custodes (Forge World)|false|false||Every model is equipped with: lastrum bolt cannon; interceptor lance.|https://wahapedia.ru/wh40k11ed/factions/adeptus-custodes/Agamatus-Custodians
1561|Venatari Custodians|AC|Adeptus Custodes|Infantry|Adeptus Custodes (Forge World)|false|false||Every model is equipped with: Venatari lance.|https://wahapedia.ru/wh40k11ed/factions/adeptus-custodes/Venatari-Custodians
1562|Pallas Grav-attack|AC|Adeptus Custodes|Vehicle|Adeptus Custodes (Forge World)|false|false||This model is equipped with: twin arachnus blaze cannon; armoured hull.|https://wahapedia.ru/wh40k11ed/factions/adeptus-custodes/Pallas-Grav-attack
1563|Sagittarum Custodians|AC|Adeptus Custodes|Infantry|Adeptus Custodes (Forge World)|false|false||Every model is equipped with: adrastus bolt caliver; misericordia.|https://wahapedia.ru/wh40k11ed/factions/adeptus-custodes/Sagittarum-Custodians
1564|Orion Assault Dropship|AC|Adeptus Custodes|Transport|Adeptus Custodes (Forge World)|false|false|This model has a transport capacity of 12 Adeptus Custodes Infantry models. This model can also transport 1 Venerable Contemptor Dreadnought, 1 Contemptor-Achillus Dreadnought or 1 Contemptor Galatus-Dreadnought; while doing so, its transport capacity is reduced to 6 ADEPTUS CUSTODES INFANTRY models.|This model is equipped with: 2 arachnus heavy blaze cannons; 2 twin lastrum bolt cannons; 2 spiculus heavy bolt launchers; armoured hull.|https://wahapedia.ru/wh40k11ed/factions/adeptus-custodes/Orion-Assault-Dropship
1680|Ares Gunship|AC|Adeptus Custodes|Aircraft|Adeptus Custodes (Forge World)|false|false||This model is equipped with: 2 arachnus heavy blaze cannons; arachnus magna-blaze cannon; armoured hull.|https://wahapedia.ru/wh40k11ed/factions/adeptus-custodes/Ares-Gunship
2088|Aleya|AC|Adeptus Custodes|Infantry Epic Hero|Adeptus Custodes|false|false||This model is equipped with: Somnus.|https://wahapedia.ru/wh40k11ed/factions/adeptus-custodes/Aleya
2518|Blade Champion|AC|Adeptus Custodes|Infantry Character|Adeptus Custodes|false|false||This model is equipped with: vaultswords.|https://wahapedia.ru/wh40k11ed/factions/adeptus-custodes/Blade-Champion
2519|Valerian|AC|Adeptus Custodes|Infantry Epic Hero|Adeptus Custodes|false|false||This model is equipped with: Gnosis.|https://wahapedia.ru/wh40k11ed/factions/adeptus-custodes/Valerian
2520|Knight-centura|AC|Adeptus Custodes|Infantry Character|Adeptus Custodes|false|false||This model is equipped with: executioner greatblade.|https://wahapedia.ru/wh40k11ed/factions/adeptus-custodes/Knight-centura
2521|Prosecutors|AC|Adeptus Custodes|Infantry|Adeptus Custodes|false|false||Every model is equipped with: boltgun; close combat weapon.|https://wahapedia.ru/wh40k11ed/factions/adeptus-custodes/Prosecutors
2522|Vigilators|AC|Adeptus Custodes|Infantry|Adeptus Custodes|false|false||Every model is equipped with: executioner greatblade.|https://wahapedia.ru/wh40k11ed/factions/adeptus-custodes/Vigilators
2523|Witchseekers|AC|Adeptus Custodes|Infantry|Adeptus Custodes|false|false||Every model is equipped with: Witchseeker flamer; close combat weapon.|https://wahapedia.ru/wh40k11ed/factions/adeptus-custodes/Witchseekers
2524|Anathema Psykana Rhino|AC|Adeptus Custodes|Dedicated Transports|Adeptus Custodes|false|false|This model has a transport capacity of 12 Anathema Psykana Infantry models.|This model is equipped with: storm bolter; armoured tracks.|https://wahapedia.ru/wh40k11ed/factions/adeptus-custodes/Anathema-Psykana-Rhino
838|Belisarius Cawl|AdM|Adeptus Mechanicus|Monster Epic Hero|Adeptus Mechanicus|false|false||This model is equipped with: solar atomiser; arc scourge; Cawl’s Omnissian axe; mechadendrite hive.|https://wahapedia.ru/wh40k11ed/factions/adeptus-mechanicus/Belisarius-Cawl
839|Tech-priest Dominus|AdM|Adeptus Mechanicus|Infantry Character|Adeptus Mechanicus|false|false||This model is equipped with: macrostubber; volkite blaster; Omnissian axe.|https://wahapedia.ru/wh40k11ed/factions/adeptus-mechanicus/Tech-priest-Dominus
840|Tech-priest Enginseer|AdM|Adeptus Mechanicus|Infantry Character|Adeptus Mechanicus|false|false||This model is equipped with: Mechanicus pistol; Omnissian axe; servo-arm.|https://wahapedia.ru/wh40k11ed/factions/adeptus-mechanicus/Tech-priest-Enginseer
841|Kataphron Breachers|AdM|Adeptus Mechanicus|Infantry|Adeptus Mechanicus|false|false||Every model is equipped with: heavy arc rifle; arc claw.|https://wahapedia.ru/wh40k11ed/factions/adeptus-mechanicus/Kataphron-Breachers
842|Kataphron Destroyers|AdM|Adeptus Mechanicus|Infantry|Adeptus Mechanicus|false|false||Every model is equipped with: heavy grav-cannon; phosphor blaster; close combat weapon.|https://wahapedia.ru/wh40k11ed/factions/adeptus-mechanicus/Kataphron-Destroyers
843|Fulgurite Electro-priests|AdM|Adeptus Mechanicus|Infantry|Adeptus Mechanicus|false|false||Every model is equipped with: electroleech stave.|https://wahapedia.ru/wh40k11ed/factions/adeptus-mechanicus/Fulgurite-Electro-priests
844|Corpuscarii Electro-priests|AdM|Adeptus Mechanicus|Infantry|Adeptus Mechanicus|false|false||Every model is equipped with: electrostatic gauntlets.|https://wahapedia.ru/wh40k11ed/factions/adeptus-mechanicus/Corpuscarii-Electro-priests
845|Kastelan Robots|AdM|Adeptus Mechanicus|Walker|Adeptus Mechanicus|false|false||Every model is equipped with: incendine combustor; twin Kastelan fist.|https://wahapedia.ru/wh40k11ed/factions/adeptus-mechanicus/Kastelan-Robots
846|Cybernetica Datasmith|AdM|Adeptus Mechanicus|Vehicle Character|Adeptus Mechanicus|false|false||This model is equipped with: Mechanicus pistol; power fist.|https://wahapedia.ru/wh40k11ed/factions/adeptus-mechanicus/Cybernetica-Datasmith
848|Skitarii Rangers|AdM|Adeptus Mechanicus|Battleline|Adeptus Mechanicus|false|false||Every model is equipped with: galvanic rifle; close combat weapon.|https://wahapedia.ru/wh40k11ed/factions/adeptus-mechanicus/Skitarii-Rangers
849|Skitarii Vanguard|AdM|Adeptus Mechanicus|Battleline|Adeptus Mechanicus|false|false||Every model is equipped with: radium carbine; close combat weapon.|https://wahapedia.ru/wh40k11ed/factions/adeptus-mechanicus/Skitarii-Vanguard
850|Sicarian Infiltrators|AdM|Adeptus Mechanicus|Infantry|Adeptus Mechanicus|false|false||Every model is equipped with: stubcarbine; power weapon.|https://wahapedia.ru/wh40k11ed/factions/adeptus-mechanicus/Sicarian-Infiltrators
851|Sicarian Ruststalkers|AdM|Adeptus Mechanicus|Infantry|Adeptus Mechanicus|false|false||Every model is equipped with: transonic razor and chordclaw.|https://wahapedia.ru/wh40k11ed/factions/adeptus-mechanicus/Sicarian-Ruststalkers
852|Ironstrider Ballistarii|AdM|Adeptus Mechanicus|Walker|Adeptus Mechanicus|false|false||Every model is equipped with: twin cognis autocannon; Ironstrider feet.|https://wahapedia.ru/wh40k11ed/factions/adeptus-mechanicus/Ironstrider-Ballistarii
853|Sydonian Dragoons With Taser Lances|AdM|Adeptus Mechanicus|Walker|Adeptus Mechanicus|false|false||Every model is equipped with: phosphor serpenta; taser lance.|https://wahapedia.ru/wh40k11ed/factions/adeptus-mechanicus/Sydonian-Dragoons-With-Taser-Lances
854|Onager Dunecrawler|AdM|Adeptus Mechanicus|Walker|Adeptus Mechanicus|false|false||This model is equipped with: eradication beamer; Dunecrawler legs.|https://wahapedia.ru/wh40k11ed/factions/adeptus-mechanicus/Onager-Dunecrawler
1525|Secutarii Hoplites|AdM|Adeptus Mechanicus|Infantry|Adeptus Mechanicus (Warhammer Legends)|true|false||Every model is equipped with: arc lance.|https://wahapedia.ru/wh40k11ed/factions/adeptus-mechanicus/Secutarii-Hoplites
1526|Secutarii Peltasts|AdM|Adeptus Mechanicus|Infantry|Adeptus Mechanicus (Warhammer Legends)|true|false||Every model is equipped with: galvanic caster; close combat weapon.|https://wahapedia.ru/wh40k11ed/factions/adeptus-mechanicus/Secutarii-Peltasts
1533|Terrax-pattern Termite|AdM|Adeptus Mechanicus|Dedicated Transports|Adeptus Mechanicus (Warhammer Legends)|true|false|This model has a transport capacity of 12 Adeptus Mechanicus Infantry models. It cannot transport Jump Pack or Kataphron models.|This model is equipped with: Terrax melta cutter; 2 combi-bolters; Termite drill.|https://wahapedia.ru/wh40k11ed/factions/adeptus-mechanicus/Terrax-pattern-Termite
1580|Tech-priest Manipulus|AdM|Adeptus Mechanicus|Infantry Character|Adeptus Mechanicus|false|false||This model is equipped with: magnarail lance; Omnissian staff.|https://wahapedia.ru/wh40k11ed/factions/adeptus-mechanicus/Tech-priest-Manipulus
1650|Skorpius Dunerider|AdM|Adeptus Mechanicus|Dedicated Transports|Adeptus Mechanicus|false|false|This model has a transport capacity of 12 Adeptus Mechanicus Infantry models. It cannot transport Jump Pack, Kataphron or Sydonian Skatros models.|This model is equipped with: cognis heavy stubber array; armoured hull.|https://wahapedia.ru/wh40k11ed/factions/adeptus-mechanicus/Skorpius-Dunerider
1651|Skorpius Disintegrator|AdM|Adeptus Mechanicus|Vehicle|Adeptus Mechanicus|false|false||This model is equipped with: belleros energy cannon; 3 cognis heavy stubbers; disruptor missile launcher; armoured hull.|https://wahapedia.ru/wh40k11ed/factions/adeptus-mechanicus/Skorpius-Disintegrator
1822|X-101|AdM|Adeptus Mechanicus|Infantry Epic Hero|Adeptus Mechanicus (Warhammer Legends)|true|false||This model is equipped with: grav-gun; hydraulic claw.|https://wahapedia.ru/wh40k11ed/factions/adeptus-mechanicus/X-101
2081|Serberys Sulphurhounds|AdM|Adeptus Mechanicus|Mounted|Adeptus Mechanicus|false|false||The Serberys Sulphurhound Alpha model is equipped with: Mechanicus pistol; sulphur breath; cavalry arc maul; clawed limbs. Every Serberys Sulphurhound model is equipped with: 2 phosphor pistols; sulphur breath; clawed limbs.|https://wahapedia.ru/wh40k11ed/factions/adeptus-mechanicus/Serberys-Sulphurhounds
2082|Serberys Raiders|AdM|Adeptus Mechanicus|Mounted|Adeptus Mechanicus|false|false||The Serberys Raider Alpha model is equipped with: Mechanicus pistol; galvanic carbine; cavalry sabre and clawed limbs. Every Serberys Raider model is equipped with: galvanic carbine; cavalry sabre and clawed limbs.|https://wahapedia.ru/wh40k11ed/factions/adeptus-mechanicus/Serberys-Raiders
2083|Pteraxii Sterylizors|AdM|Adeptus Mechanicus|Infantry|Adeptus Mechanicus|false|false||The Pteraxii Sterylizor Alpha model is equipped with: flechette blaster; Pteraxii talons; taser goad. Every Pteraxii Sterylizor model is equipped with: phosphor torch; Pteraxii talons.|https://wahapedia.ru/wh40k11ed/factions/adeptus-mechanicus/Pteraxii-Sterylizors
2084|Pteraxii Skystalkers|AdM|Adeptus Mechanicus|Infantry|Adeptus Mechanicus|false|false||The Pteraxii Skystalker Alpha model is equipped with: flechette blaster; taser goad. Every Pteraxii Skystalker model is equipped with: flechette carbine; close combat weapon.|https://wahapedia.ru/wh40k11ed/factions/adeptus-mechanicus/Pteraxii-Skystalkers
2085|Archaeopter Transvector|AdM|Adeptus Mechanicus|Transport|Adeptus Mechanicus|false|false|This model has a transport capacity of 11 Skitarii Infantry or Tech-Priest Infantry models. It cannot transport Jump Pack or Kataphron models.|This model is equipped with: cognis heavy stubber array; armoured hull; command uplink.|https://wahapedia.ru/wh40k11ed/factions/adeptus-mechanicus/Archaeopter-Transvector
2086|Archaeopter Stratoraptor|AdM|Adeptus Mechanicus|Aircraft|Adeptus Mechanicus|false|false||This model is equipped with: 2 cognis heavy stubbers; 2 heavy phosphor blasters; twin cognis lascannon; armoured hull; command uplink.|https://wahapedia.ru/wh40k11ed/factions/adeptus-mechanicus/Archaeopter-Stratoraptor
2087|Archaeopter Fusilave|AdM|Adeptus Mechanicus|Aircraft|Adeptus Mechanicus|false|false||This model is equipped with: cognis heavy stubber array; armoured hull; command uplink.|https://wahapedia.ru/wh40k11ed/factions/adeptus-mechanicus/Archaeopter-Fusilave
2477|Technoarcheologist|AdM|Adeptus Mechanicus|Infantry Character|Adeptus Mechanicus|false|false||This model is equipped with: Mechanicus pistol; servo-arc claw.|https://wahapedia.ru/wh40k11ed/factions/adeptus-mechanicus/Technoarcheologist
2478|Skitarii Marshal|AdM|Adeptus Mechanicus|Infantry Character|Adeptus Mechanicus|false|false||This model is equipped with: Mechanicus pistol; control stave.|https://wahapedia.ru/wh40k11ed/factions/adeptus-mechanicus/Skitarii-Marshal
3694|Sydonian Dragoons With Radium Jezzails|AdM|Adeptus Mechanicus|Walker|Adeptus Mechanicus|false|false||Every model is equipped with: phosphor serpenta; radium jezzail; Ironstrider feet.|https://wahapedia.ru/wh40k11ed/factions/adeptus-mechanicus/Sydonian-Dragoons-With-Radium-Jezzails
3695|Sydonian Skatros|AdM|Adeptus Mechanicus|Infantry Character|Adeptus Mechanicus|false|false||This model is equipped with: Mechanicus pistol; radium jezzail; Sydonian feet.|https://wahapedia.ru/wh40k11ed/factions/adeptus-mechanicus/Sydonian-Skatros
4119|Servitor Battleclade|AdM|Adeptus Mechanicus|Infantry|Adeptus Mechanicus|false|false||The Servitor Underseer is equipped with: Mechanicus pistol; dataspikes. 1 Gun Servitor is equipped with: heavy arc rifle; servo-claw. 1 Gun Servitor is equipped with: heavy bolter; servo-claw. Every Combat Servitor is equipped with: phosphor blaster; servo-claw.|https://wahapedia.ru/wh40k11ed/factions/adeptus-mechanicus/Servitor-Battleclade
4210|Thulia Ghuld|AdM|Adeptus Mechanicus|Monster Epic Hero|Adeptus Mechanicus|false|false||This model is equipped with: Jericho-class conversion resonator; Rod of the War Forge.|https://wahapedia.ru/wh40k11ed/factions/adeptus-mechanicus/Thulia-Ghuld
4211|Hastarii Exterminators|AdM|Adeptus Mechanicus|Infantry|Adeptus Mechanicus|false|false||The Hastarii Exterminator Alpha is equipped with: Hastarii arc blaster; eradication caster; power weapon. Every Hastarii Exterminator is equipped with: Hastarii arc blaster; eradication caster; close combat weapon.|https://wahapedia.ru/wh40k11ed/factions/adeptus-mechanicus/Hastarii-Exterminators
4212|Hastarii Fusiliers|AdM|Adeptus Mechanicus|Infantry|Adeptus Mechanicus|false|false||The Hastarii Fusilier Alpha is equipped with: neutron fusil; Hastarii phosphor blaster; power weapon. Every Hastarii Fusiller is equipped with: neutron fusil; Hastarii phosphor blaster; close combat weapon.|https://wahapedia.ru/wh40k11ed/factions/adeptus-mechanicus/Hastarii-Fusiliers
568|Eldrad Ulthran|AE|Aeldari|Infantry Epic Hero|Aeldari|false|false||This model is equipped with: Mind War; shuriken pistol; Staff of Ulthamar and witchblade.|https://wahapedia.ru/wh40k11ed/factions/aeldari/Eldrad-Ulthran
570|Illic Nightspear|AE|Aeldari|Infantry Epic Hero|Aeldari (Warhammer Legends)|true|false||This model is equipped with: Voidbringer; shuriken pistol; Aeldari power sword.|https://wahapedia.ru/wh40k11ed/factions/aeldari/Illic-Nightspear
571|Asurmen|AE|Aeldari|Infantry Epic Hero|Aeldari|false|false||This model is equipped with: Bloody Twins; Sword of Asur.|https://wahapedia.ru/wh40k11ed/factions/aeldari/Asurmen
572|Jain Zar|AE|Aeldari|Infantry Epic Hero|Aeldari|false|false||This model is equipped with: Silent Death; Blade of Destruction.|https://wahapedia.ru/wh40k11ed/factions/aeldari/Jain-Zar
573|Karandras|AE|Aeldari|Infantry Epic Hero|Aeldari (Warhammer Legends)|true|false||This model is equipped with: Arhra’s Bane; Isirmathil; the Scorpion’s Bite.|https://wahapedia.ru/wh40k11ed/factions/aeldari/Karandras
574|Fuegan|AE|Aeldari|Infantry Epic Hero|Aeldari|false|false||This model is equipped with: Searsong; Fire Axe.|https://wahapedia.ru/wh40k11ed/factions/aeldari/Fuegan
575|Baharroth|AE|Aeldari|Infantry Epic Hero|Aeldari|false|false||This model is equipped with: Fury of the Tempest; Shining Blade.|https://wahapedia.ru/wh40k11ed/factions/aeldari/Baharroth
576|Maugan Ra|AE|Aeldari|Infantry Epic Hero|Aeldari|false|false||This model is equipped with: Maugetar.|https://wahapedia.ru/wh40k11ed/factions/aeldari/Maugan-Ra
577|Autarch|AE|Aeldari|Infantry Character|Aeldari|false|false||This model is equipped with: shuriken pistol; star glaive.|https://wahapedia.ru/wh40k11ed/factions/aeldari/Autarch
580|Autarch Skyrunner|AE|Aeldari|Mounted Character|Aeldari (Warhammer Legends)|true|false||This model is equipped with: close combat weapon; laser lance; twin shuriken catapult.|https://wahapedia.ru/wh40k11ed/factions/aeldari/Autarch-Skyrunner
581|Avatar of Khaine|AE|Aeldari|Monster Epic Hero|Aeldari|false|false||This model is equipped with: the Wailing Doom|https://wahapedia.ru/wh40k11ed/factions/aeldari/Avatar-of-Khaine
582|Farseer|AE|Aeldari|Infantry Character|Aeldari|false|false||This model is equipped with: Eldritch Storm; shuriken pistol; witchblade.|https://wahapedia.ru/wh40k11ed/factions/aeldari/Farseer
583|Farseer Skyrunner|AE|Aeldari|Mounted Character|Aeldari|false|false||This model is equipped with: Eldritch Storm; shuriken pistol; twin shuriken catapult; witchblade.|https://wahapedia.ru/wh40k11ed/factions/aeldari/Farseer-Skyrunner
584|Warlock Conclave|AE|Aeldari|Infantry|Aeldari|false|false||Every model is equipped with: Destructor; shuriken pistol; witchblade.|https://wahapedia.ru/wh40k11ed/factions/aeldari/Warlock-Conclave
585|Warlock|AE|Aeldari|Infantry Character|Aeldari|false|false||This model is equipped with: Destructor; shuriken pistol; witchblade.|https://wahapedia.ru/wh40k11ed/factions/aeldari/Warlock
587|Warlock Skyrunners|AE|Aeldari|Mounted|Aeldari|false|false||Every model is equipped with: Destructor; shuriken pistol; twin shuriken catapult; witchblade.|https://wahapedia.ru/wh40k11ed/factions/aeldari/Warlock-Skyrunners
588|Spiritseer|AE|Aeldari|Infantry Character|Aeldari|false|false||This model is equipped with: shuriken pistol; witch staff.|https://wahapedia.ru/wh40k11ed/factions/aeldari/Spiritseer
589|Guardian Defenders|AE|Aeldari|Battleline|Aeldari|false|false||Every Guardian Defender is equipped with: shuriken catapult; close combat weapon. The Heavy Weapon Platform is equipped with: shuriken cannon; close combat weapon.|https://wahapedia.ru/wh40k11ed/factions/aeldari/Guardian-Defenders
590|Storm Guardians|AE|Aeldari|Battleline|Aeldari|false|false||Every Storm Guardian is equipped with: shuriken pistol; close combat weapon. The Serpent’s Scale Platform is equipped with: close combat weapon; Serpent shield.|https://wahapedia.ru/wh40k11ed/factions/aeldari/Storm-Guardians
591|Windriders|AE|Aeldari|Mounted|Aeldari|false|false||Every model is equipped with: twin shuriken catapult; close combat weapon.|https://wahapedia.ru/wh40k11ed/factions/aeldari/Windriders
592|Rangers|AE|Aeldari|Infantry|Aeldari|false|false||Every model is equipped with: long rifle; shuriken pistol; close combat weapon.|https://wahapedia.ru/wh40k11ed/factions/aeldari/Rangers
593|Dire Avengers|AE|Aeldari|Infantry|Aeldari|false|false||Every model is equipped with: Avenger shuriken catapult; close combat weapon.|https://wahapedia.ru/wh40k11ed/factions/aeldari/Dire-Avengers
594|Howling Banshees|AE|Aeldari|Infantry|Aeldari|false|false||Every model is equipped with: shuriken pistol; Banshee blade.|https://wahapedia.ru/wh40k11ed/factions/aeldari/Howling-Banshees
595|Striking Scorpions|AE|Aeldari|Infantry|Aeldari|false|false||The Striking Scorpion Exarch is equipped with: shuriken pistol; Scorpion chainsword; Scorpion’s claw. Every Striking Scorpion is equipped with: shuriken pistol; Scorpion chainsword.|https://wahapedia.ru/wh40k11ed/factions/aeldari/Striking-Scorpions
596|Fire Dragons|AE|Aeldari|Infantry|Aeldari|false|false||The Fire Dragon Exarch is equipped with: Exarch’s Dragon fusion gun; close combat weapon. Every Fire Dragon is equipped with: Dragon fusion gun; close combat weapon.|https://wahapedia.ru/wh40k11ed/factions/aeldari/Fire-Dragons
597|Wraithguard|AE|Aeldari|Infantry|Aeldari|false|false||Every model is equipped with: wraithcannon; close combat weapon.|https://wahapedia.ru/wh40k11ed/factions/aeldari/Wraithguard
598|Wraithblades|AE|Aeldari|Infantry|Aeldari|false|false||Every model is equipped with: ghostswords.|https://wahapedia.ru/wh40k11ed/factions/aeldari/Wraithblades
599|Wave Serpent|AE|Aeldari|Dedicated Transports|Aeldari|false|false|This model has a transport capacity of 12 Asuryani Infantry models. Each Wraith Construct model takes the space of 2 models. It cannot transport Jump Pack models or Ynnari models (excluding Asuryani, Yvraine and The Visarch models).|This model is equipped with: twin shuriken cannon; twin shuriken catapult; wraithbone hull.|https://wahapedia.ru/wh40k11ed/factions/aeldari/Wave-Serpent
600|Swooping Hawks|AE|Aeldari|Infantry|Aeldari|false|false||The Swooping Hawk Exarch is equipped with: Hawk’s talon; close combat weapon. Every Swooping Hawk is equipped with: lasblaster; close combat weapon.|https://wahapedia.ru/wh40k11ed/factions/aeldari/Swooping-Hawks
601|Warp Spiders|AE|Aeldari|Infantry|Aeldari|false|false||The Warp Spider Exarch is equipped with: Exarch’s death spinner; close combat weapon. Every Warp Spider is equipped with: death spinner; close combat weapon.|https://wahapedia.ru/wh40k11ed/factions/aeldari/Warp-Spiders
602|Shining Spears|AE|Aeldari|Mounted|Aeldari|false|false||Every model is equipped with: laser lance; twin shuriken catapult.|https://wahapedia.ru/wh40k11ed/factions/aeldari/Shining-Spears
603|Crimson Hunter|AE|Aeldari|Aircraft|Aeldari|false|false||This model is equipped with: 2 starcannons; pulse laser; wraithbone hull.|https://wahapedia.ru/wh40k11ed/factions/aeldari/Crimson-Hunter
605|Vypers|AE|Aeldari|Vehicle|Aeldari|false|false||Every model is equipped with: shuriken cannon; bright lance; wraithbone hull.|https://wahapedia.ru/wh40k11ed/factions/aeldari/Vypers
606|Hemlock Wraithfighter|AE|Aeldari|Aircraft|Aeldari|false|false||This model is equipped with: 2 heavy D-scythes; wraithbone hull.|https://wahapedia.ru/wh40k11ed/factions/aeldari/Hemlock-Wraithfighter
607|Dark Reapers|AE|Aeldari|Infantry|Aeldari|false|false||Every model is equipped with: Reaper launcher; close combat weapon.|https://wahapedia.ru/wh40k11ed/factions/aeldari/Dark-Reapers
609|Falcon|AE|Aeldari|Transport|Aeldari|false|false|This model has a transport capacity of 6 Aeldari Infantry models. Each Wraith Construct model takes the space of 2 models. It cannot transport Jump Pack models or Ynnari models (excluding Asuryani, Yvraine and The Visarch models).|This model is equipped with: pulse laser; scatter laser; twin shuriken catapult; wraithbone hull.|https://wahapedia.ru/wh40k11ed/factions/aeldari/Falcon
610|Fire Prism|AE|Aeldari|Vehicle|Aeldari|false|false||This model is equipped with: prism cannon; twin shuriken catapult; wraithbone hull.|https://wahapedia.ru/wh40k11ed/factions/aeldari/Fire-Prism
611|Night Spinner|AE|Aeldari|Vehicle|Aeldari|false|false||This model is equipped with: doomweaver; twin shuriken catapult; wraithbone hull.|https://wahapedia.ru/wh40k11ed/factions/aeldari/Night-Spinner
612|War Walkers|AE|Aeldari|Walker|Aeldari|false|false||Every model is equipped with: 2 shuriken cannons; War Walker feet.|https://wahapedia.ru/wh40k11ed/factions/aeldari/War-Walkers
613|Wraithlord|AE|Aeldari|Monster|Aeldari|false|false||This model is equipped with: 2 shuriken catapults; wraithbone fists.|https://wahapedia.ru/wh40k11ed/factions/aeldari/Wraithlord
614|Wraithknight|AE|Aeldari|Monster|Aeldari|false|false||This model is equipped with: suncannon; titanic feet; scattershield.|https://wahapedia.ru/wh40k11ed/factions/aeldari/Wraithknight
615|Shadow Spectres|AE|Aeldari|Infantry|Aeldari (Warhammer Legends)|true|false||Every model is equipped with: prism rifle; close combat weapon.|https://wahapedia.ru/wh40k11ed/factions/aeldari/Shadow-Spectres
616|Wasp Assault Walker|AE|Aeldari|Walker|Aeldari (Warhammer Legends)|true|false||This model is equipped with: scatter laser; shuriken cannon; Wasp feet.|https://wahapedia.ru/wh40k11ed/factions/aeldari/Wasp-Assault-Walker
617|Wraithseer|AE|Aeldari|Monster|Aeldari (Warhammer Legends)|true|false||This model is equipped with: destructor; ghostspear.|https://wahapedia.ru/wh40k11ed/factions/aeldari/Wraithseer
618|Hornet|AE|Aeldari|Vehicle|Aeldari (Warhammer Legends)|true|false||This model is equipped with: 2 Hornet pulse lasers; wraithbone hull.|https://wahapedia.ru/wh40k11ed/factions/aeldari/Hornet
619|Warp Hunter|AE|Aeldari|Vehicle|Aeldari (Warhammer Legends)|true|false||This model is equipped with: D-flail; twin shuriken catapult; wraithbone hull.|https://wahapedia.ru/wh40k11ed/factions/aeldari/Warp-Hunter
620|Lynx|AE|Aeldari|Vehicle|Aeldari (Warhammer Legends)|true|false||This model is equipped with: Lynx pulsar; shuriken cannon; wraithbone hull.|https://wahapedia.ru/wh40k11ed/factions/aeldari/Lynx
621|Scorpion|AE|Aeldari|Titanic|Aeldari (Warhammer Legends)|true|false||This model is equipped with: shuriken cannon; twin Scorpion pulsar; wraithbone hull.|https://wahapedia.ru/wh40k11ed/factions/aeldari/Scorpion
622|Cobra|AE|Aeldari|Titanic|Aeldari (Warhammer Legends)|true|false||This model is equipped with: D-impaler; shuriken cannon; wraithbone hull.|https://wahapedia.ru/wh40k11ed/factions/aeldari/Cobra
623|Nightwing|AE|Aeldari|Aircraft|Aeldari (Warhammer Legends)|true|false||This model is equipped with: twin bright lance; twin shuriken cannon; wraithbone hull.|https://wahapedia.ru/wh40k11ed/factions/aeldari/Nightwing
624|Phoenix|AE|Aeldari|Aircraft|Aeldari (Warhammer Legends)|true|false||This model is equipped with: Phoenix missile array; Phoenix pulse laser; twin shuriken cannon; wraithbone hull.|https://wahapedia.ru/wh40k11ed/factions/aeldari/Phoenix
625|Vampire Raider|AE|Aeldari|Titanic|Aeldari (Warhammer Legends)|true|false|This model has a transport capacity of 30 Aeldari Infantry models. Each Wraith Construct model takes the space of 2 models. It cannot transport Jump Pack models or Ynnari models (excluding Yvraine and The Visarch).|This model is equipped with: scatter laser; 2 twin pulse lasers; wraithbone hull.|https://wahapedia.ru/wh40k11ed/factions/aeldari/Vampire-Raider
626|Vampire Hunter|AE|Aeldari|Aircraft|Aeldari (Warhammer Legends)|true|false||This model is equipped with: scatter laser; 2 twin pulse lasers; twin Vampire pulsar; wraithbone hull.|https://wahapedia.ru/wh40k11ed/factions/aeldari/Vampire-Hunter
627|Skathach Wraithknight|AE|Aeldari|Monster|Aeldari (Warhammer Legends)|true|false||This model is equipped with: inferno lance; titanic feet; scattershield.|https://wahapedia.ru/wh40k11ed/factions/aeldari/Skathach-Wraithknight
628|Revenant Titan|AE|Aeldari|Monster|Aeldari (Forge World)|false|false||This model is equipped with: cloudburst missile launcher; Revenant pulsar; sonic lance; Revenant feet.|https://wahapedia.ru/wh40k11ed/factions/aeldari/Revenant-Titan
629|Corsair Cloud Dancer Band|AE|Aeldari|Mounted|Aeldari (Warhammer Legends)|true|false||Every model is equipped with: brace of pistols; twin shuriken catapult; close combat weapon.|https://wahapedia.ru/wh40k11ed/factions/aeldari/Corsair-Cloud-Dancer-Band
630|Irillyth|AE|Aeldari|Infantry Epic Hero|Aeldari (Warhammer Legends)|true|false||This model is equipped with: Spear of Starlight.|https://wahapedia.ru/wh40k11ed/factions/aeldari/Irillyth
631|Phantom Titan|AE|Aeldari|Monster|Aeldari (Forge World)|false|false||This model is equipped with: D-bombard; Phantom pulsar; Phantom starcannon; voidstorm missile launcher; Phantom feet.|https://wahapedia.ru/wh40k11ed/factions/aeldari/Phantom-Titan
632|Corsair Reaver Band|AE|Aeldari|Infantry|Aeldari (Warhammer Legends)|true|false||Every model is equipped with: brace of pistols; Corsair firearm; close combat weapon.|https://wahapedia.ru/wh40k11ed/factions/aeldari/Corsair-Reaver-Band
1393|Firestorm|AE|Aeldari|Vehicle|Aeldari (Warhammer Legends)|true|false|This model has a transport capacity of 6 Aeldari Infantry models. Each Wraith Construct model takes the space of 2 models. It cannot transport Jump Pack models or Ynnari models (excluding Yvraine and The Visarch).|This model is equipped with: Firestorm scatter laser; twin shuriken catapult; wraithbone hull.|https://wahapedia.ru/wh40k11ed/factions/aeldari/Firestorm
1400|Bonesinger|AE|Aeldari|Infantry Character|Aeldari (Warhammer Legends)|true|false||This model is equipped with: psytronome shaper.|https://wahapedia.ru/wh40k11ed/factions/aeldari/Bonesinger
1598|Amallyn Shadowguide|AE|Aeldari|Infantry Epic Hero|Aeldari (Warhammer Legends)|true|false||This model is equipped with: ranger long rifle; power blade.|https://wahapedia.ru/wh40k11ed/factions/aeldari/Amallyn-Shadowguide
2459|Webway Gate|AE|Aeldari|Fortifications|Aeldari (Warhammer Legends)|true|false||This unit is equipped with: nothing.|https://wahapedia.ru/wh40k11ed/factions/aeldari/Webway-Gate
2531|Corsair Voidreavers|AE|Aeldari|Battleline|Aeldari|false|false||Every model is equipped with: shuriken pistol; power sword; close combat weapon.|https://wahapedia.ru/wh40k11ed/factions/aeldari/Corsair-Voidreavers
2532|Corsair Voidscarred|AE|Aeldari|Infantry|Aeldari|false|false||Every Corsair Voidscarred and Voidscarred Felarch is equipped with: shuriken pistol; power sword; close combat weapon. A Shade Runner is equipped with: shuriken pistol; paired Hekatarii blades. A Soul Weaver is equipped with: shuriken pistol; power sword; channeller stones. A Way Seeker is equipped with: shuriken pistol; Executioner; witch staff.|https://wahapedia.ru/wh40k11ed/factions/aeldari/Corsair-Voidscarred
2533|Shroud Runners|AE|Aeldari|Mounted|Aeldari|false|false||Every model is equipped with: long rifle; scatter laser; shuriken pistol; close combat weapon.|https://wahapedia.ru/wh40k11ed/factions/aeldari/Shroud-Runners
2534|Troupe Master|AE|Aeldari|Infantry Character|Aeldari|false|false||This model is equipped with: shuriken pistol; Troupe Master’s blade; flip belt.|https://wahapedia.ru/wh40k11ed/factions/aeldari/Troupe-Master
2535|Shadowseer|AE|Aeldari|Infantry Character|Aeldari|false|false||This model is equipped with: shuriken pistol; miststave; flip belt.|https://wahapedia.ru/wh40k11ed/factions/aeldari/Shadowseer
2536|Troupe|AE|Aeldari|Infantry|Aeldari|false|false||Every model is equipped with: shuriken pistol; Harlequin’s blade, flip belt.|https://wahapedia.ru/wh40k11ed/factions/aeldari/Troupe
2537|Death Jester|AE|Aeldari|Infantry Character|Aeldari|false|false||This model is equipped with: shrieker cannon; Jester’s blade; flip belt.|https://wahapedia.ru/wh40k11ed/factions/aeldari/Death-Jester
2538|Solitaire|AE|Aeldari|Infantry Epic Hero|Aeldari|false|false||This model is equipped with: Solitaire weapons, flip belt.|https://wahapedia.ru/wh40k11ed/factions/aeldari/Solitaire
2539|Skyweavers|AE|Aeldari|Mounted|Aeldari|false|false||Every model is equipped with: shuriken cannon; star bolas; close combat weapon.|https://wahapedia.ru/wh40k11ed/factions/aeldari/Skyweavers
2540|Voidweaver|AE|Aeldari|Vehicle|Aeldari|false|false||This model is equipped with: 2 shuriken cannons; Voidweaver haywire cannon; close combat weapon.|https://wahapedia.ru/wh40k11ed/factions/aeldari/Voidweaver
2541|Starweaver|AE|Aeldari|Dedicated Transports|Aeldari|false|false|This model has a transport capacity of 6 Harlequins Infantry models.|This model is equipped with: 2 shuriken cannons; close combat weapon.|https://wahapedia.ru/wh40k11ed/factions/aeldari/Starweaver
2542|Yvraine|AE|Aeldari|Infantry Epic Hero|Aeldari|false|false||This model is equipped with: Storm of Whispers; Kha-vir.|https://wahapedia.ru/wh40k11ed/factions/aeldari/Yvraine
2543|The Visarch|AE|Aeldari|Infantry Epic Hero|Aeldari|false|false||This model is equipped with: Asu-var.|https://wahapedia.ru/wh40k11ed/factions/aeldari/The-Visarch
2544|The Yncarne|AE|Aeldari|Monster Epic Hero|Aeldari|false|false||This model is equipped with: swirling soul energy; Vilith-zhar.|https://wahapedia.ru/wh40k11ed/factions/aeldari/The-Yncarne
2759|Autarch Wayleaper|AE|Aeldari|Infantry Character|Aeldari|false|false||This model is equipped with: shuriken pistol; star glaive.|https://wahapedia.ru/wh40k11ed/factions/aeldari/Autarch-Wayleaper
3909|Lhykhis|AE|Aeldari|Infantry Epic Hero|Aeldari|false|false||This model is equipped with: Brood Twain; Spider’s Fangs; Weaverender.|https://wahapedia.ru/wh40k11ed/factions/aeldari/Lhykhis
3910|D-cannon Platform|AE|Aeldari|Infantry|Aeldari|false|false||This model is equipped with: D-cannon; shuriken catapult; close combat weapon.|https://wahapedia.ru/wh40k11ed/factions/aeldari/D-cannon-Platform
3911|Shadow Weaver Platform|AE|Aeldari|Infantry|Aeldari|false|false||This model is equipped with: shadow weaver; shuriken catapult; close combat weapon.|https://wahapedia.ru/wh40k11ed/factions/aeldari/Shadow-Weaver-Platform
3912|Vibro Cannon Platform|AE|Aeldari|Infantry|Aeldari|false|false||This model is equipped with: vibro cannon; shuriken catapult; close combat weapon.|https://wahapedia.ru/wh40k11ed/factions/aeldari/Vibro-Cannon-Platform
3913|Wraithknight with Ghostglaive|AE|Aeldari|Monster|Aeldari|false|false||This model is equipped with: titanic ghostglaive; scattershield.|https://wahapedia.ru/wh40k11ed/factions/aeldari/Wraithknight-with-Ghostglaive
3914|Ynnari Archon|AE|Aeldari|Infantry Character|Aeldari|false|false||This model is equipped with: splinter pistol; huskblade; shadow field.|https://wahapedia.ru/wh40k11ed/factions/aeldari/Ynnari-Archon
3915|Ynnari Succubus|AE|Aeldari|Infantry Character|Aeldari|false|false||This model is equipped with: Succubus weapons.|https://wahapedia.ru/wh40k11ed/factions/aeldari/Ynnari-Succubus
3916|Ynnari Kabalite Warriors|AE|Aeldari|Battleline|Aeldari|false|false||Every model is equipped with: splinter rifle; close combat weapon.|https://wahapedia.ru/wh40k11ed/factions/aeldari/Ynnari-Kabalite-Warriors
3917|Ynnari Wyches|AE|Aeldari|Battleline|Aeldari|false|false||Every model is equipped with: splinter pistol; Hekatarii blade.|https://wahapedia.ru/wh40k11ed/factions/aeldari/Ynnari-Wyches
3918|Ynnari Incubi|AE|Aeldari|Infantry|Aeldari|false|false||Every model is equipped with: klaive.|https://wahapedia.ru/wh40k11ed/factions/aeldari/Ynnari-Incubi
3919|Ynnari Reavers|AE|Aeldari|Mounted|Aeldari|false|false||Every model is equipped with: splinter pistol; splinter rifle; bladevanes.|https://wahapedia.ru/wh40k11ed/factions/aeldari/Ynnari-Reavers
3920|Ynnari Raider|AE|Aeldari|Dedicated Transports|Aeldari|false|false|This model has a transport capacity of 11 models from the following units: The Visarch, Ynnari Archon, Ynnari Incubi, Ynnari Kabalite Warriors, Ynnari Succubus, Ynnari Wyches, Yvraine|This model is equipped with: dark lance; bladevanes.|https://wahapedia.ru/wh40k11ed/factions/aeldari/Ynnari-Raider
3921|Ynnari Venom|AE|Aeldari|Dedicated Transports|Aeldari|false|false|This model has a transport capacity of 6 models from the following units: The Visarch, Ynnari Archon, Ynnari Incubi, Ynnari Kabalite Warriors, Ynnari Succubus, Ynnari Wyches, Yvraine. Before the battle, at the start of the Declare Battle Formations step, you can select one YNNARI KABALITE WARRIORS or YNNARI WYCHES unit from your army that has not already been split. If you do, that unit is split into two units, each containing as equal a number of models as possible (when splitting a unit in this way, make a note of which models form each of the two new units). One of these units must start the battle embarked within this TRANSPORT; the other can start the battle embarked within another TRANSPORT, or it can be deployed as a separate unit.|This model is equipped with: splinter cannon; twin splinter rifle; bladevanes.|https://wahapedia.ru/wh40k11ed/factions/aeldari/Ynnari-Venom
4193|Prince Yriel|AE|Aeldari|Infantry Epic Hero|Aeldari|false|false||This model is equipped with: Eye of Wrath; shuriken pistol; Spear of Twilight.|https://wahapedia.ru/wh40k11ed/factions/aeldari/Prince-Yriel
4194|Kharseth|AE|Aeldari|Infantry Epic Hero|Aeldari|false|false||This model is equipped with: Dread of the Deep Void; Waystave.|https://wahapedia.ru/wh40k11ed/factions/aeldari/Kharseth
4195|Starfangs|AE|Aeldari|Vehicle|Aeldari|false|false||Every model is equipped with: disintegrator cannon; Starfang grenade launcher; wraithbone hull.|https://wahapedia.ru/wh40k11ed/factions/aeldari/Starfangs
4196|Corsair Skyreavers|AE|Aeldari|Infantry|Aeldari|false|false||Every model is equipped with: shuriken pistol; Corsair blade.|https://wahapedia.ru/wh40k11ed/factions/aeldari/Corsair-Skyreavers
4235|Dragon Knights|AE|Aeldari|Mounted|Aeldari|false|false||Every model is equipped with: 1 Drakesteed Fangs and Talons; 1 Laser Lance; 1 Solar Carbine.|https://wahapedia.ru/wh40k11ed/factions/aeldari/Dragon-Knights
4236|Leystalker|AE|Aeldari|Mounted Character|Aeldari|false|false||This model is equipped with: 2 Drakolithe; 1 Drakesteed Fangs and Talons; 1 Long Rifle; 1 Hunting Blades.|https://wahapedia.ru/wh40k11ed/factions/aeldari/Leystalker
4237|Stonesinger|AE|Aeldari|Mounted Character|Aeldari|false|false||This model is equipped with: 1 Drakesteed Fangs and Talons; 1 Song of Waning; 1 Solar Carbine; 1 Stone Stave; 1 Venomcrest Spit.|https://wahapedia.ru/wh40k11ed/factions/aeldari/Stonesinger
4238|Clanblade|AE|Aeldari|Mounted Character|Aeldari|false|false||This model is equipped with: 1 Drakesteed Fangs and Talons; 1 Moonblades; 1 Solar Carbine.|https://wahapedia.ru/wh40k11ed/factions/aeldari/Clanblade
680|Leman Russ Commander|AM|Astra Militarum|Vehicle Character|Astra Militarum|false|false||This model is equipped with: lascannon; Leman Russ battle cannon; armoured tracks.|https://wahapedia.ru/wh40k11ed/factions/astra-militarum/Leman-Russ-Commander
686|Cadian Heavy Weapons Squad|AM|Astra Militarum|Infantry|Astra Militarum|false|false||Every model is equipped with: heavy bolter; laspistol; weapons team close combat weapons.|https://wahapedia.ru/wh40k11ed/factions/astra-militarum/Cadian-Heavy-Weapons-Squad
690|Scout Sentinels|AM|Astra Militarum|Walker|Astra Militarum|false|false||Every model is equipped with: multi-laser; close combat weapon.|https://wahapedia.ru/wh40k11ed/factions/astra-militarum/Scout-Sentinels
691|Armoured Sentinels|AM|Astra Militarum|Walker|Astra Militarum|false|false||Every model is equipped with: multi-laser; close combat weapon.|https://wahapedia.ru/wh40k11ed/factions/astra-militarum/Armoured-Sentinels
692|Chimera|AM|Astra Militarum|Dedicated Transports|Astra Militarum|false|false|This model has a transport capacity of 12 Astra Militarum Infantry models. Each Ogryn model takes up the space of 3 models. It cannot transport Artillery models.|This model is equipped with: multi-laser; heavy bolter; lasgun array; armoured tracks.|https://wahapedia.ru/wh40k11ed/factions/astra-militarum/Chimera
693|Taurox|AM|Astra Militarum|Dedicated Transports|Astra Militarum|false|false|This model has a transport capacity of 12 Astra Militarum Infantry models. Each Ogryn model takes up the space of 3 models. It cannot transport Artillery models.|This model is equipped with: twin autocannon; armoured tracks.|https://wahapedia.ru/wh40k11ed/factions/astra-militarum/Taurox
694|Hellhound|AM|Astra Militarum|Vehicle|Astra Militarum|false|false||This model is equipped with: heavy flamer; inferno cannon; armoured tracks.|https://wahapedia.ru/wh40k11ed/factions/astra-militarum/Hellhound
695|Basilisk|AM|Astra Militarum|Artillery|Astra Militarum|false|false||This model is equipped with: earthshaker cannon; heavy bolter; armoured tracks.|https://wahapedia.ru/wh40k11ed/factions/astra-militarum/Basilisk
696|Hydra|AM|Astra Militarum|Vehicle|Astra Militarum|false|false||This model is equipped with: heavy bolter; Hydra autocannon; armoured tracks.|https://wahapedia.ru/wh40k11ed/factions/astra-militarum/Hydra
697|Wyvern|AM|Astra Militarum|Artillery|Astra Militarum|false|false||This model is equipped with: heavy bolter; Wyvern quad stormshard mortar; armoured tracks.|https://wahapedia.ru/wh40k11ed/factions/astra-militarum/Wyvern
698|Manticore|AM|Astra Militarum|Artillery|Astra Militarum|false|false||This model is equipped with: heavy bolter; storm eagle rockets; armoured tracks.|https://wahapedia.ru/wh40k11ed/factions/astra-militarum/Manticore
699|Deathstrike|AM|Astra Militarum|Artillery|Astra Militarum|false|false||This model is equipped with: heavy bolter; Deathstrike missile; armoured tracks.|https://wahapedia.ru/wh40k11ed/factions/astra-militarum/Deathstrike
700|Leman Russ Battle Tank|AM|Astra Militarum|Vehicle|Astra Militarum|false|false||This model is equipped with: lascannon; Leman Russ battle cannon; armoured tracks.|https://wahapedia.ru/wh40k11ed/factions/astra-militarum/Leman-Russ-Battle-Tank
701|Leman Russ Demolisher|AM|Astra Militarum|Vehicle|Astra Militarum|false|false||This model is equipped with: demolisher battle cannon; lascannon; armoured tracks.|https://wahapedia.ru/wh40k11ed/factions/astra-militarum/Leman-Russ-Demolisher
702|Baneblade|AM|Astra Militarum|Titanic|Astra Militarum|false|false||This model is equipped with: Baneblade cannon; coaxial autocannon; demolisher cannon; heavy stubber; 2 lascannons; twin heavy bolter; 2 twin heavy flamers; armoured tracks.|https://wahapedia.ru/wh40k11ed/factions/astra-militarum/Baneblade
703|Banehammer|AM|Astra Militarum|Titanic|Astra Militarum|false|false|This model has a transport capacity of 26 Astra Militarum Infantry models. Each Ogryn model takes up the space of 3 models. It cannot transport Artillery models.|This model is equipped with: 2 lascannons; tremor cannon; twin heavy bolter; 2 twin heavy flamers; armoured tracks.|https://wahapedia.ru/wh40k11ed/factions/astra-militarum/Banehammer
704|Banesword|AM|Astra Militarum|Titanic|Astra Militarum|false|false||This model is equipped with: 2 lascannons; quake cannon; twin heavy bolter; 2 twin heavy flamers; armoured tracks.|https://wahapedia.ru/wh40k11ed/factions/astra-militarum/Banesword
705|Doomhammer|AM|Astra Militarum|Titanic|Astra Militarum|false|false|This model has a transport capacity of 26 Astra Militarum Infantry models. Each Ogryn model takes up the space of 3 models. It cannot transport Artillery models.|This model is equipped with: 2 lascannons; magma cannon; twin heavy bolter; 2 twin heavy flamers; armoured tracks.|https://wahapedia.ru/wh40k11ed/factions/astra-militarum/Doomhammer
706|Hellhammer|AM|Astra Militarum|Titanic|Astra Militarum|false|false||This model is equipped with: coaxial autocannon; demolisher cannon; heavy stubber; Hellhammer cannon; 2 lascannons; twin heavy bolter; 2 twin heavy flamers; armoured tracks.|https://wahapedia.ru/wh40k11ed/factions/astra-militarum/Hellhammer
707|Shadowsword|AM|Astra Militarum|Titanic|Astra Militarum|false|false||This model is equipped with: 2 lascannons; twin heavy bolter; 2 twin heavy flamers; volcano cannon; armoured tracks.|https://wahapedia.ru/wh40k11ed/factions/astra-militarum/Shadowsword
708|Stormlord|AM|Astra Militarum|Titanic|Astra Militarum|false|false|This model has a transport capacity of 40 Astra Militarum Infantry models. Each Ogryn model takes up the space of 3 models. It cannot transport Artillery models.|This model is equipped with: 2 heavy stubbers; 2 lascannons; twin heavy bolter; 2 twin heavy flamers; vulcan mega-bolter; armoured tracks|https://wahapedia.ru/wh40k11ed/factions/astra-militarum/Stormlord
709|Stormsword|AM|Astra Militarum|Titanic|Astra Militarum|false|false||This model is equipped with: 2 lascannons; Stormsword siege cannon; twin heavy bolter; 2 twin heavy flamers; armoured tracks.|https://wahapedia.ru/wh40k11ed/factions/astra-militarum/Stormsword
713|‘Iron Hand’ Straken|AM|Astra Militarum|Infantry Epic Hero|Astra Militarum (Warhammer Legends)|true|false||This model is equipped with: auto shotgun; plasma pistol; bionic arm with devil’s claw.|https://wahapedia.ru/wh40k11ed/factions/astra-militarum/Iron-Hand-Straken
714|Sergeant Harker|AM|Astra Militarum|Infantry Epic Hero|Astra Militarum (Warhammer Legends)|true|false||This model is equipped with: Payback; close combat weapon.|https://wahapedia.ru/wh40k11ed/factions/astra-militarum/Sergeant-Harker
716|Commissar|AM|Astra Militarum|Infantry Character|Astra Militarum|false|false||This model is equipped with: bolt pistol; chainsword.|https://wahapedia.ru/wh40k11ed/factions/astra-militarum/Commissar
719|Militarum Tempestus Command Squad|AM|Astra Militarum|Infantry Character|Astra Militarum|false|false||The Tempestor Prime is equipped with: bolt pistol; Tempestus dagger. Every Tempestus Scion is equipped with: hot-shot lasgun; close combat weapon.|https://wahapedia.ru/wh40k11ed/factions/astra-militarum/Militarum-Tempestus-Command-Squad
721|Taurox Prime|AM|Astra Militarum|Dedicated Transports|Astra Militarum|false|false|This model has a transport capacity of 12 Militarum Tempestus Infantry or Astra Militarum Infantry Character models.|This model is equipped with: Taurox battle cannon; twin Taurox hot-shot volley gun; armoured tracks.|https://wahapedia.ru/wh40k11ed/factions/astra-militarum/Taurox-Prime
722|Ogryn Squad|AM|Astra Militarum|Infantry|Astra Militarum|false|false||Every model is equipped with: ripper gun.|https://wahapedia.ru/wh40k11ed/factions/astra-militarum/Ogryn-Squad
723|Bullgryn Squad|AM|Astra Militarum|Infantry|Astra Militarum|false|false||Every model is equipped with: grenadier gauntlet; close combat weapon; slabshield.|https://wahapedia.ru/wh40k11ed/factions/astra-militarum/Bullgryn-Squad
724|Ratlings|AM|Astra Militarum|Infantry|Astra Militarum|false|false||Every model is equipped with: sniper rifle; close combat weapon.|https://wahapedia.ru/wh40k11ed/factions/astra-militarum/Ratlings
725|Nork Deddog|AM|Astra Militarum|Infantry Epic Hero|Astra Militarum|false|false||This model is equipped with: ripper gun; huge knife.|https://wahapedia.ru/wh40k11ed/factions/astra-militarum/Nork-Deddog
727|Valkyrie|AM|Astra Militarum|Transport|Astra Militarum|false|false|This model has a transport capacity of 12 Astra Militarum Infantry models. Each Ogryn model takes up the space of 3 models. It cannot transport Artillery models.|This model is equipped with: hellstrike missiles; multi-laser; armoured hull.|https://wahapedia.ru/wh40k11ed/factions/astra-militarum/Valkyrie
728|Atlas Recovery Vehicle|AM|Astra Militarum|Vehicle|Astra Militarum (Warhammer Legends)|true|false||This model is equipped with: heavy bolter; armoured tracks.|https://wahapedia.ru/wh40k11ed/factions/astra-militarum/Atlas-Recovery-Vehicle
729|Salamander Command Vehicle|AM|Astra Militarum|Vehicle|Astra Militarum (Warhammer Legends)|true|false||This model is equipped with: heavy bolter; heavy flamer; armoured tracks.|https://wahapedia.ru/wh40k11ed/factions/astra-militarum/Salamander-Command-Vehicle
730|Hades Breaching Drill|AM|Astra Militarum|Vehicle|Astra Militarum (Warhammer Legends)|true|false||This model is equipped with: melta-cutter drill.|https://wahapedia.ru/wh40k11ed/factions/astra-militarum/Hades-Breaching-Drill
731|Centaur Light Carrier|AM|Astra Militarum|Transport|Astra Militarum (Warhammer Legends)|true|false|This model has a transport capacity of 6 Astra Militarum Infantry models. Each Heavy Weapons Team model and Veteran Heavy Weapons Team model takes up the space of 2 models. It cannot transport Ogryn or Artillery models.|This model is equipped with: 2 heavy stubbers; armoured tracks.|https://wahapedia.ru/wh40k11ed/factions/astra-militarum/Centaur-Light-Carrier
733|Trojan Support Vehicle|AM|Astra Militarum|Vehicle|Astra Militarum (Warhammer Legends)|true|false||This model is equipped with: heavy bolter; armoured tracks.|https://wahapedia.ru/wh40k11ed/factions/astra-militarum/Trojan-Support-Vehicle
735|Salamander Scout Vehicle|AM|Astra Militarum|Vehicle|Astra Militarum (Warhammer Legends)|true|false||This model is equipped with: autocannon; heavy bolter; armoured tracks.|https://wahapedia.ru/wh40k11ed/factions/astra-militarum/Salamander-Scout-Vehicle
736|Tauros Assault Vehicle|AM|Astra Militarum|Mounted|Astra Militarum (Warhammer Legends)|true|false||This model is equipped with: heavy flamer; armoured frame.|https://wahapedia.ru/wh40k11ed/factions/astra-militarum/Tauros-Assault-Vehicle
737|Tauros Venator|AM|Astra Militarum|Mounted|Astra Militarum (Warhammer Legends)|true|false||This model is equipped with: twin multi-laser; armoured frame.|https://wahapedia.ru/wh40k11ed/factions/astra-militarum/Tauros-Venator
739|Armageddon-pattern Medusa|AM|Astra Militarum|Artillery|Astra Militarum (Warhammer Legends)|true|false||This model is equipped with: heavy bolter; Medusa siege cannon; armoured tracks.|https://wahapedia.ru/wh40k11ed/factions/astra-militarum/Armageddon-pattern-Medusa
740|Colossus|AM|Astra Militarum|Vehicle|Astra Militarum (Warhammer Legends)|true|false||This model is equipped with: Colossus siege mortar; armoured tracks.|https://wahapedia.ru/wh40k11ed/factions/astra-militarum/Colossus
741|Cyclops Demolition Vehicle|AM|Astra Militarum|Vehicle|Astra Militarum (Forge World)|false|false||This model is equipped with: nothing.|https://wahapedia.ru/wh40k11ed/factions/astra-militarum/Cyclops-Demolition-Vehicle
743|Earthshaker Carriage Battery|AM|Astra Militarum|Infantry|Astra Militarum (Warhammer Legends)|true|false||This model is equipped with: earthshaker cannon; battery close combat weapons. Designer’s Note: Place five Heavy Artillery Crew tokens next to each Earthshaker Carriage model when this unit is first set up, removing one each time its Earthshaker Carriage model loses a wound (an Earthshaker Carriage model itself is considered to represent its final wound). These do not count as models for any rules purposes.|https://wahapedia.ru/wh40k11ed/factions/astra-militarum/Earthshaker-Carriage-Battery
744|Griffon Mortar Carrier|AM|Astra Militarum|Artillery|Astra Militarum (Warhammer Legends)|true|false||This model is equipped with: heavy bolter; Griffon heavy mortar; armoured tracks.|https://wahapedia.ru/wh40k11ed/factions/astra-militarum/Griffon-Mortar-Carrier
745|Heavy Mortar Team|AM|Astra Militarum|Infantry|Astra Militarum (Warhammer Legends)|true|false||This model is equipped with: heavy mortar; close combat weapons.|https://wahapedia.ru/wh40k11ed/factions/astra-militarum/Heavy-Mortar-Team
746|Heavy Quad Launcher Team|AM|Astra Militarum|Infantry|Astra Militarum (Warhammer Legends)|true|false||This model is equipped with: heavy quad launcher; close combat weapons.|https://wahapedia.ru/wh40k11ed/factions/astra-militarum/Heavy-Quad-Launcher-Team
747|Hydra Platform|AM|Astra Militarum|Fortifications|Astra Militarum (Warhammer Legends)|true|false||This model is equipped with: Hydra quad autocannon; close combat weapons.|https://wahapedia.ru/wh40k11ed/factions/astra-militarum/Hydra-Platform
751|Malcador Annihilator|AM|Astra Militarum|Vehicle|Astra Militarum (Warhammer Legends)|true|false||This model is equipped with: demolisher cannon; 2 heavy bolters; Malcador twin lascannon; armoured tracks.|https://wahapedia.ru/wh40k11ed/factions/astra-militarum/Malcador-Annihilator
752|Malcador Defender|AM|Astra Militarum|Vehicle|Astra Militarum (Warhammer Legends)|true|false||This model is equipped with: demolisher cannon; 7 heavy bolters; armoured tracks.|https://wahapedia.ru/wh40k11ed/factions/astra-militarum/Malcador-Defender
753|Malcador|AM|Astra Militarum|Vehicle|Astra Militarum (Warhammer Legends)|true|false||This model is equipped with: 2 autocannons; heavy bolter; Malcador battle cannon; armoured tracks.|https://wahapedia.ru/wh40k11ed/factions/astra-militarum/Malcador
754|Malcador Infernus|AM|Astra Militarum|Vehicle|Astra Militarum (Warhammer Legends)|true|false||This model is equipped with: 2 heavy stubbers; inferno gun; armoured tracks.|https://wahapedia.ru/wh40k11ed/factions/astra-militarum/Malcador-Infernus
755|Manticore Platform|AM|Astra Militarum|Fortifications|Astra Militarum (Warhammer Legends)|true|false||This model is equipped with: storm eagle rockets; close combat weapons.|https://wahapedia.ru/wh40k11ed/factions/astra-militarum/Manticore-Platform
756|Medusa Carriage Battery|AM|Astra Militarum|Infantry|Astra Militarum (Warhammer Legends)|true|false||This model is equipped with: Medusa siege cannon; battery close combat weapons. Designer’s Note: Place five Heavy Artillery Crew tokens next to each Medusa Carriage model when this unit is first set up, removing one each time its Medusa Carriage model loses a wound (a Medusa Carriage model itself is considered to represent its final wound). These do not count as models for any rules purposes.|https://wahapedia.ru/wh40k11ed/factions/astra-militarum/Medusa-Carriage-Battery
757|Rapier Laser Destroyer Battery|AM|Astra Militarum|Infantry|Astra Militarum (Warhammer Legends)|true|false||Every model is equipped with: laser destroyer; close combat weapon. Designer’s Note: Place two Artillery Crew tokens next to each Rapier Laser Destroyer model when this unit is first set up, removing one each time its Rapier Laser Destroyer model loses a wound (a Rapier Laser Destroyer model itself is considered to represent its final wound).|https://wahapedia.ru/wh40k11ed/factions/astra-militarum/Rapier-Laser-Destroyer-Battery
758|Sabre Weapons Battery|AM|Astra Militarum|Fortifications|Astra Militarum (Warhammer Legends)|true|false||Every model is equipped with: twin heavy bolter; close combat weapon.|https://wahapedia.ru/wh40k11ed/factions/astra-militarum/Sabre-Weapons-Battery
759|Sentinel Powerlifter|AM|Astra Militarum|Walker|Astra Militarum (Warhammer Legends)|true|false||This model is equipped with: powerlifter.|https://wahapedia.ru/wh40k11ed/factions/astra-militarum/Sentinel-Powerlifter
760|Stygies Destroyer Tank Hunter|AM|Astra Militarum|Vehicle|Astra Militarum (Warhammer Legends)|true|false||This model is equipped with: Stygies laser destroyer; armoured tracks.|https://wahapedia.ru/wh40k11ed/factions/astra-militarum/Stygies-Destroyer-Tank-Hunter
762|Tarantula Battery|AM|Astra Militarum|Vehicle|Astra Militarum (Warhammer Legends)|true|false||Every model is equipped with: twin heavy bolter; close combat weapon.|https://wahapedia.ru/wh40k11ed/factions/astra-militarum/Tarantula-Battery
763|Stormblade|AM|Astra Militarum|Titanic|Astra Militarum (Warhammer Legends)|true|false||This model is equipped with: 2 lascannons; 1 Stormblade plasma blastgun; 2 twin heavy bolters; armoured tracks.|https://wahapedia.ru/wh40k11ed/factions/astra-militarum/Stormblade
764|Arkurian Stormhammer|AM|Astra Militarum|Titanic|Astra Militarum (Warhammer Legends)|true|false||This model is equipped with: lascannon; 7 multi-lasers; Stormhammer cannon; twin battle cannon; armoured tracks.|https://wahapedia.ru/wh40k11ed/factions/astra-militarum/Arkurian-Stormhammer
766|Crassus|AM|Astra Militarum|Transport|Astra Militarum (Warhammer Legends)|true|false|This model has a transport capacity of 35 Astra Militarum Infantry models. Each Heavy Weapons Team model and Veteran Heavy Weapons Team model takes up the space of 2 models. Each Ogryn model takes up the space of 3 models. It cannot transport Artillery models.|This model is equipped with: 4 heavy bolters; armoured tracks.|https://wahapedia.ru/wh40k11ed/factions/astra-militarum/Crassus
767|Dominus Armoured Siege Bombard|AM|Astra Militarum|Titanic|Astra Militarum (Warhammer Legends)|true|false||This model is equipped with: Dominus triple bombard; 2 heavy bolters; armoured tracks.|https://wahapedia.ru/wh40k11ed/factions/astra-militarum/Dominus-Armoured-Siege-Bombard
768|Gorgon Heavy Transport|AM|Astra Militarum|Titanic|Astra Militarum (Warhammer Legends)|true|false|This model has a transport capacity of 30 Astra Militarum Infantry models. Each Heavy Weapons Team model and Veteran Heavy Weapons Team model takes up the space of 2 models. Each Ogryn model takes up the space of 3 models. It cannot transport Artillery models.|This model is equipped with: 2 Gorgon mortars; 2 twin heavy stubbers; landing ramp.|https://wahapedia.ru/wh40k11ed/factions/astra-militarum/Gorgon-Heavy-Transport
769|Macharius|AM|Astra Militarum|Titanic|Astra Militarum (Warhammer Legends)|true|false||This model is equipped with: 2 heavy stubbers; Macharius twin battle cannon; twin heavy stubber; armoured tracks.|https://wahapedia.ru/wh40k11ed/factions/astra-militarum/Macharius
770|Macharius Omega|AM|Astra Militarum|Titanic|Astra Militarum (Warhammer Legends)|true|false||This model is equipped with: omega-pattern plasma blastgun; armoured tracks.|https://wahapedia.ru/wh40k11ed/factions/astra-militarum/Macharius-Omega
771|Macharius Vanquisher|AM|Astra Militarum|Titanic|Astra Militarum (Warhammer Legends)|true|false||This model is equipped with: 2 heavy stubbers; Macharius twin vanquisher cannon; twin heavy stubber; armoured tracks.|https://wahapedia.ru/wh40k11ed/factions/astra-militarum/Macharius-Vanquisher
772|Macharius Vulcan|AM|Astra Militarum|Titanic|Astra Militarum (Warhammer Legends)|true|false||This model is equipped with: 2 heavy stubbers; Macharius vulcan mega-bolter; twin heavy stubber; armoured tracks|https://wahapedia.ru/wh40k11ed/factions/astra-militarum/Macharius-Vulcan
773|Marauder Bomber|AM|Astra Militarum|Aircraft|Astra Militarum (Warhammer Legends)|true|false||This model is equipped with: heavy bombs; 2 heavy bolters; 2 lascannons; armoured hull.|https://wahapedia.ru/wh40k11ed/factions/astra-militarum/Marauder-Bomber
774|Marauder Destroyer|AM|Astra Militarum|Aircraft|Astra Militarum (Warhammer Legends)|true|false||This model is equipped with: 2 assault cannons; 2 heavy bolters; Marauder nose autocannons; armoured hull.|https://wahapedia.ru/wh40k11ed/factions/astra-militarum/Marauder-Destroyer
775|Minotaur|AM|Astra Militarum|Artillery|Astra Militarum (Warhammer Legends)|true|false||This model is equipped with: Minotaur twin earthshaker cannon; armoured tracks.|https://wahapedia.ru/wh40k11ed/factions/astra-militarum/Minotaur
776|Praetor|AM|Astra Militarum|Vehicle|Astra Militarum (Warhammer Legends)|true|false||This model is equipped with: 2 heavy bolters; Praetor launcher; armoured tracks|https://wahapedia.ru/wh40k11ed/factions/astra-militarum/Praetor
777|Valdor|AM|Astra Militarum|Titanic|Astra Militarum (Warhammer Legends)|true|false||This model is equipped with: autocannon; Valdor neutron laser; armoured tracks.|https://wahapedia.ru/wh40k11ed/factions/astra-militarum/Valdor
778|Aquila Lander|AM|Astra Militarum|Transport|Astra Militarum (Warhammer Legends)|true|false|This model has a transport capacity of 12 Astra Militarum Infantry models. Each Heavy Weapons Team model and Veteran Heavy Weapons Team model takes up the space of 2 models. Each Ogryn model takes up the space of 3 models. It cannot transport Artillery models.|This model is equipped with: heavy bolter; armoured hull.|https://wahapedia.ru/wh40k11ed/factions/astra-militarum/Aquila-Lander
779|Arvus Lighter|AM|Astra Militarum|Transport|Astra Militarum (Warhammer Legends)|true|false|This model has a transport capacity of 12 Astra Militarum Infantry models. Each Heavy Weapons Team model and Veteran Heavy Weapons Team model takes up the space of 2 models. It cannot transport Ogryn or Artillery models.|This model is equipped with: armoured hull.|https://wahapedia.ru/wh40k11ed/factions/astra-militarum/Arvus-Lighter
780|Avenger Strike Fighter|AM|Astra Militarum|Aircraft|Astra Militarum (Forge World)|false|false||This model is equipped with: Avenger bolt cannon; heavy stubber; 2 lascannons; armoured hull.|https://wahapedia.ru/wh40k11ed/factions/astra-militarum/Avenger-Strike-Fighter
781|Voss-pattern Lightning|AM|Astra Militarum|Aircraft|Astra Militarum (Warhammer Legends)|true|false||This model is equipped with: 2 lascannons; armoured hull.|https://wahapedia.ru/wh40k11ed/factions/astra-militarum/Voss-pattern-Lightning
783|Vendetta Gunship|AM|Astra Militarum|Transport|Astra Militarum (Warhammer Legends)|true|false||This model is equipped with: 3 Vendetta twin lascannons; armoured hull.|https://wahapedia.ru/wh40k11ed/factions/astra-militarum/Vendetta-Gunship
784|Vulture Gunship|AM|Astra Militarum|Vehicle|Astra Militarum (Warhammer Legends)|true|false||This model is equipped with: heavy bolter; 2 multiple rocket pods; Vulture hellstrike racks; armoured hull.|https://wahapedia.ru/wh40k11ed/factions/astra-militarum/Vulture-Gunship
889|Primaris Psyker|AM|Astra Militarum|Infantry Character|Astra Militarum|false|false||This model is equipped with: laspistol; Psychic Maelstrom; force weapon.|https://wahapedia.ru/wh40k11ed/factions/astra-militarum/Primaris-Psyker
1237|Valkyrie Sky Talon|AM|Astra Militarum|Transport|Astra Militarum (Warhammer Legends)|true|false|This model has a transport capacity of 1 Tauros model or 2 Astra Militarum Walker models.|This model is equipped with: heavy bolter; 2 hellstrike missiles; armoured hull.|https://wahapedia.ru/wh40k11ed/factions/astra-militarum/Valkyrie-Sky-Talon
1383|Mukaali Riders|AM|Astra Militarum|Mounted|Astra Militarum (Warhammer Legends)|true|false||Every model is equipped with: laspistol; hunting lance; stomping feet.|https://wahapedia.ru/wh40k11ed/factions/astra-militarum/Mukaali-Riders
1394|Ministorum Priest|AM|Astra Militarum|Infantry Character|Astra Militarum|false|false||This model is equipped with: zealot’s vindictor.|https://wahapedia.ru/wh40k11ed/factions/astra-militarum/Ministorum-Priest
1396|Tech-Priest Enginseer|AM|Astra Militarum|Infantry Character|Astra Militarum|false|false||This model is equipped with: Mechanicus pistol; Enginseer axe; servo-arm.|https://wahapedia.ru/wh40k11ed/factions/astra-militarum/Tech-Priest-Enginseer
1397|Munitorum Servitors|AM|Astra Militarum|Infantry|Astra Militarum (Warhammer Legends)|true|false||Every model is equipped with: Servitor’s servo-arm.|https://wahapedia.ru/wh40k11ed/factions/astra-militarum/Munitorum-Servitors
1398|Ogryn Bodyguard|AM|Astra Militarum|Infantry Character|Astra Militarum|false|false||This model is equipped with: ripper gun; close combat weapon; huge knife.|https://wahapedia.ru/wh40k11ed/factions/astra-militarum/Ogryn-Bodyguard
1406|Sly Marbo|AM|Astra Militarum|Infantry Epic Hero|Astra Militarum|false|false||This model is equipped with: ripper pistol; envenomed blade.|https://wahapedia.ru/wh40k11ed/factions/astra-militarum/Sly-Marbo
1596|Rein And Raus|AM|Astra Militarum|Infantry Epic Hero|Astra Militarum (Warhammer Legends)|true|false||Rein is equipped with: sniper rifle; stub pistol; close combat weapon. Raus is equipped with: demolition charge; stub pistol; close combat weapon.|https://wahapedia.ru/wh40k11ed/factions/astra-militarum/Rein-And-Raus
1994|Carnodon|AM|Astra Militarum|Vehicle|Astra Militarum (Warhammer Legends)|true|false||This model is equipped with: 2 autocannons; Carnodon twin autocannon; armoured tracks.|https://wahapedia.ru/wh40k11ed/factions/astra-militarum/Carnodon
2374|Death Korps Grenadier Squad|AM|Astra Militarum|Infantry|Astra Militarum (Warhammer Legends)|true|false||The Grenadier Sergeant is equipped with: sergeant’s pistol; sergeant’s close combat weapon. Every Grenadier model is equipped with: hot-shot lasgun; close combat weapon. The Heavy Weapons Team is equipped with: heavy flamer; close combat weapon.|https://wahapedia.ru/wh40k11ed/factions/astra-militarum/Death-Korps-Grenadier-Squad
2375|Quartermaster Cadre Squad|AM|Astra Militarum|Infantry Character|Astra Militarum (Warhammer Legends)|true|false||The Quartermaster Revenant is equipped with: Quartermaster’s pistol; Quartermaster’s close combat weapon. Every Medicae Servitor is equipped with: medical scalpels|https://wahapedia.ru/wh40k11ed/factions/astra-militarum/Quartermaster-Cadre-Squad
2377|Elysian Sniper Squad|AM|Astra Militarum|Infantry|Astra Militarum (Warhammer Legends)|true|false||Every model is equipped with: lasgun; sniper rifle; close combat weapon.|https://wahapedia.ru/wh40k11ed/factions/astra-militarum/Elysian-Sniper-Squad
2378|Death Rider Commissar|AM|Astra Militarum|Mounted Character|Astra Militarum (Warhammer Legends)|true|false||This model is equipped with: Commissar's pistol; Commissar's close combat weapon; savage claws.|https://wahapedia.ru/wh40k11ed/factions/astra-militarum/Death-Rider-Commissar
2379|Storm Chimera|AM|Astra Militarum|Dedicated Transports|Astra Militarum (Warhammer Legends)|true|false|This model has a transport capacity of 12 Astra Militarum Infantry models. Each Heavy Weapons Team model and Veteran Heavy Weapons Team model takes up the space of 2 models. Each Ogryn model takes up the space of 3 models. It cannot transport Artillery models.|This model is equipped with: autocannon; heavy bolter; armoured tracks.|https://wahapedia.ru/wh40k11ed/factions/astra-militarum/Storm-Chimera
2485|Gaunt’s Ghosts|AM|Astra Militarum|Infantry Epic Hero|Astra Militarum|false|false||Ibram Gaunt is equipped with: bolt pistol; Gaunt’s chainsword. 1 Tanith Ghost is equipped with: Corbec’s hot-shot lascarbine; straight silver knife. 1 Tanith Ghost is equipped with: Rawne’s lascarbine; straight silver knife. 1 Tanith Ghost is equipped with: Larkin’s long-las; straight silver knife. 1 Tanith Ghost is equipped with: Bragg’s autocannon; straight silver knife. 1 Tanith Ghost is equipped with: lascarbine; Mkoll’s straight silver knife.|https://wahapedia.ru/wh40k11ed/factions/astra-militarum/Gaunt-s-Ghosts
2605|Lord Solar Leontus|AM|Astra Militarum|Mounted Epic Hero|Astra Militarum|false|false||This model is equipped with: Sol’s Righteous Gaze; Conquest; Konstantin’s hooves.|https://wahapedia.ru/wh40k11ed/factions/astra-militarum/Lord-Solar-Leontus
2606|Ursula Creed|AM|Astra Militarum|Infantry Epic Hero|Astra Militarum|false|false||This model is equipped with: Duty and Vengeance; power weapon.|https://wahapedia.ru/wh40k11ed/factions/astra-militarum/Ursula-Creed
2607|Cadian Castellan|AM|Astra Militarum|Infantry Character|Astra Militarum|false|false||This model is equipped with: laspistol; chainsword.|https://wahapedia.ru/wh40k11ed/factions/astra-militarum/Cadian-Castellan
2609|Cadian Command Squad|AM|Astra Militarum|Infantry Character|Astra Militarum|false|false||The Cadian Commander is equipped with: laspistol; chainsword. 1 Cadian Veteran Guardsman is equipped with: las pistol; chainsword. 1 other Cadian Veteran Guardsman is equipped with: lasgun; master vox; close combat weapon. 1 other Cadian Veteran Guardsman is equipped with: lasgun; medi-pack; close combat weapon. 1 other Cadian Veteran Guardsman is equipped with: lasgun; regimental standard; close combat weapon.|https://wahapedia.ru/wh40k11ed/factions/astra-militarum/Cadian-Command-Squad
2610|Regimental Attachés|AM|Astra Militarum|Infantry|Astra Militarum (Warhammer Legends)|true|false||The Master of Ordnance and Officer of the Fleet are both equipped with: laspistol; close combat weapon. The Astropath is equipped with: laspistol; Astropath’s stave.|https://wahapedia.ru/wh40k11ed/factions/astra-militarum/Regimental-Attach-s
2612|Cadian Shock Troops|AM|Astra Militarum|Battleline|Astra Militarum|false|false||Every Shock Trooper Sergeant is equipped with: laspistol; chainsword. Every Shock Trooper is equipped with: lasgun; close combat weapon. This unit can have up to two Leader units attached to it, provided no more than one of those units is a Command Squad unit. If it does, and this Bodyguard unit is destroyed, the Leader units attached to it become separate units, with their original Starting Strengths.|https://wahapedia.ru/wh40k11ed/factions/astra-militarum/Cadian-Shock-Troops
2613|Death Korps Of Krieg|AM|Astra Militarum|Battleline|Death Korps of Krieg|false|false||Every Death Korps Watchmaster is equipped with: laspistol; chainsword. Every Death Korps Trooper is equipped with: lasgun; close combat weapon. This unit can have up to two Leader units attached to it, provided no more than one of those units is a Command Squad unit. If it does, and this Bodyguard unit is destroyed, the Leader units attached to it become separate units, with their original Starting Strengths.|https://wahapedia.ru/wh40k11ed/factions/astra-militarum/Death-Korps-Of-Krieg
2614|Catachan Jungle Fighters|AM|Astra Militarum|Battleline|Astra Militarum|false|false||Every Jungle Fighter Sergeant is equipped with: laspistol; close combat weapon. Every Jungle Fighter is equipped with: lasgun; close combat weapon. This unit can have up to two Leader units attached to it, provided no more than one of those units is a Command Squad unit. If it does, and this Bodyguard unit is destroyed, the Leader units attached to it become separate units, with their original Starting Strengths.|https://wahapedia.ru/wh40k11ed/factions/astra-militarum/Catachan-Jungle-Fighters
2615|Kasrkin|AM|Astra Militarum|Infantry|Astra Militarum|false|false||The Kasrkin Sergeant is equipped with: hot-shot laspistol; chainsword. Every Kasrkin Trooper is equipped with: hot-shot lasgun; close combat weapon.|https://wahapedia.ru/wh40k11ed/factions/astra-militarum/Kasrkin
2616|Attilan Rough Riders|AM|Astra Militarum|Mounted|Astra Militarum|false|false||Every model is equipped with: lasgun; laspistol; hunting lance; steed’s hooves.|https://wahapedia.ru/wh40k11ed/factions/astra-militarum/Attilan-Rough-Riders
2617|Rogal Dorn Battle Tank|AM|Astra Militarum|Vehicle|Astra Militarum|false|false||This model is equipped with: castigator gatling cannon; heavy stubber; twin battle cannon; armoured tracks.|https://wahapedia.ru/wh40k11ed/factions/astra-militarum/Rogal-Dorn-Battle-Tank
2619|Aegis Defence Line|AM|Astra Militarum|Fortifications|Astra Militarum|false|false|||https://wahapedia.ru/wh40k11ed/factions/astra-militarum/Aegis-Defence-Line
2739|Earthshaker Platform|AM|Astra Militarum|Fortifications|Astra Militarum (Warhammer Legends)|true|false||This model is equipped with: earthshaker cannon; close combat weapons.|https://wahapedia.ru/wh40k11ed/factions/astra-militarum/Earthshaker-Platform
2740|Elysian Drop Sentinel|AM|Astra Militarum|Walker|Astra Militarum (Warhammer Legends)|true|false||This model is equipped with: heavy bolter; close combat weapon.|https://wahapedia.ru/wh40k11ed/factions/astra-militarum/Elysian-Drop-Sentinel
2741|Leman Russ Eradicator|AM|Astra Militarum|Vehicle|Astra Militarum|false|false||This model is equipped with: eradicator nova cannon; lascannon; armoured tracks.|https://wahapedia.ru/wh40k11ed/factions/astra-militarum/Leman-Russ-Eradicator
2742|Leman Russ Executioner|AM|Astra Militarum|Vehicle|Astra Militarum|false|false||This model is equipped with: executioner plasma cannon; lascannon; armoured tracks.|https://wahapedia.ru/wh40k11ed/factions/astra-militarum/Leman-Russ-Executioner
2743|Leman Russ Exterminator|AM|Astra Militarum|Vehicle|Astra Militarum|false|false||This model is equipped with: exterminator autocannon; lascannon; armoured tracks.|https://wahapedia.ru/wh40k11ed/factions/astra-militarum/Leman-Russ-Exterminator
2744|Leman Russ Punisher|AM|Astra Militarum|Vehicle|Astra Militarum|false|false||This model is equipped with: lascannon; punisher gatling cannon; armoured tracks.|https://wahapedia.ru/wh40k11ed/factions/astra-militarum/Leman-Russ-Punisher
2745|Leman Russ Vanquisher|AM|Astra Militarum|Vehicle|Astra Militarum|false|false||This model is equipped with: lascannon; vanquisher battle cannon; armoured tracks.|https://wahapedia.ru/wh40k11ed/factions/astra-militarum/Leman-Russ-Vanquisher
2746|Tempestus Scions|AM|Astra Militarum|Infantry|Astra Militarum|false|false||The Tempestor is equipped with: hot-shot laspistol; chainsword. Every Tempestus Scion is equipped with: hot-shot lasgun; close combat weapon. This unit can have up to two Leader units attached to it, provided no more than one of those units is a Command Squad unit. If it does, and this Bodyguard unit is destroyed, the Leader units attached to it become separate units, with their original Starting Strengths.|https://wahapedia.ru/wh40k11ed/factions/astra-militarum/Tempestus-Scions
3834|Tempestus Aquilons|AM|Astra Militarum|Infantry|Astra Militarum|false|false||The Tempestor Aquilon is equipped with: hot-shot lascarbine; sentry flamer; close combat weapon. Every Tempestus Aquilon is equipped with: hot-shot lascarbine; close combat weapon.|https://wahapedia.ru/wh40k11ed/factions/astra-militarum/Tempestus-Aquilons
3889|Krieg Command Squad|AM|Astra Militarum|Infantry Character|Astra Militarum|false|false||The Lord Commissar is equipped with: laspistol; power weapon. One Veteran Guardsman is equipped with: laspistol; chainsword. One Veteran Guardsman is equipped with: laspistol; close combat weapon; alchemyk counteragents; servo-scribes. One Veteran Guardsman is equipped with: lasgun; close combat weapon; master vox. One Veteran Guardsman is equipped with: lasgun; close combat weapon; regimental standard. One Veteran Guardsman is equipped with: boltgun; close combat weapon.|https://wahapedia.ru/wh40k11ed/factions/astra-militarum/Krieg-Command-Squad
3890|Lord Marshal Dreir|AM|Astra Militarum|Mounted Epic Hero|Astra Militarum|false|false||This model is equipped with: laspistol; Sabre of Sacrifice; savage claws.|https://wahapedia.ru/wh40k11ed/factions/astra-militarum/Lord-Marshal-Dreir
3891|Catachan Command Squad|AM|Astra Militarum|Infantry Character|Astra Militarum|false|false||The Catachan Commander is equipped with: laspistol; close combat weapon. Every Veteran Guardsman is equipped with: lasgun; laspistol; close combat weapon.|https://wahapedia.ru/wh40k11ed/factions/astra-militarum/Catachan-Command-Squad
3892|Rogal Dorn Commander|AM|Astra Militarum|Vehicle Character|Astra Militarum|false|false||This model is equipped with: castigator gatling cannon; heavy stubber; twin battle cannon; armoured tracks.|https://wahapedia.ru/wh40k11ed/factions/astra-militarum/Rogal-Dorn-Commander
3893|Krieg Combat Engineers|AM|Astra Militarum|Infantry|Astra Militarum|false|false||Every model is equipped with: autopistol; trench club.|https://wahapedia.ru/wh40k11ed/factions/astra-militarum/Krieg-Combat-Engineers
3894|Catachan Heavy Weapons Squad|AM|Astra Militarum|Infantry|Astra Militarum|false|false||Every model is equipped with: heavy bolter; lasgun; weapons team close combat weapons.|https://wahapedia.ru/wh40k11ed/factions/astra-militarum/Catachan-Heavy-Weapons-Squad
3895|Krieg Heavy Weapons Squad|AM|Astra Militarum|Infantry|Astra Militarum|false|false||Each Heavy Weapons Gunner is equipped with: lascannon; laspistol; close combat weapon. The Fire Coordinator is equipped with: laspistol; close combat weapon.|https://wahapedia.ru/wh40k11ed/factions/astra-militarum/Krieg-Heavy-Weapons-Squad
3896|Artillery Team|AM|Astra Militarum|Infantry|Astra Militarum|false|false||This model is equipped with: heavy mortar; lasgun; crew close combat weapons.|https://wahapedia.ru/wh40k11ed/factions/astra-militarum/Artillery-Team
3897|Field Ordnance Battery|AM|Astra Militarum|Infantry|Astra Militarum|false|false||Every model is equipped with: malleus rocket launcher; lasgun; laspistol; battery close combat weapons.|https://wahapedia.ru/wh40k11ed/factions/astra-militarum/Field-Ordnance-Battery
3898|Death Riders|AM|Astra Militarum|Mounted|Astra Militarum|false|false||Every model is equipped with: Death Rider lascarbine; frag lance; power sabre; steed’s savage claws.|https://wahapedia.ru/wh40k11ed/factions/astra-militarum/Death-Riders
3922|Hell’s Last|AM|Astra Militarum|Infantry Epic Hero|Astra Militarum (Warhammer Legends)|true|false||Minka Lesk is equipped with: bolt pistol; power weapon. 1 Lesk’s Hero is equipped with: demolitions; meltagun; close combat weapon. 1 Lesk’s Hero is equipped with: hot-shot laspistol; dirk 1 Lesk’s Hero is equipped with: bolt pistol; power weapon. 1 Lesk’s Hero is equipped with: power weapon; regimental banner.|https://wahapedia.ru/wh40k11ed/factions/astra-militarum/Hell-s-Last
3937|Provisionally Prepared|AM|Astra Militarum|Infantry Epic Hero|Astra Militarum (Warhammer Legends)|true|false||This model is equipped with: sniper rifle; close combat weapons.|https://wahapedia.ru/wh40k11ed/factions/astra-militarum/Provisionally-Prepared
4216|Commissar Yarrick|AM|Astra Militarum|Infantry Epic Hero|Astra Militarum|false|false||This model is equipped with: 1 storm bolter; 1 laspistol; 1 Bale Eye; 1 power klaw; 1 power sword.|https://wahapedia.ru/wh40k11ed/factions/astra-militarum/Commissar-Yarrick
4217|Commissar Graves|AM|Astra Militarum|Vehicle Epic Hero|Astra Militarum|false|false||This model is equipped with: 1 chiron gatling cannon; 2 Prefectus heavy stubbers; 1 power sword and Manus Mortis; 1 Enforcer crew; 1 armoured hull; 1 aquiline prow.|https://wahapedia.ru/wh40k11ed/factions/astra-militarum/Commissar-Graves
4218|Commissar Graves on Foot|AM|Astra Militarum|Infantry Epic Hero|Astra Militarum|false|false||This model is equipped with: 1 bolt pistol; 1 power sword and Manus Mortis.|https://wahapedia.ru/wh40k11ed/factions/astra-militarum/Commissar-Graves-on-Foot
4219|Hippogriff AFV|AM|Astra Militarum|Vehicle|Astra Militarum|false|false||Every model is equipped with: 1 vigilator cannon; 1 heavy stubber; 1 armoured hull.|https://wahapedia.ru/wh40k11ed/factions/astra-militarum/Hippogriff-AFV
4220|Centaur RSV|AM|Astra Militarum|Dedicated Transports|Astra Militarum|false|false|This model has a transport capacity of 12 Astra Militarum Infantry models. Each Ogryn model takes up the space of 3 models. It cannot transport Artillery models.|This model is equipped with: 1 pintle-mounted heavy stubber; 1 armoured hull.|https://wahapedia.ru/wh40k11ed/factions/astra-militarum/Centaur-RSV
4224|Cadian Recon Squad|AM|Astra Militarum|Infantry|Astra Militarum|false|false||Each model is equipped with: lasgun; close combat weapon.|https://wahapedia.ru/wh40k11ed/factions/astra-militarum/Cadian-Recon-Squad
4244|Ciaphas Cain|AM|Astra Militarum|Infantry Epic Hero|Astra Militarum (Warhammer Legends)|true|false||This model is equipped with: 1 Chainsword and Gun Butt; 1 Laspistols; 1 Meltagun. This model can be assembled on a single base or as two models – Ciaphas Cain and Jurgen – on separate bases. If you assemble the models separately, the Ciaphas Cain model has these rules and the Jurgen model is a token.|https://wahapedia.ru/wh40k11ed/factions/astra-militarum/Ciaphas-Cain
870|Vindicare Assassin|AoI|Imperial Agents|Infantry Epic Hero|Imperial Agents|false|false||This model is equipped with: exitus pistol; exitus rifle; Vindicare combat knife.|https://wahapedia.ru/wh40k11ed/factions/imperial-agents/Vindicare-Assassin
871|Callidus Assassin|AoI|Imperial Agents|Infantry Epic Hero|Imperial Agents|false|false||This model is equipped with: neural shredder; phase sword and poison blades.|https://wahapedia.ru/wh40k11ed/factions/imperial-agents/Callidus-Assassin
872|Eversor Assassin|AoI|Imperial Agents|Infantry Epic Hero|Imperial Agents|false|false||This model is equipped with: executioner pistol; power sword and neuro gauntlet.|https://wahapedia.ru/wh40k11ed/factions/imperial-agents/Eversor-Assassin
873|Culexus Assassin|AoI|Imperial Agents|Infantry Epic Hero|Imperial Agents|false|false||This model is equipped with: animus speculum; life-draining touch.|https://wahapedia.ru/wh40k11ed/factions/imperial-agents/Culexus-Assassin
874|Inquisitor Greyfax|AoI|Imperial Agents|Infantry Epic Hero|Imperial Agents|false|false||This model is equipped with: Castigation; condemnor stake; master-crafter power sword.|https://wahapedia.ru/wh40k11ed/factions/imperial-agents/Inquisitor-Greyfax
875|Inquisitor Karamazov|AoI|Imperial Agents|Vehicle Epic Hero|Imperial Agents (Warhammer Legends)|true|false||This model is equipped with: master-crafted multi-melta; master-crafted power sword.|https://wahapedia.ru/wh40k11ed/factions/imperial-agents/Inquisitor-Karamazov
876|Inquisitor Coteaz|AoI|Imperial Agents|Infantry Epic Hero|Imperial Agents|false|false||This model is equipped with: bolt pistol; Psychic Blast; Nemesis daemon hammer; Glovodan psyber-eagle.|https://wahapedia.ru/wh40k11ed/factions/imperial-agents/Inquisitor-Coteaz
877|Inquisitor|AoI|Imperial Agents|Infantry Character|Imperial Agents|false|false||This model is equipped with: bolt pistol; Inquisitorial melee weapon; blessed wardings.|https://wahapedia.ru/wh40k11ed/factions/imperial-agents/Inquisitor
1579|Inquisitor Eisenhorn|AoI|Imperial Agents|Infantry Epic Hero|Imperial Agents (Warhammer Legends)|true|false||This model is equipped with: artificer bolt pistol; Mind Assault; runestaff and Barbarisater|https://wahapedia.ru/wh40k11ed/factions/imperial-agents/Inquisitor-Eisenhorn
2090|Inquisitor Draxus|AoI|Imperial Agents|Infantry Epic Hero|Imperial Agents|false|false||This model is equipped with: Dirgesinger; Psychic Tempest; power fist.|https://wahapedia.ru/wh40k11ed/factions/imperial-agents/Inquisitor-Draxus
2509|Voidsmen-at-arms|AoI|Imperial Agents|Infantry|Imperial Agents|false|false||The Voidmaster is equipped with: artificer shotgun; laspistol; close combat weapon. One Voidsman is equipped with: laspistol; Voidsman rotor cannon; close combat weapon. Every other Voidsman is equipped with: lasgun; laspistol; close combat weapon. The Canid is equipped with: vicious bite.|https://wahapedia.ru/wh40k11ed/factions/imperial-agents/Voidsmen-at-arms
2587|Imperial Navy Breachers|AoI|Imperial Agents|Battleline|Imperial Agents|false|false||The Navis Sergeant-at-Arms is equipped with: Navis shotgun; close combat weapon. One Navis Armsman is equipped with: Navis las-volley; close combat weapon. One other Navis Armsman is equipped with: Navis heavy shotgun; close combat weapon; endurant shield. Every other model is equipped with: Navis shotgun; close combat weapon.|https://wahapedia.ru/wh40k11ed/factions/imperial-agents/Imperial-Navy-Breachers
2683|Vigilant Squad|AoI|Imperial Agents|Battleline|Imperial Agents|false|false||Every Proctor-Vigilant and Vigilant is equipped with: Arbites combat shotgun; Arbites shotpistol; close combat weapon. The Cyber-mastiff is equipped with: mechanical bite.|https://wahapedia.ru/wh40k11ed/factions/imperial-agents/Vigilant-Squad
2684|Subductor Squad|AoI|Imperial Agents|Infantry|Imperial Agents|false|false||Every Proctor-Subductor and Subductor is equipped with: Arbites shotpistol; shock maul. The Cyber-mastiff is equipped with: mechanical bite.|https://wahapedia.ru/wh40k11ed/factions/imperial-agents/Subductor-Squad
2685|Exaction Squad|AoI|Imperial Agents|Infantry|Imperial Agents|false|false||Every Proctor-Exactant and Exaction Vigilant is equipped with: Arbites combat shotgun; Arbites shotpistol; close combat weapon. The Cyber-mastiff is equipped with: mechanical bite.|https://wahapedia.ru/wh40k11ed/factions/imperial-agents/Exaction-Squad
2760|Inquisitor In Terminator Armour|AoI|Imperial Agents|Infantry Character|Imperial Agents (Warhammer Legends)|true|false||This model is equipped with: storm bolter; Inquisitorial melee weapon; blessed wardings.|https://wahapedia.ru/wh40k11ed/factions/imperial-agents/Inquisitor-In-Terminator-Armour
2761|Damned Legionnaires|AoI|Imperial Agents|Infantry|Imperial Agents (Warhammer Legends)|true|false||Every model is equipped with: boltgun; close combat weapon.|https://wahapedia.ru/wh40k11ed/factions/imperial-agents/Damned-Legionnaires
2762|Rogue Trader Entourage|AoI|Imperial Agents|Infantry Character|Imperial Agents|false|false||The Rogue Trader is equipped with: household pistol; monomolecular cane-rapier. The Death Cult Assassin is equipped with: dartmask; Death Cult power blade. The Lectro-Maester is equipped with: voltaic pistol; close combat weapon. The Rejuvenat Adept is equipped with: laspistol; close combat weapon; healing serum.|https://wahapedia.ru/wh40k11ed/factions/imperial-agents/Rogue-Trader-Entourage
2763|Janus Draik|AoI|Imperial Agents|Infantry Epic Hero|Imperial Agents (Warhammer Legends)|true|false||This model is equipped with: heirloom pistol; monomolecular rapier.|https://wahapedia.ru/wh40k11ed/factions/imperial-agents/Janus-Draik
2764|Neyam Shai Murad|AoI|Imperial Agents|Infantry Epic Hero|Imperial Agents (Warhammer Legends)|true|false||This model is equipped with: negotiator pistols; close combat weapon.|https://wahapedia.ru/wh40k11ed/factions/imperial-agents/Neyam-Shai-Murad
2765|Navigator|AoI|Imperial Agents|Infantry Character|Imperial Agents|false|false||This model is equipped with: laspistol; force-orb cane.|https://wahapedia.ru/wh40k11ed/factions/imperial-agents/Navigator
2766|UR-025|AoI|Imperial Agents|Infantry Epic Hero|Imperial Agents (Warhammer Legends)|true|false||This model is equipped with: Mk 1 assault weapon; power claw.|https://wahapedia.ru/wh40k11ed/factions/imperial-agents/UR-025
2767|Inquisitorial Agents|AoI|Imperial Agents|Infantry|Imperial Agents|false|false||*This unit can only contain 2 Gun Servitors if it also contains 10 Inquisitorial Agents. Every Inquisitorial Agent is equipped with: agent firearm; agent melee weapon. Every Gun Servitor is equipped with: heavy bolter; agent melee weapon.|https://wahapedia.ru/wh40k11ed/factions/imperial-agents/Inquisitorial-Agents
3812|Ministorum Priest|AoI|Imperial Agents|Infantry Character|Imperial Agents|false|false||This model is equipped with: zealot’s vindictor.|https://wahapedia.ru/wh40k11ed/factions/imperial-agents/Ministorum-Priest
3813|Grey Knights Terminator Squad|AoI|Imperial Agents|Infantry|Imperial Agents|false|false||Every model is equipped with: storm bolter; Nemesis force weapon.|https://wahapedia.ru/wh40k11ed/factions/imperial-agents/Grey-Knights-Terminator-Squad
3814|Watch Captain Artemis|AoI|Imperial Agents|Infantry Epic Hero|Imperial Agents|false|false||This model is equipped with: Hellfire Extremis; master-crafted power weapon.|https://wahapedia.ru/wh40k11ed/factions/imperial-agents/Watch-Captain-Artemis
3815|Watch Master|AoI|Imperial Agents|Infantry Character|Imperial Agents|false|false||This model is equipped with: vigil spear.|https://wahapedia.ru/wh40k11ed/factions/imperial-agents/Watch-Master
3816|Deathwatch Kill Team|AoI|Imperial Agents|Battleline|Imperial Agents|false|false||Every model is equipped with: boltgun; power weapon.|https://wahapedia.ru/wh40k11ed/factions/imperial-agents/Deathwatch-Kill-Team
3817|Corvus Blackstar|AoI|Imperial Agents|Transport|Imperial Agents|false|false|This model has a transport capacity of 12 DEATHwATCH INFANTRy models.|This model is equipped with: 2 Blackstar rocket launchers; twin assault cannon; armoured hull.|https://wahapedia.ru/wh40k11ed/factions/imperial-agents/Corvus-Blackstar
3818|Sisters of Battle Squad|AoI|Imperial Agents|Infantry|Imperial Agents|false|false||Every model is equipped with: bolt pistol; boltgun; close combat weapon.|https://wahapedia.ru/wh40k11ed/factions/imperial-agents/Sisters-of-Battle-Squad
3819|Sisters of Battle Immolator|AoI|Imperial Agents|Dedicated Transports|Imperial Agents|false|false|This model has a transport capacity of 6 ORDO HERETICUS INFANTRy models. At the start of the Declare Battle Formations step, you can select one SISTERS OF BATTlE SQUAD from your army. If you do, that unit is split into two units, each containing as equal a number of models as possible (when splitting a unit in this way, make a note of which models form each of the two new units). One of these units must start the battle embarked within this TRANSPORT; the other can start the battle embarked within another TRANSPORT, or it can be deployed as a separate unit.|This model is equipped with: heavy bolter; immolation flamers; armoured tracks.|https://wahapedia.ru/wh40k11ed/factions/imperial-agents/Sisters-of-Battle-Immolator
3820|Inquisitorial Chimera|AoI|Imperial Agents|Dedicated Transports|Imperial Agents|false|false|This model has a transport capacity of 13 INQUISITOR INFANTRy and INQUISITORIAl AGENT models. It cannot transport TERMINATOR models.|This model is equipped with: multi-laser; heavy bolter; lasgun array; armoured tracks.|https://wahapedia.ru/wh40k11ed/factions/imperial-agents/Inquisitorial-Chimera
3821|Kill Team Cassius|AoI|Imperial Agents|Infantry Epic Hero|Imperial Agents (Warhammer Legends)|true|false|||https://wahapedia.ru/wh40k11ed/factions/imperial-agents/Kill-Team-Cassius
3822|Deathwatch Terminator Squad|AoI|Imperial Agents|Infantry|Imperial Agents (Warhammer Legends)|true|false||Every model is equipped with: power fist; storm bolter.|https://wahapedia.ru/wh40k11ed/factions/imperial-agents/Deathwatch-Terminator-Squad
3823|Veteran Bike Squad|AoI|Imperial Agents|Mounted|Imperial Agents (Warhammer Legends)|true|false||Every model is equipped with: bolt pistol; close combat weapon; twin boltgun.|https://wahapedia.ru/wh40k11ed/factions/imperial-agents/Veteran-Bike-Squad
3824|Proteus Kill Team|AoI|Imperial Agents|Infantry|Imperial Agents (Warhammer Legends)|true|false||Every Kill Team Veteran is equipped with: boltgun; Long Vigil melee weapon; close combat weapon. Every Kill Team Veteran with Jump Pack is equipped with: Long Vigil melee weapon; close combat weapon; jump pack. Every Kill Team Biker is equipped with: twin boltgun; close combat weapon. Every Kill Team Terminator is equipped with: storm bolter; power fist.|https://wahapedia.ru/wh40k11ed/factions/imperial-agents/Proteus-Kill-Team
3825|Fortis Kill Team|AoI|Imperial Agents|Infantry|Imperial Agents (Warhammer Legends)|true|false||Every Kill Team Intercessor is equipped with: bolt pistol; bolt rifle; close combat weapon. Every Kill Team Intercessor with plasma incinerator is equipped with: bolt pistol; plasma incinerator; close combat weapon. Every Kill Team Intercessor with heavy bolt pistol is equipped with: heavy bolt pistol; Astartes chainsword. Every Kill Team Outrider is equipped with: bolt pistol; twin bolt rifle; Astartes chainsword.|https://wahapedia.ru/wh40k11ed/factions/imperial-agents/Fortis-Kill-Team
3826|Indomitor Kill Team|AoI|Imperial Agents|Infantry|Imperial Agents (Warhammer Legends)|true|false||Every Kill Team Heavy Intercessor is equipped with: bolt pistol; heavy bolt rifle; close combat weapon. Every Kill Team Heavy Intercessor with power fists is equipped with: flamestorm gauntlets; power fists. Every Kill Team Heavy Intercessor with melta rifle is equipped with: bolt pistol; melta rifle; close combat weapon. Every Kill Team Heavy Intercessor with jump pack is equipped with: assault bolters; close combat weapon; jump pack.|https://wahapedia.ru/wh40k11ed/factions/imperial-agents/Indomitor-Kill-Team
3827|Spectrus Kill Team|AoI|Imperial Agents|Infantry|Imperial Agents (Warhammer Legends)|true|false||Every Kill Team Infiltrator is equipped with: bolt pistol; marksman bolt carbine; close combat weapon. Every Kill Team Infiltrator with bolt sniper rifle is equipped with: bolt pistol; bolt sniper rifle; close combat weapon. Every Kill Team Infiltrator with jump pack is equipped with: bolt pistol; accelerator autocannon; close combat weapon; jump pack. Every Kill Team Infiltrator with occulus bolt carbine is equipped with: bolt pistol; occulus bolt carbine; paired combat blades. Every Kill Team Infiltrator with combat knife is equipped with: special-issue bolt pistol; combat knife.|https://wahapedia.ru/wh40k11ed/factions/imperial-agents/Spectrus-Kill-Team
3828|Daemonhost|AoI|Imperial Agents|Infantry|Imperial Agents (Warhammer Legends)|true|false||Every model is equipped with: unholy gaze; Warp grasp.|https://wahapedia.ru/wh40k11ed/factions/imperial-agents/Daemonhost
3829|Jokaero Weaponsmith|AoI|Imperial Agents|Infantry Character|Imperial Agents (Warhammer Legends)|true|false||Every model is equipped with: Jokaero weapons; close combat weapon.|https://wahapedia.ru/wh40k11ed/factions/imperial-agents/Jokaero-Weaponsmith
3830|Imperial Rhino|AoI|Imperial Agents|Dedicated Transports|Imperial Agents|false|false|This model has a transport capacity of 12 AGENTS OF THE IMpERIUM Infantry models. It cannot transport TERMINATOR or OFFICIO ASSASSINORUM models.|This model is equipped with: storm bolter; armoured tracks.|https://wahapedia.ru/wh40k11ed/factions/imperial-agents/Imperial-Rhino-1
4074|Sanctifiers|AoI|Imperial Agents|Infantry|Imperial Agents|false|false||The Miraculist is equipped with: holy fire; burning hands. The Salvationist is equipped with: close combat weapon; Salvationist medikit. The Death Cult Assassin is equipped with: Death Cult blades. 1 Missionary is equipped with: plasma gun; Sanctifier melee weapon. 1 Missionary is equipped with: Ministorum flamer; Sanctifier melee weapon. Every Sanctifier is equipped with: Ministorum hand flamer; Sanctifier melee weapon.|https://wahapedia.ru/wh40k11ed/factions/imperial-agents/Sanctifiers
4173|Inquisitor Ostromandeus|AoI|Imperial Agents|Infantry Epic Hero|Imperial Agents (Warhammer Legends)|true|false||Inquisitor Ostromandeus is equipped with: inferno pistol; power sword, vox-skull. Stentor-I-52 is equipped with: hydraulic vox-ram.|https://wahapedia.ru/wh40k11ed/factions/imperial-agents/Inquisitor-Ostromandeus
4174|Aquila Kill Team|AoI|Imperial Agents|Battleline|Imperial Agents|false|false||The Kill Team Sergeant is equipped with: plasma pistol; power weapon. Each Gravis Veteran is equipped with: infernus heavy bolter; bolt pistol; close combat weapon. For every 5 models in the unit, 1 Deathwatch Veteran is equipped with: stalker bolt rifle; bolt pistol; close combat weapon. For every 5 models in the unit, 1 Deathwatch Veteran is equipped with: bolt pistol; heavy thunder hammer. For every 5 models in the unit, 1 Deathwatch Veteran is equipped with: Deathwatch marksman bolt carbine; special-issue bolt pistol; close combat weapon. If the unit contains 10 models, 1 Deathwatch Veteran is equipped with: special-issue bolt pistol; xenophase blade.|https://wahapedia.ru/wh40k11ed/factions/imperial-agents/Aquila-Kill-Team
4214|Inquisitor Kroyle|AoI|Imperial Agents|Mounted Epic Hero|Imperial Agents|false|false||This model is equipped with: Jindarii tox-cycler; stubcarbine; butcher blade; Garralisk’s claws and teeth.|https://wahapedia.ru/wh40k11ed/factions/imperial-agents/Inquisitor-Kroyle
894|Crusaders|AS|Adepta Sororitas|Infantry|Adepta Sororitas (Warhammer Legends)|true|false||Every model is equipped with: power weapon.|https://wahapedia.ru/wh40k11ed/factions/adepta-sororitas/Crusaders
895|Death Cult Assassins|AS|Adepta Sororitas|Infantry|Adepta Sororitas (Warhammer Legends)|true|false||Every model is equipped with: Death Cult power blades.|https://wahapedia.ru/wh40k11ed/factions/adepta-sororitas/Death-Cult-Assassins
896|Arco-flagellants|AS|Adepta Sororitas|Infantry|Adepta Sororitas|false|false||Every model is equipped with: arco-flails.|https://wahapedia.ru/wh40k11ed/factions/adepta-sororitas/Arco-flagellants
897|Penitent Engines|AS|Adepta Sororitas|Walker|Adepta Sororitas|false|false||Every model is equipped with: penitent flamers; twin penitent buzz-blades.|https://wahapedia.ru/wh40k11ed/factions/adepta-sororitas/Penitent-Engines
898|Saint Celestine|AS|Adepta Sororitas|Infantry Epic Hero|Adepta Sororitas|false|false||Saint Celestine is equipped with: the Ardent Blade. Each Geminae Superia is equipped with: bolt pistol; power weapon.|https://wahapedia.ru/wh40k11ed/factions/adepta-sororitas/Saint-Celestine
899|Canoness|AS|Adepta Sororitas|Infantry Character|Adepta Sororitas|false|false||This model is equipped with: bolt pistol; hallowed chainsword.|https://wahapedia.ru/wh40k11ed/factions/adepta-sororitas/Canoness
900|Imagifier|AS|Adepta Sororitas|Infantry Character|Adepta Sororitas|false|false||This model is equipped with: bolt pistol; boltgun; close combat weapon.|https://wahapedia.ru/wh40k11ed/factions/adepta-sororitas/Imagifier
901|Hospitaller|AS|Adepta Sororitas|Infantry Character|Adepta Sororitas|false|false||This model is equipped with: bolt pistol; chirurgeon’s tools.|https://wahapedia.ru/wh40k11ed/factions/adepta-sororitas/Hospitaller
902|Dialogus|AS|Adepta Sororitas|Infantry Character|Adepta Sororitas|false|false||This model is equipped with: bolt pistol; Dialogus staff.|https://wahapedia.ru/wh40k11ed/factions/adepta-sororitas/Dialogus
903|Battle Sisters Squad|AS|Adepta Sororitas|Battleline|Adepta Sororitas|false|false||Every model is equipped with: bolt pistol; boltgun; close combat weapon.|https://wahapedia.ru/wh40k11ed/factions/adepta-sororitas/Battle-Sisters-Squad
904|Seraphim Squad|AS|Adepta Sororitas|Infantry|Adepta Sororitas|false|false||Every model is equipped with: 2 bolt pistols; close combat weapon.|https://wahapedia.ru/wh40k11ed/factions/adepta-sororitas/Seraphim-Squad
907|Repentia Squad|AS|Adepta Sororitas|Infantry|Adepta Sororitas|false|false||The Repentia Superior is equipped with: bolt pistol; neural whips. Each Sister Repentia is equipped with: penitent eviscerator.|https://wahapedia.ru/wh40k11ed/factions/adepta-sororitas/Repentia-Squad
908|Retributor Squad|AS|Adepta Sororitas|Infantry|Adepta Sororitas|false|false||The Retributor Superior is equipped with: bolt pistol; boltgun; close combat weapon. Each Retributor is equipped with: bolt pistol; heavy bolter; close combat weapon.|https://wahapedia.ru/wh40k11ed/factions/adepta-sororitas/Retributor-Squad
909|Dominion Squad|AS|Adepta Sororitas|Infantry|Adepta Sororitas|false|false||Every model is equipped with: bolt pistol; boltgun; close combat weapon.|https://wahapedia.ru/wh40k11ed/factions/adepta-sororitas/Dominion-Squad
910|Sororitas Rhino|AS|Adepta Sororitas|Dedicated Transports|Adepta Sororitas|false|false|This model has a transport capacity of 12 Adepta Sororitas Infantry models. It cannot transport Jump Pack models or the Triumph of Saint Katherine.|This model is equipped with: storm bolter; armoured tracks.|https://wahapedia.ru/wh40k11ed/factions/adepta-sororitas/Sororitas-Rhino
911|Immolator|AS|Adepta Sororitas|Dedicated Transports|Adepta Sororitas|false|false|This model has a transport capacity of 6 Adepta Sororitas Infantry models. It cannot transport Jump Pack models or the Triumph of Saint Katherine. At the start of the Declare Battle Formations step, you can select one Battle Sisters Squad, Dominion Squad or Sisters Novitiate Squad from your army. If you do, that unit is split into two units, each containing as equal a number of models as possible (when splitting a unit in this way, make a note of which models form each of the two new units. If you are splitting a unit that has the Cherub ability, only one of the new units can use that ability during the battle – make a note of which of the new units this will be). One of these units must start the battle embarked within this TRANSPORT; the other can start the battle embarked within another Transport, or it can be deployed as a separate unit.|This model is equipped with: heavy bolter; immolation flamers; armoured tracks.|https://wahapedia.ru/wh40k11ed/factions/adepta-sororitas/Immolator
912|Exorcist|AS|Adepta Sororitas|Vehicle|Adepta Sororitas|false|false||This model is equipped with: Exorcist missile launcher; heavy bolter; armoured tracks.|https://wahapedia.ru/wh40k11ed/factions/adepta-sororitas/Exorcist
1199|Repressor|AS|Adepta Sororitas|Dedicated Transports|Adepta Sororitas (Warhammer Legends)|true|false|This model has a transport capacity of 12 Adepta Sororitas Infantry models. It cannot transport Jump Pack models or the Triumph of Saint Katherine.|This model is equipped with: Repressor twin heavy flamer; storm bolter; dozer ram.|https://wahapedia.ru/wh40k11ed/factions/adepta-sororitas/Repressor
1553|Ministorum Priest|AS|Adepta Sororitas|Infantry Character|Adepta Sororitas|false|false||This model is equipped with: zealot’s vindictor.|https://wahapedia.ru/wh40k11ed/factions/adepta-sororitas/Ministorum-Priest
2063|Triumph Of Saint Katherine|AS|Adepta Sororitas|Infantry Epic Hero|Adepta Sororitas|false|false||This model is equipped with: bolt pistols; relic weapons.|https://wahapedia.ru/wh40k11ed/factions/adepta-sororitas/Triumph-Of-Saint-Katherine
2064|Junith Eruita|AS|Adepta Sororitas|Mounted Epic Hero|Adepta Sororitas|false|false||This model is equipped with: twin Ministorum heavy flamer; Mace of Castigation.|https://wahapedia.ru/wh40k11ed/factions/adepta-sororitas/Junith-Eruita
2066|Zephyrim Squad|AS|Adepta Sororitas|Infantry|Adepta Sororitas|false|false||Every model is equipped with: bolt pistol; power weapon.|https://wahapedia.ru/wh40k11ed/factions/adepta-sororitas/Zephyrim-Squad
2067|Mortifiers|AS|Adepta Sororitas|Walker|Adepta Sororitas|false|false||Every model is equipped with: 2 heavy bolters; twin penitent buzz-blades.|https://wahapedia.ru/wh40k11ed/factions/adepta-sororitas/Mortifiers
2068|Battle Sanctum|AS|Adepta Sororitas|Fortifications|Adepta Sororitas (Warhammer Legends)|true|false||This model is equipped with: nothing.|https://wahapedia.ru/wh40k11ed/factions/adepta-sororitas/Battle-Sanctum
2472|Palatine|AS|Adepta Sororitas|Infantry Character|Adepta Sororitas|false|false||This model is equipped with: bolt pistol; Palatine blade.|https://wahapedia.ru/wh40k11ed/factions/adepta-sororitas/Palatine
2479|Morvenn Vahl|AS|Adepta Sororitas|Vehicle Epic Hero|Adepta Sororitas|false|false||This model is equipped with: Fidelis; Paragon missile launcher; Lance of Illumination.|https://wahapedia.ru/wh40k11ed/factions/adepta-sororitas/Morvenn-Vahl
2480|Aestred Thurga And Agathae Dolan|AS|Adepta Sororitas|Infantry Epic Hero|Adepta Sororitas|false|false||Aestred Thurga is equipped with: bolt pistol; Blade of Vigil. Agathae Dolan is equipped with: bolt pistol; scribe’s staff.|https://wahapedia.ru/wh40k11ed/factions/adepta-sororitas/Aestred-Thurga-And-Agathae-Dolan
2481|Celestian Sacresants|AS|Adepta Sororitas|Infantry|Adepta Sororitas|false|false||Every model is equipped with: bolt pistol; hallowed mace.|https://wahapedia.ru/wh40k11ed/factions/adepta-sororitas/Celestian-Sacresants
2482|Dogmata|AS|Adepta Sororitas|Infantry Character|Adepta Sororitas|false|false||This model is equipped with: bolt pistol; mace of the righteous.|https://wahapedia.ru/wh40k11ed/factions/adepta-sororitas/Dogmata
2483|Paragon Warsuits|AS|Adepta Sororitas|Walker|Adepta Sororitas|false|false||Every model is equipped with: bolt pistol; heavy bolter; Paragon storm bolters; Paragon war blade.|https://wahapedia.ru/wh40k11ed/factions/adepta-sororitas/Paragon-Warsuits
2484|Castigator|AS|Adepta Sororitas|Vehicle|Adepta Sororitas|false|false||This model is equipped with: Castigator autocannons; 3 heavy bolters; armoured tracks.|https://wahapedia.ru/wh40k11ed/factions/adepta-sororitas/Castigator
2507|Sisters Novitiate Squad|AS|Adepta Sororitas|Infantry|Adepta Sororitas|false|false||The Novitiate Superior is equipped with: bolt pistol; boltgun; close combat weapon. Each Sister Novitiate is equipped with: autopistol; autogun; close combat weapon.|https://wahapedia.ru/wh40k11ed/factions/adepta-sororitas/Sisters-Novitiate-Squad
2771|Daemonifuge|AS|Adepta Sororitas|Infantry Epic Hero|Adepta Sororitas|false|false||Ephrael Stern is equipped with: bolt pistol; Sanctity. Kyganil of the Bloody Tears is equipped with: the Outcast’s Weapons.|https://wahapedia.ru/wh40k11ed/factions/adepta-sororitas/Daemonifuge
3714|Canoness with Jump Pack|AS|Adepta Sororitas|Infantry Character|Adepta Sororitas|false|false||This model is equipped with: blessed halberd.|https://wahapedia.ru/wh40k11ed/factions/adepta-sororitas/Canoness-with-Jump-Pack
3811|Celestian Sacresant Aveline|AS|Adepta Sororitas|Infantry Epic Hero|Adepta Sororitas (Warhammer Legends)|true|false||This model is equipped with: Ministorum hand flamer; The Thorn of the White Rose.|https://wahapedia.ru/wh40k11ed/factions/adepta-sororitas/Celestian-Sacresant-Aveline
4075|Sanctifiers|AS|Adepta Sororitas|Infantry|Adepta Sororitas|false|false||The Miraculist is equipped with: holy fire; burning hands. The Salvationist is equipped with: close combat weapon; Salvationist medikit. The Death Cult Assassin is equipped with: Death Cult blades. 1 Missionary is equipped with: plasma gun; Sanctifier melee weapon. 1 Missionary is equipped with: Ministorum flamer; Sanctifier melee weapon. Every Sanctifier is equipped with: Ministorum hand flamer; Sanctifier melee weapon.|https://wahapedia.ru/wh40k11ed/factions/adepta-sororitas/Sanctifiers
4189|Celestian Insidiants|AS|Adepta Sororitas|Infantry|Adepta Sororitas|false|false||Each model is equipped with: condemnor bolt pistol; null mace.|https://wahapedia.ru/wh40k11ed/factions/adepta-sororitas/Celestian-Insidiants
4215|Intranzia Fraye|AS|Adepta Sororitas|Vehicle Epic Hero|Adepta Sororitas|false|false||This model is equipped with: 2 heavy bolters, 2 Ministorum heavy flamers; 1 melta missile array; 1 Mace of Saint Praxedes; 1 Throne of Blame.|https://wahapedia.ru/wh40k11ed/factions/adepta-sororitas/Intranzia-Fraye
1104|Karanak|CD|Chaos Daemons|Beast Epic Hero|Chaos Daemons|false|false||This model is equipped with: scalding roar; soul-rending fangs; Brass Collar of Bloody Vengeance.|https://wahapedia.ru/wh40k11ed/factions/chaos-daemons/Karanak
1105|Skarbrand|CD|Chaos Daemons|Monster Epic Hero|Chaos Daemons|false|false||This model is equipped with: bellow of endless fury; Slaughter and Carnage.|https://wahapedia.ru/wh40k11ed/factions/chaos-daemons/Skarbrand
1106|Skulltaker|CD|Chaos Daemons|Infantry Epic Hero|Chaos Daemons|false|false||This model is equipped with: the Slayer Sword.|https://wahapedia.ru/wh40k11ed/factions/chaos-daemons/Skulltaker
1111|Rendmaster On Blood Throne|CD|Chaos Daemons|Mounted Character|Chaos Daemons|false|false||This model is equipped with: attendants’ hellblades; blade of blood.|https://wahapedia.ru/wh40k11ed/factions/chaos-daemons/Rendmaster-On-Blood-Throne
1112|Flesh Hounds|CD|Chaos Daemons|Beast|Chaos Daemons|false|false||The Gore Hound is equipped with: burning roar; gore-drenched fangs; collar of Khorne. Every Flesh Hound is equipped with: gore-drenched fangs; collar of Khorne.|https://wahapedia.ru/wh40k11ed/factions/chaos-daemons/Flesh-Hounds
1114|Bloodletters|CD|Chaos Daemons|Battleline|Chaos Daemons|false|false||Every model is equipped with: hellblade.|https://wahapedia.ru/wh40k11ed/factions/chaos-daemons/Bloodletters
1115|Bloodcrushers|CD|Chaos Daemons|Mounted|Chaos Daemons|false|false||Every model is equipped with: hellblade; Juggernaut’s bladed horn.|https://wahapedia.ru/wh40k11ed/factions/chaos-daemons/Bloodcrushers
1116|Skull Cannon|CD|Chaos Daemons|Mounted|Chaos Daemons|false|false||This model is equipped with: skull cannon; attendants’ hellblades; biting maw.|https://wahapedia.ru/wh40k11ed/factions/chaos-daemons/Skull-Cannon
1117|Kairos Fateweaver|CD|Chaos Daemons|Monster Epic Hero|Chaos Daemons|false|false||This model is equipped with: Infernal Gateway; Staff of Tomorrow.|https://wahapedia.ru/wh40k11ed/factions/chaos-daemons/Kairos-Fateweaver
1118|The Changeling|CD|Chaos Daemons|Infantry Epic Hero|Chaos Daemons|false|false||This model is equipped with: Infernal Flames; the Trickster’s Staff.|https://wahapedia.ru/wh40k11ed/factions/chaos-daemons/The-Changeling
1119|The Blue Scribes|CD|Chaos Daemons|Mounted Epic Hero|Chaos Daemons|false|false||This model is equipped with: sharp quills.|https://wahapedia.ru/wh40k11ed/factions/chaos-daemons/The-Blue-Scribes
1120|Lord of Change|CD|Chaos Daemons|Monster Character|Chaos Daemons|false|false||This model is equipped with: Bolt of Change; staff of Tzeentch.|https://wahapedia.ru/wh40k11ed/factions/chaos-daemons/Lord-of-Change
1125|Flamers|CD|Chaos Daemons|Infantry|Chaos Daemons|false|false||Every model is equipped with: Flickering Flames; Flamer mouths.|https://wahapedia.ru/wh40k11ed/factions/chaos-daemons/Flamers
1126|Exalted Flamer|CD|Chaos Daemons|Infantry Character|Chaos Daemons|false|false||This model is equipped with: Fire of Tzeentch; Flamer mouths.|https://wahapedia.ru/wh40k11ed/factions/chaos-daemons/Exalted-Flamer
1127|Screamers|CD|Chaos Daemons|Beast|Chaos Daemons|false|false||Every model is equipped with: lamprey bite.|https://wahapedia.ru/wh40k11ed/factions/chaos-daemons/Screamers
1128|Burning Chariot|CD|Chaos Daemons|Mounted|Chaos Daemons|false|false||This model is equipped with: Fire of Tzeentch; Flamer mouths; Screamer bites.|https://wahapedia.ru/wh40k11ed/factions/chaos-daemons/Burning-Chariot
1129|Epidemius|CD|Chaos Daemons|Infantry Epic Hero|Chaos Daemons|false|false||This model is equipped with: balesword and Nurgling attendants.|https://wahapedia.ru/wh40k11ed/factions/chaos-daemons/Epidemius
1130|Great Unclean One|CD|Chaos Daemons|Monster Character|Chaos Daemons|false|false||This model is equipped with: plague flail; putrid vomit; bilesword.|https://wahapedia.ru/wh40k11ed/factions/chaos-daemons/Great-Unclean-One
1132|Plaguebearers|CD|Chaos Daemons|Battleline|Chaos Daemons|false|false||Every model is equipped with: plaguesword.|https://wahapedia.ru/wh40k11ed/factions/chaos-daemons/Plaguebearers
1133|Nurglings|CD|Chaos Daemons|Battleline|Chaos Daemons|false|false||Every model is equipped with: diseased claws and teeth.|https://wahapedia.ru/wh40k11ed/factions/chaos-daemons/Nurglings
1134|Beasts Of Nurgle|CD|Chaos Daemons|Beast|Chaos Daemons|false|false||Every model is equipped with: putrid appendages.|https://wahapedia.ru/wh40k11ed/factions/chaos-daemons/Beasts-Of-Nurgle
1135|Plague Drones|CD|Chaos Daemons|Mounted|Chaos Daemons|false|false||Every model is equipped with: death’s heads; foul mouthparts; plaguesword.|https://wahapedia.ru/wh40k11ed/factions/chaos-daemons/Plague-Drones
1136|The Masque Of Slaanesh|CD|Chaos Daemons|Infantry Epic Hero|Chaos Daemons|false|false||This model is equipped with: serrated claws.|https://wahapedia.ru/wh40k11ed/factions/chaos-daemons/The-Masque-Of-Slaanesh
1137|Keeper Of Secrets|CD|Chaos Daemons|Monster Character|Chaos Daemons|false|false||This model is equipped with: Phantasmagoria; snapping claws; witstealer sword.|https://wahapedia.ru/wh40k11ed/factions/chaos-daemons/Keeper-Of-Secrets
1138|Tranceweaver|CD|Chaos Daemons|Infantry Character|Chaos Daemons|false|false||This model is equipped with: ravaging claws.|https://wahapedia.ru/wh40k11ed/factions/chaos-daemons/Tranceweaver
1139|Herald Of Slaanesh On Steed Of Slaanesh|CD|Chaos Daemons|Mounted Character|Chaos Daemons (Warhammer Legends)|true|false||This model is equipped with: lashing tongue; ravaging claws.|https://wahapedia.ru/wh40k11ed/factions/chaos-daemons/Herald-Of-Slaanesh-On-Steed-Of-Slaanesh
1142|Daemonettes|CD|Chaos Daemons|Battleline|Chaos Daemons|false|false||Every model is equipped with: slashing claws.|https://wahapedia.ru/wh40k11ed/factions/chaos-daemons/Daemonettes
1143|Fiends|CD|Chaos Daemons|Beast|Chaos Daemons|false|false||Every model is equipped with: barbed tail and dissecting claws.|https://wahapedia.ru/wh40k11ed/factions/chaos-daemons/Fiends
1144|Hellflayers|CD|Chaos Daemons|Mounted|Chaos Daemons|false|false||Every model is equipped with: lashes of torment; Seeker tongues; slashing claws.|https://wahapedia.ru/wh40k11ed/factions/chaos-daemons/Hellflayers
1145|Seekers|CD|Chaos Daemons|Mounted|Chaos Daemons|false|false||Every model is equipped with: lashing tongue; slashing claws.|https://wahapedia.ru/wh40k11ed/factions/chaos-daemons/Seekers
1148|Be’lakor|CD|Chaos Daemons|Monster Epic Hero|Chaos Daemons|false|false||This model is equipped with: Betraying Shades; the Blade of Shadows.|https://wahapedia.ru/wh40k11ed/factions/chaos-daemons/Be-lakor
1149|Daemon Prince of Chaos|CD|Chaos Daemons|Monster Character|Chaos Daemons|false|false||This model is equipped with: infernal cannon; hellforged weapons.|https://wahapedia.ru/wh40k11ed/factions/chaos-daemons/Daemon-Prince-of-Chaos
1150|Furies|CD|Chaos Daemons|Infantry|Chaos Daemons (Warhammer Legends)|true|false||Every model is equipped with: daemonic claws.|https://wahapedia.ru/wh40k11ed/factions/chaos-daemons/Furies
1151|Soul Grinder|CD|Chaos Daemons|Walker|Chaos Daemons|false|false||This model is equipped with: harvester cannon; iron claw; warpsword.|https://wahapedia.ru/wh40k11ed/factions/chaos-daemons/Soul-Grinder
1329|An’ggrath the Unbound|CD|Chaos Daemons|Monster Epic Hero|Chaos Daemons (Warhammer Legends)|true|false||This model is equipped with: bloodlash; axe of Khorne.|https://wahapedia.ru/wh40k11ed/factions/chaos-daemons/An-ggrath-the-Unbound
1332|Zarakynel|CD|Chaos Daemons|Monster Epic Hero|Chaos Daemons (Warhammer Legends)|true|false||This model is equipped with: Phantasmagoria; snapping claws; souleater blade.|https://wahapedia.ru/wh40k11ed/factions/chaos-daemons/Zarakynel
1333|Aetaos’rau’keres|CD|Chaos Daemons|Monster Epic Hero|Chaos Daemons (Warhammer Legends)|true|false||This model is equipped with: Bolt of Tzeentch; staff of cataclysm; warpfire talons.|https://wahapedia.ru/wh40k11ed/factions/chaos-daemons/Aetaos-rau-keres
1336|Plague Toads|CD|Chaos Daemons|Beast|Chaos Daemons (Warhammer Legends)|true|false||Every model is equipped with: grasping tongue; yawning maw.|https://wahapedia.ru/wh40k11ed/factions/chaos-daemons/Plague-Toads
1337|Pox Riders|CD|Chaos Daemons|Mounted|Chaos Daemons (Warhammer Legends)|true|false||Every model is equipped with: grasping tongue; Pox Rider plaguesword; yawning maw.|https://wahapedia.ru/wh40k11ed/factions/chaos-daemons/Pox-Riders
1338|Spined Chaos Beast|CD|Chaos Daemons|Monster|Chaos Daemons (Warhammer Legends)|true|false||This model is equipped with: jagged claws and tusked maw.|https://wahapedia.ru/wh40k11ed/factions/chaos-daemons/Spined-Chaos-Beast
1339|Giant Chaos Spawn|CD|Chaos Daemons|Monster|Chaos Daemons (Warhammer Legends)|true|false||This model is equipped with: churning fangs and claws.|https://wahapedia.ru/wh40k11ed/factions/chaos-daemons/Giant-Chaos-Spawn
1340|Scabeiathrax The Bloated|CD|Chaos Daemons|Monster Epic Hero|Chaos Daemons (Warhammer Legends)|true|false||This model is equipped with: putrid vomit; blade of decay.|https://wahapedia.ru/wh40k11ed/factions/chaos-daemons/Scabeiathrax-The-Bloated
1455|Bloodmaster|CD|Chaos Daemons|Infantry Character|Chaos Daemons|false|false||This model is equipped with: blade of blood.|https://wahapedia.ru/wh40k11ed/factions/chaos-daemons/Bloodmaster
1456|Skullmaster|CD|Chaos Daemons|Mounted Character|Chaos Daemons|false|false||This model is equipped with: blade of blood; Juggernaut’s bladed horn.|https://wahapedia.ru/wh40k11ed/factions/chaos-daemons/Skullmaster
1462|Changecaster|CD|Chaos Daemons|Infantry Character|Chaos Daemons|false|false||This model is equipped with: Arcane Fireball; Herald combat weapon.|https://wahapedia.ru/wh40k11ed/factions/chaos-daemons/Changecaster
1463|Fateskimmer|CD|Chaos Daemons|Mounted Character|Chaos Daemons|false|false||This model is equipped with: Arcane Fireball; Herald combat weapon; Screamer bites.|https://wahapedia.ru/wh40k11ed/factions/chaos-daemons/Fateskimmer
1464|Fluxmaster|CD|Chaos Daemons|Mounted Character|Chaos Daemons|false|false||This model is equipped with: Arcane Fireball; Herald combat weapon.|https://wahapedia.ru/wh40k11ed/factions/chaos-daemons/Fluxmaster
1465|Rotigus|CD|Chaos Daemons|Monster Epic Hero|Chaos Daemons|false|false||This model is equipped with: streams of brackish filth; gnarlrod.|https://wahapedia.ru/wh40k11ed/factions/chaos-daemons/Rotigus
1466|Horticulous Slimux|CD|Chaos Daemons|Mounted Epic Hero|Chaos Daemons|false|false||This model is equipped with: acidic maw; lopping shears.|https://wahapedia.ru/wh40k11ed/factions/chaos-daemons/Horticulous-Slimux
1467|Poxbringer|CD|Chaos Daemons|Infantry Character|Chaos Daemons|false|false||This model is equipped with: foul balesword.|https://wahapedia.ru/wh40k11ed/factions/chaos-daemons/Poxbringer
1468|Sloppity Bilepiper|CD|Chaos Daemons|Infantry Character|Chaos Daemons|false|false||This model is equipped with: marotter.|https://wahapedia.ru/wh40k11ed/factions/chaos-daemons/Sloppity-Bilepiper
1469|Spoilpox Scrivener|CD|Chaos Daemons|Infantry Character|Chaos Daemons|false|false||This model is equipped with: disgusting sneezes; plaguesword and distended maw.|https://wahapedia.ru/wh40k11ed/factions/chaos-daemons/Spoilpox-Scrivener
1470|Feculent Gnarlmaw|CD|Chaos Daemons|Fortifications|Chaos Daemons|false|false||This model is equipped with: nothing.|https://wahapedia.ru/wh40k11ed/factions/chaos-daemons/Feculent-Gnarlmaw
1588|Skull Altar|CD|Chaos Daemons|Fortifications|Chaos Daemons|false|false||This model is equipped with: nothing.|https://wahapedia.ru/wh40k11ed/factions/chaos-daemons/Skull-Altar
1589|Infernal Enrapturess|CD|Chaos Daemons|Infantry Character|Chaos Daemons|false|false||This model is equipped with: heartstring lyre; ravaging claws.|https://wahapedia.ru/wh40k11ed/factions/chaos-daemons/Infernal-Enrapturess
1647|Contorted Epitome|CD|Chaos Daemons|Infantry Character|Chaos Daemons|false|false||This model is equipped with: coiled tentacles; ravaging claws.|https://wahapedia.ru/wh40k11ed/factions/chaos-daemons/Contorted-Epitome
1648|Shalaxi Helbane|CD|Chaos Daemons|Monster Epic Hero|Chaos Daemons|false|false||This model is equipped with: lash of Slaanesh; Pavane of Slaanesh; snapping claws; soulpiercer.|https://wahapedia.ru/wh40k11ed/factions/chaos-daemons/Shalaxi-Helbane
1649|Syll’esske|CD|Chaos Daemons|Monster Epic Hero|Chaos Daemons|false|false||This model is equipped with: Cacophonic Choir; scourging whip; Axe of Dominion.|https://wahapedia.ru/wh40k11ed/factions/chaos-daemons/Syll-esske
2582|Bloodthirster|CD|Chaos Daemons|Monster Character|Chaos Daemons|false|false||This model is equipped with: hellfire breath; great axe of Khorne|https://wahapedia.ru/wh40k11ed/factions/chaos-daemons/Bloodthirster
2583|Blue Horrors|CD|Chaos Daemons|Battleline|Chaos Daemons|false|false||Every Blue Horror is equipped with: Coruscating Blue Flames; blue claws. Every Brimstone Horror added to this unit using the Split ability is equipped with: Coruscating Yellow Flames; yellow claws.|https://wahapedia.ru/wh40k11ed/factions/chaos-daemons/Blue-Horrors
2584|Pink Horrors|CD|Chaos Daemons|Battleline|Chaos Daemons|false|false||Every Pink Horror is equipped with: Coruscating Pink Flames; pink claws. Every Blue Horror added to this unit using the Split ability is equipped with: Coruscating Blue Flames; blue claws. Every Brimstone Horror added to this unit using the Split ability is equipped with: Coruscating Yellow Flames; yellow claws.|https://wahapedia.ru/wh40k11ed/factions/chaos-daemons/Pink-Horrors
2758|Daemon Prince Of Chaos With Wings|CD|Chaos Daemons|Monster Character|Chaos Daemons|false|false||This model is equipped with: infernal cannon; hellforged weapons.|https://wahapedia.ru/wh40k11ed/factions/chaos-daemons/Daemon-Prince-Of-Chaos-With-Wings
4036|Chaos Lord|CD|Chaos Daemons|Infantry Character|Chaos Space Marines|false|false||This model is equipped with: plasma pistol; daemon hammer.|https://wahapedia.ru/wh40k11ed/factions/chaos-daemons/Chaos-Lord
4037|Chaos Lord In Terminator Armour|CD|Chaos Daemons|Infantry Character|Chaos Space Marines|false|false||This model is equipped with: combi-bolter; exalted weapon.|https://wahapedia.ru/wh40k11ed/factions/chaos-daemons/Chaos-Lord-In-Terminator-Armour
4038|Chaos Lord with Jump Pack|CD|Chaos Daemons|Infantry Character|Chaos Space Marines|false|false||This model is equipped with: bolt pistol; accursed weapon.|https://wahapedia.ru/wh40k11ed/factions/chaos-daemons/Chaos-Lord-with-Jump-Pack
4039|Chaos Lord On Disc Of Tzeentch|CD|Chaos Daemons|Infantry Character|Chaos Space Marines (Warhammer Legends)|true|false||This model is equipped with: bolt pistol; Astartes chainsword; close combat weapon.|https://wahapedia.ru/wh40k11ed/factions/chaos-daemons/Chaos-Lord-On-Disc-Of-Tzeentch
4040|Chaos Lord On Juggernaut|CD|Chaos Daemons|Mounted Character|Chaos Space Marines (Warhammer Legends)|true|false||This model is equipped with: bolt pistol; Astartes chainsword; bladed horn; close combat weapon.|https://wahapedia.ru/wh40k11ed/factions/chaos-daemons/Chaos-Lord-On-Juggernaut
4041|Chaos Lord On Palanquin Of Nurgle|CD|Chaos Daemons|Infantry Character|Chaos Space Marines (Warhammer Legends)|true|false||This model is equipped with: bolt pistol; Astartes chainsword; close combat weapon; Nurgling's claws and teeth.|https://wahapedia.ru/wh40k11ed/factions/chaos-daemons/Chaos-Lord-On-Palanquin-Of-Nurgle
4042|Chaos Lord On Steed Of Slaanesh|CD|Chaos Daemons|Mounted Character|Chaos Space Marines (Warhammer Legends)|true|false||This model is equipped with: bolt pistol; Astartes chainsword; close combat weapon; lashing tongue.|https://wahapedia.ru/wh40k11ed/factions/chaos-daemons/Chaos-Lord-On-Steed-Of-Slaanesh
4043|Chaos Terminator Squad|CD|Chaos Daemons|Infantry|Chaos Space Marines|false|false||Every model is equipped with: combi-bolter; accursed weapon.|https://wahapedia.ru/wh40k11ed/factions/chaos-daemons/Chaos-Terminator-Squad
4044|Chosen|CD|Chaos Daemons|Infantry|Chaos Space Marines|false|false||Every model is equipped with: boltgun; bolt pistol; accursed weapon.|https://wahapedia.ru/wh40k11ed/factions/chaos-daemons/Chosen
4045|Cultist Firebrand|CD|Chaos Daemons|Infantry Character|Chaos Space Marines|false|false||This model is equipped with: balefire pike, close combat weapon.|https://wahapedia.ru/wh40k11ed/factions/chaos-daemons/Cultist-Firebrand
4046|Dark Commune|CD|Chaos Daemons|Infantry Character|Chaos Space Marines|false|false||The Cult Demagogue is equipped with: autopistol; Commune stave. The Mindwitch is equipped with: Warp Curse; close combat weapon. The Iconarch is equipped with: autopistol; close combat weapon; Chaos icon. Every Blessed Blade is equipped with: Commune blade.|https://wahapedia.ru/wh40k11ed/factions/chaos-daemons/Dark-Commune
4047|Traitor Enforcer|CD|Chaos Daemons|Infantry Character|Chaos Space Marines|false|false||The Traitor Enforcer is equipped with: bolt pistol; power fist. The Traitor Ogryn is equipped with: Ogryn weapons.|https://wahapedia.ru/wh40k11ed/factions/chaos-daemons/Traitor-Enforcer
4048|Renegade Enforcer|CD|Chaos Daemons|Infantry Character|Chaos Space Marines (Warhammer Legends)|true|false||This model is equipped with: Enforcer pistol; Enforcer melee weapon.|https://wahapedia.ru/wh40k11ed/factions/chaos-daemons/Renegade-Enforcer
4049|Rogue Psyker|CD|Chaos Daemons|Infantry Character|Chaos Space Marines (Warhammer Legends)|true|false||This model is equipped with: laspistol; Psychic Strike; Chaos stave.|https://wahapedia.ru/wh40k11ed/factions/chaos-daemons/Rogue-Psyker
4050|Cultist Mob|CD|Chaos Daemons|Battleline|Chaos Space Marines|false|false||Every model is equipped with: autopistol; brutal assault weapon.|https://wahapedia.ru/wh40k11ed/factions/chaos-daemons/Cultist-Mob
4051|Cultist Mob with Firearms|CD|Chaos Daemons|Battleline|Chaos Space Marines (Warhammer Legends)|true|false||The Cultist Champion is equipped with: autopistol; brutal assault weapon. Every Chaos Cultist is equipped with: autopistol; brutal assault weapon.|https://wahapedia.ru/wh40k11ed/factions/chaos-daemons/Cultist-Mob-with-Firearms
4052|Accursed Cultists|CD|Chaos Daemons|Infantry|Chaos Space Marines|false|false||Every Torment is equipped with: hideous mutations. Every Mutant is equipped with: blasphemous appendages.|https://wahapedia.ru/wh40k11ed/factions/chaos-daemons/Accursed-Cultists
4053|Fellgor Beastmen|CD|Chaos Daemons|Infantry|Chaos Space Marines|false|false||The Fellgor Champion is equipped with: bolt pistol; chainsword. Every Fellgor Beastman is equipped with: autopistol; close combat weapon.|https://wahapedia.ru/wh40k11ed/factions/chaos-daemons/Fellgor-Beastmen
4054|Traitor Guardsmen Squad|CD|Chaos Daemons|Infantry|Chaos Space Marines|false|false||The Traitor Sergeant is equipped with: corrupted pistol; close combat weapon. Every Traitor Guardsman is equipped with: lasgun; close combat weapon.|https://wahapedia.ru/wh40k11ed/factions/chaos-daemons/Traitor-Guardsmen-Squad
4055|Gellerpox Infected|CD|Chaos Daemons|Infantry|Chaos Space Marines (Warhammer Legends)|true|false||Every Gellerpox Mutant is equipped with: brutal weapons. One Nightmare Hulk is equipped with: belly-flamer; hideous mutations. Every other Nightmare Hulk is equipped with: hideous mutations.|https://wahapedia.ru/wh40k11ed/factions/chaos-daemons/Gellerpox-Infected
4056|Mutoid Vermin|CD|Chaos Daemons|Swarm|Chaos Space Marines (Warhammer Legends)|true|false||Every model is equipped with: diseased claws and fangs.|https://wahapedia.ru/wh40k11ed/factions/chaos-daemons/Mutoid-Vermin
4057|Negavolt Cultists|CD|Chaos Daemons|Infantry|Chaos Space Marines (Warhammer Legends)|true|false||Every model is equipped with: electro-goads.|https://wahapedia.ru/wh40k11ed/factions/chaos-daemons/Negavolt-Cultists
4058|Renegade Heavy Weapons Squad|CD|Chaos Daemons|Infantry|Chaos Space Marines (Warhammer Legends)|true|false||Every model is equipped with: renegade firearm; heavy stubber; close combat weapons.|https://wahapedia.ru/wh40k11ed/factions/chaos-daemons/Renegade-Heavy-Weapons-Squad
4059|Renegade Ogryn Beast Handler|CD|Chaos Daemons|Beast|Chaos Space Marines (Warhammer Legends)|true|false||The Ogryn Pack Master is equipped with: mauler goad and ripper claw. Every Chaos Mauler Hound is equipped with: befouled claws and fangs.|https://wahapedia.ru/wh40k11ed/factions/chaos-daemons/Renegade-Ogryn-Beast-Handler
4060|Renegade Ogryn Brutes|CD|Chaos Daemons|Infantry|Chaos Space Marines (Warhammer Legends)|true|false||Every model is equipped with: Ogryn weapon.|https://wahapedia.ru/wh40k11ed/factions/chaos-daemons/Renegade-Ogryn-Brutes
4061|Renegade Plague Ogryns|CD|Chaos Daemons|Infantry|Chaos Space Marines (Warhammer Legends)|true|false||Every model is equipped with: Ogryn plague claws.|https://wahapedia.ru/wh40k11ed/factions/chaos-daemons/Renegade-Plague-Ogryns
4062|Dark Apostle|CD|Chaos Daemons|Infantry Character|Chaos Space Marines|false|false||The Dark Apostle is equipped with: bolt pistol; accursed crozius. Every Dark Disciple is equipped with: close combat weapon.|https://wahapedia.ru/wh40k11ed/factions/chaos-daemons/Dark-Apostle
4063|Havocs|CD|Chaos Daemons|Infantry|Chaos Space Marines|false|false||The Havoc Champion is equipped with: flamer; Astartes chainsword. 2 Havocs are equipped with: Havoc autocannon; close combat weapon. 2 Havocs are equipped with: Havoc lascannon; close combat weapon.|https://wahapedia.ru/wh40k11ed/factions/chaos-daemons/Havocs
4064|Legionaries|CD|Chaos Daemons|Battleline|Chaos Space Marines|false|false||Every model is equipped with: bolt pistol; boltgun; close combat weapon.|https://wahapedia.ru/wh40k11ed/factions/chaos-daemons/Legionaries
4065|Master Of Possession|CD|Chaos Daemons|Infantry Character|Chaos Space Marines|false|false||This model is equipped with: bolt pistol; Rite of Possession; staff of possession.|https://wahapedia.ru/wh40k11ed/factions/chaos-daemons/Master-Of-Possession
4066|Possessed|CD|Chaos Daemons|Infantry|Chaos Space Marines|false|false||Every model is equipped with: hideous mutations.|https://wahapedia.ru/wh40k11ed/factions/chaos-daemons/Possessed
4067|Raptors|CD|Chaos Daemons|Infantry|Chaos Space Marines|false|false||Every model is equipped with: bolt pistol; Astartes chainsword.|https://wahapedia.ru/wh40k11ed/factions/chaos-daemons/Raptors
4068|Sorcerer|CD|Chaos Daemons|Infantry Character|Chaos Space Marines|false|false||This model is equipped with: bolt pistol; Infernal Gaze; force weapon.|https://wahapedia.ru/wh40k11ed/factions/chaos-daemons/Sorcerer
4069|Sorcerer On Disc Of Tzeentch|CD|Chaos Daemons|Infantry Character|Chaos Space Marines (Warhammer Legends)|true|false||This model is equipped with: bolt pistol; Infernal Gaze; force weapon.|https://wahapedia.ru/wh40k11ed/factions/chaos-daemons/Sorcerer-On-Disc-Of-Tzeentch
4070|Sorcerer On Palanquin Of Nurgle|CD|Chaos Daemons|Infantry Character|Chaos Space Marines (Warhammer Legends)|true|false||This model is equipped with: bolt pistol; Infernal Gaze; force weapon; Nurgling's claws and teeth.|https://wahapedia.ru/wh40k11ed/factions/chaos-daemons/Sorcerer-On-Palanquin-Of-Nurgle
4071|Sorcerer On Steed Of Slaanesh|CD|Chaos Daemons|Mounted Character|Chaos Space Marines (Warhammer Legends)|true|false||This model is equipped with: bolt pistol; Infernal Gaze; force weapon; lashing tongue.|https://wahapedia.ru/wh40k11ed/factions/chaos-daemons/Sorcerer-On-Steed-Of-Slaanesh
4072|Sorcerer In Terminator Armour|CD|Chaos Daemons|Infantry Character|Chaos Space Marines|false|false||This model is equipped with: combi-bolter; Infernal Gaze; force weapon.|https://wahapedia.ru/wh40k11ed/factions/chaos-daemons/Sorcerer-In-Terminator-Armour
4073|Warp Talons|CD|Chaos Daemons|Infantry|Chaos Space Marines|false|false||Every model is equipped with: warp claws.|https://wahapedia.ru/wh40k11ed/factions/chaos-daemons/Warp-Talons
4100|Tormentbringer|CD|Chaos Daemons|Mounted Character|Chaos Daemons|false|false||This model is equipped with: lashes of torment; Seeker tongues; slashing claws.|https://wahapedia.ru/wh40k11ed/factions/chaos-daemons/Tormentbringer
924|Abaddon The Despoiler|CSM|Chaos Space Marines|Infantry Epic Hero|Chaos Space Marines|false|false||This model is equipped with: Talon of Horus; Drach’nyen.|https://wahapedia.ru/wh40k11ed/factions/chaos-space-marines/Abaddon-The-Despoiler
925|Huron Blackheart|CSM|Chaos Space Marines|Infantry Epic Hero|Chaos Space Marines|false|false||This model is equipped with: Tyrant’s Claw heavy flamer; Tyrant’s Claw and exalted power weapon.|https://wahapedia.ru/wh40k11ed/factions/chaos-space-marines/Huron-Blackheart
926|Cypher|CSM|Chaos Space Marines|Infantry Epic Hero|Chaos Space Marines|false|false||This model is equipped with: Cypher’s bolt pistol; Cypher’s plasma pistol.|https://wahapedia.ru/wh40k11ed/factions/chaos-space-marines/Cypher
928|Fabius Bile|CSM|Chaos Space Marines|Infantry Epic Hero|Chaos Space Marines|false|false||Fabius Bile is equipped with: Xyclos Needler; Chirurgeon; Rod of Torment. The Surgeon Acolyte is equipped with: Surgeon Acolyte’s tools.|https://wahapedia.ru/wh40k11ed/factions/chaos-space-marines/Fabius-Bile
929|Chaos Lord|CSM|Chaos Space Marines|Infantry Character|Chaos Space Marines|false|false||This model is equipped with: plasma pistol; daemon hammer.|https://wahapedia.ru/wh40k11ed/factions/chaos-space-marines/Chaos-Lord
930|Chaos Lord In Terminator Armour|CSM|Chaos Space Marines|Infantry Character|Chaos Space Marines|false|false||This model is equipped with: combi-bolter; exalted weapon.|https://wahapedia.ru/wh40k11ed/factions/chaos-space-marines/Chaos-Lord-In-Terminator-Armour
931|Chaos Lord On Bike|CSM|Chaos Space Marines|Mounted Character|Chaos Space Marines (Warhammer Legends)|true|false||This model is equipped with: bolt pistol; combi-bolter; Astartes chainsword; close combat weapon.|https://wahapedia.ru/wh40k11ed/factions/chaos-space-marines/Chaos-Lord-On-Bike
932|Chaos Lord On Juggernaut|CSM|Chaos Space Marines|Mounted Character|Chaos Space Marines (Warhammer Legends)|true|false||This model is equipped with: bolt pistol; Astartes chainsword; bladed horn; close combat weapon.|https://wahapedia.ru/wh40k11ed/factions/chaos-space-marines/Chaos-Lord-On-Juggernaut
933|Chaos Lord On Disc Of Tzeentch|CSM|Chaos Space Marines|Infantry Character|Chaos Space Marines (Warhammer Legends)|true|false||This model is equipped with: bolt pistol; Astartes chainsword; close combat weapon.|https://wahapedia.ru/wh40k11ed/factions/chaos-space-marines/Chaos-Lord-On-Disc-Of-Tzeentch
934|Chaos Lord On Palanquin Of Nurgle|CSM|Chaos Space Marines|Infantry Character|Chaos Space Marines (Warhammer Legends)|true|false||This model is equipped with: bolt pistol; Astartes chainsword; close combat weapon; Nurgling's claws and teeth.|https://wahapedia.ru/wh40k11ed/factions/chaos-space-marines/Chaos-Lord-On-Palanquin-Of-Nurgle
935|Chaos Lord On Steed Of Slaanesh|CSM|Chaos Space Marines|Mounted Character|Chaos Space Marines (Warhammer Legends)|true|false||This model is equipped with: bolt pistol; Astartes chainsword; close combat weapon; lashing tongue.|https://wahapedia.ru/wh40k11ed/factions/chaos-space-marines/Chaos-Lord-On-Steed-Of-Slaanesh
936|Dark Apostle|CSM|Chaos Space Marines|Infantry Character|Chaos Space Marines|false|false||The Dark Apostle is equipped with: bolt pistol; accursed crozius. Every Dark Disciple is equipped with: close combat weapon.|https://wahapedia.ru/wh40k11ed/factions/chaos-space-marines/Dark-Apostle
937|Heretic Astartes Daemon Prince|CSM|Chaos Space Marines|Monster Character|Chaos Space Marines|false|false||This model is equipped with: infernal cannon; hellforged weapons.|https://wahapedia.ru/wh40k11ed/factions/chaos-space-marines/Heretic-Astartes-Daemon-Prince
938|Sorcerer|CSM|Chaos Space Marines|Infantry Character|Chaos Space Marines|false|false||This model is equipped with: bolt pistol; Infernal Gaze; force weapon.|https://wahapedia.ru/wh40k11ed/factions/chaos-space-marines/Sorcerer
939|Sorcerer In Terminator Armour|CSM|Chaos Space Marines|Infantry Character|Chaos Space Marines|false|false||This model is equipped with: combi-bolter; Infernal Gaze; force weapon.|https://wahapedia.ru/wh40k11ed/factions/chaos-space-marines/Sorcerer-In-Terminator-Armour
940|Sorcerer On Bike|CSM|Chaos Space Marines|Mounted Character|Chaos Space Marines (Warhammer Legends)|true|false||This model is equipped with: bolt pistol; combi-bolter; Infernal Gaze; force weapon.|https://wahapedia.ru/wh40k11ed/factions/chaos-space-marines/Sorcerer-On-Bike
941|Sorcerer On Disc Of Tzeentch|CSM|Chaos Space Marines|Infantry Character|Chaos Space Marines (Warhammer Legends)|true|false||This model is equipped with: bolt pistol; Infernal Gaze; force weapon.|https://wahapedia.ru/wh40k11ed/factions/chaos-space-marines/Sorcerer-On-Disc-Of-Tzeentch
942|Sorcerer On Palanquin Of Nurgle|CSM|Chaos Space Marines|Infantry Character|Chaos Space Marines (Warhammer Legends)|true|false||This model is equipped with: bolt pistol; Infernal Gaze; force weapon; Nurgling's claws and teeth.|https://wahapedia.ru/wh40k11ed/factions/chaos-space-marines/Sorcerer-On-Palanquin-Of-Nurgle
943|Sorcerer On Steed Of Slaanesh|CSM|Chaos Space Marines|Mounted Character|Chaos Space Marines (Warhammer Legends)|true|false||This model is equipped with: bolt pistol; Infernal Gaze; force weapon; lashing tongue.|https://wahapedia.ru/wh40k11ed/factions/chaos-space-marines/Sorcerer-On-Steed-Of-Slaanesh
944|Warpsmith|CSM|Chaos Space Marines|Infantry Character|Chaos Space Marines|false|false||This model is equipped with: flamer tendril; melta tendril; plasma pistol; forge weapon.|https://wahapedia.ru/wh40k11ed/factions/chaos-space-marines/Warpsmith
946|Cultist Mob|CSM|Chaos Space Marines|Battleline|Chaos Space Marines|false|false||Every model is equipped with: autopistol; brutal assault weapon.|https://wahapedia.ru/wh40k11ed/factions/chaos-space-marines/Cultist-Mob
947|Chaos Terminator Squad|CSM|Chaos Space Marines|Infantry|Chaos Space Marines|false|false||Every model is equipped with: combi-bolter; accursed weapon.|https://wahapedia.ru/wh40k11ed/factions/chaos-space-marines/Chaos-Terminator-Squad
952|Chosen|CSM|Chaos Space Marines|Infantry|Chaos Space Marines|false|false||Every model is equipped with: boltgun; bolt pistol; accursed weapon.|https://wahapedia.ru/wh40k11ed/factions/chaos-space-marines/Chosen
953|Possessed|CSM|Chaos Space Marines|Infantry|Chaos Space Marines|false|false||Every model is equipped with: hideous mutations.|https://wahapedia.ru/wh40k11ed/factions/chaos-space-marines/Possessed
954|Helbrute|CSM|Chaos Space Marines|Walker|Chaos Space Marines|false|false||This model is equipped with: missile launcher; multi-melta; close combat weapon|https://wahapedia.ru/wh40k11ed/factions/chaos-space-marines/Helbrute
956|Chaos Rhino|CSM|Chaos Space Marines|Dedicated Transports|Chaos Space Marines|false|false|This model has a transport capacity of 12 Heretic Astartes Infantry models. It cannot transport Terminator, Jump Pack, Mutilators, Obliterators or Possessed models.|This model is equipped with: combi-bolter; armoured tracks.|https://wahapedia.ru/wh40k11ed/factions/chaos-space-marines/Chaos-Rhino
957|Chaos Bikers|CSM|Chaos Space Marines|Mounted|Chaos Space Marines|false|false||Every model is equipped with: bolt pistol; combi-bolter; close combat weapon.|https://wahapedia.ru/wh40k11ed/factions/chaos-space-marines/Chaos-Bikers
958|Raptors|CSM|Chaos Space Marines|Infantry|Chaos Space Marines|false|false||Every model is equipped with: bolt pistol; Astartes chainsword.|https://wahapedia.ru/wh40k11ed/factions/chaos-space-marines/Raptors
959|Warp Talons|CSM|Chaos Space Marines|Infantry|Chaos Space Marines|false|false||Every model is equipped with: warp claws.|https://wahapedia.ru/wh40k11ed/factions/chaos-space-marines/Warp-Talons
960|Chaos Spawn|CSM|Chaos Space Marines|Beast|Chaos Space Marines|false|false||Every model is equipped with: hideous mutations.|https://wahapedia.ru/wh40k11ed/factions/chaos-space-marines/Chaos-Spawn
961|Heldrake|CSM|Chaos Space Marines|Vehicle|Chaos Space Marines|false|false||This model is equipped with: Hades autocannon; Heldrake claws.|https://wahapedia.ru/wh40k11ed/factions/chaos-space-marines/Heldrake
962|Chaos Land Raider|CSM|Chaos Space Marines|Transport|Chaos Space Marines|false|false|This model has a transport capacity of 12 Heretic Astartes Infantry models (excluding Obliterator and Jump Pack models). Each Possessed, Mutilators and Terminator model takes up the space of 2 models.|This model is equipped with: 2 soulshatter lascannons; twin heavy bolter; armoured tracks.|https://wahapedia.ru/wh40k11ed/factions/chaos-space-marines/Chaos-Land-Raider
963|Chaos Predator Destructor|CSM|Chaos Space Marines|Vehicle|Chaos Space Marines|false|false||This model is equipped with: Predator autocannon; armoured tracks.|https://wahapedia.ru/wh40k11ed/factions/chaos-space-marines/Chaos-Predator-Destructor
964|Chaos Vindicator|CSM|Chaos Space Marines|Vehicle|Chaos Space Marines|false|false||This model is equipped with: demolisher cannon; armoured tracks.|https://wahapedia.ru/wh40k11ed/factions/chaos-space-marines/Chaos-Vindicator
965|Obliterators|CSM|Chaos Space Marines|Infantry|Chaos Space Marines|false|false||Every model is equipped with: fleshmetal guns; crushing fists.|https://wahapedia.ru/wh40k11ed/factions/chaos-space-marines/Obliterators
966|Havocs|CSM|Chaos Space Marines|Infantry|Chaos Space Marines|false|false||The Havoc Champion is equipped with: flamer; Astartes chainsword. 2 Havocs are equipped with: Havoc autocannon; close combat weapon. 2 Havocs are equipped with: Havoc lascannon; close combat weapon.|https://wahapedia.ru/wh40k11ed/factions/chaos-space-marines/Havocs
967|Forgefiend|CSM|Chaos Space Marines|Walker|Chaos Space Marines|false|false||This model is equipped with: 2 Hades autocannons; Forgefiend jaws.|https://wahapedia.ru/wh40k11ed/factions/chaos-space-marines/Forgefiend
968|Maulerfiend|CSM|Chaos Space Marines|Walker|Chaos Space Marines|false|false||This model is equipped with: lasher tendrils; Maulerfiend fists.|https://wahapedia.ru/wh40k11ed/factions/chaos-space-marines/Maulerfiend
969|Defiler|CSM|Chaos Space Marines|Walker|Chaos Space Marines|false|false||This model is equipped with: 1 Hades battle cannon; 2 excruciator cannons; 1 heavy missile launcher; 1 heavy baleflamer; 1 shearing claws.|https://wahapedia.ru/wh40k11ed/factions/chaos-space-marines/Defiler
970|Khorne Lord Of Skulls|CSM|Chaos Space Marines|Titanic|Chaos Space Marines|false|false||This model is equipped with: gorestorm cannon; Hades gatling cannon; great cleaver of Khorne.|https://wahapedia.ru/wh40k11ed/factions/chaos-space-marines/Khorne-Lord-Of-Skulls
1293|Blood Slaughterer|CSM|Chaos Space Marines|Walker|Chaos Space Marines (Warhammer Legends)|true|false||This model is equipped with: impaler harpoon; slaughter blade.|https://wahapedia.ru/wh40k11ed/factions/chaos-space-marines/Blood-Slaughterer
1294|Greater Blight Drone|CSM|Chaos Space Marines|Vehicle|Chaos Space Marines (Warhammer Legends)|true|false||This model is equipped with: bile maw; blightreaper cannon; greater plague probe.|https://wahapedia.ru/wh40k11ed/factions/chaos-space-marines/Greater-Blight-Drone
1295|Decimator|CSM|Chaos Space Marines|Walker|Chaos Space Marines (Warhammer Legends)|true|false||This model is equipped with: 2 Decimator butcher cannons; armoured feet.|https://wahapedia.ru/wh40k11ed/factions/chaos-space-marines/Decimator
1297|Kytan Ravager|CSM|Chaos Space Marines|Titanic|Chaos Space Marines (Warhammer Legends)|true|false||This model is equipped with: Kytan gatling cannon; Kytan cleaver.|https://wahapedia.ru/wh40k11ed/factions/chaos-space-marines/Kytan-Ravager
1298|Greater Brass Scorpion|CSM|Chaos Space Marines|Titanic|Chaos Space Marines (Warhammer Legends)|true|false||This model is equipped with: demolisher cannon; Scorpion cannon; hellmaw flame cannons; hellcrusher claws.|https://wahapedia.ru/wh40k11ed/factions/chaos-space-marines/Greater-Brass-Scorpion
1302|Chaos Deimos Predator|CSM|Chaos Space Marines|Vehicle|Chaos Space Marines (Warhammer Legends)|true|false||This model is equipped with: plasma destroyer; armoured tracks.|https://wahapedia.ru/wh40k11ed/factions/chaos-space-marines/Chaos-Deimos-Predator
1310|Dreadclaw Drop Pod|CSM|Chaos Space Marines|Transport|Chaos Space Marines (Warhammer Legends)|true|false|This model has a transport capacity of 12 Heretic Astartes Infantry models. Each Jump Pack, Possessed and Terminator model takes up the space of 2 models. Each Obliterator model takes up the space of 3 models. This model can instead transport 1 Helbrute or Dreadnought model.|This model is equipped with: blade struts.|https://wahapedia.ru/wh40k11ed/factions/chaos-space-marines/Dreadclaw-Drop-Pod
1311|Kharybdis Assault Claw|CSM|Chaos Space Marines|Titanic|Chaos Space Marines (Warhammer Legends)|true|false|This model has a transport capacity of 22 Heretic Astartes Infantry models. Each Jump Pack, Possessed and Terminator model takes up the space of 2 models. Each Obliterator model takes up the space of 3 models. This model can instead transport 1 Helbrute or Dreadnought model.|This model is equipped with: 5 Kharybdis storm launchers; blade struts; melta array.|https://wahapedia.ru/wh40k11ed/factions/chaos-space-marines/Kharybdis-Assault-Claw
1317|Hell Blade|CSM|Chaos Space Marines|Aircraft|Chaos Space Marines (Warhammer Legends)|true|false||This model is equipped with: 2 twin autocannons; armoured hull.|https://wahapedia.ru/wh40k11ed/factions/chaos-space-marines/Hell-Blade
1318|Hell Talon|CSM|Chaos Space Marines|Aircraft|Chaos Space Marines (Warhammer Legends)|true|false||This model is equipped with: autocannon; twin lascannon; armoured hull.|https://wahapedia.ru/wh40k11ed/factions/chaos-space-marines/Hell-Talon
1321|Chaos Thunderhawk|CSM|Chaos Space Marines|Aircraft|Chaos Space Marines (Warhammer Legends)|true|false|This model has a transport capacity of 30 Heretic Astartes Infantry or Heretic Astartes Mounted models. Each Jump Pack, Possessed and Terminator model takes up the space of 2 models. Each Obliterator model takes up the space of 3 models. Each Mounted model takes up the space of 4 models.|This model is equipped with: 2 lascannons; Thunderhawk heavy cannon; 4 twin heavy bolters; armoured hull; Thunderhawk cluster bombs.|https://wahapedia.ru/wh40k11ed/factions/chaos-space-marines/Chaos-Thunderhawk
1355|Exalted Champion|CSM|Chaos Space Marines|Infantry Character|Chaos Space Marines (Warhammer Legends)|true|false||This model is equipped with: bolt pistol; combi-weapon; exalted weapon.|https://wahapedia.ru/wh40k11ed/factions/chaos-space-marines/Exalted-Champion
1556|Haarken Worldclaimer|CSM|Chaos Space Marines|Infantry Epic Hero|Chaos Space Marines|false|false||This model is equipped with: Helspear; Herald’s Talon.|https://wahapedia.ru/wh40k11ed/factions/chaos-space-marines/Haarken-Worldclaimer
1581|Master Of Possession|CSM|Chaos Space Marines|Infantry Character|Chaos Space Marines|false|false||This model is equipped with: bolt pistol; Rite of Possession; staff of possession.|https://wahapedia.ru/wh40k11ed/factions/chaos-space-marines/Master-Of-Possession
1583|Lord Discordant On Helstalker|CSM|Chaos Space Marines|Mounted Character|Chaos Space Marines|false|false||This model is equipped with: bolt pistol; Helstalker autocannon; techno-virus injector; bladed limbs; impaler chainglaive.|https://wahapedia.ru/wh40k11ed/factions/chaos-space-marines/Lord-Discordant-On-Helstalker
1584|Master Of Executions|CSM|Chaos Space Marines|Infantry Character|Chaos Space Marines|false|false||This model is equipped with: bolt pistol; axe of dismemberment.|https://wahapedia.ru/wh40k11ed/factions/chaos-space-marines/Master-Of-Executions
1586|Venomcrawler|CSM|Chaos Space Marines|Walker|Chaos Space Marines|false|false||This model is equipped with: 2 excruciator cannons; soulflayer tendrils and claws.|https://wahapedia.ru/wh40k11ed/factions/chaos-space-marines/Venomcrawler
1587|Noctilith Crown|CSM|Chaos Space Marines|Fortifications|Chaos Space Marines|false|false||This model is equipped with: lashing warp energies.|https://wahapedia.ru/wh40k11ed/factions/chaos-space-marines/Noctilith-Crown
1600|Rogue Psyker|CSM|Chaos Space Marines|Infantry Character|Chaos Space Marines (Warhammer Legends)|true|false||This model is equipped with: laspistol; Psychic Strike; Chaos stave.|https://wahapedia.ru/wh40k11ed/factions/chaos-space-marines/Rogue-Psyker
1601|Negavolt Cultists|CSM|Chaos Space Marines|Infantry|Chaos Space Marines (Warhammer Legends)|true|false||Every model is equipped with: electro-goads.|https://wahapedia.ru/wh40k11ed/factions/chaos-space-marines/Negavolt-Cultists
1604|Fellgor Beastmen|CSM|Chaos Space Marines|Infantry|Chaos Space Marines|false|false||The Fellgor Champion is equipped with: bolt pistol; chainsword. Every Fellgor Beastman is equipped with: autopistol; close combat weapon.|https://wahapedia.ru/wh40k11ed/factions/chaos-space-marines/Fellgor-Beastmen
2569|Dark Commune|CSM|Chaos Space Marines|Infantry Character|Chaos Space Marines|false|false||The Cult Demagogue is equipped with: autopistol; Commune stave. The Mindwitch is equipped with: Warp Curse; close combat weapon. The Iconarch is equipped with: autopistol; close combat weapon; Chaos icon. Every Blessed Blade is equipped with: Commune blade.|https://wahapedia.ru/wh40k11ed/factions/chaos-space-marines/Dark-Commune
2570|Legionaries|CSM|Chaos Space Marines|Battleline|Chaos Space Marines|false|false||Every model is equipped with: bolt pistol; boltgun; close combat weapon.|https://wahapedia.ru/wh40k11ed/factions/chaos-space-marines/Legionaries
2571|Accursed Cultists|CSM|Chaos Space Marines|Infantry|Chaos Space Marines|false|false||Every Torment is equipped with: hideous mutations. Every Mutant is equipped with: blasphemous appendages.|https://wahapedia.ru/wh40k11ed/factions/chaos-space-marines/Accursed-Cultists
2572|Chaos Predator Annihilator|CSM|Chaos Space Marines|Vehicle|Chaos Space Marines|false|false||This model is equipped with: Predator twin lascannon; armoured tracks.|https://wahapedia.ru/wh40k11ed/factions/chaos-space-marines/Chaos-Predator-Annihilator
2589|Traitor Enforcer|CSM|Chaos Space Marines|Infantry Character|Chaos Space Marines|false|false||The Traitor Enforcer is equipped with: bolt pistol; power fist. The Traitor Ogryn is equipped with: Ogryn weapons.|https://wahapedia.ru/wh40k11ed/factions/chaos-space-marines/Traitor-Enforcer
2590|Traitor Guardsmen Squad|CSM|Chaos Space Marines|Infantry|Chaos Space Marines|false|false||The Traitor Sergeant is equipped with: corrupted pistol; close combat weapon. Every Traitor Guardsman is equipped with: lasgun; close combat weapon.|https://wahapedia.ru/wh40k11ed/factions/chaos-space-marines/Traitor-Guardsmen-Squad
2591|Mutoid Vermin|CSM|Chaos Space Marines|Swarm|Chaos Space Marines (Warhammer Legends)|true|false||Every model is equipped with: diseased claws and fangs.|https://wahapedia.ru/wh40k11ed/factions/chaos-space-marines/Mutoid-Vermin
2592|Gellerpox Infected|CSM|Chaos Space Marines|Infantry|Chaos Space Marines (Warhammer Legends)|true|false||Every Gellerpox Mutant is equipped with: brutal weapons. One Nightmare Hulk is equipped with: belly-flamer; hideous mutations. Every other Nightmare Hulk is equipped with: hideous mutations.|https://wahapedia.ru/wh40k11ed/factions/chaos-space-marines/Gellerpox-Infected
2679|Vashtorr The Arkifane|CSM|Chaos Space Marines|Monster Epic Hero|Chaos Space Marines|false|false||This model is equipped with: Vashtorr’s claw; Vashtorr’s hammer.|https://wahapedia.ru/wh40k11ed/factions/chaos-space-marines/Vashtorr-The-Arkifane
2730|Heretic Astartes Daemon Prince With Wings|CSM|Chaos Space Marines|Monster Character|Chaos Space Marines|false|false||This model is equipped with: infernal cannon; hellforged weapons.|https://wahapedia.ru/wh40k11ed/factions/chaos-space-marines/Heretic-Astartes-Daemon-Prince-With-Wings
2731|Renegade Enforcer|CSM|Chaos Space Marines|Infantry Character|Chaos Space Marines (Warhammer Legends)|true|false||This model is equipped with: Enforcer pistol; Enforcer melee weapon.|https://wahapedia.ru/wh40k11ed/factions/chaos-space-marines/Renegade-Enforcer
2732|Renegade Heavy Weapons Squad|CSM|Chaos Space Marines|Infantry|Chaos Space Marines (Warhammer Legends)|true|false||Every model is equipped with: renegade firearm; heavy stubber; close combat weapons.|https://wahapedia.ru/wh40k11ed/factions/chaos-space-marines/Renegade-Heavy-Weapons-Squad
2733|Renegade Ogryn Beast Handler|CSM|Chaos Space Marines|Beast|Chaos Space Marines (Warhammer Legends)|true|false||The Ogryn Pack Master is equipped with: mauler goad and ripper claw. Every Chaos Mauler Hound is equipped with: befouled claws and fangs.|https://wahapedia.ru/wh40k11ed/factions/chaos-space-marines/Renegade-Ogryn-Beast-Handler
2734|Renegade Ogryn Brutes|CSM|Chaos Space Marines|Infantry|Chaos Space Marines (Warhammer Legends)|true|false||Every model is equipped with: Ogryn weapon.|https://wahapedia.ru/wh40k11ed/factions/chaos-space-marines/Renegade-Ogryn-Brutes
2735|Renegade Plague Ogryns|CSM|Chaos Space Marines|Infantry|Chaos Space Marines (Warhammer Legends)|true|false||Every model is equipped with: Ogryn plague claws.|https://wahapedia.ru/wh40k11ed/factions/chaos-space-marines/Renegade-Plague-Ogryns
3582|Khorne Berzerkers|CSM|Chaos Space Marines|Battleline|World Eaters|false|false||Every model is equipped with: bolt pistol; chainblade.|https://wahapedia.ru/wh40k11ed/factions/chaos-space-marines/Khorne-Berzerkers
3583|Rubric Marines|CSM|Chaos Space Marines|Battleline|Thousand Sons|false|false||The Aspiring Sorcerer is equipped with: inferno bolt pistol; Malefic Curse; force weapon. Every Rubric Marine is equipped with: inferno boltgun; close combat weapon.|https://wahapedia.ru/wh40k11ed/factions/chaos-space-marines/Rubric-Marines
3584|Plague Marines|CSM|Chaos Space Marines|Battleline|Death Guard|false|false||Every model is equipped with: boltgun; plague knives.|https://wahapedia.ru/wh40k11ed/factions/chaos-space-marines/Plague-Marines
3606|Terrax-pattern Termite|CSM|Chaos Space Marines|Dedicated Transports|Space Marines (Warhammer Legends)|true|false|This model has a transport capacity of 12 Heretic Astartes Infantry models. It cannot transport Jump Pack, Wulfen, Phobos, Gravis, Centurion, Terminator, Obliterator, Possessed or Tacticus models (excluding TACTICUS CHARACTER models that began the battle attached to a non-TACTICUS unit).|This model is equipped with: Terrax melta cutter; 2 combi-bolters; Termite drill.|https://wahapedia.ru/wh40k11ed/factions/chaos-space-marines/Terrax-pattern-Termite
3610|Land Raider Achilles|CSM|Chaos Space Marines|Transport|Space Marines (Warhammer Legends)|true|false|This model has a transport capacity of 12 Heretic Astartes Infantry models. Each Jump Pack, Wulfen, Gravis, Possessed or Terminator model takes up the space of 2 models and each Centurion or Obliterator model takes up the space of 3 models.|This model is equipped with: quad launcher; 2 twin volkite culverins; armoured tracks.|https://wahapedia.ru/wh40k11ed/factions/chaos-space-marines/Land-Raider-Achilles
3614|Land Raider Proteus|CSM|Chaos Space Marines|Transport|Space Marines (Warhammer Legends)|true|false|This model has a transport capacity of 12 Heretic Astartes Infantry models. Each Jump Pack, Wulfen, Gravis, Possessed or Terminator model takes up the space of 2 models and each Centurion or Obliterator model takes up the space of 3 models.|This model is equipped with: 2 twin lascannons; armoured tracks.|https://wahapedia.ru/wh40k11ed/factions/chaos-space-marines/Land-Raider-Proteus
3618|Fire Raptor Gunship|CSM|Chaos Space Marines|Aircraft|Space Marines (Warhammer Legends)|true|false||This model is equipped with: twin avenger bolt cannon; 2 twin autocannons; 2 twin hellstrike launchers; armoured hull|https://wahapedia.ru/wh40k11ed/factions/chaos-space-marines/Fire-Raptor-Gunship
3622|Spartan|CSM|Chaos Space Marines|Transport|Space Marines (Warhammer Legends)|true|false|This model has a transport capacity of 28 Heretic Astartes Infantry models. Each Jump Pack, Wulfen, Gravis, Possessed or Terminator model takes up the space of 2 models and each Centurion or Obliterator model takes up the space of 3 models.|This model is equipped with: 2 quad lascannons; twin heavy bolter; armoured tracks.|https://wahapedia.ru/wh40k11ed/factions/chaos-space-marines/Spartan
3626|Deredeo Dreadnought|CSM|Chaos Space Marines|Walker|Space Marines (Warhammer Legends)|true|false||This model is equipped with: anvilus autocannon battery; twin heavy bolter; armoured feet.|https://wahapedia.ru/wh40k11ed/factions/chaos-space-marines/Deredeo-Dreadnought
3630|Cerberus|CSM|Chaos Space Marines|Vehicle|Space Marines (Warhammer Legends)|true|false||This model is equipped with: Cerberus neutron pulse array; armoured tracks.|https://wahapedia.ru/wh40k11ed/factions/chaos-space-marines/Cerberus
3634|Kratos|CSM|Chaos Space Marines|Vehicle|Space Marines (Warhammer Legends)|true|false||This model is equipped with: autocannon; Kratos battle cannon; 4 heavy bolters; armoured tracks.|https://wahapedia.ru/wh40k11ed/factions/chaos-space-marines/Kratos
3638|Sokar-pattern Stormbird|CSM|Chaos Space Marines|Aircraft|Space Marines (Warhammer Legends)|true|false|This model has a transport capacity of 55 Heretic Astartes Infantry or Heretic Astartes Mounted models. Each Jump Pack, Wulfen, Gravis, Possessed or Terminator model takes up the space of 2 models and each MOUNTED, Centurion or Obliterator model takes up the space of 3 models. This model can also transport up to 1 Rhino model (this model – and any models embarked within it – take up the space of 25 models).|This model is equipped with: hellstrike missile battery; 3 twin heavy bolters; 4 twin lascannons; armoured hull.|https://wahapedia.ru/wh40k11ed/factions/chaos-space-marines/Sokar-pattern-Stormbird
3642|Sicaran Battle Tank|CSM|Chaos Space Marines|Vehicle|Space Marines (Warhammer Legends)|true|false||This model is equipped with: heavy bolter; Herakles-pattern autocannon; armoured tracks.|https://wahapedia.ru/wh40k11ed/factions/chaos-space-marines/Sicaran-Battle-Tank
3646|Mastodon|CSM|Chaos Space Marines|Titanic|Space Marines (Warhammer Legends)|true|false|This model has a transport capacity of 45 Heretic Astartes Infantry models. Each Jump Pack, Wulfen, Gravis, Possessed or Terminator model takes up the space of 2 models and each Centurion or Obliterator model takes up the space of 3 models. This model can also transport up to 2 Dreadnought or Helbrute models (these models take up the space of a number of models equal to their Wounds characteristic e.g. A Dreadnought with a Wounds characteristic of 8 would take up the space of 8 models).|This model is equipped with: 2 heavy flamers; 2 lascannons; siege melta array; skyreaper battery; armoured tracks.|https://wahapedia.ru/wh40k11ed/factions/chaos-space-marines/Mastodon
3650|Leviathan Dreadnought|CSM|Chaos Space Marines|Walker|Space Marines (Warhammer Legends)|true|false||This model is equipped with: 2 heavy flamers; 2 grav-flux bombards; armoured feet.|https://wahapedia.ru/wh40k11ed/factions/chaos-space-marines/Leviathan-Dreadnought
3654|Fellblade|CSM|Chaos Space Marines|Titanic|Space Marines (Warhammer Legends)|true|false||This model is equipped with: demolisher cannon; Fellblade accelerator cannon; 2 quad lascannons; twin heavy bolter; armoured tracks.|https://wahapedia.ru/wh40k11ed/factions/chaos-space-marines/Fellblade
3658|Relic Contemptor Dreadnought|CSM|Chaos Space Marines|Walker|Space Marines (Warhammer Legends)|true|false||This model is equipped with: 2 heavy plasma cannons; armoured feet.|https://wahapedia.ru/wh40k11ed/factions/chaos-space-marines/Relic-Contemptor-Dreadnought
3662|Whirlwind Scorpius|CSM|Chaos Space Marines|Vehicle|Space Marines (Warhammer Legends)|true|false||This model is equipped with: Scorpius multi-launcher; armoured tracks.|https://wahapedia.ru/wh40k11ed/factions/chaos-space-marines/Whirlwind-Scorpius
3666|Xiphon Interceptor|CSM|Chaos Space Marines|Aircraft|Space Marines (Warhammer Legends)|true|false||This model is equipped with: 2 twin lascannons; Xiphon missile battery; armoured hull.|https://wahapedia.ru/wh40k11ed/factions/chaos-space-marines/Xiphon-Interceptor
3670|Rapier Carrier|CSM|Chaos Space Marines|Artillery|Space Marines (Warhammer Legends)|true|false||This model is equipped with: boltgun; quad heavy bolter; close combat weapon.|https://wahapedia.ru/wh40k11ed/factions/chaos-space-marines/Rapier-Carrier
3674|Storm Eagle Gunship|CSM|Chaos Space Marines|Aircraft|Space Marines (Warhammer Legends)|true|false|This model has a transport capacity of 22 Heretic Astartes Infantry models and 1 Dreadnought model. Each Jump Pack, Wulfen, Gravis, Terminator or Possessed model takes up the space of 2 models and each Centurion or Obliterator model takes up the space of 3 models.|This model is equipped with: twin heavy bolter; 2 twin hellstrike launchers; vengeance launcher; armoured hull.|https://wahapedia.ru/wh40k11ed/factions/chaos-space-marines/Storm-Eagle-Gunship
3678|Sicaran Venator|CSM|Chaos Space Marines|Vehicle|Space Marines (Warhammer Legends)|true|false||This model is equipped with: heavy bolter; Venator neutron laser; armoured tracks.|https://wahapedia.ru/wh40k11ed/factions/chaos-space-marines/Sicaran-Venator
3682|Typhon|CSM|Chaos Space Marines|Vehicle|Space Marines (Warhammer Legends)|true|false||This model is equipped with: dreadhammer siege cannon; armoured tracks.|https://wahapedia.ru/wh40k11ed/factions/chaos-space-marines/Typhon
3686|Sicaran Punisher|CSM|Chaos Space Marines|Vehicle|Space Marines (Warhammer Legends)|true|false||This model is equipped with: heavy bolter; Punisher rotary cannon; armoured tracks.|https://wahapedia.ru/wh40k11ed/factions/chaos-space-marines/Sicaran-Punisher
3690|Falchion|CSM|Chaos Space Marines|Titanic|Space Marines (Warhammer Legends)|true|false||This model is equipped with: 2 quad lascannons; twin heavy bolter; twin Falchion volcano cannon; armoured tracks.|https://wahapedia.ru/wh40k11ed/factions/chaos-space-marines/Falchion
3711|Chaos Lord with Jump Pack|CSM|Chaos Space Marines|Infantry Character|Chaos Space Marines|false|false||This model is equipped with: bolt pistol; accursed weapon.|https://wahapedia.ru/wh40k11ed/factions/chaos-space-marines/Chaos-Lord-with-Jump-Pack
3712|Cultist Firebrand|CSM|Chaos Space Marines|Infantry Character|Chaos Space Marines|false|false||This model is equipped with: balefire pike, close combat weapon.|https://wahapedia.ru/wh40k11ed/factions/chaos-space-marines/Cultist-Firebrand
3713|Cultist Mob with Firearms|CSM|Chaos Space Marines|Battleline|Chaos Space Marines (Warhammer Legends)|true|false||The Cultist Champion is equipped with: autopistol; brutal assault weapon. Every Chaos Cultist is equipped with: autopistol; brutal assault weapon.|https://wahapedia.ru/wh40k11ed/factions/chaos-space-marines/Cultist-Mob-with-Firearms
3876|Nemesis Claw|CSM|Chaos Space Marines|Infantry|Chaos Space Marines|false|false||The Visionary is equipped with: bolt pistol; Nostraman chainblade. Each Legionary is equipped with: bolt pistol; boltgun; close combat weapon.|https://wahapedia.ru/wh40k11ed/factions/chaos-space-marines/Nemesis-Claw
4099|Noise Marines|CSM|Chaos Space Marines|Infantry|Emperor’s Children|false|false||Every model is equipped with: sonic blaster; close combat weapon.|https://wahapedia.ru/wh40k11ed/factions/chaos-space-marines/Noise-Marines
4190|Masters of the Maelstrom|CSM|Chaos Space Marines|Infantry Epic Hero|Chaos Space Marines|false|false||Garreon the Corpsemaster is equipped with: absolvor bolt pistol; reductor array. Garlon Souleater is equipped with: Mind Wrench; force stave. Katar Garrix is equipped with: bolt pistol; Axe of Ending. Captain Sargotta is equipped with: laspistol; power sabre. The Enforcer is equipped with: Londaxi maimer; bionic gauntlet.|https://wahapedia.ru/wh40k11ed/factions/chaos-space-marines/Masters-of-the-Maelstrom
4191|Red Corsairs Raiders|CSM|Chaos Space Marines|Infantry|Chaos Space Marines|false|false||Each model is equipped with: boltgun; bolt pistol; reaver’s blade.|https://wahapedia.ru/wh40k11ed/factions/chaos-space-marines/Red-Corsairs-Raiders
4192|Red Corsairs Reave-Captain|CSM|Chaos Space Marines|Infantry Character|Chaos Space Marines|false|false||This model is equipped with: bolt pistol; power sword.|https://wahapedia.ru/wh40k11ed/factions/chaos-space-marines/Red-Corsairs-Reave-Captain
4205|Kravek Morne|CSM|Chaos Space Marines|Infantry Epic Hero|Chaos Space Marines|false|false||This model is equipped with: baleflamer; combi-bolter; servo-harness; Last Argument and power fist.|https://wahapedia.ru/wh40k11ed/factions/chaos-space-marines/Kravek-Morne
4206|Mutilators|CSM|Chaos Space Marines|Infantry|Chaos Space Marines|false|false||Every model is equipped with: 1 fleshmetal weapons.|https://wahapedia.ru/wh40k11ed/factions/chaos-space-marines/Mutilators
1037|Death Guard Chaos Lord|DG|Death Guard|Infantry Character|Death Guard (Warhammer Legends)|true|false||This model is equipped with: plague bolt pistol; Astartes chainsword.|https://wahapedia.ru/wh40k11ed/factions/death-guard/Death-Guard-Chaos-Lord
1038|Death Guard Chaos Lord In Terminator Armour|DG|Death Guard|Infantry Character|Death Guard (Warhammer Legends)|true|false||This model is equipped with: plague combi-bolter; plague-encrusted exalted weapon.|https://wahapedia.ru/wh40k11ed/factions/death-guard/Death-Guard-Chaos-Lord-In-Terminator-Armour
1041|Death Guard Sorcerer In Terminator Armour|DG|Death Guard|Infantry Character|Death Guard (Warhammer Legends)|true|false||This model is equipped with: Curse of the Leper; plague combi-bolter; force weapon.|https://wahapedia.ru/wh40k11ed/factions/death-guard/Death-Guard-Sorcerer-In-Terminator-Armour
1043|Death Guard Cultists|DG|Death Guard|Infantry|Death Guard (Warhammer Legends)|true|false||Every model is equipped with: Cultist firearm; brutal assault weapon.|https://wahapedia.ru/wh40k11ed/factions/death-guard/Death-Guard-Cultists
1044|Plague Marines|DG|Death Guard|Battleline|Death Guard|false|false||Every model is equipped with: boltgun; plague knives.|https://wahapedia.ru/wh40k11ed/factions/death-guard/Plague-Marines
1045|Death Guard Possessed|DG|Death Guard|Infantry|Death Guard (Warhammer Legends)|true|false||Each model is equipped with: hideous mutations.|https://wahapedia.ru/wh40k11ed/factions/death-guard/Death-Guard-Possessed
1046|Helbrute|DG|Death Guard|Walker|Death Guard|false|false||This model is equipped with: multi-melta; Helbrute fist; close combat weapon.|https://wahapedia.ru/wh40k11ed/factions/death-guard/Helbrute
1047|Chaos Rhino|DG|Death Guard|Dedicated Transports|Death Guard|false|false|This model has a transport capacity of 12 Death Guard Infantry models. It cannot transport Terminator models.|This model is equipped with: combi-bolter; armoured tracks.|https://wahapedia.ru/wh40k11ed/factions/death-guard/Chaos-Rhino
1048|Chaos Spawn|DG|Death Guard|Beast|Death Guard|false|false||Every model is equipped with: hideous mutations.|https://wahapedia.ru/wh40k11ed/factions/death-guard/Chaos-Spawn
1049|Chaos Land Raider|DG|Death Guard|Transport|Death Guard|false|false|This model has a transport capacity of 14 Death Guard Infantry models. Each Terminator model takes up the space of 2 models.|This model is equipped with: 2 soulshatter lascannons; twin heavy bolter; armoured tracks.|https://wahapedia.ru/wh40k11ed/factions/death-guard/Chaos-Land-Raider
1050|Chaos Predator Annihilator|DG|Death Guard|Vehicle|Death Guard|false|false||This model is equipped with: Predator twin lascannon; armoured tracks.|https://wahapedia.ru/wh40k11ed/factions/death-guard/Chaos-Predator-Annihilator
1052|Daemon Prince of Nurgle|DG|Death Guard|Monster Character|Death Guard|false|false||This model is equipped with: infernal cannon; hellforged weapons.|https://wahapedia.ru/wh40k11ed/factions/death-guard/Daemon-Prince-of-Nurgle
1053|Typhus|DG|Death Guard|Infantry Epic Hero|Death Guard|false|false||This model is equipped with: Lakrimae.|https://wahapedia.ru/wh40k11ed/factions/death-guard/Typhus
1054|Lord of Contagion|DG|Death Guard|Infantry Character|Death Guard|false|false||This model is equipped with: manreaper.|https://wahapedia.ru/wh40k11ed/factions/death-guard/Lord-of-Contagion
1055|Malignant Plaguecaster|DG|Death Guard|Infantry Character|Death Guard|false|false||This model is equipped with: bolt pistol; Plague Wind; corrupted staff.|https://wahapedia.ru/wh40k11ed/factions/death-guard/Malignant-Plaguecaster
1056|Poxwalkers|DG|Death Guard|Infantry|Death Guard|false|false||Every model is equipped with: improvised weapon.|https://wahapedia.ru/wh40k11ed/factions/death-guard/Poxwalkers
1057|Foetid Bloat-drone|DG|Death Guard|Vehicle|Death Guard|false|false||This model is equipped with: fleshmower; plague probe.|https://wahapedia.ru/wh40k11ed/factions/death-guard/Foetid-Bloat-drone
1058|Noxious Blightbringer|DG|Death Guard|Infantry Character|Death Guard|false|false||This model is equipped with: plasma pistol; cursed plague bell.|https://wahapedia.ru/wh40k11ed/factions/death-guard/Noxious-Blightbringer
1367|Foul Blightspawn|DG|Death Guard|Infantry Character|Death Guard|false|false||This model is equipped with: plague sprayer; close combat weapon.|https://wahapedia.ru/wh40k11ed/factions/death-guard/Foul-Blightspawn
1368|Biologus Putrifier|DG|Death Guard|Infantry Character|Death Guard|false|false||This model is equipped with: hyper blight grenades; injector pistol; plague knives.|https://wahapedia.ru/wh40k11ed/factions/death-guard/Biologus-Putrifier
1369|Plague Surgeon|DG|Death Guard|Infantry Character|Death Guard|false|false||This model is equipped with: bolt pistol; balesword.|https://wahapedia.ru/wh40k11ed/factions/death-guard/Plague-Surgeon
1370|Tallyman|DG|Death Guard|Infantry Character|Death Guard|false|false||This model is equipped with: plasma pistol; close combat weapon.|https://wahapedia.ru/wh40k11ed/factions/death-guard/Tallyman
1371|Deathshroud Terminators|DG|Death Guard|Infantry|Death Guard|false|false||Every model is equipped with: plaguespurt gauntlet; manreaper.|https://wahapedia.ru/wh40k11ed/factions/death-guard/Deathshroud-Terminators
1372|Blightlord Terminators|DG|Death Guard|Infantry|Death Guard|false|false||Every model is equipped with: combi-bolter; bubotic blade.|https://wahapedia.ru/wh40k11ed/factions/death-guard/Blightlord-Terminators
1374|Myphitic Blight-hauler|DG|Death Guard|Vehicle|Death Guard|false|false||Every model is equipped with: bile spurt; missile launcher; multi-melta; gnashing maw.|https://wahapedia.ru/wh40k11ed/factions/death-guard/Myphitic-Blight-hauler
1376|Plagueburst Crawler|DG|Death Guard|Vehicle|Death Guard|false|false||This model is equipped with: 2 entropy cannons; heavy slugger; Plagueburst mortar; armoured tracks.|https://wahapedia.ru/wh40k11ed/factions/death-guard/Plagueburst-Crawler
1377|Mortarion|DG|Death Guard|Monster Epic Hero|Death Guard|false|false||This model is equipped with: Lantern; Rotwind; Silence.|https://wahapedia.ru/wh40k11ed/factions/death-guard/Mortarion
2460|Lord of Virulence|DG|Death Guard|Infantry Character|Death Guard|false|false||This model is equipped with: twin plague spewer; power fist.|https://wahapedia.ru/wh40k11ed/factions/death-guard/Lord-of-Virulence
2461|Chaos Predator Destructor|DG|Death Guard|Vehicle|Death Guard|false|false||This model is equipped with: predator autocannon; armoured tracks.|https://wahapedia.ru/wh40k11ed/factions/death-guard/Chaos-Predator-Destructor
2462|Miasmic Malignifier|DG|Death Guard|Fortifications|Death Guard|false|false||This model is equipped with: miasmic gouts.|https://wahapedia.ru/wh40k11ed/factions/death-guard/Miasmic-Malignifier
2749|Daemon Prince of Nurgle with Wings|DG|Death Guard|Monster Character|Death Guard|false|false||This model is equipped with: infernal cannon; hellforged weapons.|https://wahapedia.ru/wh40k11ed/factions/death-guard/Daemon-Prince-of-Nurgle-with-Wings
2750|Icon Bearer|DG|Death Guard|Infantry Character|Death Guard|false|false||This model is equipped with: boltgun; plague knife.|https://wahapedia.ru/wh40k11ed/factions/death-guard/Icon-Bearer
3585|Chaos Thunderhawk|DG|Death Guard|Aircraft|Chaos Space Marines (Warhammer Legends)|true|false|This model has a transport capacity of 30 Death Guard Infantry or Death Guard Mounted models. Each Jump Pack, Possessed and Terminator model takes up the space of 2 models. Each Obliterator model takes up the space of 3 models. Each MOUNTED model takes up the space of 4 models.|This model is equipped with: 2 lascannons; Thunderhawk heavy cannon; 4 twin heavy bolters; armoured hull; Thunderhawk cluster bombs.|https://wahapedia.ru/wh40k11ed/factions/death-guard/Chaos-Thunderhawk
3586|Greater Blight Drone|DG|Death Guard|Vehicle|Chaos Space Marines (Warhammer Legends)|true|false||This model is equipped with: bile maw; blightreaper cannon; greater plague probe.|https://wahapedia.ru/wh40k11ed/factions/death-guard/Greater-Blight-Drone
3592|Chaos Lord On Palanquin Of Nurgle|DG|Death Guard|Infantry Character|Chaos Space Marines (Warhammer Legends)|true|false||This model is equipped with: bolt pistol; Astartes chainsword; close combat weapon; Nurgling's claws and teeth.|https://wahapedia.ru/wh40k11ed/factions/death-guard/Chaos-Lord-On-Palanquin-Of-Nurgle
3593|Gellerpox Infected|DG|Death Guard|Infantry|Chaos Space Marines (Warhammer Legends)|true|false||Every Gellerpox Mutant is equipped with: brutal weapons. One Nightmare Hulk is equipped with: belly-flamer; hideous mutations. Every other Nightmare Hulk is equipped with: hideous mutations.|https://wahapedia.ru/wh40k11ed/factions/death-guard/Gellerpox-Infected
3594|Hell Blade|DG|Death Guard|Aircraft|Chaos Space Marines (Warhammer Legends)|true|false||This model is equipped with: 2 twin autocannons; armoured hull.|https://wahapedia.ru/wh40k11ed/factions/death-guard/Hell-Blade
3595|Hell Talon|DG|Death Guard|Aircraft|Chaos Space Marines (Warhammer Legends)|true|false||This model is equipped with: autocannon; twin lascannon; armoured hull.|https://wahapedia.ru/wh40k11ed/factions/death-guard/Hell-Talon
3596|Mutoid Vermin|DG|Death Guard|Swarm|Chaos Space Marines (Warhammer Legends)|true|false||Every model is equipped with: diseased claws and fangs.|https://wahapedia.ru/wh40k11ed/factions/death-guard/Mutoid-Vermin
3600|Sorcerer On Palanquin Of Nurgle|DG|Death Guard|Infantry Character|Chaos Space Marines (Warhammer Legends)|true|false||This model is equipped with: bolt pistol; Infernal Gaze; force weapon; Nurgling's claws and teeth.|https://wahapedia.ru/wh40k11ed/factions/death-guard/Sorcerer-On-Palanquin-Of-Nurgle
3604|Terrax-pattern Termite|DG|Death Guard|Dedicated Transports|Space Marines (Warhammer Legends)|true|false|This model has a transport capacity of 12 Death Guard Infantry models. It cannot transport Jump Pack, Wulfen, Phobos, Gravis, Centurion, Terminator, Obliterator, Possessed or Tacticus models (excluding TACTICUS CHARACTER models that began the battle attached to a non-TACTICUS unit).|This model is equipped with: Terrax melta cutter; 2 combi-bolters; Termite drill.|https://wahapedia.ru/wh40k11ed/factions/death-guard/Terrax-pattern-Termite
3608|Land Raider Achilles|DG|Death Guard|Transport|Space Marines (Warhammer Legends)|true|false|This model has a transport capacity of 12 Death Guard Infantry models. Each Jump Pack, Wulfen, Gravis, Possessed or Terminator model takes up the space of 2 models and each Centurion or Obliterator model takes up the space of 3 models.|This model is equipped with: quad launcher; 2 twin volkite culverins; armoured tracks.|https://wahapedia.ru/wh40k11ed/factions/death-guard/Land-Raider-Achilles
3612|Land Raider Proteus|DG|Death Guard|Transport|Space Marines (Warhammer Legends)|true|false|This model has a transport capacity of 12 Death Guard Infantry models. Each Jump Pack, Wulfen, Gravis, Possessed or Terminator model takes up the space of 2 models and each Centurion or Obliterator model takes up the space of 3 models.|This model is equipped with: 2 twin lascannons; armoured tracks.|https://wahapedia.ru/wh40k11ed/factions/death-guard/Land-Raider-Proteus
3616|Fire Raptor Gunship|DG|Death Guard|Aircraft|Space Marines (Warhammer Legends)|true|false||This model is equipped with: twin avenger bolt cannon; 2 twin autocannons; 2 twin hellstrike launchers; armoured hull|https://wahapedia.ru/wh40k11ed/factions/death-guard/Fire-Raptor-Gunship
3620|Spartan|DG|Death Guard|Transport|Space Marines (Warhammer Legends)|true|false|This model has a transport capacity of 28 Death Guard Infantry models. Each Jump Pack, Wulfen, Gravis, Possessed or Terminator model takes up the space of 2 models and each Centurion or Obliterator model takes up the space of 3 models.|This model is equipped with: 2 quad lascannons; twin heavy bolter; armoured tracks.|https://wahapedia.ru/wh40k11ed/factions/death-guard/Spartan
3624|Deredeo Dreadnought|DG|Death Guard|Walker|Space Marines (Warhammer Legends)|true|false||This model is equipped with: anvilus autocannon battery; twin heavy bolter; armoured feet.|https://wahapedia.ru/wh40k11ed/factions/death-guard/Deredeo-Dreadnought
3628|Cerberus|DG|Death Guard|Vehicle|Space Marines (Warhammer Legends)|true|false||This model is equipped with: Cerberus neutron pulse array; armoured tracks.|https://wahapedia.ru/wh40k11ed/factions/death-guard/Cerberus
3632|Kratos|DG|Death Guard|Vehicle|Space Marines (Warhammer Legends)|true|false||This model is equipped with: autocannon; Kratos battle cannon; 4 heavy bolters; armoured tracks.|https://wahapedia.ru/wh40k11ed/factions/death-guard/Kratos
3636|Sokar-pattern Stormbird|DG|Death Guard|Aircraft|Space Marines (Warhammer Legends)|true|false|This model has a transport capacity of 55 Death Guard Infantry or Death Guard Mounted models. Each Jump Pack, Wulfen, Gravis, Possessed or Terminator model takes up the space of 2 models and each MOUNTED, Centurion or Obliterator model takes up the space of 3 models. This model can also transport up to 1 Rhino model (this model – and any models embarked within it – take up the space of 25 models).|This model is equipped with: hellstrike missile battery; 3 twin heavy bolters; 4 twin lascannons; armoured hull.|https://wahapedia.ru/wh40k11ed/factions/death-guard/Sokar-pattern-Stormbird
3640|Sicaran Battle Tank|DG|Death Guard|Vehicle|Space Marines (Warhammer Legends)|true|false||This model is equipped with: heavy bolter; Herakles-pattern autocannon; armoured tracks.|https://wahapedia.ru/wh40k11ed/factions/death-guard/Sicaran-Battle-Tank
3644|Mastodon|DG|Death Guard|Titanic|Space Marines (Warhammer Legends)|true|false|This model has a transport capacity of 45 Death Guard Infantry models. Each Jump Pack, Wulfen, Gravis, Possessed or Terminator model takes up the space of 2 models and each Centurion or Obliterator model takes up the space of 3 models. This model can also transport up to 2 Dreadnought or Helbrute models (these models take up the space of a number of models equal to their Wounds characteristic e.g. A Dreadnought with a Wounds characteristic of 8 would take up the space of 8 models).|This model is equipped with: 2 heavy flamers; 2 lascannons; siege melta array; skyreaper battery; armoured tracks.|https://wahapedia.ru/wh40k11ed/factions/death-guard/Mastodon
3648|Leviathan Dreadnought|DG|Death Guard|Walker|Space Marines (Warhammer Legends)|true|false||This model is equipped with: 2 heavy flamers; 2 grav-flux bombards; armoured feet.|https://wahapedia.ru/wh40k11ed/factions/death-guard/Leviathan-Dreadnought
3652|Fellblade|DG|Death Guard|Titanic|Space Marines (Warhammer Legends)|true|false||This model is equipped with: demolisher cannon; Fellblade accelerator cannon; 2 quad lascannons; twin heavy bolter; armoured tracks.|https://wahapedia.ru/wh40k11ed/factions/death-guard/Fellblade
3656|Relic Contemptor Dreadnought|DG|Death Guard|Walker|Space Marines (Warhammer Legends)|true|false||This model is equipped with: 2 heavy plasma cannons; armoured feet.|https://wahapedia.ru/wh40k11ed/factions/death-guard/Relic-Contemptor-Dreadnought
3660|Whirlwind Scorpius|DG|Death Guard|Vehicle|Space Marines (Warhammer Legends)|true|false||This model is equipped with: Scorpius multi-launcher; armoured tracks.|https://wahapedia.ru/wh40k11ed/factions/death-guard/Whirlwind-Scorpius
3664|Xiphon Interceptor|DG|Death Guard|Aircraft|Space Marines (Warhammer Legends)|true|false||This model is equipped with: 2 twin lascannons; Xiphon missile battery; armoured hull.|https://wahapedia.ru/wh40k11ed/factions/death-guard/Xiphon-Interceptor
3668|Rapier Carrier|DG|Death Guard|Artillery|Space Marines (Warhammer Legends)|true|false||This model is equipped with: boltgun; quad heavy bolter; close combat weapon.|https://wahapedia.ru/wh40k11ed/factions/death-guard/Rapier-Carrier
3672|Storm Eagle Gunship|DG|Death Guard|Aircraft|Space Marines (Warhammer Legends)|true|false|This model has a transport capacity of 22 Death Guard Infantry models and 1 Dreadnought model. Each Jump Pack, Wulfen, Gravis, Terminator or Possessed model takes up the space of 2 models and each Centurion or Obliterator model takes up the space of 3 models.|This model is equipped with: twin heavy bolter; 2 twin hellstrike launchers; vengeance launcher; armoured hull.|https://wahapedia.ru/wh40k11ed/factions/death-guard/Storm-Eagle-Gunship
3676|Sicaran Venator|DG|Death Guard|Vehicle|Space Marines (Warhammer Legends)|true|false||This model is equipped with: heavy bolter; Venator neutron laser; armoured tracks.|https://wahapedia.ru/wh40k11ed/factions/death-guard/Sicaran-Venator
3680|Typhon|DG|Death Guard|Vehicle|Space Marines (Warhammer Legends)|true|false||This model is equipped with: dreadhammer siege cannon; armoured tracks.|https://wahapedia.ru/wh40k11ed/factions/death-guard/Typhon
3684|Sicaran Punisher|DG|Death Guard|Vehicle|Space Marines (Warhammer Legends)|true|false||This model is equipped with: heavy bolter; Punisher rotary cannon; armoured tracks.|https://wahapedia.ru/wh40k11ed/factions/death-guard/Sicaran-Punisher
3688|Falchion|DG|Death Guard|Titanic|Space Marines (Warhammer Legends)|true|false||This model is equipped with: 2 quad lascannons; twin heavy bolter; twin Falchion volcano cannon; armoured tracks.|https://wahapedia.ru/wh40k11ed/factions/death-guard/Falchion
4109|Lord of Poxes|DG|Death Guard|Infantry Character|Death Guard|false|false||This model is equipped with: plasma pistol; great plague blade.|https://wahapedia.ru/wh40k11ed/factions/death-guard/Lord-of-Poxes
4110|Foetid Bloat-drone with Heavy Blight Launcher|DG|Death Guard|Vehicle|Death Guard|false|false||This model is equipped with: heavy blight launcher; plague probe.|https://wahapedia.ru/wh40k11ed/factions/death-guard/Foetid-Bloat-drone-with-Heavy-Blight-Launcher
4111|Rotigus|DG|Death Guard|Monster Epic Hero|Death Guard|false|false||This model is equipped with: streams of brackish filth; gnarlrod.|https://wahapedia.ru/wh40k11ed/factions/death-guard/Rotigus
4112|Great Unclean One|DG|Death Guard|Monster Character|Death Guard|false|false||This model is equipped with: plague flail; putrid vomit; bilesword.|https://wahapedia.ru/wh40k11ed/factions/death-guard/Great-Unclean-One
4113|Plaguebearers|DG|Death Guard|Battleline|Death Guard|false|false||Every model is equipped with: plaguesword.|https://wahapedia.ru/wh40k11ed/factions/death-guard/Plaguebearers
4114|Plague Drones|DG|Death Guard|Mounted|Death Guard|false|false||Every model is equipped with: death’s heads; foul mouthparts; plaguesword.|https://wahapedia.ru/wh40k11ed/factions/death-guard/Plague-Drones
4115|Beasts of Nurgle|DG|Death Guard|Beast|Death Guard|false|false||Every model is equipped with: putrid appendages.|https://wahapedia.ru/wh40k11ed/factions/death-guard/Beasts-of-Nurgle
4116|Nurglings|DG|Death Guard|Swarm|Death Guard|false|false||Every model is equipped with: diseased claws and teeth.|https://wahapedia.ru/wh40k11ed/factions/death-guard/Nurglings
4209|Defiler|DG|Death Guard|Walker|Death Guard|false|false||This model is equipped with: 1 Hades battle cannon; 2 excruciator cannons; 1 heavy missile launcher; 1 heavy baleflamer; 1 shearing claws|https://wahapedia.ru/wh40k11ed/factions/death-guard/Defiler
634|Archon|DRU|Drukhari|Infantry Character|Drukhari|false|false||This model is equipped with: splinter pistol; huskblade; shadowfield.|https://wahapedia.ru/wh40k11ed/factions/drukhari/Archon
639|Succubus|DRU|Drukhari|Infantry Character|Drukhari|false|false||This model is equipped with: Archite glaive and agoniser.|https://wahapedia.ru/wh40k11ed/factions/drukhari/Succubus
640|Lelith Hesperax|DRU|Drukhari|Infantry Epic Hero|Drukhari|false|false||This model is equipped with: Lelith’s blades.|https://wahapedia.ru/wh40k11ed/factions/drukhari/Lelith-Hesperax
641|Haemonculus|DRU|Drukhari|Infantry Character|Drukhari|false|false||This model is equipped with: stinger pistol; Haemonculus tools and scissorhands.|https://wahapedia.ru/wh40k11ed/factions/drukhari/Haemonculus
642|Urien Rakarth|DRU|Drukhari|Infantry Epic Hero|Drukhari (Warhammer Legends)|true|false||This model is equipped with: Casket of Flensing; Haemonculus tools and scissorhands.|https://wahapedia.ru/wh40k11ed/factions/drukhari/Urien-Rakarth
643|Drazhar|DRU|Drukhari|Infantry Epic Hero|Drukhari|false|false||This model is equipped with: Executioner’s demiklaives.|https://wahapedia.ru/wh40k11ed/factions/drukhari/Drazhar
644|Kabalite Warriors|DRU|Drukhari|Battleline|Drukhari|false|false||Every model is equipped with: splinter rifle; close combat weapon.|https://wahapedia.ru/wh40k11ed/factions/drukhari/Kabalite-Warriors
646|Wyches|DRU|Drukhari|Battleline|Drukhari|false|false||Every model is equipped with: splinter pistol; Hekatarii blade.|https://wahapedia.ru/wh40k11ed/factions/drukhari/Wyches
648|Incubi|DRU|Drukhari|Infantry|Drukhari|false|false||Every model is equipped with: klaive.|https://wahapedia.ru/wh40k11ed/factions/drukhari/Incubi
649|Mandrakes|DRU|Drukhari|Infantry|Drukhari|false|false||Every model is equipped with: baleblast; glimmersteel blade.|https://wahapedia.ru/wh40k11ed/factions/drukhari/Mandrakes
650|Wracks|DRU|Drukhari|Battleline|Drukhari|false|false||Every model is equipped with: twin torturer’s tools.|https://wahapedia.ru/wh40k11ed/factions/drukhari/Wracks
651|Grotesques|DRU|Drukhari|Infantry|Drukhari (Warhammer Legends)|true|false||Every model is equipped with: paired monstrous weapons.|https://wahapedia.ru/wh40k11ed/factions/drukhari/Grotesques
652|Beastmaster|DRU|Drukhari|Mounted Character|Drukhari (Warhammer Legends)|true|false||The Beastmaster is equipped with: splinter pods; agoniser. Every Clawed Fiend is equipped with: Clawed Fiend fists. Every Khymerae is equipped with: Khymerae talons. Every Razorwing Flock is equipped with: Razorwing feathers.|https://wahapedia.ru/wh40k11ed/factions/drukhari/Beastmaster
656|Raider|DRU|Drukhari|Dedicated Transports|Drukhari|false|false|This model has a transport capacity of 11 Drukhari Infantry models (excluding Jump Pack models).|This model is equipped with: dark lance; bladevanes and chainsnares.|https://wahapedia.ru/wh40k11ed/factions/drukhari/Raider
657|Venom|DRU|Drukhari|Dedicated Transports|Drukhari|false|false|This model has a transport capacity of 6 Drukhari Infantry models (excluding Jump Pack models). Before the battle, at the start of the Declare Battle Formations step, you can select one Kabalite Warriors, Hand of the Archon or Wyches unit from your army that has not already been split. If you do, that unit is split into two units, each containing as equal a number of models as possible (when splitting a unit in this way, make a note of which models form each of the two new units]. One of these units must start the battle embarked within this model; the other can start the battle embarked within another TRANSPORT, or it can be deployed as a separate unit.|This model is equipped with: splinter cannon; twin splinter rifle; bladevanes.|https://wahapedia.ru/wh40k11ed/factions/drukhari/Venom
658|Reavers|DRU|Drukhari|Mounted|Drukhari|false|false||Every model is equipped with: splinter pistol; splinter rifle; bladevanes.|https://wahapedia.ru/wh40k11ed/factions/drukhari/Reavers
659|Hellions|DRU|Drukhari|Mounted|Drukhari|false|false||Every model is equipped with: splinter pods; hellglaive.|https://wahapedia.ru/wh40k11ed/factions/drukhari/Hellions
660|Razorwing Jetfighter|DRU|Drukhari|Aircraft|Drukhari|false|false||This model is equipped with: 2 dark lances; Razorwing missiles; twin splinter rifle; bladed wings.|https://wahapedia.ru/wh40k11ed/factions/drukhari/Razorwing-Jetfighter
661|Voidraven Bomber|DRU|Drukhari|Aircraft|Drukhari|false|false||This model is equipped with: 2 void lances; bladed wings.|https://wahapedia.ru/wh40k11ed/factions/drukhari/Voidraven-Bomber
662|Scourges with Heavy Weapons|DRU|Drukhari|Infantry|Drukhari|false|false||The Solarite is equipped with: shardcarbine; close combat weapon. Every Scourge is equipped with: splinter cannon; close combat weapon.|https://wahapedia.ru/wh40k11ed/factions/drukhari/Scourges-with-Heavy-Weapons
663|Talos|DRU|Drukhari|Monster|Drukhari|false|false||Every model is equipped with: twin splinter cannon; 2 macro-scalpels.|https://wahapedia.ru/wh40k11ed/factions/drukhari/Talos
664|Cronos|DRU|Drukhari|Monster|Drukhari|false|false||Every Cronos is equipped with: spirit syphon; spirit-leech tentacles.|https://wahapedia.ru/wh40k11ed/factions/drukhari/Cronos
665|Ravager|DRU|Drukhari|Vehicle|Drukhari|false|false||This model is equipped with: 3 dark lances; bladevanes.|https://wahapedia.ru/wh40k11ed/factions/drukhari/Ravager
666|Reaper|DRU|Drukhari|Vehicle|Drukhari (Warhammer Legends)|true|false||This model is equipped with: storm vortex projector; bladevanes; prow blade.|https://wahapedia.ru/wh40k11ed/factions/drukhari/Reaper
667|Tantalus|DRU|Drukhari|Transport|Drukhari (Warhammer Legends)|true|false|This model has a transport capacity of 16 Drukhari Infantry models. Each Grotesque model takes up the space of 3 models. This model cannot transport models that can Fly.|This model is equipped with: pulse disintegrators; dire scythe blades.|https://wahapedia.ru/wh40k11ed/factions/drukhari/Tantalus
1390|Raven Strike Fighter|DRU|Drukhari|Aircraft|Drukhari (Warhammer Legends)|true|false||This model is equipped with: 2 dark lances; splinterstorm cannon; Bladed wings.|https://wahapedia.ru/wh40k11ed/factions/drukhari/Raven-Strike-Fighter
2471|Court of the Archon|DRU|Drukhari|Infantry|Drukhari (Warhammer Legends)|true|false||A Lhamaean is equipped with: shaimeshi blade. A Medusae is equipped with: eyeburst; close combat weapon. A Sslyth is equipped with: shardcarbine; splinter pistol; Sslyth battle-blade. An Ur-ghul is equipped with: Ur-ghul talons.|https://wahapedia.ru/wh40k11ed/factions/drukhari/Court-of-the-Archon
4155|Lady Malys|DRU|Drukhari|Infantry Epic Hero|Drukhari|false|false||This model is equipped with: Lady’s Blade; razor fan.|https://wahapedia.ru/wh40k11ed/factions/drukhari/Lady-Malys
4156|Hand of the Archon|DRU|Drukhari|Infantry|Drukhari|false|false||Every model is equipped with: splinter rifle; close combat weapon.|https://wahapedia.ru/wh40k11ed/factions/drukhari/Hand-of-the-Archon
4157|Scourges with Shardcarbines|DRU|Drukhari|Infantry|Drukhari|false|false||Every model is equipped with: shardcarbine; close combat weapon.|https://wahapedia.ru/wh40k11ed/factions/drukhari/Scourges-with-Shardcarbines
4158|Death Jester|DRU|Drukhari|Infantry Character|Aeldari|false|false||This model is equipped with: shrieker cannon; Jester’s blade; flip belt.|https://wahapedia.ru/wh40k11ed/factions/drukhari/Death-Jester
4159|Shadowseer|DRU|Drukhari|Infantry Character|Aeldari|false|false||This model is equipped with: shuriken pistol; miststave; flip belt.|https://wahapedia.ru/wh40k11ed/factions/drukhari/Shadowseer
4160|Solitaire|DRU|Drukhari|Infantry Epic Hero|Aeldari|false|false||This model is equipped with: Solitaire weapons, flip belt.|https://wahapedia.ru/wh40k11ed/factions/drukhari/Solitaire
4161|Troupe Master|DRU|Drukhari|Infantry Character|Aeldari|false|false||This model is equipped with: shuriken pistol; Troupe Master’s blade; flip belt.|https://wahapedia.ru/wh40k11ed/factions/drukhari/Troupe-Master
4162|Starweaver|DRU|Drukhari|Dedicated Transports|Aeldari|false|false|This model has a transport capacity of 6 Harlequins Infantry models.|This model is equipped with: 2 shuriken cannons; close combat weapon.|https://wahapedia.ru/wh40k11ed/factions/drukhari/Starweaver
4163|Skyweavers|DRU|Drukhari|Mounted|Aeldari|false|false||Every model is equipped with: shuriken cannon; star bolas; close combat weapon.|https://wahapedia.ru/wh40k11ed/factions/drukhari/Skyweavers
4164|Troupe|DRU|Drukhari|Infantry|Aeldari|false|false||Every model is equipped with: shuriken pistol; Harlequin’s blade, flip belt.|https://wahapedia.ru/wh40k11ed/factions/drukhari/Troupe
4165|Voidweaver|DRU|Drukhari|Vehicle|Aeldari|false|false||This model is equipped with: 2 shuriken cannons; Voidweaver haywire cannon; close combat weapon.|https://wahapedia.ru/wh40k11ed/factions/drukhari/Voidweaver
4168|Corsair Voidreavers|DRU|Drukhari|Battleline|Aeldari|false|false||Every model is equipped with: shuriken pistol; power sword; close combat weapon.|https://wahapedia.ru/wh40k11ed/factions/drukhari/Corsair-Voidreavers
4169|Corsair Voidscarred|DRU|Drukhari|Infantry|Aeldari|false|false||Every Corsair Voidscarred and Voidscarred Felarch is equipped with: shuriken pistol; power sword; close combat weapon. A Shade Runner is equipped with: shuriken pistol; paired Hekatarii blades. A Soul Weaver is equipped with: shuriken pistol; power sword; channeller stones. A Way Seeker is equipped with: shuriken pistol; Executioner; witch staff.|https://wahapedia.ru/wh40k11ed/factions/drukhari/Corsair-Voidscarred
4170|Corsair Cloud Dancer Band|DRU|Drukhari|Mounted|Aeldari (Warhammer Legends)|true|false||Every model is equipped with: brace of pistols; twin shuriken catapult; close combat weapon.|https://wahapedia.ru/wh40k11ed/factions/drukhari/Corsair-Cloud-Dancer-Band
4171|Corsair Reaver Band|DRU|Drukhari|Infantry|Aeldari (Warhammer Legends)|true|false||Every model is equipped with: brace of pistols; Corsair firearm; close combat weapon.|https://wahapedia.ru/wh40k11ed/factions/drukhari/Corsair-Reaver-Band
4197|Kharseth|DRU|Drukhari|Infantry Epic Hero|Aeldari|false|false||This model is equipped with: Dread of the Deep Void; Waystave.|https://wahapedia.ru/wh40k11ed/factions/drukhari/Kharseth
4198|Prince Yriel|DRU|Drukhari|Infantry Epic Hero|Aeldari|false|false||This model is equipped with: Eye of Wrath; shuriken pistol; Spear of Twilight.|https://wahapedia.ru/wh40k11ed/factions/drukhari/Prince-Yriel
4199|Corsair Skyreavers|DRU|Drukhari|Infantry|Aeldari|false|false||Every model is equipped with: shuriken pistol; Corsair blade.|https://wahapedia.ru/wh40k11ed/factions/drukhari/Corsair-Skyreavers
4200|Starfangs|DRU|Drukhari|Vehicle|Aeldari|false|false||Every model is equipped with: disintegrator cannon; Starfang grenade launcher; wraithbone hull.|https://wahapedia.ru/wh40k11ed/factions/drukhari/Starfangs
4077|Fulgrim|EC|Emperor’s Children|Monster Epic Hero|Emperor’s Children|false|false||This model is equipped with: malefic lash; daemonic blades; serpentine tail.|https://wahapedia.ru/wh40k11ed/factions/emperor-s-children/Fulgrim
4078|Lord Exultant|EC|Emperor’s Children|Infantry Character|Emperor’s Children|false|false||This model is equipped with: bolt pistol; plasma pistol; Phoenix power spear; close combat weapon.|https://wahapedia.ru/wh40k11ed/factions/emperor-s-children/Lord-Exultant
4079|Tormentors|EC|Emperor’s Children|Battleline|Emperor’s Children|false|false||The Obsessionist is equipped with: bolt pistol; power sword. Every Tormentor is equipped with: boltgun; close combat weapon.|https://wahapedia.ru/wh40k11ed/factions/emperor-s-children/Tormentors
4080|Infractors|EC|Emperor’s Children|Battleline|Emperor’s Children|false|false||The Obsessionist is equipped with: bolt pistol; power sword. Every Infractor is equipped with: bolt pistol; duelling sabre.|https://wahapedia.ru/wh40k11ed/factions/emperor-s-children/Infractors
4081|Chaos Terminators|EC|Emperor’s Children|Infantry|Emperor’s Children|false|false||Every model is equipped with: combi-bolter; accursed weapon.|https://wahapedia.ru/wh40k11ed/factions/emperor-s-children/Chaos-Terminators
4082|Chaos Land Raider|EC|Emperor’s Children|Transport|Emperor’s Children|false|false|This model has a transport capacity of 14 Emperor’s Children Infantry models. Each Terminator and Flawless Blade model takes up the space of 2 models.|This model is equipped with: 2 soulshatter lascannons; twin heavy bolter; armoured tracks.|https://wahapedia.ru/wh40k11ed/factions/emperor-s-children/Chaos-Land-Raider
4083|Lucius the Eternal|EC|Emperor’s Children|Infantry Epic Hero|Emperor’s Children|false|false||This model is equipped with: Blade of the Laer; Lash of Torment.|https://wahapedia.ru/wh40k11ed/factions/emperor-s-children/Lucius-the-Eternal
4084|Lord Kakophonist|EC|Emperor’s Children|Infantry Character|Emperor’s Children|false|false||This model is equipped with: screamer pistol; power sword.|https://wahapedia.ru/wh40k11ed/factions/emperor-s-children/Lord-Kakophonist
4085|Sorcerer|EC|Emperor’s Children|Infantry Character|Emperor’s Children|false|false||This model is equipped with: Agonising Energies; bolt pistol; force weapon.|https://wahapedia.ru/wh40k11ed/factions/emperor-s-children/Sorcerer
4086|Daemon Prince of Slaanesh|EC|Emperor’s Children|Monster Character|Emperor’s Children|false|false||This model is equipped with: infernal cannon; hellforged weapons.|https://wahapedia.ru/wh40k11ed/factions/emperor-s-children/Daemon-Prince-of-Slaanesh
4087|Daemon Prince of Slaanesh with Wings|EC|Emperor’s Children|Monster Character|Emperor’s Children|false|false||This model is equipped with: infernal cannon; hellforged weapons.|https://wahapedia.ru/wh40k11ed/factions/emperor-s-children/Daemon-Prince-of-Slaanesh-with-Wings
4088|Noise Marines|EC|Emperor’s Children|Infantry|Emperor’s Children|false|false||Every model is equipped with: sonic blaster; close combat weapon.|https://wahapedia.ru/wh40k11ed/factions/emperor-s-children/Noise-Marines
4089|Flawless Blades|EC|Emperor’s Children|Infantry|Emperor’s Children|false|false||Every model is equipped with: bolt pistol; blissblade.|https://wahapedia.ru/wh40k11ed/factions/emperor-s-children/Flawless-Blades
4090|Chaos Spawn|EC|Emperor’s Children|Beast|Emperor’s Children|false|false||Every model is equipped with: hideous mutations.|https://wahapedia.ru/wh40k11ed/factions/emperor-s-children/Chaos-Spawn
4091|Maulerfiend|EC|Emperor’s Children|Walker|Emperor’s Children|false|false||This model is equipped with: lasher tendrils; Maulerfiend fists.|https://wahapedia.ru/wh40k11ed/factions/emperor-s-children/Maulerfiend
4092|Heldrake|EC|Emperor’s Children|Vehicle|Emperor’s Children|false|false||This model is equipped with: Hades autocannon; Heldrake claws.|https://wahapedia.ru/wh40k11ed/factions/emperor-s-children/Heldrake
4093|Chaos Rhino|EC|Emperor’s Children|Dedicated Transports|Emperor’s Children|false|false|This model has a transport capacity of 12 Emperor’s Children Infantry models (excluding TERMiNATOR and Flawless Blade models).|This model is equipped with: combi-bolter; armoured tracks.|https://wahapedia.ru/wh40k11ed/factions/emperor-s-children/Chaos-Rhino
4094|Shalaxi Helbane|EC|Emperor’s Children|Monster Epic Hero|Emperor’s Children|false|false||This model is equipped with: lash of Slaanesh; Pavane of Slaanesh; snapping claws; Soulpiercer.|https://wahapedia.ru/wh40k11ed/factions/emperor-s-children/Shalaxi-Helbane
4095|Daemonettes|EC|Emperor’s Children|Battleline|Emperor’s Children|false|false||Every model is equipped with: slashing claws.|https://wahapedia.ru/wh40k11ed/factions/emperor-s-children/Daemonettes
4096|Fiends|EC|Emperor’s Children|Beast|Emperor’s Children|false|false||Every model is equipped with: barbed tail and dissecting claws.|https://wahapedia.ru/wh40k11ed/factions/emperor-s-children/Fiends
4097|Keeper of Secrets|EC|Emperor’s Children|Monster Character|Emperor’s Children|false|false||This model is equipped with: Phantasmagoria; snapping claws; witstealer sword.|https://wahapedia.ru/wh40k11ed/factions/emperor-s-children/Keeper-of-Secrets
4098|Seekers|EC|Emperor’s Children|Mounted|Emperor’s Children|false|false||Every model is equipped with: lashing tongue; slashing claws.|https://wahapedia.ru/wh40k11ed/factions/emperor-s-children/Seekers
4208|Defiler|EC|Emperor’s Children|Walker|Emperor’s Children|false|false||This model is equipped with: 1 Hades battle cannon; 2 excruciator cannons; 1 heavy missile launcher; 1 heavy baleflamer; 1 shearing claws|https://wahapedia.ru/wh40k11ed/factions/emperor-s-children/Defiler
507|Patriarch|GC|Genestealer Cults|Infantry Character|Genestealer Cults|false|false||This model is equipped with: Patriarch’s claws.|https://wahapedia.ru/wh40k11ed/factions/genestealer-cults/Patriarch
508|Magus|GC|Genestealer Cults|Infantry Character|Genestealer Cults|false|false||This model is equipped with: autopistol; Magus stave.|https://wahapedia.ru/wh40k11ed/factions/genestealer-cults/Magus
509|Primus|GC|Genestealer Cults|Infantry Character|Genestealer Cults|false|false||This model is equipped with: scoped needle pistol; cult bonesword; toxin injector claw.|https://wahapedia.ru/wh40k11ed/factions/genestealer-cults/Primus
510|Acolyte Iconward|GC|Genestealer Cults|Infantry Character|Genestealer Cults|false|false||This model is equipped with: autopistol; cult claws.|https://wahapedia.ru/wh40k11ed/factions/genestealer-cults/Acolyte-Iconward
511|Acolyte Hybrids With Autopistols|GC|Genestealer Cults|Battleline|Genestealer Cults|false|false||Every model is equipped with: autopistol; cult claws and knife.|https://wahapedia.ru/wh40k11ed/factions/genestealer-cults/Acolyte-Hybrids-With-Autopistols
512|Neophyte Hybrids|GC|Genestealer Cults|Battleline|Genestealer Cults|false|false||Every model is equipped with: autopistol; Hybrid firearm; close combat weapon.|https://wahapedia.ru/wh40k11ed/factions/genestealer-cults/Neophyte-Hybrids
513|Hybrid Metamorphs|GC|Genestealer Cults|Infantry|Genestealer Cults|false|false||The Metamorph Leader is equipped with: autopistol; Leader’s bio-weapons. Every Hybrid Metamorph is equipped with: autopistol; Metamorph mutations.|https://wahapedia.ru/wh40k11ed/factions/genestealer-cults/Hybrid-Metamorphs
514|Aberrants|GC|Genestealer Cults|Infantry|Genestealer Cults|false|false||Every Aberrant is equipped with: Aberrant weapons.|https://wahapedia.ru/wh40k11ed/factions/genestealer-cults/Aberrants
515|Purestrain Genestealers|GC|Genestealer Cults|Infantry|Genestealer Cults|false|false||Every model is equipped with: cult claws and talons.|https://wahapedia.ru/wh40k11ed/factions/genestealer-cults/Purestrain-Genestealers
516|Goliath Truck|GC|Genestealer Cults|Dedicated Transports|Genestealer Cults|false|false|This model has a transport capacity of 12 Genestealer Cults Infantry models.|This model is equipped with: heavy stubber; twin autocannon; demolition charge cache; armoured hull.|https://wahapedia.ru/wh40k11ed/factions/genestealer-cults/Goliath-Truck
521|Goliath Rockgrinder|GC|Genestealer Cults|Transport|Genestealer Cults|false|false|This model has a transport capacity of 6 Genestealer Cults Infantry models.|This model is equipped with: heavy mining laser; heavy stubber; drilldozer blade; demolition charge cache.|https://wahapedia.ru/wh40k11ed/factions/genestealer-cults/Goliath-Rockgrinder
1546|Abominant|GC|Genestealer Cults|Infantry Character|Genestealer Cults|false|false||This model is equipped with: power sledgehammer.|https://wahapedia.ru/wh40k11ed/factions/genestealer-cults/Abominant
1565|Jackal Alphus|GC|Genestealer Cults|Mounted Character|Genestealer Cults|false|false||This model is equipped with: autopistol; cult sniper rifle; close combat weapon.|https://wahapedia.ru/wh40k11ed/factions/genestealer-cults/Jackal-Alphus
1567|Clamavus|GC|Genestealer Cults|Infantry Character|Genestealer Cults|false|false||This model is equipped with: autopistol; close combat weapon.|https://wahapedia.ru/wh40k11ed/factions/genestealer-cults/Clamavus
1568|Locus|GC|Genestealer Cults|Infantry Character|Genestealer Cults|false|false||This model is equipped with: Locus blades.|https://wahapedia.ru/wh40k11ed/factions/genestealer-cults/Locus
1569|Sanctus|GC|Genestealer Cults|Infantry Character|Genestealer Cults|false|false||This model is equipped with: Sanctus bio-dagger.|https://wahapedia.ru/wh40k11ed/factions/genestealer-cults/Sanctus
1570|Kelermorph|GC|Genestealer Cults|Infantry Character|Genestealer Cults|false|false||This model is equipped with: liberator autostubs; close combat weapon.|https://wahapedia.ru/wh40k11ed/factions/genestealer-cults/Kelermorph
1571|Nexos|GC|Genestealer Cults|Infantry Character|Genestealer Cults|false|false||This model is equipped with: autopistol; close combat weapon.|https://wahapedia.ru/wh40k11ed/factions/genestealer-cults/Nexos
1572|Biophagus|GC|Genestealer Cults|Infantry Character|Genestealer Cults|false|false||This model is equipped with: autopistol; chemical vials; injector goad, alchemicus familiar.|https://wahapedia.ru/wh40k11ed/factions/genestealer-cults/Biophagus
1573|Achilles Ridgerunners|GC|Genestealer Cults|Vehicle|Genestealer Cults|false|false||Every model is equipped with: heavy mining laser; twin heavy stubbers; armoured hull; flare launcher.|https://wahapedia.ru/wh40k11ed/factions/genestealer-cults/Achilles-Ridgerunners
1574|Atalan Jackals|GC|Genestealer Cults|Mounted|Genestealer Cults|false|false||* This unit can only contain 2 Atalan Wolfquads if it also contains 8 Atalan Jackals. Every Atalan Jackal is equipped with: Atalan small arms; close combat weapon. Every Atalan Wolfquad is equipped with: Atalan small arms; heavy stubber; close combat weapon.|https://wahapedia.ru/wh40k11ed/factions/genestealer-cults/Atalan-Jackals
1576|Tectonic Fragdrill|GC|Genestealer Cults|Fortifications|Genestealer Cults (Warhammer Legends)|true|false||This model is equipped with: fragdrill.|https://wahapedia.ru/wh40k11ed/factions/genestealer-cults/Tectonic-Fragdrill
2525|Reductus Saboteur|GC|Genestealer Cults|Infantry Character|Genestealer Cults|false|false||This model is equipped with: autopistol; demolition charges; remote explosives; close combat weapon.|https://wahapedia.ru/wh40k11ed/factions/genestealer-cults/Reductus-Saboteur
3715|Benefictus|GC|Genestealer Cults|Infantry Character|Genestealer Cults|false|false||This model is equipped with: Psionic Cascade; close combat weapon.|https://wahapedia.ru/wh40k11ed/factions/genestealer-cults/Benefictus
3716|Acolyte Hybrids With Hand Flamers|GC|Genestealer Cults|Battleline|Genestealer Cults|false|false||Every model is equipped with: hand flamer; cult claws and knife.|https://wahapedia.ru/wh40k11ed/factions/genestealer-cults/Acolyte-Hybrids-With-Hand-Flamers
3877|Deathleaper|GC|Genestealer Cults|Infantry Epic Hero|Tyranids|false|false||This model is equipped with: Lictor claws and talons.|https://wahapedia.ru/wh40k11ed/factions/genestealer-cults/Deathleaper
3878|Parasite Of Mortrex|GC|Genestealer Cults|Infantry Character|Tyranids|false|false||This model is equipped with: barbed ovipositor; clawed limbs.|https://wahapedia.ru/wh40k11ed/factions/genestealer-cults/Parasite-Of-Mortrex
3879|Winged Hive Tyrant|GC|Genestealer Cults|Monster Character|Tyranids|false|false||This model is equipped with: monstrous bonesword and lash whip; Tyrant talons.|https://wahapedia.ru/wh40k11ed/factions/genestealer-cults/Winged-Hive-Tyrant
3880|Winged Tyranid Prime|GC|Genestealer Cults|Infantry Character|Tyranids|false|false||This model is equipped with: Prime talons.|https://wahapedia.ru/wh40k11ed/factions/genestealer-cults/Winged-Tyranid-Prime
3881|Gargoyles|GC|Genestealer Cults|Battleline|Tyranids|false|false||Every model is equipped with: fleshborer; blinding venom.|https://wahapedia.ru/wh40k11ed/factions/genestealer-cults/Gargoyles
3882|Tyrannocyte|GC|Genestealer Cults|Dedicated Transports|Tyranids|false|false|This model has a transport capacity of 20 Tyranids Infantry models, or 1 Tyranids Monster model with a Wounds characteristic of 12 or less. Each INFANTRY model with a Wounds characteristic of more than 1 takes up the space of 3 models.|This model is equipped with: Tyrannocyte bio-weapons; flensing whips.|https://wahapedia.ru/wh40k11ed/factions/genestealer-cults/Tyrannocyte
3883|Lictor|GC|Genestealer Cults|Infantry|Tyranids|false|false||This model is equipped with: Lictor claws and talons.|https://wahapedia.ru/wh40k11ed/factions/genestealer-cults/Lictor
3884|Mawloc|GC|Genestealer Cults|Monster|Tyranids|false|false||This model is equipped with: distensible jaw; Mawloc scything talons.|https://wahapedia.ru/wh40k11ed/factions/genestealer-cults/Mawloc
3885|Neurolictor|GC|Genestealer Cults|Infantry|Tyranids|false|false||This model is equipped with: piercing claws and talons.|https://wahapedia.ru/wh40k11ed/factions/genestealer-cults/Neurolictor
3886|Raveners|GC|Genestealer Cults|Infantry|Tyranids|false|false||Every model is equipped with: Ravener claws and talons.|https://wahapedia.ru/wh40k11ed/factions/genestealer-cults/Raveners
3887|Trygon|GC|Genestealer Cults|Monster|Tyranids|false|false||This model is equipped with: bio-electric pulse; Trygon scything talons.|https://wahapedia.ru/wh40k11ed/factions/genestealer-cults/Trygon
3888|Von Ryan’s Leapers|GC|Genestealer Cults|Infantry|Tyranids|false|false||Every model is equipped with: Leaper’s talons.|https://wahapedia.ru/wh40k11ed/factions/genestealer-cults/Von-Ryan-s-Leapers
3938|Cadian Castellan|GC|Genestealer Cults|Infantry Character|Astra Militarum|false|false||This model is equipped with: laspistol; chainsword.|https://wahapedia.ru/wh40k11ed/factions/genestealer-cults/Cadian-Castellan
3939|Cadian Command Squad|GC|Genestealer Cults|Infantry Character|Astra Militarum|false|false||The Cadian Commander is equipped with: laspistol; chainsword. 1 Cadian Veteran Guardsman is equipped with: las pistol; chainsword. 1 other Cadian Veteran Guardsman is equipped with: lasgun; master vox; close combat weapon. 1 other Cadian Veteran Guardsman is equipped with: lasgun; medi-pack; close combat weapon. 1 other Cadian Veteran Guardsman is equipped with: lasgun; regimental standard; close combat weapon.|https://wahapedia.ru/wh40k11ed/factions/genestealer-cults/Cadian-Command-Squad
3940|Catachan Command Squad|GC|Genestealer Cults|Infantry Character|Astra Militarum|false|false||The Catachan Commander is equipped with: laspistol; close combat weapon. Every Veteran Guardsman is equipped with: lasgun; laspistol; close combat weapon.|https://wahapedia.ru/wh40k11ed/factions/genestealer-cults/Catachan-Command-Squad
3941|Krieg Command Squad|GC|Genestealer Cults|Infantry Character|Astra Militarum|false|false||The Lord Commissar is equipped with: laspistol; power weapon. One Veteran Guardsman is equipped with: laspistol; chainsword. One Veteran Guardsman is equipped with: laspistol; close combat weapon; alchemyk counteragents; servo-scribes. One Veteran Guardsman is equipped with: lasgun; close combat weapon; master vox. One Veteran Guardsman is equipped with: lasgun; close combat weapon; regimental standard. One Veteran Guardsman is equipped with: boltgun; close combat weapon.|https://wahapedia.ru/wh40k11ed/factions/genestealer-cults/Krieg-Command-Squad
3942|Leman Russ Commander|GC|Genestealer Cults|Vehicle Character|Astra Militarum|false|false||This model is equipped with: lascannon; Leman Russ battle cannon; armoured tracks.|https://wahapedia.ru/wh40k11ed/factions/genestealer-cults/Leman-Russ-Commander
3943|Primaris Psyker|GC|Genestealer Cults|Infantry Character|Astra Militarum|false|false||This model is equipped with: laspistol; Psychic Maelstrom; force weapon.|https://wahapedia.ru/wh40k11ed/factions/genestealer-cults/Primaris-Psyker
3944|Rogal Dorn Commander|GC|Genestealer Cults|Vehicle Character|Astra Militarum|false|false||This model is equipped with: castigator gatling cannon; heavy stubber; twin battle cannon; armoured tracks.|https://wahapedia.ru/wh40k11ed/factions/genestealer-cults/Rogal-Dorn-Commander
3945|Death Rider Commissar|GC|Genestealer Cults|Mounted Character|Astra Militarum (Warhammer Legends)|true|false||This model is equipped with: Commissar's pistol; Commissar's close combat weapon; savage claws.|https://wahapedia.ru/wh40k11ed/factions/genestealer-cults/Death-Rider-Commissar
3946|Quartermaster Cadre Squad|GC|Genestealer Cults|Infantry Character|Astra Militarum (Warhammer Legends)|true|false||The Quartermaster Revenant is equipped with: Quartermaster’s pistol; Quartermaster’s close combat weapon. Every Medicae Servitor is equipped with: medical scalpels|https://wahapedia.ru/wh40k11ed/factions/genestealer-cults/Quartermaster-Cadre-Squad
3947|Hell’s Last|GC|Genestealer Cults|Infantry Epic Hero|Astra Militarum (Warhammer Legends)|true|false||Minka Lesk is equipped with: bolt pistol; power weapon. 1 Lesk’s Hero is equipped with: demolitions; meltagun; close combat weapon. 1 Lesk’s Hero is equipped with: hot-shot laspistol; dirk 1 Lesk’s Hero is equipped with: bolt pistol; power weapon. 1 Lesk’s Hero is equipped with: power weapon; regimental banner.|https://wahapedia.ru/wh40k11ed/factions/genestealer-cults/Hell-s-Last
3948|Cadian Shock Troops|GC|Genestealer Cults|Battleline|Astra Militarum|false|false||Every Shock Trooper Sergeant is equipped with: laspistol; chainsword. Every Shock Trooper is equipped with: lasgun; close combat weapon. This unit can have up to two Leader units attached to it, provided no more than one of those units is a Command Squad unit. If it does, and this Bodyguard unit is destroyed, the Leader units attached to it become separate units, with their original Starting Strengths.|https://wahapedia.ru/wh40k11ed/factions/genestealer-cults/Cadian-Shock-Troops
3949|Catachan Jungle Fighters|GC|Genestealer Cults|Battleline|Astra Militarum|false|false||Every Jungle Fighter Sergeant is equipped with: laspistol; close combat weapon. Every Jungle Fighter is equipped with: lasgun; close combat weapon. This unit can have up to two Leader units attached to it, provided no more than one of those units is a Command Squad unit. If it does, and this Bodyguard unit is destroyed, the Leader units attached to it become separate units, with their original Starting Strengths.|https://wahapedia.ru/wh40k11ed/factions/genestealer-cults/Catachan-Jungle-Fighters
3950|Death Korps Of Krieg|GC|Genestealer Cults|Battleline|Astra Militarum|false|false||Every Death Korps Watchmaster is equipped with: laspistol; chainsword. Every Death Korps Trooper is equipped with: lasgun; close combat weapon. This unit can have up to two Leader units attached to it, provided no more than one of those units is a Command Squad unit. If it does, and this Bodyguard unit is destroyed, the Leader units attached to it become separate units, with their original Starting Strengths.|https://wahapedia.ru/wh40k11ed/factions/genestealer-cults/Death-Korps-Of-Krieg
3951|Chimera|GC|Genestealer Cults|Dedicated Transports|Astra Militarum|false|false|This model has a transport capacity of 12 Astra Militarum Infantry models. Each Ogryn model takes up the space of 3 models. It cannot transport Artillery models.|This model is equipped with: multi-laser; heavy bolter; lasgun array; armoured tracks.|https://wahapedia.ru/wh40k11ed/factions/genestealer-cults/Chimera
3952|Taurox|GC|Genestealer Cults|Dedicated Transports|Astra Militarum|false|false|This model has a transport capacity of 12 Astra Militarum Infantry models. Each Ogryn model takes up the space of 3 models. It cannot transport Artillery models.|This model is equipped with: twin autocannon; armoured tracks.|https://wahapedia.ru/wh40k11ed/factions/genestealer-cults/Taurox
3953|Taurox Prime|GC|Genestealer Cults|Dedicated Transports|Astra Militarum|false|false|This model has a transport capacity of 12 Militarum Tempestus Infantry or Astra Militarum Infantry Character models.|This model is equipped with: Taurox battle cannon; twin Taurox hot-shot volley gun; armoured tracks.|https://wahapedia.ru/wh40k11ed/factions/genestealer-cults/Taurox-Prime
3954|Storm Chimera|GC|Genestealer Cults|Dedicated Transports|Astra Militarum (Warhammer Legends)|true|false|This model has a transport capacity of 12 Astra Militarum Infantry models. Each Heavy Weapons Team model and Veteran Heavy Weapons Team model takes up the space of 2 models. Each Ogryn model takes up the space of 3 models. It cannot transport Artillery models.|This model is equipped with: autocannon; heavy bolter; armoured tracks.|https://wahapedia.ru/wh40k11ed/factions/genestealer-cults/Storm-Chimera
3955|Aegis Defence Line|GC|Genestealer Cults|Fortifications|Astra Militarum|false|false|||https://wahapedia.ru/wh40k11ed/factions/genestealer-cults/Aegis-Defence-Line
3956|Earthshaker Platform|GC|Genestealer Cults|Fortifications|Astra Militarum (Warhammer Legends)|true|false||This model is equipped with: earthshaker cannon; close combat weapons.|https://wahapedia.ru/wh40k11ed/factions/genestealer-cults/Earthshaker-Platform
3957|Hydra Platform|GC|Genestealer Cults|Fortifications|Astra Militarum (Warhammer Legends)|true|false||This model is equipped with: Hydra quad autocannon; close combat weapons.|https://wahapedia.ru/wh40k11ed/factions/genestealer-cults/Hydra-Platform
3958|Manticore Platform|GC|Genestealer Cults|Fortifications|Astra Militarum (Warhammer Legends)|true|false||This model is equipped with: storm eagle rockets; close combat weapons.|https://wahapedia.ru/wh40k11ed/factions/genestealer-cults/Manticore-Platform
3959|Sabre Weapons Battery|GC|Genestealer Cults|Fortifications|Astra Militarum (Warhammer Legends)|true|false||Every model is equipped with: twin heavy bolter; close combat weapon.|https://wahapedia.ru/wh40k11ed/factions/genestealer-cults/Sabre-Weapons-Battery
3960|Armoured Sentinels|GC|Genestealer Cults|Walker|Astra Militarum|false|false||Every model is equipped with: multi-laser; close combat weapon.|https://wahapedia.ru/wh40k11ed/factions/genestealer-cults/Armoured-Sentinels
3961|Artillery Team|GC|Genestealer Cults|Infantry|Astra Militarum|false|false||This model is equipped with: heavy mortar; lasgun; crew close combat weapons.|https://wahapedia.ru/wh40k11ed/factions/genestealer-cults/Artillery-Team
3962|Attilan Rough Riders|GC|Genestealer Cults|Mounted|Astra Militarum|false|false||Every model is equipped with: lasgun; laspistol; hunting lance; steed’s hooves.|https://wahapedia.ru/wh40k11ed/factions/genestealer-cults/Attilan-Rough-Riders
3963|Baneblade|GC|Genestealer Cults|Titanic|Astra Militarum|false|false||This model is equipped with: Baneblade cannon; coaxial autocannon; demolisher cannon; heavy stubber; 2 lascannons; twin heavy bolter; 2 twin heavy flamers; armoured tracks.|https://wahapedia.ru/wh40k11ed/factions/genestealer-cults/Baneblade
3964|Banehammer|GC|Genestealer Cults|Titanic|Astra Militarum|false|false|This model has a transport capacity of 26 Astra Militarum Infantry models. Each Ogryn model takes up the space of 3 models. It cannot transport Artillery models.|This model is equipped with: 2 lascannons; tremor cannon; twin heavy bolter; 2 twin heavy flamers; armoured tracks.|https://wahapedia.ru/wh40k11ed/factions/genestealer-cults/Banehammer
3965|Banesword|GC|Genestealer Cults|Titanic|Astra Militarum|false|false||This model is equipped with: 2 lascannons; quake cannon; twin heavy bolter; 2 twin heavy flamers; armoured tracks.|https://wahapedia.ru/wh40k11ed/factions/genestealer-cults/Banesword
3966|Basilisk|GC|Genestealer Cults|Artillery|Astra Militarum|false|false||This model is equipped with: earthshaker cannon; heavy bolter; armoured tracks.|https://wahapedia.ru/wh40k11ed/factions/genestealer-cults/Basilisk
3967|Cadian Heavy Weapons Squad|GC|Genestealer Cults|Infantry|Astra Militarum|false|false||Every model is equipped with: heavy bolter; laspistol; weapons team close combat weapons.|https://wahapedia.ru/wh40k11ed/factions/genestealer-cults/Cadian-Heavy-Weapons-Squad
3968|Catachan Heavy Weapons Squad|GC|Genestealer Cults|Infantry|Astra Militarum|false|false||Every model is equipped with: heavy bolter; lasgun; weapons team close combat weapons.|https://wahapedia.ru/wh40k11ed/factions/genestealer-cults/Catachan-Heavy-Weapons-Squad
3969|Death Riders|GC|Genestealer Cults|Mounted|Astra Militarum|false|false||Every model is equipped with: Death Rider lascarbine; frag lance; power sabre; steed’s savage claws.|https://wahapedia.ru/wh40k11ed/factions/genestealer-cults/Death-Riders
3970|Deathstrike|GC|Genestealer Cults|Artillery|Astra Militarum|false|false||This model is equipped with: heavy bolter; Deathstrike missile; armoured tracks.|https://wahapedia.ru/wh40k11ed/factions/genestealer-cults/Deathstrike
3971|Doomhammer|GC|Genestealer Cults|Titanic|Astra Militarum|false|false|This model has a transport capacity of 26 Astra Militarum Infantry models. Each Ogryn model takes up the space of 3 models. It cannot transport Artillery models.|This model is equipped with: 2 lascannons; magma cannon; twin heavy bolter; 2 twin heavy flamers; armoured tracks.|https://wahapedia.ru/wh40k11ed/factions/genestealer-cults/Doomhammer
3972|Field Ordnance Battery|GC|Genestealer Cults|Infantry|Astra Militarum|false|false||Every model is equipped with: malleus rocket launcher; lasgun; laspistol; battery close combat weapons.|https://wahapedia.ru/wh40k11ed/factions/genestealer-cults/Field-Ordnance-Battery
3973|Hellhammer|GC|Genestealer Cults|Titanic|Astra Militarum|false|false||This model is equipped with: coaxial autocannon; demolisher cannon; heavy stubber; Hellhammer cannon; 2 lascannons; twin heavy bolter; 2 twin heavy flamers; armoured tracks.|https://wahapedia.ru/wh40k11ed/factions/genestealer-cults/Hellhammer
3974|Hellhound|GC|Genestealer Cults|Vehicle|Astra Militarum|false|false||This model is equipped with: heavy flamer; inferno cannon; armoured tracks.|https://wahapedia.ru/wh40k11ed/factions/genestealer-cults/Hellhound
3975|Hydra|GC|Genestealer Cults|Vehicle|Astra Militarum|false|false||This model is equipped with: heavy bolter; Hydra autocannon; armoured tracks.|https://wahapedia.ru/wh40k11ed/factions/genestealer-cults/Hydra
3976|Kasrkin|GC|Genestealer Cults|Infantry|Astra Militarum|false|false||The Kasrkin Sergeant is equipped with: hot-shot laspistol; chainsword. Every Kasrkin Trooper is equipped with: hot-shot lasgun; close combat weapon.|https://wahapedia.ru/wh40k11ed/factions/genestealer-cults/Kasrkin
3977|Krieg Combat Engineers|GC|Genestealer Cults|Infantry|Astra Militarum|false|false||Every model is equipped with: autopistol; trench club.|https://wahapedia.ru/wh40k11ed/factions/genestealer-cults/Krieg-Combat-Engineers
3978|Krieg Heavy Weapons Squad|GC|Genestealer Cults|Infantry|Astra Militarum|false|false||Each Heavy Weapons Gunner is equipped with: lascannon; laspistol; close combat weapon. The Fire Coordinator is equipped with: laspistol; close combat weapon.|https://wahapedia.ru/wh40k11ed/factions/genestealer-cults/Krieg-Heavy-Weapons-Squad
3979|Leman Russ Battle Tank|GC|Genestealer Cults|Vehicle|Astra Militarum|false|false||This model is equipped with: lascannon; Leman Russ battle cannon; armoured tracks.|https://wahapedia.ru/wh40k11ed/factions/genestealer-cults/Leman-Russ-Battle-Tank
3980|Leman Russ Demolisher|GC|Genestealer Cults|Vehicle|Astra Militarum|false|false||This model is equipped with: demolisher battle cannon; lascannon; armoured tracks.|https://wahapedia.ru/wh40k11ed/factions/genestealer-cults/Leman-Russ-Demolisher
3981|Leman Russ Eradicator|GC|Genestealer Cults|Vehicle|Astra Militarum|false|false||This model is equipped with: eradicator nova cannon; lascannon; armoured tracks.|https://wahapedia.ru/wh40k11ed/factions/genestealer-cults/Leman-Russ-Eradicator
3982|Leman Russ Executioner|GC|Genestealer Cults|Vehicle|Astra Militarum|false|false||This model is equipped with: executioner plasma cannon; lascannon; armoured tracks.|https://wahapedia.ru/wh40k11ed/factions/genestealer-cults/Leman-Russ-Executioner
3983|Leman Russ Exterminator|GC|Genestealer Cults|Vehicle|Astra Militarum|false|false||This model is equipped with: exterminator autocannon; lascannon; armoured tracks.|https://wahapedia.ru/wh40k11ed/factions/genestealer-cults/Leman-Russ-Exterminator
3984|Leman Russ Punisher|GC|Genestealer Cults|Vehicle|Astra Militarum|false|false||This model is equipped with: lascannon; punisher gatling cannon; armoured tracks.|https://wahapedia.ru/wh40k11ed/factions/genestealer-cults/Leman-Russ-Punisher
3985|Leman Russ Vanquisher|GC|Genestealer Cults|Vehicle|Astra Militarum|false|false||This model is equipped with: lascannon; vanquisher battle cannon; armoured tracks.|https://wahapedia.ru/wh40k11ed/factions/genestealer-cults/Leman-Russ-Vanquisher
3986|Manticore|GC|Genestealer Cults|Artillery|Astra Militarum|false|false||This model is equipped with: heavy bolter; storm eagle rockets; armoured tracks.|https://wahapedia.ru/wh40k11ed/factions/genestealer-cults/Manticore
3987|Rogal Dorn Battle Tank|GC|Genestealer Cults|Vehicle|Astra Militarum|false|false||This model is equipped with: castigator gatling cannon; heavy stubber; twin battle cannon; armoured tracks.|https://wahapedia.ru/wh40k11ed/factions/genestealer-cults/Rogal-Dorn-Battle-Tank
3988|Scout Sentinels|GC|Genestealer Cults|Walker|Astra Militarum|false|false||Every model is equipped with: multi-laser; close combat weapon.|https://wahapedia.ru/wh40k11ed/factions/genestealer-cults/Scout-Sentinels
3989|Shadowsword|GC|Genestealer Cults|Titanic|Astra Militarum|false|false||This model is equipped with: 2 lascannons; twin heavy bolter; 2 twin heavy flamers; volcano cannon; armoured tracks.|https://wahapedia.ru/wh40k11ed/factions/genestealer-cults/Shadowsword
3990|Stormlord|GC|Genestealer Cults|Titanic|Astra Militarum|false|false|This model has a transport capacity of 40 Astra Militarum Infantry models. Each Ogryn model takes up the space of 3 models. It cannot transport Artillery models.|This model is equipped with: 2 heavy stubbers; 2 lascannons; twin heavy bolter; 2 twin heavy flamers; vulcan mega-bolter; armoured tracks|https://wahapedia.ru/wh40k11ed/factions/genestealer-cults/Stormlord
3991|Stormsword|GC|Genestealer Cults|Titanic|Astra Militarum|false|false||This model is equipped with: 2 lascannons; Stormsword siege cannon; twin heavy bolter; 2 twin heavy flamers; armoured tracks.|https://wahapedia.ru/wh40k11ed/factions/genestealer-cults/Stormsword
3992|Wyvern|GC|Genestealer Cults|Artillery|Astra Militarum|false|false||This model is equipped with: heavy bolter; Wyvern quad stormshard mortar; armoured tracks.|https://wahapedia.ru/wh40k11ed/factions/genestealer-cults/Wyvern
3993|Cyclops Demolition Vehicle|GC|Genestealer Cults|Vehicle|Astra Militarum (Forge World)|false|false||This model is equipped with: nothing.|https://wahapedia.ru/wh40k11ed/factions/genestealer-cults/Cyclops-Demolition-Vehicle
3994|Arkurian Stormhammer|GC|Genestealer Cults|Titanic|Astra Militarum (Warhammer Legends)|true|false||This model is equipped with: lascannon; 7 multi-lasers; Stormhammer cannon; twin battle cannon; armoured tracks.|https://wahapedia.ru/wh40k11ed/factions/genestealer-cults/Arkurian-Stormhammer
3995|Armageddon-pattern Medusa|GC|Genestealer Cults|Artillery|Astra Militarum (Warhammer Legends)|true|false||This model is equipped with: heavy bolter; Medusa siege cannon; armoured tracks.|https://wahapedia.ru/wh40k11ed/factions/genestealer-cults/Armageddon-pattern-Medusa
3996|Atlas Recovery Vehicle|GC|Genestealer Cults|Vehicle|Astra Militarum (Warhammer Legends)|true|false||This model is equipped with: heavy bolter; armoured tracks.|https://wahapedia.ru/wh40k11ed/factions/genestealer-cults/Atlas-Recovery-Vehicle
3997|Carnodon|GC|Genestealer Cults|Vehicle|Astra Militarum (Warhammer Legends)|true|false||This model is equipped with: 2 autocannons; Carnodon twin autocannon; armoured tracks.|https://wahapedia.ru/wh40k11ed/factions/genestealer-cults/Carnodon
3998|Centaur Light Carrier|GC|Genestealer Cults|Transport|Astra Militarum (Warhammer Legends)|true|false|This model has a transport capacity of 6 Astra Militarum Infantry models. Each Heavy Weapons Team model and Veteran Heavy Weapons Team model takes up the space of 2 models. It cannot transport Ogryn or Artillery models.|This model is equipped with: 2 heavy stubbers; armoured tracks.|https://wahapedia.ru/wh40k11ed/factions/genestealer-cults/Centaur-Light-Carrier
3999|Colossus|GC|Genestealer Cults|Vehicle|Astra Militarum (Warhammer Legends)|true|false||This model is equipped with: Colossus siege mortar; armoured tracks.|https://wahapedia.ru/wh40k11ed/factions/genestealer-cults/Colossus
4000|Crassus|GC|Genestealer Cults|Transport|Astra Militarum (Warhammer Legends)|true|false|This model has a transport capacity of 35 Astra Militarum Infantry models. Each Heavy Weapons Team model and Veteran Heavy Weapons Team model takes up the space of 2 models. Each Ogryn model takes up the space of 3 models. It cannot transport Artillery models.|This model is equipped with: 4 heavy bolters; armoured tracks.|https://wahapedia.ru/wh40k11ed/factions/genestealer-cults/Crassus
4001|Death Korps Grenadier Squad|GC|Genestealer Cults|Infantry|Astra Militarum (Warhammer Legends)|true|false||The Grenadier Sergeant is equipped with: sergeant’s pistol; sergeant’s close combat weapon. Every Grenadier model is equipped with: hot-shot lasgun; close combat weapon. The Heavy Weapons Team is equipped with: heavy flamer; close combat weapon.|https://wahapedia.ru/wh40k11ed/factions/genestealer-cults/Death-Korps-Grenadier-Squad
4002|Dominus Armoured Siege Bombard|GC|Genestealer Cults|Titanic|Astra Militarum (Warhammer Legends)|true|false||This model is equipped with: Dominus triple bombard; 2 heavy bolters; armoured tracks.|https://wahapedia.ru/wh40k11ed/factions/genestealer-cults/Dominus-Armoured-Siege-Bombard
4003|Earthshaker Carriage Battery|GC|Genestealer Cults|Infantry|Astra Militarum (Warhammer Legends)|true|false||This model is equipped with: earthshaker cannon; battery close combat weapons. Designer’s Note: Place five Heavy Artillery Crew tokens next to each Earthshaker Carriage model when this unit is first set up, removing one each time its Earthshaker Carriage model loses a wound (an Earthshaker Carriage model itself is considered to represent its final wound). These do not count as models for any rules purposes.|https://wahapedia.ru/wh40k11ed/factions/genestealer-cults/Earthshaker-Carriage-Battery
4004|Elysian Drop Sentinel|GC|Genestealer Cults|Walker|Astra Militarum (Warhammer Legends)|true|false||This model is equipped with: heavy bolter; close combat weapon.|https://wahapedia.ru/wh40k11ed/factions/genestealer-cults/Elysian-Drop-Sentinel
4005|Elysian Sniper Squad|GC|Genestealer Cults|Infantry|Astra Militarum (Warhammer Legends)|true|false||Every model is equipped with: lasgun; sniper rifle; close combat weapon.|https://wahapedia.ru/wh40k11ed/factions/genestealer-cults/Elysian-Sniper-Squad
4006|Gorgon Heavy Transport|GC|Genestealer Cults|Titanic|Astra Militarum (Warhammer Legends)|true|false|This model has a transport capacity of 30 Astra Militarum Infantry models. Each Heavy Weapons Team model and Veteran Heavy Weapons Team model takes up the space of 2 models. Each Ogryn model takes up the space of 3 models. It cannot transport Artillery models.|This model is equipped with: 2 Gorgon mortars; 2 twin heavy stubbers; landing ramp.|https://wahapedia.ru/wh40k11ed/factions/genestealer-cults/Gorgon-Heavy-Transport
4007|Griffon Mortar Carrier|GC|Genestealer Cults|Artillery|Astra Militarum (Warhammer Legends)|true|false||This model is equipped with: heavy bolter; Griffon heavy mortar; armoured tracks.|https://wahapedia.ru/wh40k11ed/factions/genestealer-cults/Griffon-Mortar-Carrier
4008|Hades Breaching Drill|GC|Genestealer Cults|Vehicle|Astra Militarum (Warhammer Legends)|true|false||This model is equipped with: melta-cutter drill.|https://wahapedia.ru/wh40k11ed/factions/genestealer-cults/Hades-Breaching-Drill
4009|Heavy Mortar Team|GC|Genestealer Cults|Infantry|Astra Militarum (Warhammer Legends)|true|false||This model is equipped with: heavy mortar; close combat weapons.|https://wahapedia.ru/wh40k11ed/factions/genestealer-cults/Heavy-Mortar-Team
4010|Heavy Quad Launcher Team|GC|Genestealer Cults|Infantry|Astra Militarum (Warhammer Legends)|true|false||This model is equipped with: heavy quad launcher; close combat weapons.|https://wahapedia.ru/wh40k11ed/factions/genestealer-cults/Heavy-Quad-Launcher-Team
4011|Macharius|GC|Genestealer Cults|Titanic|Astra Militarum (Warhammer Legends)|true|false||This model is equipped with: 2 heavy stubbers; Macharius twin battle cannon; twin heavy stubber; armoured tracks.|https://wahapedia.ru/wh40k11ed/factions/genestealer-cults/Macharius
4012|Macharius Omega|GC|Genestealer Cults|Titanic|Astra Militarum (Warhammer Legends)|true|false||This model is equipped with: omega-pattern plasma blastgun; armoured tracks.|https://wahapedia.ru/wh40k11ed/factions/genestealer-cults/Macharius-Omega
4013|Macharius Vanquisher|GC|Genestealer Cults|Titanic|Astra Militarum (Warhammer Legends)|true|false||This model is equipped with: 2 heavy stubbers; Macharius twin vanquisher cannon; twin heavy stubber; armoured tracks.|https://wahapedia.ru/wh40k11ed/factions/genestealer-cults/Macharius-Vanquisher
4014|Macharius Vulcan|GC|Genestealer Cults|Titanic|Astra Militarum (Warhammer Legends)|true|false||This model is equipped with: 2 heavy stubbers; Macharius vulcan mega-bolter; twin heavy stubber; armoured tracks|https://wahapedia.ru/wh40k11ed/factions/genestealer-cults/Macharius-Vulcan
4015|Malcador|GC|Genestealer Cults|Vehicle|Astra Militarum (Warhammer Legends)|true|false||This model is equipped with: 2 autocannons; heavy bolter; Malcador battle cannon; armoured tracks.|https://wahapedia.ru/wh40k11ed/factions/genestealer-cults/Malcador
4016|Malcador Annihilator|GC|Genestealer Cults|Vehicle|Astra Militarum (Warhammer Legends)|true|false||This model is equipped with: demolisher cannon; 2 heavy bolters; Malcador twin lascannon; armoured tracks.|https://wahapedia.ru/wh40k11ed/factions/genestealer-cults/Malcador-Annihilator
4017|Malcador Defender|GC|Genestealer Cults|Vehicle|Astra Militarum (Warhammer Legends)|true|false||This model is equipped with: demolisher cannon; 7 heavy bolters; armoured tracks.|https://wahapedia.ru/wh40k11ed/factions/genestealer-cults/Malcador-Defender
4018|Malcador Infernus|GC|Genestealer Cults|Vehicle|Astra Militarum (Warhammer Legends)|true|false||This model is equipped with: 2 heavy stubbers; inferno gun; armoured tracks.|https://wahapedia.ru/wh40k11ed/factions/genestealer-cults/Malcador-Infernus
4019|Medusa Carriage Battery|GC|Genestealer Cults|Infantry|Astra Militarum (Warhammer Legends)|true|false||This model is equipped with: Medusa siege cannon; battery close combat weapons. Designer’s Note: Place five Heavy Artillery Crew tokens next to each Medusa Carriage model when this unit is first set up, removing one each time its Medusa Carriage model loses a wound (a Medusa Carriage model itself is considered to represent its final wound). These do not count as models for any rules purposes.|https://wahapedia.ru/wh40k11ed/factions/genestealer-cults/Medusa-Carriage-Battery
4020|Minotaur|GC|Genestealer Cults|Artillery|Astra Militarum (Warhammer Legends)|true|false||This model is equipped with: Minotaur twin earthshaker cannon; armoured tracks.|https://wahapedia.ru/wh40k11ed/factions/genestealer-cults/Minotaur
4021|Mukaali Riders|GC|Genestealer Cults|Mounted|Astra Militarum (Warhammer Legends)|true|false||Every model is equipped with: laspistol; hunting lance; stomping feet.|https://wahapedia.ru/wh40k11ed/factions/genestealer-cults/Mukaali-Riders
4022|Munitorum Servitors|GC|Genestealer Cults|Infantry|Astra Militarum (Warhammer Legends)|true|false||Every model is equipped with: Servitor’s servo-arm.|https://wahapedia.ru/wh40k11ed/factions/genestealer-cults/Munitorum-Servitors
4023|Praetor|GC|Genestealer Cults|Vehicle|Astra Militarum (Warhammer Legends)|true|false||This model is equipped with: 2 heavy bolters; Praetor launcher; armoured tracks|https://wahapedia.ru/wh40k11ed/factions/genestealer-cults/Praetor
4024|Rapier Laser Destroyer Battery|GC|Genestealer Cults|Infantry|Astra Militarum (Warhammer Legends)|true|false||Every model is equipped with: laser destroyer; close combat weapon. Designer’s Note: Place two Artillery Crew tokens next to each Rapier Laser Destroyer model when this unit is first set up, removing one each time its Rapier Laser Destroyer model loses a wound (a Rapier Laser Destroyer model itself is considered to represent its final wound).|https://wahapedia.ru/wh40k11ed/factions/genestealer-cults/Rapier-Laser-Destroyer-Battery
4025|Regimental Attachés|GC|Genestealer Cults|Infantry|Astra Militarum (Warhammer Legends)|true|false||The Master of Ordnance and Officer of the Fleet are both equipped with: laspistol; close combat weapon. The Astropath is equipped with: laspistol; Astropath’s stave.|https://wahapedia.ru/wh40k11ed/factions/genestealer-cults/Regimental-Attach-s
4026|Salamander Command Vehicle|GC|Genestealer Cults|Vehicle|Astra Militarum (Warhammer Legends)|true|false||This model is equipped with: heavy bolter; heavy flamer; armoured tracks.|https://wahapedia.ru/wh40k11ed/factions/genestealer-cults/Salamander-Command-Vehicle
4027|Salamander Scout Vehicle|GC|Genestealer Cults|Vehicle|Astra Militarum (Warhammer Legends)|true|false||This model is equipped with: autocannon; heavy bolter; armoured tracks.|https://wahapedia.ru/wh40k11ed/factions/genestealer-cults/Salamander-Scout-Vehicle
4028|Sentinel Powerlifter|GC|Genestealer Cults|Walker|Astra Militarum (Warhammer Legends)|true|false||This model is equipped with: powerlifter.|https://wahapedia.ru/wh40k11ed/factions/genestealer-cults/Sentinel-Powerlifter
4029|Stormblade|GC|Genestealer Cults|Titanic|Astra Militarum (Warhammer Legends)|true|false||This model is equipped with: 2 lascannons; 1 Stormblade plasma blastgun; 2 twin heavy bolters; armoured tracks.|https://wahapedia.ru/wh40k11ed/factions/genestealer-cults/Stormblade
4030|Stygies Destroyer Tank Hunter|GC|Genestealer Cults|Vehicle|Astra Militarum (Warhammer Legends)|true|false||This model is equipped with: Stygies laser destroyer; armoured tracks.|https://wahapedia.ru/wh40k11ed/factions/genestealer-cults/Stygies-Destroyer-Tank-Hunter
4031|Tarantula Battery|GC|Genestealer Cults|Vehicle|Astra Militarum (Warhammer Legends)|true|false||Every model is equipped with: twin heavy bolter; close combat weapon.|https://wahapedia.ru/wh40k11ed/factions/genestealer-cults/Tarantula-Battery
4032|Tauros Assault Vehicle|GC|Genestealer Cults|Mounted|Astra Militarum (Warhammer Legends)|true|false||This model is equipped with: heavy flamer; armoured frame.|https://wahapedia.ru/wh40k11ed/factions/genestealer-cults/Tauros-Assault-Vehicle
4033|Tauros Venator|GC|Genestealer Cults|Mounted|Astra Militarum (Warhammer Legends)|true|false||This model is equipped with: twin multi-laser; armoured frame.|https://wahapedia.ru/wh40k11ed/factions/genestealer-cults/Tauros-Venator
4034|Trojan Support Vehicle|GC|Genestealer Cults|Vehicle|Astra Militarum (Warhammer Legends)|true|false||This model is equipped with: heavy bolter; armoured tracks.|https://wahapedia.ru/wh40k11ed/factions/genestealer-cults/Trojan-Support-Vehicle
4035|Valdor|GC|Genestealer Cults|Titanic|Astra Militarum (Warhammer Legends)|true|false||This model is equipped with: autocannon; Valdor neutron laser; armoured tracks.|https://wahapedia.ru/wh40k11ed/factions/genestealer-cults/Valdor
4118|Hyperadapted Raveners|GC|Genestealer Cults|Infantry Character|Tyranids|false|false||The Ravener Prime is equipped with: Prime claws and talons. 3 Raveners are equipped with: Ravener heavy claws and talons. 1 Ravener is equipped with: venom bolt; Ravener heavy claws and talons.|https://wahapedia.ru/wh40k11ed/factions/genestealer-cults/Hyperadapted-Raveners
4222|Centaur RSV|GC|Genestealer Cults|Dedicated Transports|Astra Militarum|false|false|This model has a transport capacity of 12 Astra Militarum Infantry models. Each Ogryn model takes up the space of 3 models. It cannot transport Artillery models.|This model is equipped with: 1 pintle-mounted heavy stubber; 1 armoured hull.|https://wahapedia.ru/wh40k11ed/factions/genestealer-cults/Centaur-RSV
4223|Hippogriff AFV|GC|Genestealer Cults|Vehicle|Astra Militarum|false|false||Every model is equipped with: 1 vigilator cannon; 1 heavy stubber; 1 armoured hull.|https://wahapedia.ru/wh40k11ed/factions/genestealer-cults/Hippogriff-AFV
4226|The Red Terror|GC|Genestealer Cults|Monster Epic Hero|Tyranids|false|false||This model is equipped with: scything talons, gaping maw.|https://wahapedia.ru/wh40k11ed/factions/genestealer-cults/The-Red-Terror
373|Kaldor Draigo|GK|Grey Knights|Infantry Epic Hero|Grey Knights (Warhammer Legends)|true|false||This model is equipped with: Scourging; storm bolter; the Titansword.|https://wahapedia.ru/wh40k11ed/factions/grey-knights/Kaldor-Draigo
374|Grand Master Voldus|GK|Grey Knights|Infantry Epic Hero|Grey Knights|false|false||This model is equipped with: Searing Purity; storm bolter; Malleus Argyrum.|https://wahapedia.ru/wh40k11ed/factions/grey-knights/Grand-Master-Voldus
375|Grand Master|GK|Grey Knights|Infantry Character|Grey Knights|false|false||This model is equipped with: storm bolter; Nemesis force weapon.|https://wahapedia.ru/wh40k11ed/factions/grey-knights/Grand-Master
376|Brother-captain|GK|Grey Knights|Infantry Character|Grey Knights|false|false||This model is equipped with: storm bolter; Nemesis force weapon.|https://wahapedia.ru/wh40k11ed/factions/grey-knights/Brother-captain
377|Brother-captain Stern|GK|Grey Knights|Infantry Epic Hero|Grey Knights (Warhammer Legends)|true|false||This model is equipped with: storm bolter; Nemesis force sword.|https://wahapedia.ru/wh40k11ed/factions/grey-knights/Brother-captain-Stern
379|Brotherhood Champion|GK|Grey Knights|Infantry Character|Grey Knights|false|false||This model is equipped with: storm bolter; Nemesis force weapon.|https://wahapedia.ru/wh40k11ed/factions/grey-knights/Brotherhood-Champion
380|Castellan Crowe|GK|Grey Knights|Infantry Epic Hero|Grey Knights|false|false||This model is equipped with: Purifying Flame; storm bolter; Black Blade of Antwyr.|https://wahapedia.ru/wh40k11ed/factions/grey-knights/Castellan-Crowe
381|Strike Squad|GK|Grey Knights|Battleline|Grey Knights|false|false||Every model is equipped with: storm bolter; Nemesis force weapon.|https://wahapedia.ru/wh40k11ed/factions/grey-knights/Strike-Squad
382|Brotherhood Terminator Squad|GK|Grey Knights|Battleline|Grey Knights|false|false||Every model is equipped with: storm bolter; Nemesis force weapon.|https://wahapedia.ru/wh40k11ed/factions/grey-knights/Brotherhood-Terminator-Squad
383|Purifier Squad|GK|Grey Knights|Infantry|Grey Knights|false|false||Every model is equipped with: Purifying Flame; storm bolter; Nemesis force weapon.|https://wahapedia.ru/wh40k11ed/factions/grey-knights/Purifier-Squad
384|Paladin Squad|GK|Grey Knights|Infantry|Grey Knights|false|false||Every model is equipped with: storm bolter; Nemesis force weapon.|https://wahapedia.ru/wh40k11ed/factions/grey-knights/Paladin-Squad
387|Interceptor Squad|GK|Grey Knights|Infantry|Grey Knights|false|false||Every model is equipped with: storm bolter; Nemesis force weapon.|https://wahapedia.ru/wh40k11ed/factions/grey-knights/Interceptor-Squad
388|Purgation Squad|GK|Grey Knights|Infantry|Grey Knights|false|false||Every model is equipped with: storm bolter; Nemesis force weapon.|https://wahapedia.ru/wh40k11ed/factions/grey-knights/Purgation-Squad
389|Nemesis Dreadknight|GK|Grey Knights|Walker|Grey Knights|false|false||This model is equipped with: dreadfists.|https://wahapedia.ru/wh40k11ed/factions/grey-knights/Nemesis-Dreadknight
390|Grey Knights Dreadnought|GK|Grey Knights|Walker|Grey Knights (Warhammer Legends)|true|false||This model is equipped with: assault cannon; storm bolter; Dreadnought combat weapon.|https://wahapedia.ru/wh40k11ed/factions/grey-knights/Grey-Knights-Dreadnought
391|Land Raider|GK|Grey Knights|Transport|Grey Knights|false|false|This model has a transport capacity of 12 Grey Knights Infantry models. Each Terminator model takes up the space of 2 models.|This model is equipped with: 2 godhammer lascannons; twin heavy bolter; armoured tracks.|https://wahapedia.ru/wh40k11ed/factions/grey-knights/Land-Raider
392|Land Raider Crusader|GK|Grey Knights|Transport|Grey Knights|false|false|This model has a transport capacity of 16 Grey Knights Infantry models. Each Terminator model takes up the space of 2 models.|This model is equipped with: 2 hurricane bolters; twin assault cannon; armoured tracks.|https://wahapedia.ru/wh40k11ed/factions/grey-knights/Land-Raider-Crusader
393|Land Raider Redeemer|GK|Grey Knights|Transport|Grey Knights|false|false|This model has a transport capacity of 14 Grey Knights Infantry models. Each Terminator model takes up the space of 2 models.|This model is equipped with: 2 flamestorm cannons; twin assault cannon; armoured tracks.|https://wahapedia.ru/wh40k11ed/factions/grey-knights/Land-Raider-Redeemer
395|Razorback|GK|Grey Knights|Dedicated Transports|Grey Knights|false|false|This model has a transport capacity of 6 Grey Knights Infantry models. It cannot transport Terminator models.|This model is equipped with: twin heavy bolter; armoured tracks.|https://wahapedia.ru/wh40k11ed/factions/grey-knights/Razorback
396|Rhino|GK|Grey Knights|Dedicated Transports|Grey Knights|false|false|This model has a transport capacity of 12 Grey Knights Infantry models. It cannot transport Terminator models.|This model is equipped with: storm bolter; armoured tracks.|https://wahapedia.ru/wh40k11ed/factions/grey-knights/Rhino
397|Servitors|GK|Grey Knights|Infantry|Grey Knights (Warhammer Legends)|true|false||Every model is equipped with: Servitor’s servo-arm.|https://wahapedia.ru/wh40k11ed/factions/grey-knights/Servitors
398|Stormraven Gunship|GK|Grey Knights|Transport|Grey Knights|false|false|This model has a transport capacity of 12 Grey Knights Infantry models and 1 Grey Knights Venerable Dreadnought model. Each Terminator model takes up the space of 2 models.|This model is equipped with: 2 stormstrike missile launchers; twin assault cannon; typhoon missile launcher; armoured hull.|https://wahapedia.ru/wh40k11ed/factions/grey-knights/Stormraven-Gunship
399|Brotherhood Techmarine|GK|Grey Knights|Infantry Character|Grey Knights|false|false||This model is equipped with: forge bolter; grav-pistol; Omnissian power axe; servo-arm.|https://wahapedia.ru/wh40k11ed/factions/grey-knights/Brotherhood-Techmarine
400|Venerable Dreadnought|GK|Grey Knights|Vehicle Character|Grey Knights|false|false||This model is equipped with: assault cannon; storm bolter; Dreadnought combat weapon.|https://wahapedia.ru/wh40k11ed/factions/grey-knights/Venerable-Dreadnought
1197|Grey Knights Thunderhawk Gunship|GK|Grey Knights|Titanic|Grey Knights (Forge World)|false|false|This model has a transport capacity of 30 Grey Knights Infantry models. Each Terminator model takes up the space of 2 models.|This model is equipped with: 2 lascannons; Thunderhawk heavy cannon; 4 twin heavy bolters; armoured hull; Thunderhawk cluster bombs.|https://wahapedia.ru/wh40k11ed/factions/grey-knights/Grey-Knights-Thunderhawk-Gunship
1360|Grand Master In Nemesis Dreadknight|GK|Grey Knights|Vehicle Character|Grey Knights|false|false||This model is equipped with: dreadfists.|https://wahapedia.ru/wh40k11ed/factions/grey-knights/Grand-Master-In-Nemesis-Dreadknight
1361|Brotherhood Librarian|GK|Grey Knights|Infantry Character|Grey Knights|false|false||This model is equipped with: Nemesis force weapon; Vortex of Doom.|https://wahapedia.ru/wh40k11ed/factions/grey-knights/Brotherhood-Librarian
1362|Brotherhood Chaplain|GK|Grey Knights|Infantry Character|Grey Knights|false|false||This model is equipped with: storm bolter; crozius arcanum.|https://wahapedia.ru/wh40k11ed/factions/grey-knights/Brotherhood-Chaplain
1363|Stormhawk Interceptor|GK|Grey Knights|Aircraft|Grey Knights|false|false||This model is equipped with: las-talon; skyhammer missile launcher; twin assault cannon; armoured hull.|https://wahapedia.ru/wh40k11ed/factions/grey-knights/Stormhawk-Interceptor
1364|Stormtalon Gunship|GK|Grey Knights|Aircraft|Grey Knights|false|false||This model is equipped with: skyhammer missile launcher; twin assault cannon; armoured hull.|https://wahapedia.ru/wh40k11ed/factions/grey-knights/Stormtalon-Gunship
2768|Grey Knights Relic Razorback|GK|Grey Knights|Dedicated Transports|Grey Knights (Warhammer Legends)|true|false|This model has a transport capacity of 6 Grey Knights Infantry models. It cannot transport Terminator models.|This model is equipped with: twin heavy bolter; armoured tracks.|https://wahapedia.ru/wh40k11ed/factions/grey-knights/Grey-Knights-Relic-Razorback
2593|Ûthar the Destined|LoV|Leagues of Votann|Infantry Epic Hero|Leagues of Votann|false|false||This model is equipped with: volkanite disintegrator; Blade of the Ancestors; rampart crest.|https://wahapedia.ru/wh40k11ed/factions/leagues-of-votann/Ûthar-the-Destined
2594|Kâhl|LoV|Leagues of Votann|Infantry Character|Leagues of Votann|false|false||This model is equipped with: Autoch-pattern combi-bolter; forgewrought plasma axe; rampart crest.|https://wahapedia.ru/wh40k11ed/factions/leagues-of-votann/K-hl
2595|Einhyr Champion|LoV|Leagues of Votann|Infantry Character|Leagues of Votann|false|false||This model is equipped with: Autoch-pattern combi-bolter; mass hammer; weavefield crest.|https://wahapedia.ru/wh40k11ed/factions/leagues-of-votann/Einhyr-Champion
2596|Grimnyr|LoV|Leagues of Votann|Infantry Character|Leagues of Votann|false|false||* If this unit’s Grimnyr model is ever destroyed, all of this unit’s remaining CORV models are also destroyed. While embarking within a Transport and while embarked within a TRANSPORT, each CORV model takes up the space of 0 models. The Grimnyr is equipped with: Ancestral Wrath; ancestral ward stave. Every CORV is equipped with: Autoch-pattern bolter; close combat weapon.|https://wahapedia.ru/wh40k11ed/factions/leagues-of-votann/Grimnyr
2597|Brôkhyr Iron-master|LoV|Leagues of Votann|Infantry Character|Leagues of Votann|false|false||* If this unit’s Brôkhyr Iron-master model is ever destroyed, all of this unit’s remaining E-COG models are also destroyed. While embarking within a Transport and while embarked within a TRANSPORT, each E-COG model takes up the space of 0 models. The Brôkhyr Iron-master is equipped with: graviton rifle; graviton hammer. The Ironkin Assistant is equipped with: las-beam cutter; close combat weapon. One E-COG is equipped with: Autoch-pattern bolt pistol; close combat weapon. One other E-COG is equipped with: plasma torch. One other E-COG is equipped with: manipulator arms.|https://wahapedia.ru/wh40k11ed/factions/leagues-of-votann/Brôkhyr-Iron-master
2598|Hearthkyn Warriors|LoV|Leagues of Votann|Battleline|Leagues of Votann|false|false||The Theyn is equipped with: Autoch-pattern bolt pistol; Autoch-pattern bolter; close combat weapon; weavefield crest. Every Hearthkyn Warrior is equipped with: Autoch-pattern bolt pistol; Autoch-pattern bolter; close combat weapon.|https://wahapedia.ru/wh40k11ed/factions/leagues-of-votann/Hearthkyn-Warriors
2599|Einhyr Hearthguard|LoV|Leagues of Votann|Infantry|Leagues of Votann|false|false||Every model is equipped with: EtaCarn plasma gun; exoarmour grenade launcher; concussion gauntlet. The Hesyr is additionally equipped with: weavefield crest.|https://wahapedia.ru/wh40k11ed/factions/leagues-of-votann/Einhyr-Hearthguard
2600|Cthonian Beserks|LoV|Leagues of Votann|Infantry|Leagues of Votann|false|false||Every model is equipped with: heavy plasma axe.|https://wahapedia.ru/wh40k11ed/factions/leagues-of-votann/Cthonian-Beserks
2601|Hernkyn Pioneers|LoV|Leagues of Votann|Mounted|Leagues of Votann|false|false||Every model is equipped with: bolt revolver; bolt shotgun; magna-coil autocannon; plasma knife.|https://wahapedia.ru/wh40k11ed/factions/leagues-of-votann/Hernkyn-Pioneers
2602|Sagitaur|LoV|Leagues of Votann|Dedicated Transports|Leagues of Votann|false|false|This model has a transport capacity of 6 Leagues of Votann Infantry models. It cannot transport Artillery, Exoarmour, Exoframe or Ironkin Steeljacks models. At the start of the Declare Battle Formations step, you can select one Hearthkyn Warriors unit from your army that has not been split. If you do, that unit is split into two units, each containing as equal a number of models as possible (when splitting a unit in this way, make a note of which models form each of the two new units). One of these units must start the battle embarked within this TRANSPORT; the other can start the battle embarked within another TRANSPORT, or it can be deployed as a separate unit.|This model is equipped with: HYLas beam cannon; twin bolt cannon; armoured wheels.|https://wahapedia.ru/wh40k11ed/factions/leagues-of-votann/Sagitaur
2603|Brôkhyr Thunderkyn|LoV|Leagues of Votann|Infantry|Leagues of Votann|false|false||Every model is equipped with: bolt cannon; close combat weapon.|https://wahapedia.ru/wh40k11ed/factions/leagues-of-votann/Brôkhyr-Thunderkyn
2604|Hekaton Land Fortress|LoV|Leagues of Votann|Transport|Leagues of Votann|false|false|This model has a transport capacity of 14 Leagues of Votann Infantry models. Each Exoarmour, Exoframe or Ironkin Steeljacks model takes up the space of 2 models. It cannot transport Artillery models.|This model is equipped with: cyclic ion cannon; MATR autocannon; 2 twin bolt cannons; armoured wheels; pan spectral scanner.|https://wahapedia.ru/wh40k11ed/factions/leagues-of-votann/Hekaton-Land-Fortress
3710|Hernkyn Yaegirs|LoV|Leagues of Votann|Infantry|Leagues of Votann|false|false||Every model is equipped with: bolt shotgun; close combat weapon.|https://wahapedia.ru/wh40k11ed/factions/leagues-of-votann/Hernkyn-Yaegirs
4140|Buri Aegnirssen|LoV|Leagues of Votann|Infantry Epic Hero|Leagues of Votann|false|false||This model is equipped with: Autoch-pattern bolt pistol; Bane.|https://wahapedia.ru/wh40k11ed/factions/leagues-of-votann/Buri-Aegnirssen
4141|Memnyr Strategist|LoV|Leagues of Votann|Infantry Character|Leagues of Votann|false|false||This model is equipped with: Autoch-pattern bolt pistol; close combat weapon.|https://wahapedia.ru/wh40k11ed/factions/leagues-of-votann/Memnyr-Strategist
4142|Arkanyst Evaluator|LoV|Leagues of Votann|Infantry Character|Leagues of Votann|false|false||This model is equipped with: transmatter inverter; close combat weapon.|https://wahapedia.ru/wh40k11ed/factions/leagues-of-votann/Arkanyst-Evaluator
4143|Ironkin Steeljacks with Heavy Volkanite Disintegrators|LoV|Leagues of Votann|Infantry|Leagues of Votann|false|false||The Steeljack Theyn is equipped with: heavy volkanite disintegrator; plasma knife; preymark crest. Every Ironkin Steeljack is equipped with: heavy volkanite disintegrator; plasma knife.|https://wahapedia.ru/wh40k11ed/factions/leagues-of-votann/Ironkin-Steeljacks-with-Heavy-Volkanite-Disintegrators
4144|Ironkin Steeljacks with Melee Weapons|LoV|Leagues of Votann|Infantry|Leagues of Votann|false|false||The Steeljack Theyn is equipped with: Autoch-pattern bolter; plasma sword; preymark crest. Every Ironkin Steeljack is equipped with: Autoch-pattern bolter; plasma sword.|https://wahapedia.ru/wh40k11ed/factions/leagues-of-votann/Ironkin-Steeljacks-with-Melee-Weapons
4145|Cthonian Earthshakers|LoV|Leagues of Votann|Infantry|Leagues of Votann|false|false||Every model is equipped with: 2 Autoch-pattern bolt pistols, breacher ordnance; plasma picks.|https://wahapedia.ru/wh40k11ed/factions/leagues-of-votann/Cthonian-Earthshakers
4146|Kapricus Defenders|LoV|Leagues of Votann|Vehicle|Leagues of Votann|false|false||Every model is equipped with: magna-rail cannon; twin magna-coil autocannon; armoured hull.|https://wahapedia.ru/wh40k11ed/factions/leagues-of-votann/Kapricus-Defenders
4147|Kapricus Carrier|LoV|Leagues of Votann|Dedicated Transports|Leagues of Votann|false|false|This model has a transport capacity of 5 Hernkyn Yaegir models. At the start of the Declare Battle Formations step, you can select one HERNKYN YAEGIR unit from your army that has not been split. If you do, that unit is split into two units, each containing as equal a number of models as possible (when splitting a unit in this way, make a note of which models form each of the two new units). One of these units must start the battle embarked within this TRANSPORT; the other can start the battle embarked within another TRANSPORT, or it can be deployed as a separate unit.|This model is equipped with: magna-coil autocannon; twin magna-coil autocannon; armoured hull.|https://wahapedia.ru/wh40k11ed/factions/leagues-of-votann/Kapricus-Carrier
4201|Berehk Stornbröw|LoV|Leagues of Votann|Infantry Epic Hero|Leagues of Votann|false|false||This model is equipped with: Kromlôk’s Revenge; Warforge Gauntlets.|https://wahapedia.ru/wh40k11ed/factions/leagues-of-votann/Berehk-Stornbröw
522|Imotekh The Stormlord|NEC|Necrons|Infantry Epic Hero|Necrons|false|false||This model is equipped with: Gauntlet of Fire; Staff of the Destroyer.|https://wahapedia.ru/wh40k11ed/factions/necrons/Imotekh-The-Stormlord
523|Overlord|NEC|Necrons|Infantry Character|Necrons|false|false||This model is equipped with: tachyon arrow; Overlord’s blade.|https://wahapedia.ru/wh40k11ed/factions/necrons/Overlord
524|Lord|NEC|Necrons|Infantry Character|Necrons (Warhammer Legends)|true|false||This model is equipped with: staff of light.|https://wahapedia.ru/wh40k11ed/factions/necrons/Lord
527|Nemesor Zahndrekh|NEC|Necrons|Infantry Epic Hero|Necrons (Warhammer Legends)|true|false||This model is equipped with: staff of light.|https://wahapedia.ru/wh40k11ed/factions/necrons/Nemesor-Zahndrekh
528|Vargard Obyron|NEC|Necrons|Infantry Epic Hero|Necrons (Warhammer Legends)|true|false||This model is equipped with: warscythe.|https://wahapedia.ru/wh40k11ed/factions/necrons/Vargard-Obyron
530|Orikan The Diviner|NEC|Necrons|Infantry Epic Hero|Necrons|false|false||This model is equipped with: Staff of Tomorrow.|https://wahapedia.ru/wh40k11ed/factions/necrons/Orikan-The-Diviner
531|Anrakyr The Traveller|NEC|Necrons|Infantry Epic Hero|Necrons (Warhammer Legends)|true|false||This model is equipped with: tachyon arrow; warscythe.|https://wahapedia.ru/wh40k11ed/factions/necrons/Anrakyr-The-Traveller
532|Trazyn The Infinite|NEC|Necrons|Infantry Epic Hero|Necrons|false|false||This model is equipped with: Empathic Obliterator.|https://wahapedia.ru/wh40k11ed/factions/necrons/Trazyn-The-Infinite
533|Catacomb Command Barge|NEC|Necrons|Vehicle Character|Necrons|false|false||This model is equipped with: gauss cannon; staff of light.|https://wahapedia.ru/wh40k11ed/factions/necrons/Catacomb-Command-Barge
534|Necron Warriors|NEC|Necrons|Battleline|Necrons|false|false||Every model is equipped with: gauss flayer; close combat weapon.|https://wahapedia.ru/wh40k11ed/factions/necrons/Necron-Warriors
535|Immortals|NEC|Necrons|Battleline|Necrons|false|false||Every model is equipped with: gauss blaster; close combat weapon.|https://wahapedia.ru/wh40k11ed/factions/necrons/Immortals
536|Lychguard|NEC|Necrons|Infantry|Necrons|false|false||Every model is equipped with: warscythe.|https://wahapedia.ru/wh40k11ed/factions/necrons/Lychguard
537|Deathmarks|NEC|Necrons|Infantry|Necrons|false|false||Every model is equipped with: synaptic disintegrator; close combat weapon.|https://wahapedia.ru/wh40k11ed/factions/necrons/Deathmarks
538|Flayed Ones|NEC|Necrons|Infantry|Necrons|false|false||Every model is equipped with: flayer claws.|https://wahapedia.ru/wh40k11ed/factions/necrons/Flayed-Ones
539|Triarch Praetorians|NEC|Necrons|Infantry|Necrons|false|false||Every model is equipped with: rod of covenant.|https://wahapedia.ru/wh40k11ed/factions/necrons/Triarch-Praetorians
540|Triarch Stalker|NEC|Necrons|Walker|Necrons|false|false||This model is equipped with: heat ray; Stalker’s forelimbs.|https://wahapedia.ru/wh40k11ed/factions/necrons/Triarch-Stalker
541|C’tan Shard of the Nightbringer|NEC|Necrons|Monster Epic Hero|Necrons|false|false||This model is equipped with: gaze of death; scythe of the Nightbringer.|https://wahapedia.ru/wh40k11ed/factions/necrons/C-tan-Shard-of-the-Nightbringer
542|C’tan Shard of the Deceiver|NEC|Necrons|Monster Epic Hero|Necrons|false|false||This model is equipped with: cosmic insanity; golden fists.|https://wahapedia.ru/wh40k11ed/factions/necrons/C-tan-Shard-of-the-Deceiver
543|Ghost Ark|NEC|Necrons|Dedicated Transports|Necrons|false|false|This model has a transport capacity of 10 Necron Warrior models and 1 Necrons Infantry Character model.|This model is equipped with: 2 gauss flayer arrays; armoured bulk.|https://wahapedia.ru/wh40k11ed/factions/necrons/Ghost-Ark
544|Night Scythe|NEC|Necrons|Transport|Necrons|false|false|This model has a transport capacity of 1 Necrons Infantry unit.|This model is equipped with: twin tesla destructor; armoured bulk.|https://wahapedia.ru/wh40k11ed/factions/necrons/Night-Scythe
545|Doom Scythe|NEC|Necrons|Aircraft|Necrons|false|false||This model is equipped with: heavy death ray; twin tesla destructor; armoured bulk.|https://wahapedia.ru/wh40k11ed/factions/necrons/Doom-Scythe
546|Canoptek Wraiths|NEC|Necrons|Beast|Necrons|false|false||Every model is equipped with: vicious claws.|https://wahapedia.ru/wh40k11ed/factions/necrons/Canoptek-Wraiths
548|Tomb Blades|NEC|Necrons|Mounted|Necrons|false|false||Every model is equipped with: twin gauss blaster; close combat weapon.|https://wahapedia.ru/wh40k11ed/factions/necrons/Tomb-Blades
551|Canoptek Spyders|NEC|Necrons|Vehicle|Necrons|false|false||Every model is equipped with: automaton claws.|https://wahapedia.ru/wh40k11ed/factions/necrons/Canoptek-Spyders
552|Monolith|NEC|Necrons|Titanic|Necrons|false|false||This model is equipped with: 4 gauss flux arcs; particle whip; portal of exile.|https://wahapedia.ru/wh40k11ed/factions/necrons/Monolith
553|Annihilation Barge|NEC|Necrons|Vehicle|Necrons|false|false||This model is equipped with: gauss cannon; twin tesla destructor; armoured bulk.|https://wahapedia.ru/wh40k11ed/factions/necrons/Annihilation-Barge
554|Doomsday Ark|NEC|Necrons|Vehicle|Necrons|false|false||This model is equipped with: doomsday cannon; 2 gauss flayer arrays; armoured bulk.|https://wahapedia.ru/wh40k11ed/factions/necrons/Doomsday-Ark
555|Transcendent C’tan|NEC|Necrons|Monster Character|Necrons|false|false||This model is equipped with: seismic assault; crackling tendrils.|https://wahapedia.ru/wh40k11ed/factions/necrons/Transcendent-C-tan
556|Tesseract Vault|NEC|Necrons|Titanic|Necrons|false|false||This model is equipped with: 4 tesla spheres; armoured bulk.|https://wahapedia.ru/wh40k11ed/factions/necrons/Tesseract-Vault
557|Obelisk|NEC|Necrons|Titanic|Necrons|false|false||This model is equipped with: 4 tesla spheres; armoured bulk.|https://wahapedia.ru/wh40k11ed/factions/necrons/Obelisk
558|Canoptek Tomb Stalker|NEC|Necrons|Monster|Necrons (Warhammer Legends)|true|false||This model is equipped with: gauss slicers; Tomb Stalker claws; gloom prism.|https://wahapedia.ru/wh40k11ed/factions/necrons/Canoptek-Tomb-Stalker
559|Canoptek Acanthrites|NEC|Necrons|Beast|Necrons (Warhammer Legends)|true|false||Every model is equipped with: cutting beam; voidblade.|https://wahapedia.ru/wh40k11ed/factions/necrons/Canoptek-Acanthrites
560|Canoptek Tomb Sentinel|NEC|Necrons|Monster|Necrons (Warhammer Legends)|true|false||This model is equipped with: exile cannon; Tomb Sentinel claws; gloom prism.|https://wahapedia.ru/wh40k11ed/factions/necrons/Canoptek-Tomb-Sentinel
561|Night Shroud|NEC|Necrons|Aircraft|Necrons (Warhammer Legends)|true|false||This model is equipped with: twin tesla destructor; armoured bulk|https://wahapedia.ru/wh40k11ed/factions/necrons/Night-Shroud
562|Sentry Pylon|NEC|Necrons|Fortifications|Necrons (Warhammer Legends)|true|false||This model is equipped with: gauss exterminator.|https://wahapedia.ru/wh40k11ed/factions/necrons/Sentry-Pylon
564|Tesseract Ark|NEC|Necrons|Vehicle|Necrons (Warhammer Legends)|true|false||This model is equipped with: tesseract singularity chamber; 2 tesla cannons; armoured bulk.|https://wahapedia.ru/wh40k11ed/factions/necrons/Tesseract-Ark
567|Gauss Pylon|NEC|Necrons|Fortifications|Necrons (Warhammer Legends)|true|false||This model is equipped with: gauss annihilator; tesla arc.|https://wahapedia.ru/wh40k11ed/factions/necrons/Gauss-Pylon
1577|Seraptek Heavy Construct|NEC|Necrons|Titanic|Necrons (Forge World)|false|false||This model is equipped with: 2 singularity generators; titanic forelimbs.|https://wahapedia.ru/wh40k11ed/factions/necrons/Seraptek-Heavy-Construct
2092|Illuminor Szeras|NEC|Necrons|Infantry Epic Hero|Necrons|false|false||This model is equipped with: eldritch lance; impaling legs.|https://wahapedia.ru/wh40k11ed/factions/necrons/Illuminor-Szeras
2108|Plasmancer|NEC|Necrons|Infantry Character|Necrons|false|false||This model is equipped with: plasmic lance.|https://wahapedia.ru/wh40k11ed/factions/necrons/Plasmancer
2109|Skorpekh Lord|NEC|Necrons|Infantry Character|Necrons|false|false||This model is equipped with: enmitic annihilator; flensing claw; hyperphase harvester.|https://wahapedia.ru/wh40k11ed/factions/necrons/Skorpekh-Lord
2110|Skorpekh Destroyers|NEC|Necrons|Infantry|Necrons|false|false||Every model is equipped with: Skorpekh hyperphase weapons.|https://wahapedia.ru/wh40k11ed/factions/necrons/Skorpekh-Destroyers
2111|Cryptothralls|NEC|Necrons|Infantry|Necrons|false|false||Every model is equipped with: scouring eye; scythed limbs.|https://wahapedia.ru/wh40k11ed/factions/necrons/Cryptothralls
2112|Canoptek Reanimator|NEC|Necrons|Walker|Necrons|false|false||This model is equipped with: 2 atomiser beams; Reanimator’s claws.|https://wahapedia.ru/wh40k11ed/factions/necrons/Canoptek-Reanimator
2114|Canoptek Scarab Swarms|NEC|Necrons|Swarm|Necrons|false|false||Every model is equipped with: feeder mandibles.|https://wahapedia.ru/wh40k11ed/factions/necrons/Canoptek-Scarab-Swarms
2115|Canoptek Doomstalker|NEC|Necrons|Walker|Necrons|false|false||This model is equipped with: doomsday blaster; twin gauss flayer; Doomstalker limbs.|https://wahapedia.ru/wh40k11ed/factions/necrons/Canoptek-Doomstalker
2116|Lokhust Heavy Destroyers|NEC|Necrons|Mounted|Necrons|false|false||Every model is equipped with: gauss destructor; close combat weapon.|https://wahapedia.ru/wh40k11ed/factions/necrons/Lokhust-Heavy-Destroyers
2350|Royal Warden|NEC|Necrons|Infantry Character|Necrons|false|false||This model is equipped with: relic gauss blaster; close combat weapon.|https://wahapedia.ru/wh40k11ed/factions/necrons/Royal-Warden
2351|Lokhust Lord|NEC|Necrons|Mounted Character|Necrons|false|false||This model is equipped with: staff of light.|https://wahapedia.ru/wh40k11ed/factions/necrons/Lokhust-Lord
2352|Technomancer|NEC|Necrons|Infantry Character|Necrons|false|false||This model is equipped with: staff of light.|https://wahapedia.ru/wh40k11ed/factions/necrons/Technomancer
2353|Psychomancer|NEC|Necrons|Infantry Character|Necrons|false|false||This model is equipped with: abyssal lance.|https://wahapedia.ru/wh40k11ed/factions/necrons/Psychomancer
2354|Chronomancer|NEC|Necrons|Infantry Character|Necrons|false|false||This model is equipped with: aeonstave.|https://wahapedia.ru/wh40k11ed/factions/necrons/Chronomancer
2355|Hexmark Destroyer|NEC|Necrons|Infantry Character|Necrons|false|false||Every model is equipped with: enmitic disintegrator pistols; close combat weapon.|https://wahapedia.ru/wh40k11ed/factions/necrons/Hexmark-Destroyer
2357|C’tan Shard of the Void Dragon|NEC|Necrons|Monster Epic Hero|Necrons|false|false||This model is equipped with: spear of the Void Dragon; voltaic storm; canoptek tail blades.|https://wahapedia.ru/wh40k11ed/factions/necrons/C-tan-Shard-of-the-Void-Dragon
2358|Ophydian Destroyers|NEC|Necrons|Infantry|Necrons|false|false||Every model is equipped with: Ophydian hyperphase weapons.|https://wahapedia.ru/wh40k11ed/factions/necrons/Ophydian-Destroyers
2359|Lokhust Destroyers|NEC|Necrons|Mounted|Necrons|false|false||Every model is equipped with: gauss cannon; close combat weapon.|https://wahapedia.ru/wh40k11ed/factions/necrons/Lokhust-Destroyers
2360|The Silent King|NEC|Necrons|Vehicle Epic Hero|Necrons|false|false||Szarekh is equipped with: Sceptre of Eternal Glory; Staff of Stars; Weapons of the Final Triarch. Every Triarchal Menhir is equipped with: annihilator beam; armoured bulk.|https://wahapedia.ru/wh40k11ed/factions/necrons/The-Silent-King
2361|Convergence Of Dominion|NEC|Necrons|Fortifications|Necrons|false|false||Every model is equipped with: transdimensional abductor.|https://wahapedia.ru/wh40k11ed/factions/necrons/Convergence-Of-Dominion
2362|Tomb Citadel Walls|NEC|Necrons|Fortifications|Necrons (Warhammer Legends)|true|false||This unit is equipped with: nothing.|https://wahapedia.ru/wh40k11ed/factions/necrons/Tomb-Citadel-Walls
3693|Overlord with translocation shroud|NEC|Necrons|Infantry Character|Necrons|false|false||This model is equipped with: Overlord’s blade; resurrection orb.|https://wahapedia.ru/wh40k11ed/factions/necrons/Overlord-with-translocation-shroud
4176|Canoptek Macrocytes|NEC|Necrons|Beast|Necrons|false|false||Every model is equipped with: gauss scalpel; claws.|https://wahapedia.ru/wh40k11ed/factions/necrons/Canoptek-Macrocytes
4177|Canoptek Tomb Crawlers|NEC|Necrons|Beast|Necrons|false|false||Every model is equipped with: twin gauss reaper; claws.|https://wahapedia.ru/wh40k11ed/factions/necrons/Canoptek-Tomb-Crawlers
4178|Geomancer|NEC|Necrons|Infantry Character|Necrons|false|false||This model is equipped with: tremorglaive.|https://wahapedia.ru/wh40k11ed/factions/necrons/Geomancer
4186|Nekrosor Ammentar|NEC|Necrons|Infantry Epic Hero|Necrons|false|false||This model is equipped with: enmitic disintegrators; Unmaker Gauntlet; blade tail and whip coils; nullstone field generator.|https://wahapedia.ru/wh40k11ed/factions/necrons/Nekrosor-Ammentar
1|Warboss|ORK|Orks|Infantry Character|Orks|false|false||This model is equipped with: 1 Kustom Choppa; 1 Kustom Shoota.|https://wahapedia.ru/wh40k11ed/factions/orks/Warboss
2|Warboss In Mega Armour|ORK|Orks|Infantry Character|Orks|false|false||This model is equipped with: 1 Big Shoota; 1 ’Uge Choppa.|https://wahapedia.ru/wh40k11ed/factions/orks/Warboss-In-Mega-Armour
3|Warboss on Warbike|ORK|Orks|Mounted Character|Orks (Warhammer Legends)|true|false||This model is equipped with: 1 Dual Dakkagun; 1 Killsaw.|https://wahapedia.ru/wh40k11ed/factions/orks/Warboss-on-Warbike
4|Weirdboy|ORK|Orks|Infantry Character|Orks|false|false||This model is equipped with: 1 Power Vomit; 1 Copper Staff.|https://wahapedia.ru/wh40k11ed/factions/orks/Weirdboy
6|Big Mek In Mega Armour|ORK|Orks|Infantry Character|Orks|false|false||This model is equipped with: 1 Kustom Shoota; 1 Power Klaw.|https://wahapedia.ru/wh40k11ed/factions/orks/Big-Mek-In-Mega-Armour
8|Ghazghkull Thraka|ORK|Orks|Infantry Epic Hero|Orks|false|false||This model is equipped with: 1 Adamantine ’Eadbutt; 1 Gork’s Klaw; 1 Mork’s Roar.|https://wahapedia.ru/wh40k11ed/factions/orks/Ghazghkull-Thraka
9|Kaptin Badrukk|ORK|Orks|Infantry Epic Hero|Orks (Warhammer Legends)|true|false||This model is equipped with: 1 Choppa; 1 Da Rippa; 1 Slugga.|https://wahapedia.ru/wh40k11ed/factions/orks/Kaptin-Badrukk
10|Boss Zagstruk|ORK|Orks|Infantry Epic Hero|Orks (Warhammer Legends)|true|false||This model is equipped with: 1 Da Vulcha's Klaws and Choppa; 1 Slugga.|https://wahapedia.ru/wh40k11ed/factions/orks/Boss-Zagstruk
11|Boss Snikrot|ORK|Orks|Infantry Epic Hero|Orks|false|false||This model is equipped with: 1 Mork’s Teef; 1 Slugga.|https://wahapedia.ru/wh40k11ed/factions/orks/Boss-Snikrot
12|Mek|ORK|Orks|Infantry Character|Orks|false|false||This model is equipped with: 1 Kustom Mega-slugga; 1 Mek’s Toolz.|https://wahapedia.ru/wh40k11ed/factions/orks/Mek
13|Painboy|ORK|Orks|Infantry Character|Orks|false|false||This model is equipped with: 1 Dok’s Toolz; 1 ’Urty Syringe.|https://wahapedia.ru/wh40k11ed/factions/orks/Painboy
15|Mad Dok Grotsnik|ORK|Orks|Infantry Epic Hero|Orks (Warhammer Legends)|true|false||This model is equipped with: 1 Power Klaw; 1 Slugga; 1 'Urty Syringe.|https://wahapedia.ru/wh40k11ed/factions/orks/Mad-Dok-Grotsnik
16|Boyz|ORK|Orks|Battleline|Orks|false|false||Every Nob is equipped with: 1 Kustom Choppa; 1 Kombi-skorcha. Every Boy is equipped with: 1 Choppa; 1 Shoota; 1 Slugga.|https://wahapedia.ru/wh40k11ed/factions/orks/Boyz
17|Gretchin|ORK|Orks|Infantry|Orks|false|false||Every model is equipped with: 1 Scavenged Shivs; 1 Grot Blasta.|https://wahapedia.ru/wh40k11ed/factions/orks/Gretchin
19|Burna Boyz|ORK|Orks|Infantry|Orks (Warhammer Legends)|true|false||Every Spanner is equipped with: 1 Big Shoota; 1 Gun Stock and Fists. Every Burna Boy is equipped with: 1 Burna; 1 Cuttin' Flames.|https://wahapedia.ru/wh40k11ed/factions/orks/Burna-Boyz
20|Tankbustas|ORK|Orks|Infantry|Orks|false|false||The Nob is equipped with: 1 Choppa; 2 Rokkit Pistol. Every Tankbusta is equipped with: 1 Busta Rokkit Launcha; 1 Gitstikka.|https://wahapedia.ru/wh40k11ed/factions/orks/Tankbustas
21|Nobz|ORK|Orks|Infantry|Orks|false|false||Every model is equipped with: 1 Kustom Krumpa; 1 Kustom Shoota.|https://wahapedia.ru/wh40k11ed/factions/orks/Nobz
24|Meganobz|ORK|Orks|Infantry|Orks|false|false||Every model is equipped with: 1 Kustom Shoota; 1 Power Klaw.|https://wahapedia.ru/wh40k11ed/factions/orks/Meganobz
25|Kommandos|ORK|Orks|Infantry|Orks|false|false||Every model is equipped with: 1 Choppa; 1 Slugga.|https://wahapedia.ru/wh40k11ed/factions/orks/Kommandos
26|Trukk|ORK|Orks|Dedicated Transports|Orks|false|false|This model has a transport capacity of 12 Orks Infantry models. It cannot transport Ghazghkull Thraka/Jump Pack models. Each Mega Armour model takes up the space of 2 models.|This model is equipped with: 1 Dual Big Shoota; 1 Spiked Ram.|https://wahapedia.ru/wh40k11ed/factions/orks/Trukk
27|Stormboyz|ORK|Orks|Infantry|Orks|false|false||The Nob is equipped with: 1 Kustom Choppa; 1 Slugga. Every Stormboy is equipped with: 1 Choppa; 1 Slugga.|https://wahapedia.ru/wh40k11ed/factions/orks/Stormboyz
28|Deffkoptas|ORK|Orks|Mounted|Orks|false|false||Every model is equipped with: 1 Choppa; 1 Rokkit Launcha; 1 Slugga; 1 Spinnin’ Blades.|https://wahapedia.ru/wh40k11ed/factions/orks/Deffkoptas
29|Dakkajet|ORK|Orks|Aircraft|Orks|false|false||This model is equipped with: 1 Armoured Impact; 2 Dual Supa-shoota.|https://wahapedia.ru/wh40k11ed/factions/orks/Dakkajet
30|Burna-bommer|ORK|Orks|Aircraft|Orks|false|false||This model is equipped with: 1 Armoured Impact; 1 Dual Big Shoota; 1 Dual Supa Shoota.|https://wahapedia.ru/wh40k11ed/factions/orks/Burna-bommer
31|Blitza-bommer|ORK|Orks|Aircraft|Orks|false|false||This model is equipped with: 1 Armoured Impact; 1 Big Shoota; 1 Dual Supa-shoota.|https://wahapedia.ru/wh40k11ed/factions/orks/Blitza-bommer
32|Wazbom Blastajet|ORK|Orks|Aircraft|Orks|false|false||This model is equipped with: 1 Armoured Impact; 1 Smasha Gun; 1 Dual Wazbom Mega-kannon.|https://wahapedia.ru/wh40k11ed/factions/orks/Wazbom-Blastajet
33|Warbikers|ORK|Orks|Mounted|Orks|false|false||The Biker Nob is equipped with: 1 Kustom Choppa; 1 Dual Kombi-rokkit. Every Warbiker is equipped with: 1 Choppa; 1 Dual Dakkagun.|https://wahapedia.ru/wh40k11ed/factions/orks/Warbikers
36|Warbuggies|ORK|Orks|Vehicle|Orks|false|false||Every model is equipped with: 1 Extra Dakka; 1 Mek Speshul; 1 Spiked Ram.|https://wahapedia.ru/wh40k11ed/factions/orks/Warbuggies
38|Mek Gunz|ORK|Orks|Vehicle|Orks|false|false||Every model is equipped with: 1 Scavenged Shivs; 1 Smasha Gun.|https://wahapedia.ru/wh40k11ed/factions/orks/Mek-Gunz
39|Battlewagon|ORK|Orks|Transport|Orks|false|false|This model has a transport capacity of 22 Orks Infantry models. Each Mega Armour/Jump Pack model takes up the space of 2 models. Each Ghazghkull Thraka model takes up the space of 4 models.|This model is equipped with: 1 Crushin’ Bulk.|https://wahapedia.ru/wh40k11ed/factions/orks/Battlewagon
40|Deff Dread|ORK|Orks|Walker|Orks|false|false||This model is equipped with: 1 Big Shoota; 1 Dread Klaws; 1 Skorcha.|https://wahapedia.ru/wh40k11ed/factions/orks/Deff-Dread
41|Killa Kans|ORK|Orks|Walker|Orks|false|false||Every model is equipped with: 1 Kan Blasta; 1 Kan Klaw.|https://wahapedia.ru/wh40k11ed/factions/orks/Killa-Kans
42|Morkanaut|ORK|Orks|Titanic|Orks|false|false|This model has a transport capacity of 12 Orks Infantry models. It cannot transport Ghazghkull Thraka models. Each Mega Armour/Jump Pack model takes up the space of 2 models.|This model is equipped with: 2 Dual Big Shoota; 1 Klaw of Mork; 1 Kustom Mega-blasta; 1 Kustom Mega-zappa; 2 Rokkit Launcha.|https://wahapedia.ru/wh40k11ed/factions/orks/Morkanaut
43|Gorkanaut|ORK|Orks|Titanic|Orks|false|false|This model has a transport capacity of 12 Orks Infantry models. It cannot transport Ghazghkull Thraka models. Each Mega Armour/Jump Pack model takes up the space of 2 models.|This model is equipped with: 1 Deffstorm mega-shoota; 2 Dual Big Shoota; 1 Klaw of Gork; 2 Rokkit Launcha; 1 Skorcha.|https://wahapedia.ru/wh40k11ed/factions/orks/Gorkanaut
44|Lootas|ORK|Orks|Infantry|Orks (Warhammer Legends)|true|false||Every Spanner is equipped with: 1 Big Shoota; 1 Gun Stock and Fists. Every Loota is equipped with: 1 Deffgun; 1 Gun Stock and Fists.|https://wahapedia.ru/wh40k11ed/factions/orks/Lootas
45|Flash Gitz|ORK|Orks|Infantry|Orks|false|false||Every model is equipped with: 1 Choppa; 1 Snazzgun.|https://wahapedia.ru/wh40k11ed/factions/orks/Flash-Gitz
46|Stompa|ORK|Orks|Titanic|Orks|false|false|This model has a transport capacity of 22 Orks Infantry models. Each Mega Armour/Jump Pack model takes up the space of 2 models. Each Ghazghkull Thraka model takes up the space of 4 models.|This model is equipped with: 5 Big Shoota; 1 Deffkannon and Supa-rokkits; 1 Mega-choppa; 1 Skorcha; 1 Supa-gatler.|https://wahapedia.ru/wh40k11ed/factions/orks/Stompa
49|Grot Tanks|ORK|Orks|Vehicle|Orks (Warhammer Legends)|true|false||Every model is equipped with: 1 Grot Tank Shoota; 1 Ramshackle Hull.|https://wahapedia.ru/wh40k11ed/factions/orks/Grot-Tanks
50|Grot Mega-tank|ORK|Orks|Vehicle|Orks (Warhammer Legends)|true|false||This model is equipped with: 1 Armoured Hull; 1 Dual Big Shoota; 1 Dual Grotzooka; 1 Mega-tank Weapons.|https://wahapedia.ru/wh40k11ed/factions/orks/Grot-Mega-tank
53|Lifta Wagon|ORK|Orks|Vehicle|Orks (Warhammer Legends)|true|false||This model is equipped with: 1 Crushin' Bulk; 1 Lifta-droppa.|https://wahapedia.ru/wh40k11ed/factions/orks/Lifta-Wagon
54|Big Trakk|ORK|Orks|Transport|Orks (Warhammer Legends)|true|false|This model has a transport capacity of 12 Orks Infantry models. It cannot transport Ghazghkull Thraka models. Each Mega Armour, Jump Pack model takes up the space of 2 models.|This model is equipped with: 1 Armoured Hull; 2 Big Shoota.|https://wahapedia.ru/wh40k11ed/factions/orks/Big-Trakk
56|Kill Tank|ORK|Orks|Transport|Orks (Warhammer Legends)|true|false|This model has a transport capacity of 12 Orks Infantry models. Each Mega Armour, Jump Pack model takes up the space of 2 models. Each Ghazghkull Thraka model takes up the space of 4 models.|This model is equipped with: 2 Big Shoota; 1 Crushin' Bulk; 1 Tank Kannon.|https://wahapedia.ru/wh40k11ed/factions/orks/Kill-Tank
59|Gargantuan Squiggoth|ORK|Orks|Monster|Orks (Forge World)|false|false|This model has a transport capacity of 20 ORKS INFANTRY models. Each MEGA ARMOUR or JUMP PACK model takes up the space of 2 models. GHAZGHKULL THRAKA takes up the space of 18 models. If this model is equipped with a supa-kannon, it has a transport capacity of 15 ORKS INFANTRY models.|This model is equipped with: huge tusks.|https://wahapedia.ru/wh40k11ed/factions/orks/Gargantuan-Squiggoth
1536|Big Mek With Shokk Attack Gun|ORK|Orks|Infantry Character|Orks|false|false||This model is equipped with: 1 Big Mek’s Toolz; 1 Shokk Attack Gun.|https://wahapedia.ru/wh40k11ed/factions/orks/Big-Mek-With-Shokk-Attack-Gun
1537|Deffkilla Wartrike|ORK|Orks|Mounted Character|Orks|false|false||This model is equipped with: 1 Boomstikks; 1 Killa Jet; 1 Snagga Klaw.|https://wahapedia.ru/wh40k11ed/factions/orks/Deffkilla-Wartrike
1545|Mekboy Workshop|ORK|Orks|Fortifications|Orks (Warhammer Legends)|true|false|||https://wahapedia.ru/wh40k11ed/factions/orks/Mekboy-Workshop
2488|Zodgrod Wortsnagga|ORK|Orks|Infantry Epic Hero|Orks|false|false||This model is equipped with: 1 Da Grabzappa; 1 Squigstoppa.|https://wahapedia.ru/wh40k11ed/factions/orks/Zodgrod-Wortsnagga
2489|Beastboss|ORK|Orks|Infantry Character|Orks|false|false||This model is equipped with: 1 Shoota; 1 Beast Snagga Klaw and Beastchoppa.|https://wahapedia.ru/wh40k11ed/factions/orks/Beastboss
2490|Beastboss on Squigosaur|ORK|Orks|Monster Character|Orks|false|false||This model is equipped with: 1 Beastchoppa; 1 Slugga; 1 Squigosaur’s Jaws.|https://wahapedia.ru/wh40k11ed/factions/orks/Beastboss-on-Squigosaur
2491|Painboss|ORK|Orks|Infantry Character|Orks|false|false||This model is equipped with: 1 Beast Snagga Klaw.|https://wahapedia.ru/wh40k11ed/factions/orks/Painboss
2493|Mozrog Skragbad|ORK|Orks|Monster Epic Hero|Orks|false|false||This model is equipped with: 1 Big Chompa’s Jaws; 1 Gutrippa; 1 Thump Gun.|https://wahapedia.ru/wh40k11ed/factions/orks/Mozrog-Skragbad
2494|Beast Snagga Boyz|ORK|Orks|Battleline|Orks|false|false||Every Nob is equipped with: 1 Power Snappa; 1 Slugga. Every Beast Snagga Boy is equipped with: 1 Choppa; 1 Slugga.|https://wahapedia.ru/wh40k11ed/factions/orks/Beast-Snagga-Boyz
2496|Squighog Boyz|ORK|Orks|Mounted|Orks|false|false||Every Nob on Smasha Squig is equipped with: 1 Big Choppa; 1 Slugga; 1 Squig’s Jaws. Every Squighog Boy is equipped with: 1 Saddlegit’s Shiv; 1 Squig’s Jaws; 1 Stikka.|https://wahapedia.ru/wh40k11ed/factions/orks/Squighog-Boyz
2497|Kill Rig|ORK|Orks|Monster|Orks|false|false|This model has a transport capacity of 12 Beast Snaggas Infantry models.|This model is equipped with: 1 Butcha Boyz; 1 ’Eavy Lobba; 1 Savage Horns and Hooves; 1 Saw Blades; 1 Stikka Kannon; 1 Wurrtower.|https://wahapedia.ru/wh40k11ed/factions/orks/Kill-Rig
2498|Hunta Rig|ORK|Orks|Monster|Orks|false|false|This model has a transport capacity of 22 Beast Snaggas Infantry models.|This model is equipped with: 1 Butcha Boyz; 1 ’Eavy Lobba; 1 Savage Horns and Hooves; 1 Saw Blades; 1 Stikka Kannon.|https://wahapedia.ru/wh40k11ed/factions/orks/Hunta-Rig
2499|Big’ed Bossbunka|ORK|Orks|Fortifications|Orks|false|false|This model has a transport capacity of 11 Orks Infantry models. It cannot transport Ghazghkull Thraka models. Each Mega Armour/Jump Pack model takes up the space of 2 models.|This model is equipped with: 1 Big Shoota; 1 Gaze of Gork.|https://wahapedia.ru/wh40k11ed/factions/orks/Big-ed-Bossbunka
3707|Big Mek|ORK|Orks|Infantry Character|Orks|false|false||This model is equipped with: 1 Kustom Mega-blasta; 1 Power Klaw.|https://wahapedia.ru/wh40k11ed/factions/orks/Big-Mek
3861|Breaka Boyz|ORK|Orks|Infantry|Orks|false|false||The Nob is equipped with: 1 Choppa; 1 Rokkit Pistol; 1 Smash Hammer. Every Breaka Boy is equipped with: 1 Smash Hammer.|https://wahapedia.ru/wh40k11ed/factions/orks/Breaka-Boyz
4221|Wazdakka Gutsmek|ORK|Orks|Mounted Epic Hero|Orks|false|false||This model is equipped with: 1 Speeding Bulk and Flaming Exhaust; 1 Fixit’s Wrench; 1 Grabba Dragga; 1 Psyko-gatler.|https://wahapedia.ru/wh40k11ed/factions/orks/Wazdakka-Gutsmek
4227|Bannernob|ORK|Orks|Infantry Character|Orks|false|false||This model is equipped with: 1 Kustom Choppa; 1 Shoota.|https://wahapedia.ru/wh40k11ed/factions/orks/Bannernob
4228|Bigboss|ORK|Orks|Infantry Character|Orks|false|false||This model is equipped with: 1 Big Choppa; 1 Slugga.|https://wahapedia.ru/wh40k11ed/factions/orks/Bigboss
4229|Big Mek Dakkarig|ORK|Orks|Vehicle Character|Orks|false|false||This model is equipped with: 1 Blitzkannon; 1 Multi-busta Launcha; 1 Stompy Feet.|https://wahapedia.ru/wh40k11ed/factions/orks/Big-Mek-Dakkarig
4239|Runtherd|ORK|Orks|Infantry Character|Orks|false|false||This model is equipped with: 1 Runtherd’s Toolz; 1 Slugga.|https://wahapedia.ru/wh40k11ed/factions/orks/Runtherd
4240|Wartrakks|ORK|Orks|Mounted|Orks|false|false||Every model is equipped with: 1 Kustom Choppa; 1 Kustom Shoota; 1 Multi-busta Launcha.|https://wahapedia.ru/wh40k11ed/factions/orks/Wartrakks
4241|Gunwagon|ORK|Orks|Transport|Orks|false|false|This model has a transport capacity of 12 Orks Infantry models. Each Mega Armour/Jump Pack model takes up the space of 2 models. Each Ghazghkull Thraka model takes up the space of 4 models.|This model is equipped with: 1 Crushin’ Bulk; 1 Kannon.|https://wahapedia.ru/wh40k11ed/factions/orks/Gunwagon
4242|Nazdreg|ORK|Orks|Infantry Epic Hero|Orks|false|false||This model is equipped with: 1 Kustom Blasta X; 1 Moonchewa. This model’s Kustom Blasta X weapon has three separate ranged weapon profiles, each of which can be selected to make attacks with.|https://wahapedia.ru/wh40k11ed/factions/orks/Nazdreg
4243|Rukkatrukk Squigbuggies|ORK|Orks|Vehicle|Orks|false|false||Every model is equipped with: 1 Saw Blades; 1 Sawn-off Shotgun; 1 Squig Launchas.|https://wahapedia.ru/wh40k11ed/factions/orks/Rukkatrukk-Squigbuggies
855|Knight Paladin|QI|Imperial Knights|Vehicle Character|Imperial Knights|false|false||This model is equipped with: meltagun; Questoris heavy stubber; rapid-fire battlecannon; reaper chainsword.|https://wahapedia.ru/wh40k11ed/factions/imperial-knights/Knight-Paladin
856|Knight Errant|QI|Imperial Knights|Vehicle Character|Imperial Knights|false|false||This model is equipped with: meltagun; thermal cannon; reaper chainsword.|https://wahapedia.ru/wh40k11ed/factions/imperial-knights/Knight-Errant
857|Knight Warden|QI|Imperial Knights|Vehicle Character|Imperial Knights|false|false||This model is equipped with: avenger gatling cannon; heavy flamer; meltagun; reaper chainsword.|https://wahapedia.ru/wh40k11ed/factions/imperial-knights/Knight-Warden
858|Knight Gallant|QI|Imperial Knights|Vehicle Character|Imperial Knights|false|false||This model is equipped with: meltagun; thunderstrike gauntlet; reaper chainsword.|https://wahapedia.ru/wh40k11ed/factions/imperial-knights/Knight-Gallant
859|Knight Crusader|QI|Imperial Knights|Vehicle Character|Imperial Knights|false|false||This model is equipped with: avenger gatling cannon; heavy flamer; meltagun; thermal cannon; titanic feet.|https://wahapedia.ru/wh40k11ed/factions/imperial-knights/Knight-Crusader
860|Acastus Knight Porphyrion|QI|Imperial Knights|Titanic|Imperial Knights (Forge World)|false|false||This model is equipped with: 2 Acastus autocannons; Acastus ironstorm missile pod; 2 twin magna lascannons; titanic feet.|https://wahapedia.ru/wh40k11ed/factions/imperial-knights/Acastus-Knight-Porphyrion
861|Cerastus Knight Acheron|QI|Imperial Knights|Vehicle Character|Imperial Knights (Forge World)|false|false||This model is equipped with: Acheron flame cannon; twin heavy bolter; reaper chainfist.|https://wahapedia.ru/wh40k11ed/factions/imperial-knights/Cerastus-Knight-Acheron
862|Cerastus Knight Atrapos|QI|Imperial Knights|Vehicle Character|Imperial Knights (Forge World)|false|false||This model is equipped with: Atrapos lascutter; graviton singularity cannon.|https://wahapedia.ru/wh40k11ed/factions/imperial-knights/Cerastus-Knight-Atrapos
863|Cerastus Knight Castigator|QI|Imperial Knights|Vehicle Character|Imperial Knights (Forge World)|false|false||This model is equipped with: Castigator bolt cannon; tempest warblade.|https://wahapedia.ru/wh40k11ed/factions/imperial-knights/Cerastus-Knight-Castigator
864|Cerastus Knight Lancer|QI|Imperial Knights|Vehicle Character|Imperial Knights (Forge World)|false|false||This model is equipped with: Cerastus shock lance.|https://wahapedia.ru/wh40k11ed/factions/imperial-knights/Cerastus-Knight-Lancer
865|Questoris Knight Magaera|QI|Imperial Knights|Vehicle Character|Imperial Knights (Forge World)|false|false||This model is equipped with: lightning cannon; phased plasma-fusil; reaper chainsword.|https://wahapedia.ru/wh40k11ed/factions/imperial-knights/Questoris-Knight-Magaera
866|Questoris Knight Styrix|QI|Imperial Knights|Vehicle Character|Imperial Knights (Forge World)|false|false||This model is equipped with: graviton crusher; volkite chierovile; reaper chainsword.|https://wahapedia.ru/wh40k11ed/factions/imperial-knights/Questoris-Knight-Styrix
1481|Armiger Helverin|QI|Imperial Knights|Walker|Imperial Knights|false|false||This model is equipped with: 2 Armiger autocannons; Questoris heavy stubber; armoured feet.|https://wahapedia.ru/wh40k11ed/factions/imperial-knights/Armiger-Helverin
1482|Armiger Warglaive|QI|Imperial Knights|Walker|Imperial Knights|false|false||This model is equipped with: Questoris heavy stubber; thermal spear; reaper chain-cleaver.|https://wahapedia.ru/wh40k11ed/factions/imperial-knights/Armiger-Warglaive
1483|Knight Preceptor|QI|Imperial Knights|Vehicle Character|Imperial Knights|false|false||This model is equipped with: las-impulsor; Preceptor multi-laser; reaper chainsword.|https://wahapedia.ru/wh40k11ed/factions/imperial-knights/Knight-Preceptor
1484|Canis Rex|QI|Imperial Knights|Vehicle Epic Hero|Imperial Knights|false|false||Canis Rex is equipped with: las-impulsor; Questoris multi-laser; Freedom’s Hand.|https://wahapedia.ru/wh40k11ed/factions/imperial-knights/Canis-Rex
1485|Knight Castellan|QI|Imperial Knights|Vehicle Character|Imperial Knights|false|false||This model is equipped with: plasma decimator; 2 shieldbreaker missile launchers; 2 twin meltaguns; twin siegebreaker cannon; volcano lance; titanic feet.|https://wahapedia.ru/wh40k11ed/factions/imperial-knights/Knight-Castellan
1486|Knight Valiant|QI|Imperial Knights|Vehicle Character|Imperial Knights|false|false||This model is equipped with: conflagration cannon; 2 shieldbreaker missile launchers; thundercoil harpoon; 2 twin meltaguns; twin siegebreaker cannon; titanic feet.|https://wahapedia.ru/wh40k11ed/factions/imperial-knights/Knight-Valiant
1664|Acastus Knight Asterius|QI|Imperial Knights|Titanic|Imperial Knights (Forge World)|false|false||This model is equipped with: 2 Asterius volkite culverins; karacnos mortar battery; 2 twin conversion beam cannons; titanic feet.|https://wahapedia.ru/wh40k11ed/factions/imperial-knights/Acastus-Knight-Asterius
2769|Armiger Moirax|QI|Imperial Knights|Walker|Imperial Knights (Forge World)|false|false||This model is equipped with: graviton pulsar; volkite veuglaire; armoured feet.|https://wahapedia.ru/wh40k11ed/factions/imperial-knights/Armiger-Moirax
2770|Sir Hekhtur|QI|Imperial Knights|Infantry Epic Hero|Imperial Knights|false|false||Sir Hekhtur is equipped with: Hekhtur’s pistol; close combat weapon.|https://wahapedia.ru/wh40k11ed/factions/imperial-knights/Sir-Hekhtur
3839|Tech-priest Dominus|QI|Imperial Knights|Infantry Character|Adeptus Mechanicus|false|false||This model is equipped with: macrostubber; volkite blaster; Omnissian axe.|https://wahapedia.ru/wh40k11ed/factions/imperial-knights/Tech-priest-Dominus
3840|Tech-priest Manipulus|QI|Imperial Knights|Infantry Character|Adeptus Mechanicus|false|false||This model is equipped with: magnarail lance; Omnissian staff.|https://wahapedia.ru/wh40k11ed/factions/imperial-knights/Tech-priest-Manipulus
3841|Skitarii Marshal|QI|Imperial Knights|Infantry Character|Adeptus Mechanicus|false|false||This model is equipped with: Mechanicus pistol; control stave.|https://wahapedia.ru/wh40k11ed/factions/imperial-knights/Skitarii-Marshal
3842|Skitarii Rangers|QI|Imperial Knights|Battleline|Adeptus Mechanicus|false|false||Every model is equipped with: galvanic rifle; close combat weapon.|https://wahapedia.ru/wh40k11ed/factions/imperial-knights/Skitarii-Rangers
3843|Skitarii Vanguard|QI|Imperial Knights|Battleline|Adeptus Mechanicus|false|false||Every model is equipped with: radium carbine; close combat weapon.|https://wahapedia.ru/wh40k11ed/factions/imperial-knights/Skitarii-Vanguard
4149|Knight Defender|QI|Imperial Knights|Vehicle Character|Imperial Knights|false|false||This model is equipped with: conversion beam obliterator; plasma executor; twin incendine combustor; phosphor blaster; titanic feet.|https://wahapedia.ru/wh40k11ed/factions/imperial-knights/Knight-Defender
4213|Knight Destrier|QI|Imperial Knights|Vehicle Character||false|false||This model is equipped with: 1 chastiser gatling cannon; 1 frag bombard; 1 Questoris heavy stubber; 1 titanic feet.|https://wahapedia.ru/wh40k11ed/factions/imperial-knights/Knight-Destrier
1094|Chaos Cerastus Knight Acheron|QT|Chaos Knights|Vehicle Character|Chaos Knights (Forge World)|false|false||This model is equipped with: Acheron flame cannon; twin heavy bolter; reaper chainfist.|https://wahapedia.ru/wh40k11ed/factions/chaos-knights/Chaos-Cerastus-Knight-Acheron
1095|Chaos Cerastus Knight Lancer|QT|Chaos Knights|Vehicle Character|Chaos Knights (Forge World)|false|false||This model is equipped with: Cerastus shock lance.|https://wahapedia.ru/wh40k11ed/factions/chaos-knights/Chaos-Cerastus-Knight-Lancer
1096|Chaos Cerastus Knight Castigator|QT|Chaos Knights|Vehicle Character|Chaos Knights (Forge World)|false|false||This model is equipped with: Castigator bolt cannon; tempest warblade.|https://wahapedia.ru/wh40k11ed/factions/chaos-knights/Chaos-Cerastus-Knight-Castigator
1097|Chaos Cerastus Knight Atrapos|QT|Chaos Knights|Vehicle Character|Chaos Knights (Forge World)|false|false||This model is equipped with: Atrapos lascutter; graviton singularity cannon.|https://wahapedia.ru/wh40k11ed/factions/chaos-knights/Chaos-Cerastus-Knight-Atrapos
1098|Chaos Questoris Knight Magaera|QT|Chaos Knights|Vehicle Character|Chaos Knights (Forge World)|false|false||This model is equipped with: lightning cannon; phased plasma-fusil; reaper chainsword.|https://wahapedia.ru/wh40k11ed/factions/chaos-knights/Chaos-Questoris-Knight-Magaera
1099|Chaos Acastus Knight Porphyrion|QT|Chaos Knights|Titanic|Chaos Knights (Forge World)|false|false||This model is equipped with: 2 Acastus autocannons; Acastus ironstorm missile pod; 2 twin magna lascannons; titanic feet.|https://wahapedia.ru/wh40k11ed/factions/chaos-knights/Chaos-Acastus-Knight-Porphyrion
1100|Chaos Questoris Knight Styrix|QT|Chaos Knights|Vehicle Character|Chaos Knights (Forge World)|false|false||This model is equipped with: graviton crusher; volkite chierovile; reaper chainsword.|https://wahapedia.ru/wh40k11ed/factions/chaos-knights/Chaos-Questoris-Knight-Styrix
1658|Knight Despoiler|QT|Chaos Knights|Vehicle Character|Chaos Knights|false|false||This model is equipped with: daemonbreath meltagun; reaper chainsword; titanic feet; warpstrike claw.|https://wahapedia.ru/wh40k11ed/factions/chaos-knights/Knight-Despoiler
1659|Knight Tyrant|QT|Chaos Knights|Vehicle Character|Chaos Knights|false|false||This model is equipped with: brimstone volcano lance; ectoplasma decimator; 2 gheiststrike missile launchers; 2 twin daemonbreath meltaguns; twin Desecrator cannon; titanic feet.|https://wahapedia.ru/wh40k11ed/factions/chaos-knights/Knight-Tyrant
1660|Knight Desecrator|QT|Chaos Knights|Vehicle Character|Chaos Knights|false|false||This model is equipped with: desecrator laser destructor; diabolus heavy stubber; reaper chainsword.|https://wahapedia.ru/wh40k11ed/factions/chaos-knights/Knight-Desecrator
1661|Knight Rampager|QT|Chaos Knights|Vehicle Character|Chaos Knights|false|false||This model is equipped with: diabolus heavy stubber; reaper chainsword; warpstrike claw.|https://wahapedia.ru/wh40k11ed/factions/chaos-knights/Knight-Rampager
1662|Chaos Acastus Knight Asterius|QT|Chaos Knights|Titanic|Chaos Knights (Forge World)|false|false||This model is equipped with: 2 Asterius volkite culverins; karacnos mortar battery; 2 twin conversion beam cannons; titanic feet.|https://wahapedia.ru/wh40k11ed/factions/chaos-knights/Chaos-Acastus-Knight-Asterius
1663|War Dog Moirax|QT|Chaos Knights|Walker|Chaos Knights (Forge World)|false|false||This model is equipped with: graviton pulsar; volkite veuglaire; armoured feet.|https://wahapedia.ru/wh40k11ed/factions/chaos-knights/War-Dog-Moirax
2562|War Dog Executioner|QT|Chaos Knights|Walker|Chaos Knights|false|false||This model is equipped with: diabolus heavy stubber; 2 War Dog autocannons; armoured feet.|https://wahapedia.ru/wh40k11ed/factions/chaos-knights/War-Dog-Executioner
2563|War Dog Stalker|QT|Chaos Knights|Walker|Chaos Knights|false|false||This model is equipped with: avenger chaincannon; diabolus heavy stubber; slaughterclaw.|https://wahapedia.ru/wh40k11ed/factions/chaos-knights/War-Dog-Stalker
2564|War Dog Karnivore|QT|Chaos Knights|Walker|Chaos Knights|false|false||This model is equipped with: diabolus heavy stubber; reaper chaintalon; slaughterclaw.|https://wahapedia.ru/wh40k11ed/factions/chaos-knights/War-Dog-Karnivore
2565|War Dog Brigand|QT|Chaos Knights|Walker|Chaos Knights|false|false||This model is equipped with: avenger chaincannon; daemonbreath spear; diabolus heavy stubber; armoured feet.|https://wahapedia.ru/wh40k11ed/factions/chaos-knights/War-Dog-Brigand
2566|War Dog Huntsman|QT|Chaos Knights|Walker|Chaos Knights|false|false||This model is equipped with: daemonbreath spear; diabolus heavy stubber; reaper chaintalon.|https://wahapedia.ru/wh40k11ed/factions/chaos-knights/War-Dog-Huntsman
2567|Knight Abominant|QT|Chaos Knights|Vehicle Character|Chaos Knights|false|false||This model is equipped with: diabolus heavy stubber; volkite combustor; balemace; electroscourge.|https://wahapedia.ru/wh40k11ed/factions/chaos-knights/Knight-Abominant
3844|Cultist Firebrand|QT|Chaos Knights|Infantry Character|Chaos Space Marines|false|false||This model is equipped with: balefire pike, close combat weapon.|https://wahapedia.ru/wh40k11ed/factions/chaos-knights/Cultist-Firebrand
3845|Dark Commune|QT|Chaos Knights|Infantry Character|Chaos Space Marines|false|false||The Cult Demagogue is equipped with: autopistol; Commune stave. The Mindwitch is equipped with: Warp Curse; close combat weapon. The Iconarch is equipped with: autopistol; close combat weapon; Chaos icon. Every Blessed Blade is equipped with: Commune blade.|https://wahapedia.ru/wh40k11ed/factions/chaos-knights/Dark-Commune
3846|Traitor Enforcer|QT|Chaos Knights|Infantry Character|Chaos Space Marines|false|false||The Traitor Enforcer is equipped with: bolt pistol; power fist. The Traitor Ogryn is equipped with: Ogryn weapons.|https://wahapedia.ru/wh40k11ed/factions/chaos-knights/Traitor-Enforcer
3847|Renegade Enforcer|QT|Chaos Knights|Infantry Character|Chaos Space Marines (Warhammer Legends)|true|false||This model is equipped with: Enforcer pistol; Enforcer melee weapon.|https://wahapedia.ru/wh40k11ed/factions/chaos-knights/Renegade-Enforcer
3848|Rogue Psyker|QT|Chaos Knights|Infantry Character|Chaos Space Marines (Warhammer Legends)|true|false||This model is equipped with: laspistol; Psychic Strike; Chaos stave.|https://wahapedia.ru/wh40k11ed/factions/chaos-knights/Rogue-Psyker
3849|Cultist Mob|QT|Chaos Knights|Battleline|Chaos Space Marines|false|false||Every model is equipped with: autopistol; brutal assault weapon.|https://wahapedia.ru/wh40k11ed/factions/chaos-knights/Cultist-Mob
3850|Cultist Mob with Firearms|QT|Chaos Knights|Battleline|Chaos Space Marines (Warhammer Legends)|true|false||The Cultist Champion is equipped with: autopistol; brutal assault weapon. Every Chaos Cultist is equipped with: autopistol; brutal assault weapon.|https://wahapedia.ru/wh40k11ed/factions/chaos-knights/Cultist-Mob-with-Firearms
3851|Accursed Cultists|QT|Chaos Knights|Infantry|Chaos Space Marines|false|false||Every Torment is equipped with: hideous mutations. Every Mutant is equipped with: blasphemous appendages.|https://wahapedia.ru/wh40k11ed/factions/chaos-knights/Accursed-Cultists
3852|Fellgor Beastmen|QT|Chaos Knights|Infantry|Chaos Space Marines|false|false||The Fellgor Champion is equipped with: bolt pistol; chainsword. Every Fellgor Beastman is equipped with: autopistol; close combat weapon.|https://wahapedia.ru/wh40k11ed/factions/chaos-knights/Fellgor-Beastmen
3853|Traitor Guardsmen Squad|QT|Chaos Knights|Infantry|Chaos Space Marines|false|false||The Traitor Sergeant is equipped with: corrupted pistol; close combat weapon. Every Traitor Guardsman is equipped with: lasgun; close combat weapon.|https://wahapedia.ru/wh40k11ed/factions/chaos-knights/Traitor-Guardsmen-Squad
3854|Gellerpox Infected|QT|Chaos Knights|Infantry|Chaos Space Marines (Warhammer Legends)|true|false||Every Gellerpox Mutant is equipped with: brutal weapons. One Nightmare Hulk is equipped with: belly-flamer; hideous mutations. Every other Nightmare Hulk is equipped with: hideous mutations.|https://wahapedia.ru/wh40k11ed/factions/chaos-knights/Gellerpox-Infected
3855|Mutoid Vermin|QT|Chaos Knights|Swarm|Chaos Space Marines (Warhammer Legends)|true|false||Every model is equipped with: diseased claws and fangs.|https://wahapedia.ru/wh40k11ed/factions/chaos-knights/Mutoid-Vermin
3856|Negavolt Cultists|QT|Chaos Knights|Infantry|Chaos Space Marines (Warhammer Legends)|true|false||Every model is equipped with: electro-goads.|https://wahapedia.ru/wh40k11ed/factions/chaos-knights/Negavolt-Cultists
3857|Renegade Heavy Weapons Squad|QT|Chaos Knights|Infantry|Chaos Space Marines (Warhammer Legends)|true|false||Every model is equipped with: renegade firearm; heavy stubber; close combat weapons.|https://wahapedia.ru/wh40k11ed/factions/chaos-knights/Renegade-Heavy-Weapons-Squad
3858|Renegade Ogryn Beast Handler|QT|Chaos Knights|Beast|Chaos Space Marines (Warhammer Legends)|true|false||The Ogryn Pack Master is equipped with: mauler goad and ripper claw. Every Chaos Mauler Hound is equipped with: befouled claws and fangs.|https://wahapedia.ru/wh40k11ed/factions/chaos-knights/Renegade-Ogryn-Beast-Handler
3859|Renegade Ogryn Brutes|QT|Chaos Knights|Infantry|Chaos Space Marines (Warhammer Legends)|true|false||Every model is equipped with: Ogryn weapon.|https://wahapedia.ru/wh40k11ed/factions/chaos-knights/Renegade-Ogryn-Brutes
3860|Renegade Plague Ogryns|QT|Chaos Knights|Infantry|Chaos Space Marines (Warhammer Legends)|true|false||Every model is equipped with: Ogryn plague claws.|https://wahapedia.ru/wh40k11ed/factions/chaos-knights/Renegade-Plague-Ogryns
4134|Knight Ruinator|QT|Chaos Knights|Vehicle Character|Chaos Knights|false|false||This model is equipped with: darkflame lance; terrorpulse missiles; fellbore.|https://wahapedia.ru/wh40k11ed/factions/chaos-knights/Knight-Ruinator
60|Apothecary Biologis|SM|Space Marines|Infantry Character|Space Marines|false|false||This model is equipped with: absolvor bolt pistol; close combat weapon.|https://wahapedia.ru/wh40k11ed/factions/space-marines/Apothecary-Biologis
61|Assault Squad|SM|Space Marines|Infantry|Space Marines (Warhammer Legends)|true|false||Every model is equipped with: bolt pistol; Astartes chainsword.|https://wahapedia.ru/wh40k11ed/factions/space-marines/Assault-Squad
63|Apothecary on Bike|SM|Space Marines|Mounted Character|Space Marines (Warhammer Legends)|true|false||This model is equipped with: bolt pistol; twin boltgun; Astartes chainsword.|https://wahapedia.ru/wh40k11ed/factions/space-marines/Apothecary-on-Bike
64|Assault Squad with Jump Packs|SM|Space Marines|Infantry|Space Marines (Warhammer Legends)|true|false||Every model is equipped with: bolt pistol; Astartes chainsword.|https://wahapedia.ru/wh40k11ed/factions/space-marines/Assault-Squad-with-Jump-Packs
65|Land Raider|SM|Space Marines|Transport|Space Marines|false|false|This model has a transport capacity of 12 Adeptus Astartes Infantry models. Each Jump Pack, Wulfen, Gravis or Terminator model takes up the space of 2 models and each Centurion model takes up the space of 3 models.|This model is equipped with: twin heavy bolter; 2 godhammer lascannons; armoured tracks.|https://wahapedia.ru/wh40k11ed/factions/space-marines/Land-Raider
66|Land Raider Crusader|SM|Space Marines|Transport|Space Marines|false|false|This model has a transport capacity of 16 Adeptus Astartes Infantry models. Each Jump Pack, Wulfen, Gravis or Terminator model takes up the space of 2 models and each Centurion model takes up the space of 3 models.|This model is equipped with: 2 hurricane bolters; twin assault cannon; armoured tracks.|https://wahapedia.ru/wh40k11ed/factions/space-marines/Land-Raider-Crusader
67|Land Raider Excelsior|SM|Space Marines|Transport|Space Marines (Warhammer Legends)|true|false|This model has a transport capacity of 12 Adeptus Astartes Infantry models. Each Jump Pack, Wulfen, Gravis or Terminator model takes up the space of 2 models and each Centurion model takes up the space of 3 models.|This model is equipped with: grav-cannon; 2 Godhammer lascannon; armoured tracks.|https://wahapedia.ru/wh40k11ed/factions/space-marines/Land-Raider-Excelsior
68|Suppressor Squad|SM|Space Marines|Infantry|Space Marines|false|false||Every model is equipped with: accelerator autocannon; bolt pistol; close combat weapon.|https://wahapedia.ru/wh40k11ed/factions/space-marines/Suppressor-Squad
70|Tactical Squad|SM|Space Marines|Battleline|Space Marines|false|false||Every model is equipped with: bolt pistol; boltgun; close combat weapon.|https://wahapedia.ru/wh40k11ed/factions/space-marines/Tactical-Squad
71|Bladeguard Veteran Squad|SM|Space Marines|Infantry|Space Marines|false|false||Every model is equipped with: heavy bolt pistol; master-crafted power weapon.|https://wahapedia.ru/wh40k11ed/factions/space-marines/Bladeguard-Veteran-Squad
72|Caestus Assault Ram|SM|Space Marines|Aircraft|Space Marines (Warhammer Legends)|true|false|This model has a transport capacity of 12 Adeptus Astartes Infantry models. Each Jump Pack, Wulfen, Gravis or Terminator model takes up the space of 2 models and each Centurion model takes up the space of 3 models.|This model is equipped with: firefury missile batteries; twin magna-melta; armoured hull.|https://wahapedia.ru/wh40k11ed/factions/space-marines/Caestus-Assault-Ram
73|Captain|SM|Space Marines|Infantry Character|Space Marines|false|false||This model is equipped with: bolt pistol; master-crafted bolter; close combat weapon.|https://wahapedia.ru/wh40k11ed/factions/space-marines/Captain
76|Lieutenant with Combi-weapon|SM|Space Marines|Infantry Character|Space Marines|false|false||This model is equipped with: combi-weapon; paired combat blades.|https://wahapedia.ru/wh40k11ed/factions/space-marines/Lieutenant-with-Combi-weapon
79|Librarian In Terminator Armour|SM|Space Marines|Infantry Character|Space Marines|false|false||This model is equipped with: Smite; force weapon.|https://wahapedia.ru/wh40k11ed/factions/space-marines/Librarian-In-Terminator-Armour
83|Captain With Jump Pack|SM|Space Marines|Infantry Character|Space Marines|false|false||This model is equipped with: heavy bolt pistol; Astartes chainsword.|https://wahapedia.ru/wh40k11ed/factions/space-marines/Captain-With-Jump-Pack
84|Stormhawk Interceptor|SM|Space Marines|Aircraft|Space Marines|false|false||This model is equipped with: twin assault cannon; skyhammer missile launcher; las-talon; armoured hull.|https://wahapedia.ru/wh40k11ed/factions/space-marines/Stormhawk-Interceptor
85|Rhino Primaris|SM|Space Marines|Transport|Space Marines (Warhammer Legends)|true|false|This model has a transport capacity of 6 Adeptus Astartes Infantry models. It cannot transport Jump Pack, Wulfen, Phobos, Gravis, Centurion, Terminator or Tacticus models (except for Tacticus Character models that begin the battle attached to a non-TACTICUS unit).|This model is equipped with: twin plasma gun; armoured tracks.|https://wahapedia.ru/wh40k11ed/factions/space-marines/Rhino-Primaris
86|Firestrike Servo-turrets|SM|Space Marines|Artillery|Space Marines|false|false||Every model is equipped with: twin Firestrike las-talon; close combat weapon.|https://wahapedia.ru/wh40k11ed/factions/space-marines/Firestrike-Servo-turrets
87|Drop Pod|SM|Space Marines|Dedicated Transports|Space Marines|false|false|This model has a transport capacity of 12 Adeptus Astartes Infantry models. It cannot transport Centurion, Gravis, Jump Pack, Wulfen or Terminator models.||https://wahapedia.ru/wh40k11ed/factions/space-marines/Drop-Pod
91|Ballistus Dreadnought|SM|Space Marines|Walker|Space Marines|false|false||This model is equipped with: Ballistus missile launcher; Ballistus lascannon; twin storm bolter; armoured feet.|https://wahapedia.ru/wh40k11ed/factions/space-marines/Ballistus-Dreadnought
92|Sicaran Venator|SM|Space Marines|Vehicle|Space Marines (Warhammer Legends)|true|false||This model is equipped with: heavy bolter; Venator neutron laser; armoured tracks.|https://wahapedia.ru/wh40k11ed/factions/space-marines/Sicaran-Venator
93|Typhon|SM|Space Marines|Vehicle|Space Marines (Warhammer Legends)|true|false||This model is equipped with: dreadhammer siege cannon; armoured tracks.|https://wahapedia.ru/wh40k11ed/factions/space-marines/Typhon
94|Chaplain On Bike|SM|Space Marines|Mounted Character|Space Marines|false|false||This model is equipped with: absolvor bolt pistol; twin bolt rifle; crozius arcanum.|https://wahapedia.ru/wh40k11ed/factions/space-marines/Chaplain-On-Bike
96|Carab Culln The Risen|SM|Space Marines|Vehicle Epic Hero|Space Marines (Warhammer Legends)|true|false||This model is equipped with: heavy bolter; 2 heavy flamers; 3 hunter-killer missiles; twin assault cannon; Tarsus Scorpii.|https://wahapedia.ru/wh40k11ed/factions/space-marines/Carab-Culln-The-Risen
97|Hammerfall Bunker|SM|Space Marines|Fortifications|Space Marines|false|false||This model is equipped with: Hammerfall heavy bolter array; Hammerfall missile launcher.|https://wahapedia.ru/wh40k11ed/factions/space-marines/Hammerfall-Bunker
98|Tarantula Sentry Battery|SM|Space Marines|Artillery|Space Marines (Warhammer Legends)|true|false||This model is equipped with: twin heavy bolter; armoured hull.|https://wahapedia.ru/wh40k11ed/factions/space-marines/Tarantula-Sentry-Battery
99|Tarantula Air Defence Battery|SM|Space Marines|Vehicle|Space Marines (Warhammer Legends)|true|false||This model is equipped with: Tarantula air defence missiles; armoured hull.|https://wahapedia.ru/wh40k11ed/factions/space-marines/Tarantula-Air-Defence-Battery
103|Eradicator Squad|SM|Space Marines|Infantry|Space Marines|false|false||Every model is equipped with: bolt pistol; melta rifle; close combat weapon.|https://wahapedia.ru/wh40k11ed/factions/space-marines/Eradicator-Squad
104|Relic Terminator Squad|SM|Space Marines|Infantry|Space Marines (Warhammer Legends)|true|false||Every model is equipped with: combi-bolter; power fist.|https://wahapedia.ru/wh40k11ed/factions/space-marines/Relic-Terminator-Squad
107|Javelin Attack Speeder|SM|Space Marines|Vehicle|Space Marines (Warhammer Legends)|true|false||This model is equipped with: heavy bolter; Javelin missile launcher; close combat weapon.|https://wahapedia.ru/wh40k11ed/factions/space-marines/Javelin-Attack-Speeder
110|Rapier Carrier|SM|Space Marines|Artillery|Space Marines (Warhammer Legends)|true|false||This model is equipped with: boltgun; quad heavy bolter; close combat weapon.|https://wahapedia.ru/wh40k11ed/factions/space-marines/Rapier-Carrier
111|Mortis Dreadnought|SM|Space Marines|Walker|Space Marines (Warhammer Legends)|true|false||This model is equipped with: 2 twin heavy bolters; armoured feet.|https://wahapedia.ru/wh40k11ed/factions/space-marines/Mortis-Dreadnought
112|Chaplain With Jump Pack|SM|Space Marines|Infantry Character|Space Marines|false|false||This model is equipped with: bolt pistol; crozius arcanum.|https://wahapedia.ru/wh40k11ed/factions/space-marines/Chaplain-With-Jump-Pack
113|Storm Eagle Gunship|SM|Space Marines|Aircraft|Space Marines (Warhammer Legends)|true|false|This model has a transport capacity of 22 ADEPTUS ASTARTES INFANTRY models and 1 Dreadnought model. Each Jump Pack, Wulfen, Gravis, Terminator or Possessed model takes up the space of 2 models and each Centurion or Obliterator model takes up the space of 3 models.|This model is equipped with: twin heavy bolter; 2 twin hellstrike launchers; vengeance launcher; armoured hull.|https://wahapedia.ru/wh40k11ed/factions/space-marines/Storm-Eagle-Gunship
114|Storm Speeder Hammerstrike|SM|Space Marines|Vehicle|Space Marines|false|false||This model is equipped with: Hammerstrike missile launcher; 2 krakstorm grenade launchers; melta destroyer; close combat weapon.|https://wahapedia.ru/wh40k11ed/factions/space-marines/Storm-Speeder-Hammerstrike
115|Chaplain In Terminator Armour|SM|Space Marines|Infantry Character|Space Marines|false|false||This model is equipped with: storm bolter; crozius arcanum.|https://wahapedia.ru/wh40k11ed/factions/space-marines/Chaplain-In-Terminator-Armour
116|Bike Squad|SM|Space Marines|Mounted|Space Marines (Warhammer Legends)|true|false||The Biker Sergeant and every Space Marine Biker is equipped with: bolt pistol; twin boltgun; close combat weapon. An Attack Bike is equipped with: bolt pistol; heavy bolter; twin boltgun; close combat weapon.|https://wahapedia.ru/wh40k11ed/factions/space-marines/Bike-Squad
117|Dreadnought|SM|Space Marines|Walker|Space Marines|false|false||This model is equipped with: assault cannon; storm bolter; Dreadnought combat weapon.|https://wahapedia.ru/wh40k11ed/factions/space-marines/Dreadnought
118|Terminator Assault Squad|SM|Space Marines|Infantry|Space Marines|false|false||Every model is equipped with: thunder hammer; storm shield.|https://wahapedia.ru/wh40k11ed/factions/space-marines/Terminator-Assault-Squad
119|Librarian In Phobos Armour|SM|Space Marines|Infantry Character|Space Marines|false|false||This model is equipped with: bolt pistol; Smite; force weapon.|https://wahapedia.ru/wh40k11ed/factions/space-marines/Librarian-In-Phobos-Armour
120|Venerable Dreadnought|SM|Space Marines|Walker|Space Marines (Warhammer Legends)|true|false||This model is equipped with: assault cannon; storm bolter; armoured feet; Dreadnought combat weapon.|https://wahapedia.ru/wh40k11ed/factions/space-marines/Venerable-Dreadnought
121|Uriel Ventris|SM|Space Marines|Infantry Epic Hero|Space Marines|false|false||This model is equipped with: bolt pistol; Invictus; Sword of Idaeus.|https://wahapedia.ru/wh40k11ed/factions/space-marines/Uriel-Ventris
122|Dreadnought Drop Pod|SM|Space Marines|Transport|Space Marines (Warhammer Legends)|true|false|This model has a transport capacity of 1 Dreadnought model.|This model is equipped with: nothing.|https://wahapedia.ru/wh40k11ed/factions/space-marines/Dreadnought-Drop-Pod
123|Sicaran Punisher|SM|Space Marines|Vehicle|Space Marines (Warhammer Legends)|true|false||This model is equipped with: heavy bolter; Punisher rotary cannon; armoured tracks.|https://wahapedia.ru/wh40k11ed/factions/space-marines/Sicaran-Punisher
124|Storm Speeder Hailstrike|SM|Space Marines|Vehicle|Space Marines|false|false||This model is equipped with: 2 fragstorm grenade launchers; onslaught gatling cannon; twin ironhail heavy stubber; close combat weapon.|https://wahapedia.ru/wh40k11ed/factions/space-marines/Storm-Speeder-Hailstrike
125|Inceptor Squad|SM|Space Marines|Infantry|Space Marines|false|false||Every model is equipped with: assault bolters; close combat weapon.|https://wahapedia.ru/wh40k11ed/factions/space-marines/Inceptor-Squad
126|Infernus Squad|SM|Space Marines|Infantry|Space Marines|false|false||Every model is equipped with: bolt pistol; pyreblaster; close combat weapon.|https://wahapedia.ru/wh40k11ed/factions/space-marines/Infernus-Squad
127|Iron Father Feirros|SM|Space Marines|Infantry Epic Hero|Space Marines|false|false||This model is equipped with: bolt pistol; Gorgon’s Wrath; Harrowhand; Medusan manipuli.|https://wahapedia.ru/wh40k11ed/factions/space-marines/Iron-Father-Feirros
128|Infiltrator Squad|SM|Space Marines|Infantry|Space Marines|false|false||Every model is equipped with: bolt pistol; marksman bolt carbine; close combat weapon.|https://wahapedia.ru/wh40k11ed/factions/space-marines/Infiltrator-Squad
129|Razorback|SM|Space Marines|Dedicated Transports|Space Marines|false|false|This model has a transport capacity of 6 ADEPTUS ASTARTES INFANTRY models. It cannot transport JUMP PACK, WULFEN, PHOBOS, GRAVIS, CENTURION, TERMINATOR or TACTicus models (excluding TACTICUS CHARACTER models that began the battle attached to a non-TACTICUS unit).|This model is equipped with: twin heavy bolter; armoured tracks.|https://wahapedia.ru/wh40k11ed/factions/space-marines/Razorback
131|Leviathan Dreadnought|SM|Space Marines|Walker|Space Marines (Warhammer Legends)|true|false||This model is equipped with: 2 heavy flamers; 2 grav-flux bombards; armoured feet.|https://wahapedia.ru/wh40k11ed/factions/space-marines/Leviathan-Dreadnought
132|Land Speeder Storm|SM|Space Marines|Dedicated Transports|Space Marines (Warhammer Legends)|true|false|This model has a transport capacity of 6 models. It can only transport Scout Squad, Scout Sniper Squad and Sergeant Telion models.|This model is equipped with: Cerberus launcher; heavy bolter; close combat weapon.|https://wahapedia.ru/wh40k11ed/factions/space-marines/Land-Speeder-Storm
134|Astartes Servitors|SM|Space Marines|Infantry|Space Marines (Warhammer Legends)|true|false||Every model is equipped with: Servitor servo-arm.|https://wahapedia.ru/wh40k11ed/factions/space-marines/Astartes-Servitors
135|Captain In Terminator Armour|SM|Space Marines|Infantry Character|Space Marines|false|false||This model is equipped with: storm bolter; relic weapon.|https://wahapedia.ru/wh40k11ed/factions/space-marines/Captain-In-Terminator-Armour
136|Brutalis Dreadnought|SM|Space Marines|Walker|Space Marines|false|false||This model is equipped with: twin Icarus ironhail heavy stubber; twin heavy bolter; Brutalis bolt rifles; Brutalis fists.|https://wahapedia.ru/wh40k11ed/factions/space-marines/Brutalis-Dreadnought-UL
137|Scout Bike Squad|SM|Space Marines|Mounted|Space Marines (Warhammer Legends)|true|false||Every model is equipped with: Astartes shotgun; bolt pistol; twin boltgun; combat knife.|https://wahapedia.ru/wh40k11ed/factions/space-marines/Scout-Bike-Squad
138|Roboute Guilliman|SM|Space Marines|Monster Epic Hero|Space Marines|false|false||This model is equipped with: Hand of Dominion; Emperor’s Sword.|https://wahapedia.ru/wh40k11ed/factions/space-marines/Roboute-Guilliman
139|Thunderhawk Gunship|SM|Space Marines|Titanic|Space Marines (Forge World)|false|false|This model has a transport capacity of 30 Adeptus Astartes Infantry or Adeptus Astartes Mounted models. Each Jump Pack, Wulfen, Gravis or Terminator model takes up the space of 2 models. Each Centurion model takes up the space of 3 models. Each MOUNTED model takes up the space of 4 models.|This model is equipped with: 2 lascannons; Thunderhawk heavy cannon; 4 twin heavy bolters; armoured hull; Thunderhawk cluster bombs.|https://wahapedia.ru/wh40k11ed/factions/space-marines/Thunderhawk-Gunship
140|Techmarine|SM|Space Marines|Infantry Character|Space Marines|false|false||This model is equipped with: forge bolter; grav-pistol; Omnissian power axe; servo-arm.|https://wahapedia.ru/wh40k11ed/factions/space-marines/Techmarine
146|Hunter|SM|Space Marines|Vehicle|Space Marines (Warhammer Legends)|true|false||This model is equipped with: skyspear missile launcher; armoured tracks.|https://wahapedia.ru/wh40k11ed/factions/space-marines/Hunter
147|Vanguard Veteran Squad With Jump Packs|SM|Space Marines|Infantry|Space Marines|false|false||Every model is equipped with: bolt pistol; Vanguard Veteran weapon.|https://wahapedia.ru/wh40k11ed/factions/space-marines/Vanguard-Veteran-Squad-With-Jump-Packs
148|Imperial Space Marine|SM|Space Marines|Infantry Character|Space Marines (Warhammer Legends)|true|false||This model is equipped with: disintegration combi-gun; disintegration pistol; close combat weapon.|https://wahapedia.ru/wh40k11ed/factions/space-marines/Imperial-Space-Marine
151|Commander Dante|SM|Space Marines|Infantry Epic Hero|Blood Angels|false|false||This model is equipped with: Perdition; the Axe Mortalis.|https://wahapedia.ru/wh40k11ed/factions/space-marines/Commander-Dante
152|Captain Tycho|SM|Space Marines|Infantry Epic Hero|Blood Angels (Warhammer Legends)|true|false||This model is equipped with: Blood Song; bolt pistol; Dead Man’s Hand.|https://wahapedia.ru/wh40k11ed/factions/space-marines/Captain-Tycho
153|Tycho The Lost|SM|Space Marines|Infantry Epic Hero|Blood Angels (Warhammer Legends)|true|false||This model is equipped with: Blood Song; bolt pistol; Dead Man’s Hand.|https://wahapedia.ru/wh40k11ed/factions/space-marines/Tycho-The-Lost
154|Librarian Dreadnought|SM|Space Marines|Walker|Blood Angels (Warhammer Legends)|true|false||This model is equipped with: Blood Lance; storm bolter; Furioso fist, Furioso force halberd.|https://wahapedia.ru/wh40k11ed/factions/space-marines/Librarian-Dreadnought
155|Chief Librarian Mephiston|SM|Space Marines|Infantry Epic Hero|Blood Angels|false|false||This model is equipped with: plasma pistol; Fury of the Ancients; Vitarus.|https://wahapedia.ru/wh40k11ed/factions/space-marines/Chief-Librarian-Mephiston
156|The Sanguinor|SM|Space Marines|Infantry Epic Hero|Blood Angels|false|false||This model is equipped with: encarmine broadsword.|https://wahapedia.ru/wh40k11ed/factions/space-marines/The-Sanguinor
157|Astorath|SM|Space Marines|Infantry Epic Hero|Blood Angels|false|false||This model is equipped with: the Executioner’s Axe.|https://wahapedia.ru/wh40k11ed/factions/space-marines/Astorath
158|Sanguinary Priest|SM|Space Marines|Infantry Character|Blood Angels|false|false||This model is equipped with: absolvor bolt pistol; Astartes chainsword.|https://wahapedia.ru/wh40k11ed/factions/space-marines/Sanguinary-Priest
160|Brother Corbulo|SM|Space Marines|Infantry Epic Hero|Blood Angels (Warhammer Legends)|true|false||This model is equipped with: bolt pistol; Heaven’s Teeth.|https://wahapedia.ru/wh40k11ed/factions/space-marines/Brother-Corbulo
164|Lemartes|SM|Space Marines|Infantry Epic Hero|Blood Angels|false|false||This model is equipped with: absolvor bolt pistol; the Blood Crozius.|https://wahapedia.ru/wh40k11ed/factions/space-marines/Lemartes
165|Sanguinary Guard|SM|Space Marines|Infantry|Blood Angels|false|false||Every model is equipped with: Angelus boltgun; encarmine blade.|https://wahapedia.ru/wh40k11ed/factions/space-marines/Sanguinary-Guard
166|Death Company Dreadnought|SM|Space Marines|Walker|Blood Angels|false|false||This model is equipped with: twin Icarus ironhail heavy stubber; twin heavy bolter; blood fist bolt rifles; blood fists.|https://wahapedia.ru/wh40k11ed/factions/space-marines/Death-Company-Dreadnought
167|Furioso Dreadnought|SM|Space Marines|Walker|Blood Angels (Warhammer Legends)|true|false||This model is equipped with: heavy frag cannon; Furioso fist; storm bolter.|https://wahapedia.ru/wh40k11ed/factions/space-marines/Furioso-Dreadnought
168|Baal Predator|SM|Space Marines|Vehicle|Blood Angels|false|false||This model is equipped with: twin assault cannon; armoured tracks.|https://wahapedia.ru/wh40k11ed/factions/space-marines/Baal-Predator
169|Gabriel Seth|SM|Space Marines|Infantry Epic Hero|Blood Angels (Warhammer Legends)|true|false||This model is equipped with: bolt pistol; Blood Reaver.|https://wahapedia.ru/wh40k11ed/factions/space-marines/Gabriel-Seth
218|Azrael|SM|Space Marines|Infantry Epic Hero|Dark Angels|false|false||This model is equipped with: Lion’s Wrath; the Sword of Secrets; the Lion Helm.|https://wahapedia.ru/wh40k11ed/factions/space-marines/Azrael
219|Belial|SM|Space Marines|Infantry Epic Hero|Dark Angels|false|false||This model is equipped with: master-crafted storm bolter; the Sword of Silence.|https://wahapedia.ru/wh40k11ed/factions/space-marines/Belial
225|Asmodai|SM|Space Marines|Infantry Epic Hero|Dark Angels|false|false||This model is equipped with: heavy bolt pistol; crozius arcanum and power weapon.|https://wahapedia.ru/wh40k11ed/factions/space-marines/Asmodai
226|Ezekiel|SM|Space Marines|Infantry Epic Hero|Dark Angels|false|false||This model is equipped with: the Deliverer; Mind Wipe; Traitor’s Bane; Book of Salvation.|https://wahapedia.ru/wh40k11ed/factions/space-marines/Ezekiel
230|Deathwing Terminator Squad|SM|Space Marines|Infantry|Dark Angels|false|false||The Deathwing Sergeant is equipped with: storm bolter; power weapon. Every Deathwing Terminator is equipped with: storm bolter; power fist.|https://wahapedia.ru/wh40k11ed/factions/space-marines/Deathwing-Terminator-Squad
231|Deathwing Knights|SM|Space Marines|Infantry|Dark Angels|false|false||The Knight Master is equipped with: great weapon of the Unforgiven. Every Deathwing Knight is equipped with: mace of absolution.|https://wahapedia.ru/wh40k11ed/factions/space-marines/Deathwing-Knights
238|Ravenwing Darkshroud|SM|Space Marines|Vehicle|Dark Angels|false|false||This model is equipped with: heavy bolter; close combat weapon.|https://wahapedia.ru/wh40k11ed/factions/space-marines/Ravenwing-Darkshroud
239|Nephilim Jetfighter|SM|Space Marines|Aircraft|Dark Angels|false|false||This model is equipped with: avenger mega bolter; blacksword missiles; twin heavy bolter; armoured hull.|https://wahapedia.ru/wh40k11ed/factions/space-marines/Nephilim-Jetfighter
240|Ravenwing Dark Talon|SM|Space Marines|Aircraft|Dark Angels|false|false||This model is equipped with: rift cannon; 2 hurricane bolters; armoured hull.|https://wahapedia.ru/wh40k11ed/factions/space-marines/Ravenwing-Dark-Talon
241|Ravenwing Black Knights|SM|Space Marines|Mounted|Dark Angels|false|false||Every model is equipped with: bolt pistol; plasma talon; Black Knight combat weapon.|https://wahapedia.ru/wh40k11ed/factions/space-marines/Ravenwing-Black-Knights
242|Land Speeder Vengeance|SM|Space Marines|Vehicle|Dark Angels|false|false||This model is equipped with: heavy bolter; plasma storm battery; close combat weapon.|https://wahapedia.ru/wh40k11ed/factions/space-marines/Land-Speeder-Vengeance
282|Logan Grimnar|SM|Space Marines|Infantry Epic Hero|Space Wolves|false|false||This model is equipped with: storm bolter; Axe Morkai; Tyrnak and Fenrir.|https://wahapedia.ru/wh40k11ed/factions/space-marines/Logan-Grimnar
283|Logan Grimnar On Stormrider|SM|Space Marines|Mounted Epic Hero|Space Wolves (Warhammer Legends)|true|false||This model is equipped with: storm bolter; the Axe of Morkai; flurry of teeth and claws.|https://wahapedia.ru/wh40k11ed/factions/space-marines/Logan-Grimnar-On-Stormrider
284|Wolf Lord on Thunderwolf|SM|Space Marines|Mounted Character|Space Wolves (Warhammer Legends)|true|false||This model is equipped with: bolt pistol; crushing teeth and claws; relic weapon.|https://wahapedia.ru/wh40k11ed/factions/space-marines/Wolf-Lord-on-Thunderwolf
285|Ragnar Blackmane|SM|Space Marines|Infantry Epic Hero|Space Wolves|false|false||This model is equipped with: bolt pistol; Frostfang.|https://wahapedia.ru/wh40k11ed/factions/space-marines/Ragnar-Blackmane
286|Krom Dragongaze|SM|Space Marines|Infantry Epic Hero|Space Wolves (Warhammer Legends)|true|false||This model is equipped with: bolt pistol; Wyrmclaw.|https://wahapedia.ru/wh40k11ed/factions/space-marines/Krom-Dragongaze
287|Harald Deathwolf|SM|Space Marines|Mounted Epic Hero|Space Wolves (Warhammer Legends)|true|false||This model is equipped with: bolt pistol; crushing teeth and claws; Glacius.|https://wahapedia.ru/wh40k11ed/factions/space-marines/Harald-Deathwolf
288|Canis Wolfborn|SM|Space Marines|Mounted Epic Hero|Space Wolves (Warhammer Legends)|true|false||This model is equipped with: bolt pistol; crushing teeth and jaws; Wolf claws.|https://wahapedia.ru/wh40k11ed/factions/space-marines/Canis-Wolfborn
292|Njal Stormcaller|SM|Space Marines|Infantry Epic Hero|Space Wolves|false|false||This model is equipped with: bolt pistol; Living Lightning; Staff of the Stormcaller.|https://wahapedia.ru/wh40k11ed/factions/space-marines/Njal-Stormcaller
297|Ulrik The Slayer|SM|Space Marines|Infantry Epic Hero|Space Wolves|false|false||This model is equipped with: plasma pistol; artificer crozius arcanum.|https://wahapedia.ru/wh40k11ed/factions/space-marines/Ulrik-The-Slayer
302|Bjorn The Fell-handed|SM|Space Marines|Vehicle Epic Hero|Space Wolves|false|false||This model is equipped with: assault cannon; heavy flamer; Trueclaw.|https://wahapedia.ru/wh40k11ed/factions/space-marines/Bjorn-The-Fell-handed
303|Blood Claws|SM|Space Marines|Battleline|Space Wolves|false|false||Every model is equipped with: bolt pistol; Astartes chainsword.|https://wahapedia.ru/wh40k11ed/factions/space-marines/Blood-Claws
304|Lukas The Trickster|SM|Space Marines|Infantry Epic Hero|Space Wolves (Warhammer Legends)|true|false||This model is equipped with: plasma pistol; Claw of the Jackalwolf.|https://wahapedia.ru/wh40k11ed/factions/space-marines/Lukas-The-Trickster
305|Grey Hunters|SM|Space Marines|Battleline|Space Wolves|false|false||Every model is equipped with: bolt carbine; bolt pistol; Astartes chainsword.|https://wahapedia.ru/wh40k11ed/factions/space-marines/Grey-Hunters
306|Iron Priest|SM|Space Marines|Infantry Character|Space Wolves|false|false||This model is equipped with: helfrost pistol; tempest hammer and servo-arm.|https://wahapedia.ru/wh40k11ed/factions/space-marines/Iron-Priest
311|Wulfen|SM|Space Marines|Infantry|Space Wolves|false|false||Every model is equipped with: Wulfen weapons; death totem.|https://wahapedia.ru/wh40k11ed/factions/space-marines/Wulfen
314|Murderfang|SM|Space Marines|Vehicle Epic Hero|Space Wolves|false|false||This model is equipped with: heavy flamer; storm bolter; Murderclaws.|https://wahapedia.ru/wh40k11ed/factions/space-marines/Murderfang
315|Wolf Guard|SM|Space Marines|Infantry|Space Wolves (Warhammer Legends)|true|false||Every model is equipped with: bolt pistol; heirloom weapon.|https://wahapedia.ru/wh40k11ed/factions/space-marines/Wolf-Guard
317|Arjac Rockfist|SM|Space Marines|Infantry Epic Hero|Space Wolves|false|false||This model is equipped with: Foehammer.|https://wahapedia.ru/wh40k11ed/factions/space-marines/Arjac-Rockfist
318|Wolf Guard Terminators|SM|Space Marines|Infantry|Space Wolves|false|false||The Wolf Guard Terminator Pack Leader is equipped with: storm bolter; master-crafted power weapon. Every Wolf Guard Terminator is equipped with: storm bolter; master-crafted power weapon.|https://wahapedia.ru/wh40k11ed/factions/space-marines/Wolf-Guard-Terminators
321|Stormwolf|SM|Space Marines|Aircraft|Space Wolves (Warhammer Legends)|true|false|This model has a transport capacity of 16 Adeptus Astartes Infantry models. Each Jump Pack, Wulfen, Gravis or Terminator model takes up the space of 2 models and each Centurion model takes up the space of 3 models.|This model is equipped with: 2 skyhammer missile launchers; twin helfrost cannon; twin lascannon; armoured hull.|https://wahapedia.ru/wh40k11ed/factions/space-marines/Stormwolf
322|Thunderwolf Cavalry|SM|Space Marines|Mounted|Space Wolves|false|false||Every model is equipped with: bolt pistol; teeth and claws; Wolf Guard weapon.|https://wahapedia.ru/wh40k11ed/factions/space-marines/Thunderwolf-Cavalry
323|Fenrisian Wolves|SM|Space Marines|Beast|Space Wolves|false|false||Every model is equipped with: teeth and claws.|https://wahapedia.ru/wh40k11ed/factions/space-marines/Fenrisian-Wolves
324|Skyclaws|SM|Space Marines|Infantry|Space Wolves (Warhammer Legends)|true|false||Every model is equipped with: bolt pistol; Astartes chainsword.|https://wahapedia.ru/wh40k11ed/factions/space-marines/Skyclaws
325|Stormfang Gunship|SM|Space Marines|Aircraft|Space Wolves (Warhammer Legends)|true|false|This model has a transport capacity of 6 Adeptus Astartes Infantry models. Each Jump Pack, Wulfen, Gravis or Terminator model takes up the space of 2 models and each Centurion model takes up the space of 3 models.|This model is equipped with: helfrost destructor; 2 skyhammer missile launchers; twin stormstrike missile launcher; armoured hull.|https://wahapedia.ru/wh40k11ed/factions/space-marines/Stormfang-Gunship
326|Long Fangs|SM|Space Marines|Infantry|Space Wolves (Warhammer Legends)|true|false||Every model is equipped with: boltgun; bolt pistol; close combat weapon.|https://wahapedia.ru/wh40k11ed/factions/space-marines/Long-Fangs
358|Corvus Blackstar|SM|Space Marines|Transport|Deathwatch|false|false|This model has a transport capacity of 12 Adeptus Astartes Infantry or Kill Team models. Each Jump Pack, Gravis or Terminator model takes up the space of 2 models and each Centurion model takes up the space of 3 models.|This model is equipped with: 2 Blackstar rocket launchers; twin assault cannon; armoured hull.|https://wahapedia.ru/wh40k11ed/factions/space-marines/Corvus-Blackstar
1153|Cerberus|SM|Space Marines|Vehicle|Space Marines (Warhammer Legends)|true|false||This model is equipped with: Cerberus neutron pulse array; armoured tracks.|https://wahapedia.ru/wh40k11ed/factions/space-marines/Cerberus
1154|Vanguard Veteran Squad|SM|Space Marines|Infantry|Space Marines (Warhammer Legends)|true|false||Every model is equipped with: bolt pistol; heirloom weapon.|https://wahapedia.ru/wh40k11ed/factions/space-marines/Vanguard-Veteran-Squad
1156|Invictor Tactical Warsuit|SM|Space Marines|Walker|Space Marines|false|false||This model is equipped with: fragstorm grenade launcher; heavy bolter; incendium cannon; twin ironhail heavy stubber; Invictor fist.|https://wahapedia.ru/wh40k11ed/factions/space-marines/Invictor-Tactical-Warsuit
1157|Intercessor Squad|SM|Space Marines|Battleline|Space Marines|false|false||Every model is equipped with: bolt pistol; bolt rifle; close combat weapon.|https://wahapedia.ru/wh40k11ed/factions/space-marines/Intercessor-Squad
1158|Invader ATV|SM|Space Marines|Mounted|Space Marines|false|false||This model is equipped with: bolt pistol, twin bolt rifle; onslaught gatling cannon; close combat weapon.|https://wahapedia.ru/wh40k11ed/factions/space-marines/Invader-ATV
1159|Incursor Squad|SM|Space Marines|Infantry|Space Marines|false|false||Every model is equipped with: bolt pistol; occulus bolt carbine; paired combat blades.|https://wahapedia.ru/wh40k11ed/factions/space-marines/Incursor-Squad
1160|Scout Squad|SM|Space Marines|Infantry|Space Marines|false|false||Every model is equipped with: bolt pistol; boltgun; close combat weapon.|https://wahapedia.ru/wh40k11ed/factions/space-marines/Scout-Squad
1161|Sicaran Arcus|SM|Space Marines|Vehicle|Space Marines (Warhammer Legends)|true|false||This model is equipped with: Arcus multi-launcher; heavy bolter, armoured tracks.|https://wahapedia.ru/wh40k11ed/factions/space-marines/Sicaran-Arcus
1162|Sergeant Telion|SM|Space Marines|Infantry Epic Hero|Space Marines (Warhammer Legends)|true|false||This model is equipped with: bolt pistol; Quietus; combat knife.|https://wahapedia.ru/wh40k11ed/factions/space-marines/Sergeant-Telion
1163|Sicaran Omega|SM|Space Marines|Vehicle|Space Marines (Warhammer Legends)|true|false||This model is equipped with: heavy bolter; omega plasma array; armoured tracks.|https://wahapedia.ru/wh40k11ed/factions/space-marines/Sicaran-Omega
1164|Thunderfire Cannon|SM|Space Marines|Artillery|Space Marines (Warhammer Legends)|true|false||The Techmarine Gunner is equipped with: bolt pistol; flamer; plasma cutter; Gunner’s servo-arms; close combat weapon. The Thunderfire Cannon is equipped with: thunderfire cannon; close combat weapon.|https://wahapedia.ru/wh40k11ed/factions/space-marines/Thunderfire-Cannon
1165|Bladeguard Ancient|SM|Space Marines|Infantry Character|Space Marines|false|false||This model is equipped with: heavy bolt pistol; close combat weapon.|https://wahapedia.ru/wh40k11ed/factions/space-marines/Bladeguard-Ancient
1166|Company Veterans On Bikes|SM|Space Marines|Mounted|Space Marines (Warhammer Legends)|true|false||Every model is equipped with: bolt pistol; twin boltgun; Astartes chainsword.|https://wahapedia.ru/wh40k11ed/factions/space-marines/Company-Veterans-On-Bikes
1168|Land Speeder Tempest|SM|Space Marines|Vehicle|Space Marines (Warhammer Legends)|true|false||This model is equipped with: assault cannon; Tempest salvo launcher; armoured hull.|https://wahapedia.ru/wh40k11ed/factions/space-marines/Land-Speeder-Tempest
1169|Land Speeder Tornado|SM|Space Marines|Vehicle|Space Marines (Warhammer Legends)|true|false||This model is equipped with: assault cannon; heavy bolter; close combat weapon.|https://wahapedia.ru/wh40k11ed/factions/space-marines/Land-Speeder-Tornado
1172|Captain In Gravis Armour|SM|Space Marines|Infantry Character|Space Marines|false|false||This model is equipped with: master-crafted heavy bolt rifle; master-crafted power weapon.|https://wahapedia.ru/wh40k11ed/factions/space-marines/Captain-In-Gravis-Armour
1174|Chaplain|SM|Space Marines|Infantry Character|Space Marines|false|false||This model is equipped with: absolvor bolt pistol; crozius arcanum.|https://wahapedia.ru/wh40k11ed/factions/space-marines/Chaplain
1175|Kratos|SM|Space Marines|Vehicle|Space Marines (Warhammer Legends)|true|false||This model is equipped with: autocannon; Kratos battle cannon; 4 heavy bolters; armoured tracks.|https://wahapedia.ru/wh40k11ed/factions/space-marines/Kratos
1177|Heavy Intercessor Squad|SM|Space Marines|Battleline|Space Marines|false|false||Every model is equipped with: bolt pistol; heavy bolt rifle; close combat weapon.|https://wahapedia.ru/wh40k11ed/factions/space-marines/Heavy-Intercessor-Squad
1178|Vindicator Laser Destroyer|SM|Space Marines|Vehicle|Space Marines (Warhammer Legends)|true|false||This model is equipped with: laser volley cannon; storm bolter; armoured tracks.|https://wahapedia.ru/wh40k11ed/factions/space-marines/Vindicator-Laser-Destroyer
1179|Sokar-pattern Stormbird|SM|Space Marines|Aircraft|Space Marines (Warhammer Legends)|true|false|This model has a transport capacity of 55 Adeptus Astartes Infantry or Adeptus Astartes Mounted models. Each Jump Pack, Wulfen, Gravis, Possessed or Terminator model takes up the space of 2 models and each MOUNTED, Centurion or Obliterator model takes up the space of 3 models. This model can also transport up to 1 Rhino model (this model – and any models embarked within it – take up the space of 25 models).|This model is equipped with: hellstrike missile battery; 3 twin heavy bolters; 4 twin lascannons; armoured hull.|https://wahapedia.ru/wh40k11ed/factions/space-marines/Sokar-pattern-Stormbird
1182|Ancient on Bike|SM|Space Marines|Mounted Character|Space Marines (Warhammer Legends)|true|false||This model is equipped with: bolt pistol; twin boltgun; Astartes chainsword.|https://wahapedia.ru/wh40k11ed/factions/space-marines/Ancient-on-Bike
1183|Terminator Squad|SM|Space Marines|Infantry|Space Marines|false|false||Every model is equipped with: storm bolter; power fist.|https://wahapedia.ru/wh40k11ed/factions/space-marines/Terminator-Squad
1184|Terminus Ultra|SM|Space Marines|Transport|Space Marines (Warhammer Legends)|true|false||This model is equipped with: 3 Terminus lascannons; 2 lascannons; armoured tracks.|https://wahapedia.ru/wh40k11ed/factions/space-marines/Terminus-Ultra
1185|Sicaran Battle Tank|SM|Space Marines|Vehicle|Space Marines (Warhammer Legends)|true|false||This model is equipped with: heavy bolter; Herakles-pattern autocannon; armoured tracks.|https://wahapedia.ru/wh40k11ed/factions/space-marines/Sicaran-Battle-Tank
1188|Vindicator|SM|Space Marines|Vehicle|Space Marines|false|false||This model is equipped with: demolisher cannon; armoured tracks.|https://wahapedia.ru/wh40k11ed/factions/space-marines/Vindicator
1189|Mastodon|SM|Space Marines|Titanic|Space Marines (Warhammer Legends)|true|false|This model has a transport capacity of 45 Adeptus Astartes Infantry models. Each Jump Pack, Wulfen, Gravis, Possessed or Terminator model takes up the space of 2 models and each Centurion or Obliterator model takes up the space of 3 models. This model can also transport up to 2 Dreadnought or Helbrute models (these models take up the space of a number of models equal to their Wounds characteristic e.g. A DREADNOUGHT with a Wounds characteristic of 8 would take up the space of 8 models).|This model is equipped with: 2 heavy flamers; 2 lascannons; siege melta array; skyreaper battery; armoured tracks.|https://wahapedia.ru/wh40k11ed/factions/space-marines/Mastodon
1190|Stormtalon Gunship|SM|Space Marines|Aircraft|Space Marines|false|false||This model is equipped with: skyhammer missile launcher; twin assault cannon; armoured hull.|https://wahapedia.ru/wh40k11ed/factions/space-marines/Stormtalon-Gunship
1191|Stormraven Gunship|SM|Space Marines|Transport|Space Marines|false|false|This model has a transport capacity of 12 Adeptus Astartes Infantry models and 1 Dreadnought model. Each Jump Pack, Wulfen, Gravis or Terminator model takes up the space of 2 models and each Centurion model takes up the space of 3 models.|This model is equipped with: 2 stormstrike missile launchers; twin assault cannon; typhoon missile launcher; armoured hull.|https://wahapedia.ru/wh40k11ed/factions/space-marines/Stormraven-Gunship
1192|Chaplain Venerable Dreadnought|SM|Space Marines|Walker|Space Marines (Warhammer Legends)|true|false||This model is equipped with: assault cannon; storm bolter; Dreadnought combat weapon.|https://wahapedia.ru/wh40k11ed/factions/space-marines/Chaplain-Venerable-Dreadnought
1193|Centurion Devastator Squad|SM|Space Marines|Infantry|Space Marines|false|false||Every model is equipped with: grav-cannon; Centurion bolters; Centurion fists.|https://wahapedia.ru/wh40k11ed/factions/space-marines/Centurion-Devastator-Squad
1344|Librarian with Jump Pack|SM|Space Marines|Infantry Character|Space Marines (Warhammer Legends)|true|false||This model is equipped with: bolt pistol; Smite; force weapon.|https://wahapedia.ru/wh40k11ed/factions/space-marines/Librarian-with-Jump-Pack
1345|Lieutenant In Reiver Armour|SM|Space Marines|Infantry Character|Space Marines|false|false||This model is equipped with: master-crafted special issue bolt pistol; combat knife.|https://wahapedia.ru/wh40k11ed/factions/space-marines/Lieutenant-In-Reiver-Armour
1346|Lieutenant|SM|Space Marines|Infantry Character|Space Marines|false|false||This model is equipped with: bolt pistol; master-crafted bolter; close combat weapon.|https://wahapedia.ru/wh40k11ed/factions/space-marines/Lieutenant
1347|Land Raider Prometheus|SM|Space Marines|Transport|Space Marines (Warhammer Legends)|true|false|This model has a transport capacity of 12 Adeptus Astartes Infantry models. Each Jump Pack, Wulfen, Gravis, Possessed or Terminator model takes up the space of 2 models and each Centurion model takes up the space of 3 models.|This model is equipped with: 2 quad heavy bolters; armoured tracks.|https://wahapedia.ru/wh40k11ed/factions/space-marines/Land-Raider-Prometheus
1348|Librarian on Bike|SM|Space Marines|Mounted Character|Space Marines (Warhammer Legends)|true|false||This model is equipped with: bolt pistol; twin boltgun; force weapon.|https://wahapedia.ru/wh40k11ed/factions/space-marines/Librarian-on-Bike
1423|Ravenwing Talonmaster|SM|Space Marines|Vehicle Character|Dark Angels (Warhammer Legends)|true|false||This model is equipped with: twin assault cannon; twin heavy bolter; power weapon.|https://wahapedia.ru/wh40k11ed/factions/space-marines/Ravenwing-Talonmaster
1523|Scout Sniper Squad|SM|Space Marines|Infantry|Space Marines (Warhammer Legends)|true|false||Every model is equipped with: bolt pistol; sniper rifle; close combat weapon.|https://wahapedia.ru/wh40k11ed/factions/space-marines/Scout-Sniper-Squad
1524|Sergeant Chronus|SM|Space Marines|Infantry Epic Hero|Space Marines (Warhammer Legends)|true|false||This model is equipped with: bolt pistol; Chronus’ servo-arm.|https://wahapedia.ru/wh40k11ed/factions/space-marines/Sergeant-Chronus
1527|Techmarine on Bike|SM|Space Marines|Mounted Character|Space Marines (Warhammer Legends)|true|false||This model is equipped with: bolt pistol; twin boltgun; Omnissian power axe.|https://wahapedia.ru/wh40k11ed/factions/space-marines/Techmarine-on-Bike
1606|Assault Intercessor Squad|SM|Space Marines|Battleline|Space Marines|false|false||Every model is equipped with: heavy bolt pistol; Astartes chainsword.|https://wahapedia.ru/wh40k11ed/factions/space-marines/Assault-Intercessor-Squad
1607|Land Raider Achilles|SM|Space Marines|Transport|Space Marines (Warhammer Legends)|true|false|This model has a transport capacity of 12 ADEPTUS ASTARTES INFANTRY models. Each Jump Pack, Wulfen, Gravis, Possessed or Terminator model takes up the space of 2 models and each Centurion or Obliterator model takes up the space of 3 models.|This model is equipped with: quad launcher; 2 twin volkite culverins; armoured tracks.|https://wahapedia.ru/wh40k11ed/factions/space-marines/Land-Raider-Achilles
1608|Land Raider Proteus|SM|Space Marines|Transport|Space Marines (Warhammer Legends)|true|false|This model has a transport capacity of 12 Adeptus Astartes Infantry models. Each Jump Pack, Wulfen, Gravis, Possessed or Terminator model takes up the space of 2 models and each Centurion or Obliterator model takes up the space of 3 models.|This model is equipped with: 2 twin lascannons; armoured tracks.|https://wahapedia.ru/wh40k11ed/factions/space-marines/Land-Raider-Proteus
1609|Fire Raptor Gunship|SM|Space Marines|Aircraft|Space Marines (Warhammer Legends)|true|false||This model is equipped with: twin avenger bolt cannon; 2 twin autocannons; 2 twin hellstrike launchers; armoured hull|https://wahapedia.ru/wh40k11ed/factions/space-marines/Fire-Raptor-Gunship
1610|Storm Speeder Thunderstrike|SM|Space Marines|Vehicle|Space Marines|false|false||This model is equipped with: stormfury missiles; Thunderstrike las-talon; twin Icarus rocket pod; close combat weapon.|https://wahapedia.ru/wh40k11ed/factions/space-marines/Storm-Speeder-Thunderstrike
1611|Chief Librarian Tigurius|SM|Space Marines|Infantry Epic Hero|Space Marines|false|false||This model is equipped with: bolt pistol; Storm of the Emperor’s Wrath; Rod of Tigurius.|https://wahapedia.ru/wh40k11ed/factions/space-marines/Chief-Librarian-Tigurius
1666|Falchion|SM|Space Marines|Titanic|Space Marines (Warhammer Legends)|true|false||This model is equipped with: 2 quad lascannons; twin heavy bolter; twin Falchion volcano cannon; armoured tracks.|https://wahapedia.ru/wh40k11ed/factions/space-marines/Falchion
1667|Gladiator Reaper|SM|Space Marines|Vehicle|Space Marines|false|false||This model is equipped with: 2 tempest bolters; twin heavy onslaught gatling cannon; armoured hull.|https://wahapedia.ru/wh40k11ed/factions/space-marines/Gladiator-Reaper
1668|Eliminator Squad|SM|Space Marines|Infantry|Space Marines|false|false||Every model is equipped with: bolt pistol; bolt sniper rifle; close combat weapon.|https://wahapedia.ru/wh40k11ed/factions/space-marines/Eliminator-Squad
1825|Gladiator Valiant|SM|Space Marines|Vehicle|Space Marines|false|false||This model is equipped with: 2 multi-meltas; twin las-talon; armoured hull.|https://wahapedia.ru/wh40k11ed/factions/space-marines/Gladiator-Valiant
1991|Terrax-pattern Termite|SM|Space Marines|Dedicated Transports|Space Marines (Warhammer Legends)|true|false|This model has a transport capacity of 12 Adeptus Astartes Infantry models. It cannot transport Jump Pack, Wulfen, Phobos, Gravis, Centurion, Terminator, Obliterator, Possessed or Tacticus models (excluding TACTICUS CHARACTER models that began the battle attached to a non-TACTICUS unit).|This model is equipped with: Terrax melta cutter; 2 combi-bolters; Termite drill.|https://wahapedia.ru/wh40k11ed/factions/space-marines/Terrax-pattern-Termite
1997|Death Company Marines|SM|Space Marines|Infantry|Blood Angels|false|false||Every model is equipped with: heavy bolt pistol; Astartes chainsword.|https://wahapedia.ru/wh40k11ed/factions/space-marines/Death-Company-Marines
2076|Attack Bike Squad|SM|Space Marines|Mounted|Space Marines (Warhammer Legends)|true|false||Every model is equipped with: bolt pistol; heavy bolter; twin boltgun; close combat weapon.|https://wahapedia.ru/wh40k11ed/factions/space-marines/Attack-Bike-Squad
2098|Hellblaster Squad|SM|Space Marines|Infantry|Space Marines|false|false||Every model is equipped with: bolt pistol; plasma incinerator; close combat weapon.|https://wahapedia.ru/wh40k11ed/factions/space-marines/Hellblaster-Squad
2099|Aggressor Squad|SM|Space Marines|Infantry|Space Marines|false|false||Every model is equipped with: flamestorm gauntlets; twin power fist.|https://wahapedia.ru/wh40k11ed/factions/space-marines/Aggressor-Squad
2100|Adrax Agatone|SM|Space Marines|Infantry Epic Hero|Space Marines|false|false||This model is equipped with: Drakkis; Malleus Noctum.|https://wahapedia.ru/wh40k11ed/factions/space-marines/Adrax-Agatone
2102|Land Speeder Typhoon|SM|Space Marines|Vehicle|Space Marines (Warhammer Legends)|true|false||This model is equipped with: heavy bolter; Typhoon missile launcher; close combat weapon.|https://wahapedia.ru/wh40k11ed/factions/space-marines/Land-Speeder-Typhoon
2103|Command Squad|SM|Space Marines|Infantry|Space Marines (Warhammer Legends)|true|false||The Apothecary is equipped with: bolt pistol; Astartes chainsword. The Company Ancient is equipped with: bolt pistol; close combat weapon. The Company Champion is equipped with: bolt pistol; Champion’s blade; Astartes shield. Each Company Veteran is equipped with: bolt pistol; boltgun, close combat weapon.|https://wahapedia.ru/wh40k11ed/factions/space-marines/Command-Squad
2105|Darnath Lysander|SM|Space Marines|Infantry Epic Hero|Space Marines|false|false||This model is equipped with: 1 Fist of Dorn.|https://wahapedia.ru/wh40k11ed/factions/space-marines/Darnath-Lysander
2173|Land Raider Redeemer|SM|Space Marines|Transport|Space Marines|false|false|This model has a transport capacity of 14 Adeptus Astartes Infantry models. Each Jump Pack, Wulfen, Gravis or Terminator model takes up the space of 2 models and each Centurion model takes up the space of 3 models.|This model is equipped with: 2 flamestorm cannons; twin assault cannon; armoured tracks.|https://wahapedia.ru/wh40k11ed/factions/space-marines/Land-Raider-Redeemer
2202|Devastator Squad|SM|Space Marines|Infantry|Space Marines|false|false||Every model is equipped with: bolt pistol; boltgun; close combat weapon.|https://wahapedia.ru/wh40k11ed/factions/space-marines/Devastator-Squad
2234|Primaris Company Champion|SM|Space Marines|Infantry Character|Space Marines (Warhammer Legends)|true|false||This model is equipped with: bolt pistol; master-crafted power weapon.|https://wahapedia.ru/wh40k11ed/factions/space-marines/Primaris-Company-Champion
2252|Spartan|SM|Space Marines|Transport|Space Marines (Warhammer Legends)|true|false|This model has a transport capacity of 28 ADEPTUS ASTARTES INFANTRY models. Each Jump Pack, Wulfen, Gravis, Possessed or Terminator model takes up the space of 2 models and each Centurion or Obliterator model takes up the space of 3 models.|This model is equipped with: 2 quad lascannons; twin heavy bolter; armoured tracks.|https://wahapedia.ru/wh40k11ed/factions/space-marines/Spartan
2255|Sternguard Veteran Squad|SM|Space Marines|Infantry|Space Marines|false|false||Every model is equipped with: Sternguard bolt pistol; Sternguard bolt rifle; close combat weapon.|https://wahapedia.ru/wh40k11ed/factions/space-marines/Sternguard-Veteran-Squad
2258|Stalker|SM|Space Marines|Vehicle|Space Marines (Warhammer Legends)|true|false||This model is equipped with: 2 Icarus stormcannons; armoured tracks.|https://wahapedia.ru/wh40k11ed/factions/space-marines/Stalker
2266|Librarian|SM|Space Marines|Infantry Character|Space Marines|false|false||This model is equipped with: bolt pistol; Smite; force weapon.|https://wahapedia.ru/wh40k11ed/factions/space-marines/Librarian
2267|Deathstorm Drop Pod|SM|Space Marines|Vehicle|Space Marines (Warhammer Legends)|true|false||This model is equipped with: deathstorm cannon array.|https://wahapedia.ru/wh40k11ed/factions/space-marines/Deathstorm-Drop-Pod
2268|Deimos Predator|SM|Space Marines|Vehicle|Space Marines (Warhammer Legends)|true|false||This model is equipped with: plasma destroyer; armoured tracks.|https://wahapedia.ru/wh40k11ed/factions/space-marines/Deimos-Predator
2269|Deredeo Dreadnought|SM|Space Marines|Walker|Space Marines (Warhammer Legends)|true|false||This model is equipped with: anvilus autocannon battery; twin heavy bolter; armoured feet.|https://wahapedia.ru/wh40k11ed/factions/space-marines/Deredeo-Dreadnought
2270|Desolation Squad|SM|Space Marines|Infantry|Space Marines|false|false||Every model is equipped with: bolt pistol; castellan launcher; superfrag rocket launcher; close combat weapon.|https://wahapedia.ru/wh40k11ed/factions/space-marines/Desolation-Squad
2285|Death Company Marines with Bolt Rifles|SM|Space Marines|Infantry|Blood Angels|false|false||Every model is equipped with: bolt pistol; bolt rifle; close combat weapon.|https://wahapedia.ru/wh40k11ed/factions/space-marines/Death-Company-Marines-with-Bolt-Rifles
2291|Sammael|SM|Space Marines|Mounted Epic Hero|Dark Angels|false|false||This model is equipped with: bolt pistol; master-crafted plasma cannon; twin storm bolter; the Raven Sword.|https://wahapedia.ru/wh40k11ed/factions/space-marines/Sammael
2296|Lazarus|SM|Space Marines|Infantry Epic Hero|Dark Angels|false|false||This model is equipped with: bolt pistol; Enmity’s Edge.|https://wahapedia.ru/wh40k11ed/factions/space-marines/Lazarus
2302|Deathwing Command Squad|SM|Space Marines|Infantry|Dark Angels (Warhammer Legends)|true|false||The Deathwing Ancient is equipped with: storm bolter; power fist. The Deathwing Apothecary is equipped with: storm bolter; chainfist. The Deathwing Champion is equipped with: halberd of Caliban. Every Deathwing Command Terminator is equipped with: storm bolter; power fist.|https://wahapedia.ru/wh40k11ed/factions/space-marines/Deathwing-Command-Squad
2468|Deathwing Strikemaster|SM|Space Marines|Infantry Character|Dark Angels (Warhammer Legends)|true|false||This model is equipped with: storm bolter; master-crafted power weapon.|https://wahapedia.ru/wh40k11ed/factions/space-marines/Deathwing-Strikemaster
2473|Tor Garadon|SM|Space Marines|Infantry Epic Hero|Space Marines|false|false||This model is equipped with: artificer grav-gun; Hand of Defiance.|https://wahapedia.ru/wh40k11ed/factions/space-marines/Tor-Garadon
2530|Lieutenant In Phobos Armour|SM|Space Marines|Infantry Character|Space Marines|false|false||This model is equipped with: bolt pistol; master-crafted scoped bolt carbine; paired combat blades.|https://wahapedia.ru/wh40k11ed/factions/space-marines/Lieutenant-In-Phobos-Armour
2568|Impulsor|SM|Space Marines|Dedicated Transports|Space Marines|false|false|This model has a transport capacity of 7 Tacticus or Phobos Infantry models. It cannot transport Jump Pack models.|This model is equipped with: 2 storm bolters; armoured hull.|https://wahapedia.ru/wh40k11ed/factions/space-marines/Impulsor
2677|Ancient In Terminator Armour|SM|Space Marines|Infantry Character|Space Marines|false|false||This model is equipped with: storm bolter; power fist.|https://wahapedia.ru/wh40k11ed/factions/space-marines/Ancient-In-Terminator-Armour
2678|Chaplain Cassius|SM|Space Marines|Infantry Epic Hero|Space Marines (Warhammer Legends)|true|false||This model is equipped with: Infernus; artificer crozius.|https://wahapedia.ru/wh40k11ed/factions/space-marines/Chaplain-Cassius
2682|Lion El’jonson|SM|Space Marines|Monster Epic Hero|Dark Angels|false|false||This model is equipped with: Arma Luminis; Fealty.|https://wahapedia.ru/wh40k11ed/factions/space-marines/Lion-El-jonson
2700|Astraeus|SM|Space Marines|Titanic|Space Marines (Forge World)|false|false||This model is equipped with: 2 Astraeus las-rippers; ironhail heavy stubber; storm bolter; twin heavy bolter; twin macro-accelerator cannon; armoured hull.|https://wahapedia.ru/wh40k11ed/factions/space-marines/Astraeus
2701|Captain In Phobos Armour|SM|Space Marines|Infantry Character|Space Marines|false|false||This model is equipped with: bolt pistol; instigator bolt carbine; combat knife.|https://wahapedia.ru/wh40k11ed/factions/space-marines/Captain-In-Phobos-Armour
2702|Captain on Bike|SM|Space Marines|Mounted Character|Space Marines (Warhammer Legends)|true|false||This model is equipped with: bolt pistol; twin boltgun; Astartes chainsword.|https://wahapedia.ru/wh40k11ed/factions/space-marines/Captain-on-Bike
2703|Centurion Assault Squad|SM|Space Marines|Infantry|Space Marines|false|false||Every model is equipped with: twin flamer; siege drills; Centurion bolters.|https://wahapedia.ru/wh40k11ed/factions/space-marines/Centurion-Assault-Squad
2704|Fellblade|SM|Space Marines|Titanic|Space Marines (Warhammer Legends)|true|false||This model is equipped with: demolisher cannon; Fellblade accelerator cannon; 2 quad lascannons; twin heavy bolter; armoured tracks.|https://wahapedia.ru/wh40k11ed/factions/space-marines/Fellblade
2705|Gladiator Lancer|SM|Space Marines|Vehicle|Space Marines|false|false||This model is equipped with: Lancer laser destroyer; 2 storm bolters; armoured hull.|https://wahapedia.ru/wh40k11ed/factions/space-marines/Gladiator-Lancer
2706|Ironclad Dreadnought|SM|Space Marines|Walker|Space Marines (Warhammer Legends)|true|false||This model is equipped with: meltagun; storm bolter; Dreadnought combat weapon; seismic hammer.|https://wahapedia.ru/wh40k11ed/factions/space-marines/Ironclad-Dreadnought
2707|Judiciar|SM|Space Marines|Infantry Character|Space Marines|false|false||This model is equipped with: absolvor bolt pistol; executioner relic blade.|https://wahapedia.ru/wh40k11ed/factions/space-marines/Judiciar
2708|Kayvaan Shrike|SM|Space Marines|Infantry Epic Hero|Space Marines|false|false||This model is equipped with: Blackout; the Raven’s Talons.|https://wahapedia.ru/wh40k11ed/factions/space-marines/Kayvaan-Shrike
2709|Kor’sarro Khan|SM|Space Marines|Infantry Epic Hero|Space Marines|false|false||This model is equipped with: bolt pistol; Moonfang.|https://wahapedia.ru/wh40k11ed/factions/space-marines/Kor-sarro-Khan
2710|Land Raider Helios|SM|Space Marines|Transport|Space Marines (Warhammer Legends)|true|false|This model has a transport capacity of 12 Adeptus Astartes Infantry models. Each Jump Pack, Wulfen, Gravis, Possessed or Terminator model takes up the space of 2 models and each Centurion model takes up the space of 3 models.|This model is equipped with: 2 godhammer lascannons; Helios launcher; armoured tracks.|https://wahapedia.ru/wh40k11ed/factions/space-marines/Land-Raider-Helios
2711|Land Speeder|SM|Space Marines|Vehicle|Space Marines|false|false||This model is equipped with: 1 multi-melta; 1 onslaught gatling cannon; 1 stormfury missile launcher; 1 close-combat weapon|https://wahapedia.ru/wh40k11ed/factions/space-marines/Land-Speeder
2712|Outrider Squad|SM|Space Marines|Mounted|Space Marines|false|false||The Outrider Sergeant and every Outrider is equipped with: heavy bolt pistol; twin bolt rifle; Astartes chainsword. An Invader ATV is equipped with: bolt pistol; twin bolt rifle; onslaught gatling cannon; close combat weapon.|https://wahapedia.ru/wh40k11ed/factions/space-marines/Outrider-Squad
2713|Pedro Kantor|SM|Space Marines|Infantry Epic Hero|Space Marines|false|false||This model is equipped with: Dorn’s Arrow; Fist of Retribution.|https://wahapedia.ru/wh40k11ed/factions/space-marines/Pedro-Kantor
2714|Predator Annihilator|SM|Space Marines|Vehicle|Space Marines|false|false||This model is equipped with: Predator twin lascannon; armoured tracks.|https://wahapedia.ru/wh40k11ed/factions/space-marines/Predator-Annihilator
2715|Predator Destructor|SM|Space Marines|Vehicle|Space Marines|false|false||This model is equipped with: Predator autocannon; armoured tracks.|https://wahapedia.ru/wh40k11ed/factions/space-marines/Predator-Destructor
2717|Redemptor Dreadnought|SM|Space Marines|Walker|Space Marines|false|false||This model is equipped with: Twin fragstorm grenade launcher; heavy flamer; heavy onslaught gatling cannon; Redemptor fist.|https://wahapedia.ru/wh40k11ed/factions/space-marines/Redemptor-Dreadnought
2718|Reiver Squad|SM|Space Marines|Infantry|Space Marines|false|false||Every model is equipped with: special issue bolt pistol; combat knife.|https://wahapedia.ru/wh40k11ed/factions/space-marines/Reiver-Squad
2719|Relic Contemptor Dreadnought|SM|Space Marines|Walker|Space Marines (Warhammer Legends)|true|false||This model is equipped with: 2 heavy plasma cannons; armoured feet.|https://wahapedia.ru/wh40k11ed/factions/space-marines/Relic-Contemptor-Dreadnought
2720|Relic Razorback|SM|Space Marines|Dedicated Transports|Space Marines (Warhammer Legends)|true|false|This model has a transport capacity of 6 Adeptus Astartes Infantry models. It cannot transport Jump Pack, Wulfen, Phobos, Gravis, Centurion, Terminator or Tacticus models (except for Tacticus Character models that begin the battle attached to a non-TACTICUS unit).|This model is equipped with: twin heavy bolter; armoured tracks.|https://wahapedia.ru/wh40k11ed/factions/space-marines/Relic-Razorback
2721|Repulsor|SM|Space Marines|Transport|Space Marines|false|false|This model has a transport capacity of 14 Adeptus Astartes Infantry models. Each Jump Pack, Wulfen, Gravis or Terminator model takes up the space of 2 models and each Centurion model takes up the space of 3 models.|This model is equipped with: heavy onslaught gatling cannon; hunter-slayer missile; Repulsor defensive array; twin heavy bolter; armoured hull.|https://wahapedia.ru/wh40k11ed/factions/space-marines/Repulsor
2722|Repulsor Executioner|SM|Space Marines|Transport|Space Marines|false|false|This model has a transport capacity of 7 Adeptus Astartes Infantry models. Each Jump Pack, Wulfen, Gravis or Terminator model takes up the space of 2 models and each Centurion model takes up the space of 3 models.|This model is equipped with: heavy onslaught gatling cannon; macro plasma incinerator; Repulsor Executioner defensive array; twin heavy bolter; twin Icarus ironhail heavy stubber; armoured hull.|https://wahapedia.ru/wh40k11ed/factions/space-marines/Repulsor-Executioner
2723|Rhino|SM|Space Marines|Dedicated Transports|Space Marines|false|false|This model has a transport capacity of 12 ADEPTUS ASTARTES INFANTRY models. It cannot transport JUMP PACK, WULFEN, PHOBOS, GRAVIS, CENTURION, TERMINATOR or TACTICUS models (excluding TACTICUS CHARACTER models that began the battle attached to a non-TACTICUS unit).|This model is equipped with: storm bolter; armoured tracks.|https://wahapedia.ru/wh40k11ed/factions/space-marines/Rhino
2724|Thunderhawk Transporter|SM|Space Marines|Aircraft|Space Marines (Warhammer Legends)|true|false|This model has a transport capacity of 15 ADEPTUS ASTARTES INFANTRY or Adeptus Astartes Mounted models. Each Jump Pack, Wulfen, Gravis or Terminator model takes up the space of 2 models. Each Centurion model takes up the space of 3 models. Each MOUNTED model takes up the space of 4 models. This model can also transport up to 2 Adeptus Astartes Vehicle models (excluding Aircraft and Titanic models). Models embarked within TRANSPORT VEHICLES that are themselves being transported by this model do not count towards the transport capacity of this model.|This model is equipped with: hellstrike missile battery; 4 twin heavy bolters; armoured hull.|https://wahapedia.ru/wh40k11ed/factions/space-marines/Thunderhawk-Transporter
2725|Tyrannic War Veterans|SM|Space Marines|Infantry|Space Marines (Warhammer Legends)|true|false||Every model is equipped with: bolt pistol; boltgun; close combat weapon.|https://wahapedia.ru/wh40k11ed/factions/space-marines/Tyrannic-War-Veterans
2726|Vulkan He’stan|SM|Space Marines|Infantry Epic Hero|Space Marines|false|false||This model is equipped with: 1 bolt pistol; 1 Gauntlet of the Forge; 1 Spear of Vulkan.|https://wahapedia.ru/wh40k11ed/factions/space-marines/Vulkan-He-stan
2727|Whirlwind|SM|Space Marines|Vehicle|Space Marines|false|false||This model is equipped with: Whirlwind vengeance launcher; armoured tracks.|https://wahapedia.ru/wh40k11ed/factions/space-marines/Whirlwind
2728|Whirlwind Scorpius|SM|Space Marines|Vehicle|Space Marines (Warhammer Legends)|true|false||This model is equipped with: Scorpius multi-launcher; armoured tracks.|https://wahapedia.ru/wh40k11ed/factions/space-marines/Whirlwind-Scorpius
2729|Xiphon Interceptor|SM|Space Marines|Aircraft|Space Marines (Warhammer Legends)|true|false||This model is equipped with: 2 twin lascannons; Xiphon missile battery; armoured hull.|https://wahapedia.ru/wh40k11ed/factions/space-marines/Xiphon-Interceptor
2737|Death Company Marines With Jump Packs|SM|Space Marines|Infantry|Blood Angels|false|false||Every model is equipped with: heavy bolt pistol; Astartes chainsword.|https://wahapedia.ru/wh40k11ed/factions/space-marines/Death-Company-Marines-With-Jump-Packs
2738|Sanguinary Priest With Jump Pack|SM|Space Marines|Infantry Character|Blood Angels (Warhammer Legends)|true|false||This model is equipped with: bolt pistol; Astartes chainsword.|https://wahapedia.ru/wh40k11ed/factions/space-marines/Sanguinary-Priest-With-Jump-Pack
2748|Ravenwing Command Squad|SM|Space Marines|Mounted Character|Dark Angels|false|false||The Ravenwing Champion is equipped with: bolt pistol; plasma talon; master-crafted power weapon. Every other model is equipped with: bolt pistol; plasma talon; Black Knight combat weapon.|https://wahapedia.ru/wh40k11ed/factions/space-marines/Ravenwing-Command-Squad
2772|Company Heroes|SM|Space Marines|Infantry|Space Marines|false|false||The Ancient is equipped with: bolt pistol; bolt rifle; close combat weapon. The Company Champion is equipped with: bolt pistol; master-crafted power weapon. One Company Veteran is equipped with: bolt pistol; master-crafted heavy bolter; close combat weapon. One Company Veteran is equipped with: bolt pistol; master-crafted bolt rifle; close combat weapon.|https://wahapedia.ru/wh40k11ed/factions/space-marines/Company-Heroes
2773|Apothecary|SM|Space Marines|Infantry Character|Space Marines|false|false||This model is equipped with: absolvor bolt pistol; reductor pistol; close combat weapon.|https://wahapedia.ru/wh40k11ed/factions/space-marines/Apothecary
2775|Ancient|SM|Space Marines|Infantry Character|Space Marines|false|false||This model is equipped with: bolt pistol; bolt rifle; close combat weapon.|https://wahapedia.ru/wh40k11ed/factions/space-marines/Ancient
2776|Assault Intercessors With Jump Packs|SM|Space Marines|Infantry|Space Marines|false|false||Each model is equipped with: heavy bolt pistol; Astartes chainsword.|https://wahapedia.ru/wh40k11ed/factions/space-marines/Assault-Intercessors-With-Jump-Packs
2779|Spectrus Kill Team|SM|Space Marines|Infantry|Deathwatch|false|false||Every Kill Team Infiltrator is equipped with: bolt pistol; Deathwatch marksman bolt carbine; close combat weapon. Every Kill Team Infiltrator with bolt sniper rifle is equipped with: bolt pistol; bolt sniper rifle; close combat weapon. Every Kill Team Infiltrator with Deathwatch occulus bolt carbine is equipped with: bolt pistol; Deathwatch occulus bolt carbine; paired combat blades. Every Kill Team Infiltrator with combat knife is equipped with: special-issue bolt pistol; combat knife.|https://wahapedia.ru/wh40k11ed/factions/space-marines/Spectrus-Kill-Team
2780|Fortis Kill Team|SM|Space Marines|Infantry|Deathwatch|false|false||The Kill Team Sergeant and every Kill Team Intercessor is equipped with: bolt pistol; Deathwatch bolt rifle; close combat weapon. Every Kill Team Intercessor with plasma incinerator is equipped with: bolt pistol; plasma incinerator; close combat weapon. Every Kill Team Intercessor with heavy bolt pistol is equipped with: heavy bolt pistol; Astartes chainsword. Every Kill Team Intercessor with pyreblaster is equipped with: bolt pistol; pyreblaster; close combat weapon. Every Kill Team Intercessor with superfrag rocket launcher is equipped with: bolt pistol; castellan launcher; superfrag rocket launcher; close combat weapon.|https://wahapedia.ru/wh40k11ed/factions/space-marines/Fortis-Kill-Team
2781|Indomitor Kill Team|SM|Space Marines|Infantry|Deathwatch|false|false||Every Kill Team Heavy Intercessor is equipped with: bolt pistol; Deathwatch heavy bolt rifle; close combat weapon. Every Kill Team Heavy Intercessor with power fists is equipped with: flamestorm gauntlets; twin power fists. Every Kill Team Heavy Intercessor with melta rifle is equipped with: bolt pistol; melta rifle; close combat weapon.|https://wahapedia.ru/wh40k11ed/factions/space-marines/Indomitor-Kill-Team
2783|Deathwatch Veterans|SM|Space Marines|Battleline|Deathwatch|false|false||Every model is equipped with: boltgun; power weapon.|https://wahapedia.ru/wh40k11ed/factions/space-marines/Deathwatch-Veterans
2786|Impulsor|SM|Space Marines|Dedicated Transports|Black Templars|false|false|This model has a transport capacity of 7 Tacticus or Phobos Infantry models. It cannot transport Jump Pack models.|This model is equipped with: 2 storm bolters; armoured hull.|https://wahapedia.ru/wh40k11ed/factions/space-marines/Impulsor-1
2787|Gladiator Lancer|SM|Space Marines|Vehicle|Black Templars|false|false||This model is equipped with: Lancer laser destroyer; 2 storm bolters; armoured hull.|https://wahapedia.ru/wh40k11ed/factions/space-marines/Gladiator-Lancer-1
2788|Gladiator Valiant|SM|Space Marines|Vehicle|Black Templars|false|false||This model is equipped with: 2 multi-meltas; twin las-talon; armoured hull.|https://wahapedia.ru/wh40k11ed/factions/space-marines/Gladiator-Valiant-1
2789|Gladiator Reaper|SM|Space Marines|Vehicle|Black Templars|false|false||This model is equipped with: 2 tempest bolters; twin heavy onslaught gatling cannon; armoured hull.|https://wahapedia.ru/wh40k11ed/factions/space-marines/Gladiator-Reaper-1
2790|Repulsor Executioner|SM|Space Marines|Transport|Black Templars|false|false|This model has a transport capacity of 7 Adeptus Astartes Infantry models. Each Jump Pack, Gravis or Terminator model takes up the space of 2 models and each Centurion model takes up the space of 3 models.|This model is equipped with: heavy onslaught gatling cannon; macro plasma incinerator; Repulsor Executioner defensive array; twin heavy bolter; twin Icarus ironhail heavy stubber; armoured hull.|https://wahapedia.ru/wh40k11ed/factions/space-marines/Repulsor-Executioner-1
2791|Repulsor|SM|Space Marines|Transport|Black Templars|false|false|This model has a transport capacity of 14 Adeptus Astartes Infantry models. Each Jump Pack, Gravis or Terminator model takes up the space of 2 models and each Centurion model takes up the space of 3 models.|This model is equipped with: heavy onslaught gatling cannon; hunter-slayer missile; Repulsor defensive array; twin heavy bolter; armoured hull.|https://wahapedia.ru/wh40k11ed/factions/space-marines/Repulsor-1
2792|Chaplain Grimaldus|SM|Space Marines|Infantry Epic Hero|Black Templars|false|false||* If this unit’s Chaplain Grimaldus model is ever destroyed, all of this unit’s remaining Cenobyte Servitor models are also destroyed. While embarking within a Transport and while embarked within a TRANSPORT, each Cenobyte Servitor model in this unit takes up the space of 0 models. Chaplain Grimaldus is equipped with: plasma pistol; artificer crozius. Every Cenobyte Servitor is equipped with: close combat weapon.|https://wahapedia.ru/wh40k11ed/factions/space-marines/Chaplain-Grimaldus
2793|Castellan|SM|Space Marines|Infantry Character|Black Templars|false|false||This model is equipped with: combi-weapon; master-crafted power weapon.|https://wahapedia.ru/wh40k11ed/factions/space-marines/Castellan
2794|High Marshal Helbrecht|SM|Space Marines|Infantry Epic Hero|Black Templars|false|false||This model is equipped with: Ferocity; Sword of the High Marshals.|https://wahapedia.ru/wh40k11ed/factions/space-marines/High-Marshal-Helbrecht
2795|Emperor’s Champion|SM|Space Marines|Infantry Character|Black Templars|false|false||This model is equipped with: bolt pistol; Black Sword.|https://wahapedia.ru/wh40k11ed/factions/space-marines/Emperor-s-Champion
2796|Marshal|SM|Space Marines|Infantry Character|Black Templars|false|false||This model is equipped with: plasma pistol; master-crafted power weapon.|https://wahapedia.ru/wh40k11ed/factions/space-marines/Marshal
2798|Sword Brethren Squad|SM|Space Marines|Infantry|Black Templars|false|false||Every model is equipped with: heavy bolt pistol; Astartes chainsword.|https://wahapedia.ru/wh40k11ed/factions/space-marines/Sword-Brethren-Squad
2799|Crusader Squad|SM|Space Marines|Battleline|Black Templars|false|false||The Sword Brother is equipped with: heavy bolt pistol; master-crafted power weapon. Every Initiate is equipped with: bolt pistol; bolt rifle; close combat weapon. Every Neophyte is equipped with: bolt pistol; Astartes chainsword.|https://wahapedia.ru/wh40k11ed/factions/space-marines/Crusader-Squad
2801|Venerable Dreadnought|SM|Space Marines|Walker|Space Wolves|false|false||This model is equipped with: assault cannon; storm bolter; Dreadnought combat weapon.|https://wahapedia.ru/wh40k11ed/factions/space-marines/Venerable-Dreadnought-1
2802|Wolf Guard Pack Leader With Jump Pack|SM|Space Marines|Infantry Character|Space Wolves (Warhammer Legends)|true|false||This model is equipped with: bolt pistol; Astartes chainsword.|https://wahapedia.ru/wh40k11ed/factions/space-marines/Wolf-Guard-Pack-Leader-With-Jump-Pack
2803|Wolf Guard Pack Leader In Terminator Armour|SM|Space Marines|Infantry Character|Space Wolves (Warhammer Legends)|true|false||This model is equipped with: storm bolter; power weapon.|https://wahapedia.ru/wh40k11ed/factions/space-marines/Wolf-Guard-Pack-Leader-In-Terminator-Armour
2804|Wolf Guard Pack Leader|SM|Space Marines|Infantry Character|Space Wolves (Warhammer Legends)|true|false||This model is equipped with: bolt pistol; boltgun; close combat weapon.|https://wahapedia.ru/wh40k11ed/factions/space-marines/Wolf-Guard-Pack-Leader
2805|Cyberwolf|SM|Space Marines|Beast Character|Space Wolves (Warhammer Legends)|true|false||This model is equipped with: teeth and claws.|https://wahapedia.ru/wh40k11ed/factions/space-marines/Cyberwolf
2806|Hounds Of Morkai|SM|Space Marines|Infantry|Space Wolves (Warhammer Legends)|true|false||Every model is equipped with: Morkai bolt pistol; Morkai combat knife.|https://wahapedia.ru/wh40k11ed/factions/space-marines/Hounds-Of-Morkai
3698|Inner Circle Companions|SM|Space Marines|Infantry|Dark Angels|false|false||Every Inner Circle Companion is equipped with: heavy bolt pistol; Calibanite greatsword.|https://wahapedia.ru/wh40k11ed/factions/space-marines/Inner-Circle-Companions
3708|Example Wargear|SM|Space Marines|||false|true|||https://wahapedia.ru/wh40k11ed/factions/space-marines/Example-Wargear
3831|Blood Angels Captain|SM|Space Marines|Infantry Character|Blood Angels|false|false||This model is equipped with: heavy bolt pistol; master-crafted chainsword.|https://wahapedia.ru/wh40k11ed/factions/space-marines/Blood-Angels-Captain
3832|Death Company Captain|SM|Space Marines|Infantry Character|Blood Angels|false|false||This model is equipped with: heavy bolt pistol; master-crafted chainsword.|https://wahapedia.ru/wh40k11ed/factions/space-marines/Death-Company-Captain
3833|Death Company Captain with Jump Pack|SM|Space Marines|Infantry Character|Blood Angels|false|false||This model is equipped with: heavy bolt pistol; Astartes chainsword.|https://wahapedia.ru/wh40k11ed/factions/space-marines/Death-Company-Captain-with-Jump-Pack
3835|Death Company Dreadnought with Magna-grapple|SM|Space Marines|Walker|Blood Angels (Warhammer Legends)|true|false||This model is equipped with: meltagun; storm bolter; twin Furioso fists.|https://wahapedia.ru/wh40k11ed/factions/space-marines/Death-Company-Dreadnought-with-Magna-grapple
3836|Death Company Marines with Boltguns|SM|Space Marines|Infantry|Blood Angels (Warhammer Legends)|true|false||Every model is equipped with: boltgun; close combat weapon.|https://wahapedia.ru/wh40k11ed/factions/space-marines/Death-Company-Marines-with-Boltguns
3837|Death Company Marines with Boltguns and Jump Packs|SM|Space Marines|Infantry|Blood Angels (Warhammer Legends)|true|false||Every model is equipped with: boltgun; close combat weapon.|https://wahapedia.ru/wh40k11ed/factions/space-marines/Death-Company-Marines-with-Boltguns-and-Jump-Packs
3871|Watch Master|SM|Space Marines|Infantry Character|Deathwatch|false|false||This model is equipped with: vigil spear.|https://wahapedia.ru/wh40k11ed/factions/space-marines/Watch-Master
3872|Watch Captain Artemis|SM|Space Marines|Infantry Epic Hero|Deathwatch|false|false||This model is equipped with: Hellfire Extremis; master-crafted power weapon.|https://wahapedia.ru/wh40k11ed/factions/space-marines/Watch-Captain-Artemis
3873|Deathwatch Terminator Squad|SM|Space Marines|Infantry|Deathwatch|false|false||Every model is equipped with: power fist; storm bolter.|https://wahapedia.ru/wh40k11ed/factions/space-marines/Deathwatch-Terminator-Squad
3874|Talonstrike Kill Team|SM|Space Marines|Infantry|Deathwatch|false|false||The Kill Team Sergeant with Jump Pack is equipped with: heavy bolt pistol; Astartes chainsword. Every Kill Team Intercessor with Jump Pack is equipped with: heavy bolt pistol; Astartes chainsword. Every Kill Team Heavy Intercessor with Jump Pack is equipped with: assault bolters; close combat weapon.|https://wahapedia.ru/wh40k11ed/factions/space-marines/Talonstrike-Kill-Team
3875|Kill Team Cassius|SM|Space Marines|Infantry Epic Hero|Imperial Agents (Warhammer Legends)|true|false|||https://wahapedia.ru/wh40k11ed/factions/space-marines/Kill-Team-Cassius
4129|Wolf Priest|SM|Space Marines|Infantry Character|Space Wolves|false|false||This model is equipped with: absolvor bolt pistol; crozius arcanum.|https://wahapedia.ru/wh40k11ed/factions/space-marines/Wolf-Priest
4130|Wolf Guard Battle Leader|SM|Space Marines|Infantry Character|Space Wolves|false|false||This model is equipped with: master-crafted power weapon; storm shield.|https://wahapedia.ru/wh40k11ed/factions/space-marines/Wolf-Guard-Battle-Leader
4131|Wolf Guard Headtakers|SM|Space Marines|Infantry|Space Wolves|false|false||Every Wolf Guard Headtaker is equipped with: heavy bolt pistol; master-crafted power weapon; storm shield. Every Hunting Wolf is equipped with: teeth and claws.|https://wahapedia.ru/wh40k11ed/factions/space-marines/Wolf-Guard-Headtakers
4132|Wulfen with Storm Shields|SM|Space Marines|Infantry|Space Wolves|false|false||Every model is equipped with: thunder hammer; death totem.|https://wahapedia.ru/wh40k11ed/factions/space-marines/Wulfen-with-Storm-Shields
4133|Wulfen Dreadnought|SM|Space Marines|Walker|Space Wolves|false|false||This model is equipped with: storm bolter; Fenrisian greataxe; great wolf claw.|https://wahapedia.ru/wh40k11ed/factions/space-marines/Wulfen-Dreadnought-1
4135|Execrator|SM|Space Marines|Infantry Character|Black Templars|false|false||This model is equipped with: absolvor bolt pistol; crozius arcanum.|https://wahapedia.ru/wh40k11ed/factions/space-marines/Execrator
4136|Crusade Ancient|SM|Space Marines|Infantry Character|Black Templars|false|false||This model is equipped with: bolt pistol; master-crafted power weapon.|https://wahapedia.ru/wh40k11ed/factions/space-marines/Crusade-Ancient
4137|Sternguard Veteran Squad|SM|Space Marines|Infantry|Black Templars|false|false||Every model is equipped with: Sternguard bolt pistol; Sternguard bolt rifle; close combat weapon.|https://wahapedia.ru/wh40k11ed/factions/space-marines/Sternguard-Veteran-Squad-1
4138|Terminator Squad|SM|Space Marines|Infantry|Black Templars|false|false||Every model is equipped with: storm bolter; power fist.|https://wahapedia.ru/wh40k11ed/factions/space-marines/Terminator-Squad-1
4139|Land Raider Crusader|SM|Space Marines|Transport|Black Templars|false|false|This model has a transport capacity of 16 Adeptus Astartes Infantry models. Each Jump Pack, Gravis or TERMiNATOR model takes up the space of 2 models and each Centurion model takes up the space of 3 models.|This model is equipped with: 2 hurricane bolters; twin assault cannon; armoured tracks.|https://wahapedia.ru/wh40k11ed/factions/space-marines/Land-Raider-Crusader-1
4148|Aethon Shaan|SM|Space Marines|Infantry Epic Hero|Space Marines|false|false||This model is equipped with: 1 heavy bolt pistol; 1 Claws of Severax.|https://wahapedia.ru/wh40k11ed/factions/space-marines/Aethon-Shaan
4166|Caanok Var|SM|Space Marines|Infantry Epic Hero|Space Marines|false|false||This model is equipped with: 1 storm bolter; 1 Axiom|https://wahapedia.ru/wh40k11ed/factions/space-marines/Caanok-Var
4167|Suboden Khan|SM|Space Marines|Mounted Epic Hero|Space Marines|false|false||This model is equipped with: 1 heavy bolt pistol; 1 onslaught gatling cannon; Stormtooth; power sword.|https://wahapedia.ru/wh40k11ed/factions/space-marines/Suboden-Khan
4175|Decimus Kill Team|SM|Space Marines|Battleline|Deathwatch|false|false||The Kill Team Sergeant is equipped with: plasma pistol; power weapon. Each Gravis Veteran is equipped with: infernus heavy bolter; bolt pistol; close combat weapon. For every 5 models in the unit, 1 Deathwatch Veteran is equipped with: stalker bolt rifle; bolt pistol; close combat weapon. For every 5 models in the unit, 1 Deathwatch Veteran is equipped with: bolt pistol; heavy thunder hammer. For every 5 models in the unit, 1 Deathwatch Veteran is equipped with: Deathwatch marksman bolt carbine; special-issue bolt pistol; close combat weapon. If the unit contains 10 models, 1 Deathwatch Veteran is equipped with: special-issue bolt pistol; xenophase blade.|https://wahapedia.ru/wh40k11ed/factions/space-marines/Decimus-Kill-Team
4182|Wolf Scouts|SM|Space Marines|Infantry|Space Wolves|false|false||The Wolf Scout Pack Leader model is equipped with: plasma pistol; power weapon. Every Wolf Scout model is equipped with: plasma pistol; combat blade. Every Hunting Wolf model is equipped with: teeth and claws.|https://wahapedia.ru/wh40k11ed/factions/space-marines/Wolf-Scouts-1
4183|Marneus Calgar in Armour of Antilochus|SM|Space Marines|Infantry Epic Hero|Space Marines|false|false||This model is equipped with: 1 Gauntlets of Ultramar.|https://wahapedia.ru/wh40k11ed/factions/space-marines/Marneus-Calgar-in-Armour-of-Antilochus
4184|Cato Sicarius|SM|Space Marines|Infantry Epic Hero|Space Marines|false|false||This model is equipped with: 1 artisan plasma pistol; 1 Talassarian tempest blade.|https://wahapedia.ru/wh40k11ed/factions/space-marines/Cato-Sicarius
4185|Victrix Honour Guard|SM|Space Marines|Infantry Epic Hero|Space Marines|false|false||The Chapter Ancient is equipped with: 1 master-crafted power weapon; banner of Macragge. The Chapter Champion is equipped with: 1 blades of honour. Each Victrix Honour Guard model is equipped with: 1 master-crafted bolt carbine; 1 master-crafted power weapon.|https://wahapedia.ru/wh40k11ed/factions/space-marines/Victrix-Honour-Guard
4187|Captain Titus|SM|Space Marines|Infantry Epic Hero|Space Marines|false|false||This model is equipped with: bolt pistol; master-crafted bolter; master-crafted chainsword.|https://wahapedia.ru/wh40k11ed/factions/space-marines/Captain-Titus
4188|Wardens of Ultramar|SM|Space Marines|Infantry Epic Hero|Space Marines|false|false||Ancient Gadriel is equipped with: bolt rifle; close combat weapon. Veteran Sergeant Metaurus is equipped with: heavy bolt pistol; master-crafted power weapon; storm shield. Gaius Silva is equipped with: archeotech laspistol; power weapon; refractor field. Aemelia Minervas is equipped with: archeotech laspistol; power weapon. Dainal Kornelius is equipped with: Astropathic Blast; force stave. Lucia Vestha is equipped with: archeotech laspistol; close combat weapon.|https://wahapedia.ru/wh40k11ed/factions/space-marines/Wardens-of-Ultramar-1
4204|Ferren Areios|SM|Space Marines|Infantry Epic Hero|Space Marines (Warhammer Legends)|true|false||This model is equipped with: heavy bolt pistol; relic thunder hammer.|https://wahapedia.ru/wh40k11ed/factions/space-marines/Ferren-Areios
4231|Eradicator Squad with Heavy Bolters|SM|Space Marines|Infantry|Space Marines|false|false||Every model is equipped with: 1 bolt pistol; 1 heavy bolter; 1 close-combat weapon|https://wahapedia.ru/wh40k11ed/factions/space-marines/Eradicator-Squad-with-Heavy-Bolters
4232|Wolf Guard Battle Leader In Terminator Armour|SM|Space Marines|Infantry Character|Space Wolves (Warhammer Legends)|true|false||This model is equipped with: storm bolter; power weapon.|https://wahapedia.ru/wh40k11ed/factions/space-marines/Wolf-Guard-Battle-Leader-In-Terminator-Armour
4233|Wolf Guard Battle Leader On Thunderwolf|SM|Space Marines|Mounted Character|Space Wolves (Warhammer Legends)|true|false||This model is equipped with: bolt pistol; crushing teeth and claws; relic weapon.|https://wahapedia.ru/wh40k11ed/factions/space-marines/Wolf-Guard-Battle-Leader-On-Thunderwolf
4234|Company Champion on Bike|SM|Space Marines|Mounted Character|Space Marines (Warhammer Legends)|true|false||This model is equipped with: bolt pistol; twin boltgun; master-crafted power weapon.|https://wahapedia.ru/wh40k11ed/factions/space-marines/Company-Champion-on-Bike
402|Commander In Coldstar Battlesuit|TAU|T’au Empire|Vehicle Character|T’au Empire|false|false||This model is equipped with: high-output burst cannon; battlesuit fists.|https://wahapedia.ru/wh40k11ed/factions/t-au-empire/Commander-In-Coldstar-Battlesuit
404|Ethereal|TAU|T’au Empire|Infantry Character|T’au Empire|false|false||This model is equipped with: honour stave.|https://wahapedia.ru/wh40k11ed/factions/t-au-empire/Ethereal
405|Cadre Fireblade|TAU|T’au Empire|Infantry Character|T’au Empire|false|false||This model is equipped with: Fireblade pulse rifle; close combat weapon.|https://wahapedia.ru/wh40k11ed/factions/t-au-empire/Cadre-Fireblade
406|Commander Farsight|TAU|T’au Empire|Vehicle Epic Hero|T’au Empire|false|false||This model is equipped with: high-intensity plasma rifle; Dawn Blade.|https://wahapedia.ru/wh40k11ed/factions/t-au-empire/Commander-Farsight
407|Commander Shadowsun|TAU|T’au Empire|Infantry Epic Hero|T’au Empire|false|false||This model is equipped with: flechette launcher; 2 high-energy fusion blasters; light missile pod; pulse pistol; battlesuit fists; advanced guardian drone; command-link drone.|https://wahapedia.ru/wh40k11ed/factions/t-au-empire/Commander-Shadowsun
408|Aun’shi|TAU|T’au Empire|Infantry Epic Hero|T’au Empire (Warhammer Legends)|true|false||This model is equipped with: Fidelity.|https://wahapedia.ru/wh40k11ed/factions/t-au-empire/Aun-shi
409|Aun’va|TAU|T’au Empire|Infantry Epic Hero|T’au Empire (Warhammer Legends)|true|false||Aun’Va is equipped with: close combat weapon. Each Ethereal Guard is equipped with: supreme honour blade.|https://wahapedia.ru/wh40k11ed/factions/t-au-empire/Aun-va
410|Darkstrider|TAU|T’au Empire|Infantry Epic Hero|T’au Empire|false|false||This model is equipped with: Shade; close combat weapon.|https://wahapedia.ru/wh40k11ed/factions/t-au-empire/Darkstrider
411|Strike Team|TAU|T’au Empire|Battleline|T’au Empire|false|false||Every model is equipped with: pulse pistol; pulse rifle; close combat weapon.|https://wahapedia.ru/wh40k11ed/factions/t-au-empire/Strike-Team
412|Breacher Team|TAU|T’au Empire|Battleline|T’au Empire|false|false||Every model is equipped with: pulse blaster; pulse pistol; close combat weapon.|https://wahapedia.ru/wh40k11ed/factions/t-au-empire/Breacher-Team
413|Kroot Carnivores|TAU|T’au Empire|Infantry|T’au Empire|false|false||The 1 Long-quill is equipped with: Kroot pistol; Kroot rifle; close combat weapon. Every Kroot Carnivore is equipped with: Kroot rifle; close combat weapon.|https://wahapedia.ru/wh40k11ed/factions/t-au-empire/Kroot-Carnivores
414|Krootox Riders|TAU|T’au Empire|Mounted|T’au Empire|false|false||Every model is equipped with: repeater cannon; close combat weapon; Krootox fists.|https://wahapedia.ru/wh40k11ed/factions/t-au-empire/Krootox-Riders
415|Kroot Hounds|TAU|T’au Empire|Beast|T’au Empire|false|false||Every model is equipped with: ripping fangs.|https://wahapedia.ru/wh40k11ed/factions/t-au-empire/Kroot-Hounds
417|Stealth Battlesuits|TAU|T’au Empire|Infantry|T’au Empire|false|false||Every model is equipped with: burst cannon; battlesuit fists.|https://wahapedia.ru/wh40k11ed/factions/t-au-empire/Stealth-Battlesuits
418|Crisis Battlesuits|TAU|T’au Empire|Walker|T’au Empire (Warhammer Legends)|true|false||Every model is equipped with: burst cannon; battlesuit fists.|https://wahapedia.ru/wh40k11ed/factions/t-au-empire/Crisis-Battlesuits
420|Ghostkeel Battlesuit|TAU|T’au Empire|Walker|T’au Empire|false|false||This model is equipped with: fusion collider; twin T’au flamer; Ghostkeel fists.|https://wahapedia.ru/wh40k11ed/factions/t-au-empire/Ghostkeel-Battlesuit
421|Riptide Battlesuit|TAU|T’au Empire|Walker|T’au Empire|false|false||This model is equipped with: heavy burst cannon; twin plasma rifle; Riptide fists.|https://wahapedia.ru/wh40k11ed/factions/t-au-empire/Riptide-Battlesuit
422|Pathfinder Team|TAU|T’au Empire|Infantry|T’au Empire|false|false||Every model is equipped with: pulse carbine; pulse pistol; close combat weapon.|https://wahapedia.ru/wh40k11ed/factions/t-au-empire/Pathfinder-Team
423|Piranhas|TAU|T’au Empire|Vehicle|T’au Empire|false|false||Every model is equipped with: Piranha burst cannon; 2 twin pulse carbines; armoured hull.|https://wahapedia.ru/wh40k11ed/factions/t-au-empire/Piranhas
424|Devilfish|TAU|T’au Empire|Dedicated Transports|T’au Empire|false|false|This model has a transport capacity of 12 T’au Empire Infantry models. It cannot transport Battlesuit, Kroot or Vespid Stingwings models.|This model is equipped with: accelerator burst cannon; 2 twin pulse carbines; armoured hull.|https://wahapedia.ru/wh40k11ed/factions/t-au-empire/Devilfish
425|Razorshark Strike Fighter|TAU|T’au Empire|Aircraft|T’au Empire|false|false||This model is equipped with: accelerator burst cannon; quad ion turret; 2 seeker missiles; armoured hull.|https://wahapedia.ru/wh40k11ed/factions/t-au-empire/Razorshark-Strike-Fighter
426|Sun Shark Bomber|TAU|T’au Empire|Aircraft|T’au Empire|false|false||This model is equipped with: missile pod; 2 seeker missiles; 2 twin ion rifles; armoured hull.|https://wahapedia.ru/wh40k11ed/factions/t-au-empire/Sun-Shark-Bomber
427|Vespid Stingwings|TAU|T’au Empire|Infantry|T’au Empire|false|false||Every model is equipped with: neutron blaster; stingwing claws.|https://wahapedia.ru/wh40k11ed/factions/t-au-empire/Vespid-Stingwings
428|Firesight Team|TAU|T’au Empire|Infantry Character|T’au Empire|false|false||This model is equipped with: longshot pulse rifles; pulse pistol; close combat weapons. Designer’s Note: The Firesight Marksman model and sniper drone models are treated as a single model for all rules purposes. All distances are measured to and from the Farsight Marksman model. The sniper drone models do not count as models for any rules purposes.|https://wahapedia.ru/wh40k11ed/factions/t-au-empire/Firesight-Team
430|Sky Ray Gunship|TAU|T’au Empire|Vehicle|T’au Empire|false|false||This model is equipped with: 1 seeker missile rack; 2 twin pulse carbines; armoured hull.|https://wahapedia.ru/wh40k11ed/factions/t-au-empire/Sky-Ray-Gunship
431|Longstrike|TAU|T’au Empire|Vehicle Epic Hero|T’au Empire (Warhammer Legends)|true|false||This model is equipped with: 2 twin pulse carbines; railgun; armoured hull.|https://wahapedia.ru/wh40k11ed/factions/t-au-empire/Longstrike
432|Hammerhead Gunship|TAU|T’au Empire|Vehicle|T’au Empire|false|false||This model is equipped with: 1 railgun; 2 twin pulse carbines; armoured hull.|https://wahapedia.ru/wh40k11ed/factions/t-au-empire/Hammerhead-Gunship
433|Broadside Battlesuits|TAU|T’au Empire|Walker|T’au Empire|false|false||Every model is equipped with: heavy rail rifle; crushing bulk.|https://wahapedia.ru/wh40k11ed/factions/t-au-empire/Broadside-Battlesuits
434|Stormsurge|TAU|T’au Empire|Titanic|T’au Empire|false|false||This model is equipped with: cluster rocket system; destroyer missiles; pulse driver cannon; 2 twin smart missile system; twin T’au flamer; thunderous footfalls.|https://wahapedia.ru/wh40k11ed/factions/t-au-empire/Stormsurge
435|Tidewall Droneport|TAU|T’au Empire|Fortifications|T’au Empire|false|false|This model has a transport capacity of 11 T’au Empire Infantry models. It cannot transport Battlesuit, Kroot or Vespid Stingwings models.|This model is equipped with: drone defenders.|https://wahapedia.ru/wh40k11ed/factions/t-au-empire/Tidewall-Droneport
436|Tidewall Shieldline|TAU|T’au Empire|Fortifications|T’au Empire|false|false|This model has a transport capacity of 11 T’au Empire Infantry models. It cannot transport Battlesuit, Kroot or Vespid Stingwings models. If this model is equipped with a Tidewall defence platform, it has a transport capacity of 22 T’au Infantry models instead.|This model can be equipped with 1 Tidewall defence platform|https://wahapedia.ru/wh40k11ed/factions/t-au-empire/Tidewall-Shieldline
437|Tidewall Gunrig|TAU|T’au Empire|Fortifications|T’au Empire|false|false|This model has a transport capacity of 11 T’au Empire Infantry models. It cannot transport Battlesuit, Kroot or Vespid Stingwings models.|This model is equipped with: supremacy railgun.|https://wahapedia.ru/wh40k11ed/factions/t-au-empire/Tidewall-Gunrig
439|Shas’o R’alai|TAU|T’au Empire|Vehicle Epic Hero|T’au Empire (Warhammer Legends)|true|false||This model is equipped with: experimental pulse submunitions rifle; battlesuit fists; blacklight marker drones.|https://wahapedia.ru/wh40k11ed/factions/t-au-empire/Shas-o-R-alai
443|Xv9 Hazard Battlesuits|TAU|T’au Empire|Walker|T’au Empire (Warhammer Legends)|true|false||Every model is equipped with: fusion cascade; twin hazard burst cannon; battlesuit fists.|https://wahapedia.ru/wh40k11ed/factions/t-au-empire/Xv9-Hazard-Battlesuits
444|Y’vahra Battlesuit|TAU|T’au Empire|Walker|T’au Empire (Warhammer Legends)|true|false||This model is equipped with: flechette pod; ionic discharge cannon; phased plasma-flamer; battlesuit fists.|https://wahapedia.ru/wh40k11ed/factions/t-au-empire/Y-vahra-Battlesuit
445|R’varna Battlesuit|TAU|T’au Empire|Walker|T’au Empire (Warhammer Legends)|true|false||This model is equipped with: 2 pulse submunitions cannons; battlesuit fists.|https://wahapedia.ru/wh40k11ed/factions/t-au-empire/R-varna-Battlesuit
446|Ta’unar Supremacy Armour|TAU|T’au Empire|Titanic|T’au Empire (Forge World)|false|false||This model is equipped with: 4 burst cannons; fusion eradicator; 3 pulse ordnance drivers; 4 smart missile systems; tri-axis ion cannon; crushing feet.|https://wahapedia.ru/wh40k11ed/factions/t-au-empire/Ta-unar-Supremacy-Armour
447|Tetras|TAU|T’au Empire|Vehicle|T’au Empire (Warhammer Legends)|true|false||Every model is equipped with: 2 pulse rifles; close combat weapons.|https://wahapedia.ru/wh40k11ed/factions/t-au-empire/Tetras
448|Tx42 Piranha|TAU|T’au Empire|Vehicle|T’au Empire (Warhammer Legends)|true|false||This model is equipped with: 2 plasma rifles; armoured hull.|https://wahapedia.ru/wh40k11ed/factions/t-au-empire/Tx42-Piranha
449|Heavy Gun Drones|TAU|T’au Empire|Vehicle|T’au Empire (Warhammer Legends)|true|false||Every model is equipped with: burst cannon; markerlight; close combat weapon.|https://wahapedia.ru/wh40k11ed/factions/t-au-empire/Heavy-Gun-Drones
452|Remora Stealth Drones|TAU|T’au Empire|Vehicle|T’au Empire (Warhammer Legends)|true|false||Every model is equipped with: twin long-barrelled burst cannons; 2 Remora seeker missiles; close combat weapon.|https://wahapedia.ru/wh40k11ed/factions/t-au-empire/Remora-Stealth-Drones
453|Barracuda|TAU|T’au Empire|Aircraft|T’au Empire (Warhammer Legends)|true|false||This model is equipped with: 2 long-barrelled burst cannons; swiftstrike burst cannon; 2 missile pods; armoured hull.|https://wahapedia.ru/wh40k11ed/factions/t-au-empire/Barracuda
454|Tiger Shark|TAU|T’au Empire|Aircraft|T’au Empire (Forge World)|false|false||This model is equipped with: 2 burst cannons; 2 ion cannons; 2 missile pods; armoured hull; transport bay.|https://wahapedia.ru/wh40k11ed/factions/t-au-empire/Tiger-Shark
455|AX-1-0 Tiger Shark|TAU|T’au Empire|Aircraft|T’au Empire (Forge World)|false|false||This model is equipped with: 2 burst cannons; 2 missile pods; twin heavy rail cannon; armoured hull.|https://wahapedia.ru/wh40k11ed/factions/t-au-empire/AX-1-0-Tiger-Shark
456|Orca Dropship|TAU|T’au Empire|Aircraft|T’au Empire (Warhammer Legends)|true|false|This model has a transport capacity of 48 T’au Empire Infantry models. This model can also transport up to 6 Battlesuit models (these models take up the space of a number of models equal to their Wounds characteristic, e.g. a Battlesuit with a Wounds characteristic of 8 would take up the space of 8 models). This model cannot transport Kroot or Vespid Stingwings models.|This model is equipped with: 2 long-barrelled burst cannons; missile pod; armoured hull.|https://wahapedia.ru/wh40k11ed/factions/t-au-empire/Orca-Dropship
457|Manta|TAU|T’au Empire|Aircraft|T’au Empire (Forge World)|false|false|This model has a transport capacity of all of the following: • 200 T’au Empire Infantry or TACTICAL DRONE models • 4 Devilfish, Sky Ray Gunship or Hammerhead models • 8 Battlesuit models with a Wounds characteristic of 9 or less|This model is equipped with: 2 heavy rail cannons; 6 ion cannons; 2 long-barrelled burst cannon arrays; 2 missile pods; 10 seeker missiles; armoured hull.|https://wahapedia.ru/wh40k11ed/factions/t-au-empire/Manta
458|Remote Sensor Tower|TAU|T’au Empire|Fortifications|T’au Empire (Warhammer Legends)|true|false||This model is equipped with: nothing.|https://wahapedia.ru/wh40k11ed/factions/t-au-empire/Remote-Sensor-Tower
459|Drone Sentry Turret|TAU|T’au Empire|Fortifications|T’au Empire (Warhammer Legends)|true|false||This model is equipped with: twin plasma rifle.|https://wahapedia.ru/wh40k11ed/factions/t-au-empire/Drone-Sentry-Turret
1391|Knarloc Riders|TAU|T’au Empire|Mounted|T’au Empire (Warhammer Legends)|true|false||Every model is equipped with: Kroot rifle; Knarloc beak and talons.|https://wahapedia.ru/wh40k11ed/factions/t-au-empire/Knarloc-Riders
1392|Great Knarloc|TAU|T’au Empire|Monster|T’au Empire (Warhammer Legends)|true|false||This model is equipped with: Great Knarloc beak and talons.|https://wahapedia.ru/wh40k11ed/factions/t-au-empire/Great-Knarloc
1477|Commander In Crisis Battlesuit|TAU|T’au Empire|Vehicle Character|T’au Empire (Warhammer Legends)|true|false||This model is equipped with: burst cannon; battlesuit fists.|https://wahapedia.ru/wh40k11ed/factions/t-au-empire/Commander-In-Crisis-Battlesuit
1478|Commander In Enforcer Battlesuit|TAU|T’au Empire|Vehicle Character|T’au Empire|false|false||This model is equipped with: burst cannon; battlesuit fists.|https://wahapedia.ru/wh40k11ed/factions/t-au-empire/Commander-In-Enforcer-Battlesuit
2588|Kroot Farstalkers|TAU|T’au Empire|Infantry|T’au Empire|false|false||The Kroot Kill-broker is equipped with: Farstalker firearm; Kroot pistol; ritual blade. Every Kroot Farstalker is equipped with: Farstalker firearm; Kroot pistol; close combat weapon. Every Kroot Hound is equipped with: ripping fangs.|https://wahapedia.ru/wh40k11ed/factions/t-au-empire/Kroot-Farstalkers
3699|Crisis Sunforge Battlesuits|TAU|T’au Empire|Walker|T’au Empire|false|false||Every model is equipped with: 2 fusion blasters; battlesuit fists.|https://wahapedia.ru/wh40k11ed/factions/t-au-empire/Crisis-Sunforge-Battlesuits
3700|Crisis Fireknife Battlesuits|TAU|T’au Empire|Walker|T’au Empire|false|false||Every model is equipped with: plasma rifle; missile pod; battlesuit fists.|https://wahapedia.ru/wh40k11ed/factions/t-au-empire/Crisis-Fireknife-Battlesuits
3701|Crisis Starscythe Battlesuits|TAU|T’au Empire|Walker|T’au Empire|false|false||Every model is equipped with: burst cannon; T’au flamer; battlesuit fists.|https://wahapedia.ru/wh40k11ed/factions/t-au-empire/Crisis-Starscythe-Battlesuits
3702|Kroot Trail Shaper|TAU|T’au Empire|Infantry Character|T’au Empire|false|false||This model is equipped with: Kroot rifle; Shaper’s blade.|https://wahapedia.ru/wh40k11ed/factions/t-au-empire/Kroot-Trail-Shaper
3703|Kroot War Shaper|TAU|T’au Empire|Infantry Character|T’au Empire|false|false||This model is equipped with: dart-bow and tri-blade; Kroot pistol; Shaper’s blade.|https://wahapedia.ru/wh40k11ed/factions/t-au-empire/Kroot-War-Shaper
3704|Kroot Flesh Shaper|TAU|T’au Empire|Infantry Character|T’au Empire|false|false||This model is equipped with: Kroot scattergun; twin ritualistic blades.|https://wahapedia.ru/wh40k11ed/factions/t-au-empire/Kroot-Flesh-Shaper
3705|Kroot Lone-Spear|TAU|T’au Empire|Mounted Character|T’au Empire|false|false||This model is equipped with: Kroot long gun; close combat weapon; Kalamandra’s bite.|https://wahapedia.ru/wh40k11ed/factions/t-au-empire/Kroot-Lone-Spear
3706|Krootox Rampagers|TAU|T’au Empire|Mounted|T’au Empire|false|false||Every model is equipped with: Kroot pistol and hunting javelins; hunting blades; Rampager fists.|https://wahapedia.ru/wh40k11ed/factions/t-au-empire/Krootox-Rampagers
4203|The Twin Lance|TAU|T’au Empire|Vehicle Epic Hero|T’au Empire|false|false||Ri’Lantar is equipped with: 1 fusion eliminator; 1 XV pulse pistol; 1 shardstorm burst system; 1 MV15 gun drone. Ri’Locai is equipped with: 1 ion scattercannon; 1 XV pulse pistol; 1 shardstorm burst system; 1 MV15 gun drone.|https://wahapedia.ru/wh40k11ed/factions/t-au-empire/The-Twin-Lance
867|Warhound Titan|TL|Adeptus Titanicus|Titanic|Adeptus Titanicus (Forge World)|false|false||This model is equipped with: Warhound plasma blastgun; Warhound vulcan mega-bolter; Warhound feet.|https://wahapedia.ru/wh40k11ed/factions/adeptus-titanicus/Warhound-Titan
868|Reaver Titan|TL|Adeptus Titanicus|Titanic|Adeptus Titanicus (Forge World)|false|false||This model is equipped with: Reaver apocalypse launcher; Reaver gatling blaster; Reaver laser blaster; Reaver feet.|https://wahapedia.ru/wh40k11ed/factions/adeptus-titanicus/Reaver-Titan
869|Warlord Titan|TL|Adeptus Titanicus|Titanic|Adeptus Titanicus (Forge World)|false|false||This model is equipped with: 2 apocalypse launchers; 2 ardex-defensor lascannons; 2 ardex-defensor maulers; macro gatling blaster; arioch power claw; Warlord feet.|https://wahapedia.ru/wh40k11ed/factions/adeptus-titanicus/Warlord-Titan
2077|Warbringer Nemesis Titan|TL|Adeptus Titanicus|Titanic|Adeptus Titanicus (Forge World)|false|false||This model is equipped with: 2 anvillus defence batteries; 3 ardex-defensor maulers; Nemesis quake cannon; Reaver gatling blaster; Reaver laser blaster; Nemesis feet.|https://wahapedia.ru/wh40k11ed/factions/adeptus-titanicus/Warbringer-Nemesis-Titan
1016|Sorcerer|TS|Thousand Sons|Infantry Character|Thousand Sons|false|false||This model is equipped with: inferno bolt pistol; Pandaemonic Delusion; force weapon.|https://wahapedia.ru/wh40k11ed/factions/thousand-sons/Sorcerer
1017|Sorcerer In Terminator Armour|TS|Thousand Sons|Infantry Character|Thousand Sons|false|false||This model is equipped with: Gaze of Hate; inferno combi-bolter; force weapon.|https://wahapedia.ru/wh40k11ed/factions/thousand-sons/Sorcerer-In-Terminator-Armour
1020|Rubric Marines|TS|Thousand Sons|Battleline|Thousand Sons|false|false||The Aspiring Sorcerer is equipped with: inferno bolt pistol; Malefic Curse; force weapon. Every Rubric Marine is equipped with: inferno boltgun; close combat weapon.|https://wahapedia.ru/wh40k11ed/factions/thousand-sons/Rubric-Marines
1021|Helbrute|TS|Thousand Sons|Walker|Thousand Sons|false|false||This model is equipped with: missile launcher; multi-melta; close combat weapon.|https://wahapedia.ru/wh40k11ed/factions/thousand-sons/Helbrute
1022|Chaos Rhino|TS|Thousand Sons|Dedicated Transports|Thousand Sons|false|false|This model has a transport capacity of 12 Thousand Sons Infantry models (excluding TERMiNATOR models).|This model is equipped with: inferno combi-bolter; armoured tracks.|https://wahapedia.ru/wh40k11ed/factions/thousand-sons/Chaos-Rhino
1023|Chaos Spawn|TS|Thousand Sons|Beast|Thousand Sons|false|false||Every model is equipped with: hideous mutations.|https://wahapedia.ru/wh40k11ed/factions/thousand-sons/Chaos-Spawn
1024|Heldrake|TS|Thousand Sons|Vehicle|Thousand Sons|false|false||This model is equipped with: Hades autocannon; Heldrake claws.|https://wahapedia.ru/wh40k11ed/factions/thousand-sons/Heldrake
1025|Chaos Land Raider|TS|Thousand Sons|Transport|Thousand Sons|false|false|This model has a transport capacity of 14 Thousand Sons Infantry models. Each Terminator model takes up the space of 2 models.|This model is equipped with: 2 soulshatter lascannons; twin inferno heavy bolter; armoured tracks.|https://wahapedia.ru/wh40k11ed/factions/thousand-sons/Chaos-Land-Raider
1026|Chaos Predator Destructor|TS|Thousand Sons|Vehicle|Thousand Sons|false|false||This model is equipped with: Predator autocannon; armoured tracks.|https://wahapedia.ru/wh40k11ed/factions/thousand-sons/Chaos-Predator-Destructor
1027|Chaos Vindicator|TS|Thousand Sons|Vehicle|Thousand Sons|false|false||This model is equipped with: demolisher cannon; armoured tracks.|https://wahapedia.ru/wh40k11ed/factions/thousand-sons/Chaos-Vindicator
1028|Forgefiend|TS|Thousand Sons|Walker|Thousand Sons|false|false||This model is equipped with: 2 Hades autocannons; 1 Forgefiend jaws.|https://wahapedia.ru/wh40k11ed/factions/thousand-sons/Forgefiend
1029|Maulerfiend|TS|Thousand Sons|Walker|Thousand Sons|false|false||This model is equipped with: lasher tendrils; Maulerfiend fists.|https://wahapedia.ru/wh40k11ed/factions/thousand-sons/Maulerfiend
1030|Defiler|TS|Thousand Sons|Walker|Thousand Sons|false|false||This model is equipped with: 1 Hades battle cannon; 2 excruciator cannons; 1 heavy missile launcher; 1 heavy baleflamer; 1 shearing claws|https://wahapedia.ru/wh40k11ed/factions/thousand-sons/Defiler
1031|Magnus The Red|TS|Thousand Sons|Monster Epic Hero|Thousand Sons|false|false||This model is equipped with: Gaze of Magnus; Tzeentch’s Firestorm; blade of Magnus.|https://wahapedia.ru/wh40k11ed/factions/thousand-sons/Magnus-The-Red
1032|Ahriman|TS|Thousand Sons|Mounted Epic Hero|Thousand Sons|false|false||This model is equipped with: inferno bolt pistol; Transmogrifying Blast; Black Staff of Ahriman.|https://wahapedia.ru/wh40k11ed/factions/thousand-sons/Ahriman
1033|Exalted Sorcerer|TS|Thousand Sons|Infantry Character|Thousand Sons|false|false||This model is equipped with: Astral Blast; inferno bolt pistol; force weapon.|https://wahapedia.ru/wh40k11ed/factions/thousand-sons/Exalted-Sorcerer
1034|Tzaangors|TS|Thousand Sons|Infantry|Thousand Sons|false|false||Every model is equipped with: Tzaangor blades.|https://wahapedia.ru/wh40k11ed/factions/thousand-sons/Tzaangors
1035|Scarab Occult Terminators|TS|Thousand Sons|Infantry|Thousand Sons|false|false||The Scarab Occult Sorcerer is equipped with: inferno combi-bolter; Malefic Curse; force weapon. Every Scarab Occult Terminator is equipped with: inferno combi-bolter; Prosperine khopesh.|https://wahapedia.ru/wh40k11ed/factions/thousand-sons/Scarab-Occult-Terminators
1036|Daemon Prince of Tzeentch|TS|Thousand Sons|Monster Character|Thousand Sons|false|false||This model is equipped with: Dark Blessing; infernal cannon; heliforged weapons.|https://wahapedia.ru/wh40k11ed/factions/thousand-sons/Daemon-Prince-of-Tzeentch
1472|Tzaangor Shaman|TS|Thousand Sons|Mounted Character|Thousand Sons|false|false||This model is equipped with: Baleful Devolution; force stave.|https://wahapedia.ru/wh40k11ed/factions/thousand-sons/Tzaangor-Shaman
1474|Tzaangor Enlightened|TS|Thousand Sons|Mounted|Thousand Sons|false|false||Every model is equipped with: divining spear.|https://wahapedia.ru/wh40k11ed/factions/thousand-sons/Tzaangor-Enlightened
1476|Mutalith Vortex Beast|TS|Thousand Sons|Monster|Thousand Sons|false|false||This model is equipped with: warp vortex; betentacled maw; Mutalith claws.|https://wahapedia.ru/wh40k11ed/factions/thousand-sons/Mutalith-Vortex-Beast
2500|Infernal Master|TS|Thousand Sons|Infantry Character|Thousand Sons|false|false||This model is equipped with: inferno bolt pistol; Fires of the Abyss; force weapon.|https://wahapedia.ru/wh40k11ed/factions/thousand-sons/Infernal-Master
2501|Chaos Predator Annihilator|TS|Thousand Sons|Vehicle|Thousand Sons|false|false||This model is equipped with: Predator twin lascannon; armoured tracks.|https://wahapedia.ru/wh40k11ed/factions/thousand-sons/Chaos-Predator-Annihilator
2755|Exalted Sorcerer on Disc of Tzeentch|TS|Thousand Sons|Mounted Character|Thousand Sons|false|false||This model is equipped with: Arcane Fire; inferno bolt pistol; force weapon.|https://wahapedia.ru/wh40k11ed/factions/thousand-sons/Exalted-Sorcerer-on-Disc-of-Tzeentch
3591|Chaos Thunderhawk|TS|Thousand Sons|Aircraft|Chaos Space Marines (Warhammer Legends)|true|false|This model has a transport capacity of 30 Thousand Sons Infantry or Thousand Sons Mounted models. Each Jump Pack, Possessed and Terminator model takes up the space of 2 models. Each Obliterator model takes up the space of 3 models. Each MOUNTED model takes up the space of 4 models.|This model is equipped with: 2 lascannons; Thunderhawk heavy cannon; 4 twin heavy bolters; armoured hull; Thunderhawk cluster bombs.|https://wahapedia.ru/wh40k11ed/factions/thousand-sons/Chaos-Thunderhawk
3597|Chaos Lord On Disc Of Tzeentch|TS|Thousand Sons|Infantry Character|Chaos Space Marines (Warhammer Legends)|true|false||This model is equipped with: bolt pistol; Astartes chainsword; close combat weapon.|https://wahapedia.ru/wh40k11ed/factions/thousand-sons/Chaos-Lord-On-Disc-Of-Tzeentch
3598|Hell Blade|TS|Thousand Sons|Aircraft|Chaos Space Marines (Warhammer Legends)|true|false||This model is equipped with: 2 twin autocannons; armoured hull.|https://wahapedia.ru/wh40k11ed/factions/thousand-sons/Hell-Blade
3599|Hell Talon|TS|Thousand Sons|Aircraft|Chaos Space Marines (Warhammer Legends)|true|false||This model is equipped with: autocannon; twin lascannon; armoured hull.|https://wahapedia.ru/wh40k11ed/factions/thousand-sons/Hell-Talon
3603|Terrax-pattern Termite|TS|Thousand Sons|Dedicated Transports|Space Marines (Warhammer Legends)|true|false|This model has a transport capacity of 12 Thousand Sons Infantry models. It cannot transport Jump Pack, Wulfen, Phobos, Gravis, Centurion, Terminator, Obliterator, Possessed or Tacticus models (excluding TACTICUS CHARACTER models that began the battle attached to a non-TACTICUS unit).|This model is equipped with: Terrax melta cutter; 2 combi-bolters; Termite drill.|https://wahapedia.ru/wh40k11ed/factions/thousand-sons/Terrax-pattern-Termite
3607|Land Raider Achilles|TS|Thousand Sons|Transport|Space Marines (Warhammer Legends)|true|false|This model has a transport capacity of 12 Thousand Sons Infantry models. Each Jump Pack, Wulfen, Gravis, Possessed or Terminator model takes up the space of 2 models and each Centurion or Obliterator model takes up the space of 3 models.|This model is equipped with: quad launcher; 2 twin volkite culverins; armoured tracks.|https://wahapedia.ru/wh40k11ed/factions/thousand-sons/Land-Raider-Achilles
3611|Land Raider Proteus|TS|Thousand Sons|Transport|Space Marines (Warhammer Legends)|true|false|This model has a transport capacity of 12 Thousand Sons Infantry models. Each Jump Pack, Wulfen, Gravis, Possessed or Terminator model takes up the space of 2 models and each Centurion or Obliterator model takes up the space of 3 models.|This model is equipped with: 2 twin lascannons; armoured tracks.|https://wahapedia.ru/wh40k11ed/factions/thousand-sons/Land-Raider-Proteus
3615|Fire Raptor Gunship|TS|Thousand Sons|Aircraft|Space Marines (Warhammer Legends)|true|false||This model is equipped with: twin avenger bolt cannon; 2 twin autocannons; 2 twin hellstrike launchers; armoured hull|https://wahapedia.ru/wh40k11ed/factions/thousand-sons/Fire-Raptor-Gunship
3619|Spartan|TS|Thousand Sons|Transport|Space Marines (Warhammer Legends)|true|false|This model has a transport capacity of 28 Thousand Sons Infantry models. Each Jump Pack, Wulfen, Gravis, Possessed or Terminator model takes up the space of 2 models and each Centurion or Obliterator model takes up the space of 3 models.|This model is equipped with: 2 quad lascannons; twin heavy bolter; armoured tracks.|https://wahapedia.ru/wh40k11ed/factions/thousand-sons/Spartan
3623|Deredeo Dreadnought|TS|Thousand Sons|Walker|Space Marines (Warhammer Legends)|true|false||This model is equipped with: anvilus autocannon battery; twin heavy bolter; armoured feet.|https://wahapedia.ru/wh40k11ed/factions/thousand-sons/Deredeo-Dreadnought
3627|Cerberus|TS|Thousand Sons|Vehicle|Space Marines (Warhammer Legends)|true|false||This model is equipped with: Cerberus neutron pulse array; armoured tracks.|https://wahapedia.ru/wh40k11ed/factions/thousand-sons/Cerberus
3631|Kratos|TS|Thousand Sons|Vehicle|Space Marines (Warhammer Legends)|true|false||This model is equipped with: autocannon; Kratos battle cannon; 4 heavy bolters; armoured tracks.|https://wahapedia.ru/wh40k11ed/factions/thousand-sons/Kratos
3635|Sokar-pattern Stormbird|TS|Thousand Sons|Aircraft|Space Marines (Warhammer Legends)|true|false|This model has a transport capacity of 55 Thousand Sons Infantry or Thousand Sons Mounted models. Each Jump Pack, Wulfen, Gravis, Possessed or Terminator model takes up the space of 2 models and each MOUNTED, Centurion or Obliterator model takes up the space of 3 models. This model can also transport up to 1 Rhino model (this model – and any models embarked within it – take up the space of 25 models).|This model is equipped with: hellstrike missile battery; 3 twin heavy bolters; 4 twin lascannons; armoured hull.|https://wahapedia.ru/wh40k11ed/factions/thousand-sons/Sokar-pattern-Stormbird
3639|Sicaran Battle Tank|TS|Thousand Sons|Vehicle|Space Marines (Warhammer Legends)|true|false||This model is equipped with: heavy bolter; Herakles-pattern autocannon; armoured tracks.|https://wahapedia.ru/wh40k11ed/factions/thousand-sons/Sicaran-Battle-Tank
3643|Mastodon|TS|Thousand Sons|Titanic|Space Marines (Warhammer Legends)|true|false|This model has a transport capacity of 45 Thousand Sons Infantry models. Each Jump Pack, Wulfen, Gravis, Possessed or Terminator model takes up the space of 2 models and each Centurion or Obliterator model takes up the space of 3 models. This model can also transport up to 2 Dreadnought or Helbrute models (these models take up the space of a number of models equal to their Wounds characteristic e.g. A Dreadnought with a Wounds characteristic of 8 would take up the space of 8 models).|This model is equipped with: 2 heavy flamers; 2 lascannons; siege melta array; skyreaper battery; armoured tracks.|https://wahapedia.ru/wh40k11ed/factions/thousand-sons/Mastodon
3647|Leviathan Dreadnought|TS|Thousand Sons|Walker|Space Marines (Warhammer Legends)|true|false||This model is equipped with: 2 heavy flamers; 2 grav-flux bombards; armoured feet.|https://wahapedia.ru/wh40k11ed/factions/thousand-sons/Leviathan-Dreadnought
3651|Fellblade|TS|Thousand Sons|Titanic|Space Marines (Warhammer Legends)|true|false||This model is equipped with: demolisher cannon; Fellblade accelerator cannon; 2 quad lascannons; twin heavy bolter; armoured tracks.|https://wahapedia.ru/wh40k11ed/factions/thousand-sons/Fellblade
3655|Relic Contemptor Dreadnought|TS|Thousand Sons|Walker|Space Marines (Warhammer Legends)|true|false||This model is equipped with: 2 heavy plasma cannons; armoured feet.|https://wahapedia.ru/wh40k11ed/factions/thousand-sons/Relic-Contemptor-Dreadnought
3659|Whirlwind Scorpius|TS|Thousand Sons|Vehicle|Space Marines (Warhammer Legends)|true|false||This model is equipped with: Scorpius multi-launcher; armoured tracks.|https://wahapedia.ru/wh40k11ed/factions/thousand-sons/Whirlwind-Scorpius
3663|Xiphon Interceptor|TS|Thousand Sons|Aircraft|Space Marines (Warhammer Legends)|true|false||This model is equipped with: 2 twin lascannons; Xiphon missile battery; armoured hull.|https://wahapedia.ru/wh40k11ed/factions/thousand-sons/Xiphon-Interceptor
3667|Rapier Carrier|TS|Thousand Sons|Artillery|Space Marines (Warhammer Legends)|true|false||This model is equipped with: boltgun; quad heavy bolter; close combat weapon.|https://wahapedia.ru/wh40k11ed/factions/thousand-sons/Rapier-Carrier
3671|Storm Eagle Gunship|TS|Thousand Sons|Aircraft|Space Marines (Warhammer Legends)|true|false|This model has a transport capacity of 22 Thousand Sons Infantry models and 1 Dreadnought model. Each Jump Pack, Wulfen, Gravis, Terminator or Possessed model takes up the space of 2 models and each Centurion or Obliterator model takes up the space of 3 models.|This model is equipped with: twin heavy bolter; 2 twin hellstrike launchers; vengeance launcher; armoured hull.|https://wahapedia.ru/wh40k11ed/factions/thousand-sons/Storm-Eagle-Gunship
3675|Sicaran Venator|TS|Thousand Sons|Vehicle|Space Marines (Warhammer Legends)|true|false||This model is equipped with: heavy bolter; Venator neutron laser; armoured tracks.|https://wahapedia.ru/wh40k11ed/factions/thousand-sons/Sicaran-Venator
3679|Typhon|TS|Thousand Sons|Vehicle|Space Marines (Warhammer Legends)|true|false||This model is equipped with: dreadhammer siege cannon; armoured tracks.|https://wahapedia.ru/wh40k11ed/factions/thousand-sons/Typhon
3683|Sicaran Punisher|TS|Thousand Sons|Vehicle|Space Marines (Warhammer Legends)|true|false||This model is equipped with: heavy bolter; Punisher rotary cannon; armoured tracks.|https://wahapedia.ru/wh40k11ed/factions/thousand-sons/Sicaran-Punisher
3687|Falchion|TS|Thousand Sons|Titanic|Space Marines (Warhammer Legends)|true|false||This model is equipped with: 2 quad lascannons; twin heavy bolter; twin Falchion volcano cannon; armoured tracks.|https://wahapedia.ru/wh40k11ed/factions/thousand-sons/Falchion
4120|Daemon Prince of Tzeentch with Wings|TS|Thousand Sons|Monster Character|Thousand Sons|false|false||This model is equipped with: Dark Blessing; infernal cannon; heliforged weapons.|https://wahapedia.ru/wh40k11ed/factions/thousand-sons/Daemon-Prince-of-Tzeentch-with-Wings
4121|Sekhetar Robots|TS|Thousand Sons|Walker|Thousand Sons|false|false||Every model is equipped with: heavy warpflamer; hellfyre missile rack; pyreflux meltagun; close combat weapon.|https://wahapedia.ru/wh40k11ed/factions/thousand-sons/Sekhetar-Robots
4122|Tzaangor Enlightened with Fatecaster Greatbows|TS|Thousand Sons|Mounted|Thousand Sons|false|false||Every model is equipped with: fatecaster greatbow; close combat weapon.|https://wahapedia.ru/wh40k11ed/factions/thousand-sons/Tzaangor-Enlightened-with-Fatecaster-Greatbows
4123|Kairos Fateweaver|TS|Thousand Sons|Monster Epic Hero|Thousand Sons|false|false||This model is equipped with: Infernal Gateway; Staff of Tomorrow.|https://wahapedia.ru/wh40k11ed/factions/thousand-sons/Kairos-Fateweaver
4124|Lord of Change|TS|Thousand Sons|Monster Character|Thousand Sons|false|false||This model is equipped with: Bolt of Change; staff of Tzeentch.|https://wahapedia.ru/wh40k11ed/factions/thousand-sons/Lord-of-Change
4125|Flamers|TS|Thousand Sons|Infantry|Thousand Sons|false|false||Every model is equipped with: flickering flames; Flamer mouths.|https://wahapedia.ru/wh40k11ed/factions/thousand-sons/Flamers
4126|Screamers|TS|Thousand Sons|Beast|Thousand Sons|false|false||Every model is equipped with: lamprey bite.|https://wahapedia.ru/wh40k11ed/factions/thousand-sons/Screamers
4127|Pink Horrors|TS|Thousand Sons|Battleline|Thousand Sons|false|false||Every Pink Horror is equipped with: coruscating pink flames; pink claws. Every Blue Horror added to this unit using the Split ability is equipped with: coruscating blue flames; blue claws. Every Brimstone Horror added to this unit using the Split ability is equipped with: coruscating yellow flames; yellow claws.|https://wahapedia.ru/wh40k11ed/factions/thousand-sons/Pink-Horrors
4128|Blue Horrors|TS|Thousand Sons|Battleline|Thousand Sons|false|false||Every Blue Horror is equipped with: coruscating blue flames; blue claws. Every Brimstone Horror added to this unit using the Split ability is equipped with: coruscating yellow flames; yellow claws.|https://wahapedia.ru/wh40k11ed/factions/thousand-sons/Blue-Horrors
460|Hive Tyrant|TYR|Tyranids|Monster Character|Tyranids|false|false||This model is equipped with: monstrous bonesword and lash whip; monstrous scything talons.|https://wahapedia.ru/wh40k11ed/factions/tyranids/Hive-Tyrant
461|The Swarmlord|TYR|Tyranids|Monster Epic Hero|Tyranids|false|false||This model is equipped with: Synaptic pulse; bone sabres.|https://wahapedia.ru/wh40k11ed/factions/tyranids/The-Swarmlord
462|Old One Eye|TYR|Tyranids|Monster Epic Hero|Tyranids|false|false||This model is equipped with: Old One Eye’s claws and talons.|https://wahapedia.ru/wh40k11ed/factions/tyranids/Old-One-Eye
463|Broodlord|TYR|Tyranids|Infantry Character|Tyranids|false|false||This model is equipped with: Broodlord claws and talons.|https://wahapedia.ru/wh40k11ed/factions/tyranids/Broodlord
465|Tervigon|TYR|Tyranids|Monster Character|Tyranids|false|false||This model is equipped with: stinger salvoes; massive scything talons.|https://wahapedia.ru/wh40k11ed/factions/tyranids/Tervigon
467|Genestealers|TYR|Tyranids|Infantry|Tyranids|false|false||Every model is equipped with: Genestealer claws and talons.|https://wahapedia.ru/wh40k11ed/factions/tyranids/Genestealers
468|Termagants|TYR|Tyranids|Battleline|Tyranids|false|false||Every model is equipped with: fleshborer; chitinous claws and teeth.|https://wahapedia.ru/wh40k11ed/factions/tyranids/Termagants
469|Hormagaunts|TYR|Tyranids|Battleline|Tyranids|false|false||Every model is equipped with: Hormagaunt talons.|https://wahapedia.ru/wh40k11ed/factions/tyranids/Hormagaunts
470|Ripper Swarms|TYR|Tyranids|Swarm|Tyranids|false|false||Every model is equipped with: chitinous claws and teeth.|https://wahapedia.ru/wh40k11ed/factions/tyranids/Ripper-Swarms
471|Tyrant Guard|TYR|Tyranids|Infantry|Tyranids|false|false||Every model is equipped with: scything talons and rending claws.|https://wahapedia.ru/wh40k11ed/factions/tyranids/Tyrant-Guard
472|Hive Guard|TYR|Tyranids|Infantry|Tyranids|false|false||Every model is equipped with: shockcannon; chitinous claws and teeth.|https://wahapedia.ru/wh40k11ed/factions/tyranids/Hive-Guard
473|Lictor|TYR|Tyranids|Infantry|Tyranids|false|false||This model is equipped with: Lictor claws and talons.|https://wahapedia.ru/wh40k11ed/factions/tyranids/Lictor
474|Maleceptor|TYR|Tyranids|Monster|Tyranids|false|false||This model is equipped with: psychic overload; massive scything talons.|https://wahapedia.ru/wh40k11ed/factions/tyranids/Maleceptor
475|Zoanthropes|TYR|Tyranids|Infantry|Tyranids|false|false||Every model is equipped with: Warp Blast; chitinous claws and teeth.|https://wahapedia.ru/wh40k11ed/factions/tyranids/Zoanthropes
476|Venomthropes|TYR|Tyranids|Infantry|Tyranids|false|false||Every model is equipped with: toxic lashes.|https://wahapedia.ru/wh40k11ed/factions/tyranids/Venomthropes
477|Pyrovores|TYR|Tyranids|Infantry|Tyranids|false|false||Every model is equipped with: flamespurt; chitin-barbed limbs.|https://wahapedia.ru/wh40k11ed/factions/tyranids/Pyrovores
478|Haruspex|TYR|Tyranids|Monster|Tyranids|false|false||This model is equipped with: grasping tongue; ravenous maw; shovelling claws.|https://wahapedia.ru/wh40k11ed/factions/tyranids/Haruspex
479|Deathleaper|TYR|Tyranids|Infantry Epic Hero|Tyranids|false|false||This model is equipped with: Lictor claws and talons.|https://wahapedia.ru/wh40k11ed/factions/tyranids/Deathleaper
482|Raveners|TYR|Tyranids|Infantry|Tyranids|false|false||Every model is equipped with: Ravener claws and talons.|https://wahapedia.ru/wh40k11ed/factions/tyranids/Raveners
483|Sky-slasher Swarms|TYR|Tyranids|Swarm|Tyranids (Warhammer Legends)|true|false||Every model is equipped with: claws and teeth.|https://wahapedia.ru/wh40k11ed/factions/tyranids/Sky-slasher-Swarms
484|Gargoyles|TYR|Tyranids|Battleline|Tyranids|false|false||Every model is equipped with: fleshborer; blinding venom.|https://wahapedia.ru/wh40k11ed/factions/tyranids/Gargoyles
485|Harpy|TYR|Tyranids|Monster|Tyranids|false|false||This model is equipped with: stinger salvoes; twin stranglethorn cannon; scything wings.|https://wahapedia.ru/wh40k11ed/factions/tyranids/Harpy
486|Hive Crone|TYR|Tyranids|Monster|Tyranids|false|false||This model is equipped with: drool cannon; stinger salvoes; tentaclids; scything wings; thorax spur.|https://wahapedia.ru/wh40k11ed/factions/tyranids/Hive-Crone
487|Mucolid Spores|TYR|Tyranids|Beast|Tyranids|false|false||Every model is equipped with: nothing.|https://wahapedia.ru/wh40k11ed/factions/tyranids/Mucolid-Spores
488|Spore Mines|TYR|Tyranids|Beast|Tyranids|false|false||Every model is equipped with: nothing.|https://wahapedia.ru/wh40k11ed/factions/tyranids/Spore-Mines
489|Tyrannocyte|TYR|Tyranids|Dedicated Transports|Tyranids|false|false|This model has a transport capacity of 20 Tyranids Infantry models, or 1 Tyranids Monster model with a Wounds characteristic of 12 or less. Each INFANTRY model with a Wounds characteristic of more than 1 takes up the space of 3 models.|This model is equipped with: Tyrannocyte bio-weapons; flensing whips.|https://wahapedia.ru/wh40k11ed/factions/tyranids/Tyrannocyte
490|Carnifexes|TYR|Tyranids|Monster|Tyranids|false|false||Every model is equipped with: Carnifex scything talons; Carnifex extra scything talons; chitinous claws and teeth.|https://wahapedia.ru/wh40k11ed/factions/tyranids/Carnifexes
491|Biovores|TYR|Tyranids|Infantry|Tyranids|false|false||Every model is equipped with: Spore Mine launcher; chitin-barbed limbs.|https://wahapedia.ru/wh40k11ed/factions/tyranids/Biovores
493|Trygon|TYR|Tyranids|Monster|Tyranids|false|false||This model is equipped with: bio-electric pulse; Trygon scything talons.|https://wahapedia.ru/wh40k11ed/factions/tyranids/Trygon
494|Mawloc|TYR|Tyranids|Monster|Tyranids|false|false||This model is equipped with: distensible jaw; Mawloc scything talons.|https://wahapedia.ru/wh40k11ed/factions/tyranids/Mawloc
495|Exocrine|TYR|Tyranids|Monster|Tyranids|false|false||This model is equipped with: bio-plasmic cannon; powerful limbs.|https://wahapedia.ru/wh40k11ed/factions/tyranids/Exocrine
496|Tyrannofex|TYR|Tyranids|Monster|Tyranids|false|false||This model is equipped with: fleshborer hive; stinger salvoes; powerful limbs.|https://wahapedia.ru/wh40k11ed/factions/tyranids/Tyrannofex
497|Toxicrene|TYR|Tyranids|Monster|Tyranids|false|false||This model is equipped with: massive toxic lashes.|https://wahapedia.ru/wh40k11ed/factions/tyranids/Toxicrene
498|Sporocyst|TYR|Tyranids|Monster|Tyranids|false|false||This model is equipped with: Sporocyst bio-weapons; flensing whips.|https://wahapedia.ru/wh40k11ed/factions/tyranids/Sporocyst
499|Malanthrope|TYR|Tyranids|Infantry Character|Tyranids (Warhammer Legends)|true|false||This model is equipped with: grasping tail.|https://wahapedia.ru/wh40k11ed/factions/tyranids/Malanthrope
500|Dimachaeron|TYR|Tyranids|Monster|Tyranids (Warhammer Legends)|true|false||This model is equipped with: massive scything sickle-talons.|https://wahapedia.ru/wh40k11ed/factions/tyranids/Dimachaeron
503|Barbed Hierodule|TYR|Tyranids|Monster|Tyranids (Warhammer Legends)|true|false||This model is equipped with: 2 bio-cannons; Hierodule scything talons.|https://wahapedia.ru/wh40k11ed/factions/tyranids/Barbed-Hierodule
504|Harridan|TYR|Tyranids|Monster|Tyranids (Forge World)|false|false|This model has a transport capacity of 20 Gargoyles models and 1 Winged Tyranid Prime model.|This model is equipped with: 2 dire bio-cannons; gargantuan scything talons.|https://wahapedia.ru/wh40k11ed/factions/tyranids/Harridan
505|Hierophant|TYR|Tyranids|Monster|Tyranids (Forge World)|false|false|This model has a transport capacity of 20 Tyranids Infantry models. Each model with a Wounds characteristic of more than 1 takes up the space of 3 models. This model cannot transport models that can Fly.|This model is equipped with: bio-plasma torrent; 2 dire bio-cannons; lashwhip pods; titanic scything talons.|https://wahapedia.ru/wh40k11ed/factions/tyranids/Hierophant
506|Scythed Hierodule|TYR|Tyranids|Monster|Tyranids (Warhammer Legends)|true|false||This model is equipped with: bio-acid spray; Hierodule scything talons.|https://wahapedia.ru/wh40k11ed/factions/tyranids/Scythed-Hierodule
2528|Winged Hive Tyrant|TYR|Tyranids|Monster Character|Tyranids|false|false||This model is equipped with: monstrous bonesword and lash whip; Tyrant talons.|https://wahapedia.ru/wh40k11ed/factions/tyranids/Winged-Hive-Tyrant
2529|Parasite Of Mortrex|TYR|Tyranids|Infantry Character|Tyranids|false|false||This model is equipped with: barbed ovipositor; clawed limbs.|https://wahapedia.ru/wh40k11ed/factions/tyranids/Parasite-Of-Mortrex
2686|Barbgaunts|TYR|Tyranids|Infantry|Tyranids|false|false||Every model is equipped with: barblauncher; chitinous claws and teeth.|https://wahapedia.ru/wh40k11ed/factions/tyranids/Barbgaunts
2687|Neurogaunts|TYR|Tyranids|Infantry|Tyranids|false|false||Every model is equipped with: chitinous claws and teeth. *This unit can only contain 2 Neurogaunt Nodebeasts if it contains 20 Neurogaunts.|https://wahapedia.ru/wh40k11ed/factions/tyranids/Neurogaunts
2688|Neurotyrant|TYR|Tyranids|Monster Character|Tyranids|false|false||This model is equipped with: Psychic Scream; Neurotyrant claws and lashes.|https://wahapedia.ru/wh40k11ed/factions/tyranids/Neurotyrant
2689|Psychophage|TYR|Tyranids|Monster|Tyranids|false|false||This model is equipped with: psychoclastic torrent; talons and betentacled maw.|https://wahapedia.ru/wh40k11ed/factions/tyranids/Psychophage
2690|Screamer-killer|TYR|Tyranids|Monster|Tyranids|false|false||This model is equipped with: bio-plasmic scream; Screamer-Killer talons.|https://wahapedia.ru/wh40k11ed/factions/tyranids/Screamer-killer
2691|Tyranid Warriors With Melee Bio-weapons|TYR|Tyranids|Infantry|Tyranids|false|false||Every model is equipped with: Tyranid Warrior claws and talons.|https://wahapedia.ru/wh40k11ed/factions/tyranids/Tyranid-Warriors-With-Melee-Bio-weapons
2692|Tyranid Warriors With Ranged Bio-weapons|TYR|Tyranids|Infantry|Tyranids|false|false||Every model is equipped with: devourer; Tyranid Warrior claws and talons.|https://wahapedia.ru/wh40k11ed/factions/tyranids/Tyranid-Warriors-With-Ranged-Bio-weapons
2693|Von Ryan’s Leapers|TYR|Tyranids|Infantry|Tyranids|false|false||Every model is equipped with: Leaper’s talons.|https://wahapedia.ru/wh40k11ed/factions/tyranids/Von-Ryan-s-Leapers
2694|Winged Tyranid Prime|TYR|Tyranids|Infantry Character|Tyranids|false|false||This model is equipped with: Prime talons.|https://wahapedia.ru/wh40k11ed/factions/tyranids/Winged-Tyranid-Prime
2751|Norn Emissary|TYR|Tyranids|Monster|Tyranids|false|false||This model is equipped with: Psychic Tendril; monstrous scything talons; monstrous rending claws.|https://wahapedia.ru/wh40k11ed/factions/tyranids/Norn-Emissary
2752|Norn Assimilator|TYR|Tyranids|Monster|Tyranids|false|false||This model is equipped with: toxinjector harpoon; monstrous scything talons.|https://wahapedia.ru/wh40k11ed/factions/tyranids/Norn-Assimilator
2753|Neurolictor|TYR|Tyranids|Infantry|Tyranids|false|false||This model is equipped with: piercing claws and talons.|https://wahapedia.ru/wh40k11ed/factions/tyranids/Neurolictor
4117|Hyperadapted Raveners|TYR|Tyranids|Infantry Character|Tyranids|false|false||The Ravener Prime is equipped with: Prime claws and talons. 3 Raveners are equipped with: Ravener heavy claws and talons. 1 Ravener is equipped with: venom bolt; Ravener heavy claws and talons.|https://wahapedia.ru/wh40k11ed/factions/tyranids/Hyperadapted-Raveners
4202|Tyranid Prime with Lash Whip|TYR|Tyranids|Infantry Character|Tyranids|false|false||This model is equipped with: 1 rending claw; 1 lash whip; 1 scything talons.|https://wahapedia.ru/wh40k11ed/factions/tyranids/Tyranid-Prime-with-Lash-Whip
4225|The Red Terror|TYR|Tyranids|Monster Epic Hero|Tyranids|false|false||This model is equipped with: scything talons, gaping maw.|https://wahapedia.ru/wh40k11ed/factions/tyranids/The-Red-Terror
2621|Angron|WE|World Eaters|Monster Epic Hero|World Eaters|false|false||This model is equipped with: Samni’arius and Spinegrinder.|https://wahapedia.ru/wh40k11ed/factions/world-eaters/Angron
2622|Khârn The Betrayer|WE|World Eaters|Infantry Epic Hero|World Eaters|false|false||This model is equipped with: plasma pistol; Gorechild.|https://wahapedia.ru/wh40k11ed/factions/world-eaters/Kh-rn-The-Betrayer
2623|Lord Invocatus|WE|World Eaters|Mounted Epic Hero|World Eaters|false|false||This model is equipped with: bolt pistol; Coward’s Bane, bladed horn.|https://wahapedia.ru/wh40k11ed/factions/world-eaters/Lord-Invocatus
2624|Daemon Prince of Khorne|WE|World Eaters|Monster Character|World Eaters|false|false||This model is equipped with: infernal cannon; hellforged weapons.|https://wahapedia.ru/wh40k11ed/factions/world-eaters/Daemon-Prince-of-Khorne
2625|Lord on Juggernaut|WE|World Eaters|Mounted Character|World Eaters|false|false||This model is equipped with: plasma pistol; exalted chainblade; bladed horn.|https://wahapedia.ru/wh40k11ed/factions/world-eaters/Lord-on-Juggernaut
2626|Master of Executions|WE|World Eaters|Infantry Character|World Eaters|false|false||This model is equipped with: bolt pistol; axe of dismemberment.|https://wahapedia.ru/wh40k11ed/factions/world-eaters/Master-of-Executions
2627|Khorne Berzerkers|WE|World Eaters|Battleline|World Eaters|false|false||Every model is equipped with: bolt pistol; chainblade.|https://wahapedia.ru/wh40k11ed/factions/world-eaters/Khorne-Berzerkers
2628|Jakhals|WE|World Eaters|Infantry|World Eaters|false|false||The Jakhal Pack Leader and every Jakhal is equipped with: autopistol; chainblades. Every Dishonoured is equipped with: paired manglers.|https://wahapedia.ru/wh40k11ed/factions/world-eaters/Jakhals
2629|Chaos Terminators|WE|World Eaters|Infantry|World Eaters|false|false||Every model is equipped with: combi-bolter; accursed weapon.|https://wahapedia.ru/wh40k11ed/factions/world-eaters/Chaos-Terminators
2630|Eightbound|WE|World Eaters|Infantry|World Eaters|false|false||Every model is equipped with: chainblades.|https://wahapedia.ru/wh40k11ed/factions/world-eaters/Eightbound
2631|Exalted Eightbound|WE|World Eaters|Infantry|World Eaters|false|false||Every model is equipped with: chainblades.|https://wahapedia.ru/wh40k11ed/factions/world-eaters/Exalted-Eightbound
2632|Helbrute|WE|World Eaters|Walker|World Eaters|false|false||This model is equipped with: missile launcher; multi-melta; close combat weapon.|https://wahapedia.ru/wh40k11ed/factions/world-eaters/Helbrute
2633|Chaos Spawn|WE|World Eaters|Beast|World Eaters|false|false||Every model is equipped with: hideous mutations.|https://wahapedia.ru/wh40k11ed/factions/world-eaters/Chaos-Spawn
2634|Chaos Land Raider|WE|World Eaters|Transport|World Eaters|false|false|This model has a transport capacity of 14 World Eaters Infantry models. Each Possessed and Terminator model takes up the space of 2 models.|This model is equipped with: 2 soulshatter lascannons; twin heavy bolter; armoured tracks.|https://wahapedia.ru/wh40k11ed/factions/world-eaters/Chaos-Land-Raider
2636|Chaos Predator Destructor|WE|World Eaters|Vehicle|World Eaters|false|false||This model is equipped with: Predator autocannon; armoured tracks.|https://wahapedia.ru/wh40k11ed/factions/world-eaters/Chaos-Predator-Destructor
2637|Chaos Predator Annihilator|WE|World Eaters|Vehicle|World Eaters|false|false||This model is equipped with: Predator twin lascannon; armoured tracks.|https://wahapedia.ru/wh40k11ed/factions/world-eaters/Chaos-Predator-Annihilator
2638|Forgefiend|WE|World Eaters|Walker|World Eaters|false|false||This model is equipped with: 2 Hades autocannons; 1 Forgefiend jaws.|https://wahapedia.ru/wh40k11ed/factions/world-eaters/Forgefiend
2639|Maulerfiend|WE|World Eaters|Walker|World Eaters|false|false||This model is equipped with: lasher tendrils; Maulerfiend fists.|https://wahapedia.ru/wh40k11ed/factions/world-eaters/Maulerfiend
2640|Chaos Rhino|WE|World Eaters|Dedicated Transports|World Eaters|false|false|This model has a transport capacity of 12 World Eaters Infantry models. It cannot transport Possessed or Terminator models.|This model is equipped with: 1 combi-bolter; armoured tracks.|https://wahapedia.ru/wh40k11ed/factions/world-eaters/Chaos-Rhino
2641|Heldrake|WE|World Eaters|Vehicle|World Eaters|false|false||This model is equipped with: Hades autocannon; Heldrake claws.|https://wahapedia.ru/wh40k11ed/factions/world-eaters/Heldrake
2642|Khorne Lord of Skulls|WE|World Eaters|Titanic|World Eaters|false|false||This model is equipped with: gorestorm cannon; Hades gatling cannon; great cleaver of Khorne.|https://wahapedia.ru/wh40k11ed/factions/world-eaters/Khorne-Lord-of-Skulls
2757|Daemon Prince of Khorne with Wings|WE|World Eaters|Monster Character|World Eaters|false|false||This model is equipped with: infernal cannon; hellforged weapons.|https://wahapedia.ru/wh40k11ed/factions/world-eaters/Daemon-Prince-of-Khorne-with-Wings
3587|Blood Slaughterer|WE|World Eaters|Walker|Chaos Space Marines (Warhammer Legends)|true|false||This model is equipped with: impaler harpoon; slaughter blade.|https://wahapedia.ru/wh40k11ed/factions/world-eaters/Blood-Slaughterer
3588|Chaos Thunderhawk|WE|World Eaters|Aircraft|Chaos Space Marines (Warhammer Legends)|true|false|This model has a transport capacity of 30 World Eaters Infantry or World Eaters Mounted models. Each Jump Pack, Possessed and Terminator model takes up the space of 2 models. Each Obliterator model takes up the space of 3 models. Each MOUNTED model takes up the space of 4 models.|This model is equipped with: 2 lascannons; Thunderhawk heavy cannon; 4 twin heavy bolters; armoured hull; Thunderhawk cluster bombs.|https://wahapedia.ru/wh40k11ed/factions/world-eaters/Chaos-Thunderhawk
3589|Greater Brass Scorpion|WE|World Eaters|Titanic|Chaos Space Marines (Warhammer Legends)|true|false||This model is equipped with: demolisher cannon; Scorpion cannon; hellmaw flame cannons; hellcrusher claws.|https://wahapedia.ru/wh40k11ed/factions/world-eaters/Greater-Brass-Scorpion
3590|Kytan Ravager|WE|World Eaters|Titanic|Chaos Space Marines (Warhammer Legends)|true|false||This model is equipped with: Kytan gatling cannon; Kytan cleaver.|https://wahapedia.ru/wh40k11ed/factions/world-eaters/Kytan-Ravager
3601|Hell Blade|WE|World Eaters|Aircraft|Chaos Space Marines (Warhammer Legends)|true|false||This model is equipped with: 2 twin autocannons; armoured hull.|https://wahapedia.ru/wh40k11ed/factions/world-eaters/Hell-Blade
3602|Hell Talon|WE|World Eaters|Aircraft|Chaos Space Marines (Warhammer Legends)|true|false||This model is equipped with: autocannon; twin lascannon; armoured hull.|https://wahapedia.ru/wh40k11ed/factions/world-eaters/Hell-Talon
3605|Terrax-pattern Termite|WE|World Eaters|Dedicated Transports|Space Marines (Warhammer Legends)|true|false|This model has a transport capacity of 12 World Eaters Infantry models. It cannot transport Jump Pack, Wulfen, Phobos, Gravis, Centurion, Terminator, Obliterator, Possessed or Tacticus models (excluding TACTICUS CHARACTER models that began the battle attached to a non-TACTICUS unit).|This model is equipped with: Terrax melta cutter; 2 combi-bolters; Termite drill.|https://wahapedia.ru/wh40k11ed/factions/world-eaters/Terrax-pattern-Termite
3609|Land Raider Achilles|WE|World Eaters|Transport|Space Marines (Warhammer Legends)|true|false|This model has a transport capacity of 12 World Eaters Infantry models. Each Jump Pack, Wulfen, Gravis, Possessed or Terminator model takes up the space of 2 models and each Centurion or Obliterator model takes up the space of 3 models.|This model is equipped with: quad launcher; 2 twin volkite culverins; armoured tracks.|https://wahapedia.ru/wh40k11ed/factions/world-eaters/Land-Raider-Achilles
3613|Land Raider Proteus|WE|World Eaters|Transport|Space Marines (Warhammer Legends)|true|false|This model has a transport capacity of 12 World Eaters Infantry models. Each Jump Pack, Wulfen, Gravis, Possessed or Terminator model takes up the space of 2 models and each Centurion or Obliterator model takes up the space of 3 models.|This model is equipped with: 2 twin lascannons; armoured tracks.|https://wahapedia.ru/wh40k11ed/factions/world-eaters/Land-Raider-Proteus
3617|Fire Raptor Gunship|WE|World Eaters|Aircraft|Space Marines (Warhammer Legends)|true|false||This model is equipped with: twin avenger bolt cannon; 2 twin autocannons; 2 twin hellstrike launchers; armoured hull|https://wahapedia.ru/wh40k11ed/factions/world-eaters/Fire-Raptor-Gunship
3621|Spartan|WE|World Eaters|Transport|Space Marines (Warhammer Legends)|true|false|This model has a transport capacity of 28 World Eaters Infantry models. Each Jump Pack, Wulfen, Gravis, Possessed or Terminator model takes up the space of 2 models and each Centurion or Obliterator model takes up the space of 3 models.|This model is equipped with: 2 quad lascannons; twin heavy bolter; armoured tracks.|https://wahapedia.ru/wh40k11ed/factions/world-eaters/Spartan
3625|Deredeo Dreadnought|WE|World Eaters|Walker|Space Marines (Warhammer Legends)|true|false||This model is equipped with: anvilus autocannon battery; twin heavy bolter; armoured feet.|https://wahapedia.ru/wh40k11ed/factions/world-eaters/Deredeo-Dreadnought
3629|Cerberus|WE|World Eaters|Vehicle|Space Marines (Warhammer Legends)|true|false||This model is equipped with: Cerberus neutron pulse array; armoured tracks.|https://wahapedia.ru/wh40k11ed/factions/world-eaters/Cerberus
3633|Kratos|WE|World Eaters|Vehicle|Space Marines (Warhammer Legends)|true|false||This model is equipped with: autocannon; Kratos battle cannon; 4 heavy bolters; armoured tracks.|https://wahapedia.ru/wh40k11ed/factions/world-eaters/Kratos
3637|Sokar-pattern Stormbird|WE|World Eaters|Aircraft|Space Marines (Warhammer Legends)|true|false|This model has a transport capacity of 55 World Eaters Infantry or World Eaters Mounted models. Each Jump Pack, Wulfen, Gravis, Possessed or Terminator model takes up the space of 2 models and each MOUNTED, Centurion or Obliterator model takes up the space of 3 models. This model can also transport up to 1 Rhino model (this model – and any models embarked within it – take up the space of 25 models).|This model is equipped with: hellstrike missile battery; 3 twin heavy bolters; 4 twin lascannons; armoured hull.|https://wahapedia.ru/wh40k11ed/factions/world-eaters/Sokar-pattern-Stormbird
3641|Sicaran Battle Tank|WE|World Eaters|Vehicle|Space Marines (Warhammer Legends)|true|false||This model is equipped with: heavy bolter; Herakles-pattern autocannon; armoured tracks.|https://wahapedia.ru/wh40k11ed/factions/world-eaters/Sicaran-Battle-Tank
3645|Mastodon|WE|World Eaters|Titanic|Space Marines (Warhammer Legends)|true|false|This model has a transport capacity of 45 World Eaters Infantry models. Each Jump Pack, Wulfen, Gravis, Possessed or Terminator model takes up the space of 2 models and each Centurion or Obliterator model takes up the space of 3 models. This model can also transport up to 2 Dreadnought or Helbrute models (these models take up the space of a number of models equal to their Wounds characteristic e.g. A Dreadnought with a Wounds characteristic of 8 would take up the space of 8 models).|This model is equipped with: 2 heavy flamers; 2 lascannons; siege melta array; skyreaper battery; armoured tracks.|https://wahapedia.ru/wh40k11ed/factions/world-eaters/Mastodon
3649|Leviathan Dreadnought|WE|World Eaters|Walker|Space Marines (Warhammer Legends)|true|false||This model is equipped with: 2 heavy flamers; 2 grav-flux bombards; armoured feet.|https://wahapedia.ru/wh40k11ed/factions/world-eaters/Leviathan-Dreadnought
3653|Fellblade|WE|World Eaters|Titanic|Space Marines (Warhammer Legends)|true|false||This model is equipped with: demolisher cannon; Fellblade accelerator cannon; 2 quad lascannons; twin heavy bolter; armoured tracks.|https://wahapedia.ru/wh40k11ed/factions/world-eaters/Fellblade
3657|Relic Contemptor Dreadnought|WE|World Eaters|Walker|Space Marines (Warhammer Legends)|true|false||This model is equipped with: 2 heavy plasma cannons; armoured feet.|https://wahapedia.ru/wh40k11ed/factions/world-eaters/Relic-Contemptor-Dreadnought
3661|Whirlwind Scorpius|WE|World Eaters|Vehicle|Space Marines (Warhammer Legends)|true|false||This model is equipped with: Scorpius multi-launcher; armoured tracks.|https://wahapedia.ru/wh40k11ed/factions/world-eaters/Whirlwind-Scorpius
3665|Xiphon Interceptor|WE|World Eaters|Aircraft|Space Marines (Warhammer Legends)|true|false||This model is equipped with: 2 twin lascannons; Xiphon missile battery; armoured hull.|https://wahapedia.ru/wh40k11ed/factions/world-eaters/Xiphon-Interceptor
3669|Rapier Carrier|WE|World Eaters|Artillery|Space Marines (Warhammer Legends)|true|false||This model is equipped with: boltgun; quad heavy bolter; close combat weapon.|https://wahapedia.ru/wh40k11ed/factions/world-eaters/Rapier-Carrier
3673|Storm Eagle Gunship|WE|World Eaters|Aircraft|Space Marines (Warhammer Legends)|true|false|This model has a transport capacity of 22 World Eaters Infantry models and 1 Dreadnought model. Each Jump Pack, Wulfen, Gravis, Terminator or Possessed model takes up the space of 2 models and each Centurion or Obliterator model takes up the space of 3 models.|This model is equipped with: twin heavy bolter; 2 twin hellstrike launchers; vengeance launcher; armoured hull.|https://wahapedia.ru/wh40k11ed/factions/world-eaters/Storm-Eagle-Gunship
3677|Sicaran Venator|WE|World Eaters|Vehicle|Space Marines (Warhammer Legends)|true|false||This model is equipped with: heavy bolter; Venator neutron laser; armoured tracks.|https://wahapedia.ru/wh40k11ed/factions/world-eaters/Sicaran-Venator
3681|Typhon|WE|World Eaters|Vehicle|Space Marines (Warhammer Legends)|true|false||This model is equipped with: dreadhammer siege cannon; armoured tracks.|https://wahapedia.ru/wh40k11ed/factions/world-eaters/Typhon
3685|Sicaran Punisher|WE|World Eaters|Vehicle|Space Marines (Warhammer Legends)|true|false||This model is equipped with: heavy bolter; Punisher rotary cannon; armoured tracks.|https://wahapedia.ru/wh40k11ed/factions/world-eaters/Sicaran-Punisher
3689|Falchion|WE|World Eaters|Titanic|Space Marines (Warhammer Legends)|true|false||This model is equipped with: 2 quad lascannons; twin heavy bolter; twin Falchion volcano cannon; armoured tracks.|https://wahapedia.ru/wh40k11ed/factions/world-eaters/Falchion
4076|Goremongers|WE|World Eaters|Infantry|World Eaters|false|false||Every model is equipped with: autopistol; chainblade; close combat weapon.|https://wahapedia.ru/wh40k11ed/factions/world-eaters/Goremongers
4103|Slaughterbound|WE|World Eaters|Infantry Character|World Eaters|false|false||This model is equipped with: lacerator and daemonic claw.|https://wahapedia.ru/wh40k11ed/factions/world-eaters/Slaughterbound
4104|Skarbrand|WE|World Eaters|Monster Epic Hero|World Eaters|false|false||This model is equipped with: bellow of endless fury; Slaughter and Carnage.|https://wahapedia.ru/wh40k11ed/factions/world-eaters/Skarbrand
4105|Bloodthirster|WE|World Eaters|Monster Character|World Eaters|false|false||This model is equipped with: hellfire breath; great axe of Khorne|https://wahapedia.ru/wh40k11ed/factions/world-eaters/Bloodthirster
4106|Bloodletters|WE|World Eaters|Battleline|World Eaters|false|false||Every model is equipped with: hellblade.|https://wahapedia.ru/wh40k11ed/factions/world-eaters/Bloodletters
4107|Bloodcrushers|WE|World Eaters|Mounted|World Eaters|false|false||Every model is equipped with: hellblade; bladed horn.|https://wahapedia.ru/wh40k11ed/factions/world-eaters/Bloodcrushers
4108|Flesh Hounds|WE|World Eaters|Beast|World Eaters|false|false||The Gore Hound is equipped with: burning roar; gore-drenched fangs; collar of Khorne. Every Flesh Hound is equipped with: gore-drenched fangs; collar of Khorne.|https://wahapedia.ru/wh40k11ed/factions/world-eaters/Flesh-Hounds
4207|Defiler|WE|World Eaters|Walker|World Eaters|false|false||This model is equipped with: 1 Hades battle cannon; 2 excruciator cannons; 1 heavy missile launcher; 1 heavy baleflamer; 1 shearing claws.|https://wahapedia.ru/wh40k11ed/factions/world-eaters/Defiler
