id|fac|detachment_id|detachment|name|tipo|cp|turno|fase|descrizione
000010810008||||FIRE OVERWATCH||1|Opponent’s turn|Movement phase|WHEN: End of your opponent’s Movement phase.¶TARGET: One friendly unengaged unit (excluding TITANIC units).¶EFFECT: Your unit shoots using snap shooting.
000010810007||||RAPID INGRESS||1|Opponent’s turn|Movement phase|WHEN: End of your opponent’s Movement phase.¶TARGET: One friendly unit that is in strategic reserves (excluding AIRCRAFT).¶EFFECT: Your unit makes an ingress move (20.04).¶RESTRICTIONS: You cannot use this stratagem during the first battle round.
000010810006||||CRUSHING IMPACT||1|Your turn|Charge phase|WHEN: Your Charge phase, just after a friendly MONSTER/VEHICLE unit ends a charge move.¶TARGET: That MONSTER/VEHICLE unit.¶EFFECT: Resolve the following sequence:¶• Select one enemy unit engaged with your unit.¶• Select one model in your unit engaged with that enemy unit.¶• Roll a number of D6 equal to the T characteristic of that model: for each 1, your unit suffers 1 mortal wound; for each 5+, that enemy unit suffers 1 mortal wound (to a maximum of 6 mortal wounds per unit).
000010810005||||EXPLOSIVES||1|Your turn|Shooting phase|"WHEN: Your Shooting phase.¶TARGET: One friendly unengaged EXPLOSIVES/GRENADES unit that is eligible to shoot and did not make an advance move this turn.¶EFFECT: Resolve the following sequence:¶• Select one EXPLOSIVES/GRENADES model in your unit.¶• Select one unengaged enemy unit within 8"" of and visible to that model.¶• Roll six D6: for each 4+, that enemy unit suffers 1 mortal wound (06.02)."
000010810012||||COUNTEROFFENSIVE||2|Opponent’s turn|Fight phase|WHEN: Fight step of your opponent’s Fight phase, just after an enemy unit has resolved its attacks.¶TARGET: One friendly unit that is eligible to fight.¶EFFECT: Until the end of the phase, your unit has the Fights First ability and it must be the next unit you select to fight (12.04).
000010810002||||COMMAND RE-ROLL||1|Either player’s turn|Any phase|WHEN: Any phase, just after you make one of the following rolls for a friendly unit or model:¶• Advance roll¶• Charge roll¶• Damage roll¶• Hazard roll¶• Hit roll¶• Save roll¶• Wound roll¶• A roll to determine the number of attacks generated with a weapon.¶TARGET: That unit or model.¶EFFECT: You re-roll that roll. If you are rolling more than one dice together, select one of those dice to re-roll (excluding charge rolls, which you must re-roll in full).
000010810004||||INSANE BRAVERY||1|Your turn|Command phase|WHEN: Battle-shock step of your Command phase, just before you make a battle-shock roll for a friendly unit.¶TARGET: That unit.¶EFFECT: That battle-shock roll is automatically successful.¶RESTRICTIONS: You cannot use this stratagem more than once per battle.
000010810010||||SMOKESCREEN||1|Opponent’s turn|Shooting phase|WHEN: Start of your opponent’s Shooting phase.¶TARGET: One friendly SMOKE unit.¶EFFECT: Until the end of the phase, each time an attack targets either your SMOKE unit, or a unit that is not fully visible to the attacking model because of one or more models in your SMOKE unit, the target has the benefit of cover against that attack (13.08).
000010810011||||HEROIC INTERVENTION||1|Opponent’s turn|Charge phase|"WHEN: End of your opponent’s Charge phase.¶TARGET: One friendly unengaged unit within 12"" of one or more enemy units. You can only select a VEHICLE unit if it is a CHARACTER/WALKER unit.¶EFFECT: Resolve a charge with your unit (11.02). While doing so, before making the charge roll, you must select one of the following modes:¶• Leap to Defend: When selecting charge targets, you can only select enemy units that made a charge move this phase and are within the maximum distance.¶+1CP¶• Into the Fray:¶• When making the charge roll, if the result is greater than 6 (after modifiers), change it to 6.¶• When selecting charge targets, you can select any enemy units that are within 6"" of your unit and within the maximum distance."
000010810003||||EPIC CHALLENGE||1|Either player’s turn|Fight phase|WHEN: Fight phase, just after a friendly CHARACTER unit is selected to fight.¶TARGET: That CHARACTER unit.¶EFFECT: Select one CHARACTER model in your unit. Until the end of the phase, that model’s melee weapons have the [PRECISION] ability.
000008931002|AC|000000863|Auric Champions|SLAYER OF CHAMPIONS|Epic Deed|1|Either player’s turn|Any phase|WHEN: Any phase.¶TARGET: One Adeptus Custodes Character unit from your army that has just destroyed the unit you selected at the start of your Command phase as the target of your Assemblage of Might ability.¶EFFECT: Select one enemy unit on the battlefield Until the start of your next Command phase, each time an ADEPTUS CUSTODES CHARACTER model from your army makes an attack that target that enemy unit, add 1 to the Wound roll In addition, if the destroyed unit was a CHARACTER unit, gain 1CP.
000008931007|AC|000000863|Auric Champions|SHOULDER THE MANTLE|Epic Deed|1|Your turn|Movement phase|"WHEN: Your Movement phase, before the Reinforcements step.¶TARGET: One Adeptus Custodes Character model from your army that is not leading a unit.¶EFFECT: Select one friendly unit (excluding Battle-shocked and Attached units) within 2"" horizontally and 5"" vertically of your model that it could lead (as described in the Leader section of its datasheet). Your model attaches to that unit as a Leader. Change that unit’s Starting Strength accordingly."
000008931006|AC|000000863|Auric Champions|VIGIL UNENDING|Epic Deed|2|Either player’s turn|Fight phase|WHEN: Fight phase.¶TARGET: One Adeptus Custodes Character model from your army that was just destroyed and has not fought this phase. You can use this Stratagem on that unit even though it was just destroyed.¶EFFECT: Do not remove your destroyed model from play. The destroyed model can fight after the attacking unit has finished making attacks, and is then removed from play.
000008931005|AC|000000863|Auric Champions|EARNING OF A NAME|Epic Deed|1|Either player’s turn|Fight phase|WHEN: Fight phase.¶TARGET: Up to two Adeptus Custodes Character units from your army that have not been selected to fight this phase.¶EFFECT: Until the end of the phase, each time a CHARACTER model in either of your units makes an attack that targets a MONSTER or VEHICLE unit, you can re-roll the Hit roll and you can re-roll the Wound roll.
000008931004|AC|000000863|Auric Champions|THE EMPEROR’S AUSPICE|Epic Deed|1|Either player’s turn|Shooting or Fight phase|WHEN: Your opponent’s Shooting phase or the Fight phase, just after an enemy unit has selected its targets.¶TARGET: One Adeptus Custodes Character unit from your army that was selected as the target of one or more of the attacking unit’s attacks.¶EFFECT: Until the end of the phase, CHARACTER models in your unit have the Feel No Pain 4+ ability.
000008931003|AC|000000863|Auric Champions|SUPERHUMAN RESERVES|Epic Deed|2|Either player’s turn|Any phase|WHEN: Any phase, just after an Adeptus Custodes Warlord model from your army has used an ability on its datasheet or from an Enhancement that says it can only be used Once per battle.¶TARGET: That Adeptus Custodes Warlord model.¶EFFECT: Your model can use its Once per battle’ ability one additional time during this battle (but not in the same phase).¶RESTRICTIONS: You cannot use this Stratagem more than once per battle.
000009988004|AC|000001029|Lions of the Emperor|PEERLESS WARRIOR|Battle Tactic|1|Either player’s turn|Fight phase|WHEN: Fight phase.¶TARGET: One ADEPTUS CUSTODES unit from your army that has not been selected to fight this phase.¶EFFECT: Until the end of the phase, melee weapons equipped by models in your unit have the [PRECISION] ability.
000009988007|AC|000001029|Lions of the Emperor|SWIFT AS THE EAGLE|Strategic Ploy|1|Opponent’s turn|Shooting phase|"WHEN: Your opponent’s Shooting phase, just after an enemy unit has shot.¶TARGET: One ADEPTUS CUSTODES unit from your army (excluding VEHICLE units) that was selected as the target of one or more of the attacking unit’s attacks.¶EFFECT: Your unit can make a Normal move of up to D6""."
000009988006|AC|000001029|Lions of the Emperor|MANOEUVRE AND FIRE|Strategic Ploy|1|Your turn|Movement phase|WHEN: Your Movement phase, just after an ADEPTUS CUSTODES unit from your army Falls Back.¶TARGET: That ADEPTUS CUSTODES unit.¶EFFECT: Until the end of the turn, your unit is eligible to shoot and declare a charge in a turn in which it Fell Back.
000009988005|AC|000001029|Lions of the Emperor|UNLEASH THE LIONS|Strategic Ploy|1|Your turn|Command phase|WHEN: Your Command phase.¶TARGET: One Allarus Custodians or Aquilon Custodians unit from your army that is on the battlefield.¶EFFECT: That unit is split into separate units, each containing one model. These new units each have a Starting Strength of 1.
000009988003|AC|000001029|Lions of the Emperor|DEFIANT TO THE LAST|Strategic Ploy|1|Either player’s turn|Fight phase|WHEN: Fight phase, just after an enemy unit has selected its targets.¶TARGET: One ADEPTUS CUSTODES unit from your army that was selected as the target of one or more of the attacking unit’s attacks.¶EFFECT: Until the end of the phase, each time a model in your unit is destroyed, if that model has not fought this phase, roll one D6, adding 2 to the result if that model has the CHARACTER keyword. On a 4+, do not remove it from play; the destroyed model can fight after the attacking unit has finished making its attacks (when doing so, it is treated as having 1 wound remaining), and is then removed from play.
000009988002|AC|000001029|Lions of the Emperor|GILDED CHAMPION|Strategic Ploy|1|Either player’s turn|Any phase|WHEN: Any phase, just after an Adeptus Custodes Character model from your army has used an ability on its datasheet that states it can only be used ‘once per battle’.¶TARGET: That ADEPTUS CUSTODES CHARACTER model.¶EFFECT: Your model can use that ‘once per battle’ ability one additional time during the battle (but not in the same phase).¶RESTRICTIONS: You cannot use this Stratagem on the same ADEPTUS CUSTODES CHARACTER model more than once per battle.
000010993004|AC|000001164|Might of the Moritoi|PRIORITISED ERADICATION||1|Your turn|Shooting phase|WHEN: Your Shooting phase, when a friendly TELEMON HEAVY DREADNOUGHT unit is selected to shoot.¶TARGET: That TELEMON HEAVY DREADNOUGHT unit.¶EFFECT: Your unit’s:¶• Arachnus Storm Cannon weapons have [RAPID FIRE 6].¶• Iliastus Accelerator Culverin weapons have [RAPID FIRE 2].
000010993002|AC|000001164|Might of the Moritoi|FLAWLESS CONSTRUCTION||1|Either player’s turn|Shooting or Fight phase|WHEN: Your opponent’s Shooting phase or the Fight phase, when an enemy unit targets a friendly ADEPTUS CUSTODES WALKER unit.¶TARGET: That ADEPTUS CUSTODES WALKER unit.¶EFFECT: Attacks that target your unit with a S greater than your unit’s T have -1 to wound rolls.
000010993003|AC|000001164|Might of the Moritoi|UNSTOPPABLE ADVANCE||1|Your turn|Movement phase|WHEN: Your Movement phase, when a friendly ADEPTUS CUSTODES WALKER unit is selected to move.¶TARGET: That ADEPTUS CUSTODES WALKER unit.¶EFFECT: Your unit has MOBILE.
000008927006|AC|000000862|Null Maiden Vigil|PURGATION SWEEP|Battle Tactic|1|Your turn|Shooting phase|WHEN: Your Shooting phase.¶TARGET: One Witchseekers unit from your army that has not been selected to shoot this phase.¶EFFECT: Until the end of the phase, add 1 to the Attacks characteristic of Torrent weapons equipped by models in your unit. If such a weapon targets a PSYKER or Battle-shocked unit this phase, add 2 to its Attacks characteristic instead.
000008927004|AC|000000862|Null Maiden Vigil|ANATHEMA BLADEMASTERY|Battle Tactic|1|Either player’s turn|Fight phase|WHEN: Fight phase.¶TARGET: One Vigilators unit from your army that has not been selected to fight this phase.¶EFFECT: Until the end of the phase, each time a model in your unit makes a melee attack, you can re-roll the Hit roll If the target of that attack is Battle-shocked or a PSYKER, you can re-roll the Wound roll as well.
000008927003|AC|000000862|Null Maiden Vigil|WITCH HUNTERS|Battle Tactic|1|Either player’s turn|Shooting or Fight phase|WHEN: Your Shooting phase or the Fight phase.¶TARGET: One Anathema Psykana unit from your army that has not been selected to shoot or fight this phase.¶EFFECT: Select either the [LETHAL HITS] or [SUSTAINED HITS 1] ability. Until the end of the phase, weapons equipped by models in your unit have the selected ability, but models in your unit can only target PSYKER units with their attacks.
000008927007|AC|000000862|Null Maiden Vigil|PSYCHIC ABOMINATIONS|Strategic Ploy|1|Opponent’s turn|Shooting phase|"WHEN: Your opponent’s Shooting phase, just after an enemy unit has selected its targets.¶TARGET: One Anathema Psykana Infantry unit from your army that was selected as the target of one or more of the attacking unit’s attacks.¶EFFECT: Until the end of the phase, your unit has the Stealth ability, and Battle-shocked and PSYKER models can only select your unit as a target of a ranged attack if they are within 12""."
000008927005|AC|000000862|Null Maiden Vigil|PSY-CHAFF VOLLEY|Strategic Ploy|1|Your turn|Shooting phase|WHEN: Your Shooting phase.¶TARGET: One Prosecutors unit from your army that has just shot.¶EFFECT: Select one enemy unit hit by one or more of those attacks. Until the start of your next turn, while your unit is on the battlefield, that enemy unit is prosecuted. While a unit is prosecuted, each time an Anathema Psykana model makes an attack against that unit, improve the Armour Penetration characteristic of that attack by 1. While a PSYKER or Battle-shocked unit is prosecuted, each time a model in that unit makes an attack, subtract 1 from the Hit roll.
000008927002|AC|000000862|Null Maiden Vigil|DESPERATION’S PRICE|Strategic Ploy|1|Either player’s turn|Any phase|"WHEN: Any phase, just after an enemy PSYKER unit has either finished using a Psychic ability that targets a unit, or finished making Psychic Attacks.¶TARGET: One Anathema Psykana unit from your army within 18"" of that enemy PSYKER unit.¶EFFECT: That enemy PSYKER unit must take a Leadership test If the test is passed, that PSYKER unit is Battle-shocked; if the test is failed that PSYKER unit suffers 3 mortal wounds and is Battle-shocked."
000008394007|AC|000000765|Shield Host|ARCHEOTECH MUNITIONS|Wargear|1|Your turn|Shooting phase|WHEN: Your Shooting phase.¶TARGET: One ADEPTUS CUSTODES unit from your army (excluding Anathema Psykana units) that has not been selected to shoot this phase.¶EFFECT: Select either the [LETHAL HITS] or [SUSTAINED HITS 1] ability. Until the end of the phase ranged weapons equipped by models in your unit have the selected ability.
000008394002|AC|000000765|Shield Host|ARCANE GENETIC ALCHEMY|Battle Tactic|1|Either player’s turn|Any phase|WHEN: Any phase, just after a mortal wound has been allocated to an Adeptus Custodes model from your army(excluding Anathema Psykana models).¶TARGET: That ADEPTUS CUSTODES model’s unit.¶EFFECT: Until the end of the phase, models in your unit have the Feel No Pain 4+ ability against mortal wounds.
000008394006|AC|000000765|Shield Host|VIGILANCE ETERNAL|Strategic Ploy|1|Your turn|Movement phase|WHEN: Your Movement phase.¶TARGET: One Adeptus Custodes Battleline unit from your army (excluding Anathema Psykana units) within range of an objective marker you control.¶EFFECT: That objective marker remains under your control even if you have no models within range of it, until your opponent controls it at the start or end of any turn.
000008394005|AC|000000765|Shield Host|MULTIPOTENTIALITY|Strategic Ploy|1|Your turn|Movement phase|WHEN: Your Movement phase.¶TARGET: One Adeptus Custodes unit from your army that Fell Back this phase.¶EFFECT: Until the end of your turn, that unit is eligible to shoot and declare a charge in a turn in which it Fell Back.
000008394004|AC|000000765|Shield Host|UNWAVERING SENTINELS|Strategic Ploy|1|Either player’s turn|Fight phase|WHEN: Fight phase, just after an enemy unit has selected its targets.¶TARGET: One Adeptus Custodes Infantry unit from your army (excluding Anathema Psykana units) that is within range of an objective marker you control and that was selected as the target of one or more of the attacking unit’s attacks.¶EFFECT: Until the end of the phase, each time a melee attack targets your unit, subtract 1 from the Hit roll.
000008394003|AC|000000765|Shield Host|AVENGE THE FALLEN|Strategic Ploy|1|Either player’s turn|Fight phase|WHEN: Start of the Fight phase.¶TARGET: One ADEPTUS CUSTODES unit from your army (excluding Anathema Psykana units) that is below its Starting Strength.¶EFFECT: Until the end of the phase, add 1 to the Attacks characteristic of melee weapons equipped by models in that unit. If your unit is Below Half-strength, until the end of the phase, add 2 to the Attacks characteristic of those melee weapons instead.
000010997003|AC|000001165|Silent Hunters|UMBRAL PROSECUTION||1|Your turn|Shooting phase|WHEN: Your Shooting phase, when a friendly PROSECUTORS unit is selected to shoot.¶TARGET: That PROSECUTORS unit.¶EFFECT: Your unit’s Boltgun weapons have:¶• [RAPID FIRE 2].¶• +1 AP.
000010997002|AC|000001165|Silent Hunters|DEATHSONG SCYTHES||1|Either player’s turn|Fight phase|WHEN: Fight phase, when a friendly VIGILATORS unit is selected to fight.¶TARGET: That VIGILATORS unit.¶EFFECT:¶• Your unit’s melee attacks have [LANCE].¶• Your unit’s melee attacks that target a PSYKER unit have +1 A.
000010997004|AC|000001165|Silent Hunters|SYNCHRONISED INFERNO||1|Your turn|Shooting phase|WHEN: Your Shooting phase, when a friendly WITCHSEEKERS unit is selected to shoot.¶TARGET: That WITCHSEEKERS unit.¶EFFECT: Your unit’s [TORRENT] ranged attacks have [BLAST 1].
000009754004|AC|000000986|Solar Spearhead|WRATHFUL ADVANCE|Battle Tactic|1|Either player’s turn|Fight phase|"WHEN: Fight phase, just before an ADEPTUS CUSTODES unit from your army Piles In.¶TARGET: That ADEPTUS CUSTODES unit.¶EFFECT: Until the end of the phase, each time a model in your unit makes a Pile-in move, it can move up to D3+3"" instead of up to 3""."
000009754003|AC|000000986|Solar Spearhead|EMPEROR’S VENGEANCE|Battle Tactic|1|Either player’s turn|Fight phase|WHEN: Fight phase, just after an enemy unit has selected its targets.¶TARGET: One ADEPTUS CUSTODES unit from your army that was selected as the target of one or more of the attacking unit’s attacks.¶EFFECT: Until the end of the phase, each time a model in your unit is destroyed, if that model has not fought this phase, roll one D6, adding 1 to the result if your unit has the Walker keyword. On a 4+, do not remove it from play; The destroyed model can fight after the attacking unit has finished making its attacks (when doing so, it is assumed to have 1 wound remaining), and is then removed from play.
000009754002|AC|000000986|Solar Spearhead|FLAWLESS CONSTRUCTION|Battle Tactic|1|Either player’s turn|Shooting or Fight phase|WHEN: Your opponent’s Shooting phase or the Fight phase, just after an enemy unit has selected its targets.¶TARGET: One Adeptus Custodes Vehicle unit from your army that was selected as the target of one or more of the attacking unit’s attacks.¶EFFECT: Until the end of the phase, each time an attack targets a model in your unit, if the Strength characteristic of that attack is greater than the Toughness characteristic of your unit, subtract 1 from the Wound roll.
000009754005|AC|000000986|Solar Spearhead|UNSTOPPABLE|Strategic Ploy|1|Your turn|Movement or Charge phase|WHEN: Your Movement phase or your Charge phase.¶TARGET: One Adeptus Custodes Vehicle or Adeptus Custodes Mounted unit from your army.¶EFFECT: Until the end of the phase, each time a model in your unit makes a move, it can move through terrain features.
000009754006|AC|000000986|Solar Spearhead|RELENTLESS PERSECUTION|Strategic Ploy|1|Your turn|Movement phase|WHEN: Your Movement phase, just after an ADEPTUS CUSTODES VEHICLE unit from your army Advances.¶TARGET: That Adeptus Custodes Vehicle unit.¶EFFECT: Until the end of the turn, your unit is eligible to shoot in a turn in which it Advanced. If your unit has the Walker keyword, until the end of the turn, your unit is eligible to shoot and declare a charge in a turn in which it Advanced instead.
000009754007|AC|000000986|Solar Spearhead|PUNISHMENT INESCAPABLE|Strategic Ploy|1|Your turn|Shooting phase|WHEN: Your Shooting phase.¶TARGET: One ADEPTUS CUSTODES unit from your army that has not been selected to shoot this phase.¶EFFECT: Until the end of the phase, ranged weapons equipped by models in your unit have the [IGNORES COVER] ability, and until the end of the phase, each time a model in your unit makes an attack, you can ignore any or all modifiers to that attack’s Ballistic Skill characteristic and/or any or all modifiers to the Hit roll.
000008922004|AC|000000861|Talons Of The Emperor|EMPYRIC SEVERANCE|Battle Tactic|1|Either player’s turn|Shooting or Fight phase|"WHEN: Your opponent’s Shooting phase or the Fight phase, just after an enemy unit has selected its targets.¶TARGET: One ADEPTUS CusTODES unit from your army that was selected as the target of one or more of the attacking unit’s attacks, and one friendly ANATHEMA PSYKANA unit within 6"" of that ADEPTUS CUSTODES unit.¶EFFECT: Until the end of the phase, your unit has the Feel No Pain 4+ ability against Psychic attacks and mortal wounds."
000008922005|AC|000000861|Talons Of The Emperor|EMPEROR’S EXECUTIONERS|Battle Tactic|2|Either player’s turn|Fight phase|"WHEN: Start of the Fight phase.¶TARGET: Up to two Adeptus Custodes units from your army.¶EFFECT: Until the end of the phase, each time a model in one of your units targets an enemy unit that is below its Starting Strength, add 1 to the Wound roll.¶RESTRICTIONS: You can only select two units if one (and only one) of them is an Anathema Psykana unit and both are within 6"" of each other."
000008922006|AC|000000861|Talons Of The Emperor|TALONED PINCER|Battle Tactic|1|Opponent’s turn|Movement phase|"WHEN: Your opponent’s Movement phase, just after an enemy unit ends a Normal, Advance or Fall Back move.¶TARGET: Up to two Adeptus Custodes units from your army that are within 8"" of that enemy unit.¶EFFECT: Your units can make a Normal move of up to 6"".¶RESTRICTIONS: You cannot select units that are within Engagement Range of one or more enemy units. You can only select two units if one (and only one) of them is an Anathema Psykana unit and both are within 6"" of each other."
000008922003|AC|000000861|Talons Of The Emperor|TALONS INTERLOCKED|Battle Tactic|1|Your turn|Shooting phase|"WHEN: Your Shooting phase.¶TARGET: Up to two ADEPTUS CUSTODES INFANTRY units from your army, and one enemy unit that is an eligible target for all of those units.¶EFFECT: Until the end of the phase, your units can only target that enemy unit, but each time a model in one of your units makes a ranged attack, improve the Strength and Armour Penetration characteristics of that attack by 1.¶RESTRICTIONS: You can only select two units if one (and only one) of them is an ANATHEMA PSYKANA unit and both are within 6"" of each other."
000008922007|AC|000000861|Talons Of The Emperor|SHIELD OF HONOUR|Epic Deed|1|Opponent’s turn|Shooting phase|"WHEN: Your opponent’s Shooting phase, just after an enemy unit has selected its targets.¶TARGET: One Anathema Psykana Infantry unit from your army that was selected as the target of one or more of the attacking unit’s attacks, and one other friendly Adeptus Custodes Infantry unit (excluding ANATHEMA PSYKANA units) within 6"" of that ANATHEMA PSYKANA INFANTRY unit.¶EFFECT: Until the end of the phase, any attack that targets your ANATHEMA PSYKANA unit must instead target your other ADEPTUS CUSTODES unit (unless it is not an eligible target)."
000008922002|AC|000000861|Talons Of The Emperor|HUNT AS ONE|Strategic Ploy|1|Your turn|Movement phase|"WHEN: Start of your Movement phase.¶TARGET: Up to two ADEPTUS CUSTODES units from your army.¶EFFECT: Until the end of the turn, your units are eilgible to shoot and/or declare a charge in a turn in which they Fell Back.¶RESTRICTIONS: You can only select two units if one (and only one) of them is an ANATHEMA PSYKANA unit and both are within 6"" of each other."
000011001004|AC|000001166|Tharanatoi Hammerblow|ELECTROEXORCIST SATURATION||1|Your turn|Shooting phase|WHEN: Your Shooting phase, when a friendly ADEPTUS CUSTODES TERMINATOR unit is selected to shoot.¶TARGET: That ADEPTUS CUSTODES TERMINATOR unit.¶EFFECT: Your unit’s Ballistus Grenade Launcher weapons have D3+3 A.
000011001003|AC|000001166|Tharanatoi Hammerblow|UNLEASH THE LIONS||1|Your turn|Command phase|WHEN: Your Command phase.¶TARGET: One friendly ALLARUS CUSTODIANS/AQUILON CUSTODIANS unit that is on the battlefield.¶EFFECT: Your unit is split into separate units, each containing one model. These new units each have a starting strength of 1.
000011001002|AC|000001166|Tharanatoi Hammerblow|HARDENED RESOLVE||1|Either player’s turn|Shooting or Fight phase|WHEN: Your opponent’s Shooting phase or the Fight phase, when an enemy unit targets a friendly ADEPTUS CUSTODES TERMINATORADEPTUS CUSTODES TERMINATOR unit.¶TARGET: That ADEPTUS CUSTODES TERMINATOR unit.¶EFFECT: Your unit has +1 T.
000010872002|AdM|000001158|Cohort Acquisitus|DEFECT SCRUTINY||1|Your turn|Shooting phase|"WHEN: Your Shooting phase, when a friendly ADEPTUS MECHANICUS unit is selected to shoot.¶TARGET: That ADEPTUS MECHANICUS unit.¶EFFECT: Select one visible enemy unit within 12"" of a friendly RECON AUGURY unit. Your unit’s ranged attacks that target that enemy unit have [IGNORES COVER]."
000010872004|AdM|000001158|Cohort Acquisitus|CLANDESTINE REPOSITION||1|Opponent’s turn|Fight phase|WHEN: End of your opponent’s Fight phase.¶TARGET: One friendly unengaged INFILTRATORS/PTERAXII unit.¶EFFECT: Place your unit in strategic reserves.
000010872003|AdM|000001158|Cohort Acquisitus|REPOLARISED AUGURS||1|Opponent’s turn|Movement phase|"WHEN: Start of your opponent’s Movement phase.¶TARGET: One friendly unengaged RECON AUGURY unit.¶EFFECT: Your unit has -3"" detection range until the end of the turn."
000008573002|AdM|000000823|Cohort Cybernetica|MOTIVE IMPERATIVE|Battle Tactic|1|Your turn|Command phase|"WHEN: Your Command phase.¶TARGET: One ADEPTUS MECHANICUS VEHICLE unit from your army.¶EFFECT: Until the start of your next Command phase, add 3"" to the Move characteristic of models in your unit and add 1 to Advance and Charge rolls made for it."
000008573003|AdM|000000823|Cohort Cybernetica|AUTO-DIVINATORY TARGETING|Battle Tactic|1|Your turn|Command phase|WHEN: Your Command phase.¶TARGET: One LEGIO CYBERNETICA or ADEPTUS MECHANICUS VEHICLE unit from your army, and one objective marker.¶EFFECT: Until the start of your next Command phase, ranged weapons equipped by models in your unit have a Ballistic Skill characteristic of 3+ and the [IGNORES COVER] ability, but they can only target units within range of the selected objective marker.
000008573007|AdM|000000823|Cohort Cybernetica|BENEVOLENCE OF THE OMNISSIAH|Battle Tactic|1|Your turn|Command phase|WHEN: Your Command phase.¶TARGET: One LEGIO CYBERNETICA or ADEPTUS MECHANICUS VEHICLE unit from your army.¶EFFECT: Until the start of your next Command phase, models in your unit have the Feel No Pain 6+ ability, which is improved to Feel No Pain 5+ against mortal wounds.
000008573004|AdM|000000823|Cohort Cybernetica|MACHINE SPIRIT RESURGENT|Epic Deed|1|Your turn|Command phase|WHEN: Your Command phase.¶TARGET: One LEGIO CYBERNETICA or ADEPTUS MECHANICUS VEHICLE unit from your army that is below its Starting Strength.¶EFFECT: Until the start of your next Command phase, each time a model in your unit makes an attack, you can re-roll the Hit roll. If your unit is Below Half-strength, you can re-roll the Wound roll as well.
000008573005|AdM|000000823|Cohort Cybernetica|MACHINE SUPERIORITY|Epic Deed|1|Your turn|Command phase|WHEN: Your Command phase.¶TARGET: One LEGIO CYBERNETICA or ADEPTUS MECHANICUS VEHICLE unit from your army.¶EFFECT: Until the end of the turn, your unit is eligible to shoot in a turn in which it Fell Back and you can ignore any or all modifiers to its characteristics and/or to any roll or test made for it (excluding modifiers to saving throws).
000008573006|AdM|000000823|Cohort Cybernetica|TRANSCENDENT COGITATION|Strategic Ploy|1|Your turn|Command phase|WHEN: Your Command phase.¶TARGET: One LEGIO CYBERNETICA or ADEPTUS MECHANICUS VEHICLE unit from your army.¶EFFECT: Until the start of your next Command phase, the Conqueror Imperative and Protector Imperative are both active for your unit.
000008565007|AdM|000000821|Data-Psalm Conclave|LUMINESCENT BLESSING|Battle Tactic|1|Opponent’s turn|Shooting phase|WHEN: Your opponent’s Shooting phase, just after an enemy unit has selected its targets.¶TARGET: One CULT MECHANICUS unit from your army that was selected as the target of one or more of the attacking unit’s attacks.¶EFFECT: Until the end of the phase, CULT MECHANICUS models in your unit have a 4+ invulnerable save.
000008565002|AdM|000000821|Data-Psalm Conclave|INCANTATION OF THE IRON SOUL|Battle Tactic|1|Either player’s turn|Any phase|WHEN: Any phase, just after you allocate a mortal wound to a CULT MECHANICUS model from your army.¶TARGET: That CULT MECHANICUS model’s unit.¶EFFECT: Until the end of the phase, CULT MECHANICUS models in your unit have the Feel No Pain 4+ ability against mortal wounds.
000008565003|AdM|000000821|Data-Psalm Conclave|CHANT OF THE REMORSELESS FIST|Battle Tactic|1|Either player’s turn|Fight phase|WHEN: Fight phase.¶TARGET: One CULT MECHANICUS unit from your army that has not been selected to fight this phase.¶EFFECT: Until the end of the phase, each time a CULT MECHANICUS model in your unit makes a melee attack, add 1 to the Wound roll.
000008565005|AdM|000000821|Data-Psalm Conclave|TRIBUTE OF EMPHATIC VENERATION|Strategic Ploy|1|Your turn|Movement phase|"WHEN: Start of your Movement phase.¶TARGET: One CULT MECHANICUS unit from your army and one enemy unit within 18"" of it.¶EFFECT: That enemy unit must take a Battle-shock test. If that test is failed, until the start of your next Command phase, each time a model in that enemy unit makes an attack, subtract 1 from the Hit roll."
000008565004|AdM|000000821|Data-Psalm Conclave|VERSE OF VENGEANCE|Strategic Ploy|1|Either player’s turn|Fight phase|WHEN: Fight phase, just after an enemy unit has selected its targets.¶TARGET: One CULT MECHANICUS unit from your army that was selected as the target of one or more of the attacking unit’s attacks.¶EFFECT: Until the end of the phase, each time a CULT MECHANICUS model in your unit is destroyed, if that model has not fought this phase, roll one D6: on a 4+, do not remove it from play. The destroyed model can fight after the attacking model’s unit has finished making its attacks, and is then removed from play.
000008565006|AdM|000000821|Data-Psalm Conclave|LITANY OF THE ELECTROMANCER|Strategic Ploy|1|Your turn|Shooting phase|"WHEN: Your Shooting phase.¶TARGET: One CULT MECHANICUS unit from your army.¶EFFECT: Roll one D6 for each enemy unit within 6"" of one or more CULT MECHANICUS models in your unit, adding 1 to the result if that model is an ELECTRO-PRIEST. On a 5+, that enemy unit suffers D3 mortal wounds."
000010748006|AdM|000001143|Eradication Cohort|PRECISION ONSLAUGHT|Battle Tactic|1|Your turn|Charge phase|WHEN: Your Charge phase, just after a Sicarian unit from your army declares a charge.¶TARGET: That SICARIAN unit.¶EFFECT: Until the end of the phase, when your unit ends a Charge move, select one enemy unit within Engagement Range of it, then roll one D6 for each model in your unit that is within Engagement Range of that enemy unit: for each 4+, that enemy unit suffers 1 mortal wound.
000010748007|AdM|000001143|Eradication Cohort|ANALYTIC REPRISALS|Strategic Ploy|1|Opponent’s turn|Shooting phase|WHEN: Your opponent’s Shooting phase, just after an enemy unit has shot.¶TARGET: One Skitarii Infantry unit from your army that lost one or more models as a result of the attacking unit’s attacks.¶EFFECT: Your unit can shoot as if it were your Shooting phase, but must target only that enemy unit when doing so, and can only do so if that enemy unit is an eligible target.
000010748003|AdM|000001143|Eradication Cohort|UNRELENTING AGGRESSION|Strategic Ploy|1|Your turn|Movement phase|WHEN: Your Movement phase, just after an ADEPTUS MECHANICUS unit from your army Falls Back.¶TARGET: That ADEPTUS MECHANICUS unit.¶EFFECT: Until the end of the turn, your unit is eligible to shoot in a turn in which it Fell Back. If your unit has the Skitarii keyword, your unit is eligible to shoot and declare a charge in a turn in which it Fell Back instead.
000010748004|AdM|000001143|Eradication Cohort|UNSHACKLED WRATH|Wargear|1|Your turn|Shooting phase|WHEN: Your Shooting phase.¶TARGET: One Skitarii unit from your army that has not been selected to shoot this phase.¶EFFECT: Select the [SUSTAINED HITS 1] or [LETHAL HITS] ability. Until the end of the phase, ranged weapons equipped by models in your unit have the selected ability. You can instead select the [SUSTAINED HITS 1], [LETHAL HITS] and [HAZARDOUS] abilities to apply to those weapons until the end of the phase.
000010748002|AdM|000001143|Eradication Cohort|SERVO‑DRIVEN CHARGE|Wargear|1|Either player’s turn|Fight phase|WHEN: Fight phase.¶TARGET: One ADEPTUS MECHANICUS unit from your army that has not been selected to fight this phase.¶EFFECT: Until the end of the phase, melee weapons equipped by models in your unit have the [LANCE] ability.
000008569003|AdM|000000822|Explorator Maniple|PRIORITY RECLAMATION|Battle Tactic|1|Either player’s turn|Fight phase|"WHEN: Fight phase, just before an ADEPTUS MECHANICUS unit from your army Consolidates.¶TARGET: That ADEPTUS MECHANICUS unit.¶EFFECT: Until the end of the phase, each time a model in your unit makes a Consolidation move, it can move up to 6"" instead of up to 3"", provided your unit ends that Consolidation move within range of your Acquisition objective marker.¶RESTRICTIONS: You cannot target a unit with this Stratagem if it is within 3"" of one or more enemy units."
000008569005|AdM|000000822|Explorator Maniple|AUTO-ORACULAR RETRIEVAL|Battle Tactic|2|Your turn|Shooting phase|WHEN: Your Shooting phase.¶TARGET: One ADEPTUS MECHANICUS unit from your army that disembarked from a TRANSPORT this turn.¶EFFECT: Until the end of the phase, each time a model in your unit makes a ranged attack that targets an enemy unit within range of your Acquisition objective marker, add 1 to the Wound roll.
000008569002|AdM|000000822|Explorator Maniple|CACHED ACQUISITION|Epic Deed|1|Either player’s turn|Any phase|WHEN: Any phase.¶TARGET: One ADEPTUS MECHANICUS unit from your army that was just destroyed while it was within range of an objective marker you controlled. You can use this Stratagem on that unit even though it was just destroyed.¶EFFECT: That objective marker remains under your control, even if you have no models within range of it, until your opponent controls it at the start or end of any turn.
000008569007|AdM|000000822|Explorator Maniple|REACTIVE SAFEGUARD|Strategic Ploy|1|Opponent’s turn|Charge phase|"WHEN: Your opponent’s Charge phase, just after an enemy unit has declared a charge.¶TARGET: One ADEPTUS MECHANICUS INFANTRY¶unit from your army within range of your Acquisition objective marker that was selected as a target of that charge, and one friendly ADEPTUS MECHANICUS TRANSPORT.¶EFFECT: Your unit can embark within that TRANSPORT.¶RESTRICTIONS: Every model in your unit must be within 3"" of that TRANSPORT and there must be sufficient transport capacity to embark the entire unit."
000008569004|AdM|000000822|Explorator Maniple|INFOSLAVE SKULL|Wargear|1|Your turn|Command phase|"WHEN: Your Command phase.¶TARGET: One TECH-PRIEST model from your army and one objective marker within 24"" of that model (excluding your Acquisition objective marker].¶EFFECT: Until the start of your next Command phase, that objective marker is also considered to be one of your Acquisition objective markers for all rules purposes."
000008569006|AdM|000000822|Explorator Maniple|INCENSE EXHAUSTS|Wargear|1|Opponent’s turn|Shooting phase|"WHEN: Your opponent’s Shooting phase, just after an enemy unit has selected its targets.¶TARGET: One ADEPTUS MECHANICUS INFANTRY unit¶from your army that was selected as the target of one or more of the attacking unit’s attacks, and one friendly ADEPTUS MECHANICUS SMOKE unit within 6"" of it.¶EFFECT: Until the end of the phase, both of those units have the Stealth ability and the Benefit of Cover."
000009746003|AdM|000000984|Haloscreed Battle Clade|TARGETING OVERRIDE|Battle Tactic|1|Either player’s turn|Shooting or Fight phase|WHEN: Your Shooting phase or the Fight phase.¶TARGET: One ADEPTUS MECHANICUS unit from your army that has not been selected to shoot or fight this phase.¶EFFECT: Until the end of the phase, each time a model in your unit makes an attack, an unmodified Hit roll of 5+ scores a Critical Hit.
000009746002|AdM|000000984|Haloscreed Battle Clade|ERADICATION PROTOCOLS|Battle Tactic|1|Either player’s turn|Shooting or Fight phase|WHEN: Your Shooting phase or the Fight phase.¶TARGET: One ADEPTUS MECHANICUS unit from your army that has not been selected to shoot or fight this phase.¶EFFECT: Until the end of the phase, each time a model in your unit makes an attack, re-roll a Wound roll of 1, and, if it is a HALO OVERRIDE unit, re-roll a Hit roll of 1.
000009746007|AdM|000000984|Haloscreed Battle Clade|ANALYTICAL DIVINATION|Strategic Ploy|1|Opponent’s turn|Movement phase|"WHEN: Your opponent’s Movement phase, just after an enemy unit ends a Normal, Advance or Fall Back move.¶TARGET: One Adeptus Mechanicus Infantry unit (excluding Kataphron units) from your army that is within 8"" of that enemy unit and not within Engagement Range of one or more enemy units.¶EFFECT: Your unit can make a Normal move of up to D6"", or up to 6"" instead if it is a HALO OVERRIDE unit."
000009746006|AdM|000000984|Haloscreed Battle Clade|GUIDED RETREAT|Strategic Ploy|1|Your turn|Movement phase|WHEN: Your Movement phase, just after an ADEPTUS MECHANICUS unit from your army makes a Fall Back move.¶TARGET: That ADEPTUS MECHANICUS unit.¶EFFECT: Until the end of the turn, your unit is eligible to shoot and declare a charge in a turn in which it Fell Back, and, if it is a HALO OVERRIDE unit, you can re-roll Desperate Escape tests taken for it.
000009746005|AdM|000000984|Haloscreed Battle Clade|AGGRESSIVE IMPULSE|Strategic Ploy|1|Your turn|Movement phase|WHEN: Your Movement phase.¶TARGET: One Skorpius Dunerider model from your army that has not been selected to move this phase.¶EFFECT: Until the end of the turn, each time an ADEPTUS MECHANICUS unit disembarks from that model after it has made a Normal move, that unit makes an assault disembark move (Core Rules, 18.06) for that disembarkation.
000009746004|AdM|000000984|Haloscreed Battle Clade|NEURAL OVERLOAD|Strategic Ploy|1|Your turn|Movement phase|WHEN: Your Movement phase.¶TARGET: One ADEPTUS MECHANICUS unit from your army.¶EFFECT: If your unit is a HALO OVERRIDE unit, it suffers D3 mortal wounds. Select one Override ability. Until the start of your next Command phase, that ability is active for your unit.¶Designer’s Note: This means that if the targeted unit already has the HALO OVERRIDE keyword, it can be affected by multiple Override abilities at the same time, but suffers mortal wounds to do so. Alternatively, if your unit does not have the HALO OVERRIDE keyword, it instead has the chosen Override ability until the start of your next Command phase, but does not benefit from any other Override abilities that are active.
000010876002|AdM|000001159|Lords of the Forge|SCRIPTURAL PROGNOSIS||1|Either player’s turn|Shooting or Fight phase|WHEN: In your opponent’s Shooting phase or the Fight phase, when an enemy unit targets a friendly TECH-PRIEST unit that is within range of an objective.¶TARGET: That TECH-PRIEST unit.¶EFFECT: Attacks that target your unit have -1 AP until that enemy unit has attacked.
000010876004|AdM|000001159|Lords of the Forge|HOLY AVARICE||1|Your turn|Shooting phase|WHEN: Your Shooting phase, when a friendly TECH-PRIEST unit starts an action.¶TARGET: That TECH-PRIEST unit.¶EFFECT: That action does not prevent your unit from being eligible to shoot.
000010876003|AdM|000001159|Lords of the Forge|OVERLOADED SAFEGUARDS||1|Your turn|Movement phase|WHEN: Your Movement phase, when a friendly TECH-PRIEST unit is selected to make a fall-back move.¶TARGET: That TECH-PRIEST unit.¶EFFECT: That move does not prevent your unit from being eligible to shoot/declare a charge.
000010880002|AdM|000001160|Luminen Auto-choir|ECHOES OF THE CONDUIT WARS||1|Either player’s turn|Shooting or Fight phase|WHEN: Your Shooting phase or the Fight phase, when a friendly ELECTRO-PRIESTS unit is selected to attack.¶TARGET: That ELECTRO-PRIESTS unit.¶EFFECT: Your unit’s attacks that target a unit within range of an objective can:¶• Re-roll hit rolls of 1.¶• Re-roll wound rolls of 1.
000010880003|AdM|000001160|Luminen Auto-choir|CHANT OF ELECTROTRACTION||1|Your turn|Movement phase|WHEN: Your Movement phase, when a friendly ELECTRO-PRIESTS BATTLECLADE unit is selected to make an advance move.¶TARGET: That ELECTRO-PRIESTS unit.¶EFFECT: That move does not prevent your unit from being eligible to declare a charge.
000010880004|AdM|000001160|Luminen Auto-choir|MOMENTUM FEEDBACK||1|Opponent’s turn|Shooting phase|"WHEN: Your opponent’s Shooting phase, when an enemy unit that targeted a friendly unengaged ELECTRO-PRIESTS unit has shot.¶TARGET: That ELECTRO-PRIESTS unit.¶EFFECT: Your unit can make a surge move of up to D6""."
000008386005|AdM|000000762|Rad-Zone Corps|PRE-CALIBRATED PURGE SOLUTION|Battle Tactic|1|Your turn|Shooting phase|"WHEN: Your Shooting phase.¶TARGET: One ADEPTUS MECHANICUS unit from your army that has not been selected to shoot this phase. If that unit is BATTLELINE, you can also target one friendly SKITARII unit (excluding BATTLELINE units) within 6"" of it.¶EFFECT: Until the end of the phase, each time a model in one of those units makes a ranged attack, if the target of that attack is within your opponent’s deployment zone, you can re-roll the Hit roll."
000008386007|AdM|000000762|Rad-Zone Corps|BULWARK IMPERATIVE|Battle Tactic|2|Opponent’s turn|Shooting phase|"WHEN: Your opponent’s Shooting phase, just after an enemy unit has selected its targets.¶TARGET: One SKITARII unit from your army that was selected as the target of one or more of the attacking unit’s attacks. If that unit is BATTLELINE, you can also target one friendly SKITARII unit (excluding BATTLELINE units) within 6"" of it.¶EFFECT: Until the end of the phase, models in those units from your army have a 4+ invulnerable save."
000008386004|AdM|000000762|Rad-Zone Corps|AGGRESSOR IMPERATIVE|Battle Tactic|1|Your turn|Movement phase|"WHEN: Your Movement phase.¶TARGET: One SKITARII unit from your army that has not been selected to move this phase. If that unit is BATTLELINE, you can also target one friendly SKITARII unit (excluding BATTLELINE units) within 6"" of it.¶EFFECT: Until the end of the phase, each time one of those units Advances, do not make an Advance roll for it. Instead, until the end of the phase, add 6"" to the Move characteristic of models in that unit."
000008386002|AdM|000000762|Rad-Zone Corps|BALEFUL HALO|Battle Tactic|2|Either player’s turn|Fight phase|"WHEN: Fight phase, just after an enemy unit has selected its targets.¶TARGET: One ADEPTUS MECHANICUS unit from your army (excluding Vehicle units) that was selected as the target of one or more of that enemy unit’s attacks. If that unit is BATTLELINE, you can also target one friendly SKITARII unit (excluding BATTLELINE units) within 6"" of it.¶EFFECT: Until the end of the turn, each time an attack is made that targets your unit, subtract 1 from the Wound roll."
000008386003|AdM|000000762|Rad-Zone Corps|EXTINCTION ORDER|Strategic Ploy|1|Your turn|Command phase|"WHEN: Your Command phase.¶TARGET: One Tech-Priest model from your army and one objective marker within 24"" of that model.¶EFFECT: Roll one D6 for each enemy unit within range of that objective marker. On a 4+, that unit suffers 1 mortal wound and it must take a Battle-shock test."
000008386006|AdM|000000762|Rad-Zone Corps|LETHAL DOSAGE|Wargear|1|Your turn|Shooting phase|WHEN: Your Shooting phase.¶TARGET: One ADEPTUS MECHANICUS unit from your army that has not been selected to shoot this phase.¶EFFECT: Until the end of the phase, ranged weapons equipped by models in your unit have the [LETHAL HITS] ability.
000008561004|AdM|000000820|Skitarii Hunter Cohort|EXPEDITED PURGE PROTOCOL|Strategic Ploy|1|Your turn|Charge phase|WHEN: Your Charge phase.¶TARGET: One SKITARII unit from your army.¶EFFECT: Until the end of the phase, your unit is eligible to declare a charge in a turn in which it Advanced.
000008561007|AdM|000000820|Skitarii Hunter Cohort|PROGRAMMED WITHDRAWAL|Strategic Ploy|1|Opponent’s turn|Fight phase|"WHEN: End of your opponent’s Fight phase.¶TARGET: Up to two SICARIAN units from your army, or one SKITARII INFANTRY or SKITARII MOUNTED unit from your army.¶EFFECT: Remove those units from the battlefield and place them into Strategic Reserves.¶RESTRICTIONS: Each unit targeted with this Stratagem must be more than 3"" away from all enemy units."
000008561006|AdM|000000820|Skitarii Hunter Cohort|SHROUD PROTOCOLS|Strategic Ploy|1|Opponent’s turn|Shooting phase|"WHEN: Your opponent’s Shooting phase, just after an enemy unit has selected its targets.¶TARGET: One SKITARII INFANTRY unit from your army that was selected as the target of one or more of the attacking unit’s attacks.¶EFFECT: Until the end of the phase, your unit can only be selected as the target of a ranged attack if the attacking model is within 18""."
000008561005|AdM|000000820|Skitarii Hunter Cohort|ISOLATE AND DESTROY|Strategic Ploy|1|Your turn|Shooting phase|"WHEN: Your Shooting phase.¶TARGET: One SICARIAN, PTERAXII, SYDONIAN,¶IRONSTRIDER BALLISTARII or SKITARII MOUNTED unit from your army that has not been selected to shoot this phase.¶EFFECT: Until the end of the phase, each time a model in your unit makes an attack, if there are no other enemy units within 6"" of the unit targeted by that attack, add 1 to the Wound roll."
000008561003|AdM|000000820|Skitarii Hunter Cohort|BINHARIC OFFENCE|Strategic Ploy|2|Either player’s turn|Shooting or Fight phase|WHEN: The start of your Shooting phase or the start of the Fight phase.¶TARGET: Two SKITARII units from your army that have not been selected to shoot or fight this phase, and one enemy unit.¶EFFECT: Until the end of the phase, improve the Armour Penetration characteristic of weapons equipped by models in both of your units by 1.¶RESTRICTIONS: Until the end of the phase, each time a model in either of your units makes an attack, it can only target that enemy unit (and only if it is an eligible target].
000008561002|AdM|000000820|Skitarii Hunter Cohort|BIONIC ENDURANCE|Strategic Ploy|1|Either player’s turn|Shooting or Fight phase|WHEN: Your opponent’s Shooting phase orthe Fight phase, just after an enemy unit has selected its targets.¶TARGET: One SICARIAN, PTERAXII or SYDONIAN unit from your army that was selected as the target of one or more of the attacking unit’s attacks.¶EFFECT: Until the end of the phase, models in your unit have the Feel No Pain 5+ ability.
000009770003|AE|000000990|Armoured Warhost|SOULSIGHT||1|Your turn|Shooting phase|WHEN: Your Shooting phase, when a friendly AELDARI VEHICLE unit is selected to shoot.¶TARGET: That AELDARI VEHICLE unit.¶EFFECT: Your unit’s attacks can re-roll:¶• One hit roll.¶• One wound roll.¶• One damage roll.
000009770002|AE|000000990|Armoured Warhost|LAYERED WARDS||1|Either player’s turn|Any phase|WHEN: Any phase, when a friendly AELDARI VEHICLE unit suffers a mortal wound.¶TARGET: That AELDARI VEHICLE unit.¶EFFECT: Your unit has Feel No Pain 5+ against mortal wounds.
000009770004|AE|000000990|Armoured Warhost|VECTORED ENGINES||1|Your turn|Movement phase|WHEN: Your Movement phase, when a friendly AELDARI VEHICLE unit makes a fall-back move.¶TARGET: That AELDARI VEHICLE unit.¶EFFECT: That move does not prevent your unit from being eligible to shoot.
000009928002|AE|000001024|Aspect Host|WARRIOR FOCUS|Battle Tactic|1|Either player’s turn|Shooting or Fight phase|WHEN: Your Shooting phase or the Fight phase.¶TARGET: One Aspect Warriors or Avatar of Khaine unit from your army that has not been selected to shoot or fight this phase.¶EFFECT: Until the end of the phase, each time a model in your unit makes an attack, you can ignore any or all modifiers to that attack’s Ballistic Skill, Weapon skill, Strength, Armour Penetration and Damage characteristics and/or any or all modifiers to the Hit roll.
000009928006|AE|000001024|Aspect Host|PRETERNATURAL PRECISION|Battle Tactic|1|Your turn|Shooting phase|WHEN: Your Shooting phase.¶TARGET: One Aspect Warriors unit from your army that has not been selected to shoot this phase.¶EFFECT: Each time you use this Stratagem, you can remove one Aspect Shrine token your unit has (see datasheets). Then, select one of the following abilities, or select two of the following abilities if you removed an Aspect Shrine token during this usage of this Stratagem: [IGNORES COVER], [LETHAL HITS], [SUSTAINED HITS 1]. Until the end of the phase, ranged weapons equipped by models in your unit have the selected abilities.
000009928005|AE|000001024|Aspect Host|DOOM INESCAPABLE|Battle Tactic|1|Your turn|Shooting phase|"WHEN: Your Shooting phase.¶TARGET: One Avatar of Khaine model from your army that has not been selected to shoot this phase.¶EFFECT: Until the end of the phase, your model’s Wailing Doom ranged weapon has a Range characteristic of 18"" and a Damage characteristic of 8."
000009928003|AE|000001024|Aspect Host|TO THEIR FINAL BREATH|Strategic Ploy|1|Either player’s turn|Fight phase|WHEN: Fight phase, just after an enemy unit has selected its targets.¶TARGET: One Aspect Warriors or Avatar of Khaine unit from your army that was selected as the target of one or more of the attacking unit’s attacks.¶EFFECT: Each time you use this Stratagem, you can remove one Aspect Shrine token your unit has (see datasheets). Then, until the end of the phase, each time a model in your unit is destroyed, if that model has not fought this phase, roll one D6, adding 1 to the result if you removed an Aspect Shrine token during this usage of this Stratagem. On a 4+, do not remove the destroyed model from play; it can fight after the attacking unit has finished making its attacks, and is then removed from play.
000009928007|AE|000001024|Aspect Host|KHAINE’S VENGEANCE|Strategic Ploy|1|Opponent’s turn|Movement phase|WHEN: Your opponent’s Movement phase, just after an enemy unit (excluding MONSTERS and VEHICLES) is selected to Fall Back.¶TARGET: One Aspect Warriors or Avatar of Khaine unit from your army that is within Engagement Range of that enemy unit.¶EFFECT: All models in that enemy unit must take a Desperate Escape test. When doing so, if that enemy unit is Battle-shocked, subtract 1 from each of those tests.
000009928004|AE|000001024|Aspect Host|SKYBORNE SANCTUARY|Strategic Ploy|1|Either player’s turn|Fight phase|WHEN: End of the Fight phase.¶TARGET: One unengaged ASURYANI unit from your army that was eligible to fight this phase and one friendly TRANSPORT it is able to embark within.¶EFFECT: If your ASURYANI unit is wholly within 6” of that TRANSPORT, it can embark within it.
000010705002|AE|000001136|Corsair Coterie|PIRATES’ DUE|Battle Tactic|1|Either player’s turn|Fight phase|WHEN: The Fight phase.¶TARGET: One AELDARI unit from your army that has not been selected to fight this phase.¶EFFECT: Until the end of the phase, each time a model in your unit makes an attack, re-roll a Wound roll of 1. If your unit has the Anhrathe keyword, then until the end of the phase, each time a model in your unit makes an attack that targets an enemy unit within range of an objective marker, you can re-roll the Wound roll instead.
000010705006|AE|000001136|Corsair Coterie|CLOAK AND SHADOW|Strategic Ploy|1|Opponent’s turn|Shooting phase|"WHEN: Your opponent’s Shooting phase, just after an enemy unit has selected its targets.¶TARGET: One Aeldari Infantry unit from your army that is within range of an objective marker that you control and that was selected as the target of one or more of the attacking unit’s attacks.¶EFFECT: Until the end of the phase, models in your unit have the Stealth ability and your unit can only be selected as the target of a ranged attack if the attacking model is within 18""."
000010705007|AE|000001136|Corsair Coterie|VENGEFUL SORROW|Strategic Ploy|1|Opponent’s turn|Shooting phase|"WHEN: Your opponent’s Shooting phase, just after an enemy unit has shot.¶TARGET: One AELDARI INFANTRY unit from your army, if one or more models in that unit were destroyed as a result of those attacks, and if that AELDARI unit is neither Battle-shocked nor within Engagement Range of one or more enemy units.¶EFFECT: Your unit can make a surge move of up to D6+1""."
000010705005|AE|000001136|Corsair Coterie|INTO THE BREACH|Strategic Ploy|1|Your turn|Shooting phase|"WHEN: Your Shooting phase, just after an Anhrathe unit from your army destroyed one or more enemy units.¶TARGET: That ANHRATHE unit.¶EFFECT: After your unit has resolved all of its shooting attacks, it can make a Normal move of up to D6+1""."
000010705004|AE|000001136|Corsair Coterie|OUTCAST AMBUSH|Strategic Ploy|1|Your turn|Shooting phase|WHEN: Your Shooting phase.¶TARGET: One Rangers or Shroud Runners unit from your army that has not been selected to shoot this phase.¶EFFECT: Until the end of the phase, ranged weapons equipped by models in your unit have the [IGNORES COVER] and [RAPID FIRE 1] abilities, and until the end of the phase, improve the Armour Penetration characteristic of those weapons by 1.
000010705003|AE|000001136|Corsair Coterie|LETHAL RUSE|Strategic Ploy|1|Your turn|Movement phase|WHEN: Your Movement phase, just after an AELDARI unit from your army Falls Back.¶TARGET: That AELDARI unit.¶EFFECT: Until the end of the turn, your unit is eligible to declare a charge in a turn in which it Fell Back. If it is an Anhrathe unit, also select one enemy unit your unit was within Engagement Range of at the start of the phase, and roll six D6: for each 4+, that enemy unit suffers 1 mortal wound.
000009920003|AE|000001022|Devoted of Ynnead|MACABRE RESILIENCE|Battle Tactic|1|Either player’s turn|Shooting or Fight phase|WHEN: Your opponent’s Shooting phase or the Fight phase, just after an enemy unit has selected its targets.¶TARGET: One Ynnari Infantry or Ynnari Mounted unit from your army (excluding Wraith Construct units) that was selected as the target of one or more of the attacking unit’s attacks.¶EFFECT: Until the end of the phase, each time an attack targets your unit, subtract 1 from the Wound roll.
000009920004|AE|000001022|Devoted of Ynnead|EMISSARIES OF YNNEAD|Battle Tactic|1|Either player’s turn|Fight phase|WHEN: Fight phase, just after a Ynnari Infantry unit from your army has selected its targets.¶TARGET: That YNNARI INFANTRY unit.¶EFFECT: Until the end of the phase, each time a model in your unit makes an attack, re-roll a Hit roll of 1. If your unit is below its Starting Strength, you can re-roll the Hit roll instead.
000009920006|AE|000001022|Devoted of Ynnead|SOULSIGHT|Battle Tactic|1|Your turn|Shooting phase|WHEN: Your Shooting phase.¶TARGET: One Ynnari unit from your army that has not been selected to shoot this phase.¶EFFECT: Until the end of the phase, ranged weapons equipped by models in your unit have the [LETHAL HITS] and [IGNORES COVER] abilities.
000009920005|AE|000001022|Devoted of Ynnead|PARTING THE VEIL|Strategic Ploy|2|Either player’s turn|Fight phase|WHEN: Fight phase, just after an enemy unit has selected its targets.¶TARGET: One Ynnari unit from your army that was selected as the target of one or more of the attacking unit’s attacks.¶EFFECT: Until the end of the phase, each time a model in your unit is destroyed, if that model has not fought this phase, do not remove it from play. The destroyed model can fight after the attacking unit has finished making its attacks, and is then removed from play.
000009920007|AE|000001022|Devoted of Ynnead|DEATH ANSWERS DEATH|Strategic Ploy|1|Opponent’s turn|Shooting phase|WHEN: End of your opponent’s Shooting phase.¶TARGET: One Ynnari unit from your army (excluding Wraith Construct units), if one or more models in that unit were destroyed this phase.¶EFFECT: Your unit can shoot as if it were your Shooting phase.
000009920002|AE|000001022|Devoted of Ynnead|PALL OF DREAD|Strategic Ploy|1|Either player’s turn|Any phase|WHEN: Any phase.¶TARGET: One Ynnari unit from your army that was just destroyed while it was within range of one or more objective markers you controlled at the end of the previous phase. You can use this Stratagem on that unit even though it was just destroyed.¶EFFECT: Select one of those objective markers. That objective marker remains under your control until your opponent’s Level of Control over that objective marker is greater than yours at the end of a phase.
000010700005|AE|000001135|Eldritch Raiders|NO PREY TOO BIG|Battle Tactic|1|Your turn|Shooting phase|WHEN: Your Shooting phase.¶TARGET: One Anhrathe, Rangers or Shroud Runners unit from your army that has not been selected to shoot this phase.¶EFFECT: Until the end of the phase, each time a model in your unit makes an attack, if the Strength characteristic of that attack is less than the highest Toughness characteristic of models in the target unit, add 1 to the Wound roll.
000010700004|AE|000001135|Eldritch Raiders|YRIEL’S EXAMPLE|Epic Deed|1|Either player’s turn|Fight phase|WHEN: Fight phase, just after an enemy unit has selected its targets.¶TARGET: One Aeldari Infantry unit from your army (excluding Wraith Construct units) that was selected as the target of one or more of the attacking unit’s attacks.¶EFFECT: Until the end of the phase, models in your unit have the Feel No Pain 5+ ability.
000010700003|AE|000001135|Eldritch Raiders|RUTHLESS KILLERS|Strategic Ploy|1|Either player’s turn|Shooting or Fight phase|WHEN: Your Shooting phase or the Fight phase.¶TARGET: One Corsair Voidscarred unit from your army that has not been selected to shoot or Fight this phase.¶EFFECT: Until the end of the phase, each time a model in your unit makes an attack, add 1 to the Damage characteristic of that attack.
000010700002|AE|000001135|Eldritch Raiders|RAIDERS’ SPOILS|Strategic Ploy|1|Either player’s turn|Command phase|WHEN: Command phase.¶TARGET: One Anhrathe unit from your army that is within Engagement Range of one or more enemy units.¶EFFECT: Until the start of the next Command phase, add 1 to the Objective Control characteristic of models in your unit.
000010700007|AE|000001135|Eldritch Raiders|WITHDRAW AND REINFORCE|Strategic Ploy|1|Opponent’s turn|Fight phase|WHEN: End of your opponent’s Fight phase.¶TARGET: One Anhrathe unit from your army that is not within Engagement Range of one or more enemy units.¶EFFECT: Remove your unit from the battlefield and place it into Strategic Reserves. If that unit is below Starting Strength, return all destroyed models (excluding CHARACTER models) to that unit.
000010700006|AE|000001135|Eldritch Raiders|IMPEDING FIRE|Wargear|1|Opponent’s turn|Charge phase|"WHEN: Start of your opponent’s Charge phase.¶TARGET: One Rangers, Shroud Runners or Starfang unit from your army.¶EFFECT: Select one enemy unit (excluding TITANIC units) visible to and within 36"" of your unit. Until the end of the phase, each time that enemy unit declares a charge, subtract 2 from the Charge roll (this is not cumulative with any other negative modifiers to that Charge roll)."
000011045002|AE|000001201|Fateful Performance|HEROES’ FALL||1|Either player’s turn|Fight phase|WHEN: Fight phase, when an enemy unit targets a friendly HARLEQUINS unit.¶TARGET: That HARLEQUINS unit.¶EFFECT: When a model in your unit is destroyed, if your unit has not been selected to fight this phase, roll one D6:¶• On a 4+, do not remove that model from the battlefield. When your unit has fought, or at the end of the phase (whichever comes first), that model is removed from the battlefield.
000011045003|AE|000001201|Fateful Performance|EXIT THE STAGE||1|Opponent’s turn|Fight phase|WHEN: End of your opponent’s Fight phase.¶TARGET: One friendly unengaged HARLEQUINS unit.¶EFFECT: Place your unit in strategic reserves
000011045004|AE|000001201|Fateful Performance|DECEPTIVE FEINT||1|Opponent’s turn|Movement phase|"WHEN: Your opponent’s Movement phase, when an enemy unit ends a move within 8"" of a friendly unengaged HARLEQUINS INFANTRY unit.¶TARGET: That HARLEQUINS INFANTRY unit.¶EFFECT: Your unit can make a normal move of up to D3+3""."
000009916002|AE|000001021|Ghosts of the Webway|STAGED DEATH|Strategic Ploy|1|Either player’s turn|Any phase|WHEN: Any phase.¶TARGET: One Harlequins Character model from your army that was just destroyed. You can use this Stratagem on that model even though it was just destroyed.¶EFFECT: At the end of the phase, set your model back up on the battlefield as close as possible to where it was destroyed and not within Engagement Range of any enemy units, with half of its starting number of wounds remaining.¶RESTRICTIONS: Each model can only be targeted with this Stratagem once per battle.
000009916007|AE|000001021|Ghosts of the Webway|EXIT THE STAGE|Strategic Ploy|1|Opponent’s turn|Fight phase|WHEN: End of your opponent’s Fight phase.¶TARGET: One Harlequins unit from your army that is not within Engagement Range of one or more enemy units.¶EFFECT: Remove your unit from the battlefield and place it into Strategic Reserves.
000009916006|AE|000001021|Ghosts of the Webway|BLOODY DANCE|Strategic Ploy|1|Opponent’s turn|Charge phase|"WHEN: End of your opponent’s Charge phase.¶TARGET: One Harlequins Infantry or Harlequins Mounted unit from your army that is within 6"" of one or more enemy units and would be eligible to declare a charge against one or more of those enemy units if it were your Charge phase.¶EFFECT: Your unit now declares a charge that only targets one or more of those enemy units, and you resolve that charge.¶RESTRICTIONS: Note that even if this charge is successful, your unit does not receive any Charge bonus this turn."
000009916005|AE|000001021|Ghosts of the Webway|TRICKSTERS’ RETORT|Strategic Ploy|1|Opponent’s turn|Movement phase|"WHEN: Your opponent’s Movement phase, just after an enemy unit ends a Normal, Advance or Fall Back move.¶TARGET: One Troupe unit from your army that is within 8"" of that enemy unit.¶EFFECT: Your unit can make a Normal move of up to 6""."
000009916004|AE|000001021|Ghosts of the Webway|MOCKING FLIGHT|Strategic Ploy|1|Your turn|Movement phase|WHEN: Your Movement phase, just after a Harlequins unit from your army Falls Back.¶TARGET: That HARLEQUINS unit.¶EFFECT: Until the end of the turn, your unit is eligible to shoot and declare a charge in a turn in which it Fell Back.
000009916003|AE|000001021|Ghosts of the Webway|HEROES’ FALL|Strategic Ploy|1|Either player’s turn|Fight phase|WHEN: Fight phase, just after an enemy unit has selected its targets.¶TARGET: One Harlequins unit from your army that was selected as the target of one or more of the attacking unit’s attacks.¶EFFECT: Until the end of the phase, each time a model in your unit is destroyed, if that model has not fought this phase, roll one D6. On a 4+, do not remove the destroyed model from play; it can fight after the attacking unit has finished making its attacks, and is then removed from play.
000009912002|AE|000001020|Guardian Battlehost|WARDING SALVOES|Battle Tactic|1|Either player’s turn|Shooting or Fight phase|WHEN: Your Shooting phase or the Fight phase.¶TARGET: One Dire Avengers or Guardians unit from your army that has not been selected to shoot or fight this phase.¶EFFECT: Until the end of the phase, each time a model in your unit makes an attack that targets an enemy unit within range of one or more objective markers, you can re-roll the Wound roll.
000009912003|AE|000001020|Guardian Battlehost|SHIELD NODES|Battle Tactic|1|Either player’s turn|Shooting or Fight phase|WHEN: Your opponent’s Shooting phase or the Fight phase, just after an enemy unit has selected its targets.¶TARGET: One Dire Avengers or Guardians unit from your army that was selected as the target of one or more of the attacking unit’s attacks.¶EFFECT: If your unit is within range of one or more objective markers, until the end of the phase, each time an attack targets your unit, subtract 1 from the Wound roll.
000009912006|AE|000001020|Guardian Battlehost|BLADES OF ASURYAN|Battle Tactic|1|Your turn|Shooting phase|WHEN: Your Shooting phase.¶TARGET: One Dire Avengers or Guardians unit from your army that has not been selected to shoot this phase.¶EFFECT: Until the end of the phase, ranged weapons equipped by models in your unit have the [PISTOL] ability.
000009912004|AE|000001020|Guardian Battlehost|VAUL’S VENGEANCE|Battle Tactic|1|Either player’s turn|Shooting or Fight phase|WHEN: Your opponent’s Shooting phase or the Fight phase, just after an enemy unit destroys a Dire Avengers or Guardians unit from your army.¶TARGET: One War Walkers unit from your army.¶EFFECT: After that enemy unit has finished making its attacks, your unit can shoot as if it were your Shooting phase, but when resolving those attacks, it can only target that enemy unit (and only if it is an eligible target).¶RESTRICTIONS: You can only use this Stratagem once per battle round.
000009912005|AE|000001020|Guardian Battlehost|TIME TO STRIKE|Strategic Ploy|1|Your turn|Movement phase|"WHEN: Your Movement phase.¶TARGET: One Storm Guardians unit from your army that has not been selected to move this phase.¶EFFECT: Until the end of the phase, each time your unit Advances, do not make an Advance roll. Instead, until the end of the phase, add 6"" to the Move characteristic of models in your unit. Until the end of the turn, your unit is eligible to shoot and declare a charge in a turn in which it Advanced."
000009912007|AE|000001020|Guardian Battlehost|COST OF VICTORY|Strategic Ploy|1|Opponent’s turn|Fight phase|WHEN: End of your opponent’s Fight phase.¶TARGET: One Guardians unit from your army.¶EFFECT: If your unit is not within Engagement Range of one or more enemy units, remove it from the battlefield and place it into Strategic Reserves. When doing so, return every destroyed GUARDIANS model to your unit.
000011049004|AE|000001202|Path of the Outcast|NOMADS OF THE HIDDEN WAY||1|Your turn|Shooting phase|"WHEN: Your Shooting phase, when a friendly RANGERS/SHROUD RUNNERS unit has shot.¶TARGET: That RANGERS/SHROUD RUNNERS unit.¶EFFECT:¶• Your unit can make a normal move of up to D6"".¶• Your unit is not eligible to declare a charge or embark within a TRANSPORT until the end of the turn."
000011049003|AE|000001202|Path of the Outcast|CASTING BACK THE VEIL||1|Your turn|Shooting phase|"WHEN: Your Shooting phase, when a friendly RANGERS/SHROUD RUNNERS unit has shot.¶TARGET: That RANGERS/SHROUD RUNNERS unit.¶EFFECT: Select one enemy unit hit by those ranged attacks. That enemy unit has +6"" detection range."
000011049002|AE|000001202|Path of the Outcast|ELDRITCH SUPPRESSION||1|Your turn|Shooting phase|WHEN: Your Shooting phase, when a friendly RANGERS/SHROUD RUNNERS unit has shot.¶TARGET: That RANGERS/SHROUD RUNNERS unit.¶EFFECT: Select one enemy unit hit by those ranged attacks. That enemy unit makes a battle-shock roll, with -1 to that battle-shock roll if a model in that enemy unit was destroyed by those attacks.
000009924005|AE|000001023|Seer Council|FATE INESCAPABLE|Battle Tactic|1|Your turn|Shooting phase|"WHEN: Your Shooting phase.¶TARGET: One Asuryani Infantry unit from your army (excluding Wraith Construct units) that has not been selected to shoot this phase and is within 9"" of one or more friendly Asuryani Psyker models.¶EFFECT: Until the end of the phase, ranged weapons equipped by models in your unit have the [IGNORES COVER] ability and each time a model in your unit makes an attack, on a Critical Wound, improve the Armour Penetration characteristic of that attack by 1."
000009924006|AE|000001023|Seer Council|ISHA’S FURY|Epic Deed|1|Opponent’s turn|Movement phase|"WHEN: Your opponent’s Movement phase, just after an enemy unit ends a Normal, Advance or Fall Back move.¶TARGET: One Asuryani Psyker model from your army within 9"" of that enemy unit.¶EFFECT: Roll six D6: for each 3+, that enemy unit suffers 1 mortal wound."
000009924004|AE|000001023|Seer Council|UNSHROUDED TRUTH|Strategic Ploy|1|Your turn|Movement phase|"WHEN: Your Movement phase.¶TARGET: One Asuryani Infantry unit from your army (excluding Wraith Construct units) that has not been selected to move this phase, was not set up on the battlefield this phase, and is within 9"" of one or more friendly Asuryani Psyker models.¶EFFECT:¶• Place your unit in strategic reserves.¶• Your unit has Deep Strike.¶• Your unit must make an ingress move this phase.¶RESTRICTIONS: Until the end of the phase, your unit is not eligible to be selected to move."
000009924002|AE|000001023|Seer Council|PRESENTIMENT OF DREAD|Strategic Ploy|1|Either player’s turn|Command phase|"WHEN: Command phase.¶TARGET: One Asuryani Psyker model from your army.¶EFFECT: Select one enemy unit within 18"" of and visible to your model. That enemy unit must take a Battle-shock test, subtracting 1 from that test."
000009924007|AE|000001023|Seer Council|PSYCHIC SHIELD|Strategic Ploy|1|Opponent’s turn|Shooting phase|"WHEN: Your opponent’s Shooting phase, just after an enemy unit has selected its targets.¶TARGET: One Asuryani Infantry unit from your army (excluding Wraith Construct units) that was selected as the target of one or more of the attacking unit’s attacks and is within 9"" of one or more friendly Asuryani Psyker models.¶EFFECT: Until the end of the phase, your unit can only be selected as the target of a ranged attack if the attacking model is within 18""."
000009924003|AE|000001023|Seer Council|FOREWARNED|Strategic Ploy|1|Either player’s turn|Fight phase|"WHEN: Fight phase, just after an enemy unit has selected its targets.¶TARGET: One Asuryani Infantry unit from your army (excluding Wraith Construct units) that was selected as the target of one or more of the attacking unit’s attacks and is within 9"" of one or more friendly Asuryani Psyker models.¶EFFECT: Until the end of the phase, each time an attack targets your unit, subtract 1 from the Hit roll and subtract 1 from the Wound roll."
000010650003|AE|000001124|Serpent’s Brood|VENOMOUS WRATH||1|Your turn|Shooting phase|"WHEN: Your Shooting phase.¶TARGET: One Harlequins Vehicle unit from your army that has not been selected to shoot this phase.¶EFFECT: After your unit has shot, if it is not within Engagement Range of one or more enemy units, it can make a Normal move of up to 6"". Until the end of the turn, your unit is not eligible to declare a charge."
000010650002|AE|000001124|Serpent’s Brood|FANGS OF THE BROOD||1|Either player’s turn|Fight phase|WHEN: Start of the Fight phase.¶TARGET: One Troupe unit from your army.¶EFFECT: Until the end of the phase, when using your unit’s Dance of Death ability, you can select three of the abilities for your unit to gain, instead of one.
000010650006|AE|000001124|Serpent’s Brood|WEAVING STRIDE||1|Opponent’s turn|Movement phase|"WHEN: Your opponent’s Movement phase, just after an enemy unit ends a Normal, Advance or Fall Back move.¶TARGET: One Harlequins Infantry unit from your army that is within 8"" of that enemy unit.¶EFFECT: Your unit can make a Normal move of up to 6""."
000010650005|AE|000001124|Serpent’s Brood|WEAVERS’ COILS||1|Your turn|Fight phase|"WHEN: End of your Fight phase.¶TARGET: One Harlequins Mounted unit from your army that was eligible to fight this phase.¶EFFECT: If your unit is not within Engagement Range of one or more enemy units, it can make a Normal move. Otherwise, your unit can make a Fall Back move of up to 6""."
000010650007|AE|000001124|Serpent’s Brood|SKYWARD LUNGE||1|Opponent’s turn|Fight phase|WHEN: End of your opponent’s Fight phase.¶TARGET: One Harlequins Vehicle or Harlequins Mounted unit from your army.¶EFFECT: If your unit is not within Engagement Range of one or more enemy units, you can remove it from the battlefield and place it into Strategic Reserves.
000010650004|AE|000001124|Serpent’s Brood|STRIKING STRIDE||1|Your turn|Charge phase|WHEN: Your Charge phase.¶TARGET: One Harlequins unit from your army.¶EFFECT: Until the end of the phase, your unit is eligible to declare a charge in a turn in which it Advanced.
000009908003|AE|000001019|Spirit Conclave|WRAITHBONE ARMOUR|Battle Tactic|1|Either player’s turn|Shooting or Fight phase|WHEN: Your opponent’s Shooting phase or the Fight phase, just after an enemy unit has selected its targets.¶TARGET: One Wraith Construct unit from your army (excluding TiTANic units] that was selected as the target of one or more of the attacking unit’s attacks.¶EFFECT: Until the end of the phase, each time an attack is allocated to a model in your unit, subtract 1 from the Damage characteristic of that attack.
000009908002|AE|000001019|Spirit Conclave|SEER’S EYE|Battle Tactic|1|Either player’s turn|Shooting or Fight phase|"WHEN: Your Shooting phase or the Fight phase.¶TARGET: One Aeldari Psyker model from your army and one friendly Wraith Construct unit within 12"" of it that has not been selected to shoot or fight this phase.¶EFFECT: Select one enemy unit visible to your PSYKER model. Until the end of the phase, each time a model in your WRAITH CONSTRUCT unit makes an attack that targets that enemy unit, you can ignore any or all modifiers to the Armour Penetration and/or Damage characteristics of that attack."
000009908007|AE|000001019|Spirit Conclave|CRUSHING STRIDES|Battle Tactic|1|Your turn|Charge phase|WHEN: Your Charge phase, just after a Wraithblades, Wraithlord or Wraithknight unit from your army ends a Charge move.¶TARGET: That WRAITHBLADES, WRAITHLORD or WRAITHKNIGHT unit.¶EFFECT: Select one enemy unit within Engagement Range of your unit and roll one D6 for each WRAITHBLADES model in your unit, or roll four D6 if your unit has the WRAITHLORD keyword, or roll six D6 if your unit has the WRAITHKNIGHT keyword: for each 3+, that enemy unit suffers 1 mortal wound.
000009908004|AE|000001019|Spirit Conclave|BLADES FROM BEYOND|Battle Tactic|1|Either player’s turn|Fight phase|WHEN: Fight phase.¶TARGET: One Wraithblades, Wraithlord or Wraithknight unit from your army that has not been selected to fight this phase.¶EFFECT: Until the end of the phase, melee weapons equipped by models in your unit have the [DEVASTATING WOUNDS] ability.
000009908006|AE|000001019|Spirit Conclave|SPIRIT TOKEN|Strategic Ploy|1|Your turn|Movement phase|WHEN: Start of your Movement phase.¶TARGET: One Wraithblades or Wraithguard unit from your army.¶EFFECT: Select one objective marker you control that your unit is within range of. That objective marker remains under your control until your opponent’s Level of Control over that objective marker is greater than yours at the end of a phase.
000009908005|AE|000001019|Spirit Conclave|SOUL BRIDGE|Strategic Ploy|1|Your turn|Command phase|"WHEN: Your Command phase.¶TARGET: One Wraithblades, Wraithguard or Wraithlord unit from your army and one Asuryani Psyker model from your army.¶EFFECT: Until the start of your next Command phase, your WRAITHBLADES, WRAITHGUARD or WRAITHLORD unit is considered to be within 12"" of your PSYKER model for the purposes of the Psychic Guidance and Spirit Guides abilities."
000011053004|AE|000001203|Twilight Flickers|PHANTASMAL MIRAGE||1|Your turn|Shooting phase|"WHEN: Your Shooting phase, when a friendly HARLEQUINS VEHICLE unit has shot.¶TARGET: That HARLEQUINS VEHICLE unit.¶EFFECT:¶• Your unit can make a normal move of up to D6"".¶• Your unit is not eligible to declare a charge until the end of the turn."
000011053003|AE|000001203|Twilight Flickers|CAPTIVATING PERFORMANCE||1|Your turn|Movement phase|WHEN: End of your Movement phase.¶TARGET: One friendly TROUPE unit.¶EFFECT: Select one objective your unit is controlling. That objective is secured.
000011053002|AE|000001203|Twilight Flickers|PRESAGED REHEARSAL||1|Either player’s turn|Fight phase|WHEN: Fight phase, when a friendly TROUPE unit is selected to fight.¶TARGET: That TROUPE unit.¶EFFECT: Your unit’s melee attacks have [LANCE].
000009900002|AE|000001017|Warhost|LIGHTNING-FAST REACTIONS|Battle Tactic|1|Either player’s turn|Shooting or Fight phase|WHEN: Your opponent’s Shooting phase or the Fight phase, just after an enemy unit has selected its targets.¶TARGET: One Asuryani unit from your army (excluding Wraith Construct units) that was selected as the target of one or more of the attacking unit’s attacks.¶EFFECT: Until the end of the phase, each time an attack targets your unit, subtract 1 from the Hit roll.
000009900005|AE|000001017|Warhost|BLITZING FIREPOWER|Battle Tactic|1|Your turn|Shooting phase|"WHEN: Your Shooting phase.¶TARGET: One Asuryani unit from your army that has not been selected to shoot this phase.¶EFFECT: Until the end of the phase, ranged weapons equipped by models in your unit have the [SUSTAINED HITS 1] ability while targeting an enemy unit within 12"". If such a weapon already has that ability, until the end of the phase, each time an attack is made with that weapon, an unmodified Hit roll of 5+ scores a Critical Hit."
000009900004|AE|000001017|Warhost|FEIGNED RETREAT|Strategic Ploy|1|Your turn|Movement phase|WHEN: Your Movement phase, just after an Asuryani unit from your army Falls Back.¶TARGET: That ASURYANI unit.¶EFFECT: Until the end of the turn, your unit is eligible to shoot and declare a charge in a turn in which it Fell Back.
000009900003|AE|000001017|Warhost|SKYBORNE SANCTUARY|Strategic Ploy|1|Either player’s turn|Fight phase|WHEN: End of the Fight phase.¶TARGET: One unengaged ASURYANI unit from your army that was eligible to fight this phase and one friendly TRANSPORT it is able to embark within.¶EFFECT: If your ASURYANI unit is wholly within 6” of that TRANSPORT, it can embark within it.
000009900007|AE|000001017|Warhost|WEBWAY TUNNEL|Strategic Ploy|1|Opponent’s turn|Fight phase|"WHEN: End of your opponent’s Fight phase.¶TARGET: One Asuryani Infantry unit from your army that is wholly within 9"" of one or more battlefield edges.¶EFFECT: If your unit is not within Engagement Range of one or more enemy units, remove it from the battlefield and place it into Strategic Reserves."
000009900006|AE|000001017|Warhost|FIRE AND FADE|Strategic Ploy|1|Your turn|Shooting phase|"WHEN: Your Shooting phase, just after an Asuryani Infantry unit from your army (excluding Aircraft, Asurmen and Wraith Construct units) has shot.¶TARGET: That ASURYANI unit.¶EFFECT: Your unit can make a Normal move of up to D6+1"".¶RESTRICTIONS: Until the end of the turn, your unit is not eligible to declare a charge or embark within a Transport."
000009904007|AE|000001018|Windrider Host|SPIRALLING EVASION|Battle Tactic|1|Opponent’s turn|Shooting phase|WHEN: Your opponent’s Shooting phase, just after an enemy unit has selected its targets.¶TARGET: One Asuryani Mounted or VYPER unit from your army that was selected as the target of one or more of the attacking unit’s attacks.¶EFFECT: Until the end of the phase, models in your unit have a 4+ invulnerable save.
000009904006|AE|000001018|Windrider Host|FOCUSED FIREPOWER|Battle Tactic|1|Your turn|Shooting phase|WHEN: Your Shooting phase.¶TARGET: One Asuryani Mounted or VYPER unit from your army that has not been selected to shoot this phase.¶EFFECT: Until the end of the phase, each time a model in your unit makes an attack, improve the Armour Penetration characteristic of that attack by 1.
000009904002|AE|000001018|Windrider Host|DEATH FROM ON HIGH|Battle Tactic|1|Either player’s turn|Shooting or Fight phase|WHEN: Your Shooting phase or the Fight phase.¶TARGET: One Asuryani Mounted or VYPER unit from your army that was set upon the battlefield from Reserves this turn and has not been selected to shoot or fight this phase.¶EFFECT: Until the end of the phase, each time a model in your unit makes an attack, you can re-roll the Wound roll.
000009904005|AE|000001018|Windrider Host|DARING RIDERS|Strategic Ploy|1|Your turn|Movement phase|"WHEN: The Reinforcements step of your Movement phase.¶TARGET: One Asuryani Mounted or VYPER unit from your army in Reserves.¶EFFECT: Until the end of the phase, when setting up your unit on the battlefield from Reserves, it can be set up anywhere on the battlefield that is more than 6"" horizontally away from all enemy units. When doing so, if your unit is set up within 8"" horizontally of one or more enemy units, until the end of the turn, it is not eligible to declare a charge."
000009904004|AE|000001018|Windrider Host|WIND OF BLADES|Strategic Ploy|1|Your turn|Movement phase|WHEN: Your Movement phase.¶TARGET: One Asuryani Mounted or Vyper unit from your army that has not been selected to move this phase.¶EFFECT: Until the end of the turn, your unit is eligible to shoot and declare a charge in a turn in which it Advanced or Fell Back.
000009904003|AE|000001018|Windrider Host|OVERFLIGHT|Strategic Ploy|1|Either player’s turn|Shooting or Fight phase|"WHEN: End of your Shooting phase or the end of the Fight phase.¶TARGET: One Asuryani Mounted unit from your army that destroyed one or more enemy units this phase.¶EFFECT: Your unit can make a Normal move of up to 7""."
000010913004|AM|000001161|Abhuman Auxiliaries|STIRRED TO ACTION||1|Opponent’s turn|Shooting phase|"WHEN: Your opponent’s Shooting phase, when an enemy unit that targeted a friendly unengaged BULLGRYN SQUAD/OGRYN SQUAD unit has shot.¶TARGET: That BULLGRYN SQUAD/OGRYN SQUAD unit.¶EFFECT: Your unit can make a surge move of up to D6""."
000010913003|AM|000001161|Abhuman Auxiliaries|LOW PROFILE||1|Your turn|Shooting phase|WHEN: Your Shooting phase, when a friendly RATLINGS unit has shot.¶TARGET: That RATLINGS unit.¶EFFECT: Those ranged attacks do not prevent your unit from being hidden.
000010913002|AM|000001161|Abhuman Auxiliaries|THICK-SKULLED OBDURANCE||1|Either player’s turn|Shooting or Fight phase|WHEN: Your opponent’s Shooting phase or the Fight phase, when an enemy unit targets a friendly BULLGRYN SQUAD/OGRYN SQUAD unit that is within range of an objective.¶TARGET: That BULLGRYN SQUAD/OGRYN SQUAD unit.¶EFFECT: Attacks that target your unit have -1 AP until that enemy unit has attacked.
000010792007|AM|000001150|Armoured Infantry|OPENING SALVO|Battle Tactic|1|Your turn|Shooting phase|WHEN: Your Shooting phase.¶TARGET: One ASTRA MILITARUM unit from your army that disembarked from a Transport this turn and has not been selected to shoot this phase.¶EFFECT: Until the end of the phase, each time a model in your unit makes an attack, add 1 to the Wound roll.
000010792006|AM|000001150|Armoured Infantry|COMBINED FIRE|Battle Tactic|1|Your turn|Shooting phase|WHEN: Your Shooting phase, just after an Armoured Skirmisher unit from your army has shot.¶TARGET: That ARMOURED SKIRMISHER unit.¶EFFECT: Select one enemy unit hit by one or more of those attacks. Until the end of the phase, that enemy unit cannot have the Benefit of Cover, and each time an ARMOURED SKIRMISHER unit from your army makes an attack that targets that unit, improve the Strength characteristic of that attack by 2.
000010792005|AM|000001150|Armoured Infantry|SUPPORTING ORDNANCE|Battle Tactic|1|Your turn|Shooting phase|WHEN: Your Shooting phase.¶TARGET: One Armoured Skirmisher unit from your army that has not been selected to shoot this phase.¶EFFECT: Until the end of the phase, each time a model in your unit makes an attack that targets a visible MONSTER or VEHICLE unit, you can re-roll the Hit roll.
000010792002|AM|000001150|Armoured Infantry|ORDER THE ADVANCE|Battle Tactic|1|Your turn|Movement phase|"WHEN: Start of your Movement phase.¶TARGET: One Astra Militarum Officer unit from your army.¶EFFECT: Select one or more friendly ASTRA MILITARUM units within 6"" of your unit; until the end of the phase, you can re-roll Advance rolls made for those units."
000010792003|AM|000001150|Armoured Infantry|MOBILE FIREBASE|Strategic Ploy|1|Your turn|Movement phase|WHEN: Your Movement phase, just after an Armoured Skirmisher unit from your army Advances or Falls Back.¶TARGET: That ARMOURED SKIRMISHER unit.¶EFFECT: Until the end of the turn, your unit is eligible to shoot in a turn in which it Advanced or Fell Back.
000010792004|AM|000001150|Armoured Infantry|BURST OF SPEED|Strategic Ploy|1|Your turn|Movement phase|"WHEN: End of your Movement phase.¶TARGET: One ASTRA MILITARUM unit from your army that did not Remain Stationary or arrive from Reserves this phase.¶EFFECT: Your unit can make a Normal move of up to D6""."
000009802002|AM|000000996|Bridgehead Strike|ON MY POSITION||1|Opponent’s turn|Charge phase|WHEN: End of your opponent’s Charge phase.¶TARGET: One friendly engaged REGIMENT unit.¶EFFECT: Roll one D6 for each enemy unit engaged with your unit:¶• On a 2+ that enemy unit suffers D6 mortal wounds.¶Then, your unit suffers 3D3 mortal wounds.
000009802003|AM|000000996|Bridgehead Strike|FIRING HOT||2|Your turn|Shooting phase|"WHEN: Your Shooting phase, when a friendly MILITARUM TEMPESTUS/KASRKIN unit is selected to shoot.¶TARGET: That MILITARUM TEMPESTUS/KASRKIN unit.¶EFFECT: Your unit’s Hot-shot Lascarbines, Hot-shot Lasguns, Hot-shot Laspistols, Hot-shot Marksman Rifles, Hot-shot Volley Guns and Sentry Hot-shot Volley Guns weapons that targeted an enemy unit within 12"" have +1 S and AP."
000009802004|AM|000000996|Bridgehead Strike|SERVO‑DESIGNATORS||1|Your turn|Shooting phase|WHEN: Your Shooting phase, when a friendly MILITARUM TEMPESTUS unit has shot.¶TARGET: That MILITARUM TEMPESTUS unit.¶EFFECT: Select one enemy unit hit by those ranged attacks. Friendly MILITARUM TEMPESTUS units’ ranged attacks that target that enemy unit have [IGNORES COVER].
000008381005|AM|000000760|Combined Arms|FIELDS OF FIRE|Battle Tactic|1|Your turn|Shooting phase|WHEN: Your Shooting phase.¶TARGET: One Regiment unit and one Squadron unit from your army that have not been selected to shoot this phase.¶EFFECT: Select one enemy unit. Until the end of the phase, each time your selected REGIMENT and SQUADRON units make an attack that targets that enemy unit, improve the Armour Penetration characteristic of that attack by 1.
000008381007|AM|000000760|Combined Arms|STALWART PROTECTOR|Battle Tactic|1|Opponent’s turn|Shooting phase|WHEN: Your opponent’s Shooting phase, just after an enemy unit has selected its targets.¶TARGET: One Astra Militarum Vehicle unit from your army.¶EFFECT: Until the end of the phase, each time a ranged attack is allocated to an INFANTRY model from your army, if that model is not fully visible to every model in the attacking unit because of your VEHICLE, that model has the Benefit of Cover against that attack.
000008381002|AM|000000760|Combined Arms|COORDINATED ACTION|Battle Tactic|1|Either player’s turn|Any phase|"WHEN: Start of any phase.¶TARGET: One Regiment unit from your army and one Squadron unit from your army within 6"" of and visible to that REGIMENT unit.¶EFFECT: Until the end of the phase, Orders affecting one of your units affect the other, and vice versa."
000008381006|AM|000000760|Combined Arms|INSPIRED COMMAND|Epic Deed|1|Opponent’s turn|Command phase|WHEN: Your opponent’s Command phase.¶TARGET: One Astra Militarum Officer unit from your army.¶EFFECT: Your OFFICER can issue one Order as if it were your Command phase.
000008381004|AM|000000760|Combined Arms|FLEXIBLE COMMAND|Strategic Ploy|2|Your turn|Command phase|WHEN: Your Command phase.¶TARGET: Any number of Astra Militarum Officer units from your army.¶EFFECT: Until the end of the phase, your Officers can issue Orders to Regiment units and Squadron units.
000008381003|AM|000000760|Combined Arms|REINFORCEMENTS!|Strategic Ploy|2|Either player’s turn|Any phase|WHEN: Any phase.¶TARGET: One Infantry Regiment unit from your army that was just destroyed. You can target that unit with this Stratagem even though it was just destroyed.¶EFFECT: Add a new unit to your army identical to your destroyed unit, in Strategic Reserves, at its Starting Strength and with all of its wounds remaining.¶RESTRICTIONS: This Stratagem cannot be used to return destroyed CHARACTER units to Attached units. You can only use this Stratagem once per battle.
000010917004|AM|000001163|Designation Force|SUMP-SMOG SCREEN||1|Opponent’s turn|Shooting phase|WHEN: Start of your opponent’s Shooting phase¶TARGET: One friendly ASTRA MILITARUM INFANTRY SMOKE unit.¶EFFECT: When an attack targets either your unit, or a unit that is not fully visible to the attacking model because of one or more models in your unit, the target has the benefit of cover against that attack.
000010917003|AM|000001163|Designation Force|TRIGGERED ALERTS||1|Opponent’s turn|Movement phase|"WHEN: Your opponent’s Movement phase, when an enemy unit ends a move within 8"" of a friendly unengaged ASTRA MILITARUM INFANTRY unit.¶TARGET: That ASTRA MILITARUM INFANTRY unit.¶EFFECT: Your unit can make a normal move of up to D3+3"""
000010917002|AM|000001163|Designation Force|CLOSE-RANGE DETECTION||1|Your turn|Shooting phase|"WHEN: Start of your Shooting phase.¶TARGET: One friendly SCOUT SENTINEL/ASTRA MILITARUM INFANTRY unit.¶EFFECT: While a visible enemy unit is within 6"" of your unit, that unit has +3"" detection range."
000010638004|AM|000001121|Grizzled Company|VETERAN SHARPSHOOTERS||1|Your turn|Shooting phase|WHEN: Your Shooting phase.¶TARGET: One ASTRA MILITARUM unit from your army that has not been selected to shoot this phase.¶EFFECT: Until the end of the phase, ranged weapons equipped by models in your unit have the [IGNORES COVER] ability.
000010638005|AM|000001121|Grizzled Company|PURGING FIRE||1|Your turn|Shooting phase|WHEN: Your Shooting phase.¶TARGET: One ASTRA MILITARUM unit from your army affected by an Order that has not been selected to shoot this phase.¶EFFECT: If your unit is within range of an objective marker, until the end of the phase, ranged weapons equipped by models in your unit have the [LETHAL HITS] ability.
000010638007|AM|000001121|Grizzled Company|ADDITIONAL ARMOUR||1|Opponent’s turn|Shooting phase|WHEN: Your opponent’s Shooting phase, just after an enemy unit has selected its targets.¶TARGET: One ASTRA MILITARUM unit from your army that was selected as the target of one or more of the attacking unit’s attacks.¶EFFECT: Until the attacking unit has finished making its attacks, each time an attack targets your unit, worsen the Armour Penetration characteristic of that attack by 1.
000010638006|AM|000001121|Grizzled Company|MORDIAN MINUTE||1|Your turn|Shooting phase|WHEN: Your Shooting phase.¶TARGET: One Astra Militarum Infantry unit from your army affected by the First Rank, Fire! Second Rank, Fire! Order.¶EFFECT: Until the end of the phase, each time a model in your unit makes an attack, improve the Strength characteristic of that attack by 1.
000010638003|AM|000001121|Grizzled Company|NO RETREAT!||1|Your turn|Command phase|WHEN: Your Command phase.¶TARGET: One ASTRA MILITARUM unit from your army affected by the Duty and Honour! Order.¶EFFECT: If your unit is within range of an objective marker you control, that objective marker remains under your control, even if you have no models within range of it, until your opponent controls it at the start or end of a phase.
000010638002|AM|000001121|Grizzled Company|SNAP TO IT||1|Either player’s turn|Any phase|WHEN: Start of any phase.¶TARGET: One Astra Militarum Officer unit from your army.¶EFFECT: Your unit’s OFFICER model can issue 1 Order as if it were your Command phase.
000009866006|AM|000001012|Hammer of the Emperor|FURIOUS CANNONADE|Battle Tactic|1|Your turn|Shooting phase|"WHEN: Your Shooting phase.¶TARGET: One Squadron unit from your army that has not been selected to shoot this phase.¶EFFECT: Until the end of the phase, each time a model in your unit makes an attack that targets a unit within 12"", improve the Armour Penetration characteristic of that attack by 1."
000009866003|AM|000001012|Hammer of the Emperor|BLAZING ADVANCE|Battle Tactic|1|Your turn|Movement phase|WHEN: Your Movement phase, just after a Squadron unit from your army Advances.¶TARGET: That SQUADRON unit.¶EFFECT: Until the end of the turn, your unit is eligible to shoot in a turn in which it Advanced.
000009866002|AM|000001012|Hammer of the Emperor|FINAL HOUR|Epic Deed|1|Your turn|Command phase|WHEN: Your Command phase.¶TARGET: One Squadron unit from your army that is Below Half-strength (excluding Officer units).¶EFFECT: Until the end of the battle round, ranged weapons equipped by models in your unit (excluding [ONE SHOT] weapons) have the [HAZARDOUS] ability, and each time a model in your unit makes a ranged attack, you can ignore any or all modifiers to that attack’s Ballistic Skill characteristic and to the Hit roll.
000009866004|AM|000001012|Hammer of the Emperor|TACTICAL WITHDRAWAL|Strategic Ploy|1|Your turn|Movement phase|WHEN: Your Movement phase, just after a Squadron unit from your army Falls Back.¶TARGET: That SQUADRON unit.¶EFFECT: Until the end of the turn, your unit is eligible to shoot in a turn in which it Fell Back.
000009866005|AM|000001012|Hammer of the Emperor|CRASH THROUGH|Strategic Ploy|1|Your turn|Movement or Charge phase|WHEN: Your Movement phase or your Charge phase.¶TARGET: One Astra Militarum Vehicle unit from your army that has not been selected to move or charge this phase.¶EFFECT: Until the end of the phase, each time your unit makes a Normal, Advance or Charge move, it can move horizontally through terrain features as if they were not there.
000009866007|AM|000001012|Hammer of the Emperor|ABLATIVE PLATING|Wargear|2|Opponent’s turn|Shooting phase|WHEN: Your opponent’s Shooting phase, just after an enemy unit has selected its targets.¶TARGET: One Astra Militarum Vehicle unit from your army that was selected as the target of one or more of the attacking unit’s attacks.¶EFFECT: Until the end of the phase, each time an attack is allocated to your unit, subtract 1 from the Damage characteristic of that attack.
000009862004|AM|000001011|Mechanised Assault|CLEAR AND SECURE|Battle Tactic|1|Your turn|Shooting phase|WHEN: Your Shooting phase.¶TARGET: One ASTRA MILITARUM unit from your army that disembarked from a Transport this turn and has not been selected to shoot this phase.¶EFFECT: Until the end of the phase, each time a model in your unit makes an attack that targets a unit within range of an objective marker, you can re-roll the Hit roll and you can re-roll the Wound roll.
000009862005|AM|000001011|Mechanised Assault|SWIFT INTERCEPTION|Battle Tactic|1|Opponent’s turn|Movement phase|"WHEN: Your opponent’s Movement phase, just after an enemy unit ends a Normal, Advance or Fall Back move.¶TARGET: One Transport unit from your army (excluding AIRCRAFT and TiTANic units) that is not within Engagement Range of one or more enemy units, and is within 8"" of the enemy unit that just ended that move.¶EFFECT: Your TRANSPORT can make a Normal move of up to 6""."
000009862006|AM|000001011|Mechanised Assault|HASTY EXTRACTION|Battle Tactic|1|Opponent’s turn|Charge phase|"WHEN: Your opponent’s Charge phase, after an enemy unit has selected targets for its charge but before it makes a Charge move.¶TARGET: One Astra Militarum Infantry unit from your army that was selected as a target of that charge.¶EFFECT: Provided your unit is not within Engagement Range of one or more enemy units and every model in your unit is within 3"" of an AsTRA Militarum Transport from your army, it can embark within that TRANSPORT."
000009862003|AM|000001011|Mechanised Assault|RAPID DISPERSAL|Strategic Ploy|1|Your turn|Movement phase|"WHEN: Your Movement phase.¶TARGET: One Astra Militarum Infantry unit from your army that disembarked from a Transport this phase.¶EFFECT: Your INFANTRY unit can make a Normal move of up to D6""."
000009862007|AM|000001011|Mechanised Assault|MOVE OUT|Strategic Ploy|1|Opponent’s turn|Any phase|"WHEN: End of your opponent’s turn.¶TARGET: One ASTRA MILITARUM unit from your army.¶EFFECT: Provided your unit is not within Engagement Range of one or more enemy units and every model in your unit is within 3"" of an Astra Militarum Transport from your army, it can embark within that TRANSPORT."
000009862002|AM|000001011|Mechanised Assault|VOX-RELAY|Wargear|1|Your turn|Command phase|WHEN: Your Command phase.¶TARGET: One Infantry Officer unit from your army embarked within a Transport. You can use this Stratagem on that unit even though it is embarked within a TRANSPORT.¶EFFECT: Until the end of the phase, your unit can issue Orders even though it is not on the battlefield, and it can issue Orders to Astra Militarum Transport units from your army [excluding TiTANic units) regardless of the distance to and from your unit’s TRANSPORT.
000009870007|AM|000001013|Recon Element|SCOUTING OUTRIDERS|Battle Tactic|1|Opponent’s turn|Any phase|"WHEN: End of your opponent’s turn.¶TARGET: One Astra Militarum Mounted or Astra Militarum Walker unit from your army that is wholly within 10"" of one or more battlefield edges and not within Engagement Range of one or more enemy units.¶EFFECT: Remove your unit from the battlefield and place it into Strategic Reserves."
000009870002|AM|000001013|Recon Element|CRACK SHOTS|Battle Tactic|1|Your turn|Shooting phase|WHEN: Your Shooting phase.¶TARGET: One Platoon unit from your army that has not been selected to shoot this phase.¶EFFECT: Until the end of the phase, ranged weapons equipped by models in your unit have the [PRECISION] ability.
000009870005|AM|000001013|Recon Element|COURAGEOUS DIVERSION|Strategic Ploy|1|Opponent’s turn|Shooting phase|WHEN: Start of your opponent’s Shooting phase.¶TARGET: One Astra Militarum Infantry or Astra Militarum Mounted unit from your army.¶EFFECT: Until the end of the phase, your unit has the Feel No Pain 6+ ability, and each time an enemy model makes an attack, if your unit is the closest eligible target, subtract 1 from the Hit roll.
000009870003|AM|000001013|Recon Element|DRAW THEM OUT|Strategic Ploy|1|Opponent’s turn|Movement phase|"WHEN: Your opponent’s Movement phase, just after an enemy unit ends a Normal, Advance or Fall Back move.¶TARGET: One Platoon unit from your army that is within 8"" of that enemy unit, and is not within Engagement Range of one or more enemy units.¶EFFECT: Your unit can make a Normal move of up to 6""."
000009870004|AM|000001013|Recon Element|SCRAMBLE FIELD|Wargear|1|Opponent’s turn|Movement phase|"WHEN: Start of your opponent’s Reinforcements step.¶TARGET: One Astra Militarum Infantry unit from your army.¶EFFECT: Until the end of the phase, enemy units that are set up on the battlefield as Reinforcements cannot be set up within 12"" of your unit."
000009870006|AM|000001013|Recon Element|TANGLEFOOT GRENADES|Wargear|1|Opponent’s turn|Charge phase|"WHEN: Start of your opponent’s Charge phase.¶TARGET: One ASTRA MILITARUM GRENADES unit from your army.¶EFFECT: Select one visible enemy unit within 12"" of your unit. When that enemy unit declares a charge, that enemy unit has -1 to charge rolls."
000009858002|AM|000001010|Siege Regiment|TRENCH FIGHTERS|Battle Tactic|1|Either player’s turn|Fight phase|WHEN: Fight phase, just after an enemy unit has selected its targets.¶TARGET: One Astra Militarum Infantry unit from your army that was selected as the target of one or more of the attacking unit’s attacks.¶EFFECT: Until the end of the phase, each time a model in your unit is destroyed, if that model has not fought this phase, roll one D6, adding 2 to the result if it is a Regiment model. On a 4+, do not remove the destroyed model from play; it can fight after the attacking unit has finished making its attacks, and is then removed from play.
000009858005|AM|000001010|Siege Regiment|CALLOUS SACRIFICE|Battle Tactic|1|Your turn|Shooting phase|WHEN: Your Shooting phase.¶TARGET: One Platoon unit from your army that is within Engagement Range of one or more enemy units.¶EFFECT: Until the end of the phase, enemy units are not considered to be within Engagement Range of your unit for the purposes of selecting targets of ranged weapons. Until the end of the phase, each time an enemy model loses a wound, while that model’s unit is within Engagement Range of your unit, roll one D6: on a 4+, one model from your unit is destroyed after the attacking unit has finished making its attacks.
000009858003|AM|000001010|Siege Regiment|OVER THE TOP|Strategic Ploy|2|Your turn|Command phase|WHEN: Start of your Command phase.¶TARGET: One Infantry Officer model from your army.¶EFFECT: Until the end of the phase, when your model issues the Move! Move! Move! Order, it can issue that Order to any number of eligible friendly Infantry Regiment units, regardless of range to your model.
000009858006|AM|000001010|Siege Regiment|FURIOUS FUSILLADE|Strategic Ploy|1|Your turn|Shooting phase|WHEN: Your Shooting phase.¶TARGET: One Platoon unit from your army that has not been selected to shoot this phase.¶EFFECT: Until the end of the phase, add 1 to the Attacks characteristic of ranged weapons equipped by models in your unit while targeting an enemy unit within half range.
000009858007|AM|000001010|Siege Regiment|MINEFIELD|Wargear|1|Opponent’s turn|Charge phase|WHEN: Start of your opponent’s Charge phase.¶TARGET: One Platoon unit from your army.¶EFFECT: Until the end of the phase, each time an enemy unit ends a Charge move within Engagement Range of your unit, roll one D6 for each model in that enemy unit: for each 5+, that enemy unit suffers 1 mortal wound (to a maximum of 6 mortal wounds).
000009858004|AM|000001010|Siege Regiment|FLARE BURST|Wargear|1|Your turn|Shooting phase|"WHEN: Your Shooting phase.¶TARGET: One Astra Militarum Character unit from your army that has not been selected to shoot this phase.¶EFFECT: Until the end of the phase, each time your unit makes an attack that targets a visible enemy unit within 12"", you can re-roll the Hit roll."
000010788007|AM|000001149|Steel Hammer|ACCURACY UNDER PRESSURE|Battle Tactic|2|Your turn|Shooting phase|WHEN: Your Shooting phase.¶TARGET: One ASTRA MILITARUM unit from your army that has not been selected to shoot this phase.¶EFFECT: Until the end of the phase, each time a model in your unit makes an attack, you can re-roll the Hit roll.
000010788002|AM|000001149|Steel Hammer|ENGINE OF WRATH|Epic Deed|1|Either player’s turn|Fight phase|WHEN: Fight phase.¶TARGET: One Astra Militarum Titanic unit from your army that has not been selected to fight this phase.¶EFFECT: Select one enemy unit within Engagement Range of your unit. Until the end of the phase, add 6 to the Attacks characteristic of melee weapons equipped by models in your unit, improve the Armour Penetration characteristic of those weapons by 2, and each time a model in your unit fights, it can only target that enemy unit.
000010788003|AM|000001149|Steel Hammer|IMPOSING ARRIVAL|Strategic Ploy|1|Your turn|Movement phase|"WHEN: Reinforcements step of your Movement phase, from the second battle round onwards.¶TARGET: One Astra Militarum Titanic unit from your army that is in Reserves.¶EFFECT: Set up your unit on the battlefield, wholly within 8"" of the battlefield edge and more than 6"" horizontally away from all enemy units."
000010788005|AM|000001149|Steel Hammer|SHATTERING SALVO|Strategic Ploy|1|Your turn|Shooting phase|WHEN: Your Shooting phase, just after an Astra Militarum Titanic unit from your army has shot.¶TARGET: That ASTRA MILITARUM TITANIC unit.¶EFFECT: Select one enemy unit hit by one or more of those attacks. Until the end of the phase, that enemy unit cannot have the Benefit of Cover.
000010788006|AM|000001149|Steel Hammer|WITHERING FIREPOWER|Strategic Ploy|1|Your turn|Shooting phase|WHEN: Your Shooting phase, just after an Astra Militarum Vehicle unit from your army has shot.¶TARGET: That ASTRA MILITARUM VEHICLE unit.¶EFFECT: Select one enemy unit hit by one or more of those attacks. That enemy unit must take a Battle-shock test, subtracting 1 from that test.
000010788004|AM|000001149|Steel Hammer|ADAMANTINE BEHEMOTH|Strategic Ploy|1|Your turn|Movement or Charge phase|WHEN: Your Movement phase or your Charge phase.¶TARGET: One Astra Militarum Vehicle unit from your army that has not been selected to move or charge this phase.¶EFFECT: Until the end of the phase, each time your unit makes a Normal, Advance or Charge move, it can move horizontally through terrain features.
000009127002|AoI|000000892|Ordo Xenos Alien Hunters|ARMOUR OF CONTEMPT|Battle Tactic|1|Either player’s turn|Shooting or Fight phase|WHEN: Your opponent’s Shooting phase or the Fight phase, just after an enemy unit has selected its targets.¶TARGET: One DEATHwATCH unit from your army that was selected as the target of one or more of the attacking unit’s attacks.¶EFFECT: Until the attacking unit has finished making its attacks, each time an attack targets your unit, worsen the Armour Penetration characteristic of that attack by 1.
000009127003|AoI|000000892|Ordo Xenos Alien Hunters|ADAPTIVE TACTICS|Strategic Ploy|1|Your turn|Command phase|WHEN: Your Command phase.¶TARGET: One DEATHwATCH unit from your army.¶EFFECT: Select the Furor Tactics, Malleus Tactics or Purgatus Tactics. Until the start of your next Command phase, that Deathwatch Mission Tactic is active for your unit instead of any other Deathwatch Mission Tactic that is active for your army, even if you have already selected that Deathwatch Mission Tactic this battle.
000009127007|AoI|000000892|Ordo Xenos Alien Hunters|RAPID TACTICAL RELOCATION|Strategic Ploy|1|Opponent’s turn|Fight phase|"WHEN: End of your opponent’s Fight phase.¶TARGET: One INQUISITOR or DEATHwATCH INFANTRy unit from your army.¶EFFECT: Remove your unit from the battlefield. In the Reinforcements step of your next Movement phase, set your unit up anywhere on the battlefield that is more than 8"" horizontally away from all enemy models.¶RESTRICTIONS: You cannot select a unit that is within Engagement Range of one or more enemy units."
000009127006|AoI|000000892|Ordo Xenos Alien Hunters|KRAKEN ROUNDS|Wargear|1|Your turn|Shooting phase|"WHEN: Your Shooting phase.¶TARGET: One DEATHwATCH INFANTRy unit from your army that has not been selected to shoot this phase.¶EFFECT: Until the end of the phase, improve the Armour Penetration characteristic of ranged weapons equipped by models in your unit by 1 and improve the Range characteristic of those weapons by 6"".¶RESTRICTIONS: You cannot select any units that have already been targeted with either the Dragonfire Rounds or Hellfire Rounds Stratagems this phase."
000009127005|AoI|000000892|Ordo Xenos Alien Hunters|DRAGONFIRE ROUNDS|Wargear|1|Your turn|Shooting phase|WHEN: Your Shooting phase.¶TARGET: One DEATHwATCH INFANTRy unit from your army that has not been selected to shoot this phase.¶EFFECT: Until the end of the phase, ranged weapons equipped by models in your unit have the [ASSAULT] and [IGNORES COVER] abilities.¶RESTRICTIONS: You cannot select any units that have already been targeted with either the Kraken Rounds or Hellfire Rounds Stratagems this phase.
000009127004|AoI|000000892|Ordo Xenos Alien Hunters|HELLFIRE ROUNDS|Wargear|1|Your turn|Shooting phase|WHEN: Your Shooting phase.¶TARGET: One DEATHwATCH INFANTRy unit from your army that has not been selected to shoot this phase.¶EFFECT: Until the end of the phase, ranged weapons (excluding Devastating Wounds weapons) equipped by models in your unit have the [ANTI-INFANTRY 2+] and [ANTI-MONSTER 5+] abilities.¶RESTRICTIONS: You cannot select any units that have already been targeted with either the Kraken Rounds or Dragonfire Rounds Stratagems this phase.
000009135004|AoI|000000894|Ordo Malleus Daemon Hunters|STEEL HEART|Strategic Ploy|1|Your turn|Movement phase|WHEN: Your Movement phase, just after a GREy KNIGHTS TERMINATOR SQUAD unit from your army Falls Back.¶TARGET: That GREY KNIGHTS TERMINATOR SQUAD unit.¶EFFECT: Until the end of the turn, your unit is eligible to shoot and declare a charge in a turn in which it Fell Back.
000009135003|AoI|000000894|Ordo Malleus Daemon Hunters|RITES OF EXORCISM|Strategic Ploy|1|Either player’s turn|Shooting or Fight phase|"WHEN: Your Shooting phase or the Fight phase.¶TARGET: One INQUISITOR, INQUISITORIAl AGENTS or ORDO MAllEUS unit from your army.¶EFFECT: Select one enemy DAEMON unit within 12"" and visible to your unit. That unit must take a Battle-shock test. If that test is failed, then until the end of the phase, each time a friendly AGENTS OF THE IMpERIUM unit makes an attack that targets that DAEMON unit, that attack has the [DEVASTATING WOUNDS] ability."
000009135002|AoI|000000894|Ordo Malleus Daemon Hunters|RITUAL OF WARDING|Strategic Ploy|1|Either player’s turn|Command phase|"WHEN: Start of any Command phase.¶TARGET: One INQUISITOR, INQUISITORIAl AGENTS or ORDO MAllEUS unit from your army that is within range of an objective marker you control.¶EFFECT: That objective marker is said to be Warded and remains under your control, even if you have no models within range of it, until your opponent controls it at the start or end of any turn. While an objective marker is Warded and under your control, enemy DAEMON units cannot be set up on the battlefield within 6"" of it."
000009135007|AoI|000000894|Ordo Malleus Daemon Hunters|PSYBOLT AMMUNITION|Wargear|1|Your turn|Shooting phase|WHEN: Your Shooting phase.¶TARGET: One GREy KNIGHTS TERMINATOR SQUAD unit from your army that has not been selected to shoot this phase.¶EFFECT: Until the end of the phase, ranged weapons equipped by models in your unit have the [LETHAL HITS] and [PSYCHIC] abilities.
000009135005|AoI|000000894|Ordo Malleus Daemon Hunters|TRUESILVER ARMOUR|Wargear|1|Either player’s turn|Shooting or Fight phase|WHEN: Your opponent’s Shooting phase orthe Fight phase, just after an enemy unit has selected its targets.¶TARGET: One GREy KNIGHTS TERMINATOR SQUAD unit from your army that was selected as the target of one or more of the attacking unit’s attacks.¶EFFECT: Until the attacking unit has finished making its attacks, each time an attack targets your unit, worsen the Armour Penetration characteristic of that attack by 1.
000009135006|AoI|000000894|Ordo Malleus Daemon Hunters|HEXAGRAMMIC WARDS|Wargear|1|Either player’s turn|Shooting or Fight phase|WHEN: Your opponent’s Shooting phase or the Fight phase, just after an enemy unit has selected its targets.¶TARGET: One ORDO MAllEUS unit from your army that was selected as the target of one or more of the attacking unit’s attacks.¶EFFECT: Until the end of the phase, all Psychic weapons equipped by models in the attacking unit have the [HAZARDOUS] ability.
000009139004|AoI|000000895|Imperialis Fleet|CLOSE-QUARTERS BARRAGE|Battle Tactic|1|Your turn|Shooting phase|"WHEN: Your Shooting phase.¶TARGET: One VOIDFARERS unit from your army.¶EFFECT: Until the end of the phase, each time a model in your unit makes a ranged attack that targets a unit within 12"", improve the Strength and Armour Penetration characteristics of that attack by 1."
000009139007|AoI|000000895|Imperialis Fleet|SELFLESS BODYGUARD|Epic Deed|1|Opponent’s turn|Shooting or Fight phase|WHEN: Your opponent’s Shooting phase or the Fight phase, just after an enemy unit has selected its targets.¶TARGET: One AGENTS OF THE IMpERIUM Attached unit that was selected as the target of one or more of the attacking unit’s attacks.¶EFFECT: Until the end of the phase, each time an attack with the [PRECISION] ability is allocated to a CHARACTER model in your unit, if there are one or more Bodyguard models in your unit, roll one D6: on a 2+, that attack is allocated to a Bodyguard model of your choice in your unit instead.
000009139003|AoI|000000895|Imperialis Fleet|MASTERS OF THE VOID|Epic Deed|1|Your turn|Movement phase|WHEN: Your Movement phase.¶TARGET: One VOIDFARERS CHARACTER unit from your army.¶EFFECT: Until the end of the phase, each AGENTS OF THE IMpERIUM unit from your army that is arriving from Strategic Reserves this turn can be set up within your opponent’s deployment zone (all other restrictions still apply).
000009139005|AoI|000000895|Imperialis Fleet|EMPEROR’S WILL|Strategic Ploy|1|Your turn|Movement phase|WHEN: Your Movement phase.¶TARGET: One AGENTS OF THE IMpERIUM unit from your army.¶EFFECT: Until the end of the phase, your unit is eligible to shoot in a turn in which it Advanced or Fell Back.
000009139002|AoI|000000895|Imperialis Fleet|VIOLENT ACQUISITION|Strategic Ploy|2|Either player’s turn|Shooting or Fight phase|WHEN: Your Shooting phase or the Fight phase.¶TARGET: One AGENTS OF THE IMpERIUM unit from your army.¶EFFECT: Until the end of the phase, each time a model in your unit makes an attack that targets an enemy unit within range of an objective marker, that attack has the [SUSTAINED HITS 1], [LANCE] and [IGNORES COVER] abilities.
000009139006|AoI|000000895|Imperialis Fleet|DISPLACER FIELD|Wargear|1|Opponent’s turn|Shooting phase|"WHEN: Your opponent's Shooting phase, just after an enemy unit has selected its targets.¶TARGET: One AGENTS OF THE IMpERIUM CHARACTER unit from your army (excluding OFFICIO ASSASSINORUM units) that was selected as the target of one or more of the attacking unit's attacks.¶EFFECT: Until the end of the phase, models in your unit have a 4+ invulnerable save and, after the attacking unit has resolved its attacks, unless your unit is within Engagement Range of one or more enemy units, it can make a Normal move of up to 6"" (when doing so, models in this unit move as if they have the Fly keyword)."
000009131003|AoI|000000893|Ordo Hereticus Purgation Force|DISPENSE JUSTICE|Battle Tactic|1|Either player’s turn|Shooting or Fight phase|WHEN: Your Shooting phase or the Fight phase.¶TARGET: One ADEpTUS ARbITES, INQUISITORIAl AGENTS or ORDO HERETICUS unit from your army that has not been selected to shoot or fight this phase.¶EFFECT: Until the end of the phase, weapons equipped by models in your unit have the [LETHAL HITS] ability.
000009131005|AoI|000000893|Ordo Hereticus Purgation Force|EXECUTION ORDER|Epic Deed|2|Your turn|Command phase|WHEN: Your Command phase.¶TARGET: One ADEpTUS ARbITES, INQUISITORIAl AGENTS or ORDO HERETICUS INFANTRy unit from your army.¶EFFECT: Select one enemy CHARACTER unit on the battlefield. Until the start of your next Command phase, each time a model in your unit targets that CHARACTER unit, its weapons have the [PRECISION] ability.
000009131006|AoI|000000893|Ordo Hereticus Purgation Force|LINE OF FIRE|Strategic Ploy|1|Your turn|Shooting phase|"WHEN: Your Shooting phase.¶TARGET: One ADEpTUS ARbITES, INQUISITORIAl AGENTS or ORDO HERETICUS unit from your army that has not been selected to shoot this phase.¶EFFECT: Until the end of the phase, models in your unit can target enemy units that are within Engagement Range of one or more friendly units with ranged weapons (excluding Blast weapons), provided the target is within 12""."
000009131004|AoI|000000893|Ordo Hereticus Purgation Force|INVIOLATE JURISDICTION|Strategic Ploy|1|Either player’s turn|Shooting or Fight phase|WHEN: Your opponent’s Shooting phase or the Fight phase, just after an enemy unit has selected its targets.¶TARGET: One ADEpTUS ARbITES, INQUISITORIAl AGENTS or ORDO HERETICUS INFANTRy unit from your army within range of an objective marker and that was selected as the target of one or more of the attacking unit’s attacks.¶EFFECT: Until the end of the phase, models in your unit have the Feel No Pain 5+ ability.
000009131007|AoI|000000893|Ordo Hereticus Purgation Force|EXACT PUNISHMENT|Strategic Ploy|1|Opponent’s turn|Shooting phase|"WHEN: Your opponent’s Shooting phase, just after an AGENTS OF THE IMpERIUM unit from your army is destroyed as the result of an enemy unit's attacks.¶TARGET: One ADEpTUS ARbITES, INQUISITORIAl AGENTS or ORDO HERETICUS unit from your army that was within 6"" of the destroyed unit (you cannot target the destroyed unit with the Stratagem).¶EFFECT: After the attacking unit has shot, your unit can shoot as if it were your Shooting phase, but when resolving those attacks it can only target that enemy unit (and only if it is an eligible target)."
000009131002|AoI|000000893|Ordo Hereticus Purgation Force|STUN GRENADES|Wargear|1|Either player’s turn|Any phase|"WHEN: Start of any phase (excluding the Command phase).¶TARGET: One ADEpTUS ARbITES, INQUISITORIAl AGENTS or ORDO HERETICUS GRENADES unit from your army that is not within Engagement Range of one or more enemy units.¶EFFECT: Select one enemy unit (excluding MONSTERS or VEHICLES) within 8"" of and visible to your unit. That enemy unit must take a Battle-shock test and, until the end of the phase, each time a model in that unit makes an attack, subtract 1 from the Hit roll."
000009758002|AoI|000000987|Veiled Blade Elimination Force|PRIME TARGET|Battle Tactic|1|Either player’s turn|Shooting or Fight phase|WHEN: Your Shooting phase or the Fight phase.¶TARGET: One Agents of the Imperium unit from your army that has not been selected to shoot or fight this phase.¶EFFECT: Until the end of the phase, each time a model in your unit makes an attack that targets a CHARACTER unit, re-roll a Wound roll of 1. If that attack is made by an Officio Assassinorum model and it targets the enemy WARLORD, you can re-roll the Wound roll instead.
000009758003|AoI|000000987|Veiled Blade Elimination Force|HYPERSTIMMS|Battle Tactic|2|Either player’s turn|Shooting or Fight phase|WHEN: Your opponent’s Shooting phase or the Fight phase, just after an enemy unit has selected its targets.¶TARGET: One Agents of the Imperium Character unit from your army that was selected as the target of one or more of the attacking unit’s attacks.¶EFFECT: Until the end of the phase, add 1 to the Toughness characteristic of models in your unit. In addition, if it is an Eversor Assassin unit, until the end of the phase, it has the Feel No Pain 4+ ability.
000009758007|AoI|000000987|Veiled Blade Elimination Force|ENSNARING TRAP|Strategic Ploy|1|Opponent’s turn|Charge phase|"WHEN: End of your opponent’s Charge phase.¶TARGET: One Agents of the Imperium Infantry unit from your army that is within 6"" of one or more enemy units and would be eligible to declare a charge against one or more of those enemy units.¶EFFECT: Your unit can declare a charge. When doing so, you must select one or more of those enemy units as the targets of that charge, and your unit does not receive a Charge bonus this turn. In addition, if it is a Callidus Assassin unit and it makes a Charge move as a result of this Stratagem, until the end of the turn, each time a model in your unit makes a melee attack, add 1 to the Wound roll."
000009758006|AoI|000000987|Veiled Blade Elimination Force|BLIND GRENADES|Strategic Ploy|1|Opponent’s turn|Charge phase|WHEN: Your opponent’s Charge phase, just after an enemy unit has declared a charge.¶TARGET: One Agents of the Imperium Grenades or Vindicare Assassin unit from your army that was selected as one of the targets of that charge and is not within Engagement Range of one or more enemy units.¶EFFECT: Until the end of the phase, subtract 1 from Charge rolls made for that enemy unit, or, if your unit is a VINDICARE ASSASSIN, subtract 2 from Charge rolls made for that enemy unit instead.
000009758005|AoI|000000987|Veiled Blade Elimination Force|ORBITAL OVERSIGHT|Strategic Ploy|1|Opponent’s turn|Shooting phase|"WHEN: Your opponent’s Shooting phase, just after an enemy unit has selected its targets.¶TARGET: One Agents of the Imperium Infantry unit from your army that was selected as the target of one or more of the attacking unit’s attacks.¶EFFECT: Until the end of the phase, your unit can only be selected as the target of a ranged attack if the attacking model is within 18"", or, if your unit has the Lone Operative ability, if the attacking model is within 6""."
000009758004|AoI|000000987|Veiled Blade Elimination Force|WILL‑SAPPING SALVO|Strategic Ploy|1|Your turn|Shooting phase|WHEN: Your Shooting phase.¶TARGET: One Agents of the Imperium Infantry unit from your army that has not been selected to shoot this phase.¶EFFECT: Until the end of the phase, ranged weapons equipped by models in your unit have the [SUSTAINED HITS 1] ability. In addition, if it is a Culexus Assassin unit, until the end of the phase, change the Damage characteristic of ranged weapons equipped by models in your unit to 3.
000009038003|AS|000000880|Army of Faith|LIGHT OF THE EMPEROR|Battle Tactic|2|Either player’s turn|Command phase|"WHEN: Command phase.¶TARGET: One ADEPTA SORORITAS unit from your army.¶EFFECT: Until the end of the turn, your unit is blessed. While a unit is blessed, it can ignore any or all modifiers to the following: the profile characteristics of its models; the Weapon Skill or Ballistic Skill characteristics of weapons equipped by its models; any roll or test made for it (excluding modifiers to saving throws). If your unit has the JUMP PACK keyword, until the end of the turn, while a friendly ADEPTA SORORITAS unit is within 3"" of your unit, that friendly unit is also blessed."
000009038002|AS|000000880|Army of Faith|SHIELD OF FAITH|Battle Tactic|1|Either player’s turn|Any phase|"WHEN: Any phase, just after an ADEPTA SORORITAS unit from your army suffers a mortal wound.¶TARGET: That ADEPTA SORORITAS unit, or one friendly ADEPTA SORORITAS JUMP PACK unit within 3"" of it.¶EFFECT: Until the end of the phase, models in your unit have the Feel No Pain 5+ ability against mortal wounds. If you targeted an ADEPTA SORORITAS JUMP PACK unit from your army with this Stratagem, then until the end of the phase, while a friendly ADEPTA SORORITAS unit is unit is within 3"" of your unit, models in that unit have the Feel No Pain 5+ ability against mortal wounds."
000009038004|AS|000000880|Army of Faith|FAITH AND FURY|Battle Tactic|1|Either player’s turn|Fight phase|WHEN: Fight phase.¶TARGET: One ADEPTA SORORITAS unit from your army that has not been selected to fight this phase.¶EFFECT: Until the end of the phase, melee weapons equipped by models in your unit have the [LANCE] ability. If one or more enemy models are destroyed as the result of your unit's attacks this phase, you gain 1 Miracle dice.
000009038006|AS|000000880|Army of Faith|DIVINE GUIDANCE|Battle Tactic|1|Either player’s turn|Shooting or Fight phase|WHEN: Your Shooting phase or the Fight phase.¶TARGET: That ADEPTA SORORITAS unit from your army that has not been selected to shoot or fight this phase.¶EFFECT: Until the end of the phase, each time a model in your unit makes an attack, improve the Armour Penetration characteristic of that attack by 1. If one or more enemy models are destroyed as the result of any of those attacks, you gain 1 Miracle dice.
000009038005|AS|000000880|Army of Faith|BLINDING RADIANCE|Strategic Ploy|1|Either player’s turn|Shooting or Fight phase|"WHEN: Your opponent’s Shooting phase or the Fight phase, just after an enemy unit has selected its targets.¶TARGET: One ADEPTA SORORITAS INFANTRY unit from your army that was selected as the target of one or more of the attacking unit’s attacks, or one friendly ADEPTA SORORITAS JUMP PACK unit within 3"" of such a unit.¶EFFECT: Until the end of the phase, each time an attack targets your unit, subtract 1 from the Hit roll. If you targeted an ADEPTA SORORITAS JUMP PACK unit from your army with this Stratagem, then until the end of the phase, while a friendly ADEPTA SORORITAS INFANTRY unit is unit is within 3"" of your unit, each time an attack targets that unit, subtract 1 from the Hit roll."
000009038007|AS|000000880|Army of Faith|ANGELIC DESCENT|Strategic Ploy|1|Opponent’s turn|Fight phase|WHEN: End of your opponent’s Fight phase.¶TARGET: One ADEPTA SORORITAS JUMP PACK unit from your army.¶EFFECT: Remove your unit from the battlefield and place it into Strategic Reserves.¶RESTRICTIONS: You cannot select a unit that is within Engagement Range of one or more enemy units.
000009034003|AS|000000879|Bringers of Flame|RIGHTEOUS BLOWS|Battle Tactic|1|Either player’s turn|Fight phase|WHEN: Fight phase.¶TARGET: One ADEPTA SORORITAS unit from your army that has not been selected to fight this phase.¶EFFECT: Until the end of the phase, melee weapons equipped by models in your unit have the [LETHAL HITS] ability. If one or more enemy models are destroyed as the result of attacks made by those weapons this phase, select one of those destroyed models; that destroyed model’s unit must take a Battle-shock test.
000009034002|AS|000000879|Bringers of Flame|SHIELD OF AVERSION|Battle Tactic|1|Either player’s turn|Shooting or Fight phase|WHEN: Your opponent’s Shooting phase or the Fight phase, just after an enemy unit has selected its targets.¶TARGET: One ADEPTA SORORITAS unit from your army that was selected as the target of one or more of the attacking unit’s attacks.¶EFFECT: Until the attacking unit has finished making its attacks, each time an attack targets your unit, worsen the Armour Penetration characteristic of that attack by 1.
000009034005|AS|000000879|Bringers of Flame|CLEANSING FLAMES|Battle Tactic|2|Your turn|Shooting phase|WHEN: Your Shooting phase.¶TARGET: One ADEPTA SORORITAS unit from your army that has not been selected to shoot this phase.¶EFFECT: Until the end of the phase, Torrent weapons equipped by models in your unit have the [DEVASTATING WOUNDS] ability
000009034006|AS|000000879|Bringers of Flame|RITES OF FIRE|Battle Tactic|1|Your turn|Shooting phase|"WHEN: Your Shooting phase.¶TARGET: One ADEPTA SORORITAS unit from your army that disembarked from a TRANSPORT this turn and has not been selected to shoot this phase.¶EFFECT: Until the end of the phase, each time a model in your unit makes a ranged attack that targets an enemy unit within 6"" that is also within range of an objective marker, add 1 to the Wound roll. If one or more enemy models are destroyed as the result of those attacks, select one of those destroyed models; that destroyed model’s unit must take a Battle-shock test."
000009034007|AS|000000879|Bringers of Flame|BLAZING IRE|Battle Tactic|2|Opponent’s turn|Shooting phase|WHEN: Your opponent’s Shooting phase, just after an enemy unit has shot.¶TARGET: One ADEPTA SORORITAS TRANSPORT unit from your army that was selected as the target of one or more of the attacking unit's attacks.¶EFFECT: One unit embarked within your TRANSPORT can disembark as if it were your Movement phase, and can then shoot as if it were your Shooting phase, but must target only that enemy unit when doing so, and can only do so if that enemy unit is an eligible target.
000009034004|AS|000000879|Bringers of Flame|CARRY FORTH THE FAITHFUL|Strategic Ploy|1|Your turn|Movement phase|WHEN: Your Movement phase, just before an ADEPTA SORORITAS TRANSPORT model from your army Advances.¶TARGET: That ADEPTA SORORITAS TRANSPORT model.¶EFFECT: Until the end of the turn, you can re-roll Advance rolls made for your TRANSPORT, and units can disembark from your TRANSPORT even though it Advanced. Units that do so make a shock disembark move (Core Rules, 18.07) for that disembarkation.
000009832002|AS|000001003|Champions of Faith|SHIELD OF DENIAL|Battle Tactic|1|Either player’s turn|Any phase|WHEN: Any phase, just after a mortal wound is allocated to an ADEPTA SORORITAS unit from your army.¶TARGET: That ADEPTA SORORITAS unit.¶EFFECT: Until the end of the phase, models in your unit have the Feel No Pain 6+ ability against mortal wounds. If your unit is Righteous, until the end of the phase, models in your unit have the Feel No Pain 5+ ability against mortal wounds instead.
000009832006|AS|000001003|Champions of Faith|BASTION OF FAITH|Battle Tactic|1|Either player’s turn|Fight phase|"WHEN: Fight phase, just after an enemy unit has selected its targets.¶TARGET: One Celestian Sacresants unit that was selected as the target of one or more of the attacking unit’s attacks.¶EFFECT: Until the end of the phase, each time an attack targets your unit, subtract 1 from the Hit roll. In addition, if your unit is Righteous, you can select one other CELESTIAN SACRESANTS unit from your army that is not Battle-shocked and is within 6"" of your unit. Until the end of the phase, each time an attack targets that CELESTIAN SACRESANTS unit, subtract 1 from the Hit roll as well."
000009832005|AS|000001003|Champions of Faith|PATH OF THE RIGHTEOUS|Battle Tactic|1|Either player’s turn|Fight phase|"WHEN: Fight phase.¶TARGET: One ADEPTA SORORITAS unit from your army that has not been selected to fight this phase.¶EFFECT: Until the end of the turn, each time a model in your unit makes a Pile-in or Consolidation move, it can move up to 6"" instead of up to 3"". When doing so, if your unit is Righteous, it does not need to end that move closer to the closest enemy model, provided it ends that move as close as possible to the closest enemy unit."
000009832004|AS|000001003|Champions of Faith|TO THE HEART OF HERESY|Battle Tactic|1|Either player’s turn|Fight phase|WHEN: Fight phase.¶TARGET: One ADEPTA SORORITAS unit from your army that has not been selected to fight this phase.¶EFFECT: Until the end of the turn, improve the Strength characteristic of melee weapons equipped by models in your unit by 1. If your unit is Righteous, until the end of the phase, improve the Armour Penetration characteristic of melee weapons equipped by models in your unit by 1 as well.
000009832007|AS|000001003|Champions of Faith|INDEFATIGABLE DEDICATION|Strategic Ploy|1|Your turn|Movement phase|WHEN: Your Movement phase, just after an ADEPTA SORORITAS unit from your army Falls Back.¶TARGET: That ADEPTA SORORITAS unit.¶EFFECT: Until the end of the turn, your unit is eligible to shoot in a turn in which it Fell Back. If your unit is Righteous, until the end of the turn, your unit is eligible to shoot and declare a charge in a turn in which it Fell Back instead.
000009832003|AS|000001003|Champions of Faith|SUFFER NOT THE UNFAITHFUL|Strategic Ploy|1|Either player’s turn|Shooting or Fight phase|WHEN: Your Shooting phase or the Fight phase.¶TARGET: One ADEPTA SORORITAS unit from your army that is Righteous and that has not been selected to shoot or fight this phase.¶EFFECT: Select either the [LETHAL HITS] or [SUSTAINED HITS 1] ability. Until the end of the phase, weapons equipped by models in your unit have the selected ability.
000010861002|AS|000001155|Chorus of Condemnation|INSPIRATIONAL BATTLE CANTICLES||1|Either player’s turn|Command phase|"WHEN: Start of the Command phase.¶TARGET: One friendly ADEPTA SORORITAS INFANTRY FLY unit or one friendly EXORCIST unit.¶EFFECT: Select one friendly battle-shocked ADEPTA SORORITAS unit within 6"" of your unit. That unit is no longer battle-shocked."
000010861004|AS|000001155|Chorus of Condemnation|DEVASTATING REPRISE||1|Your turn|Shooting phase|WHEN: Your Shooting phase, when a friendly EXORCIST unit has shot.¶TARGET: One friendly ADEPTA SORORITAS INFANTRY FLY unit.¶EFFECT: Select one enemy unit (excluding MONSTER/VEHICLE units) hit by those ranged attacks. Your unit’s ranged attacks that target that unit have [DEVASTATING WOUNDS].
000010861003|AS|000001155|Chorus of Condemnation|HARMONISED EXORCISM||1|Your turn|Shooting phase|"WHEN: Your Shooting phase, when a friendly EXORCIST unit is selected to shoot.¶TARGET: That EXORCIST unit.¶EFFECT: Select one unit visible to and within 9"" of a friendly ADEPTA SORORITAS INFANTRY FLY unit. Your unit’s ranged attacks that target that unit have +1 to hit rolls."
000008469004|AS|000000791|Hallowed Martyrs|RIGHTEOUS VENGEANCE|Battle Tactic|1|Either player’s turn|Fight phase|WHEN: Fight phase.¶TARGET: One ADEPTA SORORITAS unit from your army that has not been selected to fight this phase.¶EFFECT: Until the end of the phase, each time a model in your unit makes a melee attack, you can re-roll the Hit roll and, if your unit is Below Half-strength, you can re-roll the Wound roll as well.
000008469002|AS|000000791|Hallowed Martyrs|DIVINE INTERVENTION|Epic Deed|1|Either player’s turn|Any phase|WHEN: Any phase.¶TARGET: One ADEPTA SORORITAS CHARACTER model from your army that was just destroyed. You can use this Stratagem on that model even though it was just destroyed.¶EFFECT: You can discard 1-3 Miracle dice. At the end of the phase, set up that model on the battlefield, unengaged and as close as possible to where it was destroyed. That model is not part of an attached unit and its unit has a starting strength of 1. Roll one D3, adding 1 to the result for each Miracle dice you discarded. That model has that number of wounds remaining (up to its starting number of wounds).¶RESTRICTION: You cannot select SAINT CELESTINE as the target of this Stratagem. You cannot select the same CHARACTER as the target of this Stratagem more than once per battle.
000008469006|AS|000000791|Hallowed Martyrs|SPIRIT OF THE MARTYR|Strategic Ploy|2|Either player’s turn|Fight phase|WHEN: Fight phase, just after an enemy unit has selected its targets.¶TARGET: One ADEPTA SORORITAS unit from your army that was selected as the target of one or more of the attacking unit’s attacks.¶EFFECT: Until the end of the phase, each time a model in your unit is destroyed, if that model has not fought this phase, do not remove it from play. The destroyed model can fight after the attacking unit has finished making its attacks, and is then removed from play.
000008469003|AS|000000791|Hallowed Martyrs|SUFFERING AND SACRIFICE|Strategic Ploy|1|Either player’s turn|Fight phase|WHEN: Start of the Fight phase.¶TARGET: One Adepta Sororitas Infantry or Adepta Sororitas Walker unit from your army.¶EFFECT: Until the end of the phase, each time an enemy model within Engagement Range of your unit selects its targets, it must select your unit as the target of its attacks.
000008469005|AS|000000791|Hallowed Martyrs|SANCTIFIED IMMOLATION|Strategic Ploy|1|Either player’s turn|Any phase|WHEN: Any phase.¶TARGET: One ADEPTA SORORITAS VEHICLE model from your army with the Deadly Demise ability that was just destroyed. You can use this Stratagem on that model even though It was just destroyed.¶EFFECT: Do not roll one D6 to determine whether mortal wounds are inflicted by your model's Deadly Demise ability. Instead, mortal wounds are automatically inflicted.
000008469007|AS|000000791|Hallowed Martyrs|PRAISE THE FALLEN|Strategic Ploy|1|Opponent’s turn|Shooting phase|WHEN: Your opponent’s Shooting phase, just after an enemy unit has shot.¶TARGET: One ADEPTA SORORITAS unit from your army that had one or more of its models destroyed as a result of the attacking unit’s attacks.¶EFFECT: Your unit can shoot as if it were your Shooting phase, but it must target only that enemy unit when doing so, and can only do so if that enemy unit is an eligible target.
000009030003|AS|000000878|Penitent Host|PURITY OF SUFFERING|Battle Tactic|1|Either player’s turn|Shooting or Fight phase|WHEN: Your opponent's Shooting phase or the Fight phase, just after an enemy unit has selected its targets.¶TARGET: One PENITENT unit from your army that was selected as the target of one or more of the attacking unit's attacks.¶EFFECT: Until the end of the phase, PENITENT models in your unit have the Feel No Pain 4+ ability.
000009030004|AS|000000878|Penitent Host|PASSION OF THE PENITENT|Battle Tactic|1|Either player’s turn|Fight phase|WHEN: Fight phase.¶TARGET: One PENITENT unit from your army that has not been selected to fight this phase.¶EFFECT: Until the end of the phase, each time a PENITENT model in your unit makes a melee attack, a successful unmodified Hit roll of 5+ scores a Critical Hit.
000009030005|AS|000000878|Penitent Host|LASH OF GUILT|Battle Tactic|1|Your turn|Movement phase|"WHEN: Your Movement phase, just before a PENITENT unit from your army Advances.¶TARGET: That PENITENT unit.¶EFFECT: Until the end of the turn, your unit is eligible to declare a charge in a turn in which it Advanced. If your unit has the PENITENT ENGINES keyword, do not make an Advance roll for it; instead, until the end of the phase, add 6"" to the Move characteristic of models in your unit."
000009030002|AS|000000878|Penitent Host|FINAL REDEMPTION|Epic Deed|1|Either player’s turn|Any phase|WHEN: Any phase.¶TARGET: One PENITENT unit from your army that was just destroyed while it was within range of an objective marker you controlled. You can use this Stratagem on that unit even though it was just destroyed.¶EFFECT: That objective marker remains under your control, even if you have no models within range of it, until your opponent controls it at the start or end of any turn.
000009030006|AS|000000878|Penitent Host|BOUNDLESS ZEAL|Strategic Ploy|1|Your turn|Movement phase|WHEN: Your Movement phase, just after an ADEPTA SORORITAS unit from your army Falls Back.¶TARGET: That ADEPTA SORORITAS unit.¶EFFECT: Until the end of the turn, your unit is eligible to shoot or declare a charge in a turn in which it Fell Back. If your unit has the PENITENT keyword, it is eligible to shoot and declare a charge in a turn in which it Fell Back instead.
000009030007|AS|000000878|Penitent Host|DEVOUT FANATICISM|Strategic Ploy|1|Opponent’s turn|Shooting phase|"WHEN: Your opponent’s Shooting phase, just after an enemy unit has shot.¶TARGET: One PENITENT unit from your army that was selected as the target as one or more of the attacking unit’s attacks.¶EFFECT: Your unit can make a surge move of up to D6""""."
000010865004|AS|000001156|Sacred Champions|UNFLINCHING DETERMINATION||1|Your turn|Movement phase|WHEN: Your Movement phase, when a friendly CELESTIAN SACRESANTS unit is selected to make an advance/fall-back move.¶TARGET: That CELESTIAN SACRESANTS unit.¶EFFECT:¶• Your unit’s ranged attacks have [ASSAULT] until the end of the turn.¶• That move does not prevent your unit from being eligible to shoot/declare a charge.
000010865003|AS|000001156|Sacred Champions|FAITHFUL FORTITUDE||1|Either player’s turn|Any phase|WHEN: Any phase, when a friendly CELESTIAN SACRESANTS unit suffers a mortal wound.¶TARGET: That CELESTIAN SACRESANTS unit.¶EFFECT: Your unit has Feel No Pain 5+ against mortal wounds until the end of the phase.
000010865002|AS|000001156|Sacred Champions|SANCTIFIED BLOWS||1|Either player’s turn|Fight phase|WHEN: Fight phase, when a friendly CELESTIAN SACRESANTS unit is selected to fight.¶TARGET: That CELESTIAN SACRESANTS unit.¶EFFECT: Your unit’s melee attacks have +1 A and S.
000009816007|CD|000000999|Blood Legion|SHEATHED IN BRASS|Battle Tactic|1|Opponent’s turn|Shooting phase|WHEN: Your opponent’s Shooting phase, just after an enemy unit has selected its targets.¶TARGET: One Legiones Daemonica Khorne unit from your army that was selected as the target of one or more of the attacking unit’s attacks.¶EFFECT: Until the end of the phase, models in your unit have a Save characteristic of 3+.
000009816002|CD|000000999|Blood Legion|WRATH UNDENIABLE|Strategic Ploy|1|Either player’s turn|Fight phase|WHEN: Fight phase, just after an enemy unit has selected its targets.¶TARGET: One Legiones Daemonica Khorne unit from your army that was selected as the target of one or more of the attacking unit’s attacks.¶EFFECT: Until the end of the phase, each time a model in your unit is destroyed by a melee attack, if that model has not fought this phase, roll one D6: on a 4+, do not remove the destroyed model from play; it can fight after the attacking unit has finished making its attacks, and is then removed from play.
000009816003|CD|000000999|Blood Legion|GORE‑HUNGRY ONSLAUGHT|Strategic Ploy|1|Your turn|Movement or Charge phase|WHEN: Your Movement phase or your Charge phase.¶TARGET: One Legiones Daemonica Khorne unit from your army.¶EFFECT: Until the end of the phase, each time a model in your unit makes a move, it can move through terrain features.
000009816004|CD|000000999|Blood Legion|SKULLS BEGET BLOOD|Strategic Ploy|1|Your turn|Shooting phase|"WHEN: Your Shooting phase.¶TARGET: One Legiones Daemonica Khorne Infantry or Legiones Daemonica Khorne Mounted unit from your army (excluding units that Fell Back this turn) that is not within Engagement Range of one or more enemy units.¶EFFECT: Select one enemy unit that is not within Engagement Range of one or more units from your army and is within 8"" of and visible to your unit. Roll six D6: for each 4+, that enemy unit suffers 1 mortal wound."
000009816005|CD|000000999|Blood Legion|BLOOD BEGETS SKULLS|Strategic Ploy|1|Your turn|Charge phase|WHEN: Your Charge phase.¶TARGET: One Legiones Daemonica Khorne unit from your army that has not been selected to charge this phase.¶EFFECT: Until the end of the phase, your unit is eligible to declare a charge in a turn in which it Advanced.
000009816006|CD|000000999|Blood Legion|FOOLS’ FLIGHT|Strategic Ploy|2|Opponent’s turn|Movement phase|"WHEN: Your opponent’s Movement phase, when an enemy unit ends a fall-back move.¶TARGET: One friendly unengaged LEGIONES DAEMONICA KHORNE unit that is within 6"" of that enemy unit.¶EFFECT: Declare a charge with your unit. When selecting charge targets, you can only select enemy units that made a fall-back move this phase and are within the maximum distance."
000011021004|CD|000001175|Cavalcade of Chaos|INESCAPABLE MANIFESTATIONS||1|Opponent’s turn|Movement phase|WHEN: Your opponent’s Movement phase, when a unit is selected to make a fall-back move, if that unit is engaged with a friendly LEGIONES DAEMONICA MOUNTED unit.¶TARGET: That LEGIONES DAEMONICA MOUNTED unit.¶EFFECT: When an enemy unit engaged with your unit is selected to make a fall-back move, that enemy unit must use the desperate escape mode. If that enemy unit is battle-shocked, -1 from those hazard rolls.
000011021003|CD|000001175|Cavalcade of Chaos|WARP-RIDERS||1|Your turn|Movement phase|WHEN: Your Movement phase, when a friendly LEGIONES DAEMONICA MOUNTED unit is selected to move.¶TARGET: That LEGIONES DAEMONICA MOUNTED unit.¶EFFECT: Your unit has MOBILE.
000011021002|CD|000001175|Cavalcade of Chaos|FROM BEYOND THE VEIL||1|Either player’s turn|Movement phase|WHEN: End of the Movement phase, from the start of the battle.¶TARGET: One friendly LEGIONES DAEMONICA MOUNTED unit in strategic reserves.¶EFFECT: Your unit can make an ingress move.
000008437006|CD|000000779|Daemonic Incursion|THE REALM OF CHAOS|Battle Tactic|1|Opponent’s turn|Any phase|WHEN: End of your opponent’s turn.¶TARGET: Up to two LEGIONES DAEMONICA units from your army that are within your army’s Shadow of Chaos, or one other LEGIONES DAEMONICA unit from your army.¶EFFECT:¶• Place your unit in strategic reserves.¶• Your unit must make an ingress move in your next Movement phase (including in your first turn).¶RESTRICTION: You cannot target units that are within Engagement Range of one or more enemy units with this Stratagem.
000008437004|CD|000000779|Daemonic Incursion|DRAUGHT OF TERROR|Battle Tactic|1|Either player’s turn|Shooting or Fight phase|WHEN: Your Shooting phase or the Fight phase.¶TARGET: One LEGIONES DAEMONICA unit from your army that has not been selected to shoot or fight this phase.¶EFFECT: Until the end of the phase, improve the Armour Penetration characteristic of weapons equipped by models in that unit by 1. In addition, until the end of the phase, each time such a weapon targets a unit that is Battle-shocked, you can re-roll the Wound roll.
000008437007|CD|000000779|Daemonic Incursion|DAEMONIC INVULNERABILITY|Battle Tactic|1|Opponent’s turn|Shooting phase|WHEN: Your opponent’s Shooting phase, just after an enemy unit has selected its targets.¶TARGET: One LEGIONES DAEMONICA unit from your army that was selected as the target of one or more of that enemy unit’s attacks.¶EFFECT: Until the end of the phase, each time an invulnerable saving throw is made for a model in your unit, re-roll a saving throw of 1.
000008437003|CD|000000779|Daemonic Incursion|WARP SURGE|Strategic Ploy|1|Your turn|Charge phase|WHEN: Your Charge phase.¶TARGET: One LEGIONES DAEMONICA unit from your army that is within your army’s Shadow of Chaos.¶EFFECT: Until the end of the phase, your unit is eligible to declare a charge in a turn in which it Advanced.
000008437002|CD|000000779|Daemonic Incursion|CORRUPT REALSPACE|Strategic Ploy|1|Either player’s turn|Command phase|"WHEN: Start of any Command phase.¶TARGET: One LEGIONES DAEMONICA unit from your army that is within range of an objective marker you control.¶EFFECT: That objective marker is said to be Corrupted and remains under your control, even if you have no models within range of it, until your opponent controls it at the start or end of any turn. In addition, while an objective marker is Corrupted and under your control, the area of the battlefield within 6"" of that objective marker is considered to be within your army’s Shadow of Chaos."
000008437005|CD|000000779|Daemonic Incursion|DENIZENS OF THE WARP|Strategic Ploy|1|Either player’s turn|Any phase|"WHEN: Your Movement phase.¶TARGET: One LEGIONES DAEMONICA unit from your army that is arriving using the Deep Strike ability this phase.¶EFFECT: Your unit can be set up anywhere on the battlefield that is more than 6"" horizontally away from all enemy models."
000009807003|CD|000000997|Legion of Excess|ARCHAGONISTS|Battle Tactic|2|Either player’s turn|Fight phase|WHEN: Fight phase.¶TARGET: One Legiones Daemonica Slaanesh Monster unit or up to two Legiones Daemonica Slaanesh units (excluding Monsters) from your army that have not been selected to fight this phase.¶EFFECT: Until the end of the phase, each time a model in one of those units makes an attack, add 1 to the Wound roll.
000009807007|CD|000000997|Legion of Excess|OVERWHELMING EXCESS|Battle Tactic|1|Opponent’s turn|Shooting or Fight phase|WHEN: Your opponent’s Shooting phase or the Fight phase, just after an enemy unit has selected its targets.¶TARGET: One Legiones Daemonica Slaanesh unit from your army that was selected as the target of one or more of the attacking unit’s attacks.¶EFFECT: Until the end of the phase, each time an attack targets your unit, subtract 1 from the Hit roll.
000009807006|CD|000000997|Legion of Excess|CAVALCADE OF BLADES|Battle Tactic|1|Your turn|Charge phase|WHEN: Your Charge phase, just after a Legiones Daemonica Slaanesh unit from your army ends a Charge move.¶TARGET: That LEGIONES DAEMONICA SLAANESH unit.¶EFFECT: Select one enemy unit within Engagement Range of your unit, then roll one D6 for each model in your unit that is within Engagement Range of that enemy unit, or roll six D6 instead if your unit is a MONSTER unit: for each 4+, that enemy unit suffers 1 mortal wound.
000009807005|CD|000000997|Legion of Excess|PHANTASMAL LONGING|Strategic Ploy|1|Your turn|Movement or Charge phase|WHEN: Your Movement phase or your Charge phase.¶TARGET: One Legiones Daemonica Slaanesh unit from your army.¶EFFECT: Until the end of the phase, each time a model in your unit makes a move, it can move through terrain features.
000009807004|CD|000000997|Legion of Excess|SENSORY EXCRUCIATION|Strategic Ploy|1|Your turn|Command phase|WHEN: Your Command phase.¶TARGET: One Legiones Daemonica Slaanesh Monster unit from your army that is on the battlefield.¶EFFECT: Each unit on the battlefield that is within your army’s Shadow of Chaos must take a Battle-shock test, subtracting 1 from that test if they are Below Half-strength.¶Designer’s Note: This Stratagem forces all friendly and enemy units alike within your army’s Shadow of Chaos to take a Battle-shock test. This can allow a Chaos Daemons player to heal units from their army through the Daemonic Terror army rule, at the risk of causing some of their own units to become Battle-shocked.
000009807002|CD|000000997|Legion of Excess|THIEVES OF PAIN|Strategic Ploy|1|Either player’s turn|Any phase|"WHEN: Any phase, when an enemy unit targets a friendly LEGIONES DAEMONICA SLAANESH unit (excluding MONSTER/VEHICLE units), or when a friendly LEGIONES DAEMONICA SLAANESH unit (excluding MONSTER/VEHICLE units) suffers a mortal wound.¶TARGET: That LEGIONES DAEMONICA SLAANESH unit.¶EFFECT: Select one other friendly LEGIONES DAEMONICA SLAANESH unit that is within 9"" of and visible to your unit. Until the end of the phase, while the selected unit is on the battlefield, each time a model in your unit would lose a wound, inflict 1 mortal wound on the selected unit instead."
000011025002|CD|000001176|Lords of the Warp|CARNIVAL OF EXCESS||1|Either player’s turn|Fight phase|WHEN: Fight phase, when an enemy unit has fought.¶TARGET: One friendly LEGIONES DAEMONICA CHARACTER SLAANESH unit (excluding MONSTER units) that has not been selected to fight this phase.¶EFFECT: Your unit has Fights First and must be the next unit you select to fight.
000011025005|CD|000001176|Lords of the Warp|SKIRLING MAGICKS||1|Your turn|Shooting phase|WHEN: Your Shooting phase, when a friendly LEGIONES DAEMONICA CHARACTER TZEENTCH unit (excluding MONSTER units) is selected to shoot.¶TARGET: That LEGIONES DAEMONICA CHARACTER TZEENTCH unit.¶EFFECT: Your unit’s ranged attacks have [LETHAL HITS].
000011025004|CD|000001176|Lords of the Warp|BILIOUS BLESSING||1|Your turn|Shooting phase|"WHEN: Start of your Shooting phase.¶TARGET: One friendly LEGIONES DAEMONICA CHARACTER NURGLE unit (excluding MONSTER units).¶EFFECT: Select one visible enemy unit within 8"" of your unit and roll seven D6:¶• For each 4+, that enemy unit suffers 1 mortal wound"
000011025003|CD|000001176|Lords of the Warp|CALL TO MURDER||1|Either player’s turn|Fight phase|WHEN: Fight phase, when a friendly LEGIONES DAEMONICA KHORNE CHARACTER unit (excluding MONSTER units) that made a charge move this turn is selected to fight.¶TARGET: That LEGIONES DAEMONICA CHARACTER KHORNE unit.¶EFFECT: Your unit’s melee attacks have +1 A.
000009820006|CD|000001000|Plague Legion|MURKSHADOWS|Battle Tactic|1|Your turn|Movement phase|"WHEN: Your Movement phase.¶TARGET: One Legiones Daemonica Nurgle Infantry unit from your army.¶EFFECT: Until the end of the phase, each time your unit makes a Normal move, add 5"" to the Move characteristic of models in your unit."
000009820003|CD|000001000|Plague Legion|FEVER VISIONS|Battle Tactic|1|Either player’s turn|Shooting or Fight phase|WHEN: Your Shooting phase or the Fight phase.¶TARGET: One Legiones Daemonica Nurgle unit from your army that has not been selected to shoot or fight this phase.¶EFFECT: Until the end of the phase, each time a model in your unit makes an attack, add 1 to the Hit roll. After your unit has finished making its attacks, select one enemy unit hit by one or more of those attacks; that enemy unit must take a Battle-shock test.
000009820002|CD|000001000|Plague Legion|SEEPING VIRULENCE|Battle Tactic|1|Either player’s turn|Fight phase|WHEN: Fight phase.¶TARGET: One Legiones Daemonica Nurgle unit from your army that has not been selected to fight this phase.¶EFFECT: Until the end of the phase, each time a model in that unit makes an attack, an unmodified Hit roll of 5+ scores a Critical Hit.
000009820007|CD|000001000|Plague Legion|PLAGUE OF WOES|Strategic Ploy|1|Opponent’s turn|Command phase|"WHEN: Your opponent’s Command phase, before selecting any targets for the Melancholic Miasma Detachment rule.¶TARGET: One Legiones Daemonica Nurgle unit from your army.¶EFFECT: Until the end of the phase, after an enemy unit takes a Battle-shock test as a result of the Melancholic Miasma Detachment rule, select one other enemy unit within 9"" of your unit; that enemy unit must take a Battle-shock test."
000009820005|CD|000001000|Plague Legion|ROT AND RENEWAL|Strategic Ploy|1|Your turn|Movement or Charge phase|WHEN: Your Movement phase or your Charge phase.¶TARGET: One Legiones Daemonica Nurgle unit from your army.¶EFFECT: Until the end of the phase, each time a model in your unit makes a move, it can move through terrain features.
000009820004|CD|000001000|Plague Legion|FOETID RESURGENCE|Strategic Ploy|2|Your turn|Command phase|WHEN: Your Command phase.¶TARGET: One LEGIONES DAEMONICA NURGLE unit from your army that is on the battlefield.¶EFFECT: Return up to 1 destroyed model to your unit (excluding CHARACTER models) or up to D3 destroyed models instead (excluding CHARACTER models) if your unit is a BATTLELINE unit, with their full wounds remaining. If your unit is a MONSTER unit, one model in your unit regains up to D3+1 lost wounds instead.
000009811003|CD|000000998|Scintillating Legion|PYROGENESIS|Battle Tactic|1|Either player’s turn|Shooting or Fight phase|WHEN: Your Shooting phase or the Fight phase.¶TARGET: One Legiones Daemonica Tzeentch unit from your army that has not been selected to shoot or fight that phase.¶EFFECT: Until the end of the phase, add 2 to the Strength characteristic of weapons equipped by models in your unit, or spend one Flux token and add 3 to the Strength characteristic of those weapons and improve the Armour Penetration characteristic of those weapons by 1 instead.
000009811004|CD|000000998|Scintillating Legion|FLICKERING REALITY|Strategic Ploy|1|Either player’s turn|Charge phase|WHEN: Fight phase, just after an enemy unit has selected its targets.¶TARGET: One Legiones Daemonica Tzeentch unit from your army that was selected as the target of one or more of the attacking unit’s attacks.¶EFFECT: Roll one D6, then you can spend one Flux token to re-roll the result: until the end of the phase, each time an attack targets your unit, on an unmodified Hit roll (after any re-roll) of that result, the attack sequence ends, even if the original Hit roll would have been a Critical Hit.¶Example: If you roll a 2 and choose to spend one Flux token to re-roll the result, and the re-roll is a 6, then until the end of the phase, each time an attack targets your unit, on an unmodified Hit roll of 6 the attack sequence ends, that attack fails to hit and no Critical Hit effects (e.g. Lethal Hits) are resolved.
000009811005|CD|000000998|Scintillating Legion|FATEBORNE NIGHTMARES|Strategic Ploy|1|Your turn|Movement or Charge phase|WHEN: Your Movement phase or your Charge phase.¶TARGET: One Legiones Daemonica Tzeentch unit from your army.¶EFFECT: Until the end of the phase, each time a model in your unit makes a move, it can move through terrain features.
000009811006|CD|000000998|Scintillating Legion|FICKLEFIRE|Strategic Ploy|1|Your turn|Shooting phase|WHEN: Your Shooting phase.¶TARGET: One Legiones Daemonica Tzeentch unit from your army that is within Engagement Range of one or more enemy units.¶EFFECT: Until the end of the phase, enemy units are not considered to be within Engagement Range of your unit for the purposes of selecting targets for, and resolving attacks with, ranged weapons. Until the end of the phase, each time an enemy model is destroyed while its unit is within Engagement Range of your unit, roll one D6: on a 5+, your unit suffers 1 mortal wound after the attacking unit has finished making its attacks.
000009811007|CD|000000998|Scintillating Legion|DELIRIUM UNMADE|Strategic Ploy|1|Opponent’s turn|Fight phase|WHEN: End of your opponent’s Fight phase.¶TARGET: One Legiones Daemonica Tzeentch unit from your army that is not within Engagement Range of one or more enemy units. Alternatively, you can spend one Flux token when you use this Stratagem and target up to two LEGIONES DAEMONICA TZEENTCH units from your army instead (including those within Engagement Range of one or more enemy units).¶EFFECT: Remove your units from the battlefield and place them into Strategic Reserves.
000009811002|CD|000000998|Scintillating Legion|IMPOSSIBLE ECLIPSE|Strategic Ploy|1|Either player’s turn|Any phase|WHEN: Any phase.¶TARGET: One Legiones Daemonica Tzeentch Monster unit from your army that is on the battlefield.¶EFFECT: Select No Man’s Land or your opponent’s deployment zone, or spend one Flux token and select both. Until the end of the phase, the selected areas of the battlefield are within your army’s Shadow of Chaos.
000009979005|CD|000001027|Shadow Legion|ENCROACHING DARKNESS|Battle Tactic|1|Your turn|Shooting phase|WHEN: Your Shooting phase.¶TARGET: Up to one Shadow Legion Heretic Astartes unit from your army and up to one Shadow Legion Legiones Daemonica unit from your army. You can only select units that arrived from Reserves this turn.¶EFFECT: Until the end of the phase, weapons equipped by models in your selected units have the [IGNORES COVER] ability.
000009979004|CD|000001027|Shadow Legion|DEATH DENIED|Battle Tactic|1|Your turn|Command phase|WHEN: Your Command phase.¶TARGET: One Shadow Legion unit from your army.¶EFFECT: One model in your unit regains up to 3 lost wounds. In addition, If your unit has the Tzeentch keyword, return up to one destroyed model (excluding Character models) to your unit with its full wounds remaining.
000009979006|CD|000001027|Shadow Legion|SHADE PATH|Battle Tactic|2|Opponent’s turn|Charge phase|"WHEN: Start of your opponent's Charge phase.¶TARGET: One friendly SHADOW LEGION unit.¶EFFECT: Select one visible enemy unit within 12"" of your unit. When that enemy unit declares a charge, that enemy unit has -1 to charge rolls. If your unit has Nurgle, that enemy unit must make a battle-shock roll."
000009979007|CD|000001027|Shadow Legion|BINDING SHADOW|Strategic Ploy|1|Opponent’s turn|Fight phase|WHEN: End of your opponent’s Fight phase.¶TARGET: Up to one Shadow Legion Heretic Astartes unit from your army and up to one Shadow Legion Legiones Daemonica unit from your army. You can only select units that are not within Engagement Range of one or more enemy units.¶EFFECT: Remove those selected units from the battlefield and place them into Strategic Reserves.
000009979003|CD|000001027|Shadow Legion|CHANNELLED WRATH|Strategic Ploy|1|Either player’s turn|Fight phase|WHEN: Fight phase.¶TARGET: One Shadow Legion unit from your army that has not been selected to fight this phase.¶EFFECT: Until the end of the phase, melee weapons equipped by models in your unit have the [LANCE] ability. If your unit has the Khorne keyword, until the end of the phase, improve the Armour Penetration characteristic of those weapons by 1 as well.
000009979002|CD|000001027|Shadow Legion|SPITEFUL DEMISE|Strategic Ploy|1|Either player’s turn|Any phase|WHEN: Any phase, just after a Shadow Legion unit from your army is destroyed, before removing the last model in that unit from the battlefield and before rolling any dice for the Deadly Demise ability.¶TARGET: That SHADOW LEGION unit. You can use this Stratagem on that unit even though it was just destroyed.¶EFFECT: Roll one D6 for each enemy unit that is within Engagement Range of the last model in your unit, adding 2 to the result if your unit has the Slaanesh keyword: on a 4-5, that enemy unit suffers D3 mortal wounds; on a 6+, that enemy unit suffers 3 mortal wounds.
000011029003|CD|000001177|Warptide|SOULSEEING||1|Your turn|Fight phase|"WHEN: Start of your Shooting phase.¶TARGET: One friendly LEGIONES DAEMONICA BATTLELINE unit.¶EFFECT: Select one visible enemy unit within 12"" of your unit. That enemy unit has +6"" detection range."
000011029004|CD|000001177|Warptide|INCORPOREAL ENTITIES||1|Opponent’s turn|Shooting phase|WHEN: Your opponent’s Shooting phase, when an enemy unit targets a friendly LEGIONES DAEMONICA BATTLELINE unit.¶TARGET: That LEGIONES DAEMONICA BATTLELINE unit.¶EFFECT: Ranged attacks that target your unit with a S greater than your unit’s T have -1 to wound rolls.
000011029002|CD|000001177|Warptide|DAEMONIC INFESTATION||1|Your turn|Fight phase|WHEN: Your Command phase.¶TARGET: One friendly LEGIONES DAEMONICA BATTLELINE unit (excluding PINK HORRORS units).¶EFFECT: Your unit heals 3 wounds.
000010152004|CSM|000001058|Cabal of Chaos|WREATHED IN WARPFLAME||1|Your turn|Shooting phase|WHEN: Your Shooting phase, when a friendly HERETIC ASTARTES PSYKER unit is selected to shoot.¶TARGET: That HERETIC ASTARTES PSYKER unit.¶EFFECT: Your unit’s ranged attacks have [IGNORES COVER].
000010152003|CSM|000001058|Cabal of Chaos|FLESHY CURSE||1|Your turn|Shooting phase|"WHEN: Start of your Shooting phase.¶TARGET: One friendly HERETIC ASTARTES PSYKER unit.¶EFFECT: Select one visible enemy unit within 12"" of your unit. Roll one D6:¶• On a 1, that enemy unit suffers 1 mortal wound.¶• On a 2-4, that enemy unit suffers D3 mortal wounds.¶• On a 5-6, that enemy unit suffers 2D3 mortal wounds.¶These mortal wounds are inflicted by a psychic attack."
000010152002|CSM|000001058|Cabal of Chaos|INFERNAL VIGOUR||1|Your turn|Command phase|WHEN: Your Command phase.¶TARGET: One friendly HERETIC ASTARTES PSYKER/DAEMON unit (excluding KHORNE units).¶EFFECT: Your unit heals D3+1 wounds.
000008982002|CSM|000000872|Chaos Cult|CHOSEN FOR GLORY|Battle Tactic|1|Either player’s turn|Shooting or Fight phase|WHEN: Your Shooting phase or the Fight phase.¶TARGET: One DAMNED unit from your army that has not been selected to shoot or fight this phase.¶EFFECT: Your unit can make a Desperate Pact. If it does, until the end of the phase, each time a model in your unit makes an attack, you can re-roll the Hit roll, and if your unit did not fail the resulting Leadership test when making that Desperate Pact, you can re-roll the Wound roll as well.
000008982004|CSM|000000872|Chaos Cult|INFERNAL SACRIFICE|Battle Tactic|1|Either player’s turn|Fight phase|WHEN: Fight phase.¶TARGET: One DAMNED unit from your army that has not been selected to fight this phase.¶EFFECT: Your unit can make a Desperate Pact. If it does, your unit suffers D3 mortal wounds (in addition to any suffered for failing the resulting Leadership test), and until the end of the phase, add 1 to the Attacks characteristic of the melee weapons equipped by models in your unit, and if your unit did not fail the resulting Leadership test when making that Desperate Pact, until the end of the phase, improve the Strength characteristic of those weapons by 1 as well.
000008982005|CSM|000000872|Chaos Cult|CRAZED FOCUS|Battle Tactic|1|Your turn|Shooting phase|WHEN: Your Shooting phase.¶TARGET: One DAMNED unit from your army that has not been selected to shoot this phase.¶EFFECT: Your unit can make a Desperate Pact. If it does, until the end of the phase, each time a model in your unit makes an attack, improve the Armour Penetration characteristic of that attack by 1, and if your unit did not fail the resulting Leadership test when making that Desperate Pact, improve the Strength characteristic of that attack by 1 as well.
000008982003|CSM|000000872|Chaos Cult|SELFLESS DEMISE|Strategic Ploy|1|Either player’s turn|Fight phase|WHEN: Fight phase, just after an enemy unit has selected its targets.¶TARGET: One DAMNED unit from your army that was selected as the target of one or more of the attacking unit’s attacks.¶EFFECT: Until the attacking unit has resolved all of its attacks, each time a model in your unit is destroyed, roll one D6 on a 6, the attacking unit suffers 1 mortal wound after all of its attacks have been resolved.
000008982006|CSM|000000872|Chaos Cult|RECKLESS HASTE|Strategic Ploy|1|Your turn|Charge phase|WHEN: Your Charge phase¶TARGET: One DAMNED unit from your army.¶EFFECT: Until the end of the turn, your unit is eligible to declare a charge in a turn in which it Advanced.
000008982007|CSM|000000872|Chaos Cult|MORTAL THRALLS|Strategic Ploy|1|Opponent’s turn|Shooting phase|"WHEN: Your opponent’s Shooting phase, just after an enemy unit has selected ts targets.¶TARGET: One HERETIC ASTARTES unit from your army that was selected as the target of one or more of the attacking units attacks, and one friendly DAMNED unit within 3"" of your unit and visible to both your unit and the attacking unit.¶EFFECT: Until the end of the phase, while your DAMNED unit is on the battlefield, each time your opponent would make a Wound roll for an attack that targets your HERETIC ASTARTES unit, if your DAMNED unit is visible to the attacking model and is an eligible target for that attack, no roll is made; instead, your DAMNED unit suffers a number of mortal wounds equal to the Damage characteristic of that attack."
000009774002|CSM|000000991|Creations of Bile|MONSTROUS VISAGES|Strategic Ploy|1|Either player’s turn|Shooting or Fight phase|WHEN: Your opponent’s Shooting phase or the Fight phase, just after an enemy unit has selected its targets.¶TARGET: One Heretic Astartes Infantry unit from your army that was selected as the target of one or more of the attacking unit’s attacks.¶EFFECT: Until the end of the phase, each time an attack targets your unit, subtract 1 from the Hit roll.
000009774005|CSM|000000991|Creations of Bile|DELAYED MUTATIONS|Strategic Ploy|2|Your turn|Command phase|WHEN: Your Command phase.¶TARGET: One Heretic Astartes Infantry unit (excluding Damned units) from your army.¶EFFECT: Your unit suffers D3 mortal wounds. Then select one augmentation (see Experimental Augmentations). Until the start of your next Command phase, models in your unit have the selected augmentation in addition to any other augmentations they have.
000009774006|CSM|000000991|Creations of Bile|DIABOLIC REGENERATION|Strategic Ploy|1|Your turn|Command phase|WHEN: Your Command phase.¶TARGET: One Heretic Astartes Infantry unit (excluding Damned units) from your army.¶EFFECT: One destroyed model (excluding Character models) is returned to your unit. If your unit is a Battleline unit, D3 destroyed models (excluding CHARACTER models) are returned to your unit instead.
000009774007|CSM|000000991|Creations of Bile|AUTOSTIMULANTS|Strategic Ploy|1|Your turn|Charge phase|WHEN: Start of your Charge phase.¶TARGET: One Heretic Astartes Infantry unit from your army.¶EFFECT: Until the end of the turn, your unit is eligible to declare a charge in a turn in which it Advanced.
000009774004|CSM|000000991|Creations of Bile|SPECIMENS FOR THE SPIDER|Strategic Ploy|2|Either player’s turn|Fight phase|"WHEN: Fight phase.¶TARGET: One Heretic Astartes Infantry unit from your army that has not been selected to fight this phase.¶EFFECT: Until the end of the phase, each time a model in your unit makes a melee attack that targets a CHARACTER unit, you can re-roll the Wound roll. After your unit has fought, if one or more enemy CHARACTER models were destroyed as a result of those attacks, select one enemy unit within 6"" of your unit. That enemy unit must take a Battle-shock test. If the enemy WARLORD was destroyed as a result of those attacks, each enemy unit within 6"" of your unit must take a Battle-shock test instead."
000009774003|CSM|000000991|Creations of Bile|MASTERS ARE WATCHING|Strategic Ploy|1|Either player’s turn|Fight phase|WHEN: Fight phase, just after an enemy unit has selected its targets.¶TARGET: One Heretic Astartes Infantry unit from your army that was selected as the target of one or more of the attacking unit’s attacks.¶EFFECT: Until the end of the phase, each time a model in your unit is destroyed, if that model has not fought this phase, roll one D6, subtracting 1 from the result if it is a Damned unit: on a 4+, do not remove it from play. That destroyed model can fight after the attacking unit has finished making its attacks, and is then removed from play.
000010744003|CSM|000001142|Cult of the Arkifane|BALEFIRE BOON|Battle Tactic|1|Either player’s turn|Shooting or Fight phase|WHEN: Your Shooting phase or the Fight phase.¶TARGET: One Soul Forge unit from your army that has not been selected to shoot or fight this phase.¶EFFECT: Until the end of the phase, each time a model in your unit makes an attack, improve the Armour Penetration characteristic of that attack by 1.
000010744004|CSM|000001142|Cult of the Arkifane|SOUL-TALLY OFFERING|Battle Tactic|2|Either player’s turn|Shooting or Fight phase|WHEN: Your Shooting phase or the Fight phase.¶TARGET: One Soul Forge unit from your army that has not been selected to shoot or fight this phase.¶EFFECT: Until the end of the phase, each time a model in your unit makes an attack that targets a CHARACTER, MONSTER or VEHICLE unit, you can re-roll the Wound roll.
000010744002|CSM|000001142|Cult of the Arkifane|TOUCH OF THE ARKIFANE|Battle Tactic|1|Either player’s turn|Any phase|WHEN: Any phase.¶TARGET: One HERETIC ASTARTES unit from your army (excluding Damned units) that has not been selected to shoot or fight this phase.¶EFFECT: Until the end of the phase, if your unit is selected to make a Dark Pact, you can select both abilities for that unit’s weapons to gain.
000010744005|CSM|000001142|Cult of the Arkifane|BIOMECHANOID REGENERATION|Epic Deed|1|Your turn|Command phase|WHEN: Your Command phase.¶TARGET: One HERETIC ASTARTES unit from your army (excluding Damned units).¶EFFECT: One model in your unit regains up to D3 lost wounds. If your unit has the Soul Forge keyword, one model in your unit regains up to 3 lost wounds instead.
000010744006|CSM|000001142|Cult of the Arkifane|FORGE-FIRE SURGE|Strategic Ploy|1|Your turn|Movement phase|WHEN: Your Movement phase, just after a HERETIC ASTARTES unit from your army Advances.¶TARGET: That HERETIC ASTARTES unit.¶EFFECT: Until the end of the turn, your unit is eligible to shoot in a turn in which it Advanced. If your unit has the Soul Forge keyword, until the end of the turn, your unit is eligible to shoot and declare a charge in a turn in which it Advanced instead.
000010744007|CSM|000001142|Cult of the Arkifane|UNHOLY FORTITUDE|Strategic Ploy|1|Opponent’s turn|Shooting phase|WHEN: Your opponent’s Shooting phase, just after an enemy unit has selected its targets.¶TARGET: One Soul Forge unit from your army that was selected as the target of one or more of the attacking unit’s attacks.¶EFFECT: Until the end of the phase, add 1 to the Toughness characteristic of models in your unit.
000008965004|CSM|000000868|Deceptors|PICK THEM OFF|Battle Tactic|1|Your turn|Shooting phase|WHEN: Your Shooting phase.¶TARGET: One HERETIC ASTARTES unit from your army that has not been selected to shoot this phase.¶EFFECT: Until the end of the phase, each time a model in your unit makes an attack that targets a unit that is below its Starting Strength, you can re-roll the Hit roll. If the target is Below Half-strength, you can re-roll the Wound roll as well.
000008965003|CSM|000000868|Deceptors|FROM ALL SIDES|Battle Tactic|1|Your turn|Charge phase|WHEN: Start of your Charge phase.¶TARGET: One HERETIC ASTARTES unit from your army.¶EFFECT: Until the end of the phase, add 1 to Charge rolls made for your unit for each other HERETIC ASTARTES unit from your army that made a Charge move this phase (to a maximum of +3)
000008965006|CSM|000000868|Deceptors|RELENTLESS PURSUIT|Strategic Ploy|1|Opponent’s turn|Movement phase|"WHEN: Your opponent’s Movement phase, just after an enemy unit ends a Normal, Advance or Fall Back move.¶TARGET: One HERETIC ASTARTES INFANTRY or HERETIC ASTARTES MOUNTED unit from your army that is within 8"" of that enemy unit and not within Engagement Range of one or more enemy units.¶EFFECT: Your unit can make a Normal move of up to 6""."
000008965005|CSM|000000868|Deceptors|COILS OF DECEPTION|Strategic Ploy|1|Your turn|Movement phase|WHEN: Your Movement phase, just after a HERETIC ASTARTES unit from your army Falls Back.¶TARGET: That HERETIC ASTARTES unit.¶EFFECT: Until the end of the turn, your unit is eligible to shoot in a turn in which it Fell Back
000008965007|CSM|000000868|Deceptors|SCRAMBLED COORDINATES|Strategic Ploy|1|Opponent’s turn|Movement phase|"WHEN: Start of the Reinforcements step of your opponent’s Movement phase.¶TARGET: One HERETIC ASTARTES unit from your army.¶EFFECT: Until the end of the phase, enemy units that are set up on the battlefield from Reserves cannot be set up within 12"" horizontally of your unit."
000008965002|CSM|000000868|Deceptors|DETONATOR|Wargear|1|Either player’s turn|Any phase|"WHEN: Any phase, just after an enemy model with the Deadly Demise ability (excluding TITANIC models) is destroyed¶TARGET: One HERETIC ASTARTES CHARACTER unit from your army that was within 18"" of that enemy model when it was destroyed.¶EFFECT: Your opponent does not roll to determine whether mortal wounds are inflicted by their model’s Deadly Demise ability. Instead, mortal wounds are automatically inflicted (if that ability inflicts a random number of mortal wounds, your opponent rolls to determine that number as normal)."
000010985003|CSM|000001183|Devotees of Destruction|SNARE OF FIRE||1|Opponent’s turn|Movement phase|"WHEN: Your opponent’s Movement phase, when an enemy unit ends a move within 8"" of a friendly unengaged HAVOCS unit.¶TARGET: That HAVOCS unit.¶EFFECT: Your unit can make a normal move of up to D3+3""."
000010985002|CSM|000001183|Devotees of Destruction|RUINATION’S BOUNTY||1|Your turn|Shooting phase|WHEN: Your Shooting phase, when a friendly HAVOCS/OBLITERATORS unit is selected to shoot.¶TARGET: That HAVOCS/OBLITERATORS unit.¶EFFECT: When your unit uses the Dark Pacts ability, your unit’s ranged attacks have:¶• [LETHAL HITS].¶• [SUSTAINED HITS 1].
000010985004|CSM|000001183|Devotees of Destruction|UNDYING HATRED||1|Opponent’s turn|Shooting phase|WHEN: Your opponent’s Shooting phase, when an enemy unit targets a friendly HAVOCS/OBLITERATORS unit.¶TARGET: That HAVOCS/OBLITERATORS unit.¶EFFECT: Attacks that target your unit with a S greater than your unit’s T have -1 to wound rolls.
000008973004|CSM|000000870|Dread Talons|PITILESS HUNTERS|Battle Tactic|1|Your turn|Shooting phase|WHEN: Your Shooting phase.¶TARGET: One HERETIC ASTARTES INFANTRY unit from your army that has not been selected to shoot this phase.¶EFFECT: Until the end of the phase, each time a model in your unit makes an attack that targets a unit that is Battle-shocked and/or Below Half-strength, you can re-roll the Hit roll and you can re-roll the Wound roll.
000008973002|CSM|000000870|Dread Talons|DEPTHLESS CRUELTY|Battle Tactic|1|Either player’s turn|Fight phase|WHEN: Fight phase¶TARGET: One HERETIC ASTARTES INFANTRY unit from your army that has not been selected to fight this phase.¶EFFECT: Until the end of the phase, each time a model in your unit makes an attack that targets a unit that is Battle-shocked and/or Below Half-strength, improve the Armour Penetration characteristic of that attack by 1.
000008973003|CSM|000000870|Dread Talons|BLOODY EXAMPLE|Epic Deed|1|Either player’s turn|Fight phase|"WHEN: Fight phase, just after a HERETIC ASTARTES unit from your army destroys a CHARACTER unit.¶TARGET: That HERETIC ASTARTES unit.¶EFFECT: Each enemy unit within 12"" of and visible to your unit must take a Battle-shock test."
000008973005|CSM|000000870|Dread Talons|RELENTLESS TERROR|Strategic Ploy|1|Your turn|Movement phase|WHEN: Your Movement phase, just after a HERETIC ASTARTES INFANTRY unit from your army Falls Back.¶TARGET: That HERETIC ASTARTES INFANTRY unit.¶EFFECT: Until the end of the turn, your unit is eligible to declare a charge in a turn in which it Fell Back.
000008973007|CSM|000000870|Dread Talons|MERCILESS PURSUIT|Strategic Ploy|1|Opponent’s turn|Movement phase|"WHEN: End of your opponent’s Movement phase.¶TARGET: One HERETIC ASTARTES INFANTRY unit from your army that is not within Engagement range of one or more enemy units.¶EFFECT: Select one enemy unit that Fell Back this turn and is within 6"" of your unit. Your unit can declare a charge as if it were your Charge phase. When doing so, you can only select that enemy unit as the target of that charge (and only if it is an eligible target). Note that even if this charge is successful, your unit does not receive any Charge bonus this turn."
000008973006|CSM|000000870|Dread Talons|SCREAMING DESCENT|Strategic Ploy|1|Your turn|Movement phase|"WHEN: Reinforcements step of your Movement phase, from the second battle round onwards.¶TARGET: One HERETIC ASTARTES JUMP PACK unit from your army that is in Reserves.¶EFFECT: Set your unit up anywhere on the battlefield that is more than 6"" horizontally away from all enemy units, but until the end of the turn, it is not eligible to declare a charge. Then select one enemy INFANTRY or MOUNTED unit within 9"" of and visible to your unit: that unit must take a Battle-shock test."
000008977004|CSM|000000871|Fellhammer Siege-host|PITILESS CANNONADE|Battle Tactic|1|Your turn|Shooting phase|WHEN: Your Shooting phase.¶TARGET: One HERETIC ASTARTES unit from your army that has not been selected to shoot this phase.¶EFFECT: Until the end of the phase, each time a model in your unit makes an attack that targets a unit that is Below Half-strength, a successful unmodified Hit roll of 5+ scores a Critical Hit
000008977005|CSM|000000871|Fellhammer Siege-host|POINT-BLANK DESTRUCTION|Battle Tactic|1|Your turn|Shooting phase|WHEN: Your Shooting phase¶TARGET: One HERETIC ASTARTES unit from your army that is within Engagement Range of one or more enemy units and has not been selected to shoot this phase.¶EFFECT: Until the end of the phase, your unit’s ranged weapons (excluding Blast weapons) have the [PISTOL] ability.
000008977002|CSM|000000871|Fellhammer Siege-host|PERSISTENT ASSAILANTS|Battle Tactic|1|Either player’s turn|Fight phase|WHEN: Fight phase.¶TARGET: One HERETIC ASTARTES unit from your army that was selected as the target of one or more attacks this phase and has not been selected to fight this phase.¶EFFECT: Until the end of the phase, each time a model in your unit makes an attack, you can re-roll the Hit roll, and if your unit is Below Half-strength you can re-roll the Wound roll as well.
000008977003|CSM|000000871|Fellhammer Siege-host|BRUTAL ATTRITION|Epic Deed|1|Either player’s turn|Fight phase|WHEN: Fight phase, just after an enemy unit has selected its targets.¶TARGET: One HERETIC ASTARTES INFANTRY unit from your army (excluding DAMNED units) that was selected as the target of one or more of the attacking unit’s attacks.¶EFFECT: Until the end of the phase, each time a melee attack is allocated to your unit, after the attacking unit has finished making its attacks, roll one D6 (to maximum of six D6 per attacking unit): for each 4+, the attacking unit suffers 1 mortal wound.
000008977006|CSM|000000871|Fellhammer Siege-host|STEADFAST DETERMINATION|Strategic Ploy|1|Opponent’s turn|Shooting phase|WHEN: Your opponent’s Shooting phase, just after an enemy unit has selected its targets.¶TARGET: One HERETIC ASTARTES unit from your army (excluding DAMNED units) that was selected as the target of one or more of the attacking unit’s attacks.¶EFFECT: Until the end of the phase, models in your unit have the Feel No Pain 5+ ability.
000008977007|CSM|000000871|Fellhammer Siege-host|SIEGECRAFT|Strategic Ploy|1|Opponent’s turn|Charge phase|WHEN: Start of your opponents Charge phase.¶TARGET: One HERETIC ASTARTES unit from your army.¶EFFECT: Until the end of the phase, each time an enemy unit selects your unit as a target of a charge, subtract 2 from the Charge roll (this is not cumulative with any other negative modifiers to that Charge roll).
000010689002|CSM|000001133|Huron’s Marauders|HARDENED KILLERS|Battle Tactic|1|Your turn|Command phase|WHEN: Your Command phase.¶TARGET: One Damned unit from your army.¶EFFECT: Select one of the following effects:¶• Improve the Ballistic Skill characteristic of ranged weapons equipped by models in this unit by 1.¶• Improve the Attacks characteristic of Rapid Fire weapons equipped by models in this unit by 1.¶• Improve the Save characteristic of models in this unit by 1.¶Until the start of your next turn, your unit has the benefit of that effect.
000010689005|CSM|000001133|Huron’s Marauders|REAVERS’ FLURRY|Battle Tactic|1|Your turn|Fight phase|WHEN: Your Fight phase.¶TARGET: One HERETIC ASTARTES unit from your army that made a Charge move this turn.¶EFFECT: Until the end of the phase, add 1 to the Attacks characteristics of melee weapons equipped by models in your unit.
000010689004|CSM|000001133|Huron’s Marauders|SEIZE THE PRIZE|Battle Tactic|1|Your turn|Movement phase|"WHEN: Your Movement phase, just after a HERETIC ASTARTES unit (excluding Monsters and Vehicles) from your army has been selected to Advance.¶TARGET: That HERETIC ASTARTES unit.¶EFFECT: Do not make an Advance roll for your unit. Instead, until the end of the phase add 6"" to the Move characteristic of models in your unit."
000010689006|CSM|000001133|Huron’s Marauders|TO THE FAVOURED THE SPOILS|Strategic Ploy|1|Opponent’s turn|Shooting phase|"WHEN: Your opponent’s Shooting phase, just after an enemy unit has shot.¶TARGET: One HERETIC ASTARTES unit from your army that lost one or more wounds as a result of those attacks.¶EFFECT: Your unit can make a surge move of up to D6""."
000010689007|CSM|000001133|Huron’s Marauders|ENCIRCLING SURGE|Strategic Ploy|1|Opponent’s turn|Fight phase|"WHEN: End of your opponent’s Fight phase.¶TARGET: One HERETIC ASTARTES unit (excluding Monsters and Vehicles) from your army that is within 6"" of one or more battlefield edges and not within Engagement Range of one or more enemy units.¶EFFECT: Remove your unit from the battlefield and place it into Strategic Reserves."
000010689003|CSM|000001133|Huron’s Marauders|AT THE TYRANT’S COMMAND|Strategic Ploy|1|Your turn|Movement phase|WHEN: Your Movement phase.¶TARGET: One HERETIC ASTARTES unit (excluding Monsters and Vehicles) from your army.¶EFFECT: Until the end of the turn, your unit is eligible to shoot and declare a charge in a turn in which it Advanced.
000010989004|CSM|000001184|Murdertalon Raiders|WARP-TWISTED TERRORS||1|Your turn|Movement phase|"WHEN: Your Movement phase, when a friendly WARP TALONS unit ends a move.¶TARGET: That WARP TALONS unit.¶EFFECT: Select one visible enemy unit (excluding MONSTER/VEHICLE units) within 9"" of your unit. That enemy unit makes a battle-shock roll, with -1 to that battle-shock roll."
000010989003|CSM|000001184|Murdertalon Raiders|RAKING PASS||1|Your turn|Movement phase|WHEN: Your Movement phase, when a friendly HERETIC ASTARTES INFANTRY FLY unit is selected to make a fall-back move.¶TARGET: That HERETIC ASTARTES INFANTRY FLY unit.¶EFFECT: That move does not prevent your unit from being eligible to declare a charge.
000010989002|CSM|000001184|Murdertalon Raiders|PLUNGING TALONS||1|Either player’s turn|Fight phase|WHEN: Fight phase, when a friendly HERETIC ASTARTES INFANTRY FLY unit that made a charge move this turn is selected to fight.¶TARGET: That HERETIC ASTARTES INFANTRY FLY unit.¶EFFECT: Your unit’s melee attacks have [LANCE].
000010642007|CSM|000001122|Nightmare Hunt|HORRIFIC INCURSION||1|Your turn|Movement phase|"WHEN: Your Movement phase.¶TARGET: One HERETIC ASTARTES unit from your army that arrived from Reserves this turn.¶EFFECT: Select one enemy unit (excluding MONSTER and VEHICLE units) within 12"" of and visible to your unit: that unit must take a Battle-shock test, subtracting 1 from the result."
000010642002|CSM|000001122|Nightmare Hunt|TALONS SUNK DEEP||1|Either player’s turn|Shooting or Fight phase|WHEN: Your Shooting phase or the Fight phase.¶TARGET: One Heretic Astartes Infantry unit from your army that has not been selected to shoot or fight this phase.¶EFFECT: Until the end of the phase, each time a model in your unit makes an attack that targets a unit that is Battle-shocked and/or Below Half-strength, improve the Armour Penetration characteristic of that attack by 1.
000010642003|CSM|000001122|Nightmare Hunt|PREY ON THE WEAK||1|Either player’s turn|Shooting or Fight phase|WHEN: Your Shooting phase or the Fight phase.¶TARGET: One Heretic Astartes Infantry unit from your army that has not been selected to shoot or fight this phase.¶EFFECT: Until the end of the phase, each time a model in your unit makes an attack that targets a unit that is Battle-shocked and/or Below Half-strength, you can re-roll the Hit roll.
000010642004|CSM|000001122|Nightmare Hunt|SADISTIC DISPLAY||1|Either player’s turn|Fight phase|"WHEN: Fight phase, just after a HERETIC ASTARTES unit from your army destroys an enemy unit.¶TARGET: That HERETIC ASTARTES unit.¶EFFECT: Each enemy unit within 6"" of and visible to your unit (excluding MONSTER and VEHICLE units) must take a Battle-shock test."
000010642005|CSM|000001122|Nightmare Hunt|MALICIOUS SURGE||1|Your turn|Charge phase|WHEN: Your Charge phase.¶TARGET: One Heretic Astartes Infantry unit from your army.¶EFFECT: Until the end of the phase, your unit is eligible to declare a charge in a turn in which it Advanced.
000010642006|CSM|000001122|Nightmare Hunt|RELENTLESS TERROR||1|Your turn|Movement phase|WHEN: Your Movement phase, just after a Heretic Astartes Infantry unit from your army Falls Back.¶TARGET: That HERETIC ASTARTES unit.¶EFFECT: Until the end of the turn, your unit is eligible to shoot and declare a charge in a turn in which it Fell Back.
000008358004|CSM|000000751|Pactbound Zealots|PROFANE ZEAL|Battle Tactic|1|Either player’s turn|Shooting or Fight phase|WHEN: Your Shooting phase or the Fight phase.¶TARGET: One Heretic Astartes Chaos Undivided unit from your army that has not been selected to shoot or fight this phase.¶EFFECT: Until the end of the phase, each time a model in your unit makes an attack, you can re-roll the Wound roll.
000008358002|CSM|000000751|Pactbound Zealots|EYE OF THE GODS|Epic Deed|1|Either player’s turn|Fight phase|WHEN: Fight phase, just after a HERETIC ASTARTES CHARACTER unit from your army (excluding DAMNED, DAEMON and EPIC HERO units) destroys a enemy unit.¶TARGET: One HERETIC ASTARTES CHARACTER model in that unit.¶EFFECT: Until the end of the battle, add 1 to the Move, Toughness and Wounds characteristics of that CHARACTER model, and add 1 to the Attacks. Strength and Damage characteristics of that CHARACTER model’s melee weapons.
000008358005|CSM|000000751|Pactbound Zealots|SKINSHIFT|Epic Deed|1|Your turn|Command phase|WHEN: Your Command phase.¶TARGET: One HERETIC ASTARTES unit from your army.¶EFFECT: One model in your unit regains up to 3 lost wounds. In addition, if your unit is a Tzeentch unit below its Starting Strength, one destroyed model (excluding Character models) is returned to your unit with its full wounds remaining.
000008358006|CSM|000000751|Pactbound Zealots|TORPEFYING REFRAIN|Strategic Ploy|1|Your turn|Movement phase|WHEN: Your Movement phase.¶TARGET: One HERETIC ASTARTES unit from your army.¶EFFECT: Until the end of the turn, your unit is eligible to declare a charge in a turn in which it Fell Back. If your unit is a Slaanesh unit, until the end of the turn, your unit is eligible to shoot and declare a charge in a turn in which it Advanced or Fell Back.
000008358007|CSM|000000751|Pactbound Zealots|FESTERING MIASMA|Strategic Ploy|1|Opponent’s turn|Shooting phase|"WHEN: Your opponent’s Shooting phase, just after an enemy unit has selected its targets.¶TARGET: One HERETIC ASTARTES unit from your army that was selected as the target of one or more of the attacking unit’s attacks.¶EFFECT: Until the end of the phase, your unit has the Stealth ability. In addition, if your unit is a Nurgle unit, it can only be selected as the target of a ranged attack if the attacking model is within 18""."
000008358003|CSM|000000751|Pactbound Zealots|ETERNAL HATE|Strategic Ploy|1|Either player’s turn|Fight phase|WHEN: Fight phase, just after an enemy unit has selected its targets.¶TARGET: One HERETIC ASTARTES unit from your army that was selected as the target of one or more of the attacking unit’s attacks.¶EFFECT: Until the end of the phase, each time a model in your unit is destroyed, if that model has not fought this phase, roll one D6, adding 1 to the result if it is a Khorne unit: on a 4+, do not remove it from play. That destroyed model can fight after the attacking model’s unit has finished making its attacks, and is then removed from play.
000008969003|CSM|000000869|Renegade Raiders|SCOUR AND SEIZE|Battle Tactic|1|Either player’s turn|Fight phase|WHEN: Fight phase.¶TARGET: One HERETIC ASTARTES unit from your army that has not been selected to fight this phase.¶EFFECT: Until the end of the phase, each time a model in your unit makes an attack that targets a unit within range of an objective marker, that attack has the [PRECISION] ability.
000008969006|CSM|000000869|Renegade Raiders|RUINOUS RAID|Battle Tactic|1|Your turn|Shooting or Fight phase|WHEN: Your Shooting phase or your Fight phase¶TARGET: One HERETIC ASTARTES unit from your army that disembarked from a TRANSPORT this turn and has not been selected to shoot or fight this phase.¶EFFECT: Until the end of the phase, each time a model in your unit makes an attack, if the target of that attack is within range of an objective marker, you can re-roll the Hit roll and you can re-roll the Wound roll.
000008969002|CSM|000000869|Renegade Raiders|UNFAILINGLY OBDURATE|Battle Tactic|1|Either player’s turn|Shooting or Fight phase|WHEN: Your opponent’s Shooting phase or the Fight phase, just after an enemy unit has selected its targets.¶TARGET: One HERETIC ASTARTES unit from your army (excluding DAMNED units) that was selected as the target of one or more of the attacking unit’s attacks.¶EFFECT: Until the attacking unit has finished making its attacks, each time an attack targets your unit, worsen the Armour Penetration characteristic of that attack by 1.
000008969007|CSM|000000869|Renegade Raiders|REAVERS’ HASTE|Strategic Ploy|1|Your turn|Charge phase|WHEN: Your Charge phase.¶TARGET: One HERETIC ASTARTES INFANTRY or HERETIC ASTARTES MOUNTED unit from your army.¶EFFECT: Until the end of the phase, your unit is eligible to declare a charge in a turn in which it Advanced. If you select one or more units within range of an objective marker as a target of that charge, add 1 to the Charge roll.
000008969004|CSM|000000869|Renegade Raiders|OPPORTUNISTIC RAIDERS|Strategic Ploy|1|Either player’s turn|Fight phase|"WHEN: End of the Fight phase¶TARGET: One HERETIC ASTARTES unit from your army that was eligible to fight this phase.¶EFFECT: If your unit is not within Engagement Range of one or more enemy units, it can make a Normal move of up to 6"", or up to 12"" if it is a MOUNTED unit. Otherwise, your unit can make a Fall Back move. It cannot embark within a TRANSPORT at the end of this move if it disembarked from a TRANSPORT this turn."
000008969005|CSM|000000869|Renegade Raiders|WARPCHARGED ENGINES|Wargear|1|Your turn|Movement phase|"WHEN: Your Movement phase.¶TARGET: One HERETIC ASTARTES TRANSPORT or HERETIC ASTARTES MOUNTED unit from your army that has not been selected to move this phase.¶EFFECT: Until the end of the phase, if your unit Advances, do not make an Advance roll for it. Instead, until the end of the phase, add 6"" to the Move characteristic of models in your unit."
000010695006|CSM|000001134|Renegade Warband|CORRUPTED MUNITIONS|Battle Tactic|1|Your turn|Shooting phase|WHEN: Your Shooting phase.¶TARGET: One HERETIC ASTARTES unit in your army that has just been selected to shoot.¶EFFECT: Until the end of the phase, each time a model in this unit makes a ranged attack, improve the Armour Penetration of that attack by 1.
000010695003|CSM|000001134|Renegade Warband|VENGEFUL DESTRUCTION|Battle Tactic|1|Either player’s turn|Shooting or Fight phase|WHEN: Your Shooting phase or the Fight phase.¶TARGET: One Heretic Astartes Infantry (excluding Damned units) or Heretic Astartes Mounted unit from your army that has not been selected to shoot or fight this phase.¶EFFECT: Until the end of the phase, each time your unit makes an attack that targets your Vendetta target, add 1 to the Wound roll.
000010695002|CSM|000001134|Renegade Warband|NEVER OUTGUNNED|Epic Deed|1|Either player’s turn|Shooting or Fight phase|WHEN: Your Shooting phase or the Fight phase.¶TARGET: One HERETIC ASTARTES unit from your army that has just been selected to shoot or fight.¶EFFECT: Select either the [LETHAL HITS] or [SUSTAINED HITS 1] ability. Until the end of the phase, weapons equipped by models in your unit have the selected ability.
000010695007|CSM|000001134|Renegade Warband|REAVERS’ REACTION|Strategic Ploy|1|Opponent’s turn|Shooting phase|"WHEN: Your opponent’s Shooting phase, just after an enemy unit has shot.¶TARGET: One HERETIC ASTARTES unit (excluding Monsters and Vehicles) from your army that was hit by one or more of those attacks.¶EFFECT: Your unit can make a Normal move of up to D6""."
000010695005|CSM|000001134|Renegade Warband|RENEGADE CLAIM|Strategic Ploy|1|Your turn|Movement phase|WHEN: Your Movement phase¶TARGET: One HERETIC ASTARTES unit from your army within range of an objective marker you control.¶EFFECT: That objective marker remains under your control until your opponent’s Level of Control over that objective marker is greater than yours at the end of a phase.
000010695004|CSM|000001134|Renegade Warband|UNDYING HATRED|Strategic Ploy|1|Either player’s turn|Fight phase|WHEN: Fight phase, just after an enemy unit has selected its targets.¶TARGET: One HERETIC ASTARTES unit from your army that was selected as the target of one or more of the attacking unit’s attacks.¶EFFECT: Until the end of the phase, each time a model in your unit is destroyed, if that model has not fought this phase, roll one D6: on a 4+, do not remove the destroyed model from play; it can fight after the attacking unit has finished making its attacks, and is then removed from play.
000008986002|CSM|000000873|Soulforged Warpack|DESPERATE PLEDGE|Battle Tactic|1|Either player’s turn|Shooting or Fight phase|WHEN: Your Shooting phase or the Fight phase.¶TARGET: One HERETIC ASTARTES DAEMON VEHICLE unit from your army that has not been selected to shoot or fight this phase.¶EFFECT: Until the end of the phase, if your unit invokes its contract, each time it makes an attack, improve the Armour Penetration characteristic of that attack by 1.
000008986004|CSM|000000873|Soulforged Warpack|DAEMONIC POSSESSION|Epic Deed|1|Your turn|Command phase|WHEN: Your Command phase.¶TARGET: One HERETIC ASTARTES VEHICLE unit from your army (excluding Daemon units).¶EFFECT: Until the end of the battle, your unit has the DAEMON keyword.
000008986005|CSM|000000873|Soulforged Warpack|UNSTOPPABLE RAMPAGE|Strategic Ploy|1|Your turn|Movement or Charge phase|WHEN: Your Movement phase or Charge phase.¶TARGET: One Heretic Astartes Vehicle or Vashtorr the Arkifane unit from your army that has not been selected to move or charge this phase.¶EFFECT: Until the end of the phase, each time your unit makes Normal, Advance or charge move, it can move horizontally through terrain features as if they were not there.
000008986006|CSM|000000873|Soulforged Warpack|PREDATORY PURSUIT|Strategic Ploy|1|Opponent’s turn|Movement phase|"WHEN: Your opponent’s Movement phase, just after an enemy unit ends a Normal, Advance or Fall back move.¶TARGET: One HERETIC ASTARTES VEHICLE or Vashtorr the Arkifane unit from your army that is within 8"" of that enemy unit and not within Engagement Range of one or more enemy units.¶EFFECT: Your unit can make a Normal move of up to 6"", but must end that move as close as possible to that enemy unit."
000008986007|CSM|000000873|Soulforged Warpack|FEEDING FRENZY|Strategic Ploy|1|Opponent’s turn|Movement phase|WHEN: Your opponent’s Movement phase, when an enemy unit (excluding MONSTER and VEHICLES) is selected to Fall Back.¶TARGET: One HERETIC ASTARTES DAEMON VEHICLE or Vashtorr the Arkifane unit from your army that is within Engagement Range of that enemy unit.¶EFFECT: Until the end of the phase, each time an enemy unit (excluding MONSTERS and VEHICLES) that is within Engagement Range of your units Falls Back, all models in that enemy unit must take a Desperate Escape test. When doing so, of that enemy unit is Battle-shocked, substract 1 from each of those tests.
000008986003|CSM|000000873|Soulforged Warpack|GLUT OF SOULS|Strategic Ploy|1|Either player’s turn|Fight phase|WHEN: Fight phase.¶TARGET: One HERETIC ASTARTES DAEMON VEHICLE unit from your army (excluding Titanic units) that has not been selected to fight this phase.¶EFFECT: Until the end of the phase, if your unit invokes its contract, each time it makes an attack that destroys an enemy model, roll one D6: on 5+, your unit regains 1 lost wound after all of its attacks have been resolved (to a maximum of 6 wound).
000008961006|CSM|000000867|Veterans of the Long War|LET THE GALAXY BURN|Battle Tactic|1|Your turn|Shooting phase|WHEN: Your Shooting phase.¶TARGET: One HERETIC ASTARTES unit from your army (excluding TZEENTCH units) that has not been selected to shoot this phase¶EFFECT: Until the end of the phase, ranged weapons equipped by models in your unit have the [IGNORES COVER] ability, and change the Attacks characteristic of Torrent weapons equipped by models in your unit to 6.
000008961003|CSM|000000867|Veterans of the Long War|CONTEMPTUOUS DISREGARD|Battle Tactic|1|Either player’s turn|Shooting or Fight phase|WHEN: Your opponents Shooting phase or the Fight phase, just after an enemy unit has selected its targets.¶TARGET: One HERETIC ASTARTES unit from your army (excluding DAMNED units) that was selected as the target of one or more of the attacking unit’s attacks.¶EFFECT: Until the attacking unit has finished making its attacks, each time an attack targets your unit, worsen the Armour Penetration characteristic of that attack by 1.
000008961004|CSM|000000867|Veterans of the Long War|BRINGERS OF DESPAIR|Epic Deed|1|Either player’s turn|Fight phase|WHEN: Fight phase.¶TARGET: One HERETIC ASTARTES unit from your army (excluding DAMNED units) that is within Engagement Range of your focus of hatred.¶EFFECT: Until the end of the phase, your unit has the Fights First ability.
000008961002|CSM|000000867|Veterans of the Long War|ENDLESS IRE|Epic Deed|2|Either player’s turn|Any phase|"WHEN: Any phase, just after your focus of hatred is destroyed.¶TARGET: One HERETIC ASTARTES CHARACTER unit from your army (excluding DAMNED units)¶EFFECT: Select one enemy unit within 12"" of and visible to your unit. Until the start of your next Command phase, that enemy unit is considered to be your focus of hatred."
000008961007|CSM|000000867|Veterans of the Long War|MILLENNIA OF EXPERIENCE|Strategic Ploy|1|Opponent’s turn|Movement phase|"WHEN: Your opponent’s Movement phase, just after an enemy unit ends a Normal, Advance or Fall Back move.¶TARGET: One HERETIC ASTARTES INFANTRY or HERETIC ASTARTES MOUNTED unit from your army (excluding DAMNED units) that is within 8"" of that enemy unit and not within Engagement Range of one or more enemy units.¶EFFECT: Your unit can make a Normal move of up to 6""."
000008961005|CSM|000000867|Veterans of the Long War|BLACK CRUSADE|Strategic Ploy|1|Your turn|Movement phase|WHEN: Your Movement phase¶TARGET: One HERETIC ASTARTES INFANTRY unit or HERETIC ASTARTES MOUNTED unit from your army (excluding DAMNED units).¶EFFECT: Until the end of the turn, your unit is eligible to shoot in a turn in which it Advanced or Fell Back, and bolt pistols, boltguns and combi-bolters equipped by models in your unit have the [DEVASTATING WOUNDS] ability while your unit has not already inflicted 6 wounds this turn using that ability.
000010740007|CSM|000001141|Warpstrike Champions|PORTAL OF SPITE|Battle Tactic|1|Your turn|Charge phase|WHEN: Your Charge phase.¶TARGET: One HERETIC ASTARTES unit from your army that was set up using the Deep Strike ability this turn and has not declared a charge this phase.¶EFFECT: Your unit has +2 to charge rolls.
000010740002|CSM|000001141|Warpstrike Champions|EMPYRIC DISLOCATION|Battle Tactic|1|Either player’s turn|Shooting or Fight phase|WHEN: Your opponent’s Shooting phase or the Fight phase, just after an enemy unit has selected its targets.¶TARGET: One HERETIC ASTARTES unit from your army (excluding Damned units) that was selected as the target of one or more of the attacking unit’s attacks.¶EFFECT: Until the attacking unit has finished making its attacks, each time an attack targets your unit, worsen the Armour Penetration characteristic of that attack by 1.¶RESTRICTIONS: You cannot target the same unit with the Empyric Dislocation and Armour of Corruption Stratagems in the same phase.
000010740003|CSM|000001141|Warpstrike Champions|ARMOUR OF CORRUPTION|Strategic Ploy|2|Opponent’s turn|Fight phase|WHEN: Fight phase, just after an enemy unit has selected its targets.¶TARGET: One Heretic Astartes Terminator, Obliterators or Mutilators unit from your army that was selected as the target of one or more of the attacking unit’s attacks.¶EFFECT: Until the end of the turn, each time an attack is allocated to a model in your unit, subtract 1 from the Damage characteristic of that attack.¶RESTRICTIONS: You cannot target the same unit with the Armour of Corruption and Empyric Dislocation Stratagems in the same phase.
000010740006|CSM|000001141|Warpstrike Champions|SIEGEBREAKER STRIKE|Strategic Ploy|1|Your turn|Shooting phase|WHEN: Your Shooting phase.¶TARGET: Up to two HERETIC ASTARTES units from your army that were set up using the Deep Strike ability this turn and have not been selected to shoot this phase.¶EFFECT: Until the end of the phase, ranged weapons equipped by models in your units have the [IGNORES COVER] ability.
000010740005|CSM|000001141|Warpstrike Champions|WARP-TAINTED|Strategic Ploy|1|Your turn|Movement phase|WHEN: Your Movement phase.¶TARGET: One Heretic Astartes Terminator, Obliterators or Mutilators unit from your army, within range of an objective marker you control.¶EFFECT: That objective marker remains under your control until your opponent’s Level of Control over that objective marker is greater than yours at the end of a phase.
000010740004|CSM|000001141|Warpstrike Champions|WARP FLICKER|Strategic Ploy|1|Your turn|Movement phase|WHEN: Your Movement phase.¶TARGET: One Heretic Astartes Terminator, Obliterators or Mutilators unit from your army.¶EFFECT: Until the end of the turn, your unit is eligible to shoot and declare a charge in a turn in which it Advanced.
000010132002|DG|000001051|Champions of Contagion|BLESSINGS OF FILTH|Battle Tactic|1|Either player’s turn|Shooting or Fight phase|WHEN: Your Shooting phase or the Fight phase.¶TARGET: One Death Guard Attached unit from your army that has not been selected to shoot or fight this phase.¶EFFECT: Until the end of the phase, each time a model in your unit makes an attack, an unmodified Hit roll of 5+ scores a Critical Hit.
000010132004|DG|000001051|Champions of Contagion|GROTESQUE FORTITUDE|Battle Tactic|1|Either player’s turn|Shooting or Fight phase|WHEN: Your opponent’s Shooting phase or the Fight phase, just after an enemy unit has selected its targets.¶TARGET: One Death Guard Attached unit from your army that was selected as the target of one or more of the attacking unit’s attacks.¶EFFECT: Until the end of the phase, add 2 to the Toughness characteristic of models in your unit.
000010132003|DG|000001051|Champions of Contagion|MALIGNANCE MAGNIFIED|Battle Tactic|2|Either player’s turn|Shooting or Fight phase|WHEN: Your Shooting phase or the Fight phase.¶TARGET: One Death Guard Attached unit from your army that has not been selected to shoot or fight this phase.¶EFFECT: Until the end of the phase, each time a model in your unit makes an attack that targets a unit that is below its Starting Strength, you can re-roll the Hit roll and you can re-roll the Wound roll.
000010132005|DG|000001051|Champions of Contagion|RABID INFUSION|Strategic Ploy|1|Either player’s turn|Fight phase|WHEN: Start of the Fight phase.¶TARGET: One Death Guard unit from your army that includes two Character models.¶EFFECT: Until the end of the phase, your unit has the Fights First ability.
000010132006|DG|000001051|Champions of Contagion|MOBILE VECTOR|Strategic Ploy|1|Your turn|Movement phase|"WHEN: Your Movement phase, before the Reinforcements step.¶TARGET: One Death Guard Character unit from your army that is not leading a unit.¶EFFECT: Select one other friendly Death Guard unit (excluding Battle-shocked units and Attached units that already have two Leader units or one of your CHARACTER units leading it] within 2"" horizontally and 5"" vertically of your unit that your unit can lead (as described in the Leader section of its datasheet]. Your unit attaches to that unit as a Leader. Change that unit’s Starting Strength accordingly."
000010132007|DG|000001051|Champions of Contagion|DEATH’S HEADS|Wargear|1|Your turn|Shooting phase|"WHEN: Your Shooting phase.¶TARGET: One Biologus Putrifier unit from your army that is not within Engagement Range of one or more enemy units and has not been selected to shoot this phase.¶EFFECT: Select one enemy unit (excluding VEHICLES) that is within 8"" of and visible to your unit. Until the start of your next turn, that unit has the effect of all Plagues (see Nurgle’s Gift)."
000010945004|DG|000001168|Contagion Engines|SOULROT FLUX||1|Opponent’s turn|Movement phase|WHEN: Your opponent’s Movement phase, when an enemy unit is selected to make a fall-back move, if that enemy unit is engaged with a friendly CONTAGION ENGINE unit.¶TARGET: That CONTAGION ENGINE unit.¶EFFECT: When an enemy unit engaged with your unit is selected to make a fall-back move, roll one D6:¶• On a 1, that enemy unit suffers 1 mortal wound.¶• On a 2-5, that enemy unit suffers D3 mortal wounds.¶• On a 6, that enemy unit suffers 3 mortal wounds.
000010945003|DG|000001168|Contagion Engines|BLOODRUST DELUGE||1|Your turn|Shooting phase|WHEN: Your Shooting phase, when a friendly CONTAGION ENGINE unit is selected to shoot.¶TARGET: That CONTAGION ENGINE unit.¶EFFECT: Select one visible enemy unit. That enemy unit is Afflicted until your unit has attacked.
000010945002|DG|000001168|Contagion Engines|FRESH VECTORS||1|Either player’s turn|Shooting or Fight phase|WHEN: Your Shooting phase or the Fight phase, when a friendly CONTAGION ENGINE unit is selected to attack.¶TARGET: That CONTAGION ENGINE unit.¶EFFECT: Your unit’s attacks can re-roll wound rolls of 1.
000010144003|DG|000001054|Death Lord’s Chosen|GRIM REAPERS|Battle Tactic|1|Either player’s turn|Fight phase|WHEN: Fight phase.¶TARGET: One Terminator unit from your army that has not been selected to fight this phase.¶EFFECT: Until the end of the phase, each time a model in your unit makes an attack that targets an enemy unit (excluding MONSTERS and VEHICLES) you can re-roll the Hit roll.
000010144005|DG|000001054|Death Lord’s Chosen|SIGNAL POX|Epic Deed|1|Your turn|Command phase|"WHEN: Your Command phase.¶TARGET: One Lord of Virulence model from your army.¶EFFECT: Select one objective marker within 30"" of and visible to your model. Until the start of your next turn, while an enemy unit is within range of that objective marker, that unit is Afflicted."
000010144002|DG|000001054|Death Lord’s Chosen|BLOOMING PESTILENCE|Epic Deed|1|Either player’s turn|Any phase|"WHEN: Start of any phase.¶TARGET: One Terminator unit from your army.¶EFFECT: Until the end of the phase, add 3"" to the Contagion Range of models in your unit."
000010144006|DG|000001054|Death Lord’s Chosen|MORTARION'S TEACHINGS|Strategic Ploy|1|Your turn|Shooting phase|WHEN: Your Shooting phase.¶TARGET: One Terminator unit from your army that has not been selected to shoot this phase.¶EFFECT: Until the end of the phase, ranged weapons equipped by models in your unit have the [ASSAULT] and [HEAVY] abilities.
000010144007|DG|000001054|Death Lord’s Chosen|SICKENING IMPACT|Strategic Ploy|1|Your turn|Charge phase|WHEN: Your Charge phase, just after a Terminator unit from your army ends a Charge move.¶TARGET: That TERMINATOR unit.¶EFFECT: Select one enemy unit within Engagement Range of your unit, then roll one D6 for each model in your unit that is within Engagement Range of that enemy unit: for each 2+, that enemy unit suffers 1 mortal wound (to a maximum of 6 mortal wounds).
000010144004|DG|000001054|Death Lord’s Chosen|UNDYING SPITE|Strategic Ploy|1|Either player’s turn|Fight phase|WHEN: Fight phase, just after an enemy unit has selected its targets.¶TARGET: One Terminator unit from your army that was selected as the target of one or more of the attacking unit’s attacks.¶EFFECT: Until the end of the phase, each time a model in your unit is destroyed, if that model has not fought this phase, roll one D6. On a 4+, do not remove the destroyed model from play; it can fight after the attacking unit has finished making its attacks, and is then removed from play.
000009730004|DG|000000980|Flyblown Host|EYE OF THE SWARM||1|Your turn|Shooting phase|WHEN: Your Shooting phase, when a friendly PLAGUE MARINES unit is selected to shoot.¶TARGET: That PLAGUE MARINES unit.¶EFFECT: Your unit’s ranged attacks have [CLOSE-QUARTERS].
000009730003|DG|000000980|Flyblown Host|DRONING HORROR||1|Your turn|Shooting phase|WHEN: Your Shooting phase, when a friendly PLAGUE MARINES unit is selected to shoot.¶TARGET: That PLAGUE MARINES unit.¶EFFECT: Your unit’s ranged attacks:¶• Can re-roll hit rolls of 1.¶• That target a unit within half range, can re-roll wound rolls of 1.
000009730002|DG|000000980|Flyblown Host|NAUSEATING PAROXYSMS||1|Either player’s turn|Fight phase|WHEN: Start of the Fight phase¶TARGET: One friendly engaged PLAGUE MARINES unit.¶EFFECT: Select one enemy unit engaged with your unit. That enemy unit makes a battle-shock roll, with -1 to that battle-shock roll.
000010128004|DG|000001050|Mortarion’s Hammer|DRAWN TO DESPAIR|Battle Tactic|1|Your turn|Shooting phase|WHEN: Your Shooting phase.¶TARGET: One Death Guard unit from your army that has not been selected to shoot this phase.¶EFFECT: Until the end of the phase, each time a model in your unit makes an attack that targets a visible enemy unit (excluding AIRCRAFT) within your opponent’s deployment zone, you can re-roll the Hit roll.
000010128007|DG|000001050|Mortarion’s Hammer|STINKING MIRE|Strategic Ploy|1|Opponent’s turn|Charge phase|"WHEN: Start of your opponent’s Charge phase.¶TARGET: One friendly unengaged DEATH GUARD VEHICLE unit.¶EFFECT: Select one visible enemy unit within 12"" of your unit. When that enemy unit declares a charge, that enemy unit has -1 to charge rolls."
000010128002|DG|000001050|Mortarion’s Hammer|BLIGHTED LAND|Strategic Ploy|2|Your turn|Movement phase|"WHEN: End of your Movement phase.¶TARGET: One Death Guard Vehicle unit from your army.¶EFFECT: Select one terrain feature within 24"" of and visible to your unit. Until the start of your next turn, enemy units are Afflicted while they are within 3"" of that terrain feature."
000010128003|DG|000001050|Mortarion’s Hammer|RELENTLESS GRIND|Strategic Ploy|1|Your turn|Movement or Charge phase|WHEN: Your Movement phase or your Charge phase.¶TARGET: One Death Guard Vehicle unit from your army that has not been selected to move or charge this phase.¶EFFECT: Until the end of the phase, each time your unit makes a Normal, Advance or Charge move, it can move horizontally through terrain features.
000010128006|DG|000001050|Mortarion’s Hammer|EYESTINGER STORM|Strategic Ploy|1|Opponent’s turn|Command phase|WHEN: Your opponent’s Command phase.¶TARGET: One Death Guard Vehicle unit from your army.¶EFFECT: Select one objective marker visible to one or more models in your unit. Each Afflicted enemy unit within range of that objective marker must take a Battle-shock test. Enemy units affected by this Stratagem do not need to take any other Battle-shock tests in the same phase.
000010128005|DG|000001050|Mortarion’s Hammer|FONT OF FILTH|Strategic Ploy|1|Your turn|Shooting phase|WHEN: Your Shooting phase.¶TARGET: One Death Guard Vehicle unit from your army that has not been selected to shoot this phase.¶EFFECT: Until the end of the phase, ranged weapons equipped by models in your unit have the [ASSAULT] ability.
000010949002|DG|000001169|Paragons of Putrescence|TERRITORIAL INFECTION||1|Either player’s turn|Command phase|WHEN: Start of the Command phase.¶TARGET: One friendly DEATH GUARD CHARACTER unit.¶EFFECT: Your unit has +1 OC until the end of the turn.
000010949003|DG|000001169|Paragons of Putrescence|AGGRAVUS SPASMS||1|Your turn|Shooting phase|"WHEN: Start of your Shooting Phase.¶TARGET: One friendly DEATH GUARD CHARACTER unit.¶EFFECT: Select one visible enemy unit within Contagion Range of your unit. That enemy unit has +6"" detection range."
000010949004|DG|000001169|Paragons of Putrescence|SIMULTANEOUS CONTAMINATION||1|Your turn|Shooting phase|WHEN: Your Shooting phase, when a friendly DEATH GUARD CHARACTER unit starts an action.¶TARGET: That DEATH GUARD CHARACTER unit.¶EFFECT: That action does not prevent your unit from being eligible to shoot.
000010140004|DG|000001053|Shamblerot Vectorium|GNAWING HUNGER|Battle Tactic|1|Your turn|Command phase|WHEN: Your Command phase.¶TARGET: One Poxwalkers unit from your army.¶EFFECT: Until the end of the turn, add 1 to the Move characteristic of models in your unit, and add 1 to the Attacks and Strength characteristics of melee weapons equipped by models in your unit.
000010140006|DG|000001053|Shamblerot Vectorium|SHOCK AND HORROR|Strategic Ploy|1|Your turn|Charge phase|WHEN: Your Charge phase, just after a Death Guard unit from your army ends a Charge move.¶TARGET: That DEATH GUARD unit.¶EFFECT: Each enemy unit within Engagement Range of your unit must take a Battle-shock test, subtracting 1 from that test.
000010140005|DG|000001053|Shamblerot Vectorium|HIDDEN AMONGST THE DEAD|Strategic Ploy|1|Your turn|Movement phase|WHEN: The Reinforcements step of your Movement phase.¶TARGET: One Poxwalkers unit from your army that is in Strategic Reserves and that is not an Attached unit.¶EFFECT: Until the end of the phase, models in that unit have the Deep Strike ability.
000010140003|DG|000001053|Shamblerot Vectorium|SMEARED WITH FILTH|Strategic Ploy|1|Either player’s turn|Fight phase|WHEN: Fight phase.¶TARGET: One Poxwalkers unit from your army that was just destroyed. You can target that unit with this Stratagem even though it was just destroyed.¶EFFECT: Select one enemy unit that made one or more attacks that targeted your unit this phase. Until the end of the battle, that enemy unit is Afflicted.
000010140007|DG|000001053|Shamblerot Vectorium|SHAMBLING WALL|Strategic Ploy|1|Opponent’s turn|Shooting phase|"WHEN: Your opponent’s Shooting phase, just after an enemy unit has selected its targets.¶TARGET: One Death Guard unit from your army that was selected as the target of one or more of the attacking unit’s attacks, and one friendly Poxwalkers unit within 3"" of your unit and visible to both your unit and the attacking unit.¶EFFECT: Until the end of the phase, each time you would allocate an attack to a model in your DEATH GUARD unit, if your POXWALKERS unit is visible to the attacking model and is an eligible target for that attack, no saving throw is made for that attack; instead a number of POXWALKERS from your POXWALKERS unit equal to the Damage characteristic of that attack are destroyed."
000010140002|DG|000001053|Shamblerot Vectorium|GRIP OF THE WALKING POX|Strategic Ploy|1|Either player’s turn|Fight phase|WHEN: Fight phase, just after an enemy unit has selected its targets.¶TARGET: One Poxwalkers unit from your army that was selected as the target of one or more of the attacking unit’s attacks.¶EFFECT: After the attacking unit has fought, roll one D6 for each model from your unit that was destroyed as a result of those attacks: on a 6, the attacking unit suffers 1 mortal wound. If your unit is not destroyed after the attacking unit has fought, enemy models destroyed as a result of this Stratagem count as enemy models destroyed by an attack made by a model in your unit for the purposes of the Curse of the Walking Pox ability.
000010136003|DG|000001052|Tallyband Summoners|CLUTCHING CORRUPTION|Battle Tactic|1|Either player’s turn|Fight phase|WHEN: Fight phase.¶TARGET: One Death Guard unit from your army that has not been selected to fight this phase.¶EFFECT: Until the end of the phase, each time a model in your unit makes an attack that targets an enemy unit that is within Engagement Range of one or more Plague Legions units from your army, you can re-roll the Hit roll.
000010136004|DG|000001052|Tallyband Summoners|ALL IS ROT|Strategic Ploy|1|Your turn|Shooting phase|WHEN: Your Shooting phase.¶TARGET: One Plague Legions unit from your army that is within Engagement Range of one or more enemy units.¶EFFECT: Until the end of the phase, enemy units are not considered to be within Engagement Range of your unit for the purposes of selecting targets of ranged weapons. Until the end of the phase, each time an enemy model loses a wound, while that model’s unit is within Engagement Range of your unit, roll one D6: on a 5+, your unit suffers 1 mortal wound after the attacking unit has finished making its attacks.
000010136006|DG|000001052|Tallyband Summoners|AVATARS OF DECAY|Strategic Ploy|1|Your turn|Shooting phase|"WHEN: Your Shooting phase.¶TARGET: One Plague Legions unit from your army.¶EFFECT: Until the end of the phase, while an enemy unit is within 6"" of your unit, that enemy unit is Afflicted."
000010136005|DG|000001052|Tallyband Summoners|FLESHY AVALANCHE|Strategic Ploy|1|Your turn|Movement or Charge phase|WHEN: Your Movement phase or your Charge phase.¶TARGET: One Plague Legions Monster unit from your army that has not been selected to move or charge this phase.¶EFFECT: Until the end of the phase, each time your unit makes a Normal, Advance or Charge move, it can move horizontally through terrain features.
000010136002|DG|000001052|Tallyband Summoners|PERSISTENT PESTS|Strategic Ploy|1|Either player’s turn|Any phase|WHEN: Any phase.¶TARGET: One Nurglings unit from your army that was just destroyed. You can target that unit with this Stratagem even though it was just destroyed.¶EFFECT: Add a new unit to your army identical to your destroyed unit, in Strategic Reserves, at its Starting Strength and with its full wounds remaining.¶RESTRICTIONS: You can only use this Stratagem once per battle.
000010136007|DG|000001052|Tallyband Summoners|MIRESLICK|Strategic Ploy|1|Opponent’s turn|Movement phase|WHEN: Your opponent’s Movement phase, when an enemy unit (excluding MONSTERS and VEHICLES) is selected to Fall Back.¶TARGET: One Plague Legions unit from your army that is within Engagement Range of that enemy unit.¶EFFECT: Until the end of the phase, while an enemy unit is within Engagement Range of your unit, each time that unit is selected to Fall Back, it must take a Leadership test. If that test is failed, that unit must Remain Stationary this phase instead.
000010124003|DG|000001049|Virulent Vectorium|DISGUSTINGLY RESILIENT|Battle Tactic|2|Either player’s turn|Shooting or Fight phase|WHEN: Your opponent’s Shooting phase or the Fight phase, just after an enemy unit has selected its targets.¶TARGET: One Death Guard unit from your army that was selected as the target of one or more of the attacking unit’s attacks.¶EFFECT: Until the end of the phase, each time an attack is allocated to a model in your unit, subtract 1 from the Damage characteristic of that attack.
000010124005|DG|000001049|Virulent Vectorium|LEECHSPORE ERUPTION|Epic Deed|1|Your turn|Command phase|"WHEN: Your Command phase.¶TARGET: One Death Guard model your army that has lost one or more wounds.¶EFFECT: Select one enemy unit within 3"" of your model. Roll a number of D6 equal to the number of wounds your model has lost: for each 5+, that enemy unit suffers one mortal wound (to a maximum of 6 mortal wounds) and your model regains 1 lost wound (to a maximum of 6 lost wounds)."
000010124004|DG|000001049|Virulent Vectorium|PLAGUESURGE|Epic Deed|2|Your turn|Command phase|"WHEN: Your Command phase.¶TARGET: Your Death Guard WARLORD that is on the battlefield.¶EFFECT: Until the start of your next Command phase, add 3"" to the Contagion Range of models from your army."
000010124002|DG|000001049|Virulent Vectorium|PUTRID DETONATION|Strategic Ploy|1|Either player’s turn|Any phase|WHEN: Any phase.¶TARGET: One Death Guard Vehicle or Death Guard Monster model from your army with the Deadly Demise ability that was just destroyed. You can use this Stratagem on that model even though it was just destroyed.¶EFFECT: Do not roll one D6 to determine whether mortal wounds are inflicted by your model’s Deadly Demise ability. Instead, mortal wounds are automatically inflicted. In addition, any enemy units that suffer mortal wounds as a result of this Stratagem are Afflicted until the start of your next turn.
000010124006|DG|000001049|Virulent Vectorium|OVERWHELMING GENEROSITY|Wargear|1|Your turn|Shooting phase|WHEN: Start of your Shooting phase.¶TARGET: One Death Guard Character unit from your army.¶EFFECT: Select one enemy unit visible to your unit. Until the end of the phase, each time a DEATH GUARD unit from your army selects that enemy unit as the target of any ranged attacks, you can re-roll the dice to determine how many attacks a weapon equipped by a model in that unit makes.
000010124007|DG|000001049|Virulent Vectorium|CREEPING BLIGHT|Wargear|1|Your turn|Shooting phase|WHEN: Your Shooting phase.¶TARGET: One Death Guard Infantry unit from your army that has not been selected to shoot this phase.¶EFFECT: Until the end of the phase, each time a model in your unit makes a ranged attack that targets an Afflicted unit, you can re-roll the Hit roll and you can re-roll the Wound roll.
000010585006|DRU|000001114|Covenite Coterie|CONNOISSEURS OF PAIN|Battle Tactic|1|Either player’s turn|Shooting or Fight phase|WHEN: Your opponent’s Shooting phase or the Fight phase, just after an enemy unit has selected its targets.¶TARGET: One Drukhari unit from your army that was selected as the target of one or more of the attacking unit’s attacks.¶EFFECT: Spend 1 Pain token. Until the attacking unit has finished making its attacks, each time an attack targets your unit, worsen the Armour Penetration characteristic of that attack by 1. At the end of the phase, if your unit is still on the battlefield and it is a Haemonculus Covens unit, you gain 1 Pain token.
000010585004|DRU|000001114|Covenite Coterie|POISONER’S ART|Epic Deed|1|Either player’s turn|Fight phase|WHEN: Fight phase, just after a Haemonculus Covens unit from your army has fought.¶TARGET: That HAEMONCULUS COVENS unit.¶EFFECT: Select one enemy unit (excluding VEHICLES) hit by one or more of your unit’s attacks this phase. Until the end of the battle, that enemy unit is poisoned. At the start of each Command phase, roll one D6 for each poisoned unit on the battlefield: on a 4+, that unit suffers D3 mortal wounds.
000010585002|DRU|000001114|Covenite Coterie|POSTMORTALITY|Epic Deed|1|Either player’s turn|Any phase|WHEN: Any phase.¶TARGET: One HAEMONCULUS model from your army that was just destroyed. You can use this Stratagem on that model even though it was just destroyed.¶EFFECT: Spend 1-3 Pain tokens. At the end of the phase, set up the destroyed model on the battlefield, unengaged and as close as possible to where it was destroyed. That model is not part of an attached unit and its unit has a starting strength of 1. That model has a number of wounds remaining equal to the number of Pain tokens you just spent.¶RESTRICTION: You cannot use this Stratagem if you have 0 Pain tokens, and you cannot target the same HAEMONCULUS model with this Stratagem more than once per battle.
000010585003|DRU|000001114|Covenite Coterie|SYMPHONY OF SUFFERING|Epic Deed|1|Either player’s turn|Fight phase|"WHEN: Fight phase, just after a Drukhari unit from your army destroys an enemy unit.¶TARGET: That DRUKHARI unit.¶EFFECT: Each enemy unit within 9"" of and visible to your unit must take a Battle-shock test, subtracting 1 from that test if your unit is a Haemonculus Covens unit."
000010585007|DRU|000001114|Covenite Coterie|ENFOLDING NIGHTMARE|Strategic Ploy|1|Opponent’s turn|Shooting phase|"WHEN: Your opponent’s Shooting phase, just after an enemy unit has shot.¶TARGET: One HAEMONCULUS COVENS unit from your army that was selected as the target of one or more of the attacking unit’s attacks.¶EFFECT: Your unit can make a surge move of up to D6""."
000010585005|DRU|000001114|Covenite Coterie|DISTILLERS OF FEAR|Strategic Ploy|2|Either player’s turn|Fight phase|WHEN: Fight phase.¶TARGET: One Haemonculus Covens unit from your army that has not been selected to fight this phase.¶EFFECT: Until the end of the phase, each time a model in your unit makes an attack that targets an enemy unit that is Battle-shocked, that attack has the [DEVASTATING WOUNDS] ability.
000011033004|DRU|000001185|Exhibition of Slaughter|ACROBATIC DISPLAY||1|Opponent’s turn|Shooting phase|WHEN: Your opponent’s Shooting phase, when an enemy unit targets a friendly WYCH CULT unit.¶TARGET: That WYCH CULT unit.¶EFFECT: Your unit has 5+ InSv.
000011033003|DRU|000001185|Exhibition of Slaughter|SCULPTING THE STAGE||1|Your turn|Movement phase|WHEN: Your Movement phase, when a friendly WYCH CULT unit is selected to make an advance/fall-back move.¶TARGET: That WYCH CULT unit.¶EFFECT: That move does not prevent your unit from being eligible to start an action.
000011033002|DRU|000001185|Exhibition of Slaughter|PLANNED STRIKES||1|Either player’s turn|Fight phase|WHEN: Fight phase, when a friendly WYCH CULT unit is selected to fight.¶TARGET: That WYCH CULT unit.¶EFFECT: Your unit’s melee attacks have [LETHAL HITS].
000011037004|DRU|000001186|Kabalite Agonysts|KILLERS FROM THE DARK SPIRES||1|Your turn|Shooting phase|WHEN: Your Shooting phase, when a friendly KABALITE WARRIORS unit is selected to shoot.¶TARGET: That KABALITE WARRIORS unit.¶EFFECT: Your unit’s ranged attacks have [IGNORES COVER].
000011037003|DRU|000001186|Kabalite Agonysts|SHADOWS’ REACH||1|Your turn|Shooting phase|WHEN: Your Shooting phase, when a friendly BLADES FOR HIRE/KABAL unit has shot.¶TARGET: That BLADES FOR HIRE/KABAL unit.¶EFFECT: Those attacks do not prevent your unit from being hidden.
000011037002|DRU|000001186|Kabalite Agonysts|PRIORITISED VICTIM||1|Either player’s turn|Shooting or Fight phase|WHEN: Your Shooting phase or the Fight phase, when a friendly BLADES FOR HIRE/KABAL unit targets a CHARACTER unit.¶TARGET: That BLADES FOR HIRE/KABAL unit.¶EFFECT: Your unit’s attacks that target a CHARACTER unit can:¶• Re-roll hit rolls of 1.¶• Re-roll wound rolls of 1.
000010589006|DRU|000001115|Kabalite Cartel|MAKING A POINT|Battle Tactic|1|Your turn|Shooting phase|WHEN: Your Shooting phase.¶TARGET: One Kabalite Warriors or Hand of the Archon unit from your army that has not been selected to shoot this phase.¶EFFECT: Until the end of the phase, improve the Ballistic Skill and Armour Penetration characteristics of ranged weapons equipped by models in your unit by 1.
000010589003|DRU|000001115|Kabalite Cartel|TAKEN ALIVE|Battle Tactic|1|Either player’s turn|Fight phase|WHEN: Fight phase.¶TARGET: One Drukhari unit from your army that has not been selected to fight this phase.¶EFFECT: Until the end of the phase, each time a model in your unit makes an attack, add 1 to the Hit roll. If your Contract unit is destroyed as a result of those attacks, every unit in your opponent’s army must take a Battle-shock test. You cannot gain more than 3 Pain tokens as a result of failed Battle-shock tests caused by this Stratagem.
000010589004|DRU|000001115|Kabalite Cartel|TAILORED TOXINS|Epic Deed|1|Either player’s turn|Shooting or Fight phase|WHEN: Your Shooting phase or the Fight phase.¶TARGET: One Kabal or Blades for Hire unit from your army that has not been selected to shoot or fight this phase.¶EFFECT: Until the end of the phase, each time a model in your unit makes an attack that targets your Contract unit, an unmodified Hit roll of 5+ scores a Critical Hit.
000010589005|DRU|000001115|Kabalite Cartel|ENEMIES WITHOUT NUMBER|Epic Deed|1|Your turn|Command phase|WHEN: Your Command phase, just after you complete a Contract.¶TARGET: One Archon WARLORD from your army.¶EFFECT: Select one new Contract (this can be one you have already completed), then select one unit from your opponent’s army that is on the battlefield and matches the ‘Contract’ description in that Contract. Until that Contract is completed, that unit is your Contract unit and the Murderous Agenda Detachment rule applies as normal.
000010589007|DRU|000001115|Kabalite Cartel|DEADLY DECEIVERS|Strategic Ploy|1|Opponent’s turn|Shooting phase|"WHEN: Your opponent’s Shooting phase, just after an enemy unit has selected its targets.¶TARGET: One Kabal or Blades for Hire unit from your army that was selected as the target of one or more of the attacking unit’s attacks.¶EFFECT: Until the end of the phase, your unit can only be selected as the target of a ranged attack if the attacking model is within 18""."
000010589002|DRU|000001115|Kabalite Cartel|DOUBLE-CROSS|Strategic Ploy|1|Either player’s turn|Fight phase|WHEN: Fight phase, just after an enemy unit has selected its targets.¶TARGET: One Kabal or Blades for Hire unit from your army that was selected as the target of one or more of the attacking unit’s attacks, and one friendly Drukhari unit (excluding Vehicles).¶EFFECT: Until the end of the phase, each time you would allocate an attack to a model in your KABAL or BLADES FOR HIRE unit, if your DRUKHARI unit is within Engagement Range of the attacking model, no saving throw is made for that attack; instead, your DRUKHARI unit suffers a number of mortal wounds equal to the Damage characteristic of that attack.
000010575004|DRU|000000804|Realspace Raiders|INSTINCTIVE SPITE|Battle Tactic|1|Either player’s turn|Shooting or Fight phase|WHEN: Start of your Shooting phase or the start of the Fight phase.¶TARGET: Up to two Drukhari Battleline units from your army, or one other Drukhari unit from your army.¶EFFECT: You can spend 1 Pain token. Until the end of the phase, each time a model in each of those units makes an attack that targets an enemy unit that is Below Half-strength, add 1 to the Hit roll. If you spent 1 Pain token, add 1 to the Wound roll as well.
000010575006|DRU|000000804|Realspace Raiders|EAGER FOR THE KILL|Battle Tactic|1|Your turn|Movement phase|"WHEN: Start of your Movement phase.¶TARGET: Up to two Wyches units from your army, or one other Drukhari unit from your army, that have not been selected to move this phase.¶EFFECT: Until the end of the phase, each time one of those units Advances, do not make an Advance roll for it. Instead, until the end of the phase, add 6"" to the Move characteristic of models in that unit (this is not cumulative with the Reavers’ Matchless Swiftness ability)."
000010575003|DRU|000000804|Realspace Raiders|FIGHTING SHADOWS|Battle Tactic|1|Either player’s turn|Shooting or Fight phase|WHEN: Your opponent’s Shooting phase or the Fight phase, just after an enemy unit has selected its targets.¶TARGET: One Drukhari unit from your army (excluding Haemonculus Covens units) that was selected as the target of one or more of the attacking unit’s attacks.¶EFFECT: Until the end of the phase, each time an attack targets your unit, subtract 1 from the Hit roll.
000010575002|DRU|000000804|Realspace Raiders|INSENSIBLE TO PAIN|Battle Tactic|2|Either player’s turn|Shooting or Fight phase|WHEN: Your opponent’s Shooting phase or the Fight phase, just after an enemy unit has selected its targets.¶TARGET: One Haemonculus Covens unit from your army that was selected as the target of one or more of the attacking unit’s attacks.¶EFFECT: Until the end of the phase, each time an attack is allocated to a model in your unit, subtract 1 from the Damage characteristic of that attack.
000010575005|DRU|000000804|Realspace Raiders|DARK HARVEST|Strategic Ploy|1|Either player’s turn|Fight phase|WHEN: Start of the Fight phase.¶TARGET: Up to two Wracks units from your army, or one other Drukhari unit from your army.¶EFFECT: Until the end of the phase, melee weapons equipped by models in each of those units have the [LETHAL HITS] ability.
000010575007|DRU|000000804|Realspace Raiders|RAID AND FADE|Strategic Ploy|2|Your turn|Shooting phase|"WHEN: End of your Shooting phase.¶TARGET: Up to two Kabalite Warriors units from your army, or one other Drukhari unit from your army (excluding ScouRGES and Aircraft).¶EFFECT: Each of those units can make a Normal move of up to 6"".¶RESTRICTIONS: You cannot select units that are within Engagement Range of one or more enemy units. Until the end of the turn, those units are not eligible to declare a charge."
000009782004|DRU|000000993|Reaper’s Wager|MURDERER’S CIRCUS|Battle Tactic|1|Either player’s turn|Fight phase|WHEN: Fight phase, just after an enemy unit has selected its targets.¶TARGET: One Drukhari or Harlequins unit from your army that was selected as the target of one or more of the attacking unit’s attacks.¶EFFECT: Until the end of the phase, each time an attack targets your unit, subtract 1 from the Hit roll.
000009782002|DRU|000000993|Reaper’s Wager|MALICIOUS FRENZY|Battle Tactic|1|Either player’s turn|Shooting or Fight phase|WHEN: Your Shooting phase or the Fight phase.¶TARGET: One Drukhari or Harlequins unit from your army that has not been selected to shoot or fight this phase.¶EFFECT: Select [LETHAL HITS] or [SUSTAINED HITS 1]. Until the end of the phase, weapons equipped by models in your unit have the selected ability.
000009782005|DRU|000000993|Reaper’s Wager|SHORTEN THE ODDS|Strategic Ploy|1|Your turn|Movement phase|WHEN: Your Movement phase, just after a Drukhari or Harlequins unit from your army has Advanced.¶TARGET: That unit.¶EFFECT: Until the end of the turn, your unit is eligible to shoot and declare a charge in a turn in which it Advanced.
000009782006|DRU|000000993|Reaper’s Wager|SCINTILLATING TEMPO|Strategic Ploy|1|Your turn|Movement or Charge phase|WHEN: Your Movement phase or your Charge phase, just after a Drukhari or Harlequins unit from your army is selected to make a Normal, Advance or Fall Back move, is set up on the battlefield, or declares a charge.¶TARGET: That unit.¶EFFECT: Until the end of the turn, enemy units cannot use the Fire Overwatch Stratagem to shoot at your unit.
000009782003|DRU|000000993|Reaper’s Wager|FATEFUL ROLE|Strategic Ploy|1|Either player’s turn|Fight phase|WHEN: Fight phase, just after an enemy unit has selected its targets.¶TARGET: One Drukhari or Harlequins unit from your army that was selected as the target of one or more of the attacking unit’s attacks.¶EFFECT: Until the end of the phase, each time a model in your unit is destroyed, if that model has not fought this phase, roll one D6, adding 1 to the result if that unit is losing the wager: on a 4+, do not remove it from play. That destroyed model can fight after the attacking model’s unit has finished making its attacks, and is then removed from play.
000009782007|DRU|000000993|Reaper’s Wager|DANCE MACABRE|Strategic Ploy|2|Opponent’s turn|Movement phase|"WHEN: Your opponent’s Movement phase, just after an enemy unit ends a Normal, Advance or Fall Back move.¶TARGET: One Drukhari Infantry or Harlequins Infantry unit from your army that is within 8"" of that enemy unit.¶EFFECT: Your unit can make a Normal move of up to D6"". If your unit is currently losing the wager, it can make a Normal move of up to 6"" instead."
000010577005|DRU|000000831|Skysplinter Assault|SKYBORNE ANNIHILATION|Battle Tactic|1|Your turn|Shooting phase|WHEN: Your Shooting phase.¶TARGET: One Drukhari unit from your army that has not been selected to shoot this phase and that disembarked from a Transport this turn.¶EFFECT: Until the end of the phase, ranged weapons equipped by models in your unit have the [SUSTAINED HITS 1] ability, or the [SUSTAINED HITS 2] ability if your unit is a Kabalite Warriors or Hand of the Archon unit.
000010577002|DRU|000000831|Skysplinter Assault|VICIOUS BLADES|Strategic Ploy|1|Either player’s turn|Fight phase|WHEN: Fight phase, just after a Drukhari Transport from your army has selected its targets.¶TARGET: That TRANSPORT.¶EFFECT: After your TRANSPORT has fought, select one enemy unit that was the target of one or more of those attacks and roll one D6 for each model embarked within your TRANSPORT, adding 1 to the result if that embarked model is a Wracks model: for each 5+, that enemy unit suffers 1 mortal wound (to a maximum of 6 mortal wounds).
000010577004|DRU|000000831|Skysplinter Assault|POUNCE ON THE PREY|Strategic Ploy|1|Your turn|Movement phase|WHEN: Your Movement phase, just after a Drukhari Infantry unit from your army disembarks from a Transport that made a Normal move this phase.¶TARGET: That INFANTRY unit.¶EFFECT: Your unit makes an assault disembark move (Core Rules, 18.06) for that disembarkation.
000010577006|DRU|000000831|Skysplinter Assault|SWOOPING MOCKERY|Strategic Ploy|1|Opponent’s turn|Movement phase|"WHEN: Your opponent’s Movement phase, just after an enemy unit ends a Normal, Advance or Fall Back move.¶TARGET: One Drukhari Transport from your army that is within 8"" of that enemy unit.¶EFFECT: Your TRANSPORT can make a Normal move of up to 6""."
000010577003|DRU|000000831|Skysplinter Assault|WRAITHLIKE RETREAT|Strategic Ploy|1|Either player’s turn|Fight phase|"WHEN: End of the Fight phase.¶TARGET: One DRUKHARI INFANTRY unit from your army that fought this phase.¶EFFECT: Your unit can make a Normal or Fall Back move, but unless it is a WYCHES unit, it must end that move wholly within 3"" horizontally and 5"" vertically of a friendly DRUKHARI TRANSPORT and must embark within that TRANSPORT at the end of that move (otherwise, it cannot make that move). Your unit can embark within that TRANSPORT in a turn it disembarked from that TRANSPORT."
000010577007|DRU|000000831|Skysplinter Assault|NIGHT SHIELD|Wargear|1|Opponent’s turn|Shooting phase|WHEN: Your opponent’s Shooting phase, just after an enemy unit has selected its targets.¶TARGET: One Drukhari Vehicle unit from your army that was selected as the target of one or more of the attacking unit’s attacks.¶EFFECT: Until the end of the phase, models in your unit have a 4+ invulnerable save.
000010581003|DRU|000001113|Spectacle of Spite|DEADLY DEBUT|Battle Tactic|1|Either player’s turn|Fight phase|WHEN: Fight phase.¶TARGET: One DRUKHARI unit from your army that made a Charge move this turn and has not been selected to fight this phase.¶EFFECT: Until the end of the phase, melee weapons equipped by models in your unit have the [LETHAL HITS] ability. If your unit is a Wyches unit, until the end of the phase, improve the Armour Penetration characteristic of melee weapons equipped by models in your unit by 1 as well.
000010581007|DRU|000001113|Spectacle of Spite|ACROBATIC DISPLAY|Battle Tactic|1|Opponent’s turn|Shooting phase|WHEN: Your opponent’s Shooting phase, just after an enemy unit has selected its targets.¶TARGET: One Wych Cult unit from your army that was selected as the target of one or more of the attacking unit’s attacks.¶EFFECT: Until the end of the phase, models in your unit have a 5+ invulnerable save.
000010581006|DRU|000001113|Spectacle of Spite|A CHALLENGE MET|Battle Tactic|2|Opponent’s turn|Movement phase|"WHEN: Your opponent’s Movement phase, when an enemy unit ends a fall-back move.¶TARGET: One friendly unengaged WYCH CULT unit that is within 6"" of that enemy unit.¶EFFECT: Declare a charge with your unit. When selecting charge targets, you can only select enemy units that made a fall-back move this phase and are within the maximum distance."
000010581004|DRU|000001113|Spectacle of Spite|FEIGNED WEAKNESS|Strategic Ploy|1|Your turn|Movement phase|WHEN: Your Movement phase, just after a Drukhari unit from your army Falls Back.¶TARGET: That DRUKHARI unit.¶EFFECT: Until the end of the turn, your unit is eligible to shoot and declare a charge in turn in which it Fell Back.
000010581005|DRU|000001113|Spectacle of Spite|PRETERNATURAL AGILITY|Strategic Ploy|1|Your turn|Movement or Charge phase|WHEN: Start of your Movement or Charge phase.¶TARGET: One Wych Cult unit from your army.¶EFFECT: Until the end of the phase, each time your unit makes a Normal, Advance or Charge move, you can ignore any or all modifiers to its Move characteristic and to Advance and Charge rolls made for it and, until the end of the turn, each time a model in your unit makes such a move, it can move horizontally through models (when doing so, such a model can move within Engagement Range of such models but cannot end a Normal or Advance move within Engagement Range of them).
000010581002|DRU|000001113|Spectacle of Spite|BERSERK FUGUE|Strategic Ploy|2|Either player’s turn|Fight phase|WHEN: Fight phase, just after an enemy unit has selected its targets.¶TARGET: One Wych Cult unit from your army that was selected as the target of one or more of the attacking unit’s attacks.¶EFFECT: Until the end of the phase, each time a model in your unit is destroyed, if that model has not fought this phase, do not remove it from play. The destroyed model can fight after the attacking unit has finished making its attacks, and is then removed from play.
000011041002|DRU|000001187|Tools of Torment|SALTING THE WOUND||1|Either player’s turn|Fight phase|WHEN: Fight phase, when a friendly CRONOS/TALOS unit is selected to fight.¶TARGET: That CRONOS/TALOS unit.¶EFFECT: Your unit’s attacks that target a battle-shocked unit have [DEVASTATING WOUNDS].
000011041004|DRU|000001187|Tools of Torment|URGENT METAMORPHOSIS||1|Your turn|Movement phase|WHEN: Your Movement phase, when a friendly HAEMONCULUS COVENS unit is selected to make a fall-back move.¶TARGET: That HAEMONCULUS COVENS unit.¶EFFECT: That move does not prevent your unit from being eligible to declare a charge.
000011041003|DRU|000001187|Tools of Torment|DIVIDENDS OF AGONY||1|Either player’s turn|Fight phase|"WHEN: Fight phase, when a friendly HAEMONCULUS COVENS unit destroys an enemy unit.¶TARGET: That HAEMONCULUS COVENS unit.¶EFFECT: Select one visible enemy unit within 12"" of your unit. That enemy unit makes a battle-shock roll, with -1 to that battle-shock roll."
000010011002|EC|000001036|Carnival of Excess|SUSTAINED BY AGONY|Battle Tactic|1|Either player’s turn|Fight phase|"WHEN: Fight phase, just after an Emperor’s Children unit from your army destroys an enemy unit.¶TARGET: That EMPEROR’S CHILDREN unit.¶EFFECT: Select one friendly Legions of Excess unit within 6"" of your unit. One model in that LEGIONS OF EXCESS unit recovers up to 3 lost wounds or, if it is a Daemonettes unit, return upto D3+3 destroyed models to it instead."
000010011005|EC|000001036|Carnival of Excess|SYCOPHANTIC SURGE|Battle Tactic|1|Your turn|Charge phase|WHEN: Your Charge phase.¶TARGET: One LEGIONS OF EXCESS unit from your army.¶EFFECT: Until the end of the phase, your unit is eligible to declare a charge in a turn in which it Advanced or Fell Back, provided at least one of the targets of that charge is within Engagement Range of one or more Emperor’s Children units from your army.
000010011006|EC|000001036|Carnival of Excess|UNCANNY REACTIONS|Battle Tactic|1|Opponent’s turn|Shooting phase|WHEN: Your opponent’s Shooting phase, just after an enemy unit has selected its targets.¶TARGET: One Slaanesh unit from your army that was selected as the target of one or more of the attacking unit’s attacks.¶EFFECT: Until the end of the phase, each time an attack targets your unit, subtract 1 from the Hit roll.
000010011004|EC|000001036|Carnival of Excess|VIOLENT CRESCENDO|Strategic Ploy|2|Either player’s turn|Fight phase|"WHEN: Fight phase.¶TARGET: One Slaanesh Beasts, Slaanesh Infantry or SLAANESH Mounted unit from your army that has not been selected to fight this phase.¶EFFECT: Until the end of the phase, each time a model in your unit makes a Pile-in or Consolidation move, it can move up to 6"" instead of up to 3"". When doing so, it does not need to end that move closer to the closest enemy model, provided it ends that move as close as possible to the closest enemy unit."
000010011003|EC|000001036|Carnival of Excess|ECSTATIC SLAUGHTER|Strategic Ploy|1|Either player’s turn|Fight phase|"WHEN: Fight phase, just after a LEGIONS OF EXCESS unit from your army destroys an enemy unit.¶TARGET: That Legions OF Excess unit and one friendly Emperor’s Children unit within 6"" of it that is not within Engagement Range of one or more enemy units.¶EFFECT: Your EMPEROR’S CHILDREN unit can declare a charge. If it does so and it has already been selected to fight this phase, it cannot fight again this phase."
000010011007|EC|000001036|Carnival of Excess|DARK APPARITIONS|Strategic Ploy|2|Opponent’s turn|Fight phase|"WHEN: End of your opponent’s Fight phase.¶TARGET: One Daemonettes unit from your army that is not within Engagement Range of one or more enemy units.¶EFFECT: Remove your unit from the battlefield and place it into Strategic Reserves. If it arrives back on the battlefield in the Reinforcements step of your next Movement phase using the Deep Strike ability, it can be set up anywhere that is more than 6"" horizontally away from all enemy units (instead of more than 8""), provided it is also set up wholly within 8"" of one or more friendly Emperor’s Children units."
000010015005|EC|000001037|Coterie of the Conceited|MARTIAL PERFECTION|Battle Tactic|1|Either player’s turn|Fight phase|WHEN: Fight phase.¶TARGET: One Emperor’s Children unit from your army that has not been selected to fight this phase.¶EFFECT: Until the end of the phase, each time a model in your unit makes an attack, you can re-roll the Hit roll.
000010015003|EC|000001037|Coterie of the Conceited|UNSHAKEABLE OPPONENTS|Epic Deed|1|Either player’s turn|Command phase|WHEN: Command phase.¶TARGET: One Emperor’s Children unit from your army.¶EFFECT: Until the end of the turn, each time a model in your unit makes an attack, you can ignore any or all modifiers to the following: that attack’s Ballistic Skill or Weapon Skill characteristic; the Hit roll; the Wound roll.
000010015006|EC|000001037|Coterie of the Conceited|UNBOUND ARROGANCE|Epic Deed|1|Either player’s turn|Shooting or Fight phase|WHEN: Your Shooting phase or the Fight phase, just after an Emperor’s Children unit from your army destroys an enemy unit.¶TARGET: That EMPEROR’S CHILDREN unit.¶EFFECT: Increase your pledge to Slaanesh by 1.¶RESTRICTIONS: You can only use this Stratagem once per battle round.
000010015002|EC|000001037|Coterie of the Conceited|PROTECTION OF THE DARK PRINCE|Strategic Ploy|1|Either player’s turn|Any phase|WHEN: Any phase, just after a mortal wound or attack is allocated to a model in an Emperor’s Children unit from your army.¶TARGET: That EMPEROR’S CHILDREN unit.¶EFFECT: Until the end of the phase, models in your unit have the Feel No Pain 6+ ability, and the Feel No Pain 4+ ability against mortal wounds.
000010015004|EC|000001037|Coterie of the Conceited|EMBRACE THE PAIN|Strategic Ploy|1|Either player’s turn|Fight phase|WHEN: Start of the Fight phase.¶TARGET: One Emperor’s Children Infantry unit from your army.¶EFFECT: Until the end of the phase, each time an enemy model within Engagement Range of your unit selects targets, it must select your unit as the target of its attacks.
000010015007|EC|000001037|Coterie of the Conceited|ARMOUR OF ABHORRENCE|Wargear|1|Either player’s turn|Shooting or Fight phase|WHEN: Your opponent’s Shooting phase or the Fight phase, just after an enemy unit has selected its targets.¶TARGET: One Emperor’s Children unit from your army that was selected as the target of one or more of the attacking unit’s attacks.¶EFFECT: Until the attacking unit has finished making its attacks, each time an attack targets a model in your unit, worsen the Armour Penetration characteristic of that attack by 1.
000010655002|EC|000001125|Court of the Phoenician|CONTEMPTUOUS DISREGARD||1|Either player’s turn|Shooting or Fight phase|WHEN: Your opponent’s Shooting phase or the Fight phase.¶TARGET: One Emperor’s Children unit from your army.¶EFFECT: Until the end of the phase, each time an attack targets your unit, if the Strength characteristic of that attack is greater than the Toughness characteristic of your unit, subtract 1 from the Wound roll.
000010655003|EC|000001125|Court of the Phoenician|PRIDEFUL SUPERIORITY||2|Either player’s turn|Fight phase|WHEN: Fight phase.¶TARGET: One Emperor’s Children unit from your army that has not been selected to fight this phase.¶EFFECT: Until the end of the phase, each time a model in your unit makes an attack that targets a CHARACTER unit, you can re-roll the Hit roll and you can re-roll the Wound roll.
000010655005|EC|000001125|Court of the Phoenician|CLOSE-QUARTERS EXCRUCIATION||1|Your turn|Shooting phase|"WHEN: Your Shooting phase.¶TARGET: One Emperor’s Children unit from your army that has not been selected to shoot this phase.¶EFFECT: Until the end of the phase, each time an EMPEROR’S CHILDREN model in your unit makes an attack that targets an eligible unit within 12"", improve the Strength and Armour Penetration characteristics of that attack by 1."
000010655006|EC|000001125|Court of the Phoenician|EUPHORIC INSPIRATION||1|Your turn|Charge phase|"WHEN: Your Charge phase.¶TARGET: One Emperor’s Children Daemon unit from your army.¶EFFECT: Until the end of the phase, you can re-roll Charge rolls for friendly Emperor’s Children units within 6"" of your unit."
000010655004|EC|000001125|Court of the Phoenician|SINUOUS BREACH||1|Your turn|Movement or Charge phase|WHEN: Your Movement phase or your Charge phase.¶TARGET: One Emperor’s Children Daemon unit from your army that has not been selected to move or charge this phase.¶EFFECT: Until the end of the phase, each time your unit makes a Normal, Advance or Charge move, it can move horizontally through terrain features.
000010655007|EC|000001125|Court of the Phoenician|CATALYTIC STIMULUS||1|Opponent’s turn|Shooting phase|"WHEN: Your opponent’s Shooting phase, just after an enemy unit has shot.¶TARGET: One EMPEROR’S CHILDREN unit from your army that lost one or more wounds as a result of those attacks.¶EFFECT: Your unit can make a surge move of up to D6""."
000010953002|EC|000001180|Elegant Brutes|DELIGHT IN AGONY||1|Either player’s turn|Shooting or Fight phase|WHEN: Your opponent’s Shooting phase or the Fight phase, when an enemy unit targets a friendly EMPEROR’S CHILDREN TERMINATOR unit.¶TARGET: That EMPEROR’S CHILDREN TERMINATOR unit.¶EFFECT: Attacks that target your unit with a S greater than your unit’s T have -1 to wound rolls.
000010953003|EC|000001180|Elegant Brutes|PSYCHEDELIC SOULFLAME||1|Either player’s turn|Shooting or Fight phase|WHEN: Your Shooting phase or the Fight phase, when a friendly EMPEROR’S CHILDREN TERMINATOR unit is selected to attack.¶TARGET: That EMPEROR’S CHILDREN TERMINATOR unit¶EFFECT: Your unit’s attacks have +2 S.
000010953004|EC|000001180|Elegant Brutes|WARP PLUNGE||1|Opponent’s turn|Fight phase|WHEN: End of your opponent’s Fight phase.¶TARGET: One friendly unengaged EMPEROR’S CHILDREN TERMINATOR unit.¶EFFECT: Place your unit in strategic reserves.
000010957004|EC|000001181|Frenzied Host|ABSOLUTE SENSORY OVERLOAD||1|Your turn|Shooting phase|WHEN: Your Shooting phase, when a friendly EMPEROR’S CHILDREN BATTLELINE unit is selected to shoot.¶TARGET: That EMPEROR’S CHILDREN BATTLELINE unit.¶EFFECT: Those ranged attacks do not prevent your unit from being hidden.
000010957003|EC|000001181|Frenzied Host|AGONISED CACOPHONY||1|Your turn|Shooting phase|"WHEN: Start of your Shooting phase.¶TARGET: One friendly EMPEROR’S CHILDREN BATTLELINE unit.¶EFFECT: Select one visible enemy unit within 12"" of your unit. That enemy unit has +6"" detection range."
000010957002|EC|000001181|Frenzied Host|POSSESSIVE MANIA||1|Either player’s turn|Shooting or Fight phase|WHEN: Your opponent’s Shooting phase or the Fight phase, when an enemy unit targets a friendly EMPEROR’S CHILDREN BATTLELINE unit within range of an objective.¶TARGET: That EMPEROR’S CHILDREN BATTLELINE unit.¶EFFECT: Attacks that target your unit have -1 AP until that enemy unit has attacked.
000009999004|EC|000001033|Mercurial Host|HONOUR THE PRINCE|Battle Tactic|1|Your turn|Movement phase|"WHEN: Your Movement phase.¶TARGET: One Emperor’s Children Infantry unit from your army that has not been selected to move this phase.¶EFFECT: Until the end of the phase, if your unit Advances, do not make an Advance roll. Instead, until the end of the phase, add 6"" to the Move characteristic of models in your unit."
000009999006|EC|000001033|Mercurial Host|CAPRICIOUS REACTIONS|Battle Tactic|1|Opponent’s turn|Shooting phase|WHEN: Your opponent’s Shooting phase, just after an enemy unit has selected its targets.¶TARGET: One Emperor’s Children unit from your army that was selected as the target of one or more of the attacking unit’s attacks.¶EFFECT: Until the end of the phase, each time an attack targets your unit, subtract 1 from the Hit roll.
000009999003|EC|000001033|Mercurial Host|COMBAT STIMMS|Battle Tactic|2|Either player’s turn|Fight phase|WHEN: Fight phase, just after an enemy unit has selected its targets.¶TARGET: One Emperor’s Children iNFANTRY unit from your army that was selected as the target of one or more of the attacking unit’s attacks.¶EFFECT: Until the end of the phase, each time an attack targets your unit, subtract 1 from the Wound roll.
000009999002|EC|000001033|Mercurial Host|VIOLENT EXCESS|Battle Tactic|1|Either player’s turn|Fight phase|WHEN: Fight phase.¶TARGET: One Emperor’s Children unit from your army that has not been selected to fight this phase.¶EFFECT: Until the end of the phase, melee weapons equipped by models in your unit have the [SUSTAINED HITS 1] ability.
000009999005|EC|000001033|Mercurial Host|DARK VIGOUR|Strategic Ploy|1|Opponent’s turn|Movement phase|"WHEN: Your opponent’s Movement phase, just after an enemy unit ends a Normal, Advance or Fall Back move.¶TARGET: One Emperor’s Children unit from your army (excluding Beasts and Vehicles) that is within 8"" of the enemy unit that just ended that move.¶EFFECT: Your unit can make a Normal move of up to 6""."
000009999007|EC|000001033|Mercurial Host|CRUEL RAIDERS|Strategic Ploy|1|Opponent’s turn|Fight phase|"WHEN: End of your opponent’s Fight phase.¶TARGET: One Emperor’s Children unit from your army that is wholly within 9"" of one or more battlefield edges and not within 3"" horizontally of one or more enemy units.¶EFFECT: Remove your unit from the battlefield and place it into Strategic Reserves."
000010003004|EC|000001034|Peerless Bladesmen|INCESSANT VIOLENCE|Battle Tactic|1|Either player’s turn|Fight phase|"WHEN: Fight phase, just before an Emperor’s Children unit from your army Consolidates.¶TARGET: That EMPEROR’S CHILDREN unit.¶EFFECT: Until the end of the phase, each time a model in your unit makes a Consolidation move, it can move up to 6"" instead of up to 3"", provided your unit ends that Consolidation move within Engagement Range of one or more enemy units."
000010003005|EC|000001034|Peerless Bladesmen|CRUEL BLADESMAN|Battle Tactic|1|Either player’s turn|Fight phase|WHEN: Fight phase.¶TARGET: One Emperor’s Children unit from your army that made a Charge move this turn and has not been selected to fight this phase.¶EFFECT: Until the end of the phase, improve the Armour Penetration characteristic of melee weapons equipped by models in your unit by 1.
000010003002|EC|000001034|Peerless Bladesmen|DEFT PARRY|Battle Tactic|1|Either player’s turn|Fight phase|WHEN: Fight phase, just after an enemy unit has selected its targets.¶TARGET: One Emperor’s Children unit from your army that was selected as the target of one or more of the attacking unit’s attacks.¶EFFECT: Until the end of the phase, each time an attack targets your unit, subtract 1 from the Hit roll.
000010003006|EC|000001034|Peerless Bladesmen|TERRIFYING SPECTACLE|Strategic Ploy|1|Opponent’s turn|Command phase|"WHEN: Your opponent’s Command phase.¶TARGET: One Emperor’s Children unit from your army that made a Charge move in the previous turn and destroyed one or more enemy units in the previous Fight phase.¶EFFECT: Each enemy unit within 6"" of your unit must take a Battle-shock test, subtracting 1 from that test if they are Below Half-strength. Enemy units affected by this Stratagem do not need to take any other Battle-shock tests in the same phase."
000010003007|EC|000001034|Peerless Bladesmen|CUT DOWN THE WEAK|Strategic Ploy|2|Opponent’s turn|Movement phase|"WHEN: Your opponent’s Movement phase, just after an enemy unit Falls Back.¶TARGET: One Emperor’s Children unit from your army (you can only select a Vehicle if it is a Walker) that is within 6"" of that enemy unit and would be eligible to declare a charge against that enemy unit if it were your Charge phase.¶EFFECT: Your unit can declare a charge. When doing so, you must select that enemy unit as a target of that charge, and your unit does not receive a Charge bonus this turn."
000010003003|EC|000001034|Peerless Bladesmen|DEATH ECSTASY|Strategic Ploy|2|Either player’s turn|Fight phase|WHEN: Fight phase, just after an enemy unit has selected its targets.¶TARGET: One Emperor’s Children unit from your army that was selected as the target of one or more of the attacking unit’s attacks.¶EFFECT: Until the end of the phase, each time a model in your unit is destroyed, if that model has not fought this phase, do not remove it from play. The destroyed model can fight after the attacking unit has finished making its attacks, and is then removed from play.
000010007004|EC|000001035|Rapid Evisceration|DYNAMIC BREAKTHROUGH|Epic Deed|1|Your turn|Movement phase|WHEN: Your Movement phase.¶TARGET: One Emperor’s Children Vehicle unit from your army that has not been selected to move this phase.¶EFFECT: Until the end of the phase, each time a model in your unit makes a move, it can move through enemy models (excluding MONSTERS and VEHICLES). When doing so, it can move within Engagement Range of such models but cannot end that move within Engagement Range of them, and any Desperate Escape test is automatically passed.
000010007007|EC|000001035|Rapid Evisceration|OUTFLANKING STRIKE|Strategic Ploy|1|Opponent’s turn|Fight phase|"WHEN: End of your opponent’s Fight phase.¶TARGET: One Emperor’s Children Transport from your army, or up to two Emperor’s Children Dedicated Transports from your army.¶EFFECT: For each of those TRANSPORTS wholly within 9"" of one or more battlefield edges, remove it from the battlefield and place it into Strategic Reserves."
000010007003|EC|000001035|Rapid Evisceration|ADVANCE AND CLAIM|Strategic Ploy|1|Your turn|Command phase|WHEN: Your Command phase.¶TARGET: One Emperor’s Children Transport from your army that has one or more Tormentors units embarked within it (excluding Battle-shocked units).¶EFFECT: Select one objective marker you control that your TRANSPORT is within range of. That objective marker remains under your control until your opponent’s Level of Control over that objective marker is greater than yours at the end of a phase.
000010007002|EC|000001035|Rapid Evisceration|ONTO THE NEXT|Strategic Ploy|1|Either player’s turn|Fight phase|"WHEN: End of the Fight phase.¶TARGET: One EMPEROR’S CHILDREN unit from your army that destroyed an enemy unit this phase, and one friendly TRANSPORT it is able to embark within.¶EFFECT: If your EMPEROR’S CHILDREN unit is wholly within 6"" of that TRANSPORT, it can embark within it. Your unit can embark within that TRANSPORT in a turn it disembarked from a TRANSPORT."
000010007005|EC|000001035|Rapid Evisceration|CEASELESS ONSLAUGHT|Strategic Ploy|1|Your turn|Charge phase|WHEN: Your Charge phase.¶TARGET: One Emperor’s Children unit from your army that disembarked from a Transport that made a Normal move this turn.¶EFFECT: Your EMPEROR’S CHILDREN unit is treated as having made an assault disembark move (Core Rules, 18.06) for that disembarkation.
000010007006|EC|000001035|Rapid Evisceration|REACTIVE DISEMBARKATION|Strategic Ploy|1|Opponent’s turn|Shooting phase|"WHEN: Your opponent’s Shooting phase, just after an enemy unit has selected its targets.¶TARGET: One Emperor’s Children Transport from your army that was selected as the target of one or more of the attacking unit’s attacks.¶EFFECT: One Emperor’s Children unit embarked within your TRANSPORT can disembark. When doing so, models in that unit can be set up anywhere on the battlefield wholly within 6"" of that TRANSPORT and not within Engagement Range of one or more enemy units."
000010019002|EC|000001038|Slaanesh’s Chosen|DEVOTED DUELLISTS|Battle Tactic|1|Either player’s turn|Fight phase|WHEN: Fight phase.¶TARGET: One or more Emperor’s Children Character units from your army that have not been selected to fight this phase.¶EFFECT: Select one enemy unit. Until the end of the phase, melee weapons equipped by models in those CHARACTER units have the [SUSTAINED HITS 1] ability while targeting that enemy unit.
000010019004|EC|000001038|Slaanesh’s Chosen|HEIGHTENED JEALOUSY|Battle Tactic|1|Either player’s turn|Shooting or Fight phase|WHEN: Your Shooting phase or the Fight phase, just after an Emperor’s Children Character unit becomes your army’s Favoured Champions, or just after your army’s Favoured Champions unit destroys an enemy unit.¶TARGET: Your army’s Favoured Champions unit.¶EFFECT: Until the end of the phase, each time a model in an EMPEROR’S CHILDREN CHARACTER unit from your army that is not your army’s Favoured Champions makes an attack, add 1 to the Strength characteristic of that attack.
000010019006|EC|000001038|Slaanesh’s Chosen|REFUSAL TO BE OUTDONE|Battle Tactic|1|Your turn|Charge phase|"WHEN: Your Charge phase, when a friendly EMPEROR’S CHILDREN CHARACTER unit within 12"" of an engaged enemy unit declares a charge.¶TARGET: That EMPEROR’S CHILDREN CHARACTER unit.¶EFFECT: Your unit can re-roll charge rolls. Your unit must end that charge move engaged with one or more of those enemy units."
000010019005|EC|000001038|Slaanesh’s Chosen|DIABOLIC MAJESTY|Epic Deed|1|Either player’s turn|Shooting or Fight phase|"WHEN: Your Shooting phase or the Fight phase, just after an Emperor’s Children Character unit becomes your army’s Favoured Champions.¶TARGET: That EMPEROR’S CHILDREN unit.¶EFFECT: Each enemy unit within 6"" of your unit must take a Battle-shock test, subtracting 1 from the result.¶RESTRICTIONS: You can only use this Stratagem once per battle round."
000010019007|EC|000001038|Slaanesh’s Chosen|VENGEFUL SURGE|Strategic Ploy|1|Opponent’s turn|Shooting phase|"WHEN: Your opponent’s Shooting phase, just after an enemy unit has selected its targets.¶TARGET: One EMPEROR’S CHILDREN CHARACTER unit from your army that was selected as the target of one or more of the attacking unit’s attacks.¶EFFECT: Your unit can make a surge move of up to D6"". If your unit is not your army’s Favoured Champions, you can re-roll the dice to determine the distance of that surge move."
000010019003|EC|000001038|Slaanesh’s Chosen|BEAUTIFUL DEATH|Strategic Ploy|1|Either player’s turn|Fight phase|WHEN: Fight phase, just after an enemy unit has selected its targets.¶TARGET: One Emperor’s Children Character unit from your army that was selected as the target of one or more of the attacking unit’s attacks.¶EFFECT: Until the end of the phase, each time a model in your unit is destroyed, if that model has not fought this phase, roll one D6, adding 1 to the result if your unit is your army’s Favoured Champions. On a 4+, do not remove the destroyed model from play; it can fight after the attacking unit has finished making its attacks, and is then removed from play.
000010961003|EC|000001182|Spectacle of Slaughter|SINGLE-MINDED STRIKE||1|Your turn|Charge phase|WHEN: Your Charge phase, when a friendly FLAWLESS BLADES unit starts a charge move.¶TARGET: That FLAWLESS BLADES unit.¶EFFECT: Your unit can move through models (excluding MONSTER/VEHICLE models).
000010961004|EC|000001182|Spectacle of Slaughter|INTOXICATED BY TRIUMPH||1|Opponent’s turn|Movement phase|"WHEN: Your opponent’s Movement phase, when an enemy unit that was engaged with a friendly FLAWLESS BLADES unit ends a fall-back move, if that FLAWLESS BLADES unit is unengaged.¶TARGET: That FLAWLESS BLADES unit.¶EFFECT: Your unit can make a normal move of up to D3+3""."
000010961002|EC|000001182|Spectacle of Slaughter|HONOUR IS FOR FOOLS||1|Either player’s turn|Fight phase|WHEN: Fight phase, when a friendly FLAWLESS BLADES unit is selected to fight.¶TARGET: That FLAWLESS BLADES unit.¶EFFECT: Your unit’s melee attacks have [PRECISION].
000009076004|GC|000000886|Biosanctic Broodsurge|GENE-TWISTED MUSCLE|Battle Tactic|1|Either player’s turn|Fight phase|WHEN: Fight phase.¶TARGET: One Aberrants, Biophagus or Purestrain Genestealers unit from your army that has not been selected to fight this phase.¶EFFECT: Until the end of the phase, each time a model in your unit makes an attack that targets a MONSTER or VEHICLE, add 1 to the Wound roll.
000009076006|GC|000000886|Biosanctic Broodsurge|STIMULATED BIO-SURGE|Battle Tactic|1|Your turn|Charge phase|WHEN: Your Charge phase.¶TARGET: One ABERRANTS, BIOPHAGUS or PURESTRAIN GENESTEALERS unit from your army that has not declared a charge this phase.¶EFFECT: Your unit has +2 to charge rolls.
000009076005|GC|000000886|Biosanctic Broodsurge|HYPER-METABOLIC VIGOUR|Battle Tactic|1|Either player’s turn|Fight phase|"WHEN: Fight phase.¶TARGET: One Aberrants, Biophagus or Purestrain Genestealers unit from your army that has not been selected to fight this phase.¶EFFECT: Until the end of the phase, each time a model in your unit makes a Pile-in or Consolidation move, it can move up to 6"" instead of up to 3"". In addition, it does not need to end that move closer to the closest enemy model, provided it ends it as close as possible to the closest enemy unit."
000009076003|GC|000000886|Biosanctic Broodsurge|SAINTLY PAROXYSM|Epic Deed|1|Either player’s turn|Fight phase|WHEN: Fight phase, just after an enemy unit destroys a Genestealer Cults Character model from your army.¶TARGET: That destroyed CHARACTER model. You can use this Stratagem on that model even though it was just destroyed.¶EFFECT: Roll one D6: on a 2+, that enemy unit suffers D3 mortal wounds. If that Character model is an Abominant or Patriarch, that enemy unit suffers 2D3 mortal wounds instead.
000009076002|GC|000000886|Biosanctic Broodsurge|EVASIVE VANGUARD|Strategic Ploy|1|Either player’s turn|Any phase|"WHEN: Any phase, just after an enemy unit ends a move within 8"" of one or more of your Cult Ambush markers, before removing those markers from the battlefield.¶TARGET: Select one of those Cult Ambush markers.¶EFFECT: You can set up that Cult Ambush marker anywhere on the battlefield that is more than 8"" horizontally away from all enemy units."
000009076007|GC|000000886|Biosanctic Broodsurge|BIO-HORROR REVELATION|Strategic Ploy|1|Opponent’s turn|Shooting phase|"WHEN: Start of your opponent's Shooting phase.¶TARGET: One Aberrants, Biophagus or Purestrain Genestealers unit from your army.¶EFFECT: Until the end of the phase, each time an enemy unit within 9"" of your unit is selected to shoot, it must take a Leadership test, subtracting 1 from the result. If that test is failed, until the end of the phase, each time a model in that enemy unit makes an attack that targets your unit, subtract 1 from the Hit roll."
000009085006|GC|000000888|Brood Brother Auxilia|SYMBIOTIC DESTRUCTION|Battle Tactic|1|Your turn|Shooting phase|WHEN: Your Shooting phase.¶TARGET: One Astra Militarum and one GENESTEALER CULTS unit from your army that have not been selected to shoot this phase.¶EFFECT: Select one enemy unit that is visible to both of those selected units and within range of at least one ranged weapon from each of those units. Until the end of the phase, models in those units can only make attacks that target that enemy unit (and only if it is an eligible target). When doing so, each time such a model makes an attack, re-roll a Wound roll of 1.
000009085007|GC|000000888|Brood Brother Auxilia|A DARK NETWORK|Strategic Ploy|1|Opponent’s turn|Movement phase|"WHEN: Reinforcements step of your opponent’s Movement phase, just after an enemy unit is set up on the battlefield from Reserves.¶TARGET: One Astra Militarum or GENESTEALER CULTS unit from your army (excluding Monsters and Vehicles) within 12"" of that enemy unit.¶EFFECT: Your unit can make a Normal move of up to 6""."
000009085004|GC|000000888|Brood Brother Auxilia|SUPPRESS AND OVERWHELM|Strategic Ploy|1|Your turn|Shooting phase|WHEN: Your Shooting phase, just after an Astra Militarum unit from your army has shot.¶TARGET: That ASTRA MILITARUM unit.¶EFFECT: Select one enemy unit hit by one or more of those attacks. Until the end of the turn, that enemy unit cannot be targeted with the Fire Overwatch Stratagem and each time a GENESTEALER CULTS unit from your army selects that enemy unit as a target of a charge, you can re-roll the Charge roll.
000009085003|GC|000000888|Brood Brother Auxilia|REGIMENTAL REINFORCEMENTS|Strategic Ploy|1|Either player’s turn|Shooting or Fight phase|"WHEN: Your opponent’s Shooting phase or the Fight phase, just after an Astra Militarum Infantry Regiment unit from your army (excluding Artillery and Character units) is destroyed.¶TARGET: That INFANTRY unit. You can use this Stratagem on that unit even though it was just destroyed.¶EFFECT: Roll one D6: on a 3+, place one Cult Ambush marker anywhere on the battlefield that is more than 8"" horizontally away from all enemy units (if this is not possible, no marker is placed) and add a new unit to your army identical to your destroyed unit, in Cult Ambush, at its Starting Strength, with all of its wounds remaining and any [ONE SHOT] weapons those models are equipped with considered as not having been shot.¶RESTRICTIONS: You can only use this Stratagem once per battle."
000009085002|GC|000000888|Brood Brother Auxilia|IN THE SHADOW OF IRON|Strategic Ploy|1|Either player’s turn|Any phase|"WHEN: Any phase, just after an enemy unit ends a move within 8"" of one or more of your Cult Ambush markers.¶TARGET: One Astra Militarum Vehicle unit from your army.¶EFFECT: Select one of those Cult Ambush markers. You can set up that Cult Ambush marker anywhere on the battlefield that is more than 8"" horizontally away from all enemy units and wholly within 6"" of your unit."
000009085005|GC|000000888|Brood Brother Auxilia|ACCEPTABLE LOSSES|Strategic Ploy|2|Your turn|Shooting phase|WHEN: Your Shooting phase.¶TARGET: One Astra Militarum unit from your army.¶EFFECT: Select one enemy unit within Engagement Range of one or more GENESTEALER CULTS units from your army. Until the end of the phase, your unit can make ranged attacks that target that enemy unit. If it does, after it has resolved those attacks, roll one D6 for each of those GENESTEALER CULTS units: on a 5+, the unit being rolled for suffers D3+1 mortal wounds.
000009828002|GC|000001002|Final Day|HYPERFEROCITY|Battle Tactic|1|Either player’s turn|Fight phase|"WHEN: Fight phase.¶TARGET: One Genestealer Cults unit from your army that has not been selected to fight this phase.¶EFFECT: Until the end of the phase, each time a model in your unit makes an attack that targets an enemy unit, re-roll a Wound roll of 1. If one or more friendly Tyranids units are within 6"" of that enemy unit, you can re-roll the Wound roll instead."
000009828005|GC|000001002|Final Day|DIVINE IMPERATIVE|Battle Tactic|1|Your turn|Charge phase|"WHEN: Your Charge phase, when a friendly Genestealer Cults unit within 12"" of a friendly engaged Tyranids unit declares a charge.¶TARGET: That GENESTEALER CULTS unit.¶EFFECT:¶• Your unit has +1 to charge rolls.¶• You can use this part of this stratagem. If you do:¶• Your unit can re-roll charge rolls.¶• Your unit must end that charge move engaged with an enemy unit engaged with that friendly TYRANIDS unit."
000009828004|GC|000001002|Final Day|AVENGE THE STAR CHILDREN|Battle Tactic|1|Either player’s turn|Shooting or Fight phase|WHEN: Your opponent’s Shooting phase or the Fight phase, just after an enemy unit has shot or fought.¶TARGET: One Tyranids Character unit from your army that was destroyed by that enemy unit this phase. You can use this Stratagem on that unit even though it was just destroyed.¶EFFECT: Until the end of the battle, each time a Genestealer Cults model from your army makes an attack that targets that enemy unit, add 1 to the Hit roll and add 1 to the Wound roll.
000009828003|GC|000001002|Final Day|PSI SURGE|Strategic Ploy|1|Either player’s turn|Any phase|"WHEN: Start of any phase.¶TARGET: One Tyranids unit from your army.¶EFFECT: Until the start of your next Command phase, increase the range of your unit’s Catalyst ability by 3"".¶RESTRICTIONS: Each time you use this Stratagem, until the end of your next Command phase, you cannot use this Stratagem again."
000009828007|GC|000001002|Final Day|RESISTANCE TUNNELS|Strategic Ploy|1|Opponent’s turn|Charge phase|WHEN: End of your opponent’s Fight phase.¶TARGET: One Genestealer Cults or Tyranids unit from your army that is not within Engagement Range of one or more enemy units.¶EFFECT: Remove your unit from the battlefield and place it into Strategic Reserves.
000009828006|GC|000001002|Final Day|DARTING ATTACKS|Strategic Ploy|1|Your turn|Shooting or Charge phase|WHEN: Your Shooting phase or your Charge phase.¶TARGET: One Tyranids unit from your army.¶EFFECT: Until the end of the phase, your unit is eligible to shoot and declare a charge in a turn in which it Fell Back.
000010901003|GC|000001188|Heroes of the Uprising|SURGING BROODWORSHIP||1|Either player’s turn|Shooting or Fight phase|WHEN: Your Shooting phase or the Fight phase, when a friendly KILLER unit is selected to attack.¶TARGET: That KILLER unit.¶EFFECT: Attacks made by KILLER models in your unit have [DEVASTATING WOUNDS].
000010901002|GC|000001188|Heroes of the Uprising|LIVING UP TO LEGEND||1|Either player’s turn|Shooting or Fight phase|"WHEN: Your Shooting phase or the Fight phase, when a friendly KILLER unit has attacked, if those attacks destroyed an enemy unit or an enemy CHARACTER model.¶TARGET: That KILLER unit.¶EFFECT: Each visible friendly battle-shocked GENESTEALER CULTS unit within 12"" of your unit is no longer battle-shocked."
000010901004|GC|000001188|Heroes of the Uprising|LOYAL TO THE END||1|Either player’s turn|Fight phase|WHEN: Fight phase, when an enemy unit targets a friendly KILLER unit.¶TARGET: That KILLER unit.¶EFFECT: When a KILLER model in your unit is destroyed, if your unit has not been selected to fight this phase, roll one D6:¶• On a 1, that enemy unit suffers 1 mortal wound.¶• On a 2+, do not remove that model from the battlefield. When your unit has fought, or at the end of the phase (whichever comes first), that model is removed from the battlefield.
000009068003|GC|000000884|Host of Ascension|PRIMED AND READIED|Battle Tactic|2|Either player’s turn|Shooting or Fight phase|WHEN: Your Shooting phase or the Fight phase.¶TARGET: One GENESTEALER CULTS units from your army that has not been selected to shoot or fight this phase.¶EFFECT: Until the end of the phase, each time a model in your unit makes an attack, a Critical Hit is scored on an unmodified Hit roll of 5+, instead of only a 6.
000009068002|GC|000000884|Host of Ascension|COORDINATED TRAP|Battle Tactic|2|Either player’s turn|Shooting or Fight phase|WHEN: The start of your Shooting phase or the start of the Fight phase.¶TARGET: Two GENESTEALER CULTS units from your army that have not been selected to shoot or fight this phase.¶EFFECT: Select one enemy unit (if this Stratagem is used in the Fight phase, that enemy unit must be within Engagement Range of both of your units). Until the end of the phase, each time a model in either of your units makes an attack, it can only target that enemy unit (and only if it is an eligible target for that attack), and when resolving that attack, add 1 to the Wound roll.
000009068006|GC|000000884|Host of Ascension|RETURN TO THE SHADOWS|Strategic Ploy|1|Opponent’s turn|Fight phase|WHEN: End of your opponent’s Fight phase.¶TARGET: One Genestealer Cults Infantry unit from your army that is not within Engagement Range of one or more enemy units.¶EFFECT: Remove your unit from the battlefield and place it into Strategic Reserves.
000009068005|GC|000000884|Host of Ascension|LYING IN WAIT|Strategic Ploy|1|Opponent’s turn|Movement phase|"WHEN: Your opponent’s Movement phase.¶TARGET: One Genestealer Cults Battleline unit from your army in Cult Ambush.¶EFFECT: Until the end of the phase, when setting your unit up using a Cult Ambush marker, set your unit up anywhere on the battlefield wholly within 6"" of that Cult Ambush marker and not within Engagement Range of one or more enemy units."
000009068004|GC|000000884|Host of Ascension|TUNNEL CRAWLERS|Strategic Ploy|1|Your turn|Movement phase|"WHEN: Your Movement phase.¶TARGET: One GENESTEALER CULTS unit from your army that is arriving using the Deep Strike ability this phase.¶EFFECT: Your unit can be set up anywhere on the battlefield that is more than 6"" horizontally away from all enemy units.¶RESTRICTIONS: A unit targeted by this Stratagem is not eligible to declare a charge in the same turn."
000009068007|GC|000000884|Host of Ascension|A DEADLY SNARE|Strategic Ploy|1|Opponent’s turn|Charge phase|WHEN: Your opponent’s Charge phase, just after an enemy unit declares a charge.¶TARGET: One Genestealer Cults Infantry unit from your army that was selected as a target of that charge.¶EFFECT: Roll one D6: on a 2-4, that enemy unit suffers D3 mortal wounds; on a 5+, that enemy unit suffers 3 mortal wounds.
000009080003|GC|000000887|Outlander Claw|DEVOTED CREW|Battle Tactic|1|Either player’s turn|Shooting or Fight phase|WHEN: Your opponent’s Shooting phase or the Fight phase, just after an enemy unit has selected its targets.¶TARGET: One Goliath Rockgrinder or Goliath Truck unit from your army that was selected as the target of one or more of the attacking unit’s attacks.¶EFFECT: Until the end of the phase, each time an attack targets your unit, subtract 1 from the Damage characteristic of that attack.
000009080004|GC|000000887|Outlander Claw|CLOSE-RANGE SHOOT-OUT|Battle Tactic|1|Your turn|Shooting phase|"WHEN: Your Shooting phase.¶TARGET: One Genestealer Cults Mounted or Genestealer Cults Vehicle unit from your army that has not been selected to shoot this phase.¶EFFECT: Until the end of the phase, ranged weapons equipped by models in your unit have the [LETHAL HITS] ability while targeting an enemy unit within 18""."
000009080006|GC|000000887|Outlander Claw|DEFT MANOEUVRING|Battle Tactic|1|Opponent’s turn|Shooting phase|WHEN: Your opponent's Shooting phase, just after an enemy unit has selected its targets.¶TARGET: One Achilles Ridgerunners or Atalan Jackals unit from your army that was selected as the target of one or more of the attacking unit’s attacks.¶EFFECT: Until the end of the phase, models in your unit have a 4+ invulnerable save.
000009080005|GC|000000887|Outlander Claw|RAPID FEINT|Strategic Ploy|1|Opponent’s turn|Movement phase|"WHEN: Your opponent’s Movement phase, just after an enemy unit ends a Normal, Advance or Fall Back move.¶TARGET: One Achilles Ridgerunners or Atalan Jackals unit from your army that is within 8"" of that enemy unit.¶EFFECT: Your unit can make a Normal move of up to 6""."
000009080007|GC|000000887|Outlander Claw|ENCIRCLING THE PREY|Strategic Ploy|1|Opponent’s turn|Fight phase|"WHEN: End of your opponent's Fight phase.¶TARGET: One Genestealer Cults Mounted or Genestealer Cults Vehicle unit from your army that is not within Engagement Range of one or more enemy units and is wholly within 9"" of one or more battlefield edges.¶EFFECT: Remove your unit from the battlefield and place it into Strategic Reserves."
000009080002|GC|000000887|Outlander Claw|ALONG SHADOWED TRAILS|Strategic Ploy|1|Either player’s turn|Any phase|"WHEN: Any phase, just after an enemy unit ends a move within 8"" of one or more of your Cult Ambush markers.¶TARGET: Select one of those Cult Ambush markers.¶EFFECT: You can set up that Cult Ambush marker anywhere on the battlefield that is more than 8"" horizontally away from all enemy units."
000010905004|GC|000001189|Purestrain Broodswarm|INHUMAN REACTIONS||1|Opponent’s turn|Movement phase|"WHEN: Your opponent’s Movement phase, when an enemy unit ends a move within 8"" of a friendly unengaged PURESTRAIN GENESTEALERS unit.¶TARGET: That PURESTRAIN GENESTEALERS unit.¶EFFECT: Your unit can make a normal move of up to D3+3""."
000010905002|GC|000001189|Purestrain Broodswarm|LURK AND STRIKE||1|Your turn|Movement phase|WHEN: Your Movement phase, when a friendly PURESTRAIN GENESTEALERS unit is selected to make a fall-back move.¶TARGET: That PURESTRAIN GENESTEALERS unit.¶EFFECT: That move does not prevent your unit from being eligible to declare a charge.
000010905003|GC|000001189|Purestrain Broodswarm|CRAWLING HORROR||1|Opponent’s turn|Movement phase|"WHEN: Start of your opponent’s Movement phase.¶TARGET: One friendly PURESTRAIN GENESTEALERS unit.¶EFFECT: Your unit has -6"" detection range until the end of the turn."
000009072003|GC|000000885|Xenocreed Congregation|FRENZIED DEVOTION|Battle Tactic|1|Either player’s turn|Fight phase|WHEN: Fight phase.¶TARGET: One Acolyte Hybrids, Hybrid Metamorphs or Neophyte Hybrids unit from your army that has not been selected to fight this phase.¶EFFECT: Until the end of the phase, improve the Attacks and Weapon Skill characteristics of melee weapons equipped by models (excluding Characters) in your unit by 1 and those weapons have the [HAZARDOUS] ability.
000009072002|GC|000000885|Xenocreed Congregation|VENGEANCE FOR THE MARTYR!|Epic Deed|1|Either player’s turn|Shooting or Fight phase|WHEN: Your opponent’s Shooting phase or the Fight phase, just after an enemy unit destroys a Genestealer Cults Character model from your army.¶TARGET: One other GENESTEALER CULTS CHARACTER model from your army.¶EFFECT: Until the end of the battle, each time a friendly Acolyte Hybrids, Hybrid Metamorphs or Neophyte Hybrids model makes an attack that targets that enemy unit, re-roll a Hit roll of 1. If the destroyed model was a Magus, Primus or Acolyte Iconward, you can re-roll the Hit roll instead.
000009072005|GC|000000885|Xenocreed Congregation|TRANSCENDENT CELERITY|Strategic Ploy|1|Your turn|Shooting phase|WHEN: Your Shooting phase.¶TARGET: One Acolyte Hybrids, Hybrid Metamorphs or Neophyte Hybrids unit from your army that has not been selected to shoot this phase.¶EFFECT: Until the end of the phase, ranged weapons equipped by models in your unit have the [ASSAULT] ability.
000009072006|GC|000000885|Xenocreed Congregation|THE DOWNTRODDEN RISE|Strategic Ploy|2|Opponent’s turn|Movement phase|"WHEN: End of your opponent’s Movement phase.¶TARGET: One ACOLYTE HYBRIDS, HYBRID METAMORPHS or NEOPHYTE HYBRIDS unit from your army in Cult Ambush.¶EFFECT: Until the end of the phase, you can set up your unit on the battlefield without using a Cult Ambush marker. When doing so, set up your unit anywhere on the battlefield that is more than 6"" horizontally away from all enemy units."
000009072007|GC|000000885|Xenocreed Congregation|THE PATH OF ANGUISH|Strategic Ploy|1|Opponent’s turn|Shooting phase|"WHEN: Your opponent’s Shooting phase, just after an enemy unit has shot.¶TARGET: One Acolyte Hybrids or Neophyte Hybrids unit from your army that had one or more of its models destroyed as a result of the attacking unit's attacks.¶EFFECT: Your unit can make a move of up to D6"", but it unit must end that move as close as possible to the closest enemy unit (excluding AIRCRAFT), When doing so, models in your unit can be moved within Engagement Range of that enemy unit."
000009072004|GC|000000885|Xenocreed Congregation|TIRELESS FERVOUR|Strategic Ploy|1|Your turn|Charge phase|WHEN: Your Charge phase.¶TARGET: One ACOLYTE HYBRIDS, HYBRID METAMORPHS or NEOPHYTE HYBRIDS unit from your army that has not declared a charge this phase.¶EFFECT:¶• If your unit made an advance/fall-back move this turn, that advance/fall-back move does not prevent your unit from being eligible to declare a charge.¶• When your unit declares a charge, you can use this part of this stratagem. If you do:¶• Your unit can re-roll charge rolls.¶• Your unit must end that charge move engaged with an enemy unit engaged with a friendly CHARACTER unit.
000010909004|GC|000001190|Xenocult Masses|SLUNK FROM THE UNDERBELLY||1|Opponent’s turn|Shooting phase|WHEN: Your opponent’s Shooting phase, when an enemy unit targets a friendly NEOPHYTE HYBRIDS unit with every model within a terrain area.¶TARGET: That NEOPHYTE HYBRIDS unit.¶EFFECT: Ranged attacks that target your unit have -1 AP until that unit has attacked
000010909002|GC|000001190|Xenocult Masses|EYES OF THE CULT||1|Your turn|Shooting phase|"WHEN: Start of your Shooting phase.¶TARGET: One friendly NEOPHYTE HYBRIDS unit within a terrain area.¶EFFECT: Enemy units within that terrain area have +6"" detection range"
000010909003|GC|000001190|Xenocult Masses|FANATICAL HAIL||1|Your turn|Shooting phase|WHEN: Your Shooting phase, when a friendly NEOPHYTE HYBRIDS unit is selected to shoot.¶TARGET: That NEOPHYTE HYBRIDS unit.¶EFFECT: Select one enemy unit. Your unit’s ranged attacks that target that enemy unit can re-roll hit rolls.
000010921002|GK|000001216|Argent Assault|TRUESILVER AEGIS||1|Either player’s turn|Any phase|WHEN: Any phase, when a friendly PALADIN SQUAD unit suffers a mortal wound.¶TARGET: That PALADIN SQUAD unit.¶EFFECT: Your unit has Feel No Pain 4+ against mortal wounds.
000010921003|GK|000001216|Argent Assault|A THREAT ENDED||1|Either player’s turn|Fight phase|WHEN: Fight phase, when a friendly PALADIN SQUAD unit is selected to fight.¶TARGET: That PALADIN SQUAD unit.¶EFFECT: Your unit’s melee attacks have [PRECISION].
000010921004|GK|000001216|Argent Assault|AURA OF VENGEANCE||1|Either player’s turn|Fight phase|WHEN: Fight phase, when an enemy unit targets a friendly PALADIN SQUAD unit.¶TARGET: That PALADIN SQUAD unit.¶EFFECT: That enemy unit’s melee attacks have [HAZARDOUS].
000010365003|GK|000001085|Augurium Task Force|APPOINTED HOUR|Battle Tactic|1|Either player’s turn|Shooting or Fight phase|WHEN: Your Shooting phase or the Fight phase.¶TARGET: One Grey Knights Psyker unit from your army that has not been selected to shoot or fight this phase.¶EFFECT: Until the end of the phase, each time a model in your unit makes an attack, an unmodified Hit roll of 5+ scores a Critical Hit.
000010365002|GK|000001085|Augurium Task Force|AGGRESSIVE ANTICIPATION|Battle Tactic|1|Either player’s turn|Shooting or Fight phase|WHEN: Your Shooting phase or the Fight phase.¶TARGET: One GREY KNIGHTS PSYKER unit from your army that has not been selected to shoot or fight this phase.¶EFFECT: Your unit’s attacks can re-roll hit rolls.
000010365006|GK|000001085|Augurium Task Force|REDIRECTED STRIKE|Epic Deed|1|Your turn|Command phase|WHEN: End of your Command phase.¶TARGET: One Grey Knights Psyker unit from your army that is not within Engagement Range of one or more enemy units.¶EFFECT: If your unit has the Deep Strike ability, it can be placed into Strategic Reserves.¶Designer’s Note: This Stratagem lets players utilise abilities that retain control of objective markers and react to their missions and objectives with this unit.
000010365005|GK|000001085|Augurium Task Force|NECESSARY END|Epic Deed|1|Either player’s turn|Fight phase|WHEN: Fight phase, just after an enemy unit has selected its targets.¶TARGET: One Grey Knights Infantry unit from your army that was selected as the target of one or more of the attacking unit’s attacks.¶EFFECT: Until the end of the phase, each time a model in your unit is destroyed, if that model has not fought this phase, roll one D6. If the result is greater than the current battle round number, do not remove the destroyed model from play; it can fight after the attacking unit has finished making its attacks, and is then removed from play.
000010365004|GK|000001085|Augurium Task Force|FOREWARNED EVASION|Epic Deed|1|Either player’s turn|Shooting or Fight phase|WHEN: Your opponent’s Shooting phase or the Fight phase, just after an enemy unit has selected its targets.¶TARGET: One Grey Knights Walker unit from your army that was selected as the target of one or more of the attacking unit’s attacks.¶EFFECT: Until the end of the phase, each time an attack targets your unit, subtract 1 from the Hit roll.
000010365007|GK|000001085|Augurium Task Force|MIRAGE OF ECHOES|Strategic Ploy|1|Opponent’s turn|Movement phase|"WHEN: The Reinforcements step of your opponent’s Movement phase, just after an enemy unit is set up.¶TARGET: One Grey Knights Psyker unit from your army that is within 12"" of that enemy unit and is not within Engagement Range of one or more enemy units.¶EFFECT: If your unit has the Deep Strike ability, it can be placed into Strategic Reserves."
000010357003|GK|000001083|Banishers|WARDING CHANT|Epic Deed|1|Either player’s turn|Shooting or Fight phase|WHEN: Your opponent’s Shooting phase or the Fight phase, just after an enemy unit has selected its targets.¶TARGET: One Grey Knights Psyker unit from your army that was selected as the target of one or more of the attacking unit’s attacks.¶EFFECT: Until the end of the phase, models in your unit have the Feel No Pain 5+ ability against attacks with an unmodified Damage characteristic of 1.
000010357004|GK|000001083|Banishers|CHAOS BANE|Epic Deed|1|Your turn|Shooting phase|WHEN: Your Shooting phase.¶TARGET: One Grey Knights Psyker unit from your army that has not been selected to shoot this phase.¶EFFECT: Until the end of the phase, ranged weapons equipped by models in your unit have the [ANTI-CHAOS 4+] ability.
000010357005|GK|000001083|Banishers|CELERITY|Epic Deed|1|Your turn|Charge phase|WHEN: Your Charge phase.¶TARGET: One Grey Knights Psyker Infantry unit from your army.¶EFFECT: Until the end of the turn, your unit is eligible to declare a charge in a turn in which it Advanced.
000010357007|GK|000001083|Banishers|SHADOW OF ANARCH|Epic Deed|1|Opponent’s turn|Movement phase|"WHEN: Your opponent’s Movement phase, just after an enemy unit ends a Normal, Advance or Fall Back move.¶TARGET: One Grey Knights Psyker unit from your army that is within 8"" of that enemy unit and is not within Engagement Range of one or more enemy units.¶EFFECT: Your unit can make a Normal move of up to 6"" or, if it has the Deep Strike ability, it can be placed into Strategic Reserves."
000010357002|GK|000001083|Banishers|HEXWROUGHT REPRISAL|Epic Deed|1|Either player’s turn|Any phase|WHEN: End of any phase.¶TARGET: One Grey Knights Psyker unit from your army that is on the battlefield and suffered one or more mortal wounds this phase.¶EFFECT: Select one enemy unit which inflicted one or more mortal wounds on your unit this phase, then roll a number of dice equal to the number of mortal wounds your unit suffered this phase: for each 2+, that enemy unit suffers one mortal wound (to a maximum of 6 mortal wounds). These mortal wounds are Psychic Attacks.
000010357006|GK|000001083|Banishers|CIRCLE OF SANCTUARY|Epic Deed|1|Opponent’s turn|Movement phase|"WHEN: Start of your opponent’s Movement phase.¶TARGET: One Grey Knights Character model from your army.¶EFFECT: Until the end of the phase, enemy units that are set up on the battlefield as Reinforcements cannot be set up within 12"" horizontally of your model."
000010349004|GK|000001081|Brotherhood Strike|PURGATION PATTERN|Battle Tactic|1|Your turn|Shooting phase|WHEN: Your Shooting phase.¶TARGET: One Grey Knights unit from your army that was set up using the Deep Strike ability this turn and has not been selected to shoot this phase.¶EFFECT: Until the end of the phase, weapons equipped by models in your unit have the [SUSTAINED HITS 1] ability.
000010349006|GK|000001081|Brotherhood Strike|SHINING VEIL|Battle Tactic|1|Opponent’s turn|Shooting phase|WHEN: Your opponent’s Shooting phase, just after an enemy unit has selected its targets.¶TARGET: One Grey Knights unit that was selected as the target of one or more of the attacking unit’s attacks.¶EFFECT: Until the end of the phase, your unit has the Stealth ability.
000010349003|GK|000001081|Brotherhood Strike|COMBAT MANIFESTATION|Epic Deed|1|Your turn|Movement phase|"WHEN: Your Movement phase.¶TARGET: One Grey Knights unit from your army that is arriving using the Deep Strike ability this phase.¶EFFECT: Set your unit up anywhere on the battlefield that is more than 6"" horizontally away from all enemy units, but until the end of the turn, it is not eligible to declare a charge."
000010349002|GK|000001081|Brotherhood Strike|TRUESILVER CHANNELLING|Strategic Ploy|2|Either player’s turn|Fight phase|WHEN: Fight phase.¶TARGET: One Grey Knights Infantry unit from your army that has not been selected to fight this phase.¶EFFECT: Until the end of the phase, Psychic weapons equipped by models in your unit have the [DEVASTATING WOUNDS] ability.
000010349005|GK|000001081|Brotherhood Strike|DUTY UNENDING|Strategic Ploy|1|Opponent’s turn|Movement phase|WHEN: Your opponent’s Movement phase, just after an enemy unit within Engagement Range of one or more Grey Knights units from your army Falls Back.¶TARGET: One of those GREY KNIGHTS units that is not within Engagement Range of one or more enemy units.¶EFFECT: If your unit has the Deep Strike ability, it can be placed into Strategic Reserves.
000010349007|GK|000001081|Brotherhood Strike|EXPEDITIOUS EXIT|Strategic Ploy|2|Opponent’s turn|Fight phase|WHEN: End of your opponent’s Fight phase.¶TARGET: One Grey Knights Psyker Infantry unit from your army.¶EFFECT: If every model in your unit has the Deep Strike ability, remove your unit from the battlefield and place it into Strategic Reserves.¶Designer’s Note: This Stratagem allows you to remove a unit in addition to those removed using the Gate of Infinity rule, and it allows you to remove a unit within Engagement Range of one or more enemy units.
000010925002|GK|000001217|Fires of Purgation|SOUL-LOCKED||1|Your turn|Movement phase|WHEN: Your Movement phase, when a friendly PURGATION SQUAD unit is selected to make a fall-back move.¶TARGET: That PURGATION SQUAD unit.¶EFFECT: That move does not prevent your unit from being eligible to shoot.
000010925003|GK|000001217|Fires of Purgation|FOCUSED IMMOLATION||1|Your turn|Shooting phase|WHEN: Your Shooting phase, when a friendly PURGATION SQUAD unit is selected to shoot.¶TARGET: That PURGATION SQUAD unit.¶EFFECT: Select one enemy unit. Your unit’s ranged attacks that target that unit have:¶• [DEVASTATING WOUNDS].¶• [SUSTAINED HITS 1].
000010925004|GK|000001217|Fires of Purgation|SPIRITSEAR||1|Your turn|Shooting phase|WHEN: Your Shooting phase, when a friendly PURGATION SQUAD unit has shot.¶TARGET: That PURGATION SQUAD unit.¶EFFECT: Select one battle-shocked enemy unit hit by those attacks. That enemy unit suffers D3+1 mortal wounds.
000010353002|GK|000001082|Hallowed Conclave|GIANTS OF THE BATTLEFIELD|Battle Tactic|1|Either player’s turn|Fight phase|WHEN: Fight phase.¶TARGET: One Grey Knights Terminator unit from your army that has not been selected to fight this phase.¶EFFECT: Until the end of the phase, add 1 to the Attacks characteristic of melee weapons equipped by models in your unit.
000010353007|GK|000001082|Hallowed Conclave|SHINING RESOLVE|Strategic Ploy|1|Opponent’s turn|Shooting phase|WHEN: Your opponent’s Shooting phase, just after an enemy unit has selected its targets.¶TARGET: One Grey Knights Infantry unit from your army that was selected as the target of one or more of the attacking unit’s attacks.¶EFFECT: Until the end of the phase, each time an attack targets your unit, if the Strength characteristic of that attack is greater than the Toughness characteristic of your unit, subtract 1 from the Wound roll.
000010353006|GK|000001082|Hallowed Conclave|PRECOGNITIVE STRATEGIES|Strategic Ploy|1|Opponent’s turn|Movement phase|"WHEN: Your opponent’s Movement phase, just after an enemy unit ends a Normal, Advance or Fall Back move.¶TARGET: One Grey Knights Infantry unit from your army that is within 8"" of that enemy unit and not within Engagement Range of one or more enemy units.¶EFFECT: Your unit can make a Normal move of up to D6""."
000010353005|GK|000001082|Hallowed Conclave|GRIND THEM UNDERFOOT|Strategic Ploy|1|Your turn|Charge phase|WHEN: Your Charge phase, just after a Grey Knights Terminator unit from your army ends a Charge move.¶TARGET: That GREY KNIGHTS unit.¶EFFECT: Select one enemy unit within Engagement Range of your unit, then roll one D6 for each model in your unit that is within Engagement Range of that enemy unit: for each 4+, that enemy unit suffers 1 mortal wound (to a maximum of 6 mortal wounds).
000010353003|GK|000001082|Hallowed Conclave|UNENDING FIDELITY|Strategic Ploy|1|Either player’s turn|Shooting or Fight phase|WHEN: Your opponent’s Shooting phase or the Fight phase, just after an enemy unit has selected its targets.¶TARGET: One Grey Knights Infantry unit from your army that was selected as the target of one or more of the attacking unit’s attacks.¶EFFECT: Until the end of the phase, each time a model in your unit is destroyed, if that model has not shot or fought this phase, roll one D6. On a 4+, do not remove the destroyed model from play; it can shoot or fight after the attacking unit has finished making its attacks, and is then removed from play.
000010353004|GK|000001082|Hallowed Conclave|POINT-BLANK PURGATION|Strategic Ploy|1|Your turn|Shooting phase|WHEN: Your Shooting phase.¶TARGET: One Grey Knights Infantry unit from your army that has not been selected to shoot this phase.¶EFFECT: Until the end of the phase, storm bolter weapons equipped by models in your unit have the [PISTOL] and [TWIN-LINKED] abilities.
000010929004|GK|000001218|Immaterial Interdiction|RESPONSIVE DISPLACEMENT||1|Opponent’s turn|Movement phase|"WHEN: Your opponent’s Movement phase, when an enemy unit that was engaged with a friendly INTERCEPTOR SQUAD unit ends a fall-back move, if that INTERCEPTOR SQUAD unit is unengaged.¶TARGET: That INTERCEPTOR SQUAD unit.¶EFFECT: Your unit can make a normal move of up to D3+3""."
000010929003|GK|000001218|Immaterial Interdiction|BY THOUGHT ALONE||1|Your turn|Shooting phase|WHEN: Your Shooting phase, when a friendly INTERCEPTOR SQUAD unit starts an action.¶TARGET: That INTERCEPTOR SQUAD unit.¶EFFECT: That action does not prevent your unit from being eligible to shoot.
000010929002|GK|000001218|Immaterial Interdiction|BLADES FROM THE BEYOND||1|Either player’s turn|Fight phase|WHEN: Fight phase, when a friendly INTERCEPTOR SQUAD unit that made a charge move this turn is selected to fight.¶TARGET: That INTERCEPTOR SQUAD unit.¶EFFECT: Your unit’s melee attacks have [LANCE].
000010361003|GK|000001084|Sanctic Spearhead|ABOMINUS-CLASS TARGETS|Battle Tactic|1|Either player’s turn|Shooting or Fight phase|WHEN: Your Shooting phase or the Fight phase.¶TARGET: One Grey Knights unit from your army that has not been selected to shoot or fight this phase.¶EFFECT: Until the end of the phase, each time a model in your unit makes an attack that targets a MONSTER or VEHICLE unit, add 1 to the Wound roll.
000010361002|GK|000001084|Sanctic Spearhead|TRUESILVER WILL|Epic Deed|1|Either player’s turn|Any phase|WHEN: Any phase, just after a Grey Knights Psyker Vehicle unit from your army suffers a mortal wound.¶TARGET: That GREY KNIGHTS PSYKER VEHICLE unit.¶EFFECT: Until the end of the phase, models in your unit have the Feel No Pain 4+ ability against mortal wounds.
000010361004|GK|000001084|Sanctic Spearhead|ARMOURED AEGIS|Strategic Ploy|1|Your turn|Command phase|WHEN: Your Command phase.¶TARGET: One Grey Knights Psyker Vehicle unit from your army.¶EFFECT: One model in your unit regains up to 3 lost wounds.
000010361005|GK|000001084|Sanctic Spearhead|REDOUBLED ASSAULT|Strategic Ploy|1|Your turn|Movement phase|WHEN: Your Movement phase, just after a Grey Knights Vehicle unit from your army Falls Back.¶TARGET: That GREY KNIGHTS VEHICLE unit.¶EFFECT: Until the end of the turn, your unit is eligible to shoot and declare a charge in a turn in which it Fell Back.
000010361007|GK|000001084|Sanctic Spearhead|ARGENT WRATH|Strategic Ploy|1|Your turn|Charge phase|"WHEN: Your Charge phase, just after a Grey Knights Vehicle unit from your army ends a Charge move.¶TARGET: That GREY KNIGHTS VEHICLE unit.¶EFFECT: Each enemy unit within 3"" of your unit must take a Battle-shock test, subtracting 1 from that test."
000010361006|GK|000001084|Sanctic Spearhead|FORCE WAVE|Strategic Ploy|1|Your turn|Movement or Charge phase|WHEN: Your Movement phase or your Charge phase.¶TARGET: One Grey Knights Vehicle unit from your army that has not been selected to move or charge this phase.¶EFFECT: Until the end of the phase, each time your unit makes a Normal, Advance or Charge move, it can move horizontally through terrain features.
000009778005|GK|000000992|Warpbane Task Force|FIRES OF COVENANT|Battle Tactic|1|Opponent’s turn|Movement phase|"WHEN: Start of your opponent’s Movement phase.¶TARGET: One Grey Knights Infantry unit from your army.¶EFFECT: Until the end of the phase, each time an enemy unit is set up or ends a Normal, Advance or Fall Back move within 6"" of your unit, roll one D6, adding 2 to the result if your unit is wholly within your army’s Hallowed Ground: on a 4+, that enemy unit suffers D3 mortal wounds."
000009778007|GK|000000992|Warpbane Task Force|REPELLING SPHERE|Battle Tactic|1|Opponent’s turn|Charge phase|WHEN: Start of your opponent’s Charge phase.¶TARGET: One Grey Knights Infantry unit from your army.¶EFFECT: Until the end of the phase, each time an enemy unit declares a charge and your unit is one of the targets of that charge, subtract 1 from the Charge roll, or subtract 2 instead if your unit is wholly within your army’s Hallowed Ground.
000009778004|GK|000000992|Warpbane Task Force|HALLOWED BEACON|Battle Tactic|1|Your turn|Movement phase|"WHEN: Reinforcements step of your Movement phase.¶TARGET: One Grey Knights Infantry unit (excluding Terminator units) that is arriving using the Deep Strike ability this phase.¶EFFECT: Set up your unit wholly within your army’s Hallowed Ground and more than 6"" horizontally away from all enemy units."
000009778002|GK|000000992|Warpbane Task Force|SANCTIFIED KILL ZONE|Battle Tactic|1|Either player’s turn|Shooting or Fight phase|WHEN: Your Shooting phase or the Fight phase.¶TARGET: One GREY KNIGHTS unit from your army that has not been selected to shoot or fight this phase and that is wholly within your army’s Hallowed Ground.¶EFFECT: Until the end of the phase, each time a model in your unit makes an attack, re-roll a Wound roll of 1, or, re-roll the Wound roll instead if your unit is a Purifier Squad.
000009778006|GK|000000992|Warpbane Task Force|AEGIS ETERNAL|Battle Tactic|1|Opponent’s turn|Shooting phase|WHEN: Your opponent’s Shooting phase, just after an enemy unit has selected its targets.¶TARGET: One Grey Knights Infantry unit from your army that was selected as the target of one or more of the attacking unit’s attacks.¶EFFECT: Until the end of the phase, models in your unit that are wholly within your Hallowed Ground have a 4+ invulnerable save.
000009778003|GK|000000992|Warpbane Task Force|FLAMES OF SANCTITY|Strategic Ploy|1|Either player’s turn|Fight phase|"WHEN: End of the Fight phase.¶TARGET: One Purifier Squad unit from your army that was eligible to fight this phase.¶EFFECT: Roll one D6 for each enemy unit within 6"" of your unit, adding 1 to the result if your unit includes Castellan Crowe: on a 4+, that enemy unit suffers D3 mortal wounds."
000011057002|LoV|000001194|Armoured Trailblazers|COORDINATED CROSSFIRE||1|Your turn|Shooting phase|WHEN: Start of your Shooting phase.¶TARGET: Up to two friendly SAGITAUR units.¶EFFECT: Select one enemy unit. Your units’ ranged attacks that target that enemy unit can:¶• Re-roll hit rolls of 1.¶• Re-roll wound rolls of 1.
000011057004|LoV|000001194|Armoured Trailblazers|BUILT TO LAST||1|Opponent’s turn|Shooting or Fight phase|WHEN: Your opponent’s Shooting phase, when an enemy unit targets a friendly SAGITAUR unit.¶TARGET: That SAGITAUR unit.¶EFFECT: Ranged attacks that target your unit with a S greater than your unit’s T have -1 to wound rolls.
000011057003|LoV|000001194|Armoured Trailblazers|OUTFLANKING ARMOUR||1|Opponent’s turn|Movement phase|WHEN: End of your opponent’s Movement phase, from the second battle round onwards.¶TARGET: Up to two friendly SAGITAUR units in strategic reserves.¶EFFECT: Your units each make an ingress move.
000010448003|LoV|000001099|Brandfast Oathband|BASTION RUNNING|Battle Tactic|1|Your turn|Movement phase|WHEN: Your Movement phase.¶TARGET: One Hekaton Land Fortress unit from your army that has not been selected to move this phase.¶EFFECT: Until the end of the phase, each time your unit makes a Normal or Advance move, it can move horizontally through terrain features.
000010448002|LoV|000001099|Brandfast Oathband|SECURE POSITIONS|Strategic Ploy|1|Either player’s turn|Any phase|"WHEN: End of any of your phases.¶TARGET: One Leagues of Votann Transport unit from your army.¶EFFECT: One LEAGUES OF VOTANN unit embarked within your TRANSPORT can disembark. When doing so, models in that unit can be set up anywhere on the battlefield wholly within 6"" of your TRANSPORT. That unit cannot declare a charge in the same turn, but can otherwise act normally in the remainder of the turn."
000010448005|LoV|000001099|Brandfast Oathband|INEXORABLE EFFICIENCY|Strategic Ploy|1|Your turn|Shooting phase|WHEN: Your Shooting phase.¶TARGET: One Leagues of Votann unit from your army.¶EFFECT: Until the end of the phase, your unit is eligible to shoot in a turn in which it Fell Back.
000010448006|LoV|000001099|Brandfast Oathband|OPPORTUNISTIC ESCALATION|Strategic Ploy|1|Opponent’s turn|Shooting phase|"WHEN: Your opponent’s Shooting phase, just after an enemy unit has shot, if units from your army have Hostile Acquisition.¶TARGET: One Leagues of Votann Vehicle unit from your army (excluding Hekaton Land Fortress units) that was hit by one or more of those attacks.¶EFFECT: Your unit can make a Normal move of up to D6""."
000010448007|LoV|000001099|Brandfast Oathband|VENGEANCE FLARE|Strategic Ploy|2|Opponent’s turn|Shooting phase|"WHEN: Your opponent’s Shooting phase, just after an enemy unit has shot.¶TARGET: One Leagues of Votann Infantry unit that was hit by one or more of those attacks.¶EFFECT: Each time you use this Stratagem, you can spend 2YP. Select one friendly Kapricus or Sagitaur unit within 6"" of your INFANTRY unit. If you spent YP during this use of this Stratagem, you can select one friendly Hekaton Land Fortress unit within 6"" of your INFANTRY unit instead. The selected unit can shoot as if it were your Shooting phase. When doing so, models in the selected unit can only target that enemy unit (and only if it is an eligible target)."
000010448004|LoV|000001099|Brandfast Oathband|ILLUMINATED PRIORITY|Wargear|1|Your turn|Shooting phase|WHEN: Your Shooting phase, just after a Leagues of Votann Vehicle unit from your army has shot.¶TARGET: That LEAGUES OF VOTANN VEHICLE unit.¶EFFECT: Select one enemy unit hit by one or more of those attacks. Until the end of the phase, each time a Leagues of Votann Infantry model from your army makes an attack that targets that enemy unit, re-roll a Hit roll of 1.
000010444002|LoV|000001098|Dêlve Assault Shift|CYBERSTIMM INFUSION|Battle Tactic|1|Either player’s turn|Fight phase|WHEN: Fight phase.¶TARGET: One Cthonian Beserks unit from your army that has not been selected to fight this phase.¶EFFECT: Each time you use this Stratagem, you can spend 2YP. Until the end of the phase, each time a model in your unit makes an attack, re-roll a Wound roll of 1. If you spent YP during this use of this Stratagem, you can re-roll the Wound roll instead.
000010444007|LoV|000001098|Dêlve Assault Shift|HIDDEN ACCESSWAYS|Strategic Ploy|1|Opponent’s turn|Fight phase|WHEN: End of your opponent’s Fight phase.¶TARGET: One Cthonian Beserks, Hearthkyn Warriors or Hernkyn Yaegirs unit from your army that is not within Engagement Range of one or more enemy units.¶EFFECT: Remove your unit from the battlefield and place it into Strategic Reserves.
000010444003|LoV|000001098|Dêlve Assault Shift|UNSTOPPABLE FORCE|Strategic Ploy|1|Either player’s turn|Fight phase|"WHEN: Fight phase.¶TARGET: One Leagues of Votann unit from your army that has not been selected to fight this phase.¶EFFECT: Until the end of the phase, each time your unit Piles In or Consolidates, each model in that unit can move up to 6"" instead of up to 3""."
000010444004|LoV|000001098|Dêlve Assault Shift|AUGMENTED ASSAULT|Strategic Ploy|1|Your turn|Movement phase|"WHEN: Your Movement phase.¶TARGET: One Cthonian Beserks unit from your army that has not been selected to move this phase.¶EFFECT: Each time you use this Stratagem, you can spend up to 2YP. Until the end of the turn, add X"" to the Move characteristic of models in your unit, where X is the number of YP you spent during this use of this Stratagem, and your unit is eligible to declare a charge in a turn in which it Advanced."
000010444005|LoV|000001098|Dêlve Assault Shift|TECTONIC FRACTURE|Strategic Ploy|1|Your turn|Shooting phase|WHEN: Your Shooting phase, just after a CTHONIAN EARTHSHAKERS unit from your army has shot.¶TARGET: That Cthonian Earthshakers unit.¶EFFECT: Each time you use this Stratagem, you can spend 2YP. Select one enemy unit hit by one or more of your unit’s attacks this phase. Until the start of your next Shooting phase, subtract 2 from that unit’s Move characteristic and, if you spent YP during this use of this Stratagem, subtract 2 from Charge rolls made for that unit.
000010444006|LoV|000001098|Dêlve Assault Shift|WEAVEWËRKE BUTTRESS|Strategic Ploy|1|Opponent’s turn|Shooting phase|WHEN: Your opponent’s Shooting phase, just after an enemy unit has selected its targets, if units from your army have Hostile Acquisition.¶TARGET: One Leagues of Votann Infantry unit from your army that was selected as the target of one or more of the attacking unit’s attacks.¶EFFECT: Until the end of the phase, each time an attack targets your unit, subtract 1 from the Wound roll.
000011061002|LoV|000001195|Farseekers|SCORNFUL ANALYSIS||1|Your turn|Shooting phase|"WHEN: Start of your Shooting phase.¶TARGET: One friendly HERNKYN unit.¶EFFECT: Select one visible enemy unit within 12"" of your unit. Friendly LEAGUES OF VOTANN units’ attacks that target that enemy unit have [IGNORES COVER]."
000011061003|LoV|000001195|Farseekers|NO SHOT WASTED||1|Your turn|Shooting phase|WHEN: Your Shooting phase, when a friendly HERNKYN unit is selected to shoot.¶TARGET: That HERNKYN unit.¶EFFECT: Your unit’s ranged attacks have [LETHAL HITS].
000011061004|LoV|000001195|Farseekers|ECONOMY OF MOTION||1|Opponent’s turn|Movement phase|"WHEN: Your opponent’s Movement phase, when an enemy unit ends a move within 8"" of a friendly unengaged PIONEERS unit.¶TARGET: That PIONEERS unit.¶EFFECT: Your unit can make a normal move of up to D3+3""."
000009824004|LoV|000001001|Hearthband|SUPERIOR CRAFTSMANSHIP|Battle Tactic|2|Either player’s turn|Fight phase|WHEN: Fight phase.¶TARGET: One LEAGUES OF VOTANN unit from your army that has not been selected to fight this phase.¶EFFECT: Until the end of the phase, each time a model in your unit makes an attack that targets a MONSTER or VEHICLE unit, add 1 to the Damage characteristic of that attack.
000009824007|LoV|000001001|Hearthband|FURY OF THE HEARTH|Battle Tactic|1|Your turn|Shooting phase|WHEN: Your Shooting phase.¶TARGET: One Einhyr Hearthguard unit from your army that has not been selected to shoot this phase.¶EFFECT: Until the end of the phase, improve the Strength characteristic of ranged weapons equipped by models in your unit by 1. If you spend 1YP, until the end of the phase, ranged weapons equipped by models in that unit have the [SUSTAINED HITS 1] ability as well.
000009824002|LoV|000001001|Hearthband|BRËKKEKNOTS|Battle Tactic|1|Either player’s turn|Shooting phase|WHEN: Your opponent’s Shooting phase or the Fight phase, just after an enemy unit has selected its targets.¶TARGET: One Kâhl, Ûthar the Destined or Einhyr Hearthguard unit from your army that was selected as the target of one or more of the attacking unit’s attacks.¶EFFECT: Until the end of the phase, models in your unit have a 4+ invulnerable save.
000009824006|LoV|000001001|Hearthband|MATERIALISATION MATRICES|Strategic Ploy|1|Your turn|Movement phase|"WHEN: The Reinforcements step of your Movement phase.¶TARGET: One LEAGUES OF VOTANN unit from your army that is in Reserves and has the Deep Strike ability.¶EFFECT: Until the end of the phase, when your unit is set up on the battlefield using the Deep Strike ability, it can be set up anywhere on the battlefield that is more than 6"" horizontally away from all enemy units.¶RESTRICTIONS: Until the end of the turn, your unit is not eligible to declare a charge."
000009824005|LoV|000001001|Hearthband|UNYIELDING AGGRESSION|Strategic Ploy|1|Your turn|Movement phase|WHEN: Your Movement phase, just after a LEAGUES OF VOTANN INFANTRY unit from your army Falls Back.¶TARGET: That Leagues of Votann Infantry unit.¶EFFECT: Until the end of the turn, your unit is eligible to shoot and declare a charge in a turn in which it Fell Back.
000009824003|LoV|000001001|Hearthband|SURE OF PURPOSE|Strategic Ploy|1|Either player’s turn|Fight phase|"WHEN: Fight phase.¶TARGET: One LEAGUES OF VOTANN unit from your army that has not been selected to fight this phase.¶EFFECT: Until the end of the phase, each time a model in your unit makes a Pile-in or Consolidation move, it can move up to 6"" instead of up to 3""."
000010452002|LoV|000001100|Hearthfyre Arsenal|UNWAVERING ACCURACY|Battle Tactic|2|Your turn|Shooting phase|WHEN: Your Shooting phase.¶TARGET: One Brôkhyr Thunderkyn unit from your army that has not been selected to shoot this phase.¶EFFECT: Until the end of the phase, each time a model in your unit makes an attack, you can ignore any or all modifiers to the following: that attack’s Ballistic Skill characteristic; the Hit roll; the Wound roll; that attack’s Armour Penetration characteristic.
000010452005|LoV|000001100|Hearthfyre Arsenal|WALL OF STEEL|Battle Tactic|1|Your turn|Charge phase|WHEN: Your Charge phase, just after an Ironkin Steeljacks unit from your army ends a Charge move.¶TARGET: That IRONKIN STEELJACKS unit.¶EFFECT: Each time you use this Stratagem, you can spend 2YP. Select one enemy unit (excluding MONSTERS and VEHICLES) within Engagement Range of your unit and roll one D6 for each model in your unit, rolling two additional D6 if you spent YP during this use of this Stratagem: for each 4+, that enemy unit suffers 1 mortal wound (to a maximum of 6 mortal wounds).
000010452003|LoV|000001100|Hearthfyre Arsenal|FIRST CONCERN|Strategic Ploy|1|Your turn|Shooting phase|WHEN: Your Shooting phase, just after a Brôkhyr, Ironkin Steeljacks or Arkanyst Evaluator unit from your army has shot.¶TARGET: That BRÔKHYR, IRONKIN STEELJACKS or ARKANYST EVALUATOR unit.¶EFFECT: If your unit Remained Stationary in your Movement phase this turn, it can make a Normal move.
000010452007|LoV|000001100|Hearthfyre Arsenal|COGITATED NEED|Strategic Ploy|1|Opponent’s turn|Movement phase|WHEN: End of your opponent’s Movement phase.¶TARGET: One Ironkin Steeljacks unit from your army.¶EFFECT: Your unit can make a Normal move. When doing so, your unit must end that move as close as possible to the closest objective marker.
000010452006|LoV|000001100|Hearthfyre Arsenal|PREVENTATIVE PURGE|Strategic Ploy|1|Opponent’s turn|Movement phase|WHEN: Your opponent’s Movement phase, just after an enemy unit ends a Fall Back move.¶TARGET: One Brôkhyr Thunderkyn or Ironkin Steeljacks unit from your army.¶EFFECT: Your unit can shoot as if it were your Shooting phase. When doing so, models in your unit can only target that enemy unit (and only if it is an eligible target) and each time a model in your unit makes an attack, subtract 1 from the Hit roll.
000010452004|LoV|000001100|Hearthfyre Arsenal|DELAYED-FIRE ROUNDS|Wargear|1|Your turn|Shooting phase|WHEN: Your Shooting phase, just after a Brôkhyr, Ironkin Steeljacks or Arkanyst Evaluator unit from your army has shot.¶TARGET: That BRÔKHYR, IRONKIN STEELJACKS or ARKANYST EVALUATOR unit.¶EFFECT: Select one enemy unit (excluding MONSTERS and VEHICLES) hit by one or more of those attacks. Until the start of your next Shooting phase, each time that enemy unit makes a Normal, Advance or Fall Back move, roll one D6 for each model in that unit: for each 1, that unit suffers 1 mortal wound (to a maximum of 6 mortal wounds).
000011065004|LoV|000001196|Hearthguard Covenant|MATERIALISATION MATRICES||1|Your turn|Movement phase|"WHEN: Your Movement phase, when a friendly EINHYR HEARTHGUARD unit with Deep Strike is selected to make an ingress move.¶TARGET: That EINHYR HEARTHGUARD unit.¶EFFECT:¶• Your unit can be set up anywhere on the battlefield that is more than 6"" horizontally from all enemy units, even if that is within your opponent’s deployment zone.¶• Your unit is not eligible to declare a charge until the end of the turn."
000011065002|LoV|000001196|Hearthguard Covenant|BRËKKEKNOTS||1|Either player’s turn|Shooting or Fight phase|WHEN: Your opponent’s Shooting phase or the Fight phase, when an enemy unit targets a friendly EINHYR HEARTHGUARD unit.¶TARGET: That EINHYR HEARTHGUARD unit.¶EFFECT: Your unit has 4+ InSv.
000011065003|LoV|000001196|Hearthguard Covenant|FURY OF THE HEARTH||1|Your turn|Shooting phase|WHEN: Your Shooting phase, when a friendly EINHYR HEARTHGUARD unit is selected to shoot.¶TARGET: That EINHYR HEARTHGUARD unit.¶EFFECT: Your unit’s ranged attacks have:¶• +1 S.¶• If you spend 1 YP, [SUSTAINED HITS 1].
000010709004|LoV|000001137|Mercenary Oathband|GRAND ARTIFICE|Strategic Ploy|1|Your turn|Movement phase|WHEN: Your Movement phase, just after a LEAGUES OF VOTANN unit from your army Falls Back.¶TARGET: That LEAGUES OF VOTANN unit.¶EFFECT: Until the end of the turn, your unit is eligible to shoot and declare a charge in a turn in which it Fell Back.
000010709006|LoV|000001137|Mercenary Oathband|NEW HORIZONS|Strategic Ploy|1|Opponent’s turn|Fight phase|"WHEN: End of your opponent’s Fight phase.¶TARGET: One Leagues of Votann Infantry unit from your army that is not within Engagement range of one or more enemy units and one friendly Transport it is able to embark within.¶EFFECT: If your LEAGUES OF VOTANN unit is wholly within 6"" of that TRANSPORT, it can embark within it."
000010709007|LoV|000001137|Mercenary Oathband|MOBILE EXPLOITATION|Strategic Ploy|1|Opponent’s turn|Fight phase|WHEN: End of your opponent’s Fight phase.¶TARGET: One Hernkyn unit from your army that is not within Engagement Range of one or more enemy units. Alternatively, you can spend 2YP and target up to two HERNKYN units from your army that are not within Engagement Range of one or more enemy units instead.¶EFFECT: Remove your units from the battlefield and place them into Strategic Reserves.
000010709002|LoV|000001137|Mercenary Oathband|AUXILIARY CONTRACT|Strategic Ploy|1|Either player’s turn|Shooting or Fight phase|WHEN: Your Shooting phase or the Fight phase.¶TARGET: One Leagues of Votann Infantry or Leagues of Votann Mounted unit from your army that has not been selected to shoot or fight this phase.¶EFFECT: Until the end of the phase, weapons equipped by models in your unit have the [PRECISION] ability.
000010709003|LoV|000001137|Mercenary Oathband|OPTIMAL EXPENDITURE|Wargear|1|Either player’s turn|Fight phase|WHEN: The Fight phase.¶TARGET: One Leagues of Votann Infantry unit from your army that has not been selected to fight this phase.¶EFFECT: Each time you use this Stratagem, you can spend 3YP. Until the end of the phase, each time a model in your unit makes an attack, re-roll a Hit roll of 1 and re-roll a Wound roll of 1. If you spent YP during this usage of this Stratagem, you can re-roll a Hit roll of 1 and re-roll the Wound roll instead.
000010709005|LoV|000001137|Mercenary Oathband|PRIVATEER ARSENAL|Wargear|1|Your turn|Shooting phase|WHEN: Your Shooting phase.¶TARGET: One Leagues of Votann Infantry unit from your army that has not been selected to shoot this phase.¶EFFECT: Each time you use this Stratagem, you can spend 3YP. Until the end of the phase, each time a model in your unit makes an attack, re-roll a Hit roll of 1 and re-roll a Wound roll of 1. If you spent YP during this usage of this Stratagem, you can re-roll the Hit roll and re-roll a Wound roll of 1 instead.
000010436005|LoV|000001096|Needgaârd Oathband|ANCESTRAL SENTENCE|Battle Tactic|1|Your turn|Shooting phase|WHEN: Your Shooting phase.¶TARGET: One LEAGUES OF VOTANN unit from your army that has not been selected to shoot this phase.¶EFFECT: Each time you use this Stratagem, you can spend 3YP. Until the end of the phase, ranged weapons equipped by models in your unit have the [SUSTAINED HITS 1] ability. If you spent YP during this use of this Stratagem, until the end of the phase, those weapons have the [SUSTAINED HITS 2] ability instead.
000010436006|LoV|000001096|Needgaârd Oathband|HUNTR’S MARK|Battle Tactic|1|Your turn|Shooting phase|WHEN: Your Shooting phase.¶TARGET: One LEAGUES OF VOTANN unit from your army that has not been selected to shoot this phase.¶EFFECT: Until the end of the phase, each time a model in your unit makes an attack, re-roll a Hit roll of 1 and re-roll a Wound roll of 1.
000010436003|LoV|000001096|Needgaârd Oathband|HONOUR OF THE HOLD|Battle Tactic|1|Either player’s turn|Fight phase|WHEN: Fight phase.¶TARGET: One LEAGUES OF VOTANN unit from your army that has not been selected to fight this phase.¶EFFECT: Each time you use this Stratagem, you can spend 3YP. Select one enemy unit within Engagement Range of your unit. Until the end of the phase, each time a model in your unit makes a melee attack that targets that enemy unit, improve the Armour Penetration characteristic of that attack by 1. If you spent YP during this use of this Stratagem, improve the Armour Penetration characteristic of that attack by 2 instead.
000010436004|LoV|000001096|Needgaârd Oathband|ORDERED RETREAT|Strategic Ploy|1|Your turn|Movement phase|WHEN: Your Movement phase, just after a LEAGUES OF VOTANN unit from your army Falls Back.¶TARGET: That LEAGUES OF VOTANN unit.¶EFFECT: Until the end of the turn, your unit is eligible to shoot and declare a charge in a turn in which it Fell Back.
000010436007|LoV|000001096|Needgaârd Oathband|REACTIVE REPRISAL|Strategic Ploy|2|Opponent’s turn|Shooting phase|WHEN: Your opponent’s Shooting phase, just after an enemy unit has shot, if units from your army have Fortify Takeover.¶TARGET: One LEAGUES OF VOTANN unit from your army that was selected as the target of one or more of the attacking unit’s attacks.¶EFFECT: Your unit can shoot as if it were your Shooting phase, can only target that enemy unit when doing so, and can only do so if that enemy unit is an eligible target.
000010436002|LoV|000001096|Needgaârd Oathband|VOID HARDENED|Wargear|1|Either player’s turn|Shooting or Fight phase|WHEN: Your opponent’s Shooting phase or the Fight phase, just after an enemy unit has selected its targets, if units from your army have Fortify Takeover.¶TARGET: One LEAGUES OF VOTANN unit from your army that was selected as the target of one or more of the attacking unit’s attacks.¶EFFECT: Until the attacking unit has finished making its attacks, each time an attack targets your unit, worsen the Armour Penetration characteristic of that attack by 1.
000010440004|LoV|000001097|Persecution Prospect|EXPOSED FLAWS|Battle Tactic|1|Your turn|Shooting phase|WHEN: Your Shooting phase.¶TARGET: One Hernkyn unit from your army that has not been selected to shoot this phase.¶EFFECT: Each time you use this Stratagem, you can spend 2YP. Until the end of the phase, each time a model in your unit makes an attack, if you spent YP during this use of this Stratagem and/or if that attack targets an assailed unit, you can re-roll the Wound roll.
000010440003|LoV|000001097|Persecution Prospect|FRONTIER MOMENTUM|Battle Tactic|1|Your turn|Movement phase|"WHEN: Your Movement phase.¶TARGET: One Hernkyn unit from your army that has not been selected to move this phase.¶EFFECT: Until the end of the phase, if your unit Advances, do not make an Advance roll for it. Instead, until the end of the phase, add 6"" to the Move characteristic of models in your unit."
000010440005|LoV|000001097|Persecution Prospect|RANGER TACTICS|Battle Tactic|1|Your turn|Shooting phase|WHEN: Your Shooting phase.¶TARGET: One LEAGUES OF VOTANN unit from your army that has not been selected to shoot this phase.¶EFFECT: Until the end of the phase, each time a model in your unit makes an attack, if that attack targets an assailed unit and/or if your unit has the Hernkyn keyword, you can re-roll the Hit roll.
000010440006|LoV|000001097|Persecution Prospect|CLAIMSTAKER REFLEX|Strategic Ploy|1|Opponent’s turn|Movement phase|"WHEN: Your opponent’s Movement phase, just after an enemy unit ends a Normal, Advance or Fall Back move.¶TARGET: One LEAGUES OF VOTANN unit from your army (excluding Artillery and Vehicle units) that is within 8"" of that enemy unit.¶EFFECT: Each time you use this Stratagem, you can spend 2YP. Your unit can make a Normal move of up to D6"". If you spent YP during this use of this Stratagem, your unit can make a Normal move of up to 6"" instead.¶RESTRICTIONS: A unit cannot embark within a Transport as part of this move."
000010440007|LoV|000001097|Persecution Prospect|DISPERSED FORMATION|Strategic Ploy|1|Opponent’s turn|Shooting phase|WHEN: Your opponent’s Shooting phase, just after an enemy unit has selected its targets.¶TARGET: One Leagues of Votann Infantry or Leagues of Votann Mounted unit from your army that was selected as the target of one or more of the attacking unit’s attacks.¶EFFECT: Until the end of the phase, your unit has the Stealth ability and each time a ranged attack targets your unit, models in your unit have the Benefit of Cover against that attack.
000010440002|LoV|000001097|Persecution Prospect|ADAPTABLE AVARICE|Strategic Ploy|1|Either player’s turn|Any phase|WHEN: Start of any phase, if units from your army have Fortify Takeover.¶TARGET: One Leagues of Votann Character unit from your army.¶EFFECT: Each time you use this Stratagem, you can spend any number of YP. Once you have done so, if you have 6 or fewer YP, until the start of your next turn, units from your army have Hostile Acquisition instead.
000008405007|NEC|000000815|Annihilation Legion|INSANITY’S IRE|Strategic Ploy|1|Opponent’s turn|Shooting phase|"WHEN: Your opponent’s Shooting phase, when an enemy unit that targeted a friendly unengaged DESTROYER CULT/FLAYED ONES unit this phase has shot.¶TARGET: That DESTROYER CULT/FLAYED ONES unit.¶EFFECT: Your unit can make a surge move of up to D6""."
000008405002|NEC|000000815|Annihilation Legion|MASKS OF DEATH|Strategic Ploy|1|Either player’s turn|Shooting or Fight phase|WHEN: Your opponent’s Shooting phase or the Fight phase, just after an enemy unit has selected its targets.¶TARGET: One DESTROYER CULT or FLAYED ONES unit from your army that was selected as the target of one or more of the attacking unit’s attacks.¶EFFECT: Until the end of the phase, each time an attack targets your unit, subtract 1 from the Hit roll.
000008405006|NEC|000000815|Annihilation Legion|BLOOD-FUELLED CRUELTY|Battle Tactic|1|Opponent’s turn|Movement phase|WHEN: Your opponent’s Movement phase, just after an enemy unit ends a Fall Back move.¶TARGET: One DESTROYER CULT or FLAYED ONES unit from your army that started the phase within Engagement Range of that enemy unit.¶EFFECT: Roll one D6: on a 2-5, that enemy unit suffers D3 mortal wounds; on a 6, that enemy unit suffers 3 mortal wounds. Your unit can then make a Normal move, but must end that move as close as possible to that enemy unit.
000008405005|NEC|000000815|Annihilation Legion|PITILESS HUNTERS|Battle Tactic|1|Either player’s turn|Fight phase|"WHEN: Fight phase.¶TARGET: One DESTROYER CULT or FLAYED ONES unit from your army that has not been selected to fight this phase.¶EFFECT: Until the end of the phase, each time a model in your unit makes a Pile-in or Consolidation move, it can move up to 6"" instead of up to 3""."
000008405004|NEC|000000815|Annihilation Legion|MURDEROUS REANIMATION|Battle Tactic|1|Either player’s turn|Fight phase|WHEN: Fight phase.¶TARGET: One DESTROYER CULT or FLAYED ONES unit from your army that has just destroyed an enemy unit, or just caused an enemy unit that was not Below Half-strength to become Below Half-strength.¶EFFECT: Your unit’s Reanimation Protocols activate.
000008405003|NEC|000000815|Annihilation Legion|THE SPOOR OF FRAILTY|Battle Tactic|1|Either player’s turn|Shooting or Fight phase|WHEN: Your Shooting phase or the Fight phase.¶TARGET: One DESTROYER CULT or FLAYED ONES unit from your army that has not been selected to shoot or fight this phase.¶EFFECT: Until the end of the phase, each time a model from your unit makes an attack that targets a unit below Starting Strength, add 1 to the Hit roll. If the target is Below Half-strength, add 1 to the Wound roll as well.
000008371006|NEC|000000756|Awakened Dynasty|PROTOCOL OF THE CONQUERING TYRANT|Battle Tactic|1|Your turn|Shooting phase|WHEN: Your Shooting phase.¶TARGET: One NECRONS unit from your army that has not been selected to shoot this phase.¶EFFECT: Until the end of the phase, each time a model in your unit makes an attack that targets a unit within half range, re-roll a Hit roll of 1. If a NECRONS CHARACTER is leading your unit, until the end of the phase, you can re-roll the Hit roll for that attack instead.
000008371004|NEC|000000756|Awakened Dynasty|PROTOCOL OF THE HUNGRY VOID|Battle Tactic|1|Either player’s turn|Fight phase|WHEN: Fight phase.¶TARGET: One NECRONS unit from your army that has not been selected to fight this phase.¶EFFECT: Until the end of the phase, add 1 to the Strength characteristic of melee weapons equipped by models in your unit. In addition, If a Necrons Character is leading your unit, until the end of the phase, improve the Armour Penetration characteristic of melee weapons equipped by models in your unit by 1. (this is not cumulative with any other modifiers that improve Armour Penetration].
000008371002|NEC|000000756|Awakened Dynasty|PROTOCOL OF THE ETERNAL REVENANT|Epic Deed|1|Either player’s turn|Any phase|WHEN: Any phase.¶TARGET: One NECRONS INFANTRY CHARACTER model from your army that was just destroyed. You can use this Stratagem on that model even though it was just destroyed.¶EFFECT: At the end of the phase, set up the destroyed model on the battlefield, unengaged and as close as possible to where it was destroyed. That model is not part of an attached unit and its unit has a starting strength of 1. That model has half of its starting number of wounds remaining.¶RESTRICTION: Each model can only be targeted with this Stratagem once per battle.
000008371005|NEC|000000756|Awakened Dynasty|PROTOCOL OF THE SUDDEN STORM|Strategic Ploy|1|Your turn|Movement phase|WHEN: Your Movement phase.¶TARGET: One NECRONS unit from your army.¶EFFECT: Until the end of the turn, ranged weapons equipped by models in your unit have the [ASSAULT] ability. In addition, if a Necrons Character is leading your unit, until the end of the phase, you can re-roll Advance rolls made for your unit.
000008371007|NEC|000000756|Awakened Dynasty|PROTOCOL OF THE VENGEFUL STARS|Strategic Ploy|2|Opponent’s turn|Shooting phase|"WHEN: Your opponent’s Shooting phase, just after an enemy unit destroys a NECRONS unit from your army.¶TARGET: One NECRONS CHARACTER unit from your army that was within 6"" of that NECRONS unit when it was destroyed.¶EFFECT: After the attacking unit has resolved its attacks, your unit can shoot as if it were your Shooting phase, but it must target only that enemy unit when doing so, and can only do so if that enemy unit is an eligible target."
000008371003|NEC|000000756|Awakened Dynasty|PROTOCOL OF THE UNDYING LEGIONS|Strategic Ploy|1|Either player’s turn|Shooting or Fight phase|WHEN: Your opponent’s Shooting phase or the Fight phase, just after an enemy unit has resolved its attacks.¶TARGET: One NECRONS unit from your army that had one or more of its models destroyed as a result of the attacking unit’s attacks.¶EFFECT: Your unit activates its Reanimation Protocols and reanimates D3 wounds (or D3+1 wounds if a NECRONS CHARACTER is leading your unit].
000008547002|NEC|000000816|Canoptek Court|CURSE OF THE CRYPTEK|Battle Tactic|1|Either player’s turn|Shooting or Fight phase|WHEN: Your opponent’s Shooting phase or the Fight phase, just after an enemy unit has shot or fought.¶TARGET: One CRYPTEK model from your army that was destroyed by one of the attacking unit’s attacks.¶You can use this Stratagem on that model even though it was just destroyed.¶EFFECT: Until the end of the battle, each time a friendly CANOPTEK model makes an attack that targets the attacking unit, add 1 to the Hit roll and add 1 to the Wound roll.
000008547003|NEC|000000816|Canoptek Court|CYNOSURE OF ERADICATION|Battle Tactic|2|Either player’s turn|Shooting or Fight phase|WHEN: The start of your Shooting phase or the start of the Fight phase.¶TARGET: One CRYPTEK or CANOPTEK unit from your army that is wholly within your army’s Power Matrix.¶EFFECT: Until the end of the phase, weapons equipped by CRYPTEK or CANOPTEK models in your unit have the [DEVASTATING WOUNDS] ability.
000008547007|NEC|000000816|Canoptek Court|SUBOPTIMAL FACADE|Strategic Ploy|1|Opponent’s turn|Charge phase|WHEN: Your opponent’s Charge phase, just after an enemy unit has declared a charge.¶TARGET: One CANOPTEK unit from your army that was selected as a target of that charge and is wholly within your army’s Power Matrix.¶EFFECT: Your unit’s Reanimation Protocols activate.
000008547004|NEC|000000816|Canoptek Court|SOLAR PULSE|Strategic Ploy|1|Your turn|Shooting phase|"WHEN: Start of your Shooting phase.¶TARGET: One CRYPTEK model from your army.¶EFFECT: Select one objective marker within 18"" of your CRYPTEK model. Until the end of the phase, weapons equipped by friendly NECRONS models have the [IGNORES COVER] ability while targeting units within range of that objective marker."
000008547005|NEC|000000816|Canoptek Court|REACTIVE SUBROUTINES|Strategic Ploy|1|Opponent’s turn|Movement phase|"WHEN: Your opponent’s Movement phase, just after an enemy unit ends a Normal, Advance or Fall Back move.¶TARGET: One CANOPTEK unit from your army that is within 8"" of that enemy unit.¶EFFECT: Your unit can make a Normal move of up to 6""."
000008547006|NEC|000000816|Canoptek Court|COUNTERTEMPORAL SHIFT|Strategic Ploy|1|Opponent’s turn|Shooting phase|"WHEN: Your opponent’s Shooting phase, just after an enemy unit has selected its targets.¶TARGET: One CANOPTEK unit from your army that was selected as the target of one or more of the attacking unit’s attacks.¶EFFECT: Until the end of the phase, your unit can only be selected as the target of a ranged attack if the attacking model is within 18""."
000010665006|NEC|000001127|Cryptek Conclave|UNTAPPED POWER|Battle Tactic|1|Your turn|Shooting phase|WHEN: Your Shooting phase.¶TARGET: One Cryptek unit from your army that has not been selected to shoot this phase.¶EFFECT: Until the end of the phase, each time your unit is selected to shoot, when selecting an ability for the Technosorcerous Augmentations Detachment Rule, you can select one additional ability from those available.
000010665002|NEC|000001127|Cryptek Conclave|MOLECULAR TARGETING|Battle Tactic|1|Either player’s turn|Shooting or Fight phase|WHEN: Your Shooting phase or the Fight phase.¶TARGET: One NECRONS unit from your army that has not been selected to shoot or fight this phase.¶EFFECT: Until the end of the phase, each time a model in your unit makes an attack, you can ignore any or all modifiers to the following: that attack’s Ballistic Skill or Weapon Skill characteristic; the Hit roll. If your unit has the Cryptek keyword, you can also ignore any or all modifiers to the Wound roll.
000010665005|NEC|000001127|Cryptek Conclave|SYNERGISTIC EMPOWERMENT|Strategic Ploy|1|Your turn|Shooting phase|"WHEN: Start of your Shooting phase.¶TARGET: One Cryptek unit from your army.¶EFFECT: Select one friendly NECRONS model (excluding Monsters and Vehicles) within 12"" of a CRYPTEK model in your unit. Until the end of the phase, that friendly NECRONS model has the CRYPTEK keyword."
000010665007|NEC|000001127|Cryptek Conclave|POTENTIALITY SYPHON|Strategic Ploy|1|Opponent’s turn|Command phase|WHEN: Your opponent’s Command phase.¶TARGET: One NECRONS unit from your army within range of one or more objective markers.¶EFFECT: Your unit’s Reanimation Protocols activate. If it is a Cryptek unit, it reanimates an additional 1 wound.
000010665004|NEC|000001127|Cryptek Conclave|ANIMUS CURSE|Wargear|1|Either player’s turn|Shooting or Fight phase|WHEN: Your opponent’s Shooting phase or the Fight phase, just after an enemy unit has shot or fought.¶TARGET: One Cryptek model from your army that was destroyed by one of the attacking unit’s attacks. You can use this Stratagem on that model even though it was just destroyed.¶EFFECT: Until the end of the battle, each time a friendly NECRONS model makes an attack that targets the attacking unit, you can re-roll the Hit roll.
000010665003|NEC|000001127|Cryptek Conclave|MICROSCARAB SWARM|Wargear|1|Either player’s turn|Shooting or Fight phase|WHEN: Your opponent’s Shooting phase or the Fight phase, just after an enemy unit has selected its targets.¶TARGET: One Cryptek Infantry unit from your army that was selected as the target of one or more of the attacking unit’s attacks.¶EFFECT: If your unit has the Necron Warriors keyword, until the end of the phase, models in your unit have a 5+ invulnerable save. If your unit has the Immortals keyword, until the end of the phase, models in your unit have a 4+ invulnerable save.
000010669002|NEC|000001128|Cursed Legion|METHODICAL MURDER|Battle Tactic|1|Either player’s turn|Shooting or Fight phase|WHEN: Your Shooting phase or the Fight phase.¶TARGET: One NECRONS unit (excluding Monsters and Vehicles) from your army that has not been selected to shoot or fight this phase.¶EFFECT: Until the end of the phase, weapons equipped by models in your unit have the [SUSTAINED HITS 1] ability.
000010669003|NEC|000001128|Cursed Legion|IMAGE OF DEATH|Battle Tactic|1|Either player’s turn|Shooting or Fight phase|WHEN: Your opponent’s Shooting phase or the Fight phase, just after an enemy unit has selected its targets.¶TARGET: One Destroyer Cult unit from your army that was selected as the target of one or more of the attacking unit’s attacks.¶EFFECT: Until the end of the phase, each time an attack targets your unit, subtract 1 from the Hit roll.
000010669006|NEC|000001128|Cursed Legion|SPREADING MADNESS|Battle Tactic|1|Your turn|Charge phase|WHEN: Your Charge phase.¶TARGET: One NECRONS unit (excluding Monsters and Vehicles) from your army that has not declared a charge this phase.¶EFFECT: Until the end of the phase, each time your unit declares a charge, if one or more targets of that charge are within Engagement Range of one or more friendly units, add 2 to the Charge roll.
000010669004|NEC|000001128|Cursed Legion|MORTIS PROTOCOLS|Strategic Ploy|1|Either player’s turn|Shooting or Fight phase|"WHEN: Your Shooting phase or the Fight phase, just after the first time a Destroyer Cult unit from your army destroys an enemy unit this turn.¶TARGET: One friendly NECRONS unit (excluding Monsters and Vehicles) within 9"" of that DESTROYER CULT unit.¶EFFECT: The friendly unit’s Reanimation Protocols activate."
000010669005|NEC|000001128|Cursed Legion|DRIVEN TO BUTCHERY|Strategic Ploy|1|Your turn|Shooting or Charge phase|WHEN: Your Shooting phase or your Charge phase.¶TARGET: One Destroyer Cult unit from your army.¶EFFECT: Until the end of the turn, your unit is eligible to shoot and declare a charge in a turn in which it Advanced.¶RESTRICTIONS: You can only use this Stratagem once per turn.
000010669007|NEC|000001128|Cursed Legion|UNNATURAL AGGRESSION|Strategic Ploy|2|Opponent’s turn|Charge phase|"WHEN: End of your opponent’s Charge phase.¶TARGET: One NECRONS unit (excluding Monsters and Vehicles) from your army that is within 6"" of one or more enemy units and would be eligible to declare a charge against one or more of those enemy units if it were your Charge phase.¶EFFECT: Your unit now declares a charge that only targets one or more of those enemy units, and you resolve that charge."
000010884002|NEC|000001191|Hand of the Dynasty|DOMINANCE PROTOCOLS||1|Either player’s turn|Command phase|WHEN: Command phase.¶TARGET: One friendly IMMORTALS unit.¶EFFECT: Your unit has +1 OC until the end of the turn.
000010884003|NEC|000001191|Hand of the Dynasty|WILL OF THE CONQUEROR||1|Your turn|Fight phase|WHEN: End of your Movement phase.¶TARGET: One friendly IMMORTALS/NECRON WARRIORS unit.¶EFFECT: Select one objective your unit is controlling. That objective is secured.
000010884004|NEC|000001191|Hand of the Dynasty|NANOSATURATION||1|Opponent’s turn|Shooting phase|WHEN: Your opponent’s Shooting phase, when an enemy unit that targeted a friendly IMMORTALS/NECRON WARRIORS unit has shot.¶TARGET: That IMMORTALS/NECRON WARRIORS unit.¶EFFECT: Your unit shoots using snap shooting, but while doing so your unit can only target that enemy unit.
000008555005|NEC|000000818|Hypercrypt Legion|COSMIC PRECISION|Strategic Ploy|1|Your turn|Movement phase|"WHEN: Your Movement phase.¶TARGET: One NECRONS unit from your army (excluding MONSTER units) that is arriving using an ingress move this phase.¶EFFECT: Your unit can be set up anywhere on the battlefield that is more than 6"" horizontally away from all enemy models.¶RESTRICTIONS: A unit targeted with this Stratagem is not eligible to declare a charge in the same turn."
000008555004|NEC|000000818|Hypercrypt Legion|REANIMATION CRYPTS|Strategic Ploy|1|Your turn|Command phase|WHEN: Your Command phase.¶TARGET: Your NECRONS WARLORD.¶EFFECT: For each of your NECRONS units in Reserves, that Reserves unit’s Reanimation Protocols activate.
000008555002|NEC|000000818|Hypercrypt Legion|HYPERPHASIC RECALL|Strategic Ploy|2|Either player’s turn|Shooting or Fight phase|"WHEN: Your opponent’s Shooting phase or the Fight phase, just after an enemy unit has shot or fought.¶TARGET: One NECRONS INFANTRY unit from your army that had one or more of its models destroyed as a result of the attacking unit’s attacks and one friendly MONOLITH model.¶EFFECT: Remove your INFANTRY unit from the battlefield and then set it back up anywhere on the battlefield that is wholly within 6"" of your MONOLITH model and not within Engagement Range of one or more enemy units."
000008555006|NEC|000000818|Hypercrypt Legion|DIMENSIONAL CORRIDOR|Strategic Ploy|2|Your turn|Charge phase|WHEN: Your Charge phase.¶TARGET: One NECRONS unit from your army that was set up on the battlefield this turn using the Eternity Gate ability of a MONOLITH model that started the turn on the battlefield.¶EFFECT: Your unit is eligible to charge this phase.
000008555003|NEC|000000818|Hypercrypt Legion|QUANTUM DEFLECTION|Wargear|1|Either player’s turn|Shooting or Fight phase|WHEN: Your opponent’s Shooting phase or the Fight phase, just after an enemy unit has selected its targets.¶TARGET: One NECRONS VEHICLE unit from your army that was selected as the target of one or more of the attacking unit’s attacks.¶EFFECT: Until the end of the phase, models in your unit have a 4+ invulnerable save.
000008555007|NEC|000000818|Hypercrypt Legion|ENTROPIC DAMPING|Wargear|1|Opponent’s turn|Shooting phase|"WHEN: Your opponent’s Shooting phase, just after an enemy unit has selected its targets.¶TARGET: One TITANIC model from your army that was selected as the target of one or more of the attacking unit’s attacks and is within 18"" of the attacking unit.¶EFFECT: Until the end of the phase, weapons equipped by models in the attacking unit have the [HAZARDOUS] ability."
000008551006|NEC|000000817|Obeisance Phalanx|SUFFER NO RIVAL|Battle Tactic|1|Either player’s turn|Fight phase|WHEN: Fight phase.¶TARGET: One LYCHGUARD or TRIARCH unit from your army that has not been selected to fight this phase.¶EFFECT: Until the end of the phase, melee weapons equipped by models in your unit have the [PRECISION] ability.
000008551003|NEC|000000817|Obeisance Phalanx|ENSLAVED ARTIFICE|Battle Tactic|1|Either player’s turn|Shooting or Fight phase|WHEN: Your Shooting phase or the Fight phase.¶TARGET: One NECRONS unit from your army (excluding TITANIC units) that has not been selected to shoot or fight this phase.¶EFFECT: Until the end of the phase, each time a model in your unit makes an attack, an unmodified Hit roll of 5+ scores a Critical Hit.
000008551004|NEC|000000817|Obeisance Phalanx|NANOASSEMBLY PROTOCOLS|Battle Tactic|1|Either player’s turn|Shooting or Fight phase|WHEN: Your opponent’s Shooting phase or the Fight phase, just after an enemy unit has selected its targets.¶TARGET: One NECRONS VEHICLE unit from your army that was selected as the target of one or more of the attacking unit’s attacks.¶EFFECT: Until the end of the phase, each time an attack is allocated to a model in your unit, subtract 1 from the Damage characteristic of that attack.
000008551002|NEC|000000817|Obeisance Phalanx|YOUR TIME IS NIGH|Epic Deed|1|Either player’s turn|Any phase|WHEN: Any phase, just after your opponent’s WARLORD is destroyed.¶TARGET: Your NECRONS WARLORD.¶EFFECT: Until the end of the battle, each time an enemy unit takes a Battle-shock or Leadership test, subtract 1 from the result.
000008551005|NEC|000000817|Obeisance Phalanx|SENTINELS OF ETERNITY|Epic Deed|1|Either player’s turn|Fight phase|WHEN: Fight phase, just after an enemy unit has selected its targets.¶TARGET: One LYCHGUARD or TRIARCH PRAETORIANS unit from your army that was selected as the target of one or more of the attacking unit’s attacks.¶EFFECT: Until the end of the phase, each time a model in your unit is destroyed, if that model has not fought this phase, roll one D6: on a 4+, do not remove it from play. The destroyed model can fight after the attacking model’s unit has finished making attacks, and is then removed from play.
000008551007|NEC|000000817|Obeisance Phalanx|TERRITORIAL OBSESSION|Strategic Ploy|1|Your turn|Command phase|WHEN: Your Command phase.¶TARGET: One Lychguard or Triarch unit from your army.¶EFFECT: Until the start of your next Command phase, add 1 to the Objective Control characteristic of models in your unit. If your unit has the VEHICLE keyword, add 3 to the Objective Control characteristic instead.
000010673006|NEC|000001129|Pantheon of Woe|CHRONODISTORTION|Battle Tactic|1|Either player’s turn|Fight phase|WHEN: Fight phase, just after an enemy unit has selected its targets.¶TARGET: One NECRONS unit from your army that was selected as the target of one or more of the attacking unit’s attacks.¶EFFECT: Until the end of the phase, each time a model in your unit is destroyed, if that model has not fought this phase, roll one D6, adding 1 if the attacking unit is unravelling: on a 4+, do not remove the destroyed model from play; it can fight after the attacking unit has finished making its attacks, and is then removed from play.
000010673005|NEC|000001129|Pantheon of Woe|ENTROPHASIC AURA TARGETING|Battle Tactic|1|Either player’s turn|Shooting or Fight phase|WHEN: Your Shooting phase or the Fight phase.¶TARGET: One NECRONS unit (excluding Monsters) from your army that has not been selected to shoot or fight this phase.¶EFFECT: Until the end of the phase, each time a model in your unit makes an attack that targets an enemy unit, re-roll a Hit roll of 1. If the target of that attack is unravelling, re-roll a Wound roll of 1 as well.
000010673004|NEC|000001129|Pantheon of Woe|MASS TRANSMOGRIFICATION|Epic Deed|1|Either player’s turn|Shooting or Fight phase|"WHEN: Your Shooting phase or the Fight phase, just after a Necrons Monster unit from your army destroys an enemy unit.¶TARGET: One friendly NECRONS unit (excluding Monsters) within 6"" of that MONSTER unit.¶EFFECT: If that enemy unit was unravelling at the start of the phase, your friendly unit’s Reanimation Protocols activate.¶RESTRICTIONS: You can only use this Stratagem once per turn."
000010673002|NEC|000001129|Pantheon of Woe|DISHARMONISATION CASCADE|Epic Deed|1|Either player’s turn|Any phase|WHEN: Any phase, just after a Necrons Monster model from your army is destroyed, before making its Deadly Demise roll.¶TARGET: That NECRONS MONSTER model. You can use this Stratagem on that model even though it was just destroyed.¶EFFECT: Until the end of the phase, your model’s Deadly Demise ability inflicts mortal wounds on a D6 roll of 3+ instead of on a 6.
000010673007|NEC|000001129|Pantheon of Woe|PHASE MELDING|Strategic Ploy|1|Opponent’s turn|Movement phase|WHEN: Your opponent’s Movement phase, when an unravelling enemy unit is selected to Fall Back.¶TARGET: One NECRONS unit from your army that is within Engagement Range of that enemy unit.¶EFFECT: When that enemy unit Falls Back, all models in that enemy unit must take a Desperate Escape test. When doing so, if that enemy unit is Battle-shocked, subtract 1 from each of those tests.
000010673003|NEC|000001129|Pantheon of Woe|MOLECULAR EROSION|Strategic Ploy|1|Either player’s turn|Command phase|WHEN: Command phase.¶TARGET: One Necrons Monster unit from your army.¶EFFECT: Select one unravelling enemy unit visible to your unit. That enemy unit must take a Battle-shock test. When doing so, subtract 1 from the result. If that test is failed, that enemy unit suffers D3+1 mortal wounds.¶RESTRICTIONS: You can only use this Stratagem once per battle round.
000010888002|NEC|000001192|Skyshroud Spearhead|OMNILOCKED STRAFING||1|Your turn|Movement phase|WHEN: Your Movement phase, when a friendly NECRONS MOUNTED unit is selected to make a fall-back move.¶TARGET: That NECRONS MOUNTED unit.¶EFFECT: That move does not prevent your unit from being eligible to shoot.
000010888003|NEC|000001192|Skyshroud Spearhead|SWIFT AS DEATH||1|Opponent’s turn|Movement phase|"WHEN: Your opponent’s Movement phase, when an enemy unit ends a move within 8"" of a friendly unengaged NECRONS MOUNTED unit.¶TARGET: That NECRONS MOUNTED unit.¶EFFECT: Your unit can make a normal move of up to D3+3""."
000010888004|NEC|000001192|Skyshroud Spearhead|EVASIVE PROTOCOLS||1|Opponent’s turn|Shooting phase|WHEN: Your opponent’s Shooting phase, when an enemy unit targets a friendly NECRONS MOUNTED unit.¶TARGET: That NECRONS MOUNTED unit.¶EFFECT: Ranged attacks that target your unit with a S greater than your unit’s T have -1 to wound rolls.
000009750003|NEC|000000985|Starshatter Arsenal|UNYIELDING FORMS|Battle Tactic|2|Either player’s turn|Shooting or Fight phase|WHEN: Your opponent’s Shooting phase or the Fight phase, just after an enemy unit has selected its targets.¶TARGET: One Necrons Vehicle or Necrons Mounted unit (excluding Titanic units) from your army that was selected as the target of one or more of the attacking unit’s attacks.¶EFFECT: Until the end of the phase, each time an attack targets a model in your unit, if the Strength characteristic of that attack is greater than the Toughness characteristic of that unit, subtract 1 from the Wound roll.
000009750002|NEC|000000985|Starshatter Arsenal|MERCILESS RECLAMATION|Battle Tactic|2|Either player’s turn|Shooting or Fight phase|WHEN: Your Shooting phase or the Fight phase.¶TARGET: One NECRONS unit (excluding Monster and Titanic units) from your army that has not been selected to shoot or fight this phase.¶EFFECT: Until the end of the phase, each time a model in your unit makes an attack, if the target of that attack is within range of one or more objective markers, add 1 to the Wound roll.
000009750004|NEC|000000985|Starshatter Arsenal|CHRONOSHIFT|Strategic Ploy|1|Your turn|Movement phase|"WHEN: Your Movement phase.¶TARGET: One Necrons Vehicle or Necrons Mounted unit (excluding Titanic units) from your army that has not been selected to move this phase.¶EFFECT: Until the end of the phase, if your unit Advances, do not make an Advance roll for it. Instead, until the end of the phase, add 6"" to the Move characteristic of models in your unit."
000009750005|NEC|000000985|Starshatter Arsenal|DIMENSIONAL TUNNEL|Strategic Ploy|1|Your turn|Movement phase|WHEN: Your Movement phase.¶TARGET: One Necrons Vehicle or Necrons Mounted unit (excluding Titanic units) from your army.¶EFFECT: Until the end of the phase, models in your unit can move horizontally through models and terrain features.
000009750006|NEC|000000985|Starshatter Arsenal|ENDLESS SERVITUDE|Strategic Ploy|1|Your turn|Fight phase|WHEN: End of your Fight phase.¶TARGET: One NECRONS unit (excluding Monster and Titanic units) from your army that is within range of one or more objective markers you control.¶EFFECT: Your unit’s Reanimation Protocols activate.
000009750007|NEC|000000985|Starshatter Arsenal|REACTIVE REPOSITION|Strategic Ploy|1|Opponent’s turn|Shooting phase|"WHEN: Your opponent’s Shooting phase, just after an enemy unit has shot.¶TARGET: One NECRONS unit from your army (excluding Monster and Titanic units) that was the target of one or more of the attacking unit’s attacks.¶EFFECT: Your unit can make a Normal move of up to D6""."
000010892002|NEC|000001193|The Phaeron's Armoury|SUBSURFACE QUANTUMWEAVE||1|Either player’s turn|Shooting or Fight phase|WHEN: Your opponent’s Shooting phase or the Fight phase, when an enemy unit targets a friendly NECRONS TITANIC FLY unit.¶TARGET: That NECRONS TITANIC FLY unit.¶EFFECT: Attacks that target your unit have -1 AP until that enemy unit has attacked.
000010892003|NEC|000001193|The Phaeron's Armoury|PARTICLE PULSE||1|Your turn|Shooting phase|"WHEN: Start of your Shooting phase.¶TARGET: One friendly NECRONS TITANIC FLY unit.¶EFFECT: Select one visible enemy unit within 12"" of your unit. That enemy unit has +3"" detection range."
000010892004|NEC|000001193|The Phaeron's Armoury|COSMIC STORM||1|Your turn|Shooting phase|WHEN: Your Shooting phase, when a friendly OBELISK/TESSERACT VAULT unit is selected to shoot.¶TARGET: That OBELISK/TESSERACT VAULT unit.¶EFFECT: Your unit’s Tesla Sphere weapons have +1 AP.
000010800003|ORK|000001152|Blitz Brigade|READIED BRAWLERS||1|Your turn|Movement phase|WHEN: Your Movement phase, when a friendly Wagon unit ends a normal move.¶TARGET: That WAGON unit.¶EFFECT: Units embarked within your unit can make an assault disembark move.
000010800004|ORK|000001152|Blitz Brigade|IMPENDING KRUNCH||1|Your turn|Charge phase|WHEN: Your Charge phase, when a friendly Wagon unit ends a charge move.¶TARGET: That WAGON unit.¶EFFECT: Each enemy unit engaged with your unit makes a battle-shock roll, with -1 to that battle-shock roll.
000010800002|ORK|000001152|Blitz Brigade|KEEP IT RUNNIN'||1|Either player’s turn|Fight phase|"WHEN: End of the Fight phase.¶TARGET: One friendly unengaged Orks Infantry unit that was eligible to fight this phase and is wholly within 6"" of a friendly Transport unit that INFANTRY unit is able to embark within.¶EFFECT: Your INFANTRY unit embarks within that TRANSPORT unit."
000011156004|ORK|000000857|Bully Boyz|HULKING BRUTES||1|Opponent’s turn|Shooting phase|WHEN: Your opponent’s Shooting phase, when an enemy unit targets a friendly Meganobz/Nobz unit.¶TARGET: That MEGANOBZ/NOBZ unit.¶EFFECT: Ranged attacks that target your unit with a S greater than your unit’s T have -1 to wound rolls.¶+1CPOr: Ranged attacks that target your unit have -1 to wound rolls.
000011156002|ORK|000000857|Bully Boyz|TOO ARROGANT TO DIE||1|Either player’s turn|Fight phase|WHEN: Fight phase, when an enemy unit targets a friendly Meganobz/Nobz unit.¶TARGET: That MEGANOBZ/NOBZ unit.¶EFFECT: When a model in your unit is destroyed, if your unit has not been selected to fight this phase, roll one D6, with +1 to that roll if your unit is riled up:¶• On a 4+, do not remove that model from the battlefield. When your unit has fought, or at the end of the phase (whichever comes first), that model is removed from the battlefield.
000011156003|ORK|000000857|Bully Boyz|ARMED TO DA TEEF||1|Either player’s turn|Shooting or Fight phase|WHEN: Your Shooting phase or the Fight phase, when a friendly Meganobz/Nobz unit is selected to attack.¶TARGET: That MEGANOBZ/NOBZ unit.¶EFFECT: Your unit’s attacks can:¶• Re-roll hit rolls of 1.¶• If your unit is riled up, re-roll hit rolls.
000008869003|ORK|000000853|Da Big Hunt|GOADED INTO ACTION||1|Opponent’s turn|Shooting phase|"WHEN: Your opponent’s Shooting phase, when an enemy unit has shot.¶TARGET: One friendly unengaged Beast Snagga unit that lost a wound as a result of those attacks.¶EFFECT: Your unit can make a surge move of up to D6"". If your unit is riled up, it can re-roll that D6."
000008869004|ORK|000000853|Da Big Hunt|INSTINCTIVE HUNTERS||1|Opponent’s turn|Fight phase|"WHEN: End of your opponent’s Fight phase.¶TARGET: One friendly unengaged Beast Snagga unit within 6"" of a battlefield edge.¶EFFECT: Place your unit in strategic reserves."
000008869002|ORK|000000853|Da Big Hunt|WHERE D'YA FINK YOU'RE GOING?||1|Opponent’s turn|Movement phase|WHEN: Your opponent’s Movement phase, when an enemy unit is selected to make a fall-back move, if that enemy unit is engaged with a friendly Beast Snagga unit.¶TARGET: That BEAST SNAGGA unit.¶EFFECT: When an enemy unit engaged with your unit is selected to make a fall-back move, that enemy unit must use the desperate escape mode. If that enemy unit is a MONSTER/VEHICLE unit, that enemy unit makes three additional hazard rolls for each BEAST SNAGGA unit it is engaged with, with -1 from those hazard rolls if that enemy unit is battle-shocked.
000008878002|ORK|000000855|Dread Mob|CRAZED RAMPAGE||1|Either player’s turn|Fight phase|WHEN: Fight phase, when an enemy unit targets a friendly Orks Walker unit (excluding Titanic units).¶TARGET: That ORKS WALKER unit.¶EFFECT: When a model in your unit is destroyed, if your unit has not been selected to fight this phase, roll one D6, with +3 to the result if your unit has Deff Dread:¶• On a 4+, do not remove that model from the battlefield. When your unit has fought, or at the end of the phase (whichever comes first), that model is removed from the battlefield.
000008878004|ORK|000000855|Dread Mob|STOMPING JUGGERNAUT||1|Your turn|Movement or Charge phase|WHEN: Your Movement/Charge phase, when a friendly Orks Walker unit is selected to move or declares a charge.¶TARGET: That ORKS WALKER unit.¶EFFECT: Your unit has MOBILE.
000008878003|ORK|000000855|Dread Mob|DREAD POWER||1|Your turn|Movement phase|WHEN: Your Movement phase.¶TARGET: One friendly Orks Walker unit.¶EFFECT: Your unit is riled up until the start of your next turn.
000011152004|ORK|000001227|Flyboyz|WHIRLIGIG EVASION||1|Opponent’s turn|Movement phase|"WHEN: Your opponent’s Movement phase, when an enemy unit ends a move.¶TARGET: One friendly unengaged Deffkoptas unit within 8"" of that enemy unit.¶EFFECT: Your unit can make a normal move of:¶• Up to D6"".¶• Or: If your unit is riled up, up to 6""."
000011152002|ORK|000001227|Flyboyz|FLYIN' HEADBUTT||1|Either player’s turn|Any phase|"WHEN: Any phase, when a friendly Orks Aircraft unit is destroyed, before rolling for any Deadly Demise.¶TARGET: That ORKS unit.¶EFFECT: Your unit does not have the Deadly Demise ability. Select one enemy unit within 12"" of your unit and roll eight D6:¶• For each 4+, that enemy unit suffers 1 mortal wound.¶Then remove your unit from the battlefield."
000011152003|ORK|000001227|Flyboyz|LONG, UNCONTROLLED BURSTS||1|Your turn|Shooting phase|WHEN: Your Shooting phase, when a friendly Orks Aircraft/Deffkoptas unit is selected to shoot.¶TARGET: That ORKS AIRCRAFT/DEFFKOPTAS unit.¶EFFECT: When your unit’s ranged attacks target a FLY unit, those attacks can re-roll hit rolls.
000008882002|ORK|000000856|Green Tide|UNBRIDLED CARNAGE||1|Either player’s turn|Charge or Fight phase|WHEN: Fight phase, when a friendly Boyz unit that made a charge move this turn is selected to fight.¶TARGET: That BOYZ unit.¶EFFECT: Your unit’s melee attacks have +1 A.
000008882004|ORK|000000856|Green Tide|'ERE WE GO||1|Your turn|Movement phase|WHEN: Your Movement phase, when a friendly Beast Snagga Boyz/Boyz unit is selected to move.¶TARGET: That BEAST SNAGGA BOYZ/BOYZ unit.¶EFFECT: Your unit has +2 to advance rolls.
000008882003|ORK|000000856|Green Tide|MOB MENTALITY||1|Your turn|Command phase|"WHEN: Start of the Battle-shock step of your Command phase.¶TARGET: One friendly Orks Infantry unit of 13+ models.¶EFFECT: Select one visible friendly ORKS unit within 12"" of your unit. That unit’s battle-shock rolls are automatically successful."
000008873002|ORK|000000854|Kult of Speed|DELICIOUS EATING SQUIGS||1|Your turn|Movement phase|"WHEN: Your Movement phase.¶TARGET: One friendly Rukkatrukk Squigbuggies unit.¶EFFECT: Select any number of friendly Orks Infantry units within 3"" of your unit. Each selected unit heals 3 wounds."
000008873003|ORK|000000854|Kult of Speed|DAKKASTORM||1|Your turn|Shooting phase|WHEN: Your Shooting phase, when a friendly Speed Freeks unit is selected to shoot.¶TARGET: That SPEED FREEKS unit.¶EFFECT: Your unit’s ranged attacks have [Sustained Hits 1].
000008873004|ORK|000000854|Kult of Speed|SPEEDIEST FREEKS||1|Opponent’s turn|Shooting phase|WHEN: Your opponent’s Shooting phase, when an enemy unit targets a friendly Speed Freeks unit.¶TARGET: That SPEED FREEKS unit.¶EFFECT: Ranged attacks that target your unit fail on an unmodified hit roll of 1-3.
000011145002|ORK|000001225|Madcap Meks|VINDICTIVE ARTILLERISTS||1|Your turn|Shooting phase|WHEN: Your Shooting phase, when a friendly Mek Gunz unit is selected to shoot.¶TARGET: That MEK GUNZ unit.¶EFFECT: Your unit’s ranged attacks have:¶• [Lethal Hits].¶• Or: [Sustained Hits 1].¶• Or: [Hazardous], [Lethal Hits], [Sustained Hits 1].
000011137003|ORK|000001223|Runt Swarm|SCARPER!||1|Opponent’s turn|Movement phase|"WHEN: Your opponent’s Movement phase, when an enemy unit ends a move within 8"" of a friendly unengaged Gretchin unit.¶TARGET: That GRETCHIN unit.¶EFFECT: Your unit can make a normal move of:¶• Up to D6"".¶• Or: Up to 6"" instead if your unit is an attached unit."
000011137002|ORK|000001223|Runt Swarm|INFESTED WAR ZONE||2|Either player’s turn|Any phase|WHEN: Any phase, when an enemy unit has attacked.¶TARGET: One friendly Gretchin unit that was just destroyed. You can target that unit with this stratagem even though that unit was just destroyed.¶EFFECT: Add a new GRETCHIN unit to your army identical to your destroyed unit, in strategic reserves, at its starting strength, with its full wounds remaining.
000011137004|ORK|000001223|Runt Swarm|GROT SHIELDS||1|Opponent’s turn|Shooting phase|"WHEN: Your opponent’s Shooting phase, when an enemy unit targets a friendly Orks Infantry unit (excluding Gretchin units).¶TARGET: One friendly Gretchin unit within 3"" of that ORKS INFANTRY unit.¶EFFECT: When a hit roll for that enemy unit’s ranged attacks that target that ORKS unit results in a hit, if a model in your GRETCHIN unit is on the battlefield, end the attack sequence for that attack and your GRETCHIN unit suffers 1 mortal wound."
000011141003|ORK|000001224|Shoota Boyz|GLOWIN' DAKKA||1|Your turn|Shooting phase|"WHEN: Your Shooting phase, when a friendly Orks Infantry unit is selected to shoot.¶TARGET: That ORKS INFANTRY unit.¶EFFECT: Your unit’s ranged attacks that target a unit within 9"" have +1 AP."
000011141004|ORK|000001224|Shoota Boyz|NEVER ENOUGH DAKKA||1|Your turn|Shooting phase|WHEN: Your Shooting phase, when a friendly Orks Infantry unit is selected to shoot.¶TARGET: That ORKS INFANTRY unit.¶EFFECT: Your unit’s ranged attacks have [Sustained Hits 1].
000011141002|ORK|000001224|Shoota Boyz|KUSTOM DAKKA||1|Your turn|Shooting phase|WHEN: Your Shooting phase, when a friendly Orks Infantry unit is selected to shoot.¶TARGET: That ORKS INFANTRY unit.¶EFFECT: Your unit’s ranged attacks that target a unit (excluding MONSTER/VEHICLE units) have +1 to wound rolls.
000009796004|ORK|000000995|Taktikal Brigade|WHILE THEIR BACKS ARE TURNED||1|Opponent’s turn|Movement phase|"WHEN: End of your opponent’s Movement phase.¶TARGET: One friendly unengaged Boyz/Kommandos/Stormboyz unit that was engaged at the start of the phase.¶EFFECT: Your unit can make a normal move of up to 6""."
000009796003|ORK|000000995|Taktikal Brigade|MIND MOSTLY ON THE MISSION||1|Your turn|Movement phase|WHEN: Your Movement phase, when a friendly Boyz/Kommandos/Stormboyz unit is selected to make an advance/fall-back move.¶TARGET: That BOYZ/KOMMANDOS/STORMBOYZ unit.¶EFFECT: That move does not prevent your unit from being eligible to start an action.
000009796002|ORK|000000995|Taktikal Brigade|DUBIOUS RESTRAINT||1|Your turn|Movement phase|WHEN: Start/end of your Movement phase.¶TARGET: One friendly Boyz/Kommandos/Stormboyz unit.¶EFFECT: Select one objective your unit is controlling. That objective is secured.
000008366005|ORK|000000852|War Horde|MOW 'EM DOWN||1|Either player’s turn|Charge or Fight phase|WHEN: Fight phase, when a friendly Orks Vehicle unit (excluding Walker units) that made a charge move this turn is selected to fight.¶TARGET: That ORKS VEHICLE unit.¶EFFECT: Your unit’s melee attacks have:¶• [Cleave 1].¶• Or: If that attack already has [CLEAVE], +1 to the value of that [CLEAVE] (e.g. [CLEAVE 1] becomes [CLEAVE 2]).
000008366006|ORK|000000852|War Horde|FUNGUS-FUEL INJECTION||1|Your turn|Movement phase|"WHEN: Your Movement phase, when a friendly Orks mounted/vehicle unit is selected to move.¶TARGET: That ORKS MOUNTED/VEHICLE unit.¶EFFECT: Your unit has +2"" M."
000008366007|ORK|000000852|War Horde|CLOSE-RANGE DAKKA||1|Your turn|Shooting phase|WHEN: Your Shooting phase, when a friendly ORKS unit is selected to shoot.¶TARGET: That ORKS unit.¶EFFECT: Your unit’s ranged attacks have:¶• [Rapid Fire 1].¶• Or: If that attack already has [RAPID FIRE], +1 to the value of that [RAPID FIRE] (e.g. [RAPID FIRE 1] becomes [RAPID FIRE 2]).
000008366003|ORK|000000852|War Horde|HIT 'EM HARDER||1|Either player’s turn|Fight phase|WHEN: Fight phase, when a friendly ORKS unit is selected to fight.¶TARGET: That ORKS unit.¶EFFECT: Your unit’s melee attacks have [Lethal Hits].
000008366004|ORK|000000852|War Horde|ORKS IS NEVER BEATEN||1|Either player’s turn|Fight phase|WHEN: Fight phase, when an enemy unit targets a friendly ORKS unit (excluding Titanic units).¶TARGET: That ORKS unit.¶EFFECT: When a model in your unit is destroyed, if your unit has not been selected to fight this phase, roll one D6, with +1 to that roll if your unit is riled up:¶• On a 4+, do not remove that model from the battlefield. When your unit has fought, or at the end of the phase (whichever comes first), that model is removed from the battlefield.
000008366002|ORK|000000852|War Horde|BREAKIN' HEADS||1|Either player’s turn|Any phase|WHEN: Any phase, when a friendly attached Orks Infantry unit becomes battle-shocked.¶TARGET: That ORKS INFANTRY unit. You can target that unit with this stratagem even though it is battle-shocked.¶EFFECT: Roll one D3:¶• Your unit suffers a number of mortal wounds equal to the result.¶• Your unit is no longer battle-shocked.
000011133002|ORK|000001222|Wreckas|DRIVE-BY BUSTIN'||1|Your turn|Shooting phase|WHEN: Your Shooting phase, when a friendly Orks Transport unit is selected to shoot.¶TARGET: That ORKS TRANSPORT unit.¶EFFECT: Your unit’s ranged attacks with weapons selected for the Firing Deck ability have +1 to hit rolls.
000011133003|ORK|000001222|Wreckas|GRAB IT||1|Your turn|Shooting phase|"WHEN: Your Shooting phase, when a friendly unengaged Breaka Boyz/Flash Gitz/Tankbustas unit has shot.¶TARGET: That BREAKA BOYZ/FLASH GITZ/TANKBUSTAS unit.¶EFFECT:¶• Your unit can make a normal move of up to 6"", and must end that move within range of an objective.¶• Your unit is not eligible to declare a charge until the end of the turn."
000011133004|ORK|000001222|Wreckas|GUN-CRAZY SHOW-OFFS||1|Opponent’s turn|Shooting phase|WHEN: Your opponent’s Shooting phase, when an enemy unit has shot.¶TARGET: One friendly Flash Gitz/Tankbustas unit hit by those attacks.¶EFFECT: Your unit shoots using normal shooting, but while doing so your unit can only target that enemy unit.
000011005004|QI|000001219|Dominus Foebreakers|FIRE SHOCKED||1|Your turn|Shooting phase|WHEN: Your Shooting phase, when a friendly IMPERIAL KNIGHTS DOMINUS unit has shot.¶TARGET: That IMPERIAL KNIGHTS DOMINUS unit.¶EFFECT: Select one enemy unit hit by those attacks. That enemy unit makes a battle-shock roll, with -1 to that battle-shock roll.
000011005003|QI|000001219|Dominus Foebreakers|FOEBREAKER FIRESTORM||1|Your turn|Shooting phase|WHEN: Your Shooting phase, when a friendly engaged IMPERIAL KNIGHTS DOMINUS unit is selected to shoot.¶TARGET: That IMPERIAL KNIGHTS DOMINUS unit.¶EFFECT: Your unit’s [BLAST] ranged attacks:¶• Do not have [BLAST].¶• Have +1 A.
000011005002|QI|000001219|Dominus Foebreakers|GROUND-SHAKING STRIDES||1|Your turn|Movement phase|"WHEN: Your Movement phase, when a friendly IMPERIAL KNIGHTS DOMINUS unit is selected to move.¶TARGET: That IMPERIAL KNIGHTS DOMINUS unit.¶EFFECT: Your unit has +2"" M."
000010756003|QI|000001145|Freeblade Company|STRENGTH FROM EXILE|Battle Tactic|1|Either player’s turn|Shooting or Fight phase|"WHEN: Your Shooting phase or the Fight phase.¶TARGET: One Imperial Knights unit from your army that has not been selected to shoot or fight this phase.¶EFFECT: Until the end of the phase, each time a model in your unit makes an attack, if there are no other friendly units within 9"" of your unit, re-roll a Hit roll of 1 and re-roll a Wound roll of 1."
000010756002|QI|000001145|Freeblade Company|NOBLE SACRIFICE|Epic Deed|1|Either player’s turn|Any phase|WHEN: Any phase.¶TARGET: One Imperial Knights unit from your army that was just destroyed. You can target that unit with this Stratagem even though it was just destroyed.¶EFFECT: Your unit’s Deadly Demise ability inflicts mortal wounds on a D6 roll of 4+, adding 1 to the result if it is an Armiger unit, instead of only a 6.
000010756006|QI|000001145|Freeblade Company|SURVIVOR OF STRIFE|Epic Deed|1|Opponent’s turn|Shooting phase|WHEN: Your opponent’s Shooting phase, just after an enemy unit has selected its targets.¶TARGET: One Imperial Knights unit from your army that was selected as the target of one or more of the attacking unit’s attacks.¶EFFECT: Until the end of the phase, each time an attack targets your unit, if the Strength characteristic of that attack is greater than the Toughness characteristic of your unit, subtract 1 from the Wound roll.
000010756007|QI|000001145|Freeblade Company|FLANKING MANOEUVRES|Strategic Ploy|1|Opponent’s turn|Fight phase|"WHEN: End of your opponent’s Fight phase.¶TARGET: One Armiger unit from your army that is within 9"" of one or more battlefield edges and not within Engagement Range of one or more enemy units.¶EFFECT: Remove your unit from the battlefield and place it into Strategic Reserves."
000010756005|QI|000001145|Freeblade Company|POINT‑BLANK BARRAGE|Strategic Ploy|1|Your turn|Shooting phase|WHEN: Your Shooting phase.¶TARGET: One Imperial Knights unit from your army that has not been selected to shoot this phase.¶EFFECT: Until the end of the phase, when making ranged attacks with Blast weapons, models in your unit can target enemy units within Engagement Range of your unit (provided no other friendly units are also within Engagement Range of that enemy unit). In addition, until the end of the phase, your unit does not suffer the penalty to its Hit rolls for being within Engagement Range of one or more enemy units, but each time a model in your unit makes an attack with a Blast weapon that targets a unit within Engagement Range of your unit, on an unmodified Hit roll of 1, your unit suffers 1 mortal wound after all of its attacks have been resolved.
000010756004|QI|000001145|Freeblade Company|FULL TILT|Wargear|1|Your turn|Movement phase|"WHEN: Your Movement phase.¶TARGET: One Imperial Knights unit from your army.¶EFFECT: Until the end of the phase, if your unit Advances, do not make an Advance roll for it. Instead, until the end of the phase, add 6"" to the Move characteristic of models in your unit, or 9"" instead if your unit is an Armiger or Destrier unit."
000010498002|QI|000001107|Gate Warden Lance|DRIVE THEM OUT!|Battle Tactic|1|Either player’s turn|Shooting phase|WHEN: Your Shooting phase or the Fight phase.¶TARGET: One Imperial Knights unit from your army that has not been selected to shoot or fight this phase.¶EFFECT: Until the end of the phase, each time a model in your unit makes an attack that targets an enemy unit on your defensive line, an unmodified Hit roll of 5+ scores a Critical Hit.
000010498004|QI|000001107|Gate Warden Lance|STEADFAST SUPERIORITY|Battle Tactic|1|Either player’s turn|Fight phase|WHEN: Fight phase.¶TARGET: One Imperial Knights unit from your army that is within Engagement Range of one or more enemy units, that is on your defensive line and that has not already been selected to fight this phase.¶EFFECT: Until the end of the phase, each time a model in your unit makes an attack, you can re-roll the Hit roll.
000010498005|QI|000001107|Gate Warden Lance|MARSHAL THE DEFENCE|Battle Tactic|1|Your turn|Movement phase|"WHEN: Your Movement phase.¶TARGET: Up to two Imperial Knights units from your army that have not been selected to move this phase.¶EFFECT: Until the end of the phase, add 3"" to the Move characteristic of models in your units."
000010498006|QI|000001107|Gate Warden Lance|TITANIC BOMBARDMENT|Battle Tactic|1|Your turn|Shooting phase|WHEN: Your Shooting phase.¶TARGET: One Imperial Knights Titanic unit from your army that Remained Stationary this turn, that is on your defensive line and that has not been selected to shoot this phase.¶EFFECT: Until the end of the phase, ranged weapons equipped by models in your unit have the [SUSTAINED HITS 2] ability.
000010498007|QI|000001107|Gate Warden Lance|FORTRESS OF INTIMIDATION|Epic Deed|1|Opponent’s turn|Charge phase|WHEN: Start of your opponent’s Charge phase.¶TARGET: One Imperial Knights Titanic unit from your army that is on your defensive line.¶EFFECT: Until the end of the phase, each time an enemy unit selects your unit as a target of a charge, that unit must take a Battle-shock test, subtracting 1 from the result.
000010498003|QI|000001107|Gate Warden Lance|LANCEBREAKER|Strategic Ploy|1|Either player’s turn|Fight phase|WHEN: Fight phase, just after an enemy unit has selected its targets.¶TARGET: One Imperial Knights unit from your army that was selected as the target of one or more of the attacking unit’s attacks and is on your defensive line.¶EFFECT: Until the end of the phase, each time an attack targets your unit, if the Strength characteristic of that attack is greaterthan the Toughness characteristic of your unit, subtract 1 from the Wound roll
000009762002|QI|000000988|Questor Forgepact|OMNISSIAH’S GRACE||1|Either player’s turn|Any phase|WHEN: Any phase, when a friendly IMPERIAL KNIGHTS unit suffers a mortal wound.¶TARGET: That IMPERIAL KNIGHTS unit.¶EFFECT: Your unit has Feel No Pain 5+ against mortal wounds.
000009762003|QI|000000988|Questor Forgepact|VENGEANCE OF THE MACHINE CULT||1|Either player’s turn|Any phase|WHEN: Any phase, when a friendly IMPERIAL KNIGHTS TITANIC unit is destroyed by an enemy unit.¶TARGET: One friendly ADEPTUS MECHANICUS unit.¶EFFECT: That enemy unit is marked until the end of the battle:¶• While a unit is marked, friendly ADEPTUS MECHANICUS units’ attacks that target that unit can re-roll wound rolls.
000009762004|QI|000000988|Questor Forgepact|IN THE SHADOW OF GIANTS||1|Your turn|Movement phase|WHEN: Your Movement phase, when a friendly ADEPTUS MECHANICUS unit is selected to make an advance/fall-back move.¶TARGET: That ADEPTUS MECHANICUS unit.¶EFFECT: That move does not prevent your unit from being eligible to start an action.
000010503006|QI|000001108|Questoris Companions|UNSTOPPABLE WARRIOR|Epic Deed|2|Your turn|Movement phase|WHEN: Your Movement phase, just after an Imperial Knights Titanic unit from your army Falls Back.¶TARGET: That IMPERIAL KNIGHTS TITANIC unit.¶EFFECT: Until the end of the turn, your unit is eligible to shoot and declare a charge in a turn in which it Fell Back.
000010503004|QI|000001108|Questoris Companions|MOMENT OF GLORY|Epic Deed|1|Either player’s turn|Fight phase|"WHEN: Fight phase, just before an Imperial Knights Titanic unit from your army Consolidates.¶TARGET: That IMPERIAL KNIGHTS TITANIC unit.¶EFFECT: Until the end of the phase, each time your unit Consolidates, models in it can move an additional 3"" provided your unit can end that move within Engagement Range of one or more enemy units."
000010503003|QI|000001108|Questoris Companions|TITANIC DUEL|Epic Deed|1|Either player’s turn|Shooting or Fight phase|WHEN: Your Shooting phase or the Fight phase.¶TARGET: One Imperial Knights Titanic model from your army that has not been selected to shoot or fight this phase.¶EFFECT: Until the end of the phase, each time your model makes an attack that targets a MONSTER, TITANIC or WALKER unit, add 1 to the Hit roll and add 1 to the Wound roll.
000010503002|QI|000001108|Questoris Companions|COURAGEOUS STAND|Epic Deed|1|Either player’s turn|Shooting or Fight phase|WHEN: Your opponent’s Shooting phase or the Fight phase, just after an enemy unit has selected its targets.¶TARGET: One Imperial Knights Titanic unit from your army that was selected as the target of one or more of the attacking unit’s attacks.¶EFFECT: Until the end of the phase, models in your unit have the Feel No Pain 6+ ability.
000010503005|QI|000001108|Questoris Companions|HERO’S TREAD|Epic Deed|1|Your turn|Command phase|WHEN: End of your Command phase.¶TARGET: One Imperial Knights Titanic model from your army that is within range of an objective marker you control.¶EFFECT: Your Level of Control over that objective marker is 5 (unless it would otherwise be higher), until your opponent’s Level of Control over that objective marker is greater than yours at the end of a phase.
000010503007|QI|000001108|Questoris Companions|DRIVEN BY THE PAST|Epic Deed|1|Your turn|Charge phase|WHEN: Your Charge phase.¶TARGET: One Imperial Knights Titanic unit from your army.¶EFFECT: Until the end of the turn, your unit is eligible to declare a charge in a turn in which it Advanced.
000010507003|QI|000001109|Spearhead-At-Arms|EXEMPLAR’S WISDOM|Battle Tactic|1|Your turn|Shooting phase|WHEN: Your Shooting phase, just after an Imperial Knights Titanic model from your army has shot.¶TARGET: That IMPERIAL KNIGHTS TITANIC model, and one or more friendly Armiger models affected by that model’s Bondsman ability.¶EFFECT: Select one enemy unit hit by one or more of those attacks. Until the end of the phase, each time one of your ARMIGER models makes an attack that targets that enemy unit, improve the Armour Penetration characteristic of that attack by 1.
000010507002|QI|000001109|Spearhead-At-Arms|VIRTUE OF COURAGE|Battle Tactic|1|Either player’s turn|Fight phase|WHEN: Start of the Fight phase.¶TARGET: One Armiger model from your army, or one Imperial Knights Titanic model from your army, and one or more friendly ARMIGER models affected by that model’s Bondsman ability.¶EFFECT: Select one enemy unit. Until the end of the phase, each time one of your ARMIGER models makes an attack that targets that enemy unit, add 1 to the Hit roll.
000010507005|QI|000001109|Spearhead-At-Arms|THIN THEIR RANKS|Battle Tactic|1|Your turn|Shooting phase|WHEN: Start of your Shooting phase.¶TARGET: One Armiger model from your army, or one Imperial Knights Titanic model from your army, and one or more friendly ARMIGER models affected by that model’s Bondsman ability.¶EFFECT: Until the end of the phase, ranged weapons equipped by your ARMIGER models have the [RAPID FIRE 1] ability.
000010507006|QI|000001109|Spearhead-At-Arms|LET DUTY BE YOUR SHIELD|Epic Deed|1|Opponent’s turn|Shooting phase|WHEN: Your opponent’s Shooting phase, just after an enemy unit has selected its targets.¶TARGET: One Armiger unit from your army that was selected as the target of one or more of the attacking units attacks.¶EFFECT: Until the attacking unit has finished making its attacks, each time an attack targets your unit, worsen the Armour Penetration characteristic of that attack by 1.
000010507004|QI|000001109|Spearhead-At-Arms|MANTLE OF THE MENTOR|Strategic Ploy|1|Your turn|Shooting phase|WHEN: Start of your Shooting phase.¶TARGET: One Armiger model from your army, or one Imperial Knights Titanic model from your army, and one or more friendly ARMIGER models affected by that model’s Bondsman ability.¶EFFECT: Until the end of the phase, your ARMIGER models are eligible to shoot in a turn in which they Fell Back.
000010507007|QI|000001109|Spearhead-At-Arms|SQUIRES OFTHE HUNT|Strategic Ploy|1|Opponent’s turn|Fight phase|"WHEN: End of your opponent’s Fight phase.¶TARGET: One Armiger model from your army, or one Imperial Knights Titanic model from your army, and one or more friendly ARMIGER models affected by that model’s Bondsman ability.¶EFFECT: For each of your ARMIGER models that is within 9"" of one or more battlefield edges and not within Engagement Range of one or more enemy units, remove that ARMIGER model from the battlefield and place it into Strategic Reserves."
000011009002|QI|000001167|Throne-Bonded Outriders|NEURAL LASH||1|Either player’s turn|Command phase|"WHEN: Command phase.¶TARGET: One friendly IMPERIAL KNIGHTS TITANIC unit.¶EFFECT: Select one friendly battle-shocked ARMIGER unit within 12"" of your unit. That ARMIGER unit is no longer battle-shocked."
000011009003|QI|000001167|Throne-Bonded Outriders|HELM CONDITIONING||1|Your turn|Command phase|"WHEN: Your Command phase, when a friendly IMPERIAL KNIGHTS unit uses a Bondsman ability.¶TARGET: That IMPERIAL KNIGHTS unit.¶EFFECT: When selecting an ARMIGER model for that Bondsman ability, you can select one within 18"" of your unit (excluding models already affected by a Bondsman ability)."
000011009004|QI|000001167|Throne-Bonded Outriders|HONOURED TO SERVE||1|Your turn|Shooting phase|WHEN: Your Shooting phase, when a friendly ARMIGER unit has shot.¶TARGET: That ARMIGER unit.¶EFFECT: Those attacks do not prevent your unit from being eligible to start an action.
000010494003|QI|000001106|Valourstrike Lance|THUNDERSTOMP|Battle Tactic|1|Either player’s turn|Fight phase|WHEN: Fight phase.¶TARGET: One Imperial Knights model from your army that has not been selected to fight this phase.¶EFFECT: Until the end of the phase, the Attacks characteristic of any armoured Feet melee weapons equipped by your model is 8, the Attacks characteristic of any titanic Feet melee weapons equipped by your model is 12, and improve the Armour Penetration characteristic of those weapons by 1.
000010494004|QI|000001106|Valourstrike Lance|FULL TILT|Battle Tactic|2|Your turn|Movement phase|"WHEN: Your Movement phase.¶TARGET: One Imperial Knights unit from your army that has not been selected to move this phase.¶EFFECT: Until the end of the phase, add 2"" to the Move characteristic of your models and add 2 to Advance rolls made for those model’s units."
000010494002|QI|000001106|Valourstrike Lance|RUN THEM THROUGH!|Strategic Ploy|1|Either player’s turn|Fight phase|WHEN: Fight phase.¶TARGET: One Imperial Knights unit from your army that has not been selected to fight this phase.¶EFFECT: Until the end of the phase, melee weapons equipped by your models have the [LANCE] ability.
000010494005|QI|000001106|Valourstrike Lance|VOW OF RETRIBUTION|Strategic Ploy|1|Your turn|Shooting phase|WHEN: Your Shooting phase.¶TARGET: One Imperial Knights unit from your army that has not been selected to shoot this phase.¶EFFECT: Until the end of the phase, ranged weapons equipped by your models have the [LETHAL HITS] ability.
000010494006|QI|000001106|Valourstrike Lance|TACTICAL FOIL|Strategic Ploy|1|Opponent’s turn|Movement phase|"WHEN: Your opponent’s Movement phase, just after an enemy unit ends a Normal, Advance or Fall Back move.¶TARGET: One Imperial Knights model from your army that is within 8"" of that unit.¶EFFECT: Your model can make a Normal move of up to D6""."
000010494007|QI|000001106|Valourstrike Lance|ROTATE ION SHIELDS|Wargear|1|Opponent’s turn|Shooting phase|WHEN: Your opponent’s Shooting phase, just after an enemy unit has selected its targets.¶TARGET: One Imperial Knights unit from your army that was selected as the target of one or more of the attacking unit’s attacks.¶EFFECT: Until the end of the phase, models in your unit have a 4+ invulnerable save.
000011013004|QT|000001173|Bastions of Tyranny|INTIMIDATING REMINDER||1|Your turn|Shooting phase|WHEN: Your Shooting phase, when a friendly KNIGHT TYRANT unit has shot.¶TARGET: That KNIGHT TYRANT unit.¶EFFECT: Select one enemy unit hit by those attacks. That enemy unit is suppressed until the start of your next Command phase:¶• While a unit is suppressed, that unit’s attacks have -1 to hit rolls.
000011013002|QT|000001173|Bastions of Tyranny|RUNE-CURSED STRONGHOLD||1|Either player’s turn|Any phase|WHEN: Any phase, when a friendly KNIGHT TYRANT unit suffers a mortal wound.¶TARGET: That KNIGHT TYRANT unit.¶EFFECT: Your unit has Feel No Pain 5+ against mortal wounds.
000011013003|QT|000001173|Bastions of Tyranny|PITILESS FOCUS||1|Your turn|Movement phase|WHEN: Your Movement phase, when a friendly KNIGHT TYRANT unit is selected to make a fall-back move.¶TARGET: That KNIGHT TYRANT unit.¶EFFECT: That move does not prevent your unit from being eligible to shoot.
000010752004|QT|000001144|Helhunt Lance|BEASTHIDE MANIFESTATION|Battle Tactic|1|Either player’s turn|Shooting or Fight phase|WHEN: Your opponent’s Shooting phase or the Fight phase, just after an enemy unit has selected its targets.¶TARGET: One CHAOS KNIGHTS unit from your army that was selected as the target of one or more of the attacking unit’s attacks.¶EFFECT: Until the attacking unit has finished making its attacks, each time an attack targets your unit, worsen the Armour Penetration characteristic of that attack by 1.
000010752005|QT|000001144|Helhunt Lance|FLUSH THE QUARRY|Battle Tactic|1|Your turn|Movement phase|"WHEN: Start of your Movement phase.¶TARGET: One Titanic Chaos Knights unit from your army and up to three friendly War Dog units within 6"" of that Titanic Chaos Knights unit.¶EFFECT: Until the end of the phase, each time one of those War Dog units makes a Normal, Advance or Fall Back move, its models can move through models and terrain features. When doing so, they can move within Engagement Range of such models but cannot end that move within Engagement Range of them, and any Desperate Escape test is automatically passed."
000010752003|QT|000001144|Helhunt Lance|MERCILESS FUSILLADE|Battle Tactic|1|Either player’s turn|Shooting or Fight phase|WHEN: Start of your Shooting phase or the start of the Fight phase.¶TARGET: One Titanic Chaos Knights unit from your army, and up to two friendly War Dog units, that have not been selected to shoot or fight this phase.¶EFFECT: Select one enemy unit that is an eligible target for each of those CHAOS KNIGHTS units. Until the end of the phase, each time one of those Chaos Knights units is selected to shoot or fight, if that enemy unit is an eligible target, you can only select that enemy unit as the target for all of those attacks and those attacks have the [SUSTAINED HITS 1] ability.
000010752007|QT|000001144|Helhunt Lance|GOADED BEAST|Strategic Ploy|1|Opponent’s turn|Shooting phase|"WHEN: Your opponent’s Shooting phase, just after an enemy unit has shot.¶TARGET: One CHAOS KNIGHTS unit from your army that lost one or more wounds as a result of those attacks.¶EFFECT: Your unit can make a surge move of up to D6"""
000010752006|QT|000001144|Helhunt Lance|CONTEMPTUOUS VOLLEYS|Strategic Ploy|1|Your turn|Movement phase|WHEN: Your Movement phase, just after a CHAOS KNIGHTS unit from your army Falls Back.¶TARGET: That Chaos Knights unit.¶EFFECT: Until the end of the turn, your unit is eligible to shoot and declare a charge in a turn in which it Fell Back.
000010752002|QT|000001144|Helhunt Lance|FERAL ARROGANCE|Strategic Ploy|1|Either player’s turn|Any phase|WHEN: Any phase, just after a mortal wound is allocated to a Chaos Knights unit from your army.¶TARGET: That CHAOS KNIGHTS unit.¶EFFECT: Until the end of the phase, models in your unit have the Feel No Pain 5+ ability against mortal wounds.
000010313002|QT|000001077|Houndpack Lance|VOX-HOWL|Battle Tactic|2|Either player’s turn|Shooting or Fight phase|"WHEN: Start of the Shooting phase or the start of the Fight phase.¶TARGET: One War Dog Character unit from your army.¶EFFECT: Each enemy unit within 6"" of your unit must take a Battle-shock test. Each friendly WAR DOG unit that is within 6"" of your unit and is Battle-shocked must take a Leadership test; if that test is passed, that unit is no longer Battle-shocked.¶RESTRICTIONS: You can only use this Stratagem once per turn."
000010313005|QT|000001077|Houndpack Lance|ANIMALISTIC RAGE|Battle Tactic|1|Either player’s turn|Shooting or Fight phase|WHEN: Your opponent’s Shooting phase or the Fight phase, just after a WAR DOG unit from your army that has not been selected to attack this phase is destroyed.¶TARGET: That WAR DOG unit. You can use this Stratagem on that unit even though it was just destroyed.¶EFFECT: Before resolving your unit’s Deadly Demise ability, it can either shoot or fight. When doing so, it must target only the enemy unit that just destroyed it, and can only do so if that enemy unit is an eligible target. After it has done so and after any Consolidation moves have been made, resolve your unit’s Deadly Demise ability as normal.
000010313003|QT|000001077|Houndpack Lance|HUNGRY FOR COMBAT|Battle Tactic|1|Either player’s turn|Fight phase|WHEN: Start of the Fight phase.¶TARGET: Two or more War Dog units from your army within Engagement Range of the same enemy unit.¶EFFECT: Select one enemy unit within Engagement Range of those WAR DOG units. Until the end of the phase, models in those WAR DOG units can only target that enemy unit, but each time a model in one of those WAR DOG units makes an attack, an unmodified Hit roll of 5+ scores a Critical Hit.
000010313006|QT|000001077|Houndpack Lance|HARRYING HOUNDS|Strategic Ploy|1|Opponent’s turn|Movement phase|"WHEN: Your opponent’s Movement phase, just after an enemy unit ends a Normal, Advance or Fall Back move.¶TARGET: One War Dog unit from your army that is within 8"" of that enemy unit.¶EFFECT: Your unit can make a Normal move of up to 6""."
000010313007|QT|000001077|Houndpack Lance|ENCIRCLING PACK|Strategic Ploy|1|Opponent’s turn|Fight phase|"WHEN: End of your opponent’s Fight phase.¶TARGET: One War Dog unit from your army that is wholly within 12"" of one or more battlefield edges and not within Engagement Range of one or more enemy units.¶EFFECT: Remove your unit from the battlefield and place it into Strategic Reserves."
000010313004|QT|000001077|Houndpack Lance|CUNNING HUNTER|Strategic Ploy|1|Your turn|Movement phase|WHEN: Your Movement phase, just after a War Dog unit from your army Falls Back.¶TARGET: That WAR DOG unit.¶EFFECT: Until the end of the turn, your unit is eligible to shoot and declare a charge in a turn in which it Fell Back.
000011017003|QT|000001174|Hunting Warpack|LEASH OF THE MASTERS||1|Your turn|Movement phase|WHEN: Your Shooting phase, when a friendly WAR DOG unit has shot.¶TARGET: That WAR DOG unit.¶EFFECT: Those attacks do not prevent your unit from being eligible to start an action.
000011017004|QT|000001174|Hunting Warpack|STALKING FOCUS||1|Opponent’s turn|Shooting phase|WHEN: Your opponent’s Shooting phase, when an enemy unit targets a friendly WAR DOG unit within range of an objective.¶TARGET: That WAR DOG unit.¶EFFECT: Ranged attacks that target your unit have -1 AP until that enemy unit has attacked.
000011017002|QT|000001174|Hunting Warpack|INSENSATE BLOODTHIRST ||1|Either player’s turn|Any phase|WHEN: Fight phase, when an enemy unit targets a friendly WAR DOG unit.¶TARGET: That WAR DOG unit.¶EFFECT: Your unit has Feel No Pain 5+
000009766003|QT|000000989|Iconoclast Fiefdom|DARK SACRIFICE||1|Your turn|Command phase|"WHEN: Your Command phase.¶TARGET: One friendly DAMNED unit (excluding ACCURSED CULTISTS units) within 9"" of a friendly CHAOS KNIGHTS model.¶EFFECT: Select one CHAOS KNIGHTS model within 9"" of your unit and roll D3+3:¶• Your DAMNED unit suffers that number of mortal wounds.¶• That CHAOS KNIGHTS model heals that number of wounds."
000009766002|QT|000000989|Iconoclast Fiefdom|AVENGE THE MASTERS!||1|Either player’s turn|Any phase|WHEN: Any phase, when a friendly CHAOS KNIGHTS unit is destroyed by an enemy unit.¶TARGET: That enemy unit.¶EFFECT: That enemy unit is marked until the end of the battle.¶• Friendly DAMNED units’ attacks that target a marked unit have [LETHAL HITS].
000009766004|QT|000000989|Iconoclast Fiefdom|COURSING THRALLS||1|Your turn|Shooting phase|"WHEN: Start of your Shooting phase.¶TARGET: One friendly DAMNED unit.¶EFFECT: Select one visible enemy unit within 12"" of your unit. That enemy unit is hunted:¶• While a unit is hunted, that unit has +6"" detection range."
000010305002|QT|000001075|Infernal Lance|PROFANE SYMBIOSIS|Battle Tactic|1|Either player’s turn|Any phase|WHEN: End of any phase.¶TARGET: One Chaos Knights unit from your army that is not Empowered.¶EFFECT: Your unit makes a Malefic Surge.¶RESTRICTIONS: You cannot select the same unit as the target of this Stratagem more than once per battle round.
000010305003|QT|000001075|Infernal Lance|HELLFORGED CONSTRUCTION|Battle Tactic|1|Either player’s turn|Fight phase|WHEN: Fight phase, just after an enemy unit has selected its targets.¶TARGET: One Chaos Knights unit from your army that was selected as the target of one or more of the attacking unit’s attacks.¶EFFECT: Until the attacking unit has finished making its attacks, each time an attack targets your unit, worsen the Armour Penetration characteristic of that attack by 1.
000010305004|QT|000001075|Infernal Lance|CORRUPTING TAINT|Epic Deed|1|Your turn|Command phase|WHEN: Your Command phase, just after a Chaos Knights Character unit from your army makes a Malefic Surge.¶TARGET: That CHAOS KNIGHTS CHARACTER unit.¶EFFECT: Select one objective marker your unit is within range of that you control. That objective marker remains under your control until your opponent’s Level of Control over that objective marker is greater than yours at the end of a phase.
000010305007|QT|000001075|Infernal Lance|DIABOLIC BULWARK|Wargear|1|Opponent’s turn|Shooting phase|WHEN: Your opponent’s Shooting phase, just after an enemy unit has selected its targets.¶TARGET: One Chaos Knights unit from your army that was selected as the target of one or more of the attacking unit’s attacks.¶EFFECT: Until the end of the phase, models in your unit have a 4+ invulnerable save.
000010305006|QT|000001075|Infernal Lance|WARP VISION|Wargear|1|Your turn|Shooting phase|WHEN: Your Shooting phase.¶TARGET: One Chaos Knights unit from your army that has not been selected to shoot this phase.¶EFFECT: Until the end of the phase, ranged weapons equipped by models in your unit have the [IGNORES COVER] ability.
000010305005|QT|000001075|Infernal Lance|UNLEASH BALEFIRE|Wargear|1|Your turn|Shooting phase|"WHEN: Your Shooting phase.¶TARGET: One Chaos Knights unit from your army that has not been selected to shoot this phase.¶EFFECT: After your unit has shot, select one enemy unit hit by one or more of those attacks. That enemy unit must take a Battle-shock test; if the test is failed, until the end of your opponent’s next turn, it is aflame. While a unit is aflame, subtract 2"" from its Move characteristic and subtract 2 from Charge rolls made for it."
000010309005|QT|000001076|Lords of Dread|TITANIC DUEL|Epic Deed|1|Either player’s turn|Shooting or Fight phase|WHEN: Your Shooting phase or the Fight phase.¶TARGET: One Chaos Knights Character unit from your army that has not been selected to shoot or fight this phase.¶EFFECT: Select one enemy MONSTER or VEHICLE unit. Until the end of the phase, each time a model in your unit makes an attack that targets that enemy unit, re-roll a Hit roll of 1 and re-roll a Wound roll of 1. Each time a model in your unit makes an attack that targets that enemy unit, if that enemy unit is TITANIC, you can re-roll the Hit roll and you can re-roll the Wound roll instead.
000010309004|QT|000001076|Lords of Dread|RUNES OF DISDAIN|Epic Deed|2|Either player’s turn|Shooting or Fight phase|WHEN: Your opponent’s Shooting phase or the Fight phase, just after an enemy unit has selected its targets.¶TARGET: One Chaos Knights Character unit from your army that was selected as the target of one or more of the attacking unit’s attacks.¶EFFECT: Until the end of the phase, each time an attack is allocated to a model in your unit, subtract 1 from the Damage characteristic of that attack.
000010309006|QT|000001076|Lords of Dread|TROPHY HUNTER|Epic Deed|1|Either player’s turn|Fight phase|"WHEN: Fight phase, just before a Chaos Knights Character unit from your army consolidates.¶TARGET: That CHAOS KNIGHTS CHARACTER unit.¶EFFECT: Until the end of the phase, each time your unit Consolidates, models in it can move an additional 3"" as long as your unit can end that move within Engagement Range of one or more enemy units."
000010309003|QT|000001076|Lords of Dread|SPITEFUL DEMISE|Epic Deed|1|Either player’s turn|Any phase|WHEN: Any phase, just after a Chaos Knights Character unit from your army is destroyed.¶TARGET: That CHAOS KNIGHTS CHARACTER unit. You can use this Stratagem on that unit even though it was just destroyed.¶EFFECT: When rolling to determine whether mortal wounds are inflicted by your unit’s Deadly Demise ability, that model’s Deadly Demise ability inflicts mortal wounds on a D6 roll of a 4+ instead of on a 6.
000010309002|QT|000001076|Lords of Dread|CLAIMED FOR THE DARK GODS|Epic Deed|1|Either player’s turn|Command phase|WHEN: Start of your Command phase.¶TARGET: One Chaos Knights Character unit from your army that is within range of one or more objective markers you control.¶EFFECT: Select one of those objective markers. That objective marker remains under your control, with a Level of Control of 5 (unless it would otherwise be higher), until your opponent’s Level of Control over that objective marker is greater than yours at the end of a phase.
000010309007|QT|000001076|Lords of Dread|CRUSHED LIKE VERMIN|Epic Deed|1|Your turn|Movement phase|WHEN: Your Movement phase, just after a Chaos Knights Character unit from your army ends a Normal move.¶TARGET: That CHAOS KNIGHTS CHARACTER unit.¶EFFECT: Select one enemy unit (excluding MONSTERS and VEHICLES) that your unit moved over during that move and roll six D6: for each 4+, that enemy unit suffers 1 mortal wound. If one or more models are destroyed as a result of this Stratagem, that enemy unit must take a Battle-shock test.
000008517003|QT|000000806|Traitoris Lance|CONQUERORS WITHOUT MERCY|Battle Tactic|1|Either player’s turn|Fight phase|"WHEN: Fight phase.¶TARGET: One Chaos Knights model from your army that made a Charge move this turn and has not been selected to fight this phase.¶EFFECT: Until the end of the phase, improve the Armour Penetration characteristic of melee weapons equipped by your model by 1. After your model has finished making its attacks this phase, if it destroyed one or more enemy units this phase, each enemy unit within 6"" of your model must take a Battle-shock test."
000008517006|QT|000000806|Traitoris Lance|IMPERIOUS ADVANCE|Epic Deed|1|Your turn|Movement or Charge phase|WHEN: Your Movement phase or your Charge phase.¶TARGET: Up to two War Dog units from your army or one Titanic Chaos Knights unit from your army.¶EFFECT: Until the end of the phase, each time a model in one of your units makes a Normal, Advance, Fall Back or Charge move, it can move through models and terrain features. When doing so, it can move within Engagement Range of such models but, unless it made a Charge move, cannot end that move within Engagement Range of them, and any Desperate Escape test is automatically passed (the Super-heavy Walker ability does not apply while using this Stratagem).
000008517005|QT|000000806|Traitoris Lance|A LONG LEASH|Strategic Ploy|1|Your turn|Command phase|WHEN: Your Command phase.¶TARGET: One Abhorrent unit from your army and up to two friendly War Dog units.¶EFFECT: Until the start of your next Command phase, those WAR DOG units are treated as being within range of any Aura abilities your ABHORRENT unit has.
000008517004|QT|000000806|Traitoris Lance|DISDAIN FOR THE WEAK|Strategic Ploy|1|Either player’s turn|Fight phase|WHEN: Fight phase, just after an enemy unit has selected its targets.¶TARGET: One Chaos Knights unit from your army that was selected as the target of one or more of the attacking unit’s attacks.¶EFFECT: Until the end of the phase, models in your unit have the Feel No Pain 6+ ability, and the Feel No Pain 5+ ability against attacks made by Battle-shocked models.
000008517007|QT|000000806|Traitoris Lance|STORM OF DARKNESS|Strategic Ploy|1|Opponent’s turn|Shooting or Fight phase|WHEN: Your opponent’s Shooting phase or the Fight phase, just after an enemy unit has selected its targets.¶TARGET: One Chaos Knights unit from your army that was selected as the target of one or more of the attacking unit’s attacks.¶EFFECT:¶• Your unit has Stealth.¶• Melee attacks that target your unit have -1 to hit rolls.
000008517002|QT|000000806|Traitoris Lance|PTERRORSHADES|Wargear|1|Either player’s turn|Any phase|"WHEN: Any phase, just after an enemy unit fails a Battle-shock test.¶TARGET: One Chaos Knights unit from your army that is within 12"" of that enemy unit.¶EFFECT: Roll six D6: for each 4+, that enemy unit suffers 1 mortal wound and one model in your unit regains up to 1 lost wound.¶RESTRICTIONS: You can only use this Stratagem once per battle round."
000008495007|SM|000000798|1st Company Task Force|LEGENDARY FORTITUDE|Battle Tactic|1|Opponent’s turn|Charge phase|WHEN: Your opponent’s Charge phase, just after an enemy unit ends a Charge move.¶TARGET: One ADEPTUS ASTARTES TERMINATOR, BLADEGUARD VETERAN SQUAD, STERNGUARD VETERAN SQUAD or VANGUARD VETERAN SQUAD unit from your army within Engagement Range of that enemy unit.¶EFFECT: Until the end of the turn, each time an attack is allocated to a model in your unit, subtract 1 from the Damage characteristic of that attack.
000008495002|SM|000000798|1st Company Task Force|ARMOUR OF CONTEMPT|Battle Tactic|1|Either player’s turn|Shooting or Fight phase|WHEN: Your opponent’s Shooting phase or the Fight phase, just after an enemy unit has selected its targets.¶TARGET: One ADEPTUS ASTARTES unit from your army that was selected as the target of one or more of the attacking unit’s attacks.¶EFFECT: Until the attacking unit has finished making its attacks, each time an attack targets your unit, worsen the Armour Penetration characteristic of that attack by 1.
000008495003|SM|000000798|1st Company Task Force|HEROES OF THE CHAPTER|Battle Tactic|1|Either player’s turn|Shooting or Fight phase|WHEN: Your Shooting phase or the Fight phase.¶TARGET: One ADEPTUS ASTARTES TERMINATOR, BLADEGUARD VETERAN SQUAD, STERNGUARD VETERAN SQUAD or VANGUARD VETERAN SQUAD unit from your army that has not been selected to shoot or fight this phase.¶EFFECT: Until the end of the phase, each time a model in your unit makes an attack, add 1 to the Hit roll. If your unit is Below Half-strength, add 1 to the Wound roll as well.
000008495006|SM|000000798|1st Company Task Force|ORBITAL TELEPORTARIUM|Strategic Ploy|1|Opponent’s turn|Fight phase|WHEN: End of your opponent’s Fight phase.¶TARGET: One ADEPTUS ASTARTES TERMINATOR unit from your army.¶EFFECT: Remove your unit from the battlefield and place it into Strategic Reserves. It will arrive back on the battlefield in the Reinforcements step of your next Movement phase using the Deep Strike ability.¶RESTRICTIONS: You cannot select a unit that is within Engagement Range of one or more enemy units.
000008495005|SM|000000798|1st Company Task Force|DUTY AND HONOUR|Strategic Ploy|1|Your turn|Shooting phase|WHEN: Your Movement phase.¶TARGET: One ADEPTUS ASTARTES TERMINATOR, BLADEGUARD VETERAN SQUAD, STERNGUARD VETERAN SQUAD or VANGUARD VETERAN SQUAD unit from your army within range of an objective marker you control.¶EFFECT: That objective marker remains under your control, even if you have no models within range of it, until your opponent controls it at the start or end of any turn.
000008495004|SM|000000798|1st Company Task Force|TERRIFYING PROFICIENCY|Strategic Ploy|1|Your turn|Fight phase|"WHEN: Your Fight phase.¶TARGET: One ADEPTUS ASTARTES TERMINATOR, BLADEGUARD VETERAN SQUAD, STERNGUARD VETERAN SQUAD or VANGUARD VETERAN SQUAD unit from your army that made a Charge move this turn and destroyed one or more enemy units this phase.¶EFFECT: In your opponent’s next Command phase, each enemy unit within 6"" of your unit must take a Battle-shock test. If the unit taking that test is Below Half-strength, subtract 1 from that test. Enemy units affected by this Stratagem do not need to take any other Battle-shock tests in the same phase."
000009836006|SM|000001004|Angelic Inheritors|IN THE SHADOW OF GREAT WINGS|Battle Tactic|1|Opponent’s turn|Shooting phase|"WHEN: Your opponent’s Shooting phase, just after an enemy unit has selected its targets.¶TARGET: One Adeptus Astartes Character unit from your army that was selected as the target of one or more of the attacking unit’s attacks.¶EFFECT: Until the end of the phase, your unit can only be selected as the target of a ranged attack if the attacking model is within 18""."
000009836003|SM|000001004|Angelic Inheritors|FOCUSED FURY|Battle Tactic|1|Either player’s turn|Fight phase|WHEN: Fight phase.¶TARGET: One ADEPTUS ASTARTES unit from your army that has not been selected to fight this phase.¶EFFECT: Until the end of the phase, melee weapons equipped by models in your unit have the [LETHAL HITS] ability. If your unit is a Character unit, until the end of the phase, those weapons have the [LANCE] ability as well.
000009836002|SM|000001004|Angelic Inheritors|ARMOUR OF CONTEMPT|Battle Tactic|1|Either player’s turn|Shooting or Fight phase|WHEN: Your opponent’s Shooting phase or the Fight phase, just after an enemy unit has selected its targets.¶TARGET: One ADEPTUS ASTARTES unit from your army that was selected as the target of one or more of the attacking unit’s attacks.¶EFFECT: Until the attacking unit has finished making its attacks, each time an attack targets your unit, worsen the Armour Penetration characteristic of that attack by 1.
000009836004|SM|000001004|Angelic Inheritors|INSTANT OF GRACE|Epic Deed|1|Your turn|Command phase|WHEN: Your Command phase.¶TARGET: One Adeptus Astartes Infantry unit from your army.¶EFFECT: Select one non-CHARACTER model in your unit. Until the start of your next Command phase, your model has the Character keyword.¶Designer’s Note: While in effect, your model’s unit is therefore a CHARACTER unit, meaning it can interact with the Legacy of the Angel Detachment rule, in addition to other rules that interact with CHARACTER units.
000009836007|SM|000001004|Angelic Inheritors|UNTO THE BURNING SKIES|Strategic Ploy|1|Opponent’s turn|Fight phase|WHEN: End of your opponent’s Fight phase.¶TARGET: One Adeptus Astartes Jump Pack unit from your army. You cannot target a unit that is within Engagement Range of one or more enemy units, unless it is The Sanguinor.¶EFFECT: Remove your unit from the battlefield and place it into Strategic Reserves.
000009836005|SM|000001004|Angelic Inheritors|STRIKE NOW FOR GLORY|Strategic Ploy|1|Your turn|Shooting phase|WHEN: Your Shooting phase.¶TARGET: One ADEPTUS ASTARTES unit from your army that has not been selected to shoot this phase.¶EFFECT: Until the end of the phase, ranged weapons equipped by models in your unit have the [SUSTAINED HITS 1] ability.
000008475005|SM|000000793|Anvil Siege Force|NO THREAT TOO GREAT|Battle Tactic|2|Your turn|Shooting phase|WHEN: Your Shooting phase.¶TARGET: One ADEPTUS ASTARTES unit from your army that has not been selected to shoot this phase.¶EFFECT: Until the end of the phase, each time a model in your unit makes a ranged attack that targets a MONSTER or VEHICLE unit, you can re-roll the Wound roll.
000008475002|SM|000000793|Anvil Siege Force|ARMOUR OF CONTEMPT|Battle Tactic|1|Either player’s turn|Shooting or Fight phase|WHEN: Your opponent’s Shooting phase or the Fight phase, just after an enemy unit has selected its targets.¶TARGET: One ADEPTUS ASTARTES unit from your army that was selected as the target of one or more of the attacking unit’s attacks.¶EFFECT: Until the attacking unit has finished making its attacks, each time an attack targets your unit, worsen the Armour Penetration characteristic of that attack by 1.
000008475006|SM|000000793|Anvil Siege Force|BATTLE DRILL RECALL|Battle Tactic|1|Your turn|Shooting phase|WHEN: Your Shooting phase.¶TARGET: One ADEPTUS ASTARTES unit from your army that has not been selected to shoot this phase.¶EFFECT: Until the end of the phase, ranged weapons equipped by models in your unit have the [SUSTAINED HITS 1] ability. If your unit Remained Stationary this turn, then until the end of the phase, each time a model in your unit makes a ranged attack, a successful unmodified Hit roll of 5+ scores a Critical Hit.
000008475007|SM|000000793|Anvil Siege Force|HAIL OF VENGEANCE|Strategic Ploy|2|Opponent’s turn|Shooting phase|WHEN: Your opponent’s Shooting phase, just after an enemy unit has resolved its attacks.¶TARGET: One ADEPTUS ASTARTES unit from your army that had one or more of its models destroyed as a result of the attacking unit’s attacks.¶EFFECT: Your unit can shoot as if it were your Shooting phase, but must target only that enemy unit when doing so, and can only do so if that enemy unit is an eligible target.
000008475004|SM|000000793|Anvil Siege Force|NOT ONE BACKWARDS STEP|Strategic Ploy|1|Your turn|Command phase|WHEN: Your Command phase.¶TARGET: One ADEPTUS ASTARTES INFANTRY unit from your army within range of an objective marker.¶EFFECT: Until the end of the turn, double the Objective Control characteristic of models in your unit, but it must Remain Stationary this turn.
000008475003|SM|000000793|Anvil Siege Force|RIGID DISCIPLINE|Strategic Ploy|1|Either player’s turn|Fight phase|"WHEN: End of the Fight phase.¶TARGET: One ADEPTUS ASTARTES unit from your army that is within Engagement Range of one or more enemy units.¶EFFECT: Your unit can immediately make a Fall Back move of up to 6"".¶RESTRICTIONS: When making that move, your unit must end that move either wholly within your deployment zone or within range of an objective marker."
000010780007|SM|000001147|Armoured Speartip|PURGATION DOCTRINE|Battle Tactic|1|Your turn|Shooting phase|WHEN: Your Shooting phase.¶TARGET: One ADEPTUS ASTARTES unit from your army that has not been selected to shoot this phase.¶EFFECT: Until the end of the phase, each time a model in your unit makes an attack, add 1 to the Hit roll (if your unit disembarked from a Heavy Transport this turn, add 1 to the Wound roll as well).
000010780002|SM|000001147|Armoured Speartip|MACHINE WRATH|Epic Deed|1|Either player’s turn|Any phase|WHEN: Any phase, just after a Heavy Transport unit from your army with the Deadly Demise ability is destroyed.¶TARGET: That HEAVY TRANSPORT unit, if you rolled a 6 for its Deadly Demise ability. You can use this Stratagem on that unit even though it was just destroyed.¶EFFECT: Your unit can make a Normal or Fall Back move before its Deadly Demise ability is resolved, and before any embarked units perform an Emergency Disembarkation. When making this move, your unit can move through enemy models (excluding MONSTERS and VEHICLES) and can move within Engagement Range of such models, but cannot end that move within Engagement Range of them, and any Desperate Escape test is automatically passed.
000010780006|SM|000001147|Armoured Speartip|ADVANCED DEPLOYMENT|Strategic Ploy|1|Your turn|Movement phase|WHEN: Your Movement phase.¶TARGET: One Adeptus Astartes Transport unit from your army that has not been selected to move this phase.¶EFFECT: Until the end of the phase, units can disembark from your TRANSPORT after it has Advanced. Units that do so make a shock disembark move (Core Rules, 18.07) for that disembarkation.
000010780003|SM|000001147|Armoured Speartip|ARMOUR OF CONTEMPT|Strategic Ploy|1|Either player’s turn|Shooting or Fight phase|WHEN: Your opponent’s Shooting phase or the Fight phase, just after an enemy unit has selected its targets.¶TARGET: One ADEPTUS ASTARTES unit from your army that was selected as the target of one or more of the attacking unit’s attacks.¶EFFECT: Until the attacking unit has finished making its attacks, each time an attack targets your unit, worsen the Armour Penetration characteristic of that attack by 1.
000010780005|SM|000001147|Armoured Speartip|CERAMITE SLEDGEHAMMER|Strategic Ploy|1|Your turn|Movement phase|WHEN: Your Movement phase.¶TARGET: One Adeptus Astartes Transport unit from your army that has not been selected to move this phase.¶EFFECT: Until the end of the phase, each time your unit makes a Normal or Advance move, it can move horizontally through terrain features. In addition, if your unit is a Heavy Transport, when making this move, your unit can move through enemy models (excluding MONSTERS and VEHICLES) and can move within Engagement Range of such models, but cannot end that move within Engagement Range of them, and any Desperate Escape test is automatically passed.
000010780004|SM|000001147|Armoured Speartip|RAPID EMBARKATION|Wargear|1|Either player’s turn|Fight phase|"WHEN: End of the Fight phase.¶TARGET: One Adeptus Astartes Infantry unit from your army that is not within Engagement Range of one or more enemy units, and one friendly Heavy Transport it is able to embark within.¶EFFECT: If your ADEPTUS ASTARTES INFANTRY unit is wholly within 6"" of that HEAVY TRANSPORT, it can embark within it. Your unit can embark within that TRANSPORT in a turn it disembarked from a TRANSPORT."
000010677004|SM|000001130|Bastion Task Force|LIGHT OF VENGEANCE|Battle Tactic|1|Either player’s turn|Shooting or Fight phase|WHEN: Your Shooting phase or the Fight phase.¶TARGET: One ADEPTUS ASTARTES unit from your army that has not been selected to shoot or fight this phase.¶EFFECT: Select the [LETHAL HITS] or [SUSTAINED HITS 1] ability. Until the end of the phase, weapons equipped by models in your unit have that ability while targeting an auspex scanned unit or if the bearer has the Battleline keyword.
000010677002|SM|000001130|Bastion Task Force|CODEX DISCIPLINE|Battle Tactic|1|Either player’s turn|Shooting or Fight phase|WHEN: Your Shooting phase or the Fight phase.¶TARGET: One ADEPTUS ASTARTES unit from your army that has not been selected to shoot or fight this phase.¶EFFECT: Until the end of the phase, each time a model in your unit makes an attack that targets an enemy unit, re-roll a Hit roll of 1. If that target is auspex scanned, re-roll a Wound roll of 1 as well.
000010677007|SM|000001130|Bastion Task Force|HERESY UNDONE|Strategic Ploy|1|Your turn|Shooting or Charge phase|WHEN: Your Shooting phase or your Charge phase.¶TARGET: One ADEPTUS ASTARTES unit (excluding Battleline units) from your army.¶EFFECT: Until the end of the phase, your unit is eligible to shoot and declare a charge in a turn in which it Advanced or Fell Back. If it does, every target of that charge and every target of those attacks must be an auspex scanned unit.
000010677005|SM|000001130|Bastion Task Force|SHOCK BOMBARDMENT|Strategic Ploy|1|Either player’s turn|Shooting or Fight phase|WHEN: Your Shooting phase or the Fight phase, just after an Adeptus Astartes Battleline unit from your army finished making its attacks.¶TARGET: That ADEPTUS ASTARTES BATTLELINE unit.¶EFFECT: When an enemy unit is auspex scanned as a result of those attacks this turn, until the start of your next turn, it is suppressed. While a unit is suppressed, each time a model in that unit makes an attack, subtract 1 from the Hit roll.
000010677003|SM|000001130|Bastion Task Force|GUIDED DISRUPTION|Strategic Ploy|1|Either player’s turn|Shooting or Fight phase|WHEN: Your Shooting phase or the Fight phase, just after an Adeptus Astartes Battleline unit from your army has finished making its attacks.¶TARGET: That ADEPTUS ASTARTES BATTLELINE unit.¶EFFECT: When an enemy unit is auspex scanned as a result of those attacks this turn, if that enemy unit does not have the MONSTER or VEHICLE keywords, until the start of your next turn, it is pinned. While a unit is pinned, subtract 2 from that unit’s Move characteristic and subtract 2 from Charge rolls made for that unit.
000008523002|SM|000000808|Black Spear Task Force|ARMOUR OF CONTEMPT|Battle Tactic|1|Either player’s turn|Shooting or Fight phase|WHEN: Your opponent’s Shooting phase or the Fight phase, just after an enemy unit has selected its targets.¶TARGET: One ADEPTUS ASTARTES unit from your army that was selected as the target of one or more of the attacking unit’s attacks.¶EFFECT: Until the attacking unit has finished making its attacks, each time an attack targets your unit, worsen the Armour Penetration characteristic of that attack by 1.
000008523003|SM|000000808|Black Spear Task Force|ADAPTIVE TACTICS|Strategic Ploy|1|Your turn|Command phase|WHEN: Your Command phase.¶TARGET: Up to two Kill Team units from your army, or one other ADEPTUS ASTARTES unit from your army.¶EFFECT: For each unit targeted, select Furor Tactics, Malleus Tactics or Purgatus Tactics. Until the start of your next Command phase, that Mission Tactic is active for that unit instead of any Mission Tactic that is active for your army.
000008523007|SM|000000808|Black Spear Task Force|SITE-TO-SITE TELEPORTATION|Strategic Ploy|1|Opponent’s turn|Fight phase|WHEN: End of your opponent’s Fight phase.¶TARGET: Up to two Kill Team units from your army, or one other Adeptus Astartes Infantry unit from your army, if those units are not within Engagement Range of one or more enemy units.¶EFFECT: Remove those units from the battlefield and place them into Strategic Reserves. Until the end of your next Movement phase, models in those units that do not have the Deep Strike ability have the Deep Strike ability.
000008523006|SM|000000808|Black Spear Task Force|DRAGONFIRE ROUNDS|Wargear|1|Your turn|Shooting phase|WHEN: Your Shooting phase.¶TARGET: One Kill Team unit from your army that has not been selected to shoot this phase.¶EFFECT: Until the end of the phase, ranged weapons equipped by models in your unit have the [ASSAULT] and [IGNORES COVER] abilities.¶RESTRICTIONS: You cannot select any units that have already been targeted with either the Kraken Rounds or Hellfire Rounds Stratagems this phase.
000008523005|SM|000000808|Black Spear Task Force|KRAKEN ROUNDS|Wargear|1|Your turn|Shooting phase|"WHEN: Your Shooting phase.¶TARGET: One Kill Team unit from your army that has not been selected to shoot this phase.¶EFFECT: Until the end of the phase, improve the Armour Penetration characteristic of ranged weapons equipped by models in your unit by 1 and improve the Range characteristic of those weapons by 6"".¶RESTRICTIONS: You cannot select any units that have already been targeted with either the Dragonfire Rounds or Hellfire Rounds Stratagems this phase."
000008523004|SM|000000808|Black Spear Task Force|HELLFIRE ROUNDS|Wargear|1|Your turn|Shooting phase|WHEN: Your Shooting phase.¶TARGET: One Kill Team unit from your army that has not been selected to shoot this phase.¶EFFECT: Until the end of the phase, ranged weapons (excluding Devastating Wounds weapons) equipped by models in your unit have the [ANTI-INFANTRY 2+] and [ANTI-MONSTER 5+] abilities.¶RESTRICTIONS: You cannot select any units that have already been targeted with either the Kraken Rounds or Dragonfire Rounds Stratagems this phase.
000010634006|SM|000001120|Blade of Ultramar|EXEMPLARY VIGILANCE|Battle Tactic|1|Your turn|Shooting phase|WHEN: Your Shooting phase.¶TARGET: One ADEPTUS ASTARTES unit from your army that has not been selected to shoot this phase.¶EFFECT: Until the end of the phase, ranged weapons equipped by models in your unit have the [IGNORES COVER] ability. If your unit is under the effects of the Devastator Doctrine, until the end of the phase, improve the Armour Penetration characteristic of such weapons by 1 as well.
000010634002|SM|000001120|Blade of Ultramar|ARMOUR OF CONTEMPT|Battle Tactic|1|Either player’s turn|Shooting or Fight phase|WHEN: Your opponent’s Shooting phase or the Fight phase, just after an enemy unit has selected its targets.¶TARGET: One ADEPTUS ASTARTES unit from your army that was selected as the target of one or more of the attacking unit’s attacks.¶EFFECT: Until the attacking unit has finished making its attacks, each time an attack targets your unit, worsen the Armour Penetration characteristic of that attack by 1.
000010634004|SM|000001120|Blade of Ultramar|COURAGE AND HONOUR!|Battle Tactic|1|Either player’s turn|Fight phase|WHEN: Fight phase.¶TARGET: One ADEPTUS ASTARTES unit from your army.¶EFFECT: Until the end of the phase, melee weapons equipped by models in your unit have the [LANCE] ability. If your unit is under the effects of the Assault Doctrine, until the end of the phase, improve the Armour Penetration characteristic of such weapons by 1 as well.
000010634003|SM|000001120|Blade of Ultramar|TACTICAL FORESIGHT|Epic Deed|1|Either player’s turn|Shooting or Fight phase|WHEN: Your opponent’s Shooting phase or the Fight phase, just after an enemy unit has selected its targets.¶TARGET: One ADEPTUS ASTARTES unit from your army that was selected as the target of one or more of the attacking unit’s attacks.¶EFFECT: Until the end of the phase, each time an attack targets your unit, if the Strength characteristic of that attack is greater than or equal to the Toughness characteristic of that unit, subtract 1 from the Wound roll.
000010634007|SM|000001120|Blade of Ultramar|PRACTICAL TACTICS|Strategic Ploy|1|Opponent’s turn|Movement phase|"WHEN: Your opponent’s Movement phase, just after an enemy unit ends a Normal, Advance or Fall Back move.¶TARGET: One Adeptus Astartes Infantry or Adeptus Astartes Mounted unit from your army that is not within Engagement Range of one or more enemy units and is within 8"" of the enemy unit that just ended that move.¶EFFECT: Your unit can make a Normal move of up to D6"", or a Normal move of up to 6"" instead if it is under the effects of the Tactical Doctrine."
000010634005|SM|000001120|Blade of Ultramar|ULTRAMARIAN ADAPTIVITY|Strategic Ploy|1|Your turn|Command phase|WHEN: Your Command phase.¶TARGET: One ADEPTUS ASTARTES unit from your army.¶EFFECT: Select the Devastator Doctrine, Tactical Doctrine or Assault Doctrine. Until the start of your next Command phase, that Combat Doctrine is active for your unit instead of any other Combat Doctrine that is active for your army, even if you have already selected that Combat Doctrine this battle.
000010760002|SM|000001146|Ceramite Sentinels|UNYIELDING MIGHT|Battle Tactic|1|Either player’s turn|Command phase|WHEN: Command phase.¶TARGET: One ADEPTUS ASTARTES unit from your army that is within Engagement Range of one or more enemy units.¶EFFECT: Until the start of your next Command phase, add 1 to the Objective Control characteristics of models in your unit.
000010760003|SM|000001146|Ceramite Sentinels|PRIORITY STRIKE|Battle Tactic|2|Either player’s turn|Shooting or Fight phase|WHEN: Your Shooting phase or the Fight phase.¶TARGET: One Adeptus Astartes Infantry or Adeptus Astartes Mounted unit from your army that has not been selected to shoot or fight this phase.¶EFFECT: Until the end of the phase, each time a model in your unit makes an attack that targets a CHARACTER, MONSTER or VEHICLE unit, you can re-roll the Wound roll.
000010760004|SM|000001146|Ceramite Sentinels|ARMOUR OF CONTEMPT|Battle Tactic|1|Either player’s turn|Shooting or Fight phase|WHEN: Your opponent’s Shooting phase or the Fight phase, just after an enemy unit has selected its targets.¶TARGET: One ADEPTUS ASTARTES unit from your army that was selected as the target of one or more of the attacking unit’s attacks.¶EFFECT: Until the attacking unit has finished making its attacks, each time an attack targets your unit, worsen the Armour Penetration characteristic of that attack by 1.
000010760006|SM|000001146|Ceramite Sentinels|AUGMENTED TARGETING|Battle Tactic|1|Your turn|Shooting phase|WHEN: Your Shooting phase.¶TARGET: One ADEPTUS ASTARTES unit from your army that has not been selected to shoot this phase.¶EFFECT: Select either the [SUSTAINED HITS 1] or [LETHAL HITS] abilities. Until the end of the phase, ranged weapons equipped by models in your unit have the selected ability. If your unit is ENTRENCHED, until the end of the phase, ranged weapons equipped by models in your unit have the [SUSTAINED HITS 1] and [LETHAL HITS] abilities instead.
000010760005|SM|000001146|Ceramite Sentinels|STAND TO THE END|Epic Deed|1|Either player’s turn|Fight phase|WHEN: Fight phase, just after an enemy unit has selected its targets.¶TARGET: One ADEPTUS ASTARTES unit from your army that was selected as the target of one or more of the attacking unit’s attacks.¶EFFECT: Until the end of the phase, each time a model in your unit is destroyed, if that model has not fought this phase, roll one D6, adding 1 to the result if it is an ENTRENCHED unit: on a 4+, do not remove it from play. That destroyed model can fight after the attacking unit has finished making its attacks, and is then removed from play.
000010760007|SM|000001146|Ceramite Sentinels|EVASIVE REPOSITIONING|Strategic Ploy|1|Opponent’s turn|Shooting phase|"WHEN: Your opponent’s Shooting phase, just after an enemy unit has shot.¶TARGET: One Adeptus Astartes Infantry or Adeptus Astartes Mounted unit from your army that was selected as the target of one or more of the attacking unit’s attacks.¶EFFECT: Your unit can make a Normal move of up to D6"". If your unit is ENTRENCHED, you can re-roll the D6 to determine how far your unit can move."
000009852004|SM|000001008|Champions of Fenris|STALK BETWEEN WORLDS||1|Opponent’s turn|Shooting phase|WHEN: Your opponent’s Shooting phase, when an enemy unit targets a friendly ADEPTUS ASTARTES INFANTRY CHARACTER unit.¶TARGET: That ADEPTUS ASTARTES INFANTRY CHARACTER unit.¶EFFECT: Your unit has Stealth.
000009852003|SM|000001008|Champions of Fenris|RUNES OF CLAIMING||1|Your turn|Movement phase|WHEN: End of your Movement phase.¶TARGET: One friendly ADEPTUS ASTARTES INFANTRY CHARACTER unit.¶EFFECT: Select one objective your unit is controlling. That objective is secured.
000009852002|SM|000001008|Champions of Fenris|WOLF TOTEMS||1|Either player’s turn|Any phase|WHEN: Any phase, when a friendly ADEPTUS ASTARTES INFANTRY CHARACTER unit suffers a mortal wound.¶TARGET: That ADEPTUS ASTARTES INFANTRY CHARACTER unit.¶EFFECT: Your unit has Feel No Pain 5+ against mortal wounds.
000010393002|SM|000001091|Companions of Vehemence|DEVOUT PUSH|Battle Tactic|1|Either player’s turn|Fight phase|"WHEN: Fight phase.¶TARGET: One Adeptus Astartes Infantry unit from your army that has not been selected to fight this phase.¶EFFECT: Until the end of the phase, each time a model in your unit makes a Pile-in or Consolidation move, it can move up to 6"" instead of up to 3"".¶RESTRICTIONS: A unit cannot be targeted with this and the Hearts Hardened to Duty Stratagem in the same phase unless it has the Chaplain or Judiciar keywords."
000010393004|SM|000001091|Companions of Vehemence|FOR THE EMPEROR'S HONOUR!|Battle Tactic|1|Either player’s turn|Fight phase|WHEN: Fight phase.¶TARGET: One Adeptus Astartes Infantry unit from your army that has not been selected to fight this phase.¶EFFECT: Until the end of the phase, melee weapons equipped by models in your unit have the [PRECISION] ability.
000010393005|SM|000001091|Companions of Vehemence|PIOUS ENMITY|Battle Tactic|1|Either player’s turn|Fight phase|WHEN: Fight phase.¶TARGET: One Chaplain or Judiciar unit from your army that has not been selected to fight this phase.¶EFFECT: Until the end of the phase, each time a model in your unit makes a melee attack that targets an enemy unit, re-roll a Hit roll of 1. If that target is a MONSTER or VEHICLE unit, re-roll a Wound roll of 1 as well.
000010393006|SM|000001091|Companions of Vehemence|HERESY BEGETS RETRIBUTION|Strategic Ploy|1|Opponent’s turn|Movement phase|"WHEN: Your opponent’s Movement phase, just after an enemy unit ends a Normal, Advance or Fall Back move.¶TARGET: One CHAPLAIN or JUDICIAR unit from your army that is within 8"" of that enemy unit and is not within Engagement Range of one or more enemy units.¶EFFECT: Your unit can make a surge move of up to D6""."
000010393003|SM|000001091|Companions of Vehemence|HEARTS HARDENED TO DUTY|Strategic Ploy|1|Either player’s turn|Fight phase|WHEN: Fight phase, just before an Adeptus Astartes Infantry unit from your army Consolidates.¶TARGET: That ADEPTUS ASTARTES INFANTRY unit.¶EFFECT: Until the end of the phase, each time a model in your unit makes a Consolidation move, it does not need to end that move closer to the closest enemy model (or the closest enemy unit if the Suffer Not the Unclean to Live Vow is active for it).
000010393007|SM|000001091|Companions of Vehemence|DREAD CRUSADERS|Strategic Ploy|1|Opponent’s turn|Charge phase|WHEN: Your opponent’s Charge phase, just after an enemy unit declares a charge.¶TARGET: One Adeptus Astartes Infantry unit from your army that was selected as one of the targets of that charge.¶EFFECT: That enemy unit must take a Battle-shock test, subtracting 1 from the result.
000008779007|SM|000000836|Company of Hunters|RAPID REAPPRAISAL|Battle Tactic|1|Opponent’s turn|Fight phase|WHEN: End of your opponent’s Fight phase.¶TARGET: One Ravenwing unit from your army that is not within Engagement Range of one or more enemy units.¶EFFECT: Remove your unit from the battlefield and place it into Strategic Reserves.
000008779006|SM|000000836|Company of Hunters|HIGH-SPEED FOCUS|Battle Tactic|1|Opponent’s turn|Shooting phase|WHEN: Your opponent’s Shooting phase, just after an enemy unit has selected its targets.¶TARGET: One Ravenwing unit from your army that was selected as the target of one or more of the attacking unit’s attacks.¶EFFECT: Until the end of the phase, each time an attack targets your unit, subtract 1 from the Hit roll.
000008779005|SM|000000836|Company of Hunters|DEATH ON THE WIND|Battle Tactic|1|Your turn|Movement phase|WHEN: Your Movement phase, when a friendly ADEPTUS ASTARTES unit ends an advance move.¶TARGET: That ADEPTUS ASTARTES unit.¶EFFECT: That advance move does not prevent your unit from being eligible to declare a charge.
000008779003|SM|000000836|Company of Hunters|ARMOUR OF CONTEMPT|Battle Tactic|1|Either player’s turn|Shooting or Fight phase|WHEN: Your opponent’s Shooting phase or the Fight phase, just after an enemy unit has selected its targets.¶TARGET: One ADEPTUS ASTARTES unit from your army that was selected as the target of one or more of the attacking unit’s attacks.¶EFFECT: Until the attacking unit has finished making its attacks, each time an attack targets your unit, worsen the Armour Penetration characteristic of that attack by 1.
000008779004|SM|000000836|Company of Hunters|TALON STRIKE|Strategic Ploy|1|Either player’s turn|Shooting or Fight phase|WHEN: Fight phase, when a friendly ADEPTUS ASTARTES unit is selected to fight.¶TARGET: That ADEPTUS ASTARTES unit.¶EFFECT: Your unit’s melee attacks have [LANCE].
000008779002|SM|000000836|Company of Hunters|HUNTERS’ TRAIL|Strategic Ploy|1|Either player’s turn|Command phase|WHEN: Command phase.¶TARGET: One Ravenwing Mounted unit from your army that is within range of an objective marker you control.¶EFFECT: That objective marker remains under your control, even if you have no models within range of it, until your opponent controls it at the start or end of any turn.
000011092002|SM|000001204|Dark Age Arsenal|SEARING BURSTS||1|Your turn|Shooting phase|"WHEN: Your Shooting phase, when a friendly HELLBLASTER SQUAD unit has shot.¶TARGET: That HELLBLASTER SQUAD unit.¶EFFECT: Select one enemy unit hit by your unit’s plasma ranged attacks. That enemy unit is seared until the start of your next turn:¶• While a unit is seared, that unit has -2"" M."
000011092003|SM|000001204|Dark Age Arsenal|NO SACRIFICE TOO GREAT||1|Your turn|Shooting phase|WHEN: Your Shooting phase, when a friendly ADEPTUS ASTARTES unit is selected to shoot.¶TARGET: That ADEPTUS ASTARTES unit.¶EFFECT: Your unit’s [HAZARDOUS] plasma ranged attacks have +1 S.
000011092004|SM|000001204|Dark Age Arsenal|REVELATION OF GUILT||1|Your turn|Shooting phase|WHEN: Your Shooting phase, when a friendly ADEPTUS ASTARTES unit is selected to shoot.¶TARGET: That ADEPTUS ASTARTES unit.¶EFFECT: Your unit’s plasma ranged attacks have +1 to hit rolls.
000011096002|SM|000001205|Darkflight Pursuit|SKYBORNE SURVEILLANCE||1|Your turn|Shooting phase|"WHEN: Your Shooting phase, when a friendly RAVENWING FLY unit has shot.¶TARGET: That RAVENWING FLY unit.¶EFFECT: Visible enemy units within 6"" of your unit have +3"" detection range."
000011096003|SM|000001205|Darkflight Pursuit|WINGS OF SHADOW||1|Opponent’s turn|Shooting phase|WHEN: Your opponent’s Shooting phase, when an enemy unit targets a friendly RAVENWING FLY unit.¶TARGET: That RAVENWING FLY unit.¶EFFECT: Your unit has Stealth.
000011096004|SM|000001205|Darkflight Pursuit|WE ARE VENGEANCE||1|Opponent’s turn|Shooting phase|"WHEN: Your opponent’s Shooting phase, when an enemy unit that targeted a friendly unengaged RAVENWING FLY unit has shot.¶TARGET: That RAVENWING FLY unit.¶EFFECT: Your unit can make a normal move of up to D3+3""."
000010461003|SM|000001103|Emperor’s Shield|FURY OF THE FIRST|Battle Tactic|1|Either player’s turn|Shooting or Fight phase|WHEN: Your Shooting phase or the Fight phase.¶TARGET: One Adeptus Astartes Terminator, Bladeguard Veteran Squad, Sternguard Veteran Squad or Vanguard Veteran Squad unit from your army that has not been selected to shoot or fight this phase.¶EFFECT: Until the end of the phase, each time a model in your unit makes an attack, add 1 to the Hit roll. If your unit is below its Starting Strength, add 1 to the Wound roll as well.
000010461002|SM|000001103|Emperor’s Shield|ARMOUR OF CONTEMPT|Battle Tactic|1|Either player’s turn|Shooting or Fight phase|WHEN: Your opponent’s Shooting phase or the Fight phase, just after an enemy unit has selected its targets.¶TARGET: One ADEPTUS ASTARTES unit from your army that was selected as the target of one or more of the attacking unit’s attacks.¶EFFECT: Until the attacking unit has finished making its attacks, each time an attack targets your unit, worsen the Armour Penetration characteristic of that attack by 1.
000010461007|SM|000001103|Emperor’s Shield|DROPSHIP EXTRACTION|Battle Tactic|1|Opponent’s turn|Fight phase|WHEN: End of your opponent’s Fight phase.¶TARGET: One Adeptus Astartes Terminator unit from your army. You cannot target a unit that is within Engagement Range of one or more enemy units.¶EFFECT: Remove your unit from the battlefield and place it into Strategic Reserves.
000010461006|SM|000001103|Emperor’s Shield|DISCIPLINED EXTERMINATION|Battle Tactic|1|Your turn|Shooting phase|WHEN: Your Shooting phase.¶TARGET: One Adeptus Astartes Terminator, Bladeguard Veteran Squad, Sternguard Veteran Squad or Vanguard Veteran Squad unit from your army that has not been selected to shoot this phase.¶EFFECT: Until the end of the phase, ranged weapons equipped by models in your unit have the [IGNORES COVER] ability and improve the Armour Penetration characteristic of such weapons by 1.
000010461004|SM|000001103|Emperor’s Shield|OBDURATE VENGEANCE|Battle Tactic|1|Either player’s turn|Fight phase|WHEN: Fight phase, just after an enemy unit has selected its targets.¶TARGET: One Adeptus Astartes Terminator, Bladeguard Veteran Squad, Sternguard Veteran Squad or Vanguard Veteran Squad unit from your army that was selected as the target of one or more of the attacking unit’s attacks.¶EFFECT: Until the end of the phase, each time a model in your unit is destroyed, if that model has not fought this phase, roll one D6: on a 3+, do not remove it from play. The destroyed model can fight after the attacking unit has finished making its attacks, and is then removed from play.
000010461005|SM|000001103|Emperor’s Shield|WRATHFUL CONQUERORS|Strategic Ploy|1|Your turn|Movement phase|WHEN: Your Movement phase.¶TARGET: One Adeptus Astartes Terminator, Bladeguard Veteran Squad, Sternguard Veteran Squad or Vanguard Veteran Squad unit from your army within range of an objective marker you control.¶EFFECT: That objective marker remains under your control, even if you have no models within range of it, until your opponent controls it at the start or end of any phase.
000011084003|SM|000001214|Encarmine Speartip|INEXORABLE VALOUR||1|Opponent’s turn|Movement phase|"WHEN: Your opponent’s Movement phase, when an enemy unit that was engaged with a friendly SANGUINARY GUARD unit ends a fall-back move, if that SANGUINARY GUARD unit is unengaged.¶TARGET: That SANGUINARY GUARD unit.¶EFFECT: Your unit can make a normal move of up to D3+3""."
000011084004|SM|000001214|Encarmine Speartip|BLINDING BLURS OF VENGEANCE||1|Opponent’s turn|Shooting phase|WHEN: Your opponent’s Shooting phase, when an enemy unit targets a friendly SANGUINARY GUARD unit.¶TARGET: That SANGUINARY GUARD unit.¶EFFECT: Your unit has Stealth.
000011084002|SM|000001214|Encarmine Speartip|JUDGEMENT OF THE GOLDEN HOST||1|Your turn|Charge phase|WHEN: Your Charge phase, when a friendly SANGUINARY GUARD unit from your army ends a charge move.¶TARGET: That SANGUINARY GUARD unit.¶EFFECT: Select one enemy unit engaged with your unit. Roll one D6 for each model in your unit engaged with that enemy unit:¶• For each 3+, that enemy unit suffers 1 mortal wound.
000008483007|SM|000000795|Firestorm Assault Force|BURNING VENGEANCE|Battle Tactic|1|Opponent’s turn|Shooting phase|WHEN: Your opponent’s Shooting phase, just after an enemy unit has resolved its attacks.¶TARGET: One ADEPTUS ASTARTES TRANSPORT unit from your army that was selected as the target of one or more of the attacking unit’s attacks.¶EFFECT: One unit embarked within that TRANSPORT can disembark as if it were your Movement phase, and can then shoot as if it were your Shooting phase, but must target only that enemy unit when doing so, and can only do so if that enemy unit is an eligible target.
000008483005|SM|000000795|Firestorm Assault Force|IMMOLATION PROTOCOLS|Battle Tactic|2|Your turn|Shooting phase|WHEN: Your Shooting phase.¶TARGET: One ADEPTUS ASTARTES unit from your army that has not been selected to shoot this phase.¶EFFECT: Until the end of the phase, Torrent weapons equipped by models in that unit have the [DEVASTATING WOUNDS] ability.
000008483002|SM|000000795|Firestorm Assault Force|ARMOUR OF CONTEMPT|Battle Tactic|1|Either player’s turn|Shooting or Fight phase|WHEN: Your opponent’s Shooting phase or the Fight phase, just after an enemy unit has selected its targets.¶TARGET: One ADEPTUS ASTARTES unit from your army that was selected as the target of one or more of the attacking unit’s attacks.¶EFFECT: Until the attacking unit has finished making its attacks, each time an attack targets your unit, worsen the Armour Penetration characteristic of that attack by 1.
000008483006|SM|000000795|Firestorm Assault Force|ONSLAUGHT OF FIRE|Battle Tactic|1|Your turn|Shooting phase|"WHEN: Your Shooting phase.¶TARGET: One ADEPTUS ASTARTES unit from your army that disembarked from a TRANSPORT this turn and has not been selected to shoot this phase.¶EFFECT: Until the end of the phase, each time a model in your unit makes a ranged attack that targets the closest eligible target within 12"", add 1 to the Hit roll. If one or more enemy models are destroyed as the result of any of those attacks, select one of those destroyed models; that destroyed model’s unit must take a Battle-shock test."
000008483003|SM|000000795|Firestorm Assault Force|CRUCIBLE OF BATTLE|Battle Tactic|1|Either player’s turn|Shooting or Fight phase|"WHEN: Your Shooting phase or the Fight phase.¶TARGET: One ADEPTUS ASTARTES INFANTRY unit from your army that has not been selected to shoot or fight this phase.¶EFFECT: Until the end of the phase, each time a model in your unit makes an attack that targets the closest eligible target within 6"", add 1 to the Wound roll."
000008483004|SM|000000795|Firestorm Assault Force|RAPID EMBARKATION|Strategic Ploy|1|Either player’s turn|Fight phase|"WHEN: End of the Fight phase.¶TARGET: One ADEPTUS ASTARTES TRANSPORT unit from your army that has no models embarked within it, and one ADEPTUS ASTARTES INFANTRY unit from your army wholly within 6"" of that TRANSPORT.¶EFFECT: Your INFANTRY unit can embark within that TRANSPORT.¶RESTRICTIONS: You cannot target an INFANTRY unit that is within Engagement Range of one or more enemy units, that cannot normally embark within that TRANSPORT, or that disembarked from a TRANSPORT this turn."
000010369002|SM|000001086|Forgefather’s Seekers|ARMOUR OF CONTEMPT|Battle Tactic|1|Either player’s turn|Shooting or Fight phase|WHEN: Your opponent’s Shooting phase or the Fight phase, just after an enemy unit has selected its targets.¶TARGET: One ADEPTUS ASTARTES unit from your army that was selected as the target of one or more of the attacking unit’s attacks.¶EFFECT: Until the attacking unit has finished making its attacks, each time an attack targets your unit, worsen the Armour Penetration characteristic of that attack by 1.
000010369003|SM|000001086|Forgefather’s Seekers|CRUCIBLE OF BATTLE|Battle Tactic|1|Either player’s turn|Shooting or Fight phase|"WHEN: Your Shooting phase or the Fight phase.¶TARGET: One Adeptus Astartes Infantry unit from your army that has not been selected to shoot or fight this phase.¶EFFECT: Until the end of the phase, each time a model in your unit makes an attack that targets the closest eligible target within 6"", add 1 to the Wound roll."
000010369005|SM|000001086|Forgefather’s Seekers|IMMOLATION PROTOCOLS|Battle Tactic|2|Your turn|Shooting phase|WHEN: Your Shooting phase.¶TARGET: One ADEPTUS ASTARTES unit from your army that has not been selected to shoot this phase.¶EFFECT: Until the end of the phase, Torrent weapons equipped by models in your unit have the [DEVASTATING WOUNDS] ability.
000010369006|SM|000001086|Forgefather’s Seekers|BURNING VENGEANCE|Battle Tactic|1|Opponent’s turn|Shooting phase|WHEN: Your opponent’s Shooting phase, just after an enemy unit has shot.¶TARGET: One Adeptus Astartes Transport unit from your army that was selected as the target of one or more of the attacking unit’s attacks.¶EFFECT: One unit embarked within that TRANSPORT can disembark as if it were your Movement phase, and can then shoot as if it were your Shooting phase, but must target only that enemy unit when doing so, and can only do so if that enemy unit is an eligible target.
000010369004|SM|000001086|Forgefather’s Seekers|WRATHFUL INFERNO|Strategic Ploy|1|Your turn|Movement phase|WHEN: Your Movement phase, just after an Adeptus Astartes Infantry unit from your army Falls Back.¶TARGET: That unit.¶EFFECT: Until the end of the turn, your unit is eligible to shoot in a turn in which it Fell Back.
000010369007|SM|000001086|Forgefather’s Seekers|BLAZING EARTH|Strategic Ploy|1|Opponent’s turn|Charge phase|"WHEN: Start of your opponent’s Charge phase.¶TARGET: One ADEPTUS ASTARTES unit from your army equipped with one or more Torrent weapons.¶EFFECT: Select one enemy unit (excluding MONSTERS and VEHICLES and units with the FLY keyword) within 12"" of and visible to your unit. Until the end of the phase, each time that enemy unit declares a charge, subtract 2 from the Charge roll (this is not cumulative with any other negative modifiers to that Charge roll)."
000011118002|SM|000001211|Fulguris Task Force|DATA-LINK AUGURY||1|Your turn|Shooting phase|"WHEN: Your Shooting phase, when a friendly SPEEDER unit is selected to shoot.¶TARGET: That SPEEDER unit.¶EFFECT: Select one enemy unit within 24"" of your unit. That enemy unit has +6"" detection range until your unit has shot."
000011118004|SM|000001211|Fulguris Task Force|ANTI-GRAV SURGE||1|Opponent’s turn|Fight phase|WHEN: End of your opponent’s Fight phase.¶TARGET: One friendly unengaged SPEEDER unit.¶EFFECT: Place your unit in strategic reserves.
000011118003|SM|000001211|Fulguris Task Force|REACTIVE EVASION||1|Opponent’s turn|Movement phase|"WHEN: Your opponent’s Movement phase, when an enemy unit ends a move within 8"" of a friendly unengaged SPEEDER unit.¶TARGET: That SPEEDER unit.¶EFFECT: Your unit can make a normal move of up to D3+3""."
000008352002|SM|000000750|Gladius Task Force|ARMOUR OF CONTEMPT|Battle Tactic|1|Either player’s turn|Shooting or Fight phase|WHEN: Your opponent’s Shooting phase or the Fight phase, just after an enemy unit has selected its targets.¶TARGET: One ADEPTUS ASTARTES unit from your army that was selected as the target of one or more of the attacking unit’s attacks.¶EFFECT: Until the attacking unit has finished making its attacks, each time an attack targets your unit, worsen the Armour Penetration characteristic of that attack by 1.
000008352004|SM|000000750|Gladius Task Force|HONOUR THE CHAPTER|Battle Tactic|1|Either player’s turn|Fight phase|WHEN: Fight phase.¶TARGET: One ADEPTUS ASTARTES unit from your army.¶EFFECT: Until the end of the phase, melee weapons equipped by models in your unit have the [LANCE] ability. If your unit is under the effects of the Assault Doctrine, until the end of the phase, improve the Armour Penetration characteristic of such weapons by 1 as well.
000008352006|SM|000000750|Gladius Task Force|STORM OF FIRE|Battle Tactic|1|Your turn|Shooting phase|WHEN: Your Shooting phase.¶TARGET: One ADEPTUS ASTARTES unit from your army that has not been selected to shoot this phase.¶EFFECT: Until the end of the phase, ranged weapons equipped by models in your unit have the [IGNORES COVER] ability. If your unit is under the effects of the Devastator Doctrine, until the end of the phase, improve the Armour Penetration characteristic of such weapons by 1 as well.
000008352003|SM|000000750|Gladius Task Force|ONLY IN DEATH DOES DUTY END|Epic Deed|2|Either player’s turn|Fight phase|WHEN: Fight phase, just after an enemy unit has selected its targets.¶TARGET: One ADEPTUS ASTARTES unit from your army that was selected as the target of one or more of the attacking unit’s attacks.¶EFFECT: Until the end of the phase, each time a model in your unit is destroyed, if that model has not fought this phase, do not remove it from play. The destroyed model can fight after the attacking model’s unit has finished making its attacks, and is then removed from play.
000008352007|SM|000000750|Gladius Task Force|SQUAD TACTICS|Strategic Ploy|1|Opponent’s turn|Movement phase|"WHEN: Your opponent’s Movement phase, just after an enemy unit ends a Normal, Advance or Fall Back move.¶TARGET: One Adeptus Astartes Infantry or Adeptus Astartes Mounted unit from your army that is within 8"" of the enemy unit that just ended that move.¶EFFECT: Your unit can make a Normal move of up to D6"", or a Normal move of up to 6"" instead if it is under the effects of the Tactical Doctrine.¶RESTRICTIONS: You cannot select a unit that is within Engagement Range of one or more enemy units."
000008352005|SM|000000750|Gladius Task Force|ADAPTIVE STRATEGY|Strategic Ploy|1|Your turn|Command phase|WHEN: Your Command phase.¶TARGET: One ADEPTUS ASTARTES unit from your army.¶EFFECT: Select the Devastator Doctrine, Tactical Doctrine or Assault Doctrine. Until the start of your next Command phase, that Combat Doctrine is active for that unit instead of any other Combat Doctrine that is active for your army, even if you have already selected that doctrine this battle.
000010401007|SM|000001093|Godhammer Assault Force|BLESSED HULL|Battle Tactic|2|Opponent’s turn|Shooting phase|WHEN: Your opponent’s Shooting phase, just after an enemy unit has selected its targets.¶TARGET: One Adeptus Astartes Vehicle unit from your army that was selected as the target of one or more of the attacking unit’s attacks.¶EFFECT: Until the end of the phase, each time an attack is allocated to a model in your unit, subtract 1 from the Damage characteristic of that attack.
000010401006|SM|000001093|Godhammer Assault Force|CONDEMNATORY INFO-SCREED|Battle Tactic|1|Your turn|Fight phase|WHEN: Your Fight phase.¶TARGET: One ADEPTUS ASTARTES unit from your army that has not been selected to fight this phase.¶EFFECT: Until the end of the phase, each time a model in your unit makes an attack, if it disembarked from a Transport this turn, re-roll a Wound roll of 1. If that TRANSPORT has the Land Raider keyword, you can re-roll the Wound roll instead.
000010401005|SM|000001093|Godhammer Assault Force|FOCUSED HATRED|Strategic Ploy|1|Your turn|Charge phase|WHEN: Your Charge phase, just after you make a Charge roll for an ADEPTUS ASTARTES unit from your army that disembarked from a Transport this turn.¶TARGET: That ADEPTUS ASTARTES unit.¶EFFECT: Until the end of the phase, each time your unit makes a Charge move, models in your unit can move through models (when doing so, its models can move within Engagement Range of enemy models, but they can only end that move within Engagement Range of enemy models if those enemy models belong to a unit that your unit declared a charge against this turn).
000010401004|SM|000001093|Godhammer Assault Force|GAUNTLET OF THE GOD-EMPEROR|Strategic Ploy|1|Your turn|Movement phase|WHEN: Your Movement phase.¶TARGET: One Adeptus Astartes Vehicle model from your army that has not been selected to move this phase.¶EFFECT: Until the end of the phase, each time your model makes a Normal or Advance move, it can move horizontally through terrain features.
000010401003|SM|000001093|Godhammer Assault Force|UNCOMPROMISING EGRESS|Strategic Ploy|1|Your turn|Movement phase|"WHEN: Your Movement phase.¶TARGET: One Land Raider model from your army that has not been selected to move this phase.¶EFFECT: One ADEPTUS ASTARTES unit embarked within your LAND RAIDER can disembark. When doing so, models in that unit can be set up anywhere on the battlefield wholly within 6"" of your LAND RAIDER and can be set up within Engagement Range of one or more enemy units."
000010401002|SM|000001093|Godhammer Assault Force|A CEASELESS CAUSE|Strategic Ploy|1|Either player’s turn|Fight phase|"WHEN: End of the Fight phase.¶TARGET: One Adeptus Astartes Infantry unit from your army that was eligible to fight this phase.¶EFFECT: If your unit is not within Engagement Range of one or more enemy units, it can make a Normal move of up to 6"". It cannot embark within a Transport at the end of this move if it disembarked from a TRANSPORT this turn."
000010624003|SM|000001118|Hammer of Avernii|RUTHLESS BUTCHERY|Battle Tactic|1|Either player’s turn|Fight phase|WHEN: Your Shooting phase or the Fight phase.¶TARGET: One Adeptus Astartes Dreadnought, Terminator, Bladeguard Veteran Squad, Sternguard Veteran Squad or Vanguard Veteran Squad unit from your army that has not been selected to shoot or fight this phase.¶EFFECT: Until the end of the phase, each time a model in your unit makes an attack, add 1 to the Hit roll. If your unit is below Starting Strength, add 1 to the Wound roll as well.
000010624006|SM|000001118|Hammer of Avernii|AUGMETIC FORTITUDE|Battle Tactic|1|Opponent’s turn|Charge phase|WHEN: Your opponent’s Charge phase, just after an enemy unit ends a Charge move.¶TARGET: One Adeptus Astartes Terminator, Bladeguard Veteran Squad, Sternguard Veteran Squad or Vanguard Veteran Squad unit from your army within Engagement Range of that enemy unit.¶EFFECT: Until the end of the turn, each time an attack is allocated to a model in your unit, subtract 1 from the Damage characteristic of that attack.
000010624002|SM|000001118|Hammer of Avernii|ARMOUR OF CONTEMPT|Battle Tactic|1|Either player’s turn|Shooting or Fight phase|WHEN: Your opponent’s Shooting phase or the Fight phase, just after an enemy unit has selected its targets.¶TARGET: One ADEPTUS ASTARTES unit from your army that was selected as the target of one or more of the attacking unit’s attacks.¶EFFECT: Until the attacking unit has finished making its attacks, each time an attack targets your unit, worsen the Armour Penetration characteristic of that attack by 1.
000010624004|SM|000001118|Hammer of Avernii|DOMINATOR BEACON|Strategic Ploy|1|Your turn|Movement phase|WHEN: Your Movement phase.¶TARGET: One Adeptus Astartes Dreadnought, Terminator, Bladeguard Veteran Squad, Sternguard Veteran Squad or Vanguard Veteran Squad unit from your army within range of an objective marker you control.¶EFFECT: That objective marker remains under your control, even if you have no models within range of it, until your opponent controls it at the end of a phase.
000010624005|SM|000001118|Hammer of Avernii|COGITATED FEROCITY|Strategic Ploy|1|Your turn|Fight phase|WHEN: Your Fight phase.¶TARGET: One Adeptus Astartes Dreadnought, Terminator, Bladeguard Veteran Squad, Sternguard Veteran Squad or Vanguard Veteran Squad unit from your army that has not been selected to fight this phase.¶EFFECT: Select either the [SUSTAINED HITS 1] or [LETHAL HITS] abilities. Until the end of the phase, melee weapons equipped by models in your unit have the selected ability.
000010624007|SM|000001118|Hammer of Avernii|DROPSHIP EXTRACTION|Strategic Ploy|1|Opponent’s turn|Fight phase|WHEN: End of your opponent’s Fight phase.¶TARGET: One Adeptus Astartes Terminator unit from your army. You cannot target a unit that is within Engagement Range of one or more enemy units.¶EFFECT: Remove your unit from the battlefield and place it into Strategic Reserves.
000010784003|SM|000001148|Headhunter Task Force|TARGET WEAK POINT|Battle Tactic|1|Your turn|Shooting phase|WHEN: Your Shooting phase.¶TARGET: One Tank Ace unit from your army that has not been selected to shoot this phase.¶EFFECT: Until the end of the phase, each time a model in your unit makes a ranged attack that targets a MONSTER or VEHICLE unit, improve the Armour Penetration characteristic of that attack by 1.¶RESTRICTIONS: A unit cannot be targeted with this and the Kill Shot Stratagem in the same phase.
000010784004|SM|000001148|Headhunter Task Force|KILL SHOT|Battle Tactic|1|Your turn|Shooting phase|WHEN: Your Shooting phase.¶TARGET: One Tank Ace unit from your army that has not been selected to shoot this phase.¶EFFECT: Until the end of the phase, each time a model in your unit makes an attack that targets a MONSTER or VEHICLE unit, re-roll a Wound roll of 1. If the target unit is below its Starting Strength, you can re-roll the Wound roll instead.¶RESTRICTIONS: A unit cannot be targeted with this and the Target Weak Point Stratagem in the same phase.
000010784007|SM|000001148|Headhunter Task Force|MACHINE VENGEANCE|Epic Deed|1|Opponent’s turn|Shooting phase|WHEN: Your opponent’s Shooting phase, just after an enemy unit has shot.¶TARGET: One Tank Ace unit from your army (excluding units containing one or more models with a Wounds characteristic of 16+) that was selected as the target of one or more of the attacking unit’s attacks.¶EFFECT: Your unit can shoot as if it were your Shooting phase, but must target only that enemy unit when doing so, and can only do so if that enemy unit is visible and an eligible target.
000010784002|SM|000001148|Headhunter Task Force|ARMOUR OF CONTEMPT|Strategic Ploy|1|Either player’s turn|Shooting or Fight phase|WHEN: Your opponent’s Shooting phase or the Fight phase, just after an enemy unit has selected its targets.¶TARGET: One ADEPTUS ASTARTES unit from your army that was selected as the target of one or more of the attacking unit’s attacks.¶EFFECT: Until the attacking unit has finished making its attacks, each time an attack targets your unit, worsen the Armour Penetration characteristic of that attack by 1.
000010784005|SM|000001148|Headhunter Task Force|RAPID GUNNERY|Strategic Ploy|1|Your turn|Shooting phase|WHEN: Your Shooting phase.¶TARGET: One ADEPTUS ASTARTES unit from your army that has not been selected to shoot this phase.¶EFFECT: Until the end of the phase, your unit is eligible to shoot in a turn in which it Fell Back.
000010784006|SM|000001148|Headhunter Task Force|REACTIVE REPOSITIONING|Strategic Ploy|1|Opponent’s turn|Movement phase|"WHEN: Your opponent’s Movement phase, just after an enemy unit ends a Normal, Advance or Fall Back move.¶TARGET: One Tank Ace unit from your army (excluding units containing one or more models with a Wounds characteristic of 16+) that is within 8"" of that enemy unit.¶EFFECT: Your unit can make a Normal move of up to D6""."
000008775002|SM|000000835|Inner Circle Task Force|ARMOUR OF CONTEMPT|Battle Tactic|1|Either player’s turn|Shooting or Fight phase|WHEN: Your opponent’s Shooting phase or the Fight phase, just after an enemy unit has selected its targets.¶TARGET: One ADEPTUS ASTARTES unit from your army that was selected as the target of one or more of the attacking unit’s attacks.¶EFFECT: Until the attacking unit has finished making its attacks, each time an attack targets your unit, worsen the Armour Penetration characteristic of that attack by 1.
000008775007|SM|000000835|Inner Circle Task Force|UNMATCHED FORTITUDE|Battle Tactic|1|Opponent’s turn|Shooting phase|WHEN: Your opponent’s Shooting phase, just after an enemy unit has selected its targets.¶TARGET: One Deathwing Infantry unit from your army that was selected as the target of one or more of the attacking unit’s attacks.¶EFFECT: Until the end of the phase, each time an attack targets your unit, if the Strength characteristic of that attack is greater than your unit’s Toughness characteristic, subtract 1 from the Wound roll.
000008775003|SM|000000835|Inner Circle Task Force|MARTIAL MASTERY|Epic Deed|1|Either player’s turn|Fight phase|WHEN: Fight phase.¶TARGET: One Deathwing Infantry unit from your army that has not been selected to fight this phase.¶EFFECT: Until the end of the phase, each time a model in your unit makes an attack, re-roll a Wound roll of 1. If your unit is within range of your Vowed objective marker, you can re-roll the Wound roll instead.
000008775006|SM|000000835|Inner Circle Task Force|WRATH OF THE LION|Epic Deed|1|Your turn|Charge phase|WHEN: Your Charge phase.¶TARGET: One Deathwing INFANTRY unit from your army that just ended a Charge move.¶EFFECT: Select one enemy unit within Engagement Range of your unit and roll one D6 for each model in your unit, adding 1 to the result if that enemy unit is within range of your Vowed objective marker: for each 4+, that enemy unit suffers 1 mortal wound (to a maximum of 3 mortal wounds).
000008775004|SM|000000835|Inner Circle Task Force|DUTY UNTO DEATH|Strategic Ploy|1|Either player’s turn|Fight phase|WHEN: Fight phase, just after an enemy unit has selected its targets.¶TARGET: One Deathwing unit from your army that was selected as the target of one or more of the attacking unit’s attacks.¶EFFECT: Until the end of the phase, each time a model in your unit is destroyed, if that model has not fought this phase, roll one D6, adding 1 if your unit is within range of your Vowed objective marker. On a 4+, do not remove the destroyed model from play; it can fight after the attacking unit has finished making its attacks, and is then removed from play.
000008775005|SM|000000835|Inner Circle Task Force|RELIC TELEPORTARIUM|Strategic Ploy|1|Your turn|Movement phase|"WHEN: Your Movement phase.¶TARGET: One Deathwing unit from your army that is arriving using the Deep Strike ability this phase.¶EFFECT: Your unit can be set up anywhere on the battlefield that is more than 6"" horizontally away from all enemy models.¶RESTRICTIONS: Until the end of the turn, your unit is not eligible to declare a charge."
000011100002|SM|000001206|Interrogation Conclave|EXACTING PUNISHMENT||1|Either player’s turn|Shooting or Fight phase|WHEN: Your Shooting phase or the Fight phase, when a friendly CHAPLAIN unit is selected to attack.¶TARGET: That CHAPLAIN unit.¶EFFECT: Your unit’s attacks have [PRECISION].
000011100003|SM|000001206|Interrogation Conclave|TERRIFYING ZEAL||1|Your turn|Charge phase|WHEN: Your Charge phase, when a friendly CHAPLAIN unit ends a charge move.¶TARGET: That CHAPLAIN unit.¶EFFECT: Select one enemy unit (excluding MONSTER/VEHICLE units) engaged with your unit. That enemy unit makes a leadership roll:¶• If that leadership roll fails, that enemy unit’s attacks have -1 to hit rolls until the end of the turn.
000011100004|SM|000001206|Interrogation Conclave|WAGES OF COWARDICE||1|Opponent’s turn|Movement phase|"WHEN: Your opponent’s Movement phase, when an enemy unit that was engaged with a friendly CHAPLAIN unit ends a fall-back move, if that CHAPLAIN unit is unengaged.¶TARGET: That CHAPLAIN unit.¶EFFECT: Your unit can make a normal move of up to D3+3""."
000008479004|SM|000000794|Ironstorm Spearhead|MERCY IS WEAKNESS|Battle Tactic|2|Either player’s turn|Shooting or Fight phase|WHEN: Your Shooting phase or the Fight phase.¶TARGET: One ADEPTUS ASTARTES unit from your army that has not been selected to shoot or fight this phase.¶EFFECT: Until the end of the phase, each time a model in your unit makes an attack that targets a unit that is below its Starting Strength, that attack has the [SUSTAINED HITS 1] ability, and when making such an attack, if the attacking model is a VEHICLE, a successful unmodified Hit roll of 5+ scores a Critical Hit.
000008479003|SM|000000794|Ironstorm Spearhead|ARMOUR OF CONTEMPT|Battle Tactic|1|Either player’s turn|Shooting or Fight phase|WHEN: Your opponent’s Shooting phase or the Fight phase, just after an enemy unit has selected its targets.¶TARGET: One ADEPTUS ASTARTES unit from your army that was selected as the target of one or more of the attacking unit’s attacks.¶EFFECT: Until the attacking unit has finished making its attacks, each time an attack targets your unit, worsen the Armour Penetration characteristic of that attack by 1.
000008479002|SM|000000794|Ironstorm Spearhead|UNBOWED CONVICTION|Battle Tactic|1|Either player’s turn|Command phase|WHEN: Command phase.¶TARGET: One ADEPTUS ASTARTES unit from your army that is below its Starting Strength.¶EFFECT: Until the end of the turn, your unit can ignore any or all modifiers to its characteristics and/or to any roll or test made for it (excluding modifiers to saving throws).
000008479007|SM|000000794|Ironstorm Spearhead|POWER OF THE MACHINE SPIRIT|Epic Deed|1|Opponent’s turn|Shooting phase|WHEN: Your opponent’s Shooting phase, just after an enemy unit has resolved its attacks.¶TARGET: One ADEPTUS ASTARTES VEHICLE unit from your army that was reduced to Below Half-strength as a result of the attacking unit’s attacks.¶EFFECT: Your unit can shoot as if it were your Shooting phase, but must target only that enemy unit when doing so, and can only do so if that enemy unit is an eligible target.
000008479006|SM|000000794|Ironstorm Spearhead|ANCIENT FURY|Epic Deed|1|Your turn|Command phase|WHEN: Your Command phase.¶TARGET: One ADEPTUS ASTARTES WALKER model from your army.¶EFFECT: Until the start of your next Command phase, improve your model’s Move, Toughness, Leadership and Objective Control characteristics by 1 and each time your model makes an attack, add 1 to the Hit roll.
000008479005|SM|000000794|Ironstorm Spearhead|VENGEFUL ANIMUS|Epic Deed|1|Either player’s turn|Any phase|WHEN: Any phase, just after an ADEPTUS ASTARTES VEHICLE model from your army with the Deadly Demise ability is destroyed.¶TARGET: That ADEPTUS ASTARTES VEHICLE model. You can use this Stratagem on that model even though it was just destroyed.¶EFFECT: Do not roll one D6 to determine whether mortal wounds are inflicted by your model’s Deadly Demise ability. Instead, mortal wounds are automatically inflicted.
000011080004|SM|000001213|Legacy of Grace|AURA OF THE ANGEL’S GRACE||1|Opponent’s turn|Shooting phase|WHEN: Your opponent’s Shooting phase, when an enemy unit targets a friendly ADEPTUS ASTARTES CHARACTER unit.¶TARGET: That CHARACTER unit.¶EFFECT: Your unit has 5+ InSv.
000011080003|SM|000001213|Legacy of Grace|SOUL-DARKENED FURY||1|Opponent’s turn|Movement phase|WHEN: Your opponent’s Movement phase, when an enemy unit is selected to make a fall-back move, if that unit is engaged with a friendly ADEPTUS ASTARTES CHARACTER unit.¶TARGET: That ADEPTUS ASTARTES CHARACTER unit.¶EFFECT: When an enemy unit engaged with your unit is selected to make a fall-back move, that enemy unit must use the desperate escape mode, with -1 to those hazard rolls if that enemy unit is battle-shocked.
000011080002|SM|000001213|Legacy of Grace|MARTIAL PARAGON||1|Either player’s turn|Shooting or Fight phase|WHEN: Your Shooting phase or the Fight phase, when a friendly ADEPTUS ASTARTES CHARACTER unit is selected to attack.¶TARGET: That ADEPTUS ASTARTES CHARACTER unit.¶EFFECT: Your unit’s attacks have:¶• [LETHAL HITS].¶• OR: [SUSTAINED HITS 1].
000011104002|SM|000001207|Legends of Saga and Song|FANGS OF THE PACK||1|Either player’s turn|Fight phase|WHEN: Fight phase, when a friendly ADEPTUS ASTARTES TERMINATOR unit is selected to fight.¶TARGET: That ADEPTUS ASTARTES TERMINATOR unit.¶EFFECT: Your unit’s melee attacks have [PRECISION].
000011104003|SM|000001207|Legends of Saga and Song|CHILLING HOWL||1|Opponent’s turn|Command phase|"WHEN: Your opponent’s Command phase.¶TARGET: One friendly WOLF GUARD TERMINATORS unit.¶EFFECT: Select one enemy unit within 6"" of your unit. That enemy unit makes a battle-shock roll, with -1 to that battle-shock roll if that enemy unit is at or below half-strength."
000011104004|SM|000001207|Legends of Saga and Song|WINGS OF THE BLIZZARD||1|Opponent’s turn|Fight phase|WHEN: End of your opponent’s Fight phase.¶TARGET: One friendly unengaged ADEPTUS ASTARTES TERMINATOR unit.¶EFFECT: Place your unit in strategic reserves.
000008375003|SM|000000758|Liberator Assault Group|ARMOUR OF CONTEMPT|Battle Tactic|1|Either player’s turn|Shooting or Fight phase|WHEN: Your opponent’s Shooting phase or the Fight phase, just after an enemy unit has selected its targets.¶TARGET: One ADEPTUS ASTARTES unit from your army that was selected as the target of one or more of the attacking unit’s attacks.¶EFFECT: Until the attacking unit has finished making its attacks, each time an attack targets your unit, worsen the Armour Penetration characteristic of that attack by 1.
000008375004|SM|000000758|Liberator Assault Group|SAVAGE ECHOES|Battle Tactic|1|Opponent’s turn|Charge phase|WHEN: Your opponent’s Charge phase.¶TARGET: One ADEPTUS ASTARTES unit from your army that was just charged by an enemy unit.¶EFFECT: Select either the Strength or Attacks characteristic of melee weapons equipped by models in your unit. Until the end of the turn, add 1 to the selected characteristic. You can instead choose for your unit to give in to the Red Thirst; if it does, it becomes Battle-shocked (but the effects of this Stratagem still apply to it) and until the end of the turn, add 1 to the Strength and Attacks characteristics of melee weapons equipped by models in your unit.
000008375005|SM|000000758|Liberator Assault Group|RED RAMPAGE|Battle Tactic|1|Either player’s turn|Fight phase|WHEN: Fight phase.¶TARGET: One ADEPTUS ASTARTES unit from your army that has not been selected to fight this phase.¶EFFECT: Select either the [LANCE] or [LETHAL HITS] abilities. Until the end of the phase, melee weapons equipped by models in your unit have the selected ability. You can instead choose for your unit to give in to the Red Thirst; if it does, then it becomes Battle-shocked (but the effects of this Stratagem still apply to it) and until the end of the phase, melee weapons equipped by models in your unit have the [LANCE] and [LETHAL HITS] abilities.
000008375002|SM|000000758|Liberator Assault Group|ANGELIC GRACE|Strategic Ploy|1|Either player’s turn|Any phase|WHEN: Any phase, just after an ADEPTUS ASTARTES unit from your army has a mortal wound allocated to it.¶TARGET: That ADEPTUS ASTARTES unit.¶EFFECT: Until the end of the phase, models in your unit have the Feel No Pain 5+ ability against mortal wounds.
000008375006|SM|000000758|Liberator Assault Group|AGGRESSIVE ONSLAUGHT|Strategic Ploy|1|Your turn|Movement phase|WHEN: Your Movement phase, just after an Adeptus Astartes unit from your army has Advanced.¶TARGET: That ADEPTUS ASTARTES unit.¶EFFECT: Until the end of the turn, your unit is eligible to either shoot or declare a charge, even though it Advanced. You can instead choose for your unit to give in to the Red Thirst; if it does, it becomes Battle-shocked (but the effects of this Stratagem still apply to it) and until the end of the turn, your unit is eligible to both shoot and declare a charge, even though it Advanced.
000008375007|SM|000000758|Liberator Assault Group|RELENTLESS ASSAULT|Strategic Ploy|1|Your turn|Movement phase|WHEN: Your Movement phase, just after an ADEPTUS ASTARTES unit from your army Falls Back.¶TARGET: That ADEPTUS ASTARTES unit.¶EFFECT: Until the end of the turn, your unit is eligible to either shoot or declare a charge even though it Fell Back. You can instead choose for your unit to give in to the Red Thirst; if it does, it becomes Battle-shocked (but the effects of this Stratagem still apply to it) and until the end of the turn, your unit is eligible to both shoot and declare a charge, even though it Fell Back.
000009734006|SM|000000981|Lion’s Blade Task Force|ILLUMINATING FIRE|Battle Tactic|1|Your turn|Shooting phase|"WHEN: Your Shooting phase, just after a RAVENWING unit from your army has selected its targets.¶TARGET: That Ravenwing unit.¶EFFECT: Select one enemy unit within 12"" of your unit that was selected as the target of one or more of the attacking unit’s attacks. Until the end of the phase, each time a friendly Deathwing unit makes an attack that targets that enemy unit, add 1 to the Wound roll."
000009734004|SM|000000981|Lion’s Blade Task Force|STRENGTH IN UNITY|Battle Tactic|1|Either player’s turn|Fight phase|WHEN: Fight phase, just after an enemy unit has selected its targets.¶TARGET: One ADEPTUS ASTARTES unit from your army that was selected as the target of one or more of the attacking unit’s attacks.¶EFFECT: If that enemy unit is within Engagement Range of one or more Ravenwing units from your army, until the end of the phase, each time a model in that enemy unit makes an attack, subtract 1 from the Hit roll. If that enemy unit is within Engagement Range of one or more Deathwing units from your army, until the end of the phase, each time a model in that enemy unit makes an attack, if the Strength characteristic of that attack is greater than the Toughness characteristic of the target, subtract 1 from the Wound roll.¶RESTRICTIONS: A unit cannot be targeted by this and the Armour of Contempt Stratagem in the same phase.
000009734003|SM|000000981|Lion’s Blade Task Force|ARMOUR OF CONTEMPT|Battle Tactic|1|Either player’s turn|Shooting or Fight phase|WHEN: Your opponent’s Shooting phase or the Fight phase, just after an enemy unit has selected its targets.¶TARGET: One ADEPTUS ASTARTES unit from your army that was selected as the target of one or more of the attacking unit’s attacks.¶EFFECT: Until the attacking unit has finished making its attacks, each time an attack targets your unit, worsen the Armour Penetration characteristic of that attack by 1.
000009734005|SM|000000981|Lion’s Blade Task Force|KNIGHTS OF IRON|Strategic Ploy|1|Your turn|Movement or Charge phase|WHEN: Your Movement phase or your Charge phase.¶TARGET: One Ravenwing unit from your army.¶EFFECT: Until the end of the phase, each time a model in your unit makes a Normal, Advance or Charge move, it can move horizontally through terrain features.
000009734007|SM|000000981|Lion’s Blade Task Force|INESCAPABLE WRATH|Strategic Ploy|2|Opponent’s turn|Charge phase|"WHEN: End of your opponent’s Charge phase.¶TARGET: One Deathwing Infantry or Deathwing Walker unit from your army that is within 6"" of one or more enemy units and would be eligible to declare a charge against one or more of those enemy units if it were your Charge phase.¶EFFECT: Your unit now declares a charge that only targets one or more of those enemy units, and you resolve that charge.¶RESTRICTIONS: Note that even if this charge is successful, your unit does not receive any Charge bonus this turn."
000009734002|SM|000000981|Lion’s Blade Task Force|OVERPOWERING EXACTION|Strategic Ploy|1|Either player’s turn|Command or Fight phase|WHEN: Command phase or the start of the Fight phase.¶TARGET: One ADEPTUS ASTARTES unit from your army.¶EFFECT: Select one enemy unit within Engagement Range of your unit. That enemy unit must take a Battle-shock test. When doing so, if your unit has the Deathwing or Ravenwing keyword, subtract 1 from the result.¶RESTRICTIONS: You can only use this Stratagem once per battle round.
000011076003|SM|000001209|Marshal’s Household|BLADE OF DETESTATION||1|Your turn|Charge phase|WHEN: Your Charge phase, when a friendly SWORD BRETHREN SQUAD unit ends a charge move.¶TARGET: That SWORD BRETHREN SQUAD unit.¶EFFECT: Select one enemy unit engaged with your unit. Roll one D6 for each model in your unit engaged with that enemy unit:¶• For each 4+, that enemy unit suffers 1 mortal wound (to a maximum of 6 mortal wounds).
000011076002|SM|000001209|Marshal’s Household|SLAYERS OF ABOMINATIONS||1|Either player’s turn|Fight phase|WHEN: Fight phase, when a friendly SWORD BRETHREN SQUAD unit is selected to fight.¶TARGET: That SWORD BRETHREN SQUAD unit.¶EFFECT: Your unit’s melee attacks that target a MONSTER/VEHICLE unit have +2 S.
000011076004|SM|000001209|Marshal’s Household|UNSPARING EXECUTION||1|Opponent’s turn|Movement phase|WHEN: Your opponent’s Movement phase, when a unit is selected to make a fall-back move, if that unit is engaged with a friendly SWORD BRETHREN SQUAD unit.¶TARGET: That SWORD BRETHREN SQUAD unit.¶EFFECT: When an enemy unit engaged with your unit is selected to make a fall-back move, that enemy unit must use the desperate escape mode, with -1 to those hazard rolls if that enemy unit is battle-shocked.
000010681005|SM|000001131|Orbital Assault Force|AUTO‑SENSE COORDINATION|Battle Tactic|1|Either player’s turn|Shooting or Fight phase|"WHEN: Your Shooting phase or the Fight phase.¶TARGET: One ADEPTUS ASTARTES unit from your army that has not been selected to shoot or fight this phase.¶EFFECT: Select the [LETHAL HITS] or [SUSTAINED HITS 1] ability. Until the end of the phase, weapons equipped by models in your unit have this ability in a turn in which they disembarked from a Drop Pod or while targeting an enemy unit within 12""."
000010681003|SM|000001131|Orbital Assault Force|TACTICAL DECAPITATION|Battle Tactic|1|Either player’s turn|Shooting or Fight phase|WHEN: Your Shooting phase or the Fight phase.¶TARGET: One ADEPTUS ASTARTES unit from your army that has not been selected to shoot or fight this phase.¶EFFECT: Until the end of the phase, weapons equipped by models in your unit have the [PRECISION] ability and each time a model in your unit makes an attack that targets a CHARACTER unit, add 1 to the Hit roll.
000010681004|SM|000001131|Orbital Assault Force|SHOCK ONSLAUGHT|Strategic Ploy|1|Either player’s turn|Fight phase|"WHEN: Fight phase.¶TARGET: One ADEPTUS ASTARTES unit from your army that has not been selected to fight this phase.¶EFFECT: Until the end of the phase, each time a model in your unit makes a Pile-in or Consolidation move, it can move up to 6"" instead of up to 3""."
000010681002|SM|000001131|Orbital Assault Force|SUPPRESSION STRAFING|Strategic Ploy|1|Either player’s turn|Command phase|"WHEN: Command phase.¶TARGET: One ADEPTUS ASTARTES unit from your army.¶EFFECT: Select one enemy unit visible to and within 18"" of your unit. That enemy unit takes a Battle-shock test. When doing so, subtract 1 from that test and, if that test is failed, until the start of your next turn, that enemy unit is suppressed. While a unit is suppressed, each time a model in that unit makes an attack, subtract 1 from the Hit roll.¶RESTRICTIONS: You cannot use this Stratagem more than once per battle round."
000010681006|SM|000001131|Orbital Assault Force|BLIND SCREEN|Strategic Ploy|1|Opponent’s turn|Shooting phase|"WHEN: Your opponent’s Shooting phase, just after an enemy unit has selected its targets.¶TARGET: One ADEPTUS ASTARTES unit (excluding Titanic units) from your army that was selected as the target of one or more of the attacking unit’s attacks and one friendly Adeptus Astartes Smoke Vehicle or Drop Pod unit within 9"" of it.¶EFFECT: Until the end of the phase, models in your units have the Stealth ability and each time a ranged attack targets one of your units, models in that unit have the Benefit of Cover against that attack."
000010681007|SM|000001131|Orbital Assault Force|ONWARD FOR THE EMPEROR|Strategic Ploy|1|Opponent’s turn|Fight phase|"WHEN: End of your opponent’s Fight phase.¶TARGET: One Adeptus Astartes Infantry unit from your army that was not set up on the battlefield this turn and one friendly Transport it is able to embark within.¶EFFECT: If your ADEPTUS ASTARTES unit is wholly within 6"" of that TRANSPORT, it can embark within it."
000010646002|SM|000001123|Rage-cursed Onslaught|A GRIM WARNING||1|Either player’s turn|Any phase|WHEN: Any phase.¶TARGET: One Blood Angels unit from your army that was just destroyed while it was within range of one or more objective markers you controlled at the end of the previous phase. You can use this Stratagem on that unit even though it was just destroyed.¶EFFECT: Select one of those objective markers. That objective marker remains under your control until your opponent’s Level of Control over that objective marker is greater than yours at the end of a phase.
000010646005|SM|000001123|Rage-cursed Onslaught|LIMB FROM LIMB||1|Either player’s turn|Fight phase|WHEN: Fight phase.¶TARGET: One ADEPTUS ASTARTES unit from your army that made a Charge move this turn.¶EFFECT: Select either the Strength or Armour Penetration characteristic of melee weapons equipped by models in your unit. Until the end of the phase, add 1 to the selected characteristic. You can instead choose for your unit to give in to the Red Thirst; if it does, it becomes Battle-shocked (but the effects of this Stratagem still apply to it), and until the end of the phase, add 1 to the Strength and Armour Penetration characteristics of melee weapons equipped by models in your unit.
000010646007|SM|000001123|Rage-cursed Onslaught|RED WRATH||1|Your turn|Movement phase|WHEN: Your Movement phase, just after an ADEPTUS ASTARTES unit from your army Advances.¶TARGET: That ADEPTUS ASTARTES unit.¶EFFECT: Until the end of the turn, your unit is eligible to either shoot or declare a charge in a turn in which it Advanced. You can instead choose for your unit to give in to the Red Thirst; if it does, it becomes Battle-shocked (but the effects of this Stratagem still apply to it), and until the end of the turn, your unit is eligible to shoot and declare a charge in a turn in which it Advanced.
000010646003|SM|000001123|Rage-cursed Onslaught|ARMOUR OF CONTEMPT||1|Either player’s turn|Shooting or Fight phase|WHEN: Your opponent’s Shooting phase or the Fight phase, just after an enemy unit has selected its targets.¶TARGET: One ADEPTUS ASTARTES unit from your army that was selected as the target of one or more of the attacking unit’s attacks.¶EFFECT: Until the attacking unit has finished making its attacks, each time an attack targets your unit, worsen the Armour Penetration characteristic of that attack by 1.
000010646006|SM|000001123|Rage-cursed Onslaught|DEATHLESS DUTY||2|Either player’s turn|Fight phase|WHEN: Fight phase, just after an enemy unit has selected its targets.¶TARGET: One Death Company unit from your army that was selected as the target of one or more of the attacking unit’s attacks.¶EFFECT: Until the end of the phase, each time a model in your unit is destroyed, if that model has not fought this phase, do not remove it from play. The destroyed model can fight after the attacking unit has finished making its attacks, and is then removed from play.
000010646004|SM|000001123|Rage-cursed Onslaught|INSENSATE RAMPAGE||1|Either player’s turn|Shooting or Fight phase|WHEN: Your opponent’s Shooting phase or the Fight phase, just after an enemy unit has selected its targets.¶TARGET: One Death Company unit from your army that was selected as the target of one or more of the attacking unit’s attacks.¶EFFECT: Until the end of the phase, models in your unit have the Feel No Pain 5+ ability.
000010685004|SM|000001132|Reclamation Force|FIGHT TO THE END|Battle Tactic|1|Either player’s turn|Fight phase|WHEN: Fight phase, just after an enemy unit has selected its targets.¶TARGET: One ADEPTUS ASTARTES unit from your army that was selected as the target of one or more of the attacking unit’s attacks.¶EFFECT: Until the end of the phase, each time a model in your unit is destroyed, if that model has not fought this phase, roll one D6: on a 4+, do not remove the destroyed model from play; it can fight after the attacking unit has finished making its attacks, and is then removed from play.
000010685003|SM|000001132|Reclamation Force|FURIOUS DEDICATION|Battle Tactic|1|Either player’s turn|Charge or Fight phase|WHEN: Your Charge phase or the Fight phase.¶TARGET: One ADEPTUS ASTARTES unit from your army that has not declared a charge or been selected to fight this phase.¶EFFECT: Until the end of the turn, add 2 to Charge rolls made for your unit and add 1 to the Attacks characteristic of melee weapons equipped by models in your unit.¶RESTRICTIONS: You cannot use this Stratagem more than once per turn.
000010685002|SM|000001132|Reclamation Force|CRUSADING CONQUERORS|Strategic Ploy|1|Either player’s turn|Command phase|WHEN: End of the Command phase.¶TARGET: One ADEPTUS ASTARTES unit from your army.¶EFFECT: Until the start of the next Command phase, add 1 to the Objective Control characteristic of models in your unit.
000010685006|SM|000001132|Reclamation Force|ULTRAMARIAN DESTINY|Strategic Ploy|1|Your turn|Movement phase|WHEN: Your Movement phase.¶TARGET: One ADEPTUS ASTARTES unit from your army.¶EFFECT: Select one objective marker you control that your unit is within range of. That objective marker remains under your control until your opponent’s Level of Control over that objective marker is greater than yours at the end of a phase.
000010685005|SM|000001132|Reclamation Force|SCIONS OF GUILLIMAN|Strategic Ploy|1|Your turn|Movement phase|WHEN: Your Movement phase, just after an ADEPTUS ASTARTES unit from your army ends a Fall Back move.¶TARGET: That ADEPTUS ASTARTES unit.¶EFFECT: Until the end of the turn, your unit is eligible to shoot and declare a charge in a turn in which it Fell Back.
000010685007|SM|000001132|Reclamation Force|MARCHING EVER ON|Strategic Ploy|1|Opponent’s turn|Fight phase|"WHEN: Your opponent’s Movement phase, just after an enemy unit Falls Back.¶TARGET: One ADEPTUS ASTARTES unit from your army that was within Engagement Range of that enemy unit at the start of the phase.¶EFFECT: Your unit can make a Normal move of up to D6""+1."
000010270002|SM|000001070|Saga of the Beastslayer|UNBRIDLED FEROCITY|Battle Tactic|1|Either player’s turn|Fight phase|WHEN: Fight phase.¶TARGET: One Space Wolves unit from your army that has not been selected to fight this phase.¶EFFECT: Until the end of the phase, each time a model in your unit makes an attack, add 1 to the Wound roll.
000010270003|SM|000001070|Saga of the Beastslayer|SHOCK CAVALRY|Strategic Ploy|1|Your turn|Movement or Charge phase|"WHEN: Your Movement phase or your Charge phase.¶TARGET: One Thunderwolf Cavalry unit from your army that has not been selected to move or declared a charge this phase.¶EFFECT: Until the end of the phase, each time a model in your unit makes a Normal, Advance, Fall Back or Charge move, it can move through models (excluding TITANIC models) and sections of terrain features that are 4"" or less in height. When doing so, it can move within Engagement Range of enemy models, but unless it is making a Charge move, it cannot end that move within Engagement Range of them."
000010270004|SM|000001070|Saga of the Beastslayer|PINNING FIRE|Strategic Ploy|1|Your turn|Shooting phase|"WHEN: Your Shooting phase.¶TARGET: One ADEPTUS ASTARTES unit from your army that has not been selected to shoot this phase.¶EFFECT: Until the end of the phase, after your unit has shot, select one enemy CHARACTER, MONSTER, or VEHICLE unit hit by one or more of those attacks. Until the start of your next Shooting phase, that unit is pinned. While a unit is pinned, subtract 2"" from its Move characteristic and subtract 2 from Charge rolls made for it."
000010270005|SM|000001070|Saga of the Beastslayer|THUNDEROUS PURSUIT|Strategic Ploy|1|Opponent’s turn|Movement phase|"WHEN: Your opponent’s Movement phase, just after an enemy unit ends a Normal, Advance or Fall Back move.¶TARGET: One ADEPTUS ASTARTES unit from your army that is within 8"" of that enemy unit and not within Engagement Range of one or more enemy units.¶EFFECT: Your unit can make a Normal move of up to D6"". If your unit has the Space Wolves Infantry or Thunderwolf Cavalry keywords, it can make a Normal move of up to 6"" instead."
000010270006|SM|000001070|Saga of the Beastslayer|IMPETUOSITY|Strategic Ploy|1|Opponent’s turn|Shooting phase|"WHEN: Your opponent’s Shooting phase, when an enemy unit that targeted a friendly unengaged WULFEN INFANTRY/BLOOD CLAWS unit this phase has shot.¶TARGET: That WULFEN INFANTRY/BLOOD CLAWS unit.¶EFFECT: Your unit can make a surge move of up to D6""."
000010270007|SM|000001070|Saga of the Beastslayer|COORDINATED STRIKE|Strategic Ploy|1|Opponent’s turn|Fight phase|"WHEN: End of your opponent’s Fight phase.¶TARGET: One Space Wolves unit from your army that is wholly within 9"" of one or more battlefield edges and not within Engagement Range of one or more enemy units.¶EFFECT: Remove your unit from the battlefield and place it into Strategic Reserves."
000010266006|SM|000001069|Saga of the Bold|HEROIC RESOLVE|Epic Deed|2|Opponent’s turn|Shooting phase|WHEN: Your opponent’s Shooting phase, just after an enemy unit has selected its targets.¶TARGET: One Space Wolves Character unit from your army that was selected as the target of one or more of the attacking unit’s attacks.¶EFFECT: Until the end of the phase, each time an attack is allocated to a model in your unit, subtract 1 from the Damage characteristic of that attack.
000010266005|SM|000001069|Saga of the Bold|ALPHA STRIKE|Epic Deed|1|Your turn|Charge phase|WHEN: Your Charge phase.¶TARGET: One Adeptus Astartes Character unit from your army.¶EFFECT: Until the end of the phase, your unit is eligible to declare a charge in a turn in which it Advanced.
000010266007|SM|000001069|Saga of the Bold|COUNTERCHARGE|Epic Deed|2|Opponent’s turn|Charge phase|"WHEN: End of your opponent’s Charge phase.¶TARGET: One Adeptus Astartes Character unit from your army that is within 6"" of one or more enemy units and would be eligible to declare a charge against one or more of those enemy units if it were your Charge phase.¶EFFECT: Your unit now declares a charge that targets only one or more of those enemy units, and you resolve that charge as if it were your Charge phase. Note that even if this charge is successful, your unit does not receive any Charge bonus this turn."
000010266003|SM|000001069|Saga of the Bold|CHAMPION’S GUIDANCE|Epic Deed|1|Either player’s turn|Shooting or Fight phase|WHEN: Your Shooting phase or the Fight phase.¶TARGET: One Space Wolves Character unit from your army that has not been selected to shoot or fight this phase.¶EFFECT: Until the end of the phase, each time a model in your unit makes an attack, you can re-roll the Hit roll.
000010266004|SM|000001069|Saga of the Bold|BIRTH OF A SAGA|Epic Deed|1|Your turn|Command phase|WHEN: Your Command phase.¶TARGET: One Wolf Guard Headtaker or Wolf Guard Terminator Pack Leader model from your army.¶EFFECT: Until the start of your next Command phase, your model has the CHARACTER keyword.¶Designer’s Note: While in effect, your model’s unit is therefore a CHARACTER unit, meaning it can interact with the Heroes All rule, in addition to other rules that interact with CHARACTER units.
000010266002|SM|000001069|Saga of the Bold|INSPIRING PRESENCE|Epic Deed|1|Either player’s turn|Fight phase|WHEN: Fight phase.¶TARGET: One Adeptus Astartes Character unit from your army that has not been selected to fight this phase.¶EFFECT: Until the end of the phase, melee weapons equipped by models in your unit have the [LETHAL HITS] ability.
000010661003|SM|000001126|Saga of the Great Wolf|GRIMNAR’S COMMAND||1|Your turn|Command phase|WHEN: Your Command phase.¶TARGET: One ADEPTUS ASTARTES unit from your army.¶EFFECT: Select one Hunting Pack from the Master of Wolves Detachment rule. Until the start of your next Command phase, that Hunting Pack is active for your unit instead of any other Hunting Pack that is active, even if you have already selected that Hunting Pack this battle.
000010661004|SM|000001126|Saga of the Great Wolf|FENRISIAN FEROCITY||1|Your turn|Movement or Charge phase|WHEN: Your Movement phase or your Charge phase.¶TARGET: One Adeptus Astartes Mounted or Adeptus Astartes Walker unit from your army that has not been selected to move or charge this phase.¶EFFECT: Until the end of the phase, each time a model in your unit makes a Normal, Advance, Fall Back or Charge move, it can move horizontally through models (excluding TITANIC models) and terrain features. When doing so, it can move within Engagement Range of enemy models, but cannot end a Normal, Advance or Fall Back move within Engagement Range of them.
000010661005|SM|000001126|Saga of the Great Wolf|UNRELENTING HUNTERS||1|Your turn|Movement phase|WHEN: Your Movement phase.¶TARGET: One ADEPTUS ASTARTES unit from your army that has not been selected to move this phase.¶EFFECT: Until the end of the turn, your unit is eligible to declare a charge in a turn in which it Fell Back. If your unit is a Space Wolves unit, until the end of the turn, it is eligible to declare a charge in a turn in which it Advanced or Fell Back.
000010661002|SM|000001126|Saga of the Great Wolf|THE FOE FORESEEN||1|Either player’s turn|Shooting or Fight phase|WHEN: Your opponent’s Shooting phase or the Fight phase, just after an enemy unit has selected its targets.¶TARGET: One ADEPTUS ASTARTES unit from your army that was selected as the target of one or more of the attacking unit’s attacks.¶EFFECT: Until the attacking unit has finished making its attacks, each time an attack targets your unit, worsen the Armour Penetration characteristic of that attack by 1.
000010661006|SM|000001126|Saga of the Great Wolf|EYE OF THE PACK||1|Your turn|Shooting phase|WHEN: Your Shooting phase.¶TARGET: One ADEPTUS ASTARTES unit from your army that has not been selected to shoot this phase.¶EFFECT: Until the end of the phase, each time a model in your unit makes an attack, you can add 1 to the Wound roll.
000010661007|SM|000001126|Saga of the Great Wolf|BATTLE INSTINCTS||1|Opponent’s turn|Shooting phase|"WHEN: Your opponent’s Shooting phase, just after an enemy unit has shot.¶TARGET: One Space Wolves unit from your army that was selected as the target of one or more of the attacking unit’s attacks.¶EFFECT: Your unit can make a Normal move of up to D6""."
000010262004|SM|000001068|Saga of the Hunter|OVERWHELMING ONSLAUGHT|Battle Tactic|1|Either player’s turn|Fight phase|WHEN: Fight phase, just after an enemy unit has selected its targets.¶TARGET: Two ADEPTUS ASTARTES units from your army within Engagement Range of that enemy unit, or one Space Wolves Beasts unit from your army within Engagement Range of that enemy unit.¶EFFECT: Until the end of the phase, each time a model in that enemy unit makes an attack, subtract 1 from the Hit roll.
000010262007|SM|000001068|Saga of the Hunter|MARKED FOR DESTRUCTION|Battle Tactic|1|Your turn|Shooting phase|WHEN: Your Shooting phase.¶TARGET: Two ADEPTUS ASTARTES units from your army (excluding Beasts) that have not been selected to shoot this phase.¶EFFECT: Select one enemy unit visible to both of your units. Until the end of the phase, models in your units can only target that enemy unit (and only if it is an eligible target) and each time a model in one of your units makes an attack, re-roll a Wound roll of 1.
000010262003|SM|000001068|Saga of the Hunter|TERRITORIAL ADVANTAGE|Strategic Ploy|1|Either player’s turn|Fight phase|WHEN: Fight phase, just after an enemy unit is destroyed by an ADEPTUS ASTARTES unit from your army.¶TARGET: That ADEPTUS ASTARTES unit.¶EFFECT: Select one objective marker you control that your unit is within range of. That objective marker remains under your control until your opponent’s Level of Control over that objective marker is greater than yours at the end of a phase.
000010262002|SM|000001068|Saga of the Hunter|HUNTERS’ TRAIL|Strategic Ploy|1|Either player’s turn|Fight phase|"WHEN: Fight phase.¶TARGET: One Space Wolves unit (excluding Monsters and Vehicles) from your army that has not been selected to fight this phase.¶EFFECT: Until the end of the phase, each time a model in your unit makes a Pile-in or Consolidation move, it can move up to 6"" instead of up to 3"". When doing so, it does not need to end that move closer to the closest enemy model, provided it ends that move as close as possible to the closest enemy unit."
000010262006|SM|000001068|Saga of the Hunter|BOUNDING ADVANCE|Strategic Ploy|1|Your turn|Movement or Charge phase|WHEN: Your Movement phase or your Charge phase.¶TARGET: One Space Wolves Infantry or Space Wolves Beasts unit from your army that has not been selected to move or declared a charge this phase.¶EFFECT: Until the end of the phase, each time a model in your unit makes a Normal, Advance, Fall Back or Charge move, it can move through models (excluding Titanic models). When doing so, it can move within Engagement Range of enemy models, but unless it is making a Charge move, it cannot end that move within Engagement Range of them.
000010262005|SM|000001068|Saga of the Hunter|CHOSEN PREY|Strategic Ploy|1|Your turn|Movement phase|WHEN: Your Movement phase, just after a Space Wolves unit from your army Falls Back.¶TARGET: That SPACE WOLVES unit.¶EFFECT: Until the end of the turn, your unit is eligible to shoot and declare a charge in a turn in which it Fell Back.
000010467005|SM|000001104|Shadowmark Talon|STUNNING FUSILLADE|Battle Tactic|1|Your turn|Shooting phase|"WHEN: Your Shooting phase.¶TARGET: One Adeptus Astartes Infantry unit from your army that has not been selected to shoot this phase.¶EFFECT: Until the end of the phase, each time a model in your unit makes a ranged attack that targets an enemy unit that is more than 12"" away, improve the Ballistic Skill and Armour Penetration characteristics of that attack by 1. If one or more enemy models are destroyed as a result of those attacks, select one of those destroyed models; that destroyed model’s unit must take a Battle-shock test."
000010467006|SM|000001104|Shadowmark Talon|RAPTORIAL VIGILANCE|Battle Tactic|1|Opponent’s turn|Movement phase|"WHEN: Your opponent’s Movement phase, just after an enemy unit ends a Normal, Advance or Fall Back move.¶TARGET: One Adeptus Astartes Infantry or Adeptus Astartes Mounted unit from your army that is within 8"" of the enemy unit that just ended that move. You cannot target a unit that is within Engagement Range of one or more enemy units.¶EFFECT: Your unit can make a Normal move of up to D6"", or up to 6"" instead if it is a Phobos or Scout Squad unit."
000010467003|SM|000001104|Shadowmark Talon|LAY LOW THE TYRANTS|Battle Tactic|1|Either player’s turn|Fight phase|WHEN: Fight phase.¶TARGET: One Adeptus Astartes Infantry unit from your army that has not been selected to fight this phase.¶EFFECT: Until the end of the phase, melee weapons equipped by models in your unit have the [PRECISION] ability.
000010467002|SM|000001104|Shadowmark Talon|ARMOUR OF CONTEMPT|Battle Tactic|1|Either player’s turn|Shooting or Fight phase|WHEN: Your opponent’s Shooting phase or the Fight phase, just after an enemy unit has selected its targets.¶TARGET: One ADEPTUS ASTARTES unit from your army that was selected as the target of one or more of the attacking unit’s attacks.¶EFFECT: Until the attacking unit has finished making its attacks, each time an attack targets your unit, worsen the Armour Penetration characteristic of that attack by 1.
000010467007|SM|000001104|Shadowmark Talon|INTO DARKNESS|Strategic Ploy|1|Opponent’s turn|Fight phase|WHEN: End of your opponent’s Fight phase.¶TARGET: Up to two Phobos and/or Scout Squad units from your army, or one other Adeptus Astartes Infantry unit from your army. You cannot target a unit that is within Engagement Range of one or more enemy units.¶EFFECT: Remove those units from the battlefield and place them into Strategic Reserves.
000010467004|SM|000001104|Shadowmark Talon|FEINT AND THRUST|Strategic Ploy|1|Your turn|Movement phase|WHEN: Your Movement phase.¶TARGET: One ADEPTUS ASTARTES unit from your army.¶EFFECT: Until the end of the turn, your unit is eligible to shoot and declare a charge in a turn in which it Fell Back. If it is a Phobos or Scout Squad unit, it is also eligible to shoot and declare a charge in a turn in which it Advanced.
000010630004|SM|000001119|Spearpoint Task Force|MOBILE LETHALITY|Battle Tactic|1|Your turn|Movement phase|WHEN: Your Movement phase.¶TARGET: One ADEPTUS ASTARTES unit from your army.¶EFFECT: Until the end of the turn, your unit is eligible to shoot in a turn in which it Advanced or Fell Back.
000010630006|SM|000001119|Spearpoint Task Force|EVASIVE MANOEUVRES|Battle Tactic|1|Opponent’s turn|Shooting phase|WHEN: Your opponent’s Shooting phase, just after an enemy unit has selected its targets.¶TARGET: One Adeptus Astartes Mounted or Adeptus Astartes Fly Vehicle unit from your army that was selected as the target of one or more of the attacking unit’s attacks.¶EFFECT: Until the end of the phase, each time an attack targets your unit, subtract 1 from the Wound roll.
000010630003|SM|000001119|Spearpoint Task Force|SPEAR THRUST AND SABRE SWING|Battle Tactic|1|Either player’s turn|Fight phase|WHEN: Fight phase.¶TARGET: One ADEPTUS ASTARTES unit from your army that has not been selected to fight this phase.¶EFFECT: Select either the [LANCE] or [LETHAL HITS] ability. Until the end of the phase, melee weapons equipped by models in your unit have the selected ability. If it is a MOUNTED unit, until the end of the phase, melee weapons equipped by models in your unit have the [LANCE] and [LETHAL HITS] abilities instead.
000010630002|SM|000001119|Spearpoint Task Force|ARMOUR OF CONTEMPT|Battle Tactic|1|Either player’s turn|Shooting or Fight phase|WHEN: Your opponent’s Shooting phase or the Fight phase, just after an enemy unit has selected its targets.¶TARGET: One ADEPTUS ASTARTES unit from your army that was selected as the target of one or more of the attacking unit’s attacks.¶EFFECT: Until the attacking unit has finished making its attacks, each time an attack targets your unit, worsen the Armour Penetration characteristic of that attack by 1.
000010630005|SM|000001119|Spearpoint Task Force|HUNTER’S INSTINCTS|Strategic Ploy|1|Opponent’s turn|Movement phase|"WHEN: Your opponent’s Movement phase, just after an enemy unit ends a Normal, Advance or Fall Back move.¶TARGET: One Adeptus Astartes Infantry unit or Adeptus Astartes Mounted unit from your army that is within 8"" of that enemy unit. You cannot target a unit that is within Engagement Range of one or more enemy units.¶EFFECT: Your unit can make a Normal move of up to 6""."
000010630007|SM|000001119|Spearpoint Task Force|WITHDRAW AND REGROUP|Strategic Ploy|1|Opponent’s turn|Fight phase|WHEN: End of your opponent’s Fight phase.¶TARGET: One Adeptus Astartes Mounted or Adeptus Astartes Fly Vehicle unit from your army that is not within Engagement Range of one or more enemy units.¶EFFECT: Remove your unit from the battlefield and place it into Strategic Reserves.
000008487002|SM|000000796|Stormlance Task Force|ARMOUR OF CONTEMPT|Battle Tactic|1|Either player’s turn|Shooting or Fight phase|WHEN: Your opponent’s Shooting phase or the Fight phase, just after an enemy unit has selected its targets.¶TARGET: One ADEPTUS ASTARTES unit from your army that was selected as the target of one or more of the attacking unit’s attacks.¶EFFECT: Until the attacking unit has finished making its attacks, each time an attack targets your unit, worsen the Armour Penetration characteristic of that attack by 1.
000008487006|SM|000000796|Stormlance Task Force|RIDE HARD, RIDE FAST|Battle Tactic|1|Opponent’s turn|Shooting phase|WHEN: Your opponent’s Shooting phase, just after an enemy unit has selected its targets.¶TARGET: One ADEPTUS ASTARTES MOUNTED or ADEPTUS ASTARTES FLY VEHICLE unit from your army that was selected as the target of one or more of the attacking unit’s attacks.¶EFFECT: Until the end of the phase, each time an attack targets your unit, subtract 1 from the Wound roll.
000008487005|SM|000000796|Stormlance Task Force|SHOCK ASSAULT|Battle Tactic|1|Your turn|Charge phase|WHEN: Fight phase, when a friendly ADEPTUS ASTARTES unit is selected to fight.¶TARGET: That ADEPTUS ASTARTES unit.¶EFFECT: Your unit’s melee attacks have [LANCE].
000008487003|SM|000000796|Stormlance Task Force|BLITZING FUSILLADE|Battle Tactic|1|Your turn|Shooting phase|WHEN: Your Shooting phase.¶TARGET: One ADEPTUS ASTARTES unit from your army that has not been selected to shoot this phase.¶EFFECT: Until the end of the phase, ranged weapons equipped by models in your unit have the [ASSAULT] ability. If such a weapon already has this ability, until the end of the phase, that weapon has the [SUSTAINED HITS 1] ability as well.
000008487007|SM|000000796|Stormlance Task Force|WIND-SWIFT EVASION|Strategic Ploy|1|Opponent’s turn|Movement phase|"WHEN: Your opponent’s Movement phase, just after an enemy unit ends a Normal, Advance or Fall Back move.¶TARGET: One Adeptus Astartes Infantry or Adeptus Astartes Mounted unit from your army that is within 8"" of that enemy unit.¶EFFECT: Your unit can make a Normal move of up to 6"".¶RESTRICTIONS: You cannot select a unit that is within Engagement Range of one or more enemy units."
000008487004|SM|000000796|Stormlance Task Force|FULL THROTTLE|Wargear|2|Your turn|Movement phase|"WHEN: Your Movement phase.¶TARGET: One ADEPTUS ASTARTES MOUNTED or ADEPTUS ASTARTES VEHICLE unit (excluding WALKERS) from your army.¶EFFECT: Until the end of the phase, if your unit Advances, do not make an Advance roll for it. Instead, until the end of the phase, add 6"" to the Move characteristic of models in your unit, or 9"" instead if your unit is MOUNTED."
000011122002|SM|000001212|Subversion Assets|ADAPTIVE OPERATIONS||1|Your turn|Shooting phase|WHEN: Your Shooting phase, when a friendly PHOBOS/SCOUT SQUAD unit starts an action.¶TARGET: That PHOBOS/SCOUT SQUAD unit.¶EFFECT: That action does not prevent your unit from being eligible to shoot.
000011122003|SM|000001212|Subversion Assets|STRIKE FROM THE SHADOWS||1|Your turn|Shooting phase|WHEN: Your Shooting phase, when a friendly PHOBOS/SCOUT SQUAD unit has shot.¶TARGET: That PHOBOS/SCOUT SQUAD unit.¶EFFECT: Those ranged attacks do not prevent your unit from being hidden.
000011122004|SM|000001212|Subversion Assets|CLOAKED POSITION||1|Opponent’s turn|Shooting phase|"WHEN: Start of your opponent’s Movement phase.¶TARGET: One friendly unengaged PHOBOS/SCOUT SQUAD unit.¶EFFECT: Your unit has -3"" detection range until the end of the turn."
000009191005|SM|000000901|The Angelic Host|MARTIAL EXEMPLARS|Battle Tactic|1|Either player’s turn|Fight phase|WHEN: Fight phase.¶TARGET: One Adeptus Astartes Jump Pack unit from your army that has not been selected to fight this phase.¶EFFECT: Until the end of the phase, melee weapons equipped by models in your unit have the [LETHAL HITS] and [PRECISION] abilities.
000009191004|SM|000000901|The Angelic Host|ANGEL’S SACRIFICE|Battle Tactic|1|Either player’s turn|Fight phase|WHEN: Start of the Fight phase.¶TARGET: One Adeptus Astartes Jump Pack unit from your army.¶EFFECT: Until the end of the phase, each time an enemy model within Engagement Range of your unit selects its targets, it must select your unit as the target of all of its attacks.
000009191003|SM|000000901|The Angelic Host|ARMOUR OF CONTEMPT|Battle Tactic|1|Either player’s turn|Shooting or Fight phase|WHEN: Your opponent’s Shooting phase or the Fight phase, just after an enemy unit has selected its targets.¶TARGET: One ADEPTUS ASTARTES unit from your army that was selected as the target of one or more of the attacking unit’s attacks.¶EFFECT: Until the attacking unit has finished making its attacks, each time an attack targets your unit, worsen the Armour Penetration characteristic of that attack by 1.
000009191006|SM|000000901|The Angelic Host|DESCENT OF ANGELS|Epic Deed|1|Your turn|Movement phase|"WHEN: Your Movement phase.¶TARGET: One Adeptus Astartes Jump Pack unit from your army that is arriving using the Deep Strike ability this phase.¶EFFECT: Your unit can be set up anywhere on the battlefield that is more than 6"" horizontally away from all enemy units.¶RESTRICTIONS: A unit targeted by this Stratagem is not eligible to declare a charge in the same turn."
000009191007|SM|000000901|The Angelic Host|DEATH FROM THE SKIES|Epic Deed|1|Your turn|Charge phase|WHEN: Your Movement phase, just after an Adeptus Astartes Jump Pack unit from your army Advances or Falls Back.¶TARGET: That ADEPTUS ASTARTES JUMP PACK unit.¶EFFECT: Until the end of the turn, your unit is eligible to shoot and declare a charge in a turn in which it Advanced or Fell Back.
000009191002|SM|000000901|The Angelic Host|UNBRIDLED ARDOUR|Epic Deed|1|Either player’s turn|Any phase|WHEN: Any phase.¶TARGET: One ADEPTUS ASTARTES unit from your army that was just destroyed. You can use this Stratagem on that unit even though it was just destroyed.¶EFFECT: Until the end of the battle, each time a friendly Sanguinary Guard unit makes an attack that targets the enemy unit that just destroyed your unit, you can re-roll the Hit roll and you can re-roll the Wound roll.
000009187003|SM|000000900|The Lost Brethren|ARMOUR OF CONTEMPT|Battle Tactic|1|Either player’s turn|Shooting or Fight phase|WHEN: Your opponent’s Shooting phase or the Fight phase, just after an enemy unit has selected its targets.¶TARGET: One ADEPTUS ASTARTES unit from your army that was selected as the target of one or more of the attacking unit’s attacks.¶EFFECT: Until the attacking unit has finished making its attacks, each time an attack targets your unit, worsen the Armour Penetration characteristic of that attack by 1.
000009187005|SM|000000900|The Lost Brethren|FURIOUS ONSLAUGHT|Battle Tactic|1|Either player’s turn|Fight phase|"WHEN: Fight phase.¶TARGET: One Death Company unit from your army, just before that unit Piles-in.¶EFFECT: Until the end of the phase, each time a model in your unit makes a Pile-in move, it can move up to D3+3"" instead of up to 3"". If your unit is within 12"" of one or more friendly Chaplain models, or if it is below Starting Strength, it can move up to 6"" instead. In either case, it can only do so provided your unit ends that Pile-in move in Unit Coherency and within Engagement Range of one or more enemy units."
000009187006|SM|000000900|The Lost Brethren|LOST TO RAGE|Battle Tactic|1|Either player’s turn|Fight phase|"WHEN: Fight phase.¶TARGET: One Death Company unit from your army that is below Starting Strength and has not been selected to fight this phase.¶EFFECT: Until the end of the phase, improve the Attacks, Stength and Armour Penetration characteristics of melee weapons equipped by models in your unit by 1 and, unless your unit is within 12"" of one or more friendly Chaplain models, until the end of the phase, those weapons have the [HAZARDOUS] ability."
000009187004|SM|000000900|The Lost Brethren|FINAL RETRIBUTION|Epic Deed|1|Either player’s turn|Fight phase|"WHEN: Fight phase, just after an enemy unit has selected its targets.¶TARGET: One Death Company unit from your army that was selected as the target of one or more of the attacking unit’s attacks.¶EFFECT: Until the end of the phase, each time a model in your unit is destroyed, if that model has not fought this phase, roll one D6, adding 1 to the result if your unit is within 12"" of one or more friendly Chaplain models; on a 4+, do not remove it from play. The destroyed model can fight after the attacking unit has finished making its attacks, and is then removed from play."
000009187002|SM|000000900|The Lost Brethren|GLORIOUS SACRIFICE|Epic Deed|1|Either player’s turn|Any phase|WHEN: Any phase.¶TARGET: One Death Company unit from your army that was just destroyed while it was within range of an objective marker you controlled. You can use this Stratagem on that unit even though it was just destroyed.¶EFFECT: That objective marker remains under your control, even if you have no models within range of it, until your opponent controls it at the start or end of any turn.
000009187007|SM|000000900|The Lost Brethren|WRATHFUL RAMPAGE|Strategic Ploy|1|Your turn|Movement phase|"WHEN: Your Movement phase, just after a Death Company unit from your army Advances.¶TARGET: That DEATH COMPANY unit.¶EFFECT: Until the end of the turn, your unit is eligible to declare a charge in a turn in which it Advanced. If your unit is within 12"" of one or more friendly Chaplain models, or it is below its Starting Strength, until the end of the turn, your unit is eligible to shoot and declare a charge in a turn in which it Advanced."
000008389002|SM|000000834|Unforgiven Task Force|ARMOUR OF CONTEMPT|Battle Tactic|1|Either player’s turn|Shooting or Fight phase|WHEN: Your opponent’s Shooting phase or the Fight phase, just after an enemy unit has selected its targets.¶TARGET: One ADEPTUS ASTARTES unit from your army that was selected as the target of one or more of the attacking unit’s attacks.¶EFFECT: Until the attacking unit has finished making its attacks, each time an attack targets your unit, worsen the Armour Penetration characteristic of that attack by 1.
000008389007|SM|000000834|Unforgiven Task Force|UNBREAKABLE LINES|Battle Tactic|2|Opponent’s turn|Charge phase|WHEN: Your opponent’s Charge phase, just after an enemy unit ends a Charge move.¶TARGET: One ADEPTUS ASTARTES unit from your army within Engagement Range of that enemy unit.¶EFFECT: Until the end of the turn, each time an attack targets your unit, subtract 1 from the Wound roll.
000008389005|SM|000000834|Unforgiven Task Force|FIRE DISCIPLINE|Battle Tactic|1|Your turn|Shooting phase|WHEN: Your Shooting phase.¶TARGET: One ADEPTUS ASTARTES unit from your army that has not been selected to shoot this phase.¶EFFECT: Until the end of the phase, ranged weapons equipped by models in that unit have the [ASSAULT], [HEAVY] and [IGNORES COVER] abilities.
000008389003|SM|000000834|Unforgiven Task Force|UNFORGIVEN FURY|Battle Tactic|1|Either player’s turn|Shooting or Fight phase|WHEN: Your Shooting phase or the Fight phase.¶TARGET: One ADEPTUS ASTARTES unit from your army that has not been selected to shoot or fight this phase.¶EFFECT: Until the end of the phase, weapons equipped by models in your unit have the [LETHAL HITS] ability. In addition, if one or more ADEPTUS ASTARTES units from your army are currently Battle-shocked, until the end of the phase, each time a model in your unit makes an attack, a successful unmodified Hit roll of 5+ scores a Critical Hit.
000008389006|SM|000000834|Unforgiven Task Force|GRIM RETRIBUTION|Strategic Ploy|1|Opponent’s turn|Shooting phase|WHEN: Your opponent’s Shooting phase, just after an enemy unit has shot.¶TARGET: One ADEPTUS ASTARTES unit from your army that had one or more models destroyed as a result of the attacking unit’s attacks.¶EFFECT: Your unit can shoot as if it were your Shooting phase, but it must target the enemy unit that just attacked it, and can only do so if that enemy unit is an eligible target.
000008389004|SM|000000834|Unforgiven Task Force|INTRACTABLE|Strategic Ploy|1|Your turn|Movement phase|WHEN: Your Movement phase, just after an ADEPTUS ASTARTES unit from your army Falls Back.¶TARGET: That ADEPTUS ASTARTES unit.¶EFFECT: Until the end of the turn, your unit is eligible to shoot and declare a charge in a turn in which it Fell Back.
000008491003|SM|000000797|Vanguard Spearhead|ARMOUR OF CONTEMPT|Battle Tactic|1|Either player’s turn|Shooting or Fight phase|WHEN: Your opponent’s Shooting phase or the Fight phase, just after an enemy unit has selected its targets.¶TARGET: One ADEPTUS ASTARTES unit from your army that was selected as the target of one or more of the attacking unit’s attacks.¶EFFECT: Until the attacking unit has finished making its attacks, each time an attack targets your unit, worsen the Armour Penetration characteristic of that attack by 1.
000008491004|SM|000000797|Vanguard Spearhead|SURGICAL STRIKES|Battle Tactic|2|Either player’s turn|Fight phase|WHEN: Fight phase.¶TARGET: One ADEPTUS ASTARTES INFANTRY unit from your army that has not been selected to fight this phase.¶EFFECT: Until the end of the phase, melee weapons equipped by models in your unit have the [PRECISION] ability.
000008491005|SM|000000797|Vanguard Spearhead|STRIKE FROM THE SHADOWS|Battle Tactic|1|Your turn|Shooting phase|"WHEN: Your Shooting phase.¶TARGET: One ADEPTUS ASTARTES INFANTRY unit from your army that has not been selected to shoot this phase.¶EFFECT: Until the end of the phase, each time a model in your unit makes a ranged attack that targets an enemy unit that is more than 12"" away, improve the Ballistic Skill and Armour Penetration characteristics of that attack by 1. If one or more enemy models are destroyed as a result of those attacks, select one of those destroyed models; that destroyed model’s unit must take a Battle-shock test."
000008491007|SM|000000797|Vanguard Spearhead|GUERRILLA TACTICS|Strategic Ploy|1|Opponent’s turn|Fight phase|"WHEN: End of your opponent’s Fight phase.¶TARGET: Up to two PHOBOS and/or SCOUT SQUAD units from your army, or one other ADEPTUS ASTARTES INFANTRY unit from your army.¶EFFECT: Remove those units from the battlefield and place them into Strategic Reserves.¶RESTRICTIONS: Each unit selected for this Stratagem must be more than 3"" away from all enemy models."
000008491006|SM|000000797|Vanguard Spearhead|CALCULATED FEINT|Strategic Ploy|1|Opponent’s turn|Charge phase|"WHEN: Your opponent’s Charge phase, just after an enemy unit declares a charge.¶TARGET: One friendly ADEPTUS ASTARTES INFANTRY unit within 12"" of that enemy unit.¶EFFECT: Your unit can make a Normal move of up to D6"", or up to 6"" instead if it is a PHOBOS or SCOUT SQUAD unit.¶RESTRICTION: You cannot select a unit that is within Engagement Range of one or more enemy units."
000008491002|SM|000000797|Vanguard Spearhead|A DEADLY PRIZE|Wargear|1|Either player’s turn|Command phase|WHEN: Start of the Command phase.¶TARGET: One ADEPTUS ASTARTES INFANTRY or ADEPTUS ASTARTES MOUNTED unit from your army within range of an objective marker you control.¶EFFECT: That objective marker is said to be Sabotaged, and remains under your control even if you have no models within range of it, until your opponent controls it at the start or end of any turn. While an objective marker is Sabotaged and under your control, each time an enemy unit ends a Normal, Advance, Fall Back or Charge move within range of that objective marker, roll one D6: on a 2+, that enemy unit suffers D3 mortal wounds.
000011114002|SM|000001221|Vengeful Hosts|METEORIC ONSLAUGHT||1|Either player’s turn|Fight phase|WHEN: Fight phase, when a friendly ADEPTUS ASTARTES FLY INFANTRY unit that made a charge move this turn is selected to attack.¶TARGET: That friendly ADEPTUS ASTARTES FLY INFANTRY unit.¶EFFECT: Your unit’s melee attacks have +1 S.
000011114003|SM|000001221|Vengeful Hosts|PURGE BY SECTORS||1|Either player’s turn|Fight phase|"WHEN: End of the Fight phase.¶TARGET: One friendly unengaged ADEPTUS ASTARTES FLY INFANTRY unit that was eligible to fight this phase.¶EFFECT: Your unit can make a normal move of up to D3+3""."
000011114004|SM|000001221|Vengeful Hosts|KNOW NO FEAR||1|Your turn|Command phase|WHEN: Your Command phase.¶TARGET: One friendly battle-shocked ADEPTUS ASTARTES unit. You can target that unit with this stratagem even though it is battle-shocked.¶EFFECT: Your unit is no longer battle-shocked.
000011108002|SM|000001208|Veterans of the Fang|GRIZZLED KILLERS||1|Either player’s turn|Fight phase|WHEN: Fight phase, when a friendly GREY HUNTERS unit is selected to fight.¶TARGET: That GREY HUNTERS unit.¶EFFECT: Your unit’s melee attacks have:¶• [SUSTAINED HITS 1].¶• OR: [LETHAL HITS].
000011108003|SM|000001208|Veterans of the Fang|ICY CALM||1|Your turn|Movement phase|WHEN: Your Movement phase, when a friendly GREY HUNTERS unit is selected to make an advance/fall-back move.¶TARGET: That GREY HUNTERS unit.¶EFFECT: That move does not prevent your unit from being eligible to start an action.
000011108004|SM|000001208|Veterans of the Fang|BLADE-KEEN SENSES||1|Your turn|Shooting phase|"WHEN: Start of your Shooting phase.¶TARGET: One friendly unengaged GREY HUNTERS unit.¶EFFECT: Select one visible enemy unit within 24"" of your unit. That enemy unit has +6"" detection range."
000010397004|SM|000001092|Vindication Task Force|SPOOR OF THE UNHOLY|Battle Tactic|1|Either player’s turn|Shooting or Fight phase|WHEN: Your Shooting phase or the Fight phase.¶TARGET: One ADEPTUS ASTARTES unit from your army that has not been selected to shoot or fight this phase.¶EFFECT: Until the end of the phase, ranged weapons equipped by models in your unit have the [IGNORES COVER] ability and each time a model in your unit makes an attack, you can ignore any or all modifiers to the following: that attack’s Ballistic Skill or Weapon Skill characteristic; the Hit roll.
000010397003|SM|000001092|Vindication Task Force|LITANIES OF PURGATION|Battle Tactic|1|Either player’s turn|Fight phase|WHEN: Fight phase.¶TARGET: One ADEPTUS ASTARTES unit from your army that has not been selected to fight this phase.¶EFFECT: Until the end of the phase, each time a model in your unit makes an attack, if that model’s unit is within range of one or more objective markers or the target unit is within range of one or more objective markers, improve the Armour Penetration characteristic of that attack by 1.
000010397002|SM|000001092|Vindication Task Force|REFUSAL TO YIELD|Epic Deed|1|Either player’s turn|Any phase|WHEN: Any phase, just after an Ancient model from your army is destroyed.¶TARGET: That ANCIENT model. You can use this Stratagem on that model even though it was just destroyed.¶EFFECT: At the end of the phase, set your model back up on the battlefield, as close as possible to where it was destroyed and not within Engagement Range of one or more enemy units, with its full wounds remaining.¶RESTRICTIONS: You cannot target the same model with this Stratagem more than once per battle.
000010397005|SM|000001092|Vindication Task Force|RECLAIM OUR HONOUR!|Strategic Ploy|1|Either player’s turn|Shooting or Fight phase|WHEN: Your opponent’s Shooting phase or the Fight phase, just after an enemy unit destroys an Ancient model from your army that has not been targeted with the Refusal to Yield Stratagem this phase.¶TARGET: One ADEPTUS ASTARTES unit from your army visible to that enemy unit.¶EFFECT: Until the end of the battle, each time an ADEPTUS ASTARTES model from your army makes an attack that targets that enemy unit, add 1 to the Hit roll.¶RESTRICTIONS: You cannot target that ANCIENT model with the Refusal to Yield Stratagem this phase.
000010397006|SM|000001092|Vindication Task Force|RECITATION OF THE REVERED|Strategic Ploy|1|Opponent’s turn|Shooting phase|WHEN: Your opponent’s Shooting phase, just after an enemy unit has selected its targets.¶TARGET: One Ancient unit from your army that was selected as the target of one or more of the attacking unit’s attacks.¶EFFECT: Until the end of the phase, each time an attack targets your unit, subtract 1 from the Hit roll.
000010397007|SM|000001092|Vindication Task Force|PERFERVID INTERVENTION|Strategic Ploy|2|Opponent’s turn|Charge phase|"WHEN: End of your opponent’s Charge phase.¶TARGET: One ADEPTUS ASTARTES unit from your army that is within 6"" of one or more enemy units and would be eligible to declare a charge against one or more of those enemy units if it were your Charge phase.¶EFFECT: Your unit now declares a charge that only targets one or more of those enemy units, and you resolve that charge.¶RESTRICTIONS: Note that even if this charge is successful, your unit does not receive any Charge bonus this turn."
000011088002|SM|000001215|Wrath of the Doomed|DEATH BEGETS VENGEANCE||1|Either player’s turn|Any phase|WHEN: Any phase, when a friendly DEATH COMPANY unit is destroyed by an enemy unit.¶TARGET: That enemy unit.¶EFFECT: That enemy unit is hated until the end of the battle:¶While a unit is hated, friendly DEATH COMPANY units’ attacks that target that unit have +1 to wound rolls.
000011088004|SM|000001215|Wrath of the Doomed|RAGE-FUELLED RESPONSE||1|Opponent’s turn|Shooting phase|"WHEN: Your opponent’s Shooting phase, when an enemy unit that targeted a friendly unengaged DEATH COMPANY unit has shot.¶TARGET: That DEATH COMPANY unit.¶EFFECT: Your unit can make a surge move of up to D6""."
000011088003|SM|000001215|Wrath of the Doomed|NO BARRIER TO RETRIBUTION||1|Your turn|Movement or Charge phase|WHEN: Your Movement or your Charge phase, when a friendly DEATH COMPANY DREADNOUGHT unit is selected to make a normal/advance/charge move.¶TARGET: That DEATH COMPANY DREADNOUGHT unit.¶EFFECT: Your unit has MOBILE.
000010161002|SM|000001059|Wrath of the Rock|INESCAPABLE JUSTICE|Battle Tactic|2|Either player’s turn|Any phase|"WHEN: Any phase, just after your Oath of Moment target is destroyed.¶TARGET: One Adeptus Astartes Character unit that is on the battlefield.¶EFFECT: Select one enemy unit within 12"" and visible to your unit. That enemy unit becomes your Oath of Moment target until the start of your next Command phase."
000010161005|SM|000001059|Wrath of the Rock|TACTICAL MASTERY|Battle Tactic|1|Your turn|Movement phase|WHEN: Your Movement phase.¶TARGET: One ADEPTUS ASTARTES unit from your army.¶EFFECT: Until the end of the turn, your unit is eligible to shoot and declare a charge in a turn in which it Advanced. If your unit has the Ravenwing keyword, it is also eligible to shoot and declare a charge in a turn in which it Fell Back.
000010161004|SM|000001059|Wrath of the Rock|ARMOUR OF CONTEMPT|Battle Tactic|1|Either player’s turn|Shooting or Fight phase|WHEN: Your opponent’s Shooting phase or the Fight phase, just after an enemy unit has selected its targets.¶TARGET: One ADEPTUS ASTARTES unit from your army that was selected as the target of one or more of the attacking unit’s attacks.¶EFFECT: Until the attacking unit has finished making its attacks, each time an attack targets your unit, worsen the Armour Penetration characteristic of that attack by 1.
000010161003|SM|000001059|Wrath of the Rock|LION’S WILL|Strategic Ploy|1|Either player’s turn|Command phase|WHEN: Command phase.¶TARGET: One ADEPTUS ASTARTES unit from your army that is within Engagement Range of one or more enemy units.¶EFFECT: Until the start of your next Command phase, add 1 to the Objective Control characteristic of models in your unit. In addition, until the end of the turn, if your unit does not have the Deathwing, Ravenwing or Vehicle keyword, each time a model in your unit makes an attack, add 1 to the Hit roll.
000010161007|SM|000001059|Wrath of the Rock|LEONINE AGGRESSION|Strategic Ploy|1|Opponent’s turn|Charge phase|"WHEN: End of your opponent’s Charge phase.¶TARGET: One ADEPTUS ASTARTES unit from your army within 3"" of one or more enemy units, or one Deathwing unit from your army within 6"" of one or more enemy units.¶EFFECT: Your unit now declares a charge that only targets one or more of those enemy units, and you resolve that charge.¶RESTRICTIONS: Note that even if this charge is successful, your unit does not receive any Charge bonus this turn."
000010161006|SM|000001059|Wrath of the Rock|RELICS OF THE DARK AGE|Strategic Ploy|1|Your turn|Shooting phase|WHEN: Your Shooting phase.¶TARGET: One Adeptus Astartes Infantry or Adeptus Astartes Mounted unit from your army that has not been selected to shoot this phase.¶EFFECT: Until the end of the phase, add 2 to the Strength characteristic of ranged weapons equipped by models in your unit.
000009844004|SM|000001006|Wrathful Procession|RITE OF PERFERVID WRATH||1|Either player’s turn|Fight phase|WHEN: Fight phase, when a friendly CHAPLAIN unit is selected to fight.¶TARGET: That CHAPLAIN unit.¶EFFECT: Your unit’s melee attacks have +1 S.
000009844003|SM|000001006|Wrathful Procession|CASTIGATE THE DEMAGOGUES||1|Either player’s turn|Fight phase|WHEN: Fight phase, when a friendly CHAPLAIN unit is selected to fight.¶TARGET: That CHAPLAIN unit.¶EFFECT: Your unit’s melee attacks have [PRECISION].
000009844002|SM|000001006|Wrathful Procession|FUELLED BY FAITH||1|Either player’s turn|Any phase|WHEN: Any phase, when a friendly CHAPLAIN unit suffers a mortal wound.¶TARGET: That CHAPLAIN unit.¶EFFECT: Your unit has Feel No Pain 4+ against mortal wounds.
000010897004|TAU|000001200|Advanced Acquisition Cadre|AUTOREACTIVE CAMOUFLAGE||1|Opponent’s turn|Shooting phase|WHEN: Your opponent’s Shooting phase, when an enemy unit targets a friendly PATHFINDER TEAM/ STEALTH BATTLESUITS unit, if that friendly unit is hidden.¶TARGET: That PATHFINDER TEAM/STEALTH BATTLESUITS unit.¶EFFECT: Your unit has +1 Sv.
000010897003|TAU|000001200|Advanced Acquisition Cadre|MICRODRONE SUPPORT||1|Your turn|Shooting phase|WHEN: Your Shooting phase, when a friendly PATHFINDER TEAM/ STEALTH BATTLESUITS unit starts an action.¶TARGET: That PATHFINDER TEAM/STEALTH BATTLESUITS unit.¶EFFECT: That action does not prevent your unit from being eligible to shoot.
000010897002|TAU|000001200|Advanced Acquisition Cadre|MARKER BEACON||1|Your turn|Movement phase|WHEN: End of your Movement phase.¶TARGET: One friendly PATHFINDER TEAM/STEALTH BATTLESUITS unit.¶EFFECT: Select one objective your unit is controlling. That objective is secured.
000009984002|TAU|000001028|Experimental Prototype Cadre|EXPERIMENTAL AMMUNITION||1|Your turn|Shooting phase|WHEN: Your Shooting phase, when a friendly BATTLESUIT CHARACTER unit is selected to shoot.¶TARGET: That BATTLESUIT CHARACTER unit.¶EFFECT: Your unit’s ranged attacks have:¶• +1 S.¶• OR: +1 S, AP and [HAZARDOUS].
000008443004|TAU|000000781|Kauyon|COORDINATE TO ENGAGE|Battle Tactic|1|Your turn|Shooting phase|WHEN: Your Shooting phase.¶TARGET: One T’AU EMPIRE unit from your army that has just been selected as an Observer unit (see For the Greater Good).¶EFFECT: Until the end of the phase, each time a model in your unit makes an attack that targets their Spotted unit, improve the Ballistic Skill characteristic of that attack by 1 and, if your unit has the Markerlight keyword, that attack has the [IGNORES COVER] ability.
000008443003|TAU|000000781|Kauyon|POINT-BLANK AMBUSH|Battle Tactic|1|Your turn|Shooting phase|"WHEN: Your Shooting phase.¶TARGET: One T’AU EMPIRE unit from your army that has not been selected to shoot this phase.¶EFFECT: Until the end of the phase, each time a model in your unit makes a ranged attack that targets an enemy unit within 9"", improve the Armour Penetration characteristic of that attack by 1.¶RESTRICTIONS: You cannot use this Stratagem during the first or second battle rounds."
000008443002|TAU|000000781|Kauyon|A TEMPTING TRAP|Battle Tactic|1|Your turn|Shooting phase|WHEN: Your Shooting phase.¶TARGET: One T’AU EMPIRE unit from your army that has not been selected to shoot this phase. The first time you use this Stratagem, you must also select one objective marker that is not in your opponent’s deployment zone; until the end of the battle, this becomes your Trap objective marker.¶EFFECT: Until the end of the phase, each time a model in your unit makes a ranged attack that targets an enemy unit within range of your Trap objective marker, add 1 to the Wound roll.¶RESTRICTIONS: You cannot use this Stratagem during the first or second battle rounds.
000008443007|TAU|000000781|Kauyon|WALL OF MIRRORS|Battle Tactic|1|Opponent’s turn|Fight phase|WHEN: End of your opponent’s Fight phase.¶TARGET: One Stealth, Ghostkeel or Commander Shadowsun unit from your army.¶EFFECT: Remove your unit from the battlefield and place it into Strategic Reserves.¶RESTRICTIONS: You cannot target a unit that is within Engagement Range of one or more enemy units.
000008443006|TAU|000000781|Kauyon|PHOTON GRENADES|Wargear|1|Opponent’s turn|Charge phase|WHEN: Your opponent's charge phase, just after an enemy unit has selected its charge target.¶TARGET: One T’AU EMPIRE GRENADES unit from your army that was selected as one of the targets of that charge.¶EFFECT: That enemy unit must immediately take a Battle-shock test, and until the end of the phase, subtract 2 from Charge rolls made for that enemy unit.¶RESTRICTION: You cannot target a unit that is within Engagement Range of one or more enemy units.
000008443005|TAU|000000781|Kauyon|COMBAT EMBARKATION|Wargear|1|Opponent’s turn|Charge phase|"WHEN: Your opponent’s Charge phase, just after an enemy unit has declared a charge.¶TARGET: One T’au Empire Infantry unit from your army that was selected as one of the targets of that charge, and one friendly Transport.¶EFFECT: Your unit can embark within that TRANSPORT. If it does, your opponent can select new targets for that charge.¶RESTRICTIONS: Every model in your T’AU EMPIRE INFANTRY unit must be within 3"" of that TRANSPORT and there must be sufficient transport capacity to embark the entire unit."
000008822002|TAU|000000847|Kroot Hunting Pack|JOIN THE HUNT|Battle Tactic|2|Either player’s turn|Any phase|WHEN: Any phase.¶TARGET: One Kroot Infantry or Kroot Hounds unit from your army that was just destroyed. You can use this Stratagem on that unit even though it was just destroyed.¶EFFECT: Add a new unit to your army identical to your destroyed unit, in Strategic Reserves, at its Starting Strength.¶RESTRICTIONS: This Stratagem cannot be used to return destroyed Character units to Attached units. You can only use this Stratagem once per battle.
000008822003|TAU|000000847|Kroot Hunting Pack|A TRAP WELL LAID|Battle Tactic|1|Either player’s turn|Shooting or Fight phase|WHEN: Your Shooting phase or the Fight phase.¶TARGET: One Kroot unit from your army that has not been selected to shoot or fight this phase.¶EFFECT: After your unit has resolved its attacks this phase, select one enemy unit that was hit by one or more of those attacks. Until the end of the phase, each time a KROOT model from your army makes an attack that targets that enemy unit, unless the attacking unit is Battle-shocked, improve the Armour Penetration characteristic of that attack by 1.
000008822005|TAU|000000847|Kroot Hunting Pack|THE GRISLY FEAST|Strategic Ploy|1|Either player’s turn|Fight phase|"WHEN: Fight phase.¶TARGET: One Kroot unit from your army that destroyed one or more enemy units this phase.¶EFFECT: In your opponent’s next Command phase, each enemy unit within 6"" of your unit must take a Battle-shock test. If the unit taking that test is Below Half-strength, subtract 1 from that test. Enemy units affected by this Stratagem do not need to take any other Battle-shock tests in the same phase."
000008822006|TAU|000000847|Kroot Hunting Pack|GUERRILLA WARRIORS|Strategic Ploy|1|Your turn|Movement phase|WHEN: Your Movement phase, just after a Kroot unit from your army Falls Back.¶TARGET: That KROOT unit.¶EFFECT: Until the end of the turn, your unit is eligible to shoot and declare a charge.
000008822007|TAU|000000847|Kroot Hunting Pack|HIDDEN HUNTERS|Strategic Ploy|1|Opponent’s turn|Shooting phase|"WHEN: Your opponent’s Shooting phase, just after an enemy unit has selected its targets.¶TARGET: One Kroot unit from your army that was selected as the target of one or more of the attacking unit’s attacks.¶EFFECT: Until the end of the phase, your unit can only be selected as the target of a ranged attack if the attacking model is within 18""."
000008822004|TAU|000000847|Kroot Hunting Pack|EMP GRENADES|Wargear|1|Either player’s turn|Shooting or Fight phase|"WHEN: Your opponent’s Shooting phase or the Fight phase, just after an enemy VEHICLE unit is selected to shoot or fight.¶TARGET: One Kroot Grenades unit from your army within 8"" of that enemy VEHICLE unit.¶EFFECT: Until the end of the phase, worsen the Weapon Skill and Ballistic Skill characteristics of that enemy VEHICLE unit’s weapons by 1."
000008812005|TAU|000000845|Mont’ka|COMBAT DEBARKATION|Battle Tactic|1|Your turn|Shooting phase|WHEN: Your Shooting phase.¶TARGET: One T’au Empire Infantry unit from your army that disembarked from a TRANSPORT this turn.¶EFFECT: Until the end of the phase, each time a model in your unit makes an attack that targets the closest enemy unit, you can re-roll the Wound roll.
000008812004|TAU|000000845|Mont’ka|FOCUSED FIRE|Battle Tactic|1|Your turn|Shooting phase|WHEN: Start of your Shooting phase.¶TARGET: Two T’AU EMPIRE units from your army that have not been selected to shoot this phase, and one enemy unit.¶EFFECT: Until the end of the phase, each time a model in either of your units makes an attack, it can only target that enemy unit (and only if it is an eligible target for that attack), and when resolving that attack, improve the Armour Penetration characteristic by 1.¶RESTRICTIONS: You cannot use this Stratagem during the fourth or fifth battle rounds.
000008812003|TAU|000000845|Mont’ka|AGGRESSIVE MOBILITY|Battle Tactic|1|Your turn|Movement phase|"WHEN: Your Movement phase.¶TARGET: One T’AU EMPIRE unit from your army that has not been selected to move this phase.¶EFFECT: Until the end of the phase, if your unit Advances, do not make an Advance roll for it. Instead, until the end of the phase, add 6"" to the Move characteristic of models in your unit."
000008812002|TAU|000000845|Mont’ka|PINPOINT COUNTER-OFFENSIVE|Battle Tactic|1|Either player’s turn|Any phase|WHEN: Any phase.¶TARGET: One T’AU EMPIRE unit (excluding Kroot units) from your army that was just destroyed. You can use this Stratagem on that unit even though it was just destroyed.¶EFFECT: Until the end of the battle, each time a T’AU EMPIRE unit (excluding KROOT units) from your army makes an attack that targets the enemy unit that just destroyed your unit, you can re-roll the Hit roll.
000008812006|TAU|000000845|Mont’ka|PULSE ONSLAUGHT|Strategic Ploy|2|Your turn|Shooting phase|WHEN: Your Shooting phase.¶TARGET: One T’au Empire Infantry unit (excluding Kroot units) from your army that has just shot, and one enemy unit (excluding MONSTERS and VEHICLES) hit by one or more of those attacks.¶EFFECT: Until the end of your opponent’s next turn, that enemy unit is shaken. While a unit is shaken, subtract 2 from its Move characteristic and subtract 2 from Advance and Charge rolls made for it.
000008812007|TAU|000000845|Mont’ka|COUNTERFIRE DEFENCE SYSTEMS|Wargear|2|Opponent’s turn|Shooting phase|WHEN: Your opponent’s Shooting phase, just after an enemy unit has selected its targets.¶TARGET: One T’AU EMPIRE unit from your army that was selected as the target of one or more of the attacking unit’s attacks.¶EFFECT: Until the end of the phase, each time an attack is allocated to your unit, subtract 1 from the Damage characteristic of that attack.
000008816005|TAU|000000846|Retaliation Cadre|THE ARRO’KON PROTOCOL|Battle Tactic|1|Your turn|Shooting phase|WHEN: Your Shooting phase.¶TARGET: One T’au Empire Battlesuit unit from your army that has not been selected to shoot this phase.¶EFFECT: Until the end of the phase, each time a model in your unit makes an attack that targets an enemy unit that contains 6 or more models, that attack has the [SUSTAINED HITS 1] ability. If that attack targets an enemy unit that contains 11 or more models, it has the [SUSTAINED HITS 2] ability instead.
000008816002|TAU|000000846|Retaliation Cadre|FAIL-SAFE DETONATOR|Epic Deed|2|Either player’s turn|Any phase|"WHEN: Any phase, just after a T’au Empire Battlesuit model from your army is destroyed.¶TARGET: That destroyed model’s unit. You can use this Stratagem on that unit even if that unit was just destroyed.¶EFFECT: Before removing your model from play, if it has the Deadly Demise ability, do not roll for that ability; instead, you can choose whether the result of that roll is a 1 or a 6. If your model does not have the Deadly Demise ability, roll one D6 for each unit within 6"" of it: on a 4+, that unit suffers D3 mortal wounds."
000008816006|TAU|000000846|Retaliation Cadre|THE TORCHSTAR GAMBIT|Strategic Ploy|1|Your turn|Shooting phase|WHEN: Your Shooting phase.¶TARGET: One T’au Empire Battlesuit unit from your army that can FLY whose attacks have been resolved this phase.¶EFFECT: If your unit is not within Engagement Range of one or more enemy units, it can make a Normal move. If it does, your unit cannot declare a charge this turn
000008816007|TAU|000000846|Retaliation Cadre|GRAV-INHIBITOR FIELD|Strategic Ploy|1|Opponent’s turn|Charge phase|WHEN: Your opponent’s Charge phase, just after an enemy unit has declared a charge.¶TARGET: One T’au Empire Battlesuit unit from your army that was selected as a target of that charge.¶EFFECT: That enemy unit must immediately take a Battle-shock test and you must roll one D6 for each model in that enemy unit: for each 6, that enemy unit suffers 1 mortal wound.
000008816004|TAU|000000846|Retaliation Cadre|THE SHORTENED BLADE|Strategic Ploy|2|Your turn|Movement phase|"WHEN: Your Movement phase.¶TARGET: One T’au Empire Battlesuit unit from your army that is arriving using the Deep Strike ability this phase.¶EFFECT: Your unit can be set up anywhere on the battlefield that is more than 6"" horizontally away from all enemy models.¶RESTRICTIONS: A unit targeted with this Stratagem is not eligible to declare a charge in the same turn."
000008816003|TAU|000000846|Retaliation Cadre|STIMM INJECTORS|Wargear|1|Either player’s turn|Shooting or Fight phase|WHEN: Your opponent’s Shooting phase or the Fight phase, just after an enemy unit has selected its targets.¶TARGET: One T’au Empire Battlesuit unit from your army that was selected as the target of one or more of the attacking unit’s attacks.¶EFFECT: Until the end of the phase, models in your unit have the Feel No Pain 6+ ability.
000010198002|TS|000001062|Changehost of Deceit|SULPHUROUS VEIL|Battle Tactic|1|Either player’s turn|Shooting or Fight phase|WHEN: Your opponent’s Shooting phase or the Fight phase, just after an enemy unit has selected its targets.¶TARGET: One Thousand Sons or Scintillating Legions unit from your army that was selected as the target of one or more of the attacking unit’s attacks.¶EFFECT: Until the end of the phase, each time an attack targets your unit, subtract 1 from the Hit roll.
000010198007|TS|000001062|Changehost of Deceit|GLIMMERSHIFT PORTAL|Strategic Ploy|1|Opponent’s turn|Fight phase|"WHEN: End of your opponent’s Fight phase.¶TARGET: Up to two Scintillating Legions units from your army (excluding Monsters), or one Scintillating Legions Monster unit from your army, if all of those units are more than 6"" horizontally away from all enemy units.¶EFFECT: Remove those units from the battlefield and place them into Strategic Reserves."
000010198006|TS|000001062|Changehost of Deceit|CHRONOSORCEROUS BLEED|Strategic Ploy|1|Opponent’s turn|Charge phase|"WHEN: Start of your opponent’s Charge phase.¶TARGET: One friendly unengaged THOUSAND SONS PSYKER/SCINTILLATING LEGIONS unit.¶EFFECT: Select one visible enemy unit within 12"" of your unit. When that enemy unit declares a charge, that enemy unit has -1 to charge rolls."
000010198005|TS|000001062|Changehost of Deceit|FRACTAL DISJUNCTION|Strategic Ploy|1|Opponent’s turn|Shooting phase|"WHEN: Your opponent’s Shooting phase, just after an enemy unit has selected its targets.¶TARGET: One Scintillating Legions unit from your army (excluding Monsters) that was selected as the target of one or more of the attacking unit’s attacks.¶EFFECT: Until the end of the phase, your unit can only be selected as the target of a ranged attack if the attacking model is within 18""."
000010198004|TS|000001062|Changehost of Deceit|ETHEREAL PHANTASM|Strategic Ploy|1|Opponent’s turn|Movement phase|"WHEN: Your opponent’s Movement phase, just after an enemy unit ends a Normal, Advance or Fall Back move.¶TARGET: One Scintillating Legions unit from your army that is within 8"" of that enemy unit and not within Engagement Range of one or more enemy units.¶EFFECT: Your unit can make a Normal move of up to D6"", or a Normal move of up to 6"" instead if it is wholly within 6"" of one or more friendly Thousand Sons units."
000010198003|TS|000001062|Changehost of Deceit|DECEPTIVE GLAMOUR|Strategic Ploy|2|Either player’s turn|Fight phase|WHEN: Start of the Fight phase.¶TARGET: One Thousand Sons unit from your army.¶EFFECT: Until the end of the phase, each time an enemy model within Engagement Range of your unit selects targets for its attacks, it can only target your unit if there are no eligible Scintillating Legions targets for those attacks.
000010194007|TS|000001061|Grand Coven|DEVASTATING SORCERY|Battle Tactic|2|Your turn|Shooting phase|"WHEN: Your Shooting phase.¶TARGET: One Thousand Sons Psyker unit from your army that has not been selected to shoot this phase.¶EFFECT: Until the end of the phase, add 9"" to the Range characteristic of Psychic weapons equipped by models in your unit, and each time a model in your unit makes an attack with a Psychic weapon, you can re-roll the Hit roll and you can re-roll the Wound roll."
000010194002|TS|000001061|Grand Coven|PSYCHIC DOMINION|Epic Deed|1|Either player’s turn|Any phase|WHEN: Any phase, just after an enemy unit has selected its targets.¶TARGET: One Thousand Sons unit from your army that was selected as the target of one or more of the attacking unit’s attacks.¶EFFECT: Until the end of the phase, Psychic weapons equipped by models in the attacking unit have the [hazardous] ability, and models in your unit have the Feel No Pain 4+ ability against Psychic Attacks.
000010194003|TS|000001061|Grand Coven|DESTINED BY FATE|Epic Deed|1|Either player’s turn|Any phase|WHEN: Any phase, just after a saving throw is failed for a Thousand Sons Psyker model from your army. If you are using fast dice rolling, this Stratagem can still be used after rolling multiple saving throws at once.¶TARGET: That PSYKER model.¶EFFECT: Change the Damage characteristic of that attack to 0. If you are using fast dice rolling, select one of those attacks you failed a saving throw for.
000010194005|TS|000001061|Grand Coven|DESECRATION OF WORLDS|Epic Deed|1|Your turn|Command phase|WHEN: Your Command phase.¶TARGET: One Thousand Sons Psyker unit from your army within range of an objective marker you control.¶EFFECT: That objective marker remains under your control until your opponent’s Level of Control over that objective marker is greater than yours at the end of a phase.
000010194006|TS|000001061|Grand Coven|ARCANE FOCUS|Epic Deed|1|Your turn|Shooting phase|WHEN: Your Shooting phase, just after you take a Psychic test for a Thousand Sons model from your army that Channelled the Warp (before resolving that Ritual).¶TARGET: That THOUSAND SONS model.¶EFFECT: Re-roll all of the D6 rolled for that Psychic test (including the additional D6 for Channelling the Warp).
000010194004|TS|000001061|Grand Coven|EGOTISTICAL POWER|Strategic Ploy|1|Your turn|Command phase|WHEN: Your Command phase.¶TARGET: One Thousand Sons Psyker unit from your army.¶EFFECT: Select the Imbued Manifestation, Psychic Maelstrom or Wrath of the Immaterium ability. Until the start of your next Command phase, that ability applies to your unit instead of any other Kindred Sorcery ability, even if you have already selected that ability this battle.
000009742007|TS|000000983|Hexwarp Thrallband|KALEIDOSCOPIC TEMPEST|Battle Tactic|1|Opponent’s turn|Shooting phase|WHEN: Your opponent’s Shooting phase, just after an enemy unit has selected its targets.¶TARGET: One THOUSAND SONS PSYKER unit from your army that was selected as the target of one or more of the attacking unit’s attacks.¶EFFECT:¶• Your unit has Stealth.¶• If your unit is wholly within your army’s Flow of Magic, your unit has ‐3 detection range.
000009742002|TS|000000983|Hexwarp Thrallband|WARDING HEX|Epic Deed|1|Either player’s turn|Command phase|WHEN: Command phase.¶TARGET: One Thousand Sons Psyker unit from your army within range of an objective marker you control, if that objective marker is wholly within your army’s Flow of Magic.¶EFFECT: That objective marker remains under your control until your opponent’s Level of Control over that objective marker is greater than yours at the end of a phase.
000009742005|TS|000000983|Hexwarp Thrallband|THROUGH THE VEIL|Epic Deed|1|Your turn|Movement phase|"WHEN: Start of the Reinforcements step of your Movement phase.¶TARGET: One Rubric Marines or Scarab Occult Terminators unit from your army that is in Strategic Reserves.¶EFFECT: If it is a RUBRIC MARINES unit, until the end of the phase, it has the Deep Strike ability. When your unit is set up on the battlefield using the Deep Strike ability, if it is a SCARAB OCCULT TERMINATOR unit it can be set up anywhere on the battlefield that is wholly within your army’s Flow of Magic and more than 6"" horizontally away from all enemy models.¶RESTRICTIONS: If a SCARAB OCCULT TERMINATORS unit is targeted with this Stratagem, it is not eligible to declare a charge in the same turn."
000009742003|TS|000000983|Hexwarp Thrallband|WRATH OF THE DOOMED|Strategic Ploy|1|Either player’s turn|Fight phase|WHEN: Fight phase, just after an enemy unit has selected its targets.¶TARGET: One THOUSAND SONS unit from your army that was selected as the target of one or more of the attacking unit’s attacks.¶EFFECT: Until the end of the phase, each time a model in your unit is destroyed, if that model has not fought this phase, roll one D6, adding 1 to the result if your unit is wholly within your army’s Flow of Magic: on a 4+, do not remove it from play. That destroyed model can fight after the attacking unit has finished making its attacks, and is then removed from play.
000009742006|TS|000000983|Hexwarp Thrallband|SCOURING WARPFLAME|Strategic Ploy|1|Your turn|Shooting phase|WHEN: Your Shooting phase.¶TARGET: One Thousand Sons Psyker unit from your army that has not been selected to shoot this phase and is wholly within your army’s Flow of Magic.¶EFFECT: Until the end of the phase, ranged weapons equipped by models in your unit have the [IGNORES COVER] ability. After your unit has shot this phase, select one enemy unit hit by one or more of those attacks. Until the end of the phase, models in that unit cannot have the Benefit of Cover.
000009742004|TS|000000983|Hexwarp Thrallband|STRANDS OF TIME|Strategic Ploy|1|Your turn|Movement phase|WHEN: Your Movement phase, just after a THOUSAND SONS PSYKER unit from your army Falls Back.¶TARGET: That Thousand Sons Psyker unit.¶EFFECT: Until the end of the turn, your unit is eligible to shoot or declare a charge in a turn in which it Fell Back. If your unit is wholly within your army’s Flow of Magic when it is targeted with this Stratagem, then until the end of the turn, your unit is eligible to shoot and declare a charge in a turn in which it Fell Back.
000010965004|TS|000001170|Ritual of Regeneration|MULTITUDINOUS LIMBS||1|Your turn|Shooting phase|WHEN: Your Movement phase, when a friendly INFANTRY/MOUNTED THOUSAND SONS PSYKER unit is selected to make an advance/fall back move.¶TARGET: That INFANTRY/MOUNTED THOUSAND SONS PSYKER unit.¶EFFECT: That move does not prevent your unit from being eligible to start an action.
000010965002|TS|000001170|Ritual of Regeneration|RELENTLESS REBIRTH||1|Either player’s turn|Any phase|WHEN: Any phase, when a friendly INFANTRY/MOUNTED THOUSAND SONS PSYKER unit suffers a mortal wound.¶TARGET: That INFANTRY/MOUNTED THOUSAND SONS PSYKER unit.¶EFFECT: Your unit has Feel No Pain 5+ against mortal wounds.
000010965003|TS|000001170|Ritual of Regeneration|MUTAGENIC MAGICKS||1|Either player’s turn|Fight phase|WHEN: Start of the Fight phase.¶TARGET: One friendly engaged THOUSAND SONS PSYKER unit.¶EFFECT: Select one enemy unit engaged with your unit. Roll six D6:¶• For each 4+, that enemy unit suffers 1 mortal wound.
000010206007|TS|000001064|Rubricae Phalanx|UNWAVERING PHALANX|Battle Tactic|1|Opponent’s turn|Charge phase|WHEN: Your opponent’s Charge phase, just after an enemy unit ends a Charge move.¶TARGET: One Rubric Marines unit from your army within Engagement Range of that enemy unit.¶EFFECT: Until the end of the turn, each time an attack targets your unit, subtract 1 from the Wound roll.
000010206006|TS|000001064|Rubricae Phalanx|IMPLACABLE GUARDIANS|Strategic Ploy|2|Opponent’s turn|Shooting phase|WHEN: Your opponent’s Shooting phase, just after an enemy unit has selected its targets.¶TARGET: One Rubric Marines Psyker unit from your army that was selected as the target of one or more of the attacking unit’s attacks.¶EFFECT: Until the end of the phase, each time an attack is allocated to a model in your unit (excluding PSYKER models), subtract 1 from the Damage characteristic of that attack.
000010206005|TS|000001064|Rubricae Phalanx|REVENGE OF THE RUBRICAE|Strategic Ploy|1|Opponent’s turn|Shooting phase|"WHEN: Your opponent’s Shooting phase, just after a Thousand Sons Psyker model from your army is destroyed.¶TARGET: One Rubricae unit from your army that was within 6"" of that PSYKER model when it was destroyed.¶EFFECT: After the attacking unit has shot, your RUBRICAE unit can shoot as if it were your Shooting phase, but when resolving those attacks it can only target the enemy unit that just destroyed your PSYKER model (and only if it is an eligible target)."
000010206002|TS|000001064|Rubricae Phalanx|ARDENT AUTOMATA|Strategic Ploy|1|Your turn|Movement phase|WHEN: Your Movement phase, just after a Rubricae unit from your army Falls Back.¶TARGET: That RUBRICAE unit.¶EFFECT: Until the end of the turn, your unit is eligible to shoot and declare a charge in a turn in which it Fell Back.
000010206003|TS|000001064|Rubricae Phalanx|INEXORABLE ADVANCE|Strategic Ploy|1|Your turn|Movement phase|WHEN: Your Movement phase.¶TARGET: One Rubricae unit from your army.¶EFFECT: Until the end of the turn, your unit can ignore any or all modifiers to its Move characteristic and to Advance rolls made for it, and ranged weapons equipped by models in your unit have the [ASSAULT] ability.
000010206004|TS|000001064|Rubricae Phalanx|INFERNAL FUSILLADE|Wargear|2|Your turn|Shooting phase|WHEN: Your Shooting phase.¶TARGET: One Thousand Sons Psyker unit from your army that has not been selected to shoot this phase.¶EFFECT: Until the end of the phase, all inferno bolt pistols, inferno boltguns, inferno combi-bolters and inferno combi-weapons equipped by models in your unit have the [PSYCHIC] ability and a Strength characteristic of 5.
000010969004|TS|000001171|Sekhetar Cohort|WARP FIELDS||1|Opponent’s turn|Shooting phase|"WHEN: Your opponent’s Shooting phase, when an enemy unit targets a friendly SEKHETAR ROBOTS unit within 12"" of a friendly THOUSAND SONS PSYKER unit.¶TARGET: That SEKHETAR ROBOTS unit.¶EFFECT: Ranged attacks that target your unit with a S greater than your unit’s T have -1 to wound rolls."
000010969003|TS|000001171|Sekhetar Cohort|ECTOPLASMIC EXTRUSION||1|Your turn|Shooting phase|"WHEN: Your Shooting phase, when a friendly SEKHETAR ROBOTS unit within 12"" of a friendly THOUSAND SONS PSYKER unit starts an action.¶TARGET: That SEKHETAR ROBOTS unit.¶EFFECT: That action does not prevent your unit from being eligible to shoot."
000010969002|TS|000001171|Sekhetar Cohort|ARCANE VENTING||1|Your turn|Movement phase|WHEN: End of your Movement phase.¶TARGET: One friendly SEKHETAR ROBOTS unit.¶EFFECT: Select one objective your unit is controlling. That objective is secured.
000010973004|TS|000001172|Servants of Change|THE LAND WRITHES||1|Your turn|Movement phase|WHEN: Your Movement phase, when a friendly MONSTER MUTANT unit is selected to move.¶TARGET: That MONSTER MUTANT unit.¶EFFECT: Your unit has MOBILE.
000010973003|TS|000001172|Servants of Change|TEMPORAL INSTABILITY||1|Your turn|Shooting phase|WHEN: Your Movement phase, when a friendly INFANTRY/MOUNTED MUTANT unit is selected to make an advance/fall back move.¶TARGET: That INFANTRY/MOUNTED MUTANT unit.¶EFFECT: In a turn your unit made an advance/fall-back move, that move does not prevent your unit from being eligible to start an action.
000010973002|TS|000001172|Servants of Change|PRISMATIC DISPLACEMENT||1|Your turn|Shooting phase|WHEN: Your Movement phase, when a friendly INFANTRY/MOUNTED MUTANT unit is selected to make an advance/fall back move.¶TARGET: That INFANTRY/MOUNTED MUTANT unit.¶EFFECT:¶• Your unit’s ranged attacks have [ASSAULT] until the end of the turn.¶• That move does not prevent your unit from being eligible to shoot/declare a charge.
000010210002|TS|000001065|Warpforged Cabal|HEX-MARKED ARMOUR|Battle Tactic|1|Either player’s turn|Shooting or Fight phase|WHEN: Your opponent’s Shooting phase or the Fight phase, just after an enemy unit has selected its targets.¶TARGET: One Thousand Sons Vehicle unit from your army that was selected as the target of one or more of the attacking unit’s attacks.¶EFFECT: Until the attacking unit has finished making its attacks, each time an attack targets your unit, worsen the Armour Penetration characteristic of that attack by 1.
000010210006|TS|000001065|Warpforged Cabal|ENSORCELLED INFUSION|Battle Tactic|2|Your turn|Shooting phase|"WHEN: Your Shooting phase.¶TARGET: One Thousand Sons Vehicle unit from your army that has not been selected to shoot this phase, that is within 6"" of one or more friendly Thousand Sons Psyker units.¶EFFECT: Until the end of the phase, ranged weapons equipped by VEHICLE models in your unit have the [PSYCHIC] ability and each time an attack is made with such a weapon, add 1 to the Wound roll."
000010210003|TS|000001065|Warpforged Cabal|MUTATE LANDSCAPE|Epic Deed|1|Your turn|Command phase|WHEN: Your Command phase.¶TARGET: One Thousand Sons Psyker unit from your army within range of an objective marker you control.¶EFFECT: That objective marker is mutated, and remains under your control until your opponent’s Level of Control over that objective marker is greater than yours at the end of a phase. While an objective marker is mutated and under your control, each time an enemy unit ends a Normal, Advance, Fall Back or Charge move within range of that objective marker, roll one D6: on a 4+, that enemy unit suffers D3 mortal wounds.
000010210005|TS|000001065|Warpforged Cabal|MALEVOLENT ANIMUS|Epic Deed|1|Your turn|Command phase|"WHEN: Your Command phase.¶TARGET: One Thousand Sons Vehicle unit from your army within 6"" of one or more friendly Thousand Sons Psyker units.¶EFFECT: Until the start of your next Command phase, your VEHICLE unit is malevolent. While a unit is malevolent, it can ignore any or all modifiers to the following: the profile characteristics of its models; the Weapon Skill and Ballistic Skill characteristics of weapons equipped by its models; any roll or test made for it (excluding modifiers to saving throws)."
000010210004|TS|000001065|Warpforged Cabal|CYBERSPIRIT MACHINATIONS|Strategic Ploy|1|Your turn|Movement phase|"WHEN: Your Movement phase, just after a Thousand Sons Vehicle unit from your army Falls Back.¶TARGET: That VEHICLE unit, and one friendly Thousand Sons Psyker unit within 6"" of that VEHICLE unit.¶EFFECT: Until the end of the turn, your VEHICLE unit is eligible to shoot and declare a charge in a turn in which it Fell Back."
000010210007|TS|000001065|Warpforged Cabal|WARPFLAME GARGOYLES|Wargear|1|Opponent’s turn|Charge phase|WHEN: Your opponent’s Charge phase, just after an enemy unit ends a Charge move.¶TARGET: One Thousand Sons Vehicle unit from your army within Engagement Range of that enemy unit.¶EFFECT: Roll six D6: for each 5+, that enemy unit suffers 1 mortal wound. That enemy unit must then take a Battle-shock test.
000010202002|TS|000001063|Warpmeld Pact|GIFT OF CHANGE|Epic Deed|1|Either player’s turn|Any phase|WHEN: Any phase.¶TARGET: One Thousand Sons Character model from your army (excluding Monsters) that was just destroyed. You can use this Stratagem on that model even though it was just destroyed.¶EFFECT: At the end of the phase, add one Tzeentch Chaos Spawn unit containing one model to your army, and set it up as close as possible to where your model was destroyed and not within Engagement Range of one or more enemy units.¶RESTRICTIONS: You can only use this Stratagem once per battle round.
000010202006|TS|000001063|Warpmeld Pact|TOUCHED BY TZEENTCH|Strategic Ploy|1|Your turn|Movement phase|WHEN: Start of your Movement phase.¶TARGET: One Tzeentch Mutant unit from your army.¶EFFECT: Until the end of the turn, your unit is eligible to shoot or declare a charge in a turn in which it Advanced.
000010202005|TS|000001063|Warpmeld Pact|BLESSED TRANSMUTATIONS|Strategic Ploy|1|Your turn|Command phase|"WHEN: Your Command phase.¶TARGET: One Thousand Sons Psyker model from your army, and one friendly Tzaangors unit that is below its Starting Strength and within 12"" of that PSYKER model.¶EFFECT: Return up to D3+1 destroyed models (excluding Characters) to your TZAANGORS unit."
000010202003|TS|000001063|Warpmeld Pact|WARPED VICISSITUDE|Strategic Ploy|1|Either player’s turn|Shooting or Fight phase|WHEN: Your opponent’s Shooting phase or the Fight phase, just after an enemy unit has selected its targets.¶TARGET: One Tzaangors unit from your army that was selected as the target of one or more of the attacking unit’s attacks.¶EFFECT: Until the end of the phase, models in your unit have a 4+ invulnerable save.
000010202007|TS|000001063|Warpmeld Pact|TWISTED MIRAGE|Strategic Ploy|1|Your turn|Movement phase|"WHEN: Reinforcements step of your Movement phase.¶TARGET: One Tzeentch Mutant unit from your army that is arriving from Strategic Reserves this phase.¶EFFECT: Your unit can be set up anywhere on the battlefield that is more than 6"" horizontally away from all enemy units, or anywhere on the battlefield that is more than 8"" horizontally away from all enemy units if it is a Monster unit. In either case, until the end of the turn, it is not eligible to declare a charge."
000010202004|TS|000001063|Warpmeld Pact|DERANGED FEROCITY|Strategic Ploy|1|Either player’s turn|Fight phase|"WHEN: Fight phase, just after a Tzeentch Mutant unit from your army is selected to fight.¶TARGET: That TZEENTCH MUTANT unit.¶EFFECT: Until the end of the phase, each time a model in your unit makes a Pile-in or Consolidation move, it can move up to 6"" instead of up to 3"", and when determining which models in it are eligible to fight, any models in it that are within 3"" of one or more enemy models are eligible to fight. When resolving those attacks, such models can target one of those enemy units that is within 3"" of them and within Engagement Range of their unit."
000010937002|TYR|000001197|Ambush Predators|COUNTERPREDATION||1|Either player’s turn|Fight phase|WHEN: Fight phase, when a friendly DEATHLEAPER/LICTOR/ NEUROLICTOR/VON RYAN’S LEAPERS unit is selected to fight.¶TARGET: That DEATHLEAPER/LICTOR/NEUROLICTOR/VON RYAN’S LEAPERS unit.¶EFFECT: Your unit’s attacks that target a hidden unit have +1 S and AP.
000010937004|TYR|000001197|Ambush Predators|SCANNER GHEIST||1|Opponent’s turn|Fight phase|WHEN: End of your opponent’s Fight phase.¶TARGET: One friendly unengaged DEATHLEAPER/LICTOR/ NEUROLICTOR unit.¶EFFECT: Place your unit in strategic reserves.
000010937003|TYR|000001197|Ambush Predators|HYPERSENSORY ADAPTATIONS||1|Your turn|Shooting phase|"WHEN: Start of your Shooting phase.¶TARGET: One friendly DEATHLEAPER/LICTOR/NEUROLICTOR/VON RYAN’S LEAPERS unit.¶EFFECT: Select one visible enemy unit within 12"" of your unit. That enemy unit has +6"" detection range."
000008413007|TYR|000000771|Assimilation Swarm|RAPACIOUS HUNGER|Battle Tactic|1|Your turn|Fight phase|WHEN: Your Fight phase.¶TARGET: One TYRANIDS unit from your army that just destroyed an enemy unit.¶EFFECT: Your unit immediately Regenerates (See Feed the Swarm). When doing so, if your unit is a Harvester unit and you choose for one model to regain up to D3 lost wounds, that model regains up to 3 lost wounds instead.
000008413005|TYR|000000771|Assimilation Swarm|ABLATIVE CARAPACE|Epic Deed|2|Either player’s turn|Shooting or Fight phase|WHEN: Your opponent’s Shooting phase or the Fight phase, just after an enemy unit has selected its targets.¶TARGET: One Harvester unit from your army that was selected as the target of one or more of the attacking unit’s attacks.¶EFFECT: Until the end of the phase, models in your unit have the Feel No Pain 5+ ability. If your unit is within range of an objective marker you control, until the end of the phase models in your unit have the Feel No Pain 4+ ability instead.
000008413002|TYR|000000771|Assimilation Swarm|BROODGUARD IMPULSE|Epic Deed|1|Either player’s turn|Any phase|WHEN: Any phase.¶TARGET: One Harvester unit from your army that was just destroyed. You can use this Stratagem on that unit even though it was just destroyed.¶EFFECT: Until the end of the battle, each time a friendly TYRANIDS model makes an attack that targets the enemy unit that just destroyed your HARVESTER unit, add 1 to the Wound roll.
000008413006|TYR|000000771|Assimilation Swarm|SECURE BIOMASS|Strategic Ploy|1|Either player’s turn|Fight phase|WHEN: Fight phase.¶TARGET: One TYRANIDS unit from your army that has not been selected to fight this phase.¶EFFECT: Until the end of the phase, melee weapons equipped by models in your unit have the [LETHAL HITS] ability. If your unit is a Harvester unit, each time a model in that unit makes a melee attack, a successful unmodified Hit roll of 5+ scores a Critical Hit as well.
000008413004|TYR|000000771|Assimilation Swarm|TYRANNOFORMED|Strategic Ploy|1|Either player’s turn|Command phase|WHEN: Command phase.¶TARGET: One Harvester unit from your army that is within range of an objective marker you control.¶EFFECT: That objective marker remains under your control, even if you have no models within range of it, until your opponent controls it at the start or end of any turn.
000008413003|TYR|000000771|Assimilation Swarm|RECLAIM BIOMASS|Strategic Ploy|1|Either player’s turn|Any phase|"WHEN: Any phase, when a TYRANIDS unit from your army is destroyed, before the last model in it is removed from play.¶TARGET: One Harvester unit from your army that is within 6"" of that destroyed unit.¶EFFECT: Regenerate one friendly TYRANIDS unit within 6"" of your HARVESTER unit (See Feed the Swarm)."
000008422006|TYR|000000769|Crusher Stampede|SWARM-GUIDED SALVOES|Battle Tactic|1|Your turn|Shooting phase|WHEN: Your Shooting phase.¶TARGET: One Tyranids Monster unit from your army that has not been selected to shoot this phase.¶EFFECT: Until the end of the phase, ranged weapons equipped by models in your unit have the [IGNORES COVER] ability, and until the end of the phase each time a model in your unit makes an attack, you can ignore any or all modifiers to that model’s Ballistic Skill characteristic and any or all modifiers to the Hit roll.
000008422003|TYR|000000769|Crusher Stampede|RAMPAGING MONSTROSITIES|Battle Tactic|1|Either player’s turn|Fight phase|WHEN: Fight phase.¶TARGET: One Tyranids Monster unit from your army that has not been selected to fight this phase.¶EFFECT: Until the end of the phase, each time a model in your unit makes an attack, you can re-roll the Hit roll.
000008422004|TYR|000000769|Crusher Stampede|SAVAGE ROAR|Battle Tactic|1|Either player’s turn|Fight phase|WHEN: Fight phase, just after an enemy unit has selected its targets.¶TARGET: One Tyranids Monster unit from your army that was selected as the target of one or more of the attacking unit’s attacks.¶EFFECT: That enemy unit must take a Battle-shock test and, until the end of the phase, each time a model in that enemy unit makes an attack that targets your unit, subtract 1 from the Hit roll. If that Battle-shock test was failed, subtract 1 from the Wound roll as well.
000008422007|TYR|000000769|Crusher Stampede|MASSIVE IMPACT|Epic Deed|1|Your turn|Charge phase|WHEN: Your Charge phase, just after a Tyranids Monster model from your army ends a Charge move.¶TARGET: That TYRANIDS MONSTER model.¶EFFECT: Select one enemy unit within Engagement Range of your model and roll six D6: for each 4+, that enemy unit suffers 1 mortal wound.
000008422002|TYR|000000769|Crusher Stampede|CORROSIVE VISCERA|Strategic Ploy|1|Either player’s turn|Shooting or Fight phase|WHEN: Your opponent’s Shooting phase or the Fight phase, just after a Tyranids Monster model from your army with the Deadly Demise ability that cannot FLY is destroyed.¶TARGET: That TYRANIDS MONSTER model. You can use this Stratagem on that model even though it was just destroyed.¶EFFECT: Do not roll one D6 to determine whether mortal wounds are inflicted by your model’s Deadly Demise ability. Instead, mortal wounds are automatically inflicted.
000008422005|TYR|000000769|Crusher Stampede|UNTRAMMELLED FEROCITY|Strategic Ploy|1|Your turn|Movement phase|"WHEN: Your Movement phase.¶TARGET: One Tyranids Monster unit from your army that has not been selected to move this phase.¶EFFECT: Until the end of the phase, each time a model in your unit makes a Normal, Advance or Fall Back move, it can move through models (excluding TITANIC models) and sections of terrain features that are 4"" or less in height. When doing so:¶• It can move within Engagement Range of enemy models, but cannot end that move within Engagement Range of them.¶• It can also move through sections of terrain features that are more than 4"" in height, but if it does, after its unit has moved, roll one D6: on a 1, your unit is Battle-shocked."
000008349003|TYR|000000748|Invasion Fleet|ADRENAL SURGE|Battle Tactic|2|Either player’s turn|Fight phase|WHEN: Fight phase.¶TARGET: Up to two TYRANIDS units from your army that are within Synapse Range of your army and are eligible to fight, or one other TYRANIDS unit from your army that is eligible to fight.¶EFFECT: Until the end of the phase, each time a model in any of those selected units makes an attack, an unmodified Hit roll of 5+ scores a Critical Hit.
000008349002|TYR|000000748|Invasion Fleet|RAPID REGENERATION|Battle Tactic|1|Either player’s turn|Shooting or Fight phase|WHEN: Your opponent’s Shooting phase or the Fight phase, just after an enemy unit has selected its targets.¶TARGET: One TYRANIDS unit from your army that was selected as the target of one or more of the attacking unit’s attacks.¶EFFECT: Until the end of the phase, models in your unit have the Feel No Pain 6+ ability. If your unit is within Synapse Range of your army, models in your unit have the Feel No Pain 5+ ability instead.
000008349004|TYR|000000748|Invasion Fleet|DEATH FRENZY|Strategic Ploy|1|Either player’s turn|Fight phase|WHEN: Fight phase, just after an enemy unit has selected its targets.¶TARGET: One TYRANIDS unit from your army that was selected as the target of one or more of the attacking unit’s attacks.¶EFFECT: Until the end of the phase, each time a model in your unit is destroyed, if that model has not fought this phase, roll one D6: on a 4+, do not remove it from play. The destroyed model can fight after the attacking model’s unit has finished making its attacks, and is then removed from play.
000008349005|TYR|000000748|Invasion Fleet|OVERRUN|Strategic Ploy|1|Either player’s turn|Fight phase|"WHEN: Fight phase, just before a TYRANIDS unit from your army Consolidates.¶TARGET: That TYRANIDS unit.¶EFFECT: Until the end of the phase, each time your unit Consolidates, models in it can move an additional 3"" as long as your unit can end that move within Engagement Range of one or more enemy units. If your unit is within Synapse Range of your army and not within Engagement Range of any enemy units, instead of making that Consolidation move, it can make a Normal move of up to 6""."
000008349006|TYR|000000748|Invasion Fleet|PREDATORY IMPERATIVE|Strategic Ploy|1|Your turn|Command phase|WHEN: Your Command phase.¶TARGET: Up to two TYRANIDS units from your army that are within Synapse Range of your army, or one other TYRANIDS unit from your army.¶EFFECT: Select one Hyper-adaptation. Until the start of your next Command phase, that Hyper-adaptation is active for those selected units in addition to any other that may be active for your army.¶RESTRICTIONS: You cannot select the same Hyper-adaptation you selected at the start of the first battle round.
000008349007|TYR|000000748|Invasion Fleet|ENDLESS SWARM|Strategic Ploy|1|Your turn|Command phase|WHEN: Your Command phase.¶TARGET: Up to two Endless Multitude units from your army that are within Synapse Range of your army, or one other ENDLESS MULTITUDE unit from your army.¶EFFECT: You can return up to D3+3 destroyed models to each of the selected units.
000010148006|TYR|000001057|Subterranean Assault|SWARMING ASSAULT|Strategic Ploy|1|Your turn|Charge phase|"WHEN: Your Charge phase.¶TARGET: One Tyranids Monster unit from your army that was set up as Reinforcements this turn.¶EFFECT: Until the end of the phase, friendly Tyranids units within 6"" of your unit can re-roll Charge rolls."
000010148004|TYR|000001057|Subterranean Assault|ENFILADING EMERGENCE|Strategic Ploy|1|Your turn|Movement phase|WHEN: End of your Movement phase.¶TARGET: One Tyranids unit from your army that was set up as Reinforcements this turn.¶EFFECT: Until the end of your next Fight phase, weapons equipped by models in your unit have the [SUSTAINED HITS 1] and [IGNORES COVER] abilities.
000010148005|TYR|000001057|Subterranean Assault|TUNNEL NETWORK|Strategic Ploy|1|Your turn|Movement phase|"WHEN: End of your Movement phase.¶TARGET: One Tyranids unit from your army that is wholly within 9"" of one or more of your Tunnel Markers and not within Engagement Range of one or more enemy units.¶EFFECT: Remove your unit from the battlefield and set it up again, wholly within 9"" of another Tunnel Marker you placed, and more than 6"" horizontally away from all enemy units."
000010148007|TYR|000001057|Subterranean Assault|RETREAT BELOW|Strategic Ploy|1|Opponent’s turn|Fight phase|WHEN: End of your opponent’s Fight phase.¶TARGET: One Tyranids unit or up to two Burrower units from your army that are not within Engagement Range of one or more enemy units.¶EFFECT: Remove your unit from the battlefield and place it into Strategic Reserves.
000010148003|TYR|000001057|Subterranean Assault|REPLENISHING SWARMS|Wargear|1|Your turn|Movement phase|"WHEN: Your Movement phase.¶TARGET: One Tyranids unit from your army, wholly within 9"" of one or more Tunnel Markers you placed.¶EFFECT: One model in your unit regains up to D3+1 lost wounds, or you can return up to D3+1 destroyed models with a Wounds characteristic of 1 to your unit, with their full wounds remaining, instead."
000010148002|TYR|000001057|Subterranean Assault|ADAPTIVE OPTIMISATION|Wargear|1|Either player’s turn|Command phase|WHEN: Command phase.¶TARGET: One Mawloc or Trygon unit from your army.¶EFFECT: Until the start of your next Command phase, your unit has the Synapse keyword.
000008556004|TYR|000000773|Synaptic Nexus|IRRESISTIBLE WILL|Battle Tactic|1|Either player’s turn|Shooting or Fight phase|"WHEN: Your Shooting phase or the Fight phase.¶TARGET: One Synapse unit from your army that has not been selected to shoot or fight this phase, and one enemy unit within 24"" of and visible to the SYNAPSE unit.¶EFFECT: Until the end of the phase, each time a friendly TYRANIDS model makes an attack that targets that enemy unit, if the attacking model’s unit is within 6"" of your SYNAPSE unit, re-roll a Hit roll of 1 and re-roll a Wound roll of 1."
000008556003|TYR|000000773|Synaptic Nexus|SYNAPTIC CHANNELLING|Battle Tactic|1|Either player’s turn|Command phase|"WHEN: Command phase.¶TARGET: One Synapse unit from your army.¶EFFECT: Until the end of the turn, while a friendly TYRANIDS unit is within 9"" of the selected unit, that unit is within Synapse Range of your army."
000008556005|TYR|000000773|Synaptic Nexus|REINFORCED HIVE NODE|Battle Tactic|1|Either player’s turn|Shooting or Fight phase|WHEN: Your opponent’s Shooting phase or the Fight phase, just after an enemy unit has selected its targets.¶TARGET: One Synapse unit from your army that was selected as the target of one or more of the attacking unit’s attacks.¶EFFECT: Until the attacking unit has finished making its attacks, each time an attack targets your unit, worsen the Armour Penetration characteristic of that attack by 1.
000008556007|TYR|000000773|Synaptic Nexus|OVERRIDE INSTINCTS|Strategic Ploy|1|Your turn|Movement phase|WHEN: Your Movement phase.¶TARGET: One TYRANIDS unit from your army that is within Synapse Range of your army and made a Fall Back move this phase.¶EFFECT: Your unit is eligible to shoot and declare a charge this turn.
000008556002|TYR|000000773|Synaptic Nexus|THE SMOTHERING SHADOW|Strategic Ploy|1|Either player’s turn|Any phase|"WHEN: Any phase, just after an enemy unit fails a Battle-shock test.¶TARGET: One Synapse unit from your army within 12"" of that enemy unit.¶EFFECT: Roll six D6: for each 3+, that enemy unit suffers 1 mortal wound."
000008556006|TYR|000000773|Synaptic Nexus|IMPERATIVE DOMINANCE|Strategic Ploy|1|Your turn|Command phase|WHEN: Your Command phase.¶TARGET: One TYRANIDS unit from your army that is within Synapse Range of your army.¶EFFECT: Select one Synaptic Imperative, even if you have already selected that imperative this battle. Until the start of your next Command phase, that Synaptic Imperative is active for your unit instead of any other Synaptic Imperative that is active for your army.
000010941004|TYR|000001198|Talons of the Norn Queen|TANGLESTRIKE ROUNDS||1|Your turn|Shooting phase|"WHEN: Your Shooting phase, when a friendly NORN ASSIMILATOR unit has shot.¶TARGET: That NORN ASSIMILATOR unit.¶EFFECT: Select one enemy unit hit by those attacks. That enemy unit is tethered until the start of your next Command phase:¶• While a unit is tethered, that unit has -2"" M."
000010941003|TYR|000001198|Talons of the Norn Queen|LESSER PREY||1|Either player’s turn|Fight phase|WHEN: Fight phase, when a friendly NORN ASSIMILATOR/NORN EMISSARY unit is selected to fight.¶TARGET: That NORN ASSIMILATOR/NORN EMISSARY unit.¶EFFECT: Your unit’s melee attacks have +2 S.
000010941002|TYR|000001198|Talons of the Norn Queen|CATALYTIC BIOFORTIFICATION||1|Either player’s turn|Any phase|WHEN: Any phase, when a friendly NORN ASSIMILATOR unit suffers a mortal wound.¶TARGET: That NORN ASSIMILATOR unit.¶EFFECT: Your unit has Feel No Pain 4+ against mortal wounds.
000008409006|TYR|000000770|Unending Swarm|BOUNDING ADVANCE|Battle Tactic|1|Your turn|Movement phase|"WHEN: Your Movement phase.¶TARGET: One Endless Multitude unit from your army.¶EFFECT: Until the end of the phase, each time your unit Advances, do not make an Advance roll. Instead, until the end of the phase, add 6"" to the Move characteristic of models in your unit."
000008409005|TYR|000000770|Unending Swarm|SWARMING MASSES|Battle Tactic|1|Either player’s turn|Shooting or Fight phase|WHEN: Your Shooting phase or the Fight phase.¶TARGET: One Endless Multitude unit from your army that has not been selected to shoot or fight this phase.¶EFFECT: Until the end of the phase, weapons equipped by models in your unit have the [SUSTAINED HITS 1] ability, and If your unit contains 15 or more models, each time a model in your unit makes an attack, an unmodified Hit roll of 5+ scores a Critical Hit.
000008409004|TYR|000000770|Unending Swarm|TEEMING MASSES|Battle Tactic|1|Either player’s turn|Shooting or Fight phase|WHEN: Your opponent’s Shooting phase or the Fight phase, just after an enemy unit has selected its targets.¶TARGET: One Endless Multitude unit from your army that was selected as the target of one or more of the attacking unit’s attacks.¶EFFECT: Until the end of the phase, each time an attack targets your unit, subtract 1 from the Hit roll.
000008409007|TYR|000000770|Unending Swarm|PRESERVATION IMPERATIVE|Strategic Ploy|1|Opponent’s turn|Shooting phase|WHEN: Your opponent’s Shooting phase, just after an enemy unit has selected its targets.¶TARGET: One Endless Multitude unit from your army that was selected as the target of one or more of the attacking unit’s attacks.¶EFFECT: Until the end of the phase, your unit is treated as containing fewer than five models for the purpose of the [BLAST] ability.
000008409003|TYR|000000770|Unending Swarm|UNENDING WAVES|Strategic Ploy|2|Either player’s turn|Any phase|WHEN: Any phase.¶TARGET: One Endless Multitude unit from your army that was just destroyed. You can use this Stratagem on that unit even though it was just destroyed.¶EFFECT: Add a new unit to your army identical to your destroyed unit, in Strategic Reserves, at its Starting Strength.¶RESTRICTIONS: Any destroyed Character units that were attached to your unit are not returned. You can only use this Stratagem once per battle.
000008409002|TYR|000000770|Unending Swarm|SYNAPTIC GOADING|Strategic Ploy|1|Either player’s turn|Any phase|WHEN: Any phase, just before an Endless Multitude unit from your army that is within Synapse Range of your army makes a surge move.¶TARGET: That ENDLESS MULTITUDE unit.¶EFFECT: When making that surge move, you can re-roll the D6 to determine how far your unit moves, and your unit can end that move as close as possible to the closest objective marker (instead of as close as possible to the closest enemy unit]. All other rules for making surge moves still apply.
000008418002|TYR|000000772|Vanguard Onslaught|SURPRISE ASSAULT|Battle Tactic|1|Either player’s turn|Shooting or Fight phase|WHEN: Your Shooting phase or the Fight phase, just after a Vanguard Invader unit from your army has selected its targets.¶TARGET: That VANGUARD INVADER unit.¶EFFECT: Select one enemy unit that was selected as the target of one or more of your unit’s attacks. That enemy unit must take a Battle-shock test. Until the end of the phase, each time a model in your unit makes an attack that targets that enemy unit, add 1 to the Hit roll. If the Battle-shock test was failed, add 1 to the Wound roll as well.
000008418003|TYR|000000772|Vanguard Onslaught|ASSASSIN BEASTS|Battle Tactic|1|Either player’s turn|Fight phase|WHEN: Fight phase.¶TARGET: One Vanguard Invader Infantry unit from your army that has not been selected to fight this phase.¶EFFECT: Until the end of the phase, melee weapons equipped by models in your unit have the [PRECISION] ability.
000008418007|TYR|000000772|Vanguard Onslaught|INVISIBLE HUNTER|Strategic Ploy|1|Opponent’s turn|Fight phase|"WHEN: End of your opponent’s Fight phase.¶TARGET: Up to two Vanguard Invader units from your army, or one Tyranids Infantry unit from your army.¶EFFECT: Remove the targeted units from the battlefield and place them into Strategic Reserves.¶RESTRICTIONS: The targeted units must be more than 3"" away from all enemy units."
000008418006|TYR|000000772|Vanguard Onslaught|UNSEEN LURKERS|Strategic Ploy|1|Opponent’s turn|Shooting phase|"WHEN: Your opponent’s Shooting phase, just after an enemy unit has selected its targets.¶TARGET: One Vanguard Invader unit from your army that was selected as the target of one or more of the attacking unit’s attacks.¶EFFECT: Until the end of the phase, your unit can only be selected as the target of a ranged attack if the attacking model is within 18"" or, if your unit has the Lone Operative ability, if the attacking model is within 6"". Your opponent can select new targets for the attacking unit’s attacks."
000008418005|TYR|000000772|Vanguard Onslaught|HYPERSENSORY SCILLIA|Strategic Ploy|2|Opponent’s turn|Movement phase|"WHEN: Your opponent’s Movement phase, just after an enemy unit ends a Normal, Advance or Fall Back move.¶TARGET: Up to two Vanguard Invader units from your army that are within 8"" of that enemy unit, or one other Tyranids Infantry unit from your army that is within 8"" of that enemy unit.¶EFFECT: Those selected units can each make a Normal move of up to 6"".¶RESTRICTIONS: You cannot target units that are within Engagement Range of one or more enemy units."
000008418004|TYR|000000772|Vanguard Onslaught|SEEDED BROODS|Strategic Ploy|1|Your turn|Movement phase|WHEN: Your Movement phase.¶TARGET: One TYRANIDS unit from your army that is in Reserves, or up to two Vanguard Invader units from your army that are in Reserves.¶EFFECT: Until the end of the phase, for the purposes of setting up those selected units on the battlefield, treat the current battle round number as being one higher than it actually is.
000009738003|TYR|000000982|Warrior Bioform Onslaught|SYNAPTIC MICRONODES||1|Your turn|Movement phase|WHEN: End of your Movement phase.¶TARGET: One friendly TYRANID WARRIORS unit.¶EFFECT: Select one objective your unit is controlling. That objective is secured.
000009738004|TYR|000000982|Warrior Bioform Onslaught|PARASITIC PAYLOAD||1|Your turn|Shooting phase|WHEN: Your Shooting phase, when a friendly TYRANID WARRIORS unit is selected to shoot.¶TARGET: That TYRANID WARRIORS unit.¶EFFECT: Your unit’s ranged attacks have [IGNORE COVER].
000009738002|TYR|000000982|Warrior Bioform Onslaught|ALIEN PHYSIOLOGY||1|Either player’s turn|Shooting or Fight phase|WHEN: Your opponent’s Shooting phase or the Fight phase, when an enemy unit targets a friendly TYRANID WARRIORS unit.¶TARGET: That TYRANID WARRIORS unit.¶EFFECT: Attacks that target your unit with a S greater than your unit’s T have -1 to wound rolls.
000008431003|WE|000000777|Berzerker Warband|HACK AND SLASH|Battle Tactic|1|Either player’s turn|Fight phase|WHEN: Fight phase.¶TARGET: One World Eaters unit from your army that has not been selected to fight this phase and that made a charge move this turn.¶EFFECT: Until the end of the phase, improve the Armour Penetration characteristic of melee weapons equipped by models in your unit by 1.
000008431004|WE|000000777|Berzerker Warband|FRENZIED RESILIENCE|Battle Tactic|2|Either player’s turn|Fight phase|WHEN: Fight phase, just after an enemy unit has selected its targets.¶TARGET: One World Eaters unit from your army that was selected as the target of one or more of the attacking unit’s attacks.¶EFFECT: Until the end of the phase, each time an attack is allocated to a model in your unit, subtract 1 from the Damage characteristic of that attack.
000008431002|WE|000000777|Berzerker Warband|BLOOD OFFERING|Epic Deed|1|Either player’s turn|Any phase|WHEN: Any phase.¶TARGET: One World Eaters unit from your army that was just destroyed while it was within range of one or more objective markers you controlled at the end of the previous phase. You can use this Stratagem on that unit even though it was just destroyed.¶EFFECT: Select one of those objective markers. That objective marker remains under your control until your opponent’s Level of Control over that objective marker is greater than yours at the end of a phase.
000008431007|WE|000000777|Berzerker Warband|BERZERKER’S WRATH|Strategic Ploy|1|Opponent’s turn|Shooting phase|"WHEN: Your opponent’s Shooting phase, just after an enemy unit has shot.¶TARGET: One KHORNE BERZERKERS unit from your army that can make a surge move as a result of those attacks.¶EFFECT: Do not roll a D6 to determine how far models in your unit can move when they make a surge move. Instead, when making a surge move, those models can move up to 8""."
000008431006|WE|000000777|Berzerker Warband|APOPLECTIC FRENZY|Strategic Ploy|1|Your turn|Charge phase|WHEN: Your Movement phase, just after a KHORNE BERZERKERS unit from your army is selected to Advance.¶TARGET: That Khorne Berzerkers unit.¶EFFECT: Until the end of the turn, your unit is eligible to declare a charge in a turn in which it Advanced.
000008431005|WE|000000777|Berzerker Warband|SKULLS FOR THE SKULL THRONE!|Strategic Ploy|1|Either player’s turn|Fight phase|WHEN: Fight phase, just after a WORLD EATERS unit from your army destroys a CHARACTER or MONSTER model.¶TARGET: That World Eaters unit.¶EFFECT: Make a Blessings of Khorne roll and use the results to activate one Blessing of Khorne. Until the end of the battle round, that Blessing of Khorne is active in addition to any other Blessings of Khorne that are currently active.
000010977004|WE|000001178|Brazen Engines|GOADED TO FURY||1|Opponent’s turn|Shooting phase|"WHEN: Your opponent’s Shooting phase, when an enemy unit that targeted a friendly unengaged DAEMON VEHICLE unit (excluding TITANIC units) has shot.¶TARGET: That DAEMON VEHICLE unit.¶EFFECT: Your unit can make a surge move of up to D6""."
000010977003|WE|000001178|Brazen Engines|TRAIL OF DESTRUCTION||1|Your turn|Movement or Charge phase|WHEN: Your Movement phase, when a friendly DAEMON VEHICLE unit is selected to move.¶TARGET: That DAEMON VEHICLE unit.¶EFFECT: Your unit has MOBILE.
000010977002|WE|000001178|Brazen Engines|APOPLECTIC CLARITY||1|Either player’s turn|Shooting or Fight phase|WHEN: Your Shooting phase or the Fight phase, when a friendly DAEMON VEHICLE unit is selected to attack.¶TARGET: That DAEMON VEHICLE unit.¶EFFECT: Your unit’s attacks can ignore modifiers to:¶• BS.¶• WS.¶• Hit rolls and wound rolls.
000010981004|WE|000001179|Butchers of Khorne|WRATH BEYOND REASON||2|Opponent’s turn|Shooting phase|WHEN: Your opponent’s Shooting Phase, when an enemy unit targets a friendly TERMINATOR SQUAD unit.¶TARGET: That TERMINATOR SQUAD unit.¶EFFECT: Ranged attacks that target your unit have -1 D until that enemy unit has attacked.
000010981003|WE|000001179|Butchers of Khorne|A TROPHY FOR THE THRONE||1|Either player’s turn|Fight phase|WHEN: Fight phase, when a friendly TERMINATOR SQUAD unit is selected to fight.¶TARGET: That TERMINATOR SQUAD unit.¶EFFECT: Your unit’s attacks that target a MONSTER/VEHICLE unit have +1 to wound rolls.
000010981002|WE|000001179|Butchers of Khorne|FOCUSED FEROCITY||1|Either player’s turn|Fight phase|WHEN: Fight phase, when a friendly TERMINATOR SQUAD unit is selected to fight.¶TARGET: That TERMINATOR SQUAD unit.¶EFFECT: Your unit’s melee attacks have +1 A.
000010075005|WE|000001042|Cult of Blood|BLOODTHIRSTY HORDE|Battle Tactic|1|Either player’s turn|Fight phase|"WHEN: Fight phase.¶TARGET: One Jakhals or Goremongers unit from your army that has not been selected to fight this phase and is within Engagement Range of one or more enemy units.¶EFFECT: Until the end of the phase, each time your unit is selected to fight, when determining which models in it are eligible to fight, any models in your unit that are within 3"" of one or more enemy models are eligible to fight. When resolving those attacks, such models can target one of those enemy units that is within 3"" of them and within Engagement Range of their unit."
000010075007|WE|000001042|Cult of Blood|BRAZEN IDOL|Epic Deed|2|Your turn|Command phase|WHEN: Your Command phase.¶TARGET: One World Eaters Monster or World Eaters Titanic unit from your army.¶EFFECT: Select the Idol of Infinite Rage, Idol of Burning Wrath or Idol of Blessed Blood. Until the start of your next Command phase, that Idols of Khorne ability is active for your unit instead of any other Idols of Khorne ability that is active for your army, even if you have already selected that ability this battle.¶RESTRICTIONS: You can only use this Stratagem once per battle.
000010075002|WE|000001042|Cult of Blood|BLOODY VENGEANCE|Epic Deed|1|Either player’s turn|Any phase|WHEN: Any phase.¶TARGET: One World Eaters Monster or World Eaters Titanic unit from your army that was just destroyed by an enemy unit. You can use this Stratagem on that unit even though it was just destroyed.¶EFFECT: Until the end of the battle, each time a model in a Jakhals or Goremongers unit from your army makes an attack that targets the enemy unit that just destroyed your unit, you can re-roll the Hit roll.
000010075004|WE|000001042|Cult of Blood|IN THE SHADOW OF BRASS IDOLS|Strategic Ploy|1|Either player’s turn|Shooting or Fight phase|"WHEN: Your opponent’s Shooting phase or the Fight phase, just after an enemy unit has selected its targets.¶TARGET: One Jakhals or Goremongers unit from your army that was selected as the target as one or more of the attacking unit’s attacks.¶EFFECT: Until the end of the phase, models in your unit have the Feel No Pain 6+ ability. If your unit is within 6"" of one or more friendly World Eaters Monster units, or within 9"" of one or more friendly World Eaters Titanic units, your unit has the Feel No Pain 5+ ability instead."
000010075003|WE|000001042|Cult of Blood|DRAWN TO THE SLAUGHTER|Strategic Ploy|2|Either player’s turn|Any phase|WHEN: Any phase.¶TARGET: One Jakhals unit from your army that was just destroyed. You can use this Stratagem on that unit even though it was just destroyed.¶EFFECT: Add a new unit to your army identical to your destroyed unit, in Strategic Reserves, at its Starting Strength.¶RESTRICTIONS: This Stratagem cannot be used to return destroyed Character units to Attached units. You can only use this Stratagem once per battle.
000010075006|WE|000001042|Cult of Blood|FAIL NOT THE BLOOD GOD|Strategic Ploy|1|Either player’s turn|Fight phase|"WHEN: Fight phase.¶TARGET: One Jakhals or Goremongers unit from your army.¶EFFECT: Until the end of the phase, each time a model in your unit makes an attack, re-roll a Hit roll of 1. If that model’s unit is within 6"" of one or more friendly World Eaters Monster units, or within 9"" of one or more friendly World Eaters Titanic units, you can re-roll the Hit roll instead."
000010087006|WE|000001045|Goretrack Onslaught|UNRELENTING ADVANCE|Strategic Ploy|1|Opponent’s turn|Shooting phase|"WHEN: Your opponent’s Shooting phase, just after an enemy unit has shot.¶TARGET: One World Eaters Vehicle model from your army that was hit by one or more of the attacking unit’s attacks.¶EFFECT: Your model can make a Normal move of up to 6"".¶RESTRICTIONS: A unit cannot be targeted by this Stratagem and the Fury Unleashed Stratagem in the same phase."
000010087005|WE|000001045|Goretrack Onslaught|FULL-THROTTLE ASSAULT|Strategic Ploy|1|Your turn|Movement phase|WHEN: Your Movement phase.¶TARGET: One World Eaters Rhino model from your army that has not been selected to move this phase.¶EFFECT: Until the end of the phase, each time a WORLD EATERS unit disembarks from that model after it has made a Normal move, that unit makes an assault disembark move (Core Rules, 18.06) for that disembarkation.
000010087004|WE|000001045|Goretrack Onslaught|AGGRESSIVE DISEMBARKATION|Strategic Ploy|1|Your turn|Movement phase|"WHEN: Your Movement phase.¶TARGET: One World Eaters Rhino model from your army that has not been selected to move this phase.¶EFFECT: One WORLD EATERS unit embarked within your RHINO can disembark. When doing so, models in that unit can be set up anywhere on the battlefield wholly within 6"" of your RHINO and can be set up within Engagement Range of one or more enemy units."
000010087003|WE|000001045|Goretrack Onslaught|SMASH THROUGH|Strategic Ploy|1|Your turn|Movement phase|WHEN: Your Movement phase.¶TARGET: One World Eaters Vehicle model from your army that has not been selected to move this phase.¶EFFECT: Until the end of the phase, each time your unit makes a Normal or Advance move, it can move horizontally through terrain features.
000010087007|WE|000001045|Goretrack Onslaught|FURY UNLEASHED|Strategic Ploy|1|Opponent’s turn|Shooting phase|"WHEN: Your opponent’s Shooting phase, just after an enemy unit has shot.¶TARGET: One WORLD EATERS RHINO model from your army that has one or more wounds remaining and was hit by one or more of the attacking unit’s attacks.¶EFFECT: One KHORNE BERZERKERS unit embarked within your model can make a disembark move and then make a surge move of up to D6+2"".¶RESTRICTION: A unit cannot be targeted by this Stratagem and the Unrelenting Advance Stratagem in the same phase."
000010087002|WE|000001045|Goretrack Onslaught|ENDLESS PURSUIT OF VIOLENCE|Strategic Ploy|1|Either player’s turn|Shooting or Fight phase|"WHEN: End of the Fight phase.¶TARGET: One World Eaters Infantry unit from your army and one friendly Transport that it is able to embark within.¶EFFECT: If your WORLD EATERS INFANTRY unit is wholly within 6"" of that TRANSPORT, it can embark within it."
000010079003|WE|000001043|Khorne Daemonkin|DAEMONIC FURY|Battle Tactic|1|Either player’s turn|Fight phase|"WHEN: Start of your Fight phase.¶TARGET: One Blood Legions unit from your army.¶EFFECT: Select one friendly World Eaters unit within 6"" of your unit. Until the end of the turn, melee weapons equipped by models in your WORLD EATERS unit have the [LANCE] ability. If the Daemonic Rage ability is active for your army, then until the end of the phase those melee weapons also have the [TWIN-LINKED] ability."
000010079005|WE|000001043|Khorne Daemonkin|BLESSING OF BURNING BLOOD|Battle Tactic|1|Either player’s turn|Shooting or Fight phase|"WHEN: Your opponent’s Shooting phase or the Fight phase, just after an enemy unit has selected its targets.¶TARGET: One Blood Legions unit from your army that is within 6"" of a friendly World Eaters unit that was selected as the target as one or more of the attacking unit’s attacks.¶EFFECT: Until the end of the phase, models in your WORLD EATERS unit have a 5+ invulnerable save. If the Boon of Blood ability is active for your army, then until the end of the phase, models in your WORLD EATERS unit have a 4+ invulnerable save."
000010079004|WE|000001043|Khorne Daemonkin|A WORTHY SKULL|Epic Deed|1|Either player’s turn|Fight phase|WHEN: Fight phase, just after a Blood Legions or World Eaters unit from your army has fought, and one or more enemy CHARACTER or MONSTER models were destroyed as a result of those attacks.¶TARGET: That BLOOD LEGIONS or WORLD EATERS unit.¶EFFECT: You gain D3BTP and you can then spend one or more BTP you have to activate one of the Blood Tithe abilities.
000010079006|WE|000001043|Khorne Daemonkin|DAEMONTIDE|Strategic Ploy|1|Your turn|Command phase|"WHEN: Your Command phase.¶TARGET: One World Eaters unit from your army.¶EFFECT: Select one friendly Blood Legions unit within 6"" of your unit. One destroyed Mounted model, up to D3 destroyed Beast models, or up to D6 destroyed Infantry models are returned to that BLOOD LEGIONS unit with their full wounds remaining.¶RESTRICTIONS: This Stratagem cannot be used to return destroyed Character models to Attached units."
000010079007|WE|000001043|Khorne Daemonkin|MURDER-CALL|Strategic Ploy|1|Opponent’s turn|Fight phase|WHEN: End of your opponent’s Fight phase.¶TARGET: One Blood Legions unit from your army that is on the battlefield and not within Engagement Range of one or more enemy units.¶EFFECT: Remove your unit from the battlefield and place it into Strategic Reserves.
000010079002|WE|000001043|Khorne Daemonkin|SUMMONED BY SLAUGHTER|Strategic Ploy|1|Either player’s turn|Any phase|"WHEN: Any phase, when the last model in a unit is destroyed, before removing it from play. (If that unit is a Transport, any units embarked within that TRANSPORT model must disembark first.)¶TARGET: One Bloodletters unit from your army that is in Reserves.¶EFFECT: Set your unit up anywhere on the battlefield wholly within 9"" of that destroyed model and more than 6"" horizontally away from all enemy units, then remove the destroyed model from play.¶RESTRICTIONS: You cannot use this Stratagem more than once per battle round."
000010083004|WE|000001044|Possessed Slaughterband|IMMORTAL FURY|Battle Tactic|2|Either player’s turn|Fight phase|WHEN: Fight phase, just after an enemy unit has selected its targets.¶TARGET: One World Eaters Possessed unit from your army that was selected as the target of one or more of the attacking unit’s attacks.¶EFFECT: Until the end of the phase, each time a model in your unit is destroyed, if that model has not fought this phase, do not remove it from play. The destroyed model can fight after the attacking model’s unit has finished making its attacks, and is then removed from play.
000010083002|WE|000001044|Possessed Slaughterband|DAEMONIC RESISTANCE|Battle Tactic|2|Either player’s turn|Shooting or Fight phase|WHEN: Your opponent’s Shooting phase or the Fight phase, just after an enemy unit has selected its targets.¶TARGET: One World Eaters Possessed unit from your army that was selected as the target of one or more of the attacking unit’s attacks.¶EFFECT: Until the end of the phase, each time an attack targets your unit, subtract 1 from the Wound roll.
000010083003|WE|000001044|Possessed Slaughterband|DAEMONIC STRENGTH|Battle Tactic|1|Either player’s turn|Fight phase|WHEN: Fight phase.¶TARGET: One World Eaters Possessed unit from your army that has not been selected to fight this phase.¶EFFECT: Until the end of the phase, each time an attack made by a model in your unit is allocated to an enemy model, if your unit has the Eightbound keyword and that enemy model is not a MONSTER or VEHICLE, add 1 to the Damage characteristic of that attack. If your unit has the Exalted Eightbound keyword and that enemy model is a MONSTER or VEHICLE, add 1 to the Damage characteristic of that attack instead.
000010083006|WE|000001044|Possessed Slaughterband|WARP STALKERS|Strategic Ploy|1|Your turn|Movement or Charge phase|WHEN: Your Movement phase or your Charge phase.¶TARGET: One World Eaters Possessed unit from your army that has not been selected to move or declare a charge this phase.¶EFFECT: Until the end of the phase, each time a model in your unit makes a Normal, Advance, Fall Back or Charge move, it can move through enemy models (excluding MONSTERS and VEHICLES). When doing so, it can move within Engagement Range of such models but, unless that move was a Charge move, it cannot end that move within Engagement Range of them, and any Desperate Escape test is automatically passed.
000010083007|WE|000001044|Possessed Slaughterband|HORRIFYING VIOLENCE|Strategic Ploy|1|Opponent’s turn|Command phase|WHEN: Your opponent’s Command phase.¶TARGET: One World Eaters Possessed unit from your army.¶EFFECT: Each enemy unit within Engagement Range of your unit must take a Battle-shock test, subtracting 1 from that test.
000010083005|WE|000001044|Possessed Slaughterband|RAPID MANIFESTATION|Strategic Ploy|1|Your turn|Movement phase|"WHEN: Your Movement phase.¶TARGET: One Exalted Eightbound unit from your army that is arriving using the Deep Strike ability this phase.¶EFFECT: Your unit can be set up anywhere on the battlefield that is more than 6"" horizontally away from all enemy units.¶RESTRICTIONS: A unit targeted with this Stratagem is not eligible to declare a charge in the same turn."
000009848004|WE|000001007|Vessels of Wrath|PUNISH THE CRAVEN||1|Opponent’s turn|Movement phase|WHEN: Your opponent’s Movement phase, when a unit is selected to make a fall-back move, if that unit is engaged with a friendly WORLD EATERS CHARACTER unit.¶TARGET: That WORLD EATERS CHARACTER unit.¶EFFECT: When an enemy unit engaged with your unit is selected to make a fall-back move, that enemy unit must use the desperate escape mode. If that enemy unit is battle-shocked, -1 from those hazard rolls.
000009848002|WE|000001007|Vessels of Wrath|SCORN THE WITCH||1|Either player’s turn|Any phase|WHEN: Any phase, when a friendly WORLD EATERS CHARACTER unit (excluding EPIC HERO units) suffers a mortal wound.¶TARGET: That WORLD EATERS CHARACTER unit.¶EFFECT: Your unit has Feel No Pain 4+ against mortal wounds.
000009848003|WE|000001007|Vessels of Wrath|ASPIRE TO INFAMY||1|Either player’s turn|Fight phase|WHEN: Fight phase, when a friendly WORLD EATERS CHARACTER unit (excluding EPIC HERO units) is selected to fight.¶TARGET: That WORLD EATERS CHARACTER unit.¶EFFECT: Your unit’s CHARACTER models’ melee attacks have:¶• +1 A.¶• +2 S.
